mtllib organic_rock.mtl
o OrganicArchLarge_HD
v -0.420000 -0.720000 -0.225352
v -0.419676 -0.703511 -0.229648
v -0.418705 -0.687047 -0.254658
v -0.417089 -0.670634 -0.253587
v -0.414829 -0.654298 -0.233415
v -0.411930 -0.638062 -0.242586
v -0.408395 -0.621953 -0.257624
v -0.404231 -0.605995 -0.238176
v -0.399444 -0.590213 -0.224923
v -0.394040 -0.574631 -0.258323
v -0.388029 -0.559273 -0.235667
v -0.381420 -0.544163 -0.229055
v -0.374223 -0.529324 -0.247261
v -0.366448 -0.514779 -0.252735
v -0.358109 -0.500551 -0.253298
v -0.349217 -0.486661 -0.246736
v -0.339787 -0.473130 -0.225772
v -0.329833 -0.459981 -0.248986
v -0.319371 -0.447232 -0.232314
v -0.308415 -0.434904 -0.235430
v -0.296985 -0.423015 -0.231366
v -0.285096 -0.411585 -0.241815
v -0.272768 -0.400629 -0.249294
v -0.260019 -0.390167 -0.240256
v -0.246870 -0.380213 -0.227119
v -0.233339 -0.370783 -0.232869
v -0.219449 -0.361891 -0.236658
v -0.205221 -0.353552 -0.249901
v -0.190676 -0.345777 -0.238960
v -0.175837 -0.338580 -0.241884
v -0.160727 -0.331971 -0.221171
v -0.145369 -0.325960 -0.245223
v -0.129787 -0.320556 -0.248858
v -0.114005 -0.315769 -0.224308
v -0.098047 -0.311605 -0.249858
v -0.081938 -0.308070 -0.227533
v -0.065702 -0.305171 -0.221449
v -0.049366 -0.302911 -0.245717
v -0.032953 -0.301295 -0.238765
v -0.016489 -0.300324 -0.225477
v 0.000000 -0.300000 -0.242102
v 0.016489 -0.300324 -0.252912
v 0.032953 -0.301295 -0.240151
v 0.049366 -0.302911 -0.221218
v 0.065702 -0.305171 -0.244257
v 0.081938 -0.308070 -0.253795
v 0.098047 -0.311605 -0.257088
v 0.114005 -0.315769 -0.221808
v 0.129787 -0.320556 -0.223014
v 0.145369 -0.325960 -0.237460
v 0.160727 -0.331971 -0.232187
v 0.175837 -0.338580 -0.252282
v 0.190676 -0.345777 -0.240556
v 0.205221 -0.353552 -0.249500
v 0.219449 -0.361891 -0.233974
v 0.233339 -0.370783 -0.231279
v 0.246870 -0.380213 -0.233067
v 0.260019 -0.390167 -0.251447
v 0.272768 -0.400629 -0.249714
v 0.285096 -0.411585 -0.234734
v 0.296985 -0.423015 -0.255082
v 0.308415 -0.434904 -0.226233
v 0.319371 -0.447232 -0.257485
v 0.329833 -0.459981 -0.258042
v 0.339787 -0.473130 -0.254243
v 0.349217 -0.486661 -0.221653
v 0.358109 -0.500551 -0.246517
v 0.366448 -0.514779 -0.223534
v 0.374223 -0.529324 -0.234311
v 0.381420 -0.544163 -0.238962
v 0.388029 -0.559273 -0.258360
v 0.394040 -0.574631 -0.223329
v 0.399444 -0.590213 -0.238403
v 0.404231 -0.605995 -0.258206
v 0.408395 -0.621953 -0.244253
v 0.411930 -0.638062 -0.253286
v 0.414829 -0.654298 -0.235944
v 0.417089 -0.670634 -0.243968
v 0.418705 -0.687047 -0.253106
v 0.419676 -0.703511 -0.241862
v 0.420000 -0.720000 -0.252208
v -0.465000 -0.720000 -0.244286
v -0.464642 -0.701744 -0.255831
v -0.463567 -0.683517 -0.248850
v -0.461777 -0.665345 -0.227801
v -0.459275 -0.647258 -0.248769
v -0.456065 -0.629283 -0.239056
v -0.452152 -0.611448 -0.238633
v -0.447542 -0.593780 -0.230394
v -0.442241 -0.576307 -0.252921
v -0.436259 -0.559056 -0.221213
v -0.429604 -0.542052 -0.245362
v -0.422287 -0.525323 -0.245418
v -0.414318 -0.508894 -0.247877
v -0.405711 -0.492791 -0.255237
v -0.396478 -0.477038 -0.258341
v -0.386633 -0.461660 -0.227345
v -0.376193 -0.446680 -0.225664
v -0.365172 -0.432121 -0.227221
v -0.353589 -0.418007 -0.226991
v -0.341460 -0.404358 -0.247469
v -0.328805 -0.391195 -0.246305
v -0.315642 -0.378540 -0.244560
v -0.301993 -0.366411 -0.249657
v -0.287879 -0.354828 -0.244961
v -0.273320 -0.343807 -0.234092
v -0.258340 -0.333367 -0.249466
v -0.242962 -0.323522 -0.220196
v -0.227209 -0.314289 -0.235195
v -0.211106 -0.305682 -0.224912
v -0.194677 -0.297713 -0.247777
v -0.177948 -0.290396 -0.226868
v -0.160944 -0.283741 -0.255738
v -0.143693 -0.277759 -0.231879
v -0.126220 -0.272458 -0.241140
v -0.108552 -0.267848 -0.223547
v -0.090717 -0.263935 -0.227095
v -0.072742 -0.260725 -0.252519
v -0.054655 -0.258223 -0.227366
v -0.036483 -0.256433 -0.227027
v -0.018256 -0.255358 -0.250579
v 0.000000 -0.255000 -0.244468
v 0.018256 -0.255358 -0.229997
v 0.036483 -0.256433 -0.239703
v 0.054655 -0.258223 -0.240335
v 0.072742 -0.260725 -0.247398
v 0.090717 -0.263935 -0.230366
v 0.108552 -0.267848 -0.258768
v 0.126220 -0.272458 -0.239330
v 0.143693 -0.277759 -0.251053
v 0.160944 -0.283741 -0.235576
v 0.177948 -0.290396 -0.257972
v 0.194677 -0.297713 -0.229575
v 0.211106 -0.305682 -0.226715
v 0.227209 -0.314289 -0.220443
v 0.242962 -0.323522 -0.238098
v 0.258340 -0.333367 -0.223889
v 0.273320 -0.343807 -0.254638
v 0.287879 -0.354828 -0.220661
v 0.301993 -0.366411 -0.240520
v 0.315642 -0.378540 -0.245440
v 0.328805 -0.391195 -0.227641
v 0.341460 -0.404358 -0.223965
v 0.353589 -0.418007 -0.235953
v 0.365172 -0.432121 -0.242145
v 0.376193 -0.446680 -0.255557
v 0.386633 -0.461660 -0.223440
v 0.396478 -0.477038 -0.251917
v 0.405711 -0.492791 -0.224260
v 0.414318 -0.508894 -0.235402
v 0.422287 -0.525323 -0.256368
v 0.429604 -0.542052 -0.240899
v 0.436259 -0.559056 -0.242688
v 0.442241 -0.576307 -0.241357
v 0.447542 -0.593780 -0.257351
v 0.452152 -0.611448 -0.229297
v 0.456065 -0.629283 -0.221024
v 0.459275 -0.647258 -0.256157
v 0.461777 -0.665345 -0.237681
v 0.463567 -0.683517 -0.256527
v 0.464642 -0.701744 -0.222115
v 0.465000 -0.720000 -0.236558
v -0.510000 -0.720000 -0.257556
v -0.509607 -0.699977 -0.254582
v -0.508428 -0.679986 -0.251151
v -0.506465 -0.660056 -0.247104
v -0.503721 -0.640218 -0.256788
v -0.500200 -0.620504 -0.248705
v -0.495909 -0.600943 -0.253462
v -0.490852 -0.581565 -0.252826
v -0.485039 -0.562401 -0.229816
v -0.478478 -0.543480 -0.259625
v -0.471179 -0.524831 -0.245401
v -0.463153 -0.506484 -0.251360
v -0.454413 -0.488465 -0.248228
v -0.444973 -0.470803 -0.253926
v -0.434846 -0.453526 -0.233748
v -0.424050 -0.436659 -0.256680
v -0.412599 -0.420230 -0.223655
v -0.400512 -0.404262 -0.254819
v -0.387807 -0.388781 -0.250711
v -0.374504 -0.373812 -0.259400
v -0.360624 -0.359376 -0.257249
v -0.346188 -0.345496 -0.246525
v -0.331219 -0.332193 -0.246407
v -0.315738 -0.319488 -0.255827
v -0.299770 -0.307401 -0.232719
v -0.283341 -0.295950 -0.252313
v -0.266474 -0.285154 -0.237527
v -0.249197 -0.275027 -0.256481
v -0.231535 -0.265587 -0.250780
v -0.213516 -0.256847 -0.246352
v -0.195169 -0.248821 -0.229820
v -0.176520 -0.241522 -0.242163
v -0.157599 -0.234961 -0.222031
v -0.138435 -0.229148 -0.250075
v -0.119057 -0.224091 -0.234722
v -0.099496 -0.219800 -0.220052
v -0.079782 -0.216279 -0.233291
v -0.059944 -0.213535 -0.255278
v -0.040014 -0.211572 -0.234415
v -0.020023 -0.210393 -0.221690
v 0.000000 -0.210000 -0.256037
v 0.020023 -0.210393 -0.229625
v 0.040014 -0.211572 -0.229319
v 0.059944 -0.213535 -0.256304
v 0.079782 -0.216279 -0.223672
v 0.099496 -0.219800 -0.221239
v 0.119057 -0.224091 -0.238217
v 0.138435 -0.229148 -0.240951
v 0.157599 -0.234961 -0.226834
v 0.176520 -0.241522 -0.255598
v 0.195169 -0.248821 -0.237025
v 0.213516 -0.256847 -0.224134
v 0.231535 -0.265587 -0.224618
v 0.249197 -0.275027 -0.241255
v 0.266474 -0.285154 -0.239776
v 0.283341 -0.295950 -0.247932
v 0.299770 -0.307401 -0.244755
v 0.315738 -0.319488 -0.249834
v 0.331219 -0.332193 -0.251491
v 0.346188 -0.345496 -0.248510
v 0.360624 -0.359376 -0.239777
v 0.374504 -0.373812 -0.242348
v 0.387807 -0.388781 -0.238048
v 0.400512 -0.404262 -0.258653
v 0.412599 -0.420230 -0.236389
v 0.424050 -0.436659 -0.255199
v 0.434846 -0.453526 -0.255303
v 0.444973 -0.470803 -0.230961
v 0.454413 -0.488465 -0.234439
v 0.463153 -0.506484 -0.226385
v 0.471179 -0.524831 -0.258980
v 0.478478 -0.543480 -0.245546
v 0.485039 -0.562401 -0.239669
v 0.490852 -0.581565 -0.221048
v 0.495909 -0.600943 -0.227701
v 0.500200 -0.620504 -0.224388
v 0.503721 -0.640218 -0.239662
v 0.506465 -0.660056 -0.256089
v 0.508428 -0.679986 -0.259683
v 0.509607 -0.699977 -0.256034
v 0.510000 -0.720000 -0.229795
v -0.555000 -0.720000 -0.259054
v -0.554572 -0.698211 -0.237498
v -0.553289 -0.676455 -0.240699
v -0.551153 -0.654767 -0.236459
v -0.548167 -0.633179 -0.238966
v -0.544336 -0.611725 -0.245777
v -0.539665 -0.590438 -0.256622
v -0.534163 -0.569351 -0.250002
v -0.527836 -0.548496 -0.228662
v -0.520696 -0.527905 -0.221222
v -0.512753 -0.507611 -0.246398
v -0.504019 -0.487644 -0.246200
v -0.494509 -0.468035 -0.236936
v -0.484235 -0.448815 -0.241641
v -0.473215 -0.430013 -0.227798
v -0.461466 -0.411659 -0.231201
v -0.449004 -0.393779 -0.225016
v -0.435851 -0.376403 -0.236297
v -0.422025 -0.359556 -0.240804
v -0.407549 -0.343266 -0.226178
v -0.392444 -0.327556 -0.246141
v -0.376734 -0.312451 -0.237411
v -0.360444 -0.297975 -0.246029
v -0.343597 -0.284149 -0.245494
v -0.326221 -0.270996 -0.225774
v -0.308341 -0.258534 -0.231888
v -0.289987 -0.246785 -0.240119
v -0.271185 -0.235765 -0.238640
v -0.251965 -0.225491 -0.250578
v -0.232356 -0.215981 -0.243532
v -0.212389 -0.207247 -0.257720
v -0.192095 -0.199304 -0.224750
v -0.171504 -0.192164 -0.254375
v -0.150649 -0.185837 -0.230256
v -0.129562 -0.180335 -0.229831
v -0.108275 -0.175664 -0.252034
v -0.086821 -0.171833 -0.258699
v -0.065233 -0.168847 -0.255659
v -0.043545 -0.166711 -0.252966
v -0.021789 -0.165428 -0.248603
v 0.000000 -0.165000 -0.238246
v 0.021789 -0.165428 -0.223617
v 0.043545 -0.166711 -0.255899
v 0.065233 -0.168847 -0.220114
v 0.086821 -0.171833 -0.236051
v 0.108275 -0.175664 -0.221237
v 0.129562 -0.180335 -0.251590
v 0.150649 -0.185837 -0.249997
v 0.171504 -0.192164 -0.235469
v 0.192095 -0.199304 -0.234996
v 0.212389 -0.207247 -0.258921
v 0.232356 -0.215981 -0.229244
v 0.251965 -0.225491 -0.222093
v 0.271185 -0.235765 -0.229915
v 0.289987 -0.246785 -0.248913
v 0.308341 -0.258534 -0.231611
v 0.326221 -0.270996 -0.237788
v 0.343597 -0.284149 -0.244437
v 0.360444 -0.297975 -0.236877
v 0.376734 -0.312451 -0.256955
v 0.392444 -0.327556 -0.231861
v 0.407549 -0.343266 -0.246316
v 0.422025 -0.359556 -0.243997
v 0.435851 -0.376403 -0.240417
v 0.449004 -0.393779 -0.230950
v 0.461466 -0.411659 -0.222518
v 0.473215 -0.430013 -0.251212
v 0.484235 -0.448815 -0.251913
v 0.494509 -0.468035 -0.241237
v 0.504019 -0.487644 -0.226823
v 0.512753 -0.507611 -0.220325
v 0.520696 -0.527905 -0.225241
v 0.527836 -0.548496 -0.243077
v 0.534163 -0.569351 -0.246900
v 0.539665 -0.590438 -0.244561
v 0.544336 -0.611725 -0.246557
v 0.548167 -0.633179 -0.242463
v 0.551153 -0.654767 -0.253993
v 0.553289 -0.676455 -0.245673
v 0.554572 -0.698211 -0.254770
v 0.555000 -0.720000 -0.238878
v -0.600000 -0.720000 -0.242415
v -0.599537 -0.696444 -0.255273
v -0.598150 -0.672925 -0.235873
v -0.595841 -0.649478 -0.240880
v -0.592613 -0.626139 -0.257613
v -0.588471 -0.602946 -0.245382
v -0.583422 -0.579933 -0.242780
v -0.577473 -0.557136 -0.245767
v -0.570634 -0.534590 -0.241581
v -0.562915 -0.512330 -0.233312
v -0.554328 -0.490390 -0.259496
v -0.544886 -0.468804 -0.230205
v -0.534604 -0.447606 -0.243160
v -0.523498 -0.426827 -0.250877
v -0.511584 -0.406501 -0.247842
v -0.498882 -0.386658 -0.246676
v -0.485410 -0.367329 -0.235168
v -0.471190 -0.348544 -0.237034
v -0.456244 -0.330331 -0.255425
v -0.440594 -0.312720 -0.222821
v -0.424264 -0.295736 -0.234173
v -0.407280 -0.279406 -0.246013
v -0.389669 -0.263756 -0.254737
v -0.371456 -0.248810 -0.227208
v -0.352671 -0.234590 -0.256980
v -0.333342 -0.221118 -0.259127
v -0.313499 -0.208416 -0.259011
v -0.293173 -0.196502 -0.225610
v -0.272394 -0.185396 -0.237692
v -0.251196 -0.175114 -0.245476
v -0.229610 -0.165672 -0.259160
v -0.207670 -0.157085 -0.224519
v -0.185410 -0.149366 -0.243940
v -0.162864 -0.142527 -0.240019
v -0.140067 -0.136578 -0.234449
v -0.117054 -0.131529 -0.248497
v -0.093861 -0.127387 -0.224352
v -0.070522 -0.124159 -0.235649
v -0.047075 -0.121850 -0.235095
v -0.023556 -0.120463 -0.240596
v 0.000000 -0.120000 -0.231581
v 0.023556 -0.120463 -0.223240
v 0.047075 -0.121850 -0.246675
v 0.070522 -0.124159 -0.243677
v 0.093861 -0.127387 -0.228221
v 0.117054 -0.131529 -0.225060
v 0.140067 -0.136578 -0.234190
v 0.162864 -0.142527 -0.248966
v 0.185410 -0.149366 -0.241988
v 0.207670 -0.157085 -0.231982
v 0.229610 -0.165672 -0.254150
v 0.251196 -0.175114 -0.238480
v 0.272394 -0.185396 -0.246374
v 0.293173 -0.196502 -0.223452
v 0.313499 -0.208416 -0.234934
v 0.333342 -0.221118 -0.223546
v 0.352671 -0.234590 -0.229052
v 0.371456 -0.248810 -0.230585
v 0.389669 -0.263756 -0.230707
v 0.407280 -0.279406 -0.242895
v 0.424264 -0.295736 -0.223480
v 0.440594 -0.312720 -0.240814
v 0.456244 -0.330331 -0.234826
v 0.471190 -0.348544 -0.241173
v 0.485410 -0.367329 -0.233647
v 0.498882 -0.386658 -0.230323
v 0.511584 -0.406501 -0.233247
v 0.523498 -0.426827 -0.254998
v 0.534604 -0.447606 -0.226109
v 0.544886 -0.468804 -0.256441
v 0.554328 -0.490390 -0.233229
v 0.562915 -0.512330 -0.254805
v 0.570634 -0.534590 -0.220399
v 0.577473 -0.557136 -0.231785
v 0.583422 -0.579933 -0.245076
v 0.588471 -0.602946 -0.231554
v 0.592613 -0.626139 -0.241406
v 0.595841 -0.649478 -0.226301
v 0.598150 -0.672925 -0.236873
v 0.599537 -0.696444 -0.248559
v 0.600000 -0.720000 -0.230459
v -0.645000 -0.720000 -0.240992
v -0.644503 -0.694677 -0.237689
v -0.643012 -0.669394 -0.254312
v -0.640529 -0.644188 -0.225457
v -0.637059 -0.619100 -0.255868
v -0.632607 -0.594167 -0.223481
v -0.627179 -0.569428 -0.246733
v -0.620784 -0.544921 -0.223255
v -0.613431 -0.520684 -0.259772
v -0.605133 -0.496754 -0.222867
v -0.595902 -0.473169 -0.256387
v -0.585752 -0.449964 -0.244599
v -0.574699 -0.427176 -0.256578
v -0.562760 -0.404839 -0.233760
v -0.549953 -0.382988 -0.220298
v -0.536298 -0.361657 -0.238188
v -0.521816 -0.340879 -0.259698
v -0.506529 -0.320684 -0.243280
v -0.490462 -0.301106 -0.233535
v -0.473638 -0.282174 -0.244385
v -0.456084 -0.263916 -0.241774
v -0.437826 -0.246362 -0.220228
v -0.418894 -0.229538 -0.238506
v -0.399316 -0.213471 -0.254841
v -0.379121 -0.198184 -0.251006
v -0.358343 -0.183702 -0.245405
v -0.337012 -0.170047 -0.244787
v -0.315161 -0.157240 -0.220380
v -0.292824 -0.145301 -0.224899
v -0.270036 -0.134248 -0.258605
v -0.246831 -0.124098 -0.223634
v -0.223246 -0.114867 -0.223245
v -0.199316 -0.106569 -0.225697
v -0.175079 -0.099216 -0.256885
v -0.150572 -0.092821 -0.233290
v -0.125833 -0.087393 -0.254743
v -0.100900 -0.082941 -0.226552
v -0.075812 -0.079471 -0.243319
v -0.050606 -0.076988 -0.253565
v -0.025323 -0.075497 -0.226415
v 0.000000 -0.075000 -0.235574
v 0.025323 -0.075497 -0.239224
v 0.050606 -0.076988 -0.249224
v 0.075812 -0.079471 -0.239836
v 0.100900 -0.082941 -0.224557
v 0.125833 -0.087393 -0.227256
v 0.150572 -0.092821 -0.240460
v 0.175079 -0.099216 -0.259535
v 0.199316 -0.106569 -0.251362
v 0.223246 -0.114867 -0.225520
v 0.246831 -0.124098 -0.234103
v 0.270036 -0.134248 -0.245677
v 0.292824 -0.145301 -0.244088
v 0.315161 -0.157240 -0.257946
v 0.337012 -0.170047 -0.246808
v 0.358343 -0.183702 -0.232790
v 0.379121 -0.198184 -0.254806
v 0.399316 -0.213471 -0.235023
v 0.418894 -0.229538 -0.226770
v 0.437826 -0.246362 -0.257552
v 0.456084 -0.263916 -0.233455
v 0.473638 -0.282174 -0.230821
v 0.490462 -0.301106 -0.232365
v 0.506529 -0.320684 -0.235523
v 0.521816 -0.340879 -0.239059
v 0.536298 -0.361657 -0.222864
v 0.549953 -0.382988 -0.234072
v 0.562760 -0.404839 -0.247730
v 0.574699 -0.427176 -0.239884
v 0.585752 -0.449964 -0.234952
v 0.595902 -0.473169 -0.246538
v 0.605133 -0.496754 -0.246938
v 0.613431 -0.520684 -0.259532
v 0.620784 -0.544921 -0.231872
v 0.627179 -0.569428 -0.234578
v 0.632607 -0.594167 -0.244251
v 0.637059 -0.619100 -0.254165
v 0.640529 -0.644188 -0.247997
v 0.643012 -0.669394 -0.254917
v 0.644503 -0.694677 -0.226724
v 0.645000 -0.720000 -0.250907
v -0.690000 -0.720000 -0.247834
v -0.689468 -0.692911 -0.233612
v -0.687873 -0.665863 -0.232930
v -0.685217 -0.638899 -0.235387
v -0.681505 -0.612060 -0.257709
v -0.676742 -0.585388 -0.236881
v -0.670935 -0.558923 -0.223384
v -0.664094 -0.532706 -0.244877
v -0.656229 -0.506778 -0.233513
v -0.647352 -0.481179 -0.236555
v -0.637477 -0.455948 -0.249340
v -0.626619 -0.431125 -0.251553
v -0.614795 -0.406747 -0.227365
v -0.602022 -0.382851 -0.222021
v -0.588322 -0.359476 -0.230644
v -0.573714 -0.336657 -0.220163
v -0.558222 -0.314428 -0.224392
v -0.541869 -0.292825 -0.242166
v -0.524680 -0.271881 -0.234888
v -0.506683 -0.251627 -0.245936
v -0.487904 -0.232096 -0.248588
v -0.468373 -0.213317 -0.227062
v -0.448119 -0.195320 -0.243092
v -0.427175 -0.178131 -0.222908
v -0.405572 -0.161778 -0.253462
v -0.383343 -0.146286 -0.222510
v -0.360524 -0.131678 -0.227552
v -0.337149 -0.117978 -0.224992
v -0.313253 -0.105205 -0.224385
v -0.288875 -0.093381 -0.249626
v -0.264052 -0.082523 -0.221549
v -0.238821 -0.072648 -0.243443
v -0.213222 -0.063771 -0.234535
v -0.187294 -0.055906 -0.257540
v -0.161077 -0.049065 -0.250213
v -0.134612 -0.043258 -0.235953
v -0.107940 -0.038495 -0.242314
v -0.081101 -0.034783 -0.247660
v -0.054137 -0.032127 -0.221469
v -0.027089 -0.030532 -0.234248
v 0.000000 -0.030000 -0.248806
v 0.027089 -0.030532 -0.241786
v 0.054137 -0.032127 -0.231504
v 0.081101 -0.034783 -0.242368
v 0.107940 -0.038495 -0.250114
v 0.134612 -0.043258 -0.222196
v 0.161077 -0.049065 -0.243966
v 0.187294 -0.055906 -0.222577
v 0.213222 -0.063771 -0.228532
v 0.238821 -0.072648 -0.235345
v 0.264052 -0.082523 -0.251069
v 0.288875 -0.093381 -0.244909
v 0.313253 -0.105205 -0.241230
v 0.337149 -0.117978 -0.248532
v 0.360524 -0.131678 -0.253074
v 0.383343 -0.146286 -0.228857
v 0.405572 -0.161778 -0.232257
v 0.427175 -0.178131 -0.245097
v 0.448119 -0.195320 -0.258589
v 0.468373 -0.213317 -0.231244
v 0.487904 -0.232096 -0.239857
v 0.506683 -0.251627 -0.221381
v 0.524680 -0.271881 -0.259267
v 0.541869 -0.292825 -0.238935
v 0.558222 -0.314428 -0.241910
v 0.573714 -0.336657 -0.223690
v 0.588322 -0.359476 -0.245426
v 0.602022 -0.382851 -0.237272
v 0.614795 -0.406747 -0.253933
v 0.626619 -0.431125 -0.243021
v 0.637477 -0.455948 -0.249631
v 0.647352 -0.481179 -0.233985
v 0.656229 -0.506778 -0.247439
v 0.664094 -0.532706 -0.222644
v 0.670935 -0.558923 -0.258552
v 0.676742 -0.585388 -0.230390
v 0.681505 -0.612060 -0.259231
v 0.685217 -0.638899 -0.234119
v 0.687873 -0.665863 -0.240682
v 0.689468 -0.692911 -0.257685
v 0.690000 -0.720000 -0.226334
v -0.735000 -0.720000 -0.255657
v -0.734433 -0.691144 -0.250981
v -0.732734 -0.662333 -0.227930
v -0.729905 -0.633610 -0.235992
v -0.725951 -0.605021 -0.247970
v -0.720877 -0.576609 -0.223215
v -0.714692 -0.548418 -0.247714
v -0.707405 -0.520491 -0.252306
v -0.699027 -0.492873 -0.232172
v -0.689571 -0.465604 -0.240758
v -0.679051 -0.438728 -0.251215
v -0.667485 -0.412285 -0.254190
v -0.654890 -0.386317 -0.226170
v -0.641285 -0.360863 -0.246974
v -0.626691 -0.335964 -0.243418
v -0.611130 -0.311656 -0.246385
v -0.594627 -0.287978 -0.255256
v -0.577208 -0.264966 -0.221714
v -0.558898 -0.242656 -0.240021
v -0.539727 -0.221081 -0.222525
v -0.519723 -0.200277 -0.233464
v -0.498919 -0.180273 -0.252643
v -0.477344 -0.161102 -0.234057
v -0.455034 -0.142792 -0.226590
v -0.432022 -0.125373 -0.230895
v -0.408344 -0.108870 -0.222619
v -0.384036 -0.093309 -0.236913
v -0.359137 -0.078715 -0.240532
v -0.333683 -0.065110 -0.247764
v -0.307715 -0.052515 -0.225560
v -0.281272 -0.040949 -0.244233
v -0.254396 -0.030429 -0.228347
v -0.227127 -0.020973 -0.225236
v -0.199509 -0.012595 -0.257830
v -0.171582 -0.005308 -0.228242
v -0.143391 0.000877 -0.237204
v -0.114979 0.005951 -0.249378
v -0.086390 0.009905 -0.258585
v -0.057667 0.012734 -0.252200
v -0.028856 0.014433 -0.251706
v 0.000000 0.015000 -0.228908
v 0.028856 0.014433 -0.240652
v 0.057667 0.012734 -0.241866
v 0.086390 0.009905 -0.245988
v 0.114979 0.005951 -0.250601
v 0.143391 0.000877 -0.244054
v 0.171582 -0.005308 -0.257394
v 0.199509 -0.012595 -0.238173
v 0.227127 -0.020973 -0.258432
v 0.254396 -0.030429 -0.241976
v 0.281272 -0.040949 -0.238226
v 0.307715 -0.052515 -0.230462
v 0.333683 -0.065110 -0.223147
v 0.359137 -0.078715 -0.229406
v 0.384036 -0.093309 -0.221861
v 0.408344 -0.108870 -0.221744
v 0.432022 -0.125373 -0.239564
v 0.455034 -0.142792 -0.248743
v 0.477344 -0.161102 -0.239391
v 0.498919 -0.180273 -0.253371
v 0.519723 -0.200277 -0.220020
v 0.539727 -0.221081 -0.257625
v 0.558898 -0.242656 -0.259018
v 0.577208 -0.264966 -0.227721
v 0.594627 -0.287978 -0.237045
v 0.611130 -0.311656 -0.255639
v 0.626691 -0.335964 -0.258125
v 0.641285 -0.360863 -0.230469
v 0.654890 -0.386317 -0.240185
v 0.667485 -0.412285 -0.242265
v 0.679051 -0.438728 -0.232395
v 0.689571 -0.465604 -0.247909
v 0.699027 -0.492873 -0.230148
v 0.707405 -0.520491 -0.258909
v 0.714692 -0.548418 -0.242666
v 0.720877 -0.576609 -0.256583
v 0.725951 -0.605021 -0.235897
v 0.729905 -0.633610 -0.259728
v 0.732734 -0.662333 -0.254272
v 0.734433 -0.691144 -0.248969
v 0.735000 -0.720000 -0.242622
v -0.780000 -0.720000 -0.256823
v -0.779399 -0.689377 -0.256805
v -0.777596 -0.658802 -0.254827
v -0.774593 -0.628321 -0.232750
v -0.770397 -0.597981 -0.252347
v -0.765013 -0.567830 -0.240935
v -0.758449 -0.537913 -0.234758
v -0.750715 -0.508276 -0.226454
v -0.741824 -0.478967 -0.244214
v -0.731789 -0.450029 -0.241600
v -0.720626 -0.421507 -0.235484
v -0.708352 -0.393445 -0.256580
v -0.694985 -0.365887 -0.244091
v -0.680547 -0.338875 -0.259492
v -0.665059 -0.312451 -0.222209
v -0.648546 -0.286655 -0.250012
v -0.631033 -0.261528 -0.238541
v -0.612547 -0.237107 -0.250844
v -0.593117 -0.213431 -0.230233
v -0.572772 -0.190535 -0.249164
v -0.551543 -0.168457 -0.254442
v -0.529465 -0.147228 -0.242228
v -0.506569 -0.126883 -0.256800
v -0.482893 -0.107453 -0.241747
v -0.458472 -0.088967 -0.230789
v -0.433345 -0.071454 -0.238277
v -0.407549 -0.054941 -0.221956
v -0.381125 -0.039453 -0.227136
v -0.354113 -0.025015 -0.226104
v -0.326555 -0.011648 -0.233760
v -0.298493 0.000626 -0.243938
v -0.269971 0.011789 -0.241899
v -0.241033 0.021824 -0.232446
v -0.211724 0.030715 -0.232742
v -0.182087 0.038449 -0.229570
v -0.152170 0.045013 -0.223503
v -0.122019 0.050397 -0.226230
v -0.091679 0.054593 -0.246914
v -0.061198 0.057596 -0.259432
v -0.030623 0.059399 -0.225803
v 0.000000 0.060000 -0.252558
v 0.030623 0.059399 -0.245077
v 0.061198 0.057596 -0.249086
v 0.091679 0.054593 -0.246359
v 0.122019 0.050397 -0.252366
v 0.152170 0.045013 -0.246772
v 0.182087 0.038449 -0.252536
v 0.211724 0.030715 -0.245629
v 0.241033 0.021824 -0.226018
v 0.269971 0.011789 -0.226730
v 0.298493 0.000626 -0.249627
v 0.326555 -0.011648 -0.236810
v 0.354113 -0.025015 -0.254522
v 0.381125 -0.039453 -0.233824
v 0.407549 -0.054941 -0.240913
v 0.433345 -0.071454 -0.221949
v 0.458472 -0.088967 -0.235835
v 0.482893 -0.107453 -0.234460
v 0.506569 -0.126883 -0.242091
v 0.529465 -0.147228 -0.252415
v 0.551543 -0.168457 -0.230561
v 0.572772 -0.190535 -0.224799
v 0.593117 -0.213431 -0.255951
v 0.612547 -0.237107 -0.259032
v 0.631033 -0.261528 -0.259401
v 0.648546 -0.286655 -0.220816
v 0.665059 -0.312451 -0.222067
v 0.680547 -0.338875 -0.233865
v 0.694985 -0.365887 -0.251150
v 0.708352 -0.393445 -0.235252
v 0.720626 -0.421507 -0.225203
v 0.731789 -0.450029 -0.240271
v 0.741824 -0.478967 -0.252746
v 0.750715 -0.508276 -0.234823
v 0.758449 -0.537913 -0.232794
v 0.765013 -0.567830 -0.230332
v 0.770397 -0.597981 -0.244244
v 0.774593 -0.628321 -0.239888
v 0.777596 -0.658802 -0.235003
v 0.779399 -0.689377 -0.227215
v 0.780000 -0.720000 -0.225442
v -0.825000 -0.720000 -0.243316
v -0.824364 -0.687611 -0.257159
v -0.822457 -0.655271 -0.248461
v -0.819281 -0.623032 -0.231320
v -0.814843 -0.590942 -0.257413
v -0.809148 -0.559050 -0.229294
v -0.802205 -0.527408 -0.259578
v -0.794026 -0.496062 -0.227463
v -0.784622 -0.465061 -0.257207
v -0.774008 -0.434453 -0.244973
v -0.762201 -0.404286 -0.256253
v -0.749218 -0.374606 -0.223737
v -0.735080 -0.345458 -0.232659
v -0.719809 -0.316887 -0.249987
v -0.703428 -0.288939 -0.249659
v -0.685962 -0.261655 -0.243602
v -0.667439 -0.235077 -0.220771
v -0.647886 -0.209247 -0.239385
v -0.627335 -0.184205 -0.227570
v -0.605816 -0.159989 -0.240796
v -0.583363 -0.136637 -0.248736
v -0.560011 -0.114184 -0.220217
v -0.535795 -0.092665 -0.236573
v -0.510753 -0.072114 -0.244943
v -0.484923 -0.052561 -0.221552
v -0.458345 -0.034038 -0.222372
v -0.431061 -0.016572 -0.251225
v -0.403113 -0.000191 -0.223990
v -0.374542 0.015080 -0.249945
v -0.345394 0.029218 -0.241942
v -0.315714 0.042201 -0.253848
v -0.285547 0.054008 -0.228725
v -0.254939 0.064622 -0.250651
v -0.223938 0.074026 -0.236399
v -0.192592 0.082205 -0.235579
v -0.160950 0.089148 -0.239807
v -0.129058 0.094843 -0.232115
v -0.096968 0.099281 -0.224369
v -0.064729 0.102457 -0.237091
v -0.032389 0.104364 -0.222938
v 0.000000 0.105000 -0.235492
v 0.032389 0.104364 -0.223870
v 0.064729 0.102457 -0.222385
v 0.096968 0.099281 -0.240085
v 0.129058 0.094843 -0.242377
v 0.160950 0.089148 -0.224045
v 0.192592 0.082205 -0.240284
v 0.223938 0.074026 -0.223487
v 0.254939 0.064622 -0.256289
v 0.285547 0.054008 -0.251739
v 0.315714 0.042201 -0.220194
v 0.345394 0.029218 -0.258587
v 0.374542 0.015080 -0.239346
v 0.403113 -0.000191 -0.254111
v 0.431061 -0.016572 -0.237612
v 0.458345 -0.034038 -0.240497
v 0.484923 -0.052561 -0.221132
v 0.510753 -0.072114 -0.231292
v 0.535795 -0.092665 -0.259259
v 0.560011 -0.114184 -0.235931
v 0.583363 -0.136637 -0.247395
v 0.605816 -0.159989 -0.248287
v 0.627335 -0.184205 -0.235257
v 0.647886 -0.209247 -0.230845
v 0.667439 -0.235077 -0.223985
v 0.685962 -0.261655 -0.220579
v 0.703428 -0.288939 -0.246244
v 0.719809 -0.316887 -0.253735
v 0.735080 -0.345458 -0.259941
v 0.749218 -0.374606 -0.225497
v 0.762201 -0.404286 -0.258895
v 0.774008 -0.434453 -0.242206
v 0.784622 -0.465061 -0.239379
v 0.794026 -0.496062 -0.243907
v 0.802205 -0.527408 -0.235040
v 0.809148 -0.559050 -0.220030
v 0.814843 -0.590942 -0.225126
v 0.819281 -0.623032 -0.249638
v 0.822457 -0.655271 -0.241389
v 0.824364 -0.687611 -0.258189
v 0.825000 -0.720000 -0.220287
v -0.870000 -0.720000 -0.246715
v -0.869329 -0.685844 -0.257177
v -0.867318 -0.651741 -0.223021
v -0.863970 -0.617742 -0.237563
v -0.859289 -0.583902 -0.250624
v -0.853283 -0.550271 -0.248337
v -0.845962 -0.516903 -0.237238
v -0.837336 -0.483847 -0.234689
v -0.827419 -0.451155 -0.257836
v -0.816226 -0.418878 -0.256559
v -0.803775 -0.387065 -0.248279
v -0.790085 -0.355766 -0.241616
v -0.775176 -0.325028 -0.223805
v -0.759072 -0.294900 -0.248386
v -0.741797 -0.265426 -0.247458
v -0.723379 -0.236654 -0.239130
v -0.703845 -0.208627 -0.248766
v -0.683226 -0.181388 -0.258081
v -0.661553 -0.154980 -0.254814
v -0.638861 -0.129443 -0.232276
v -0.615183 -0.104817 -0.232728
v -0.590557 -0.081139 -0.250162
v -0.565020 -0.058447 -0.258518
v -0.538612 -0.036774 -0.253453
v -0.511373 -0.016155 -0.252515
v -0.483346 0.003379 -0.248109
v -0.454574 0.021797 -0.232698
v -0.425100 0.039072 -0.229324
v -0.394972 0.055176 -0.249321
v -0.364234 0.070085 -0.258205
v -0.332935 0.083775 -0.228084
v -0.301122 0.096226 -0.254121
v -0.268845 0.107419 -0.234154
v -0.236153 0.117336 -0.242046
v -0.203097 0.125962 -0.226849
v -0.169729 0.133283 -0.251050
v -0.136098 0.139289 -0.247052
v -0.102258 0.143970 -0.243566
v -0.068259 0.147318 -0.259331
v -0.034156 0.149329 -0.228870
v 0.000000 0.150000 -0.252500
v 0.034156 0.149329 -0.225418
v 0.068259 0.147318 -0.251450
v 0.102258 0.143970 -0.224723
v 0.136098 0.139289 -0.248199
v 0.169729 0.133283 -0.249291
v 0.203097 0.125962 -0.230618
v 0.236153 0.117336 -0.229547
v 0.268845 0.107419 -0.234319
v 0.301122 0.096226 -0.259959
v 0.332935 0.083775 -0.245704
v 0.364234 0.070085 -0.250565
v 0.394972 0.055176 -0.240912
v 0.425100 0.039072 -0.241666
v 0.454574 0.021797 -0.259003
v 0.483346 0.003379 -0.248962
v 0.511373 -0.016155 -0.236470
v 0.538612 -0.036774 -0.228807
v 0.565020 -0.058447 -0.243105
v 0.590557 -0.081139 -0.250540
v 0.615183 -0.104817 -0.245755
v 0.638861 -0.129443 -0.253638
v 0.661553 -0.154980 -0.222993
v 0.683226 -0.181388 -0.241945
v 0.703845 -0.208627 -0.245847
v 0.723379 -0.236654 -0.235524
v 0.741797 -0.265426 -0.238749
v 0.759072 -0.294900 -0.256101
v 0.775176 -0.325028 -0.240292
v 0.790085 -0.355766 -0.257464
v 0.803775 -0.387065 -0.244750
v 0.816226 -0.418878 -0.244397
v 0.827419 -0.451155 -0.233241
v 0.837336 -0.483847 -0.259068
v 0.845962 -0.516903 -0.255766
v 0.853283 -0.550271 -0.254975
v 0.859289 -0.583902 -0.240156
v 0.863970 -0.617742 -0.243964
v 0.867318 -0.651741 -0.251128
v 0.869329 -0.685844 -0.246790
v 0.870000 -0.720000 -0.232489
v -0.915000 -0.720000 -0.258178
v -0.914295 -0.684077 -0.221048
v -0.912179 -0.648210 -0.232058
v -0.908658 -0.612453 -0.257574
v -0.903735 -0.576862 -0.220329
v -0.897419 -0.541492 -0.238879
v -0.889718 -0.506397 -0.242779
v -0.880647 -0.471632 -0.226686
v -0.870217 -0.437249 -0.231907
v -0.858445 -0.403303 -0.241857
v -0.845350 -0.369845 -0.226991
v -0.830951 -0.336926 -0.237108
v -0.815271 -0.304599 -0.249846
v -0.798334 -0.272912 -0.244105
v -0.780166 -0.241914 -0.256347
v -0.760795 -0.211653 -0.248006
v -0.740251 -0.182176 -0.249664
v -0.718565 -0.153529 -0.258597
v -0.695771 -0.125755 -0.255461
v -0.671905 -0.098897 -0.258336
v -0.647003 -0.072997 -0.221949
v -0.621103 -0.048095 -0.234779
v -0.594245 -0.024229 -0.247682
v -0.566471 -0.001435 -0.245292
v -0.537824 0.020251 -0.253922
v -0.508347 0.040795 -0.228987
v -0.478086 0.060166 -0.233770
v -0.447088 0.078334 -0.240420
v -0.415401 0.095271 -0.233783
v -0.383074 0.110951 -0.251053
v -0.350155 0.125350 -0.241709
v -0.316697 0.138445 -0.224034
v -0.282751 0.150217 -0.257045
v -0.248368 0.160647 -0.222042
v -0.213603 0.169718 -0.223176
v -0.178508 0.177419 -0.222172
v -0.143138 0.183735 -0.251853
v -0.107547 0.188658 -0.238003
v -0.071790 0.192179 -0.240511
v -0.035923 0.194295 -0.228704
v 0.000000 0.195000 -0.257430
v 0.035923 0.194295 -0.257704
v 0.071790 0.192179 -0.226460
v 0.107547 0.188658 -0.238779
v 0.143138 0.183735 -0.257977
v 0.178508 0.177419 -0.235624
v 0.213603 0.169718 -0.232605
v 0.248368 0.160647 -0.240878
v 0.282751 0.150217 -0.245277
v 0.316697 0.138445 -0.235186
v 0.350155 0.125350 -0.222780
v 0.383074 0.110951 -0.247626
v 0.415401 0.095271 -0.241791
v 0.447088 0.078334 -0.226969
v 0.478086 0.060166 -0.231817
v 0.508347 0.040795 -0.259484
v 0.537824 0.020251 -0.243814
v 0.566471 -0.001435 -0.257073
v 0.594245 -0.024229 -0.225447
v 0.621103 -0.048095 -0.221926
v 0.647003 -0.072997 -0.240208
v 0.671905 -0.098897 -0.246592
v 0.695771 -0.125755 -0.246100
v 0.718565 -0.153529 -0.231917
v 0.740251 -0.182176 -0.240053
v 0.760795 -0.211653 -0.245468
v 0.780166 -0.241914 -0.226780
v 0.798334 -0.272912 -0.246765
v 0.815271 -0.304599 -0.246576
v 0.830951 -0.336926 -0.256558
v 0.845350 -0.369845 -0.254469
v 0.858445 -0.403303 -0.237058
v 0.870217 -0.437249 -0.236580
v 0.880647 -0.471632 -0.252619
v 0.889718 -0.506397 -0.221616
v 0.897419 -0.541492 -0.245374
v 0.903735 -0.576862 -0.231688
v 0.908658 -0.612453 -0.257775
v 0.912179 -0.648210 -0.241092
v 0.914295 -0.684077 -0.257063
v 0.915000 -0.720000 -0.227254
v -0.960000 -0.720000 -0.228410
v -0.959260 -0.682311 -0.232015
v -0.957041 -0.644679 -0.248510
v -0.953346 -0.607164 -0.257701
v -0.948181 -0.569823 -0.235782
v -0.941554 -0.532713 -0.222496
v -0.933475 -0.495892 -0.231188
v -0.923957 -0.459417 -0.221191
v -0.913014 -0.423344 -0.244362
v -0.900664 -0.387728 -0.246209
v -0.886924 -0.352624 -0.248503
v -0.871817 -0.318087 -0.258035
v -0.855366 -0.284169 -0.223454
v -0.837596 -0.250924 -0.226035
v -0.818535 -0.218401 -0.236112
v -0.798211 -0.186653 -0.241104
v -0.776656 -0.155726 -0.230951
v -0.753904 -0.125670 -0.233527
v -0.729990 -0.096530 -0.253705
v -0.704950 -0.068351 -0.233567
v -0.678823 -0.041177 -0.231070
v -0.651649 -0.015050 -0.235964
v -0.623470 0.009990 -0.249051
v -0.594330 0.033904 -0.239220
v -0.564274 0.056656 -0.236927
v -0.533347 0.078211 -0.238776
v -0.501599 0.098535 -0.241232
v -0.469076 0.117596 -0.253611
v -0.435831 0.135366 -0.252420
v -0.401913 0.151817 -0.229422
v -0.367376 0.166924 -0.250730
v -0.332272 0.180664 -0.245041
v -0.296656 0.193014 -0.233180
v -0.260583 0.203957 -0.227851
v -0.224108 0.213475 -0.243584
v -0.187287 0.221554 -0.238142
v -0.150177 0.228181 -0.228131
v -0.112836 0.233346 -0.222055
v -0.075321 0.237041 -0.255165
v -0.037689 0.239260 -0.246871
v 0.000000 0.240000 -0.243200
v 0.037689 0.239260 -0.248339
v 0.075321 0.237041 -0.238104
v 0.112836 0.233346 -0.241711
v 0.150177 0.228181 -0.220411
v 0.187287 0.221554 -0.255837
v 0.224108 0.213475 -0.254387
v 0.260583 0.203957 -0.233838
v 0.296656 0.193014 -0.254456
v 0.332272 0.180664 -0.242066
v 0.367376 0.166924 -0.248876
v 0.401913 0.151817 -0.244735
v 0.435831 0.135366 -0.223816
v 0.469076 0.117596 -0.239585
v 0.501599 0.098535 -0.242497
v 0.533347 0.078211 -0.244791
v 0.564274 0.056656 -0.246079
v 0.594330 0.033904 -0.226636
v 0.623470 0.009990 -0.237692
v 0.651649 -0.015050 -0.234830
v 0.678823 -0.041177 -0.244676
v 0.704950 -0.068351 -0.233106
v 0.729990 -0.096530 -0.252402
v 0.753904 -0.125670 -0.221125
v 0.776656 -0.155726 -0.241660
v 0.798211 -0.186653 -0.229434
v 0.818535 -0.218401 -0.236655
v 0.837596 -0.250924 -0.231330
v 0.855366 -0.284169 -0.253827
v 0.871817 -0.318087 -0.229123
v 0.886924 -0.352624 -0.240147
v 0.900664 -0.387728 -0.249905
v 0.913014 -0.423344 -0.250692
v 0.923957 -0.459417 -0.236299
v 0.933475 -0.495892 -0.259540
v 0.941554 -0.532713 -0.222353
v 0.948181 -0.569823 -0.222801
v 0.953346 -0.607164 -0.245877
v 0.957041 -0.644679 -0.227309
v 0.959260 -0.682311 -0.232214
v 0.960000 -0.720000 -0.249680
v -1.005000 -0.720000 -0.227648
v -1.004225 -0.680544 -0.252371
v -1.001902 -0.641149 -0.244716
v -0.998034 -0.601875 -0.244573
v -0.992627 -0.562783 -0.247147
v -0.985689 -0.523934 -0.221506
v -0.977232 -0.485387 -0.237381
v -0.967268 -0.447202 -0.235117
v -0.955812 -0.409438 -0.239289
v -0.942882 -0.372152 -0.234824
v -0.928499 -0.335403 -0.249639
v -0.912684 -0.299247 -0.233146
v -0.895462 -0.263740 -0.257636
v -0.876858 -0.228936 -0.222514
v -0.856903 -0.194889 -0.225588
v -0.835627 -0.161652 -0.228775
v -0.813062 -0.129276 -0.240478
v -0.789244 -0.097811 -0.256398
v -0.764208 -0.067305 -0.234420
v -0.737994 -0.037805 -0.232393
v -0.710642 -0.009358 -0.233895
v -0.682195 0.017994 -0.234802
v -0.652695 0.044208 -0.227571
v -0.622189 0.069244 -0.254765
v -0.590724 0.093062 -0.253579
v -0.558348 0.115627 -0.231487
v -0.525111 0.136903 -0.241250
v -0.491064 0.156858 -0.224285
v -0.456260 0.175462 -0.233883
v -0.420753 0.192684 -0.242702
v -0.384597 0.208499 -0.252100
v -0.347848 0.222882 -0.224331
v -0.310562 0.235812 -0.236155
v -0.272798 0.247268 -0.230029
v -0.234613 0.257232 -0.226341
v -0.196066 0.265689 -0.223983
v -0.157217 0.272627 -0.238319
v -0.118125 0.278034 -0.250959
v -0.078851 0.281902 -0.257981
v -0.039456 0.284225 -0.227111
v 0.000000 0.285000 -0.241792
v 0.039456 0.284225 -0.244577
v 0.078851 0.281902 -0.257605
v 0.118125 0.278034 -0.233932
v 0.157217 0.272627 -0.244741
v 0.196066 0.265689 -0.222370
v 0.234613 0.257232 -0.223176
v 0.272798 0.247268 -0.224090
v 0.310562 0.235812 -0.227299
v 0.347848 0.222882 -0.226105
v 0.384597 0.208499 -0.222268
v 0.420753 0.192684 -0.236919
v 0.456260 0.175462 -0.248067
v 0.491064 0.156858 -0.228174
v 0.525111 0.136903 -0.257221
v 0.558348 0.115627 -0.258221
v 0.590724 0.093062 -0.247130
v 0.622189 0.069244 -0.248500
v 0.652695 0.044208 -0.230811
v 0.682195 0.017994 -0.253050
v 0.710642 -0.009358 -0.232451
v 0.737994 -0.037805 -0.259375
v 0.764208 -0.067305 -0.230625
v 0.789244 -0.097811 -0.230706
v 0.813062 -0.129276 -0.245689
v 0.835627 -0.161652 -0.245639
v 0.856903 -0.194889 -0.253823
v 0.876858 -0.228936 -0.255228
v 0.895462 -0.263740 -0.237757
v 0.912684 -0.299247 -0.222438
v 0.928499 -0.335403 -0.234250
v 0.942882 -0.372152 -0.232140
v 0.955812 -0.409438 -0.235920
v 0.967268 -0.447202 -0.221292
v 0.977232 -0.485387 -0.256816
v 0.985689 -0.523934 -0.257962
v 0.992627 -0.562783 -0.237284
v 0.998034 -0.601875 -0.242949
v 1.001902 -0.641149 -0.224955
v 1.004225 -0.680544 -0.234615
v 1.005000 -0.720000 -0.224786
v -1.050000 -0.720000 -0.245634
v -1.049190 -0.678777 -0.243458
v -1.046763 -0.637618 -0.232443
v -1.042722 -0.596586 -0.225124
v -1.037073 -0.555744 -0.245503
v -1.029825 -0.515155 -0.258956
v -1.020988 -0.474882 -0.256169
v -1.010578 -0.434988 -0.244532
v -0.998609 -0.395532 -0.239931
v -0.985101 -0.356577 -0.252806
v -0.970074 -0.318182 -0.247943
v -0.953550 -0.280407 -0.252107
v -0.935557 -0.243310 -0.225709
v -0.916121 -0.206948 -0.221309
v -0.895272 -0.171377 -0.222658
v -0.873043 -0.136651 -0.220872
v -0.849468 -0.102825 -0.246490
v -0.824583 -0.069951 -0.241676
v -0.798426 -0.038080 -0.223144
v -0.771039 -0.007259 -0.249040
v -0.742462 0.022462 -0.243345
v -0.712741 0.051039 -0.251586
v -0.681920 0.078426 -0.228176
v -0.650049 0.104583 -0.232236
v -0.617175 0.129468 -0.236820
v -0.583349 0.153043 -0.241354
v -0.548623 0.175272 -0.259346
v -0.513052 0.196121 -0.226886
v -0.476690 0.215557 -0.226409
v -0.439593 0.233550 -0.220757
v -0.401818 0.250074 -0.243723
v -0.363423 0.265101 -0.229683
v -0.324468 0.278609 -0.259278
v -0.285012 0.290578 -0.238226
v -0.245118 0.300988 -0.228978
v -0.204845 0.309825 -0.224801
v -0.164256 0.317073 -0.225680
v -0.123414 0.322722 -0.220802
v -0.082382 0.326763 -0.243775
v -0.041223 0.329190 -0.232451
v 0.000000 0.330000 -0.244270
v 0.041223 0.329190 -0.253345
v 0.082382 0.326763 -0.256741
v 0.123414 0.322722 -0.256802
v 0.164256 0.317073 -0.240719
v 0.204845 0.309825 -0.247292
v 0.245118 0.300988 -0.225251
v 0.285012 0.290578 -0.226620
v 0.324468 0.278609 -0.249422
v 0.363423 0.265101 -0.253685
v 0.401818 0.250074 -0.242035
v 0.439593 0.233550 -0.259235
v 0.476690 0.215557 -0.254855
v 0.513052 0.196121 -0.220501
v 0.548623 0.175272 -0.241929
v 0.583349 0.153043 -0.233741
v 0.617175 0.129468 -0.251775
v 0.650049 0.104583 -0.234102
v 0.681920 0.078426 -0.235320
v 0.712741 0.051039 -0.239434
v 0.742462 0.022462 -0.256222
v 0.771039 -0.007259 -0.251862
v 0.798426 -0.038080 -0.250398
v 0.824583 -0.069951 -0.242543
v 0.849468 -0.102825 -0.247103
v 0.873043 -0.136651 -0.231479
v 0.895272 -0.171377 -0.222867
v 0.916121 -0.206948 -0.243741
v 0.935557 -0.243310 -0.254772
v 0.953550 -0.280407 -0.244711
v 0.970074 -0.318182 -0.229593
v 0.985101 -0.356577 -0.252426
v 0.998609 -0.395532 -0.231655
v 1.010578 -0.434988 -0.258252
v 1.020988 -0.474882 -0.221079
v 1.029825 -0.515155 -0.225183
v 1.037073 -0.555744 -0.259616
v 1.042722 -0.596586 -0.243514
v 1.046763 -0.637618 -0.248342
v 1.049190 -0.678777 -0.245823
v 1.050000 -0.720000 -0.237537
v -0.420000 -0.720000 0.254648
v -0.419676 -0.703511 0.250352
v -0.418705 -0.687047 0.225342
v -0.417089 -0.670634 0.226413
v -0.414829 -0.654298 0.246585
v -0.411930 -0.638062 0.237414
v -0.408395 -0.621953 0.222376
v -0.404231 -0.605995 0.241824
v -0.399444 -0.590213 0.255077
v -0.394040 -0.574631 0.221677
v -0.388029 -0.559273 0.244333
v -0.381420 -0.544163 0.250945
v -0.374223 -0.529324 0.232739
v -0.366448 -0.514779 0.227265
v -0.358109 -0.500551 0.226702
v -0.349217 -0.486661 0.233264
v -0.339787 -0.473130 0.254228
v -0.329833 -0.459981 0.231014
v -0.319371 -0.447232 0.247686
v -0.308415 -0.434904 0.244570
v -0.296985 -0.423015 0.248634
v -0.285096 -0.411585 0.238185
v -0.272768 -0.400629 0.230706
v -0.260019 -0.390167 0.239744
v -0.246870 -0.380213 0.252881
v -0.233339 -0.370783 0.247131
v -0.219449 -0.361891 0.243342
v -0.205221 -0.353552 0.230099
v -0.190676 -0.345777 0.241040
v -0.175837 -0.338580 0.238116
v -0.160727 -0.331971 0.258829
v -0.145369 -0.325960 0.234777
v -0.129787 -0.320556 0.231142
v -0.114005 -0.315769 0.255692
v -0.098047 -0.311605 0.230142
v -0.081938 -0.308070 0.252467
v -0.065702 -0.305171 0.258551
v -0.049366 -0.302911 0.234283
v -0.032953 -0.301295 0.241235
v -0.016489 -0.300324 0.254523
v 0.000000 -0.300000 0.237898
v 0.016489 -0.300324 0.227088
v 0.032953 -0.301295 0.239849
v 0.049366 -0.302911 0.258782
v 0.065702 -0.305171 0.235743
v 0.081938 -0.308070 0.226205
v 0.098047 -0.311605 0.222912
v 0.114005 -0.315769 0.258192
v 0.129787 -0.320556 0.256986
v 0.145369 -0.325960 0.242540
v 0.160727 -0.331971 0.247813
v 0.175837 -0.338580 0.227718
v 0.190676 -0.345777 0.239444
v 0.205221 -0.353552 0.230500
v 0.219449 -0.361891 0.246026
v 0.233339 -0.370783 0.248721
v 0.246870 -0.380213 0.246933
v 0.260019 -0.390167 0.228553
v 0.272768 -0.400629 0.230286
v 0.285096 -0.411585 0.245266
v 0.296985 -0.423015 0.224918
v 0.308415 -0.434904 0.253767
v 0.319371 -0.447232 0.222515
v 0.329833 -0.459981 0.221958
v 0.339787 -0.473130 0.225757
v 0.349217 -0.486661 0.258347
v 0.358109 -0.500551 0.233483
v 0.366448 -0.514779 0.256466
v 0.374223 -0.529324 0.245689
v 0.381420 -0.544163 0.241038
v 0.388029 -0.559273 0.221640
v 0.394040 -0.574631 0.256671
v 0.399444 -0.590213 0.241597
v 0.404231 -0.605995 0.221794
v 0.408395 -0.621953 0.235747
v 0.411930 -0.638062 0.226714
v 0.414829 -0.654298 0.244056
v 0.417089 -0.670634 0.236032
v 0.418705 -0.687047 0.226894
v 0.419676 -0.703511 0.238138
v 0.420000 -0.720000 0.227792
v -0.465000 -0.720000 0.235714
v -0.464642 -0.701744 0.224169
v -0.463567 -0.683517 0.231150
v -0.461777 -0.665345 0.252199
v -0.459275 -0.647258 0.231231
v -0.456065 -0.629283 0.240944
v -0.452152 -0.611448 0.241367
v -0.447542 -0.593780 0.249606
v -0.442241 -0.576307 0.227079
v -0.436259 -0.559056 0.258787
v -0.429604 -0.542052 0.234638
v -0.422287 -0.525323 0.234582
v -0.414318 -0.508894 0.232123
v -0.405711 -0.492791 0.224763
v -0.396478 -0.477038 0.221659
v -0.386633 -0.461660 0.252655
v -0.376193 -0.446680 0.254336
v -0.365172 -0.432121 0.252779
v -0.353589 -0.418007 0.253009
v -0.341460 -0.404358 0.232531
v -0.328805 -0.391195 0.233695
v -0.315642 -0.378540 0.235440
v -0.301993 -0.366411 0.230343
v -0.287879 -0.354828 0.235039
v -0.273320 -0.343807 0.245908
v -0.258340 -0.333367 0.230534
v -0.242962 -0.323522 0.259804
v -0.227209 -0.314289 0.244805
v -0.211106 -0.305682 0.255088
v -0.194677 -0.297713 0.232223
v -0.177948 -0.290396 0.253132
v -0.160944 -0.283741 0.224262
v -0.143693 -0.277759 0.248121
v -0.126220 -0.272458 0.238860
v -0.108552 -0.267848 0.256453
v -0.090717 -0.263935 0.252905
v -0.072742 -0.260725 0.227481
v -0.054655 -0.258223 0.252634
v -0.036483 -0.256433 0.252973
v -0.018256 -0.255358 0.229421
v 0.000000 -0.255000 0.235532
v 0.018256 -0.255358 0.250003
v 0.036483 -0.256433 0.240297
v 0.054655 -0.258223 0.239665
v 0.072742 -0.260725 0.232602
v 0.090717 -0.263935 0.249634
v 0.108552 -0.267848 0.221232
v 0.126220 -0.272458 0.240670
v 0.143693 -0.277759 0.228947
v 0.160944 -0.283741 0.244424
v 0.177948 -0.290396 0.222028
v 0.194677 -0.297713 0.250425
v 0.211106 -0.305682 0.253285
v 0.227209 -0.314289 0.259557
v 0.242962 -0.323522 0.241902
v 0.258340 -0.333367 0.256111
v 0.273320 -0.343807 0.225362
v 0.287879 -0.354828 0.259339
v 0.301993 -0.366411 0.239480
v 0.315642 -0.378540 0.234560
v 0.328805 -0.391195 0.252359
v 0.341460 -0.404358 0.256035
v 0.353589 -0.418007 0.244047
v 0.365172 -0.432121 0.237855
v 0.376193 -0.446680 0.224443
v 0.386633 -0.461660 0.256560
v 0.396478 -0.477038 0.228083
v 0.405711 -0.492791 0.255740
v 0.414318 -0.508894 0.244598
v 0.422287 -0.525323 0.223632
v 0.429604 -0.542052 0.239101
v 0.436259 -0.559056 0.237312
v 0.442241 -0.576307 0.238643
v 0.447542 -0.593780 0.222649
v 0.452152 -0.611448 0.250703
v 0.456065 -0.629283 0.258976
v 0.459275 -0.647258 0.223843
v 0.461777 -0.665345 0.242319
v 0.463567 -0.683517 0.223473
v 0.464642 -0.701744 0.257885
v 0.465000 -0.720000 0.243442
v -0.510000 -0.720000 0.222444
v -0.509607 -0.699977 0.225418
v -0.508428 -0.679986 0.228849
v -0.506465 -0.660056 0.232896
v -0.503721 -0.640218 0.223212
v -0.500200 -0.620504 0.231295
v -0.495909 -0.600943 0.226538
v -0.490852 -0.581565 0.227174
v -0.485039 -0.562401 0.250184
v -0.478478 -0.543480 0.220375
v -0.471179 -0.524831 0.234599
v -0.463153 -0.506484 0.228640
v -0.454413 -0.488465 0.231772
v -0.444973 -0.470803 0.226074
v -0.434846 -0.453526 0.246252
v -0.424050 -0.436659 0.223320
v -0.412599 -0.420230 0.256345
v -0.400512 -0.404262 0.225181
v -0.387807 -0.388781 0.229289
v -0.374504 -0.373812 0.220600
v -0.360624 -0.359376 0.222751
v -0.346188 -0.345496 0.233475
v -0.331219 -0.332193 0.233593
v -0.315738 -0.319488 0.224173
v -0.299770 -0.307401 0.247281
v -0.283341 -0.295950 0.227687
v -0.266474 -0.285154 0.242473
v -0.249197 -0.275027 0.223519
v -0.231535 -0.265587 0.229220
v -0.213516 -0.256847 0.233648
v -0.195169 -0.248821 0.250180
v -0.176520 -0.241522 0.237837
v -0.157599 -0.234961 0.257969
v -0.138435 -0.229148 0.229925
v -0.119057 -0.224091 0.245278
v -0.099496 -0.219800 0.259948
v -0.079782 -0.216279 0.246709
v -0.059944 -0.213535 0.224722
v -0.040014 -0.211572 0.245585
v -0.020023 -0.210393 0.258310
v 0.000000 -0.210000 0.223963
v 0.020023 -0.210393 0.250375
v 0.040014 -0.211572 0.250681
v 0.059944 -0.213535 0.223696
v 0.079782 -0.216279 0.256328
v 0.099496 -0.219800 0.258761
v 0.119057 -0.224091 0.241783
v 0.138435 -0.229148 0.239049
v 0.157599 -0.234961 0.253166
v 0.176520 -0.241522 0.224402
v 0.195169 -0.248821 0.242975
v 0.213516 -0.256847 0.255866
v 0.231535 -0.265587 0.255382
v 0.249197 -0.275027 0.238745
v 0.266474 -0.285154 0.240224
v 0.283341 -0.295950 0.232068
v 0.299770 -0.307401 0.235245
v 0.315738 -0.319488 0.230166
v 0.331219 -0.332193 0.228509
v 0.346188 -0.345496 0.231490
v 0.360624 -0.359376 0.240223
v 0.374504 -0.373812 0.237652
v 0.387807 -0.388781 0.241952
v 0.400512 -0.404262 0.221347
v 0.412599 -0.420230 0.243611
v 0.424050 -0.436659 0.224801
v 0.434846 -0.453526 0.224697
v 0.444973 -0.470803 0.249039
v 0.454413 -0.488465 0.245561
v 0.463153 -0.506484 0.253615
v 0.471179 -0.524831 0.221020
v 0.478478 -0.543480 0.234454
v 0.485039 -0.562401 0.240331
v 0.490852 -0.581565 0.258952
v 0.495909 -0.600943 0.252299
v 0.500200 -0.620504 0.255612
v 0.503721 -0.640218 0.240338
v 0.506465 -0.660056 0.223911
v 0.508428 -0.679986 0.220317
v 0.509607 -0.699977 0.223966
v 0.510000 -0.720000 0.250205
v -0.555000 -0.720000 0.220946
v -0.554572 -0.698211 0.242502
v -0.553289 -0.676455 0.239301
v -0.551153 -0.654767 0.243541
v -0.548167 -0.633179 0.241034
v -0.544336 -0.611725 0.234223
v -0.539665 -0.590438 0.223378
v -0.534163 -0.569351 0.229998
v -0.527836 -0.548496 0.251338
v -0.520696 -0.527905 0.258778
v -0.512753 -0.507611 0.233602
v -0.504019 -0.487644 0.233800
v -0.494509 -0.468035 0.243064
v -0.484235 -0.448815 0.238359
v -0.473215 -0.430013 0.252202
v -0.461466 -0.411659 0.248799
v -0.449004 -0.393779 0.254984
v -0.435851 -0.376403 0.243703
v -0.422025 -0.359556 0.239196
v -0.407549 -0.343266 0.253822
v -0.392444 -0.327556 0.233859
v -0.376734 -0.312451 0.242589
v -0.360444 -0.297975 0.233971
v -0.343597 -0.284149 0.234506
v -0.326221 -0.270996 0.254226
v -0.308341 -0.258534 0.248112
v -0.289987 -0.246785 0.239881
v -0.271185 -0.235765 0.241360
v -0.251965 -0.225491 0.229422
v -0.232356 -0.215981 0.236468
v -0.212389 -0.207247 0.222280
v -0.192095 -0.199304 0.255250
v -0.171504 -0.192164 0.225625
v -0.150649 -0.185837 0.249744
v -0.129562 -0.180335 0.250169
v -0.108275 -0.175664 0.227966
v -0.086821 -0.171833 0.221301
v -0.065233 -0.168847 0.224341
v -0.043545 -0.166711 0.227034
v -0.021789 -0.165428 0.231397
v 0.000000 -0.165000 0.241754
v 0.021789 -0.165428 0.256383
v 0.043545 -0.166711 0.224101
v 0.065233 -0.168847 0.259886
v 0.086821 -0.171833 0.243949
v 0.108275 -0.175664 0.258763
v 0.129562 -0.180335 0.228410
v 0.150649 -0.185837 0.230003
v 0.171504 -0.192164 0.244531
v 0.192095 -0.199304 0.245004
v 0.212389 -0.207247 0.221079
v 0.232356 -0.215981 0.250756
v 0.251965 -0.225491 0.257907
v 0.271185 -0.235765 0.250085
v 0.289987 -0.246785 0.231087
v 0.308341 -0.258534 0.248389
v 0.326221 -0.270996 0.242212
v 0.343597 -0.284149 0.235563
v 0.360444 -0.297975 0.243123
v 0.376734 -0.312451 0.223045
v 0.392444 -0.327556 0.248139
v 0.407549 -0.343266 0.233684
v 0.422025 -0.359556 0.236003
v 0.435851 -0.376403 0.239583
v 0.449004 -0.393779 0.249050
v 0.461466 -0.411659 0.257482
v 0.473215 -0.430013 0.228788
v 0.484235 -0.448815 0.228087
v 0.494509 -0.468035 0.238763
v 0.504019 -0.487644 0.253177
v 0.512753 -0.507611 0.259675
v 0.520696 -0.527905 0.254759
v 0.527836 -0.548496 0.236923
v 0.534163 -0.569351 0.233100
v 0.539665 -0.590438 0.235439
v 0.544336 -0.611725 0.233443
v 0.548167 -0.633179 0.237537
v 0.551153 -0.654767 0.226007
v 0.553289 -0.676455 0.234327
v 0.554572 -0.698211 0.225230
v 0.555000 -0.720000 0.241122
v -0.600000 -0.720000 0.237585
v -0.599537 -0.696444 0.224727
v -0.598150 -0.672925 0.244127
v -0.595841 -0.649478 0.239120
v -0.592613 -0.626139 0.222387
v -0.588471 -0.602946 0.234618
v -0.583422 -0.579933 0.237220
v -0.577473 -0.557136 0.234233
v -0.570634 -0.534590 0.238419
v -0.562915 -0.512330 0.246688
v -0.554328 -0.490390 0.220504
v -0.544886 -0.468804 0.249795
v -0.534604 -0.447606 0.236840
v -0.523498 -0.426827 0.229123
v -0.511584 -0.406501 0.232158
v -0.498882 -0.386658 0.233324
v -0.485410 -0.367329 0.244832
v -0.471190 -0.348544 0.242966
v -0.456244 -0.330331 0.224575
v -0.440594 -0.312720 0.257179
v -0.424264 -0.295736 0.245827
v -0.407280 -0.279406 0.233987
v -0.389669 -0.263756 0.225263
v -0.371456 -0.248810 0.252792
v -0.352671 -0.234590 0.223020
v -0.333342 -0.221118 0.220873
v -0.313499 -0.208416 0.220989
v -0.293173 -0.196502 0.254390
v -0.272394 -0.185396 0.242308
v -0.251196 -0.175114 0.234524
v -0.229610 -0.165672 0.220840
v -0.207670 -0.157085 0.255481
v -0.185410 -0.149366 0.236060
v -0.162864 -0.142527 0.239981
v -0.140067 -0.136578 0.245551
v -0.117054 -0.131529 0.231503
v -0.093861 -0.127387 0.255648
v -0.070522 -0.124159 0.244351
v -0.047075 -0.121850 0.244905
v -0.023556 -0.120463 0.239404
v 0.000000 -0.120000 0.248419
v 0.023556 -0.120463 0.256760
v 0.047075 -0.121850 0.233325
v 0.070522 -0.124159 0.236323
v 0.093861 -0.127387 0.251779
v 0.117054 -0.131529 0.254940
v 0.140067 -0.136578 0.245810
v 0.162864 -0.142527 0.231034
v 0.185410 -0.149366 0.238012
v 0.207670 -0.157085 0.248018
v 0.229610 -0.165672 0.225850
v 0.251196 -0.175114 0.241520
v 0.272394 -0.185396 0.233626
v 0.293173 -0.196502 0.256548
v 0.313499 -0.208416 0.245066
v 0.333342 -0.221118 0.256454
v 0.352671 -0.234590 0.250948
v 0.371456 -0.248810 0.249415
v 0.389669 -0.263756 0.249293
v 0.407280 -0.279406 0.237105
v 0.424264 -0.295736 0.256520
v 0.440594 -0.312720 0.239186
v 0.456244 -0.330331 0.245174
v 0.471190 -0.348544 0.238827
v 0.485410 -0.367329 0.246353
v 0.498882 -0.386658 0.249677
v 0.511584 -0.406501 0.246753
v 0.523498 -0.426827 0.225002
v 0.534604 -0.447606 0.253891
v 0.544886 -0.468804 0.223559
v 0.554328 -0.490390 0.246771
v 0.562915 -0.512330 0.225195
v 0.570634 -0.534590 0.259601
v 0.577473 -0.557136 0.248215
v 0.583422 -0.579933 0.234924
v 0.588471 -0.602946 0.248446
v 0.592613 -0.626139 0.238594
v 0.595841 -0.649478 0.253699
v 0.598150 -0.672925 0.243127
v 0.599537 -0.696444 0.231441
v 0.600000 -0.720000 0.249541
v -0.645000 -0.720000 0.239008
v -0.644503 -0.694677 0.242311
v -0.643012 -0.669394 0.225688
v -0.640529 -0.644188 0.254543
v -0.637059 -0.619100 0.224132
v -0.632607 -0.594167 0.256519
v -0.627179 -0.569428 0.233267
v -0.620784 -0.544921 0.256745
v -0.613431 -0.520684 0.220228
v -0.605133 -0.496754 0.257133
v -0.595902 -0.473169 0.223613
v -0.585752 -0.449964 0.235401
v -0.574699 -0.427176 0.223422
v -0.562760 -0.404839 0.246240
v -0.549953 -0.382988 0.259702
v -0.536298 -0.361657 0.241812
v -0.521816 -0.340879 0.220302
v -0.506529 -0.320684 0.236720
v -0.490462 -0.301106 0.246465
v -0.473638 -0.282174 0.235615
v -0.456084 -0.263916 0.238226
v -0.437826 -0.246362 0.259772
v -0.418894 -0.229538 0.241494
v -0.399316 -0.213471 0.225159
v -0.379121 -0.198184 0.228994
v -0.358343 -0.183702 0.234595
v -0.337012 -0.170047 0.235213
v -0.315161 -0.157240 0.259620
v -0.292824 -0.145301 0.255101
v -0.270036 -0.134248 0.221395
v -0.246831 -0.124098 0.256366
v -0.223246 -0.114867 0.256755
v -0.199316 -0.106569 0.254303
v -0.175079 -0.099216 0.223115
v -0.150572 -0.092821 0.246710
v -0.125833 -0.087393 0.225257
v -0.100900 -0.082941 0.253448
v -0.075812 -0.079471 0.236681
v -0.050606 -0.076988 0.226435
v -0.025323 -0.075497 0.253585
v 0.000000 -0.075000 0.244426
v 0.025323 -0.075497 0.240776
v 0.050606 -0.076988 0.230776
v 0.075812 -0.079471 0.240164
v 0.100900 -0.082941 0.255443
v 0.125833 -0.087393 0.252744
v 0.150572 -0.092821 0.239540
v 0.175079 -0.099216 0.220465
v 0.199316 -0.106569 0.228638
v 0.223246 -0.114867 0.254480
v 0.246831 -0.124098 0.245897
v 0.270036 -0.134248 0.234323
v 0.292824 -0.145301 0.235912
v 0.315161 -0.157240 0.222054
v 0.337012 -0.170047 0.233192
v 0.358343 -0.183702 0.247210
v 0.379121 -0.198184 0.225194
v 0.399316 -0.213471 0.244977
v 0.418894 -0.229538 0.253230
v 0.437826 -0.246362 0.222448
v 0.456084 -0.263916 0.246545
v 0.473638 -0.282174 0.249179
v 0.490462 -0.301106 0.247635
v 0.506529 -0.320684 0.244477
v 0.521816 -0.340879 0.240941
v 0.536298 -0.361657 0.257136
v 0.549953 -0.382988 0.245928
v 0.562760 -0.404839 0.232270
v 0.574699 -0.427176 0.240116
v 0.585752 -0.449964 0.245048
v 0.595902 -0.473169 0.233462
v 0.605133 -0.496754 0.233062
v 0.613431 -0.520684 0.220468
v 0.620784 -0.544921 0.248128
v 0.627179 -0.569428 0.245422
v 0.632607 -0.594167 0.235749
v 0.637059 -0.619100 0.225835
v 0.640529 -0.644188 0.232003
v 0.643012 -0.669394 0.225083
v 0.644503 -0.694677 0.253276
v 0.645000 -0.720000 0.229093
v -0.690000 -0.720000 0.232166
v -0.689468 -0.692911 0.246388
v -0.687873 -0.665863 0.247070
v -0.685217 -0.638899 0.244613
v -0.681505 -0.612060 0.222291
v -0.676742 -0.585388 0.243119
v -0.670935 -0.558923 0.256616
v -0.664094 -0.532706 0.235123
v -0.656229 -0.506778 0.246487
v -0.647352 -0.481179 0.243445
v -0.637477 -0.455948 0.230660
v -0.626619 -0.431125 0.228447
v -0.614795 -0.406747 0.252635
v -0.602022 -0.382851 0.257979
v -0.588322 -0.359476 0.249356
v -0.573714 -0.336657 0.259837
v -0.558222 -0.314428 0.255608
v -0.541869 -0.292825 0.237834
v -0.524680 -0.271881 0.245112
v -0.506683 -0.251627 0.234064
v -0.487904 -0.232096 0.231412
v -0.468373 -0.213317 0.252938
v -0.448119 -0.195320 0.236908
v -0.427175 -0.178131 0.257092
v -0.405572 -0.161778 0.226538
v -0.383343 -0.146286 0.257490
v -0.360524 -0.131678 0.252448
v -0.337149 -0.117978 0.255008
v -0.313253 -0.105205 0.255615
v -0.288875 -0.093381 0.230374
v -0.264052 -0.082523 0.258451
v -0.238821 -0.072648 0.236557
v -0.213222 -0.063771 0.245465
v -0.187294 -0.055906 0.222460
v -0.161077 -0.049065 0.229787
v -0.134612 -0.043258 0.244047
v -0.107940 -0.038495 0.237686
v -0.081101 -0.034783 0.232340
v -0.054137 -0.032127 0.258531
v -0.027089 -0.030532 0.245752
v 0.000000 -0.030000 0.231194
v 0.027089 -0.030532 0.238214
v 0.054137 -0.032127 0.248496
v 0.081101 -0.034783 0.237632
v 0.107940 -0.038495 0.229886
v 0.134612 -0.043258 0.257804
v 0.161077 -0.049065 0.236034
v 0.187294 -0.055906 0.257423
v 0.213222 -0.063771 0.251468
v 0.238821 -0.072648 0.244655
v 0.264052 -0.082523 0.228931
v 0.288875 -0.093381 0.235091
v 0.313253 -0.105205 0.238770
v 0.337149 -0.117978 0.231468
v 0.360524 -0.131678 0.226926
v 0.383343 -0.146286 0.251143
v 0.405572 -0.161778 0.247743
v 0.427175 -0.178131 0.234903
v 0.448119 -0.195320 0.221411
v 0.468373 -0.213317 0.248756
v 0.487904 -0.232096 0.240143
v 0.506683 -0.251627 0.258619
v 0.524680 -0.271881 0.220733
v 0.541869 -0.292825 0.241065
v 0.558222 -0.314428 0.238090
v 0.573714 -0.336657 0.256310
v 0.588322 -0.359476 0.234574
v 0.602022 -0.382851 0.242728
v 0.614795 -0.406747 0.226067
v 0.626619 -0.431125 0.236979
v 0.637477 -0.455948 0.230369
v 0.647352 -0.481179 0.246015
v 0.656229 -0.506778 0.232561
v 0.664094 -0.532706 0.257356
v 0.670935 -0.558923 0.221448
v 0.676742 -0.585388 0.249610
v 0.681505 -0.612060 0.220769
v 0.685217 -0.638899 0.245881
v 0.687873 -0.665863 0.239318
v 0.689468 -0.692911 0.222315
v 0.690000 -0.720000 0.253666
v -0.735000 -0.720000 0.224343
v -0.734433 -0.691144 0.229019
v -0.732734 -0.662333 0.252070
v -0.729905 -0.633610 0.244008
v -0.725951 -0.605021 0.232030
v -0.720877 -0.576609 0.256785
v -0.714692 -0.548418 0.232286
v -0.707405 -0.520491 0.227694
v -0.699027 -0.492873 0.247828
v -0.689571 -0.465604 0.239242
v -0.679051 -0.438728 0.228785
v -0.667485 -0.412285 0.225810
v -0.654890 -0.386317 0.253830
v -0.641285 -0.360863 0.233026
v -0.626691 -0.335964 0.236582
v -0.611130 -0.311656 0.233615
v -0.594627 -0.287978 0.224744
v -0.577208 -0.264966 0.258286
v -0.558898 -0.242656 0.239979
v -0.539727 -0.221081 0.257475
v -0.519723 -0.200277 0.246536
v -0.498919 -0.180273 0.227357
v -0.477344 -0.161102 0.245943
v -0.455034 -0.142792 0.253410
v -0.432022 -0.125373 0.249105
v -0.408344 -0.108870 0.257381
v -0.384036 -0.093309 0.243087
v -0.359137 -0.078715 0.239468
v -0.333683 -0.065110 0.232236
v -0.307715 -0.052515 0.254440
v -0.281272 -0.040949 0.235767
v -0.254396 -0.030429 0.251653
v -0.227127 -0.020973 0.254764
v -0.199509 -0.012595 0.222170
v -0.171582 -0.005308 0.251758
v -0.143391 0.000877 0.242796
v -0.114979 0.005951 0.230622
v -0.086390 0.009905 0.221415
v -0.057667 0.012734 0.227800
v -0.028856 0.014433 0.228294
v 0.000000 0.015000 0.251092
v 0.028856 0.014433 0.239348
v 0.057667 0.012734 0.238134
v 0.086390 0.009905 0.234012
v 0.114979 0.005951 0.229399
v 0.143391 0.000877 0.235946
v 0.171582 -0.005308 0.222606
v 0.199509 -0.012595 0.241827
v 0.227127 -0.020973 0.221568
v 0.254396 -0.030429 0.238024
v 0.281272 -0.040949 0.241774
v 0.307715 -0.052515 0.249538
v 0.333683 -0.065110 0.256853
v 0.359137 -0.078715 0.250594
v 0.384036 -0.093309 0.258139
v 0.408344 -0.108870 0.258256
v 0.432022 -0.125373 0.240436
v 0.455034 -0.142792 0.231257
v 0.477344 -0.161102 0.240609
v 0.498919 -0.180273 0.226629
v 0.519723 -0.200277 0.259980
v 0.539727 -0.221081 0.222375
v 0.558898 -0.242656 0.220982
v 0.577208 -0.264966 0.252279
v 0.594627 -0.287978 0.242955
v 0.611130 -0.311656 0.224361
v 0.626691 -0.335964 0.221875
v 0.641285 -0.360863 0.249531
v 0.654890 -0.386317 0.239815
v 0.667485 -0.412285 0.237735
v 0.679051 -0.438728 0.247605
v 0.689571 -0.465604 0.232091
v 0.699027 -0.492873 0.249852
v 0.707405 -0.520491 0.221091
v 0.714692 -0.548418 0.237334
v 0.720877 -0.576609 0.223417
v 0.725951 -0.605021 0.244103
v 0.729905 -0.633610 0.220272
v 0.732734 -0.662333 0.225728
v 0.734433 -0.691144 0.231031
v 0.735000 -0.720000 0.237378
v -0.780000 -0.720000 0.223177
v -0.779399 -0.689377 0.223195
v -0.777596 -0.658802 0.225173
v -0.774593 -0.628321 0.247250
v -0.770397 -0.597981 0.227653
v -0.765013 -0.567830 0.239065
v -0.758449 -0.537913 0.245242
v -0.750715 -0.508276 0.253546
v -0.741824 -0.478967 0.235786
v -0.731789 -0.450029 0.238400
v -0.720626 -0.421507 0.244516
v -0.708352 -0.393445 0.223420
v -0.694985 -0.365887 0.235909
v -0.680547 -0.338875 0.220508
v -0.665059 -0.312451 0.257791
v -0.648546 -0.286655 0.229988
v -0.631033 -0.261528 0.241459
v -0.612547 -0.237107 0.229156
v -0.593117 -0.213431 0.249767
v -0.572772 -0.190535 0.230836
v -0.551543 -0.168457 0.225558
v -0.529465 -0.147228 0.237772
v -0.506569 -0.126883 0.223200
v -0.482893 -0.107453 0.238253
v -0.458472 -0.088967 0.249211
v -0.433345 -0.071454 0.241723
v -0.407549 -0.054941 0.258044
v -0.381125 -0.039453 0.252864
v -0.354113 -0.025015 0.253896
v -0.326555 -0.011648 0.246240
v -0.298493 0.000626 0.236062
v -0.269971 0.011789 0.238101
v -0.241033 0.021824 0.247554
v -0.211724 0.030715 0.247258
v -0.182087 0.038449 0.250430
v -0.152170 0.045013 0.256497
v -0.122019 0.050397 0.253770
v -0.091679 0.054593 0.233086
v -0.061198 0.057596 0.220568
v -0.030623 0.059399 0.254197
v 0.000000 0.060000 0.227442
v 0.030623 0.059399 0.234923
v 0.061198 0.057596 0.230914
v 0.091679 0.054593 0.233641
v 0.122019 0.050397 0.227634
v 0.152170 0.045013 0.233228
v 0.182087 0.038449 0.227464
v 0.211724 0.030715 0.234371
v 0.241033 0.021824 0.253982
v 0.269971 0.011789 0.253270
v 0.298493 0.000626 0.230373
v 0.326555 -0.011648 0.243190
v 0.354113 -0.025015 0.225478
v 0.381125 -0.039453 0.246176
v 0.407549 -0.054941 0.239087
v 0.433345 -0.071454 0.258051
v 0.458472 -0.088967 0.244165
v 0.482893 -0.107453 0.245540
v 0.506569 -0.126883 0.237909
v 0.529465 -0.147228 0.227585
v 0.551543 -0.168457 0.249439
v 0.572772 -0.190535 0.255201
v 0.593117 -0.213431 0.224049
v 0.612547 -0.237107 0.220968
v 0.631033 -0.261528 0.220599
v 0.648546 -0.286655 0.259184
v 0.665059 -0.312451 0.257933
v 0.680547 -0.338875 0.246135
v 0.694985 -0.365887 0.228850
v 0.708352 -0.393445 0.244748
v 0.720626 -0.421507 0.254797
v 0.731789 -0.450029 0.239729
v 0.741824 -0.478967 0.227254
v 0.750715 -0.508276 0.245177
v 0.758449 -0.537913 0.247206
v 0.765013 -0.567830 0.249668
v 0.770397 -0.597981 0.235756
v 0.774593 -0.628321 0.240112
v 0.777596 -0.658802 0.244997
v 0.779399 -0.689377 0.252785
v 0.780000 -0.720000 0.254558
v -0.825000 -0.720000 0.236684
v -0.824364 -0.687611 0.222841
v -0.822457 -0.655271 0.231539
v -0.819281 -0.623032 0.248680
v -0.814843 -0.590942 0.222587
v -0.809148 -0.559050 0.250706
v -0.802205 -0.527408 0.220422
v -0.794026 -0.496062 0.252537
v -0.784622 -0.465061 0.222793
v -0.774008 -0.434453 0.235027
v -0.762201 -0.404286 0.223747
v -0.749218 -0.374606 0.256263
v -0.735080 -0.345458 0.247341
v -0.719809 -0.316887 0.230013
v -0.703428 -0.288939 0.230341
v -0.685962 -0.261655 0.236398
v -0.667439 -0.235077 0.259229
v -0.647886 -0.209247 0.240615
v -0.627335 -0.184205 0.252430
v -0.605816 -0.159989 0.239204
v -0.583363 -0.136637 0.231264
v -0.560011 -0.114184 0.259783
v -0.535795 -0.092665 0.243427
v -0.510753 -0.072114 0.235057
v -0.484923 -0.052561 0.258448
v -0.458345 -0.034038 0.257628
v -0.431061 -0.016572 0.228775
v -0.403113 -0.000191 0.256010
v -0.374542 0.015080 0.230055
v -0.345394 0.029218 0.238058
v -0.315714 0.042201 0.226152
v -0.285547 0.054008 0.251275
v -0.254939 0.064622 0.229349
v -0.223938 0.074026 0.243601
v -0.192592 0.082205 0.244421
v -0.160950 0.089148 0.240193
v -0.129058 0.094843 0.247885
v -0.096968 0.099281 0.255631
v -0.064729 0.102457 0.242909
v -0.032389 0.104364 0.257062
v 0.000000 0.105000 0.244508
v 0.032389 0.104364 0.256130
v 0.064729 0.102457 0.257615
v 0.096968 0.099281 0.239915
v 0.129058 0.094843 0.237623
v 0.160950 0.089148 0.255955
v 0.192592 0.082205 0.239716
v 0.223938 0.074026 0.256513
v 0.254939 0.064622 0.223711
v 0.285547 0.054008 0.228261
v 0.315714 0.042201 0.259806
v 0.345394 0.029218 0.221413
v 0.374542 0.015080 0.240654
v 0.403113 -0.000191 0.225889
v 0.431061 -0.016572 0.242388
v 0.458345 -0.034038 0.239503
v 0.484923 -0.052561 0.258868
v 0.510753 -0.072114 0.248708
v 0.535795 -0.092665 0.220741
v 0.560011 -0.114184 0.244069
v 0.583363 -0.136637 0.232605
v 0.605816 -0.159989 0.231713
v 0.627335 -0.184205 0.244743
v 0.647886 -0.209247 0.249155
v 0.667439 -0.235077 0.256015
v 0.685962 -0.261655 0.259421
v 0.703428 -0.288939 0.233756
v 0.719809 -0.316887 0.226265
v 0.735080 -0.345458 0.220059
v 0.749218 -0.374606 0.254503
v 0.762201 -0.404286 0.221105
v 0.774008 -0.434453 0.237794
v 0.784622 -0.465061 0.240621
v 0.794026 -0.496062 0.236093
v 0.802205 -0.527408 0.244960
v 0.809148 -0.559050 0.259970
v 0.814843 -0.590942 0.254874
v 0.819281 -0.623032 0.230362
v 0.822457 -0.655271 0.238611
v 0.824364 -0.687611 0.221811
v 0.825000 -0.720000 0.259713
v -0.870000 -0.720000 0.233285
v -0.869329 -0.685844 0.222823
v -0.867318 -0.651741 0.256979
v -0.863970 -0.617742 0.242437
v -0.859289 -0.583902 0.229376
v -0.853283 -0.550271 0.231663
v -0.845962 -0.516903 0.242762
v -0.837336 -0.483847 0.245311
v -0.827419 -0.451155 0.222164
v -0.816226 -0.418878 0.223441
v -0.803775 -0.387065 0.231721
v -0.790085 -0.355766 0.238384
v -0.775176 -0.325028 0.256195
v -0.759072 -0.294900 0.231614
v -0.741797 -0.265426 0.232542
v -0.723379 -0.236654 0.240870
v -0.703845 -0.208627 0.231234
v -0.683226 -0.181388 0.221919
v -0.661553 -0.154980 0.225186
v -0.638861 -0.129443 0.247724
v -0.615183 -0.104817 0.247272
v -0.590557 -0.081139 0.229838
v -0.565020 -0.058447 0.221482
v -0.538612 -0.036774 0.226547
v -0.511373 -0.016155 0.227485
v -0.483346 0.003379 0.231891
v -0.454574 0.021797 0.247302
v -0.425100 0.039072 0.250676
v -0.394972 0.055176 0.230679
v -0.364234 0.070085 0.221795
v -0.332935 0.083775 0.251916
v -0.301122 0.096226 0.225879
v -0.268845 0.107419 0.245846
v -0.236153 0.117336 0.237954
v -0.203097 0.125962 0.253151
v -0.169729 0.133283 0.228950
v -0.136098 0.139289 0.232948
v -0.102258 0.143970 0.236434
v -0.068259 0.147318 0.220669
v -0.034156 0.149329 0.251130
v 0.000000 0.150000 0.227500
v 0.034156 0.149329 0.254582
v 0.068259 0.147318 0.228550
v 0.102258 0.143970 0.255277
v 0.136098 0.139289 0.231801
v 0.169729 0.133283 0.230709
v 0.203097 0.125962 0.249382
v 0.236153 0.117336 0.250453
v 0.268845 0.107419 0.245681
v 0.301122 0.096226 0.220041
v 0.332935 0.083775 0.234296
v 0.364234 0.070085 0.229435
v 0.394972 0.055176 0.239088
v 0.425100 0.039072 0.238334
v 0.454574 0.021797 0.220997
v 0.483346 0.003379 0.231038
v 0.511373 -0.016155 0.243530
v 0.538612 -0.036774 0.251193
v 0.565020 -0.058447 0.236895
v 0.590557 -0.081139 0.229460
v 0.615183 -0.104817 0.234245
v 0.638861 -0.129443 0.226362
v 0.661553 -0.154980 0.257007
v 0.683226 -0.181388 0.238055
v 0.703845 -0.208627 0.234153
v 0.723379 -0.236654 0.244476
v 0.741797 -0.265426 0.241251
v 0.759072 -0.294900 0.223899
v 0.775176 -0.325028 0.239708
v 0.790085 -0.355766 0.222536
v 0.803775 -0.387065 0.235250
v 0.816226 -0.418878 0.235603
v 0.827419 -0.451155 0.246759
v 0.837336 -0.483847 0.220932
v 0.845962 -0.516903 0.224234
v 0.853283 -0.550271 0.225025
v 0.859289 -0.583902 0.239844
v 0.863970 -0.617742 0.236036
v 0.867318 -0.651741 0.228872
v 0.869329 -0.685844 0.233210
v 0.870000 -0.720000 0.247511
v -0.915000 -0.720000 0.221822
v -0.914295 -0.684077 0.258952
v -0.912179 -0.648210 0.247942
v -0.908658 -0.612453 0.222426
v -0.903735 -0.576862 0.259671
v -0.897419 -0.541492 0.241121
v -0.889718 -0.506397 0.237221
v -0.880647 -0.471632 0.253314
v -0.870217 -0.437249 0.248093
v -0.858445 -0.403303 0.238143
v -0.845350 -0.369845 0.253009
v -0.830951 -0.336926 0.242892
v -0.815271 -0.304599 0.230154
v -0.798334 -0.272912 0.235895
v -0.780166 -0.241914 0.223653
v -0.760795 -0.211653 0.231994
v -0.740251 -0.182176 0.230336
v -0.718565 -0.153529 0.221403
v -0.695771 -0.125755 0.224539
v -0.671905 -0.098897 0.221664
v -0.647003 -0.072997 0.258051
v -0.621103 -0.048095 0.245221
v -0.594245 -0.024229 0.232318
v -0.566471 -0.001435 0.234708
v -0.537824 0.020251 0.226078
v -0.508347 0.040795 0.251013
v -0.478086 0.060166 0.246230
v -0.447088 0.078334 0.239580
v -0.415401 0.095271 0.246217
v -0.383074 0.110951 0.228947
v -0.350155 0.125350 0.238291
v -0.316697 0.138445 0.255966
v -0.282751 0.150217 0.222955
v -0.248368 0.160647 0.257958
v -0.213603 0.169718 0.256824
v -0.178508 0.177419 0.257828
v -0.143138 0.183735 0.228147
v -0.107547 0.188658 0.241997
v -0.071790 0.192179 0.239489
v -0.035923 0.194295 0.251296
v 0.000000 0.195000 0.222570
v 0.035923 0.194295 0.222296
v 0.071790 0.192179 0.253540
v 0.107547 0.188658 0.241221
v 0.143138 0.183735 0.222023
v 0.178508 0.177419 0.244376
v 0.213603 0.169718 0.247395
v 0.248368 0.160647 0.239122
v 0.282751 0.150217 0.234723
v 0.316697 0.138445 0.244814
v 0.350155 0.125350 0.257220
v 0.383074 0.110951 0.232374
v 0.415401 0.095271 0.238209
v 0.447088 0.078334 0.253031
v 0.478086 0.060166 0.248183
v 0.508347 0.040795 0.220516
v 0.537824 0.020251 0.236186
v 0.566471 -0.001435 0.222927
v 0.594245 -0.024229 0.254553
v 0.621103 -0.048095 0.258074
v 0.647003 -0.072997 0.239792
v 0.671905 -0.098897 0.233408
v 0.695771 -0.125755 0.233900
v 0.718565 -0.153529 0.248083
v 0.740251 -0.182176 0.239947
v 0.760795 -0.211653 0.234532
v 0.780166 -0.241914 0.253220
v 0.798334 -0.272912 0.233235
v 0.815271 -0.304599 0.233424
v 0.830951 -0.336926 0.223442
v 0.845350 -0.369845 0.225531
v 0.858445 -0.403303 0.242942
v 0.870217 -0.437249 0.243420
v 0.880647 -0.471632 0.227381
v 0.889718 -0.506397 0.258384
v 0.897419 -0.541492 0.234626
v 0.903735 -0.576862 0.248312
v 0.908658 -0.612453 0.222225
v 0.912179 -0.648210 0.238908
v 0.914295 -0.684077 0.222937
v 0.915000 -0.720000 0.252746
v -0.960000 -0.720000 0.251590
v -0.959260 -0.682311 0.247985
v -0.957041 -0.644679 0.231490
v -0.953346 -0.607164 0.222299
v -0.948181 -0.569823 0.244218
v -0.941554 -0.532713 0.257504
v -0.933475 -0.495892 0.248812
v -0.923957 -0.459417 0.258809
v -0.913014 -0.423344 0.235638
v -0.900664 -0.387728 0.233791
v -0.886924 -0.352624 0.231497
v -0.871817 -0.318087 0.221965
v -0.855366 -0.284169 0.256546
v -0.837596 -0.250924 0.253965
v -0.818535 -0.218401 0.243888
v -0.798211 -0.186653 0.238896
v -0.776656 -0.155726 0.249049
v -0.753904 -0.125670 0.246473
v -0.729990 -0.096530 0.226295
v -0.704950 -0.068351 0.246433
v -0.678823 -0.041177 0.248930
v -0.651649 -0.015050 0.244036
v -0.623470 0.009990 0.230949
v -0.594330 0.033904 0.240780
v -0.564274 0.056656 0.243073
v -0.533347 0.078211 0.241224
v -0.501599 0.098535 0.238768
v -0.469076 0.117596 0.226389
v -0.435831 0.135366 0.227580
v -0.401913 0.151817 0.250578
v -0.367376 0.166924 0.229270
v -0.332272 0.180664 0.234959
v -0.296656 0.193014 0.246820
v -0.260583 0.203957 0.252149
v -0.224108 0.213475 0.236416
v -0.187287 0.221554 0.241858
v -0.150177 0.228181 0.251869
v -0.112836 0.233346 0.257945
v -0.075321 0.237041 0.224835
v -0.037689 0.239260 0.233129
v 0.000000 0.240000 0.236800
v 0.037689 0.239260 0.231661
v 0.075321 0.237041 0.241896
v 0.112836 0.233346 0.238289
v 0.150177 0.228181 0.259589
v 0.187287 0.221554 0.224163
v 0.224108 0.213475 0.225613
v 0.260583 0.203957 0.246162
v 0.296656 0.193014 0.225544
v 0.332272 0.180664 0.237934
v 0.367376 0.166924 0.231124
v 0.401913 0.151817 0.235265
v 0.435831 0.135366 0.256184
v 0.469076 0.117596 0.240415
v 0.501599 0.098535 0.237503
v 0.533347 0.078211 0.235209
v 0.564274 0.056656 0.233921
v 0.594330 0.033904 0.253364
v 0.623470 0.009990 0.242308
v 0.651649 -0.015050 0.245170
v 0.678823 -0.041177 0.235324
v 0.704950 -0.068351 0.246894
v 0.729990 -0.096530 0.227598
v 0.753904 -0.125670 0.258875
v 0.776656 -0.155726 0.238340
v 0.798211 -0.186653 0.250566
v 0.818535 -0.218401 0.243345
v 0.837596 -0.250924 0.248670
v 0.855366 -0.284169 0.226173
v 0.871817 -0.318087 0.250877
v 0.886924 -0.352624 0.239853
v 0.900664 -0.387728 0.230095
v 0.913014 -0.423344 0.229308
v 0.923957 -0.459417 0.243701
v 0.933475 -0.495892 0.220460
v 0.941554 -0.532713 0.257647
v 0.948181 -0.569823 0.257199
v 0.953346 -0.607164 0.234123
v 0.957041 -0.644679 0.252691
v 0.959260 -0.682311 0.247786
v 0.960000 -0.720000 0.230320
v -1.005000 -0.720000 0.252352
v -1.004225 -0.680544 0.227629
v -1.001902 -0.641149 0.235284
v -0.998034 -0.601875 0.235427
v -0.992627 -0.562783 0.232853
v -0.985689 -0.523934 0.258494
v -0.977232 -0.485387 0.242619
v -0.967268 -0.447202 0.244883
v -0.955812 -0.409438 0.240711
v -0.942882 -0.372152 0.245176
v -0.928499 -0.335403 0.230361
v -0.912684 -0.299247 0.246854
v -0.895462 -0.263740 0.222364
v -0.876858 -0.228936 0.257486
v -0.856903 -0.194889 0.254412
v -0.835627 -0.161652 0.251225
v -0.813062 -0.129276 0.239522
v -0.789244 -0.097811 0.223602
v -0.764208 -0.067305 0.245580
v -0.737994 -0.037805 0.247607
v -0.710642 -0.009358 0.246105
v -0.682195 0.017994 0.245198
v -0.652695 0.044208 0.252429
v -0.622189 0.069244 0.225235
v -0.590724 0.093062 0.226421
v -0.558348 0.115627 0.248513
v -0.525111 0.136903 0.238750
v -0.491064 0.156858 0.255715
v -0.456260 0.175462 0.246117
v -0.420753 0.192684 0.237298
v -0.384597 0.208499 0.227900
v -0.347848 0.222882 0.255669
v -0.310562 0.235812 0.243845
v -0.272798 0.247268 0.249971
v -0.234613 0.257232 0.253659
v -0.196066 0.265689 0.256017
v -0.157217 0.272627 0.241681
v -0.118125 0.278034 0.229041
v -0.078851 0.281902 0.222019
v -0.039456 0.284225 0.252889
v 0.000000 0.285000 0.238208
v 0.039456 0.284225 0.235423
v 0.078851 0.281902 0.222395
v 0.118125 0.278034 0.246068
v 0.157217 0.272627 0.235259
v 0.196066 0.265689 0.257630
v 0.234613 0.257232 0.256824
v 0.272798 0.247268 0.255910
v 0.310562 0.235812 0.252701
v 0.347848 0.222882 0.253895
v 0.384597 0.208499 0.257732
v 0.420753 0.192684 0.243081
v 0.456260 0.175462 0.231933
v 0.491064 0.156858 0.251826
v 0.525111 0.136903 0.222779
v 0.558348 0.115627 0.221779
v 0.590724 0.093062 0.232870
v 0.622189 0.069244 0.231500
v 0.652695 0.044208 0.249189
v 0.682195 0.017994 0.226950
v 0.710642 -0.009358 0.247549
v 0.737994 -0.037805 0.220625
v 0.764208 -0.067305 0.249375
v 0.789244 -0.097811 0.249294
v 0.813062 -0.129276 0.234311
v 0.835627 -0.161652 0.234361
v 0.856903 -0.194889 0.226177
v 0.876858 -0.228936 0.224772
v 0.895462 -0.263740 0.242243
v 0.912684 -0.299247 0.257562
v 0.928499 -0.335403 0.245750
v 0.942882 -0.372152 0.247860
v 0.955812 -0.409438 0.244080
v 0.967268 -0.447202 0.258708
v 0.977232 -0.485387 0.223184
v 0.985689 -0.523934 0.222038
v 0.992627 -0.562783 0.242716
v 0.998034 -0.601875 0.237051
v 1.001902 -0.641149 0.255045
v 1.004225 -0.680544 0.245385
v 1.005000 -0.720000 0.255214
v -1.050000 -0.720000 0.234366
v -1.049190 -0.678777 0.236542
v -1.046763 -0.637618 0.247557
v -1.042722 -0.596586 0.254876
v -1.037073 -0.555744 0.234497
v -1.029825 -0.515155 0.221044
v -1.020988 -0.474882 0.223831
v -1.010578 -0.434988 0.235468
v -0.998609 -0.395532 0.240069
v -0.985101 -0.356577 0.227194
v -0.970074 -0.318182 0.232057
v -0.953550 -0.280407 0.227893
v -0.935557 -0.243310 0.254291
v -0.916121 -0.206948 0.258691
v -0.895272 -0.171377 0.257342
v -0.873043 -0.136651 0.259128
v -0.849468 -0.102825 0.233510
v -0.824583 -0.069951 0.238324
v -0.798426 -0.038080 0.256856
v -0.771039 -0.007259 0.230960
v -0.742462 0.022462 0.236655
v -0.712741 0.051039 0.228414
v -0.681920 0.078426 0.251824
v -0.650049 0.104583 0.247764
v -0.617175 0.129468 0.243180
v -0.583349 0.153043 0.238646
v -0.548623 0.175272 0.220654
v -0.513052 0.196121 0.253114
v -0.476690 0.215557 0.253591
v -0.439593 0.233550 0.259243
v -0.401818 0.250074 0.236277
v -0.363423 0.265101 0.250317
v -0.324468 0.278609 0.220722
v -0.285012 0.290578 0.241774
v -0.245118 0.300988 0.251022
v -0.204845 0.309825 0.255199
v -0.164256 0.317073 0.254320
v -0.123414 0.322722 0.259198
v -0.082382 0.326763 0.236225
v -0.041223 0.329190 0.247549
v 0.000000 0.330000 0.235730
v 0.041223 0.329190 0.226655
v 0.082382 0.326763 0.223259
v 0.123414 0.322722 0.223198
v 0.164256 0.317073 0.239281
v 0.204845 0.309825 0.232708
v 0.245118 0.300988 0.254749
v 0.285012 0.290578 0.253380
v 0.324468 0.278609 0.230578
v 0.363423 0.265101 0.226315
v 0.401818 0.250074 0.237965
v 0.439593 0.233550 0.220765
v 0.476690 0.215557 0.225145
v 0.513052 0.196121 0.259499
v 0.548623 0.175272 0.238071
v 0.583349 0.153043 0.246259
v 0.617175 0.129468 0.228225
v 0.650049 0.104583 0.245898
v 0.681920 0.078426 0.244680
v 0.712741 0.051039 0.240566
v 0.742462 0.022462 0.223778
v 0.771039 -0.007259 0.228138
v 0.798426 -0.038080 0.229602
v 0.824583 -0.069951 0.237457
v 0.849468 -0.102825 0.232897
v 0.873043 -0.136651 0.248521
v 0.895272 -0.171377 0.257133
v 0.916121 -0.206948 0.236259
v 0.935557 -0.243310 0.225228
v 0.953550 -0.280407 0.235289
v 0.970074 -0.318182 0.250407
v 0.985101 -0.356577 0.227574
v 0.998609 -0.395532 0.248345
v 1.010578 -0.434988 0.221748
v 1.020988 -0.474882 0.258921
v 1.029825 -0.515155 0.254817
v 1.037073 -0.555744 0.220384
v 1.042722 -0.596586 0.236486
v 1.046763 -0.637618 0.231658
v 1.049190 -0.678777 0.234177
v 1.050000 -0.720000 0.242463
v -1.050000 -1.000000 0.018213
v -0.997500 -1.000000 0.012154
v -0.945000 -1.000000 -0.010405
v -0.892500 -1.000000 0.016563
v -0.840000 -1.000000 0.005607
v -0.787500 -1.000000 -0.015123
v -0.735000 -1.000000 -0.018221
v -0.682500 -1.000000 0.003309
v -0.630000 -1.000000 -0.013254
v -0.577500 -1.000000 -0.015163
v -0.525000 -1.000000 0.011497
v -0.472500 -1.000000 0.017440
v -0.420000 -1.000000 0.010525
v -1.050000 -1.019375 -0.013780
v -0.997500 -1.019375 -0.016584
v -0.945000 -1.019375 -0.016858
v -0.892500 -1.019375 0.007789
v -0.840000 -1.019375 0.010463
v -0.787500 -1.019375 -0.004090
v -0.735000 -1.019375 -0.009639
v -0.682500 -1.019375 -0.007706
v -0.630000 -1.019375 -0.008329
v -0.577500 -1.019375 -0.014855
v -0.525000 -1.019375 -0.015159
v -0.472500 -1.019375 0.011744
v -0.420000 -1.019375 -0.018250
v -1.050000 -1.038750 -0.015634
v -0.997500 -1.038750 -0.012197
v -0.945000 -1.038750 0.007593
v -0.892500 -1.038750 0.011591
v -0.840000 -1.038750 -0.009407
v -0.787500 -1.038750 -0.015052
v -0.735000 -1.038750 -0.007650
v -0.682500 -1.038750 0.009149
v -0.630000 -1.038750 0.002776
v -0.577500 -1.038750 0.003339
v -0.525000 -1.038750 0.010001
v -0.472500 -1.038750 -0.009778
v -0.420000 -1.038750 -0.012639
v -1.050000 -1.058125 -0.004057
v -0.997500 -1.058125 -0.000121
v -0.945000 -1.058125 0.001956
v -0.892500 -1.058125 0.003824
v -0.840000 -1.058125 -0.007556
v -0.787500 -1.058125 -0.003594
v -0.735000 -1.058125 -0.006644
v -0.682500 -1.058125 -0.008166
v -0.630000 -1.058125 -0.009581
v -0.577500 -1.058125 0.009694
v -0.525000 -1.058125 0.001908
v -0.472500 -1.058125 0.012639
v -0.420000 -1.058125 0.002668
v -1.050000 -1.077500 -0.006648
v -0.997500 -1.077500 0.012664
v -0.945000 -1.077500 -0.013923
v -0.892500 -1.077500 -0.017335
v -0.840000 -1.077500 0.000836
v -0.787500 -1.077500 -0.017400
v -0.735000 -1.077500 0.014087
v -0.682500 -1.077500 0.005313
v -0.630000 -1.077500 -0.008528
v -0.577500 -1.077500 0.015799
v -0.525000 -1.077500 -0.018482
v -0.472500 -1.077500 -0.017887
v -0.420000 -1.077500 0.012443
v -1.050000 -1.096875 0.012044
v -0.997500 -1.096875 0.015426
v -0.945000 -1.096875 -0.007978
v -0.892500 -1.096875 -0.007786
v -0.840000 -1.096875 -0.007674
v -0.787500 -1.096875 0.001827
v -0.735000 -1.096875 -0.014677
v -0.682500 -1.096875 -0.001183
v -0.630000 -1.096875 0.011993
v -0.577500 -1.096875 -0.004692
v -0.525000 -1.096875 -0.000793
v -0.472500 -1.096875 -0.015336
v -0.420000 -1.096875 0.003011
v -1.050000 -1.116250 -0.014812
v -0.997500 -1.116250 -0.009789
v -0.945000 -1.116250 -0.015143
v -0.892500 -1.116250 -0.006909
v -0.840000 -1.116250 -0.011460
v -0.787500 -1.116250 0.011353
v -0.735000 -1.116250 0.008448
v -0.682500 -1.116250 -0.003600
v -0.630000 -1.116250 0.000372
v -0.577500 -1.116250 -0.002919
v -0.525000 -1.116250 -0.018750
v -0.472500 -1.116250 0.012703
v -0.420000 -1.116250 -0.007929
v -1.050000 -1.135625 0.017627
v -0.997500 -1.135625 0.011252
v -0.945000 -1.135625 0.008553
v -0.892500 -1.135625 -0.013763
v -0.840000 -1.135625 -0.019138
v -0.787500 -1.135625 0.016788
v -0.735000 -1.135625 0.004536
v -0.682500 -1.135625 0.008380
v -0.630000 -1.135625 0.008612
v -0.577500 -1.135625 0.005306
v -0.525000 -1.135625 -0.001843
v -0.472500 -1.135625 -0.015102
v -0.420000 -1.135625 -0.000401
v -1.050000 -1.155000 0.015251
v -0.997500 -1.155000 0.016180
v -0.945000 -1.155000 -0.012699
v -0.892500 -1.155000 -0.008592
v -0.840000 -1.155000 -0.016801
v -0.787500 -1.155000 -0.009945
v -0.735000 -1.155000 0.014226
v -0.682500 -1.155000 -0.012467
v -0.630000 -1.155000 0.000700
v -0.577500 -1.155000 -0.000719
v -0.525000 -1.155000 -0.012050
v -0.472500 -1.155000 -0.013362
v -0.420000 -1.155000 -0.013701
v -1.050000 -1.174375 -0.004371
v -0.997500 -1.174375 0.006683
v -0.945000 -1.174375 -0.008798
v -0.892500 -1.174375 -0.001264
v -0.840000 -1.174375 0.005112
v -0.787500 -1.174375 0.006980
v -0.735000 -1.174375 0.011934
v -0.682500 -1.174375 0.015140
v -0.630000 -1.174375 0.008811
v -0.577500 -1.174375 -0.012620
v -0.525000 -1.174375 -0.018568
v -0.472500 -1.174375 -0.006631
v -0.420000 -1.174375 0.009105
v -1.050000 -1.193750 -0.014506
v -0.997500 -1.193750 -0.005413
v -0.945000 -1.193750 0.015540
v -0.892500 -1.193750 0.003394
v -0.840000 -1.193750 0.014801
v -0.787500 -1.193750 -0.008322
v -0.735000 -1.193750 -0.006049
v -0.682500 -1.193750 -0.015645
v -0.630000 -1.193750 0.002562
v -0.577500 -1.193750 -0.001885
v -0.525000 -1.193750 0.019117
v -0.472500 -1.193750 0.000816
v -0.420000 -1.193750 0.016926
v -1.050000 -1.213125 0.005607
v -0.997500 -1.213125 -0.017637
v -0.945000 -1.213125 -0.005552
v -0.892500 -1.213125 0.003708
v -0.840000 -1.213125 -0.003563
v -0.787500 -1.213125 0.014365
v -0.735000 -1.213125 0.006320
v -0.682500 -1.213125 0.013195
v -0.630000 -1.213125 0.002244
v -0.577500 -1.213125 0.004004
v -0.525000 -1.213125 0.008166
v -0.472500 -1.213125 -0.010142
v -0.420000 -1.213125 0.009662
v -1.050000 -1.232500 -0.009946
v -0.997500 -1.232500 -0.016668
v -0.945000 -1.232500 0.015285
v -0.892500 -1.232500 0.016877
v -0.840000 -1.232500 -0.001366
v -0.787500 -1.232500 0.012926
v -0.735000 -1.232500 -0.012513
v -0.682500 -1.232500 -0.006972
v -0.630000 -1.232500 0.016540
v -0.577500 -1.232500 0.008115
v -0.525000 -1.232500 0.015781
v -0.472500 -1.232500 -0.001229
v -0.420000 -1.232500 -0.009318
v -1.050000 -1.251875 -0.008274
v -0.997500 -1.251875 -0.004556
v -0.945000 -1.251875 -0.004411
v -0.892500 -1.251875 0.013101
v -0.840000 -1.251875 0.000897
v -0.787500 -1.251875 0.003576
v -0.735000 -1.251875 -0.014038
v -0.682500 -1.251875 -0.003874
v -0.630000 -1.251875 0.016493
v -0.577500 -1.251875 0.002046
v -0.525000 -1.251875 -0.016435
v -0.472500 -1.251875 -0.007682
v -0.420000 -1.251875 0.017680
v -1.050000 -1.271250 0.008064
v -0.997500 -1.271250 0.002214
v -0.945000 -1.271250 0.009429
v -0.892500 -1.271250 -0.018263
v -0.840000 -1.271250 0.004091
v -0.787500 -1.271250 0.012632
v -0.735000 -1.271250 -0.003167
v -0.682500 -1.271250 -0.018174
v -0.630000 -1.271250 0.015285
v -0.577500 -1.271250 0.005817
v -0.525000 -1.271250 -0.003904
v -0.472500 -1.271250 0.001064
v -0.420000 -1.271250 0.006416
v -1.050000 -1.290625 0.013150
v -0.997500 -1.290625 -0.012427
v -0.945000 -1.290625 0.009938
v -0.892500 -1.290625 0.000002
v -0.840000 -1.290625 -0.012751
v -0.787500 -1.290625 0.015512
v -0.735000 -1.290625 -0.013005
v -0.682500 -1.290625 -0.004598
v -0.630000 -1.290625 0.001873
v -0.577500 -1.290625 0.004767
v -0.525000 -1.290625 0.004518
v -0.472500 -1.290625 0.018479
v -0.420000 -1.290625 0.011055
v -1.050000 -1.310000 0.018869
v -0.997500 -1.310000 -0.005460
v -0.945000 -1.310000 -0.017140
v -0.892500 -1.310000 0.001918
v -0.840000 -1.310000 -0.014129
v -0.787500 -1.310000 -0.011437
v -0.735000 -1.310000 -0.013879
v -0.682500 -1.310000 -0.003665
v -0.630000 -1.310000 0.010316
v -0.577500 -1.310000 0.006555
v -0.525000 -1.310000 0.016929
v -0.472500 -1.310000 -0.009931
v -0.420000 -1.310000 0.009484
v -1.050000 -1.329375 0.013625
v -0.997500 -1.329375 0.015285
v -0.945000 -1.329375 0.014005
v -0.892500 -1.329375 0.013836
v -0.840000 -1.329375 0.000534
v -0.787500 -1.329375 0.013739
v -0.735000 -1.329375 0.006620
v -0.682500 -1.329375 0.003586
v -0.630000 -1.329375 -0.014963
v -0.577500 -1.329375 -0.003361
v -0.525000 -1.329375 0.014006
v -0.472500 -1.329375 0.009064
v -0.420000 -1.329375 0.005983
v -1.050000 -1.348750 0.002034
v -0.997500 -1.348750 0.019136
v -0.945000 -1.348750 -0.002333
v -0.892500 -1.348750 -0.010170
v -0.840000 -1.348750 0.014388
v -0.787500 -1.348750 0.015819
v -0.735000 -1.348750 -0.003186
v -0.682500 -1.348750 0.005844
v -0.630000 -1.348750 0.013606
v -0.577500 -1.348750 -0.012348
v -0.525000 -1.348750 -0.018150
v -0.472500 -1.348750 -0.013237
v -0.420000 -1.348750 -0.016267
v -1.050000 -1.368125 0.013471
v -0.997500 -1.368125 -0.018808
v -0.945000 -1.368125 -0.016102
v -0.892500 -1.368125 -0.011642
v -0.840000 -1.368125 0.008483
v -0.787500 -1.368125 -0.000309
v -0.735000 -1.368125 0.003109
v -0.682500 -1.368125 0.012736
v -0.630000 -1.368125 -0.007813
v -0.577500 -1.368125 0.000148
v -0.525000 -1.368125 -0.006888
v -0.472500 -1.368125 -0.018602
v -0.420000 -1.368125 0.018573
v -1.050000 -1.387500 0.014156
v -0.997500 -1.387500 -0.018443
v -0.945000 -1.387500 0.001150
v -0.892500 -1.387500 0.011956
v -0.840000 -1.387500 0.006969
v -0.787500 -1.387500 0.016435
v -0.735000 -1.387500 -0.005892
v -0.682500 -1.387500 0.018546
v -0.630000 -1.387500 -0.000821
v -0.577500 -1.387500 0.003609
v -0.525000 -1.387500 -0.013281
v -0.472500 -1.387500 0.012316
v -0.420000 -1.387500 -0.010105
v -1.050000 -1.406875 -0.005628
v -0.997500 -1.406875 0.017970
v -0.945000 -1.406875 0.010509
v -0.892500 -1.406875 0.010443
v -0.840000 -1.406875 0.016709
v -0.787500 -1.406875 0.012665
v -0.735000 -1.406875 0.011003
v -0.682500 -1.406875 0.014410
v -0.630000 -1.406875 0.010674
v -0.577500 -1.406875 -0.000995
v -0.525000 -1.406875 -0.000567
v -0.472500 -1.406875 -0.008979
v -0.420000 -1.406875 -0.011941
v -1.050000 -1.426250 -0.003125
v -0.997500 -1.426250 0.018097
v -0.945000 -1.426250 0.017828
v -0.892500 -1.426250 -0.018340
v -0.840000 -1.426250 -0.003337
v -0.787500 -1.426250 -0.010219
v -0.735000 -1.426250 -0.017876
v -0.682500 -1.426250 0.004730
v -0.630000 -1.426250 0.018304
v -0.577500 -1.426250 -0.005899
v -0.525000 -1.426250 0.012477
v -0.472500 -1.426250 0.011275
v -0.420000 -1.426250 0.011969
v -1.050000 -1.445625 0.014559
v -0.997500 -1.445625 -0.010847
v -0.945000 -1.445625 -0.007694
v -0.892500 -1.445625 0.012888
v -0.840000 -1.445625 -0.008097
v -0.787500 -1.445625 0.014621
v -0.735000 -1.445625 -0.012484
v -0.682500 -1.445625 -0.000328
v -0.630000 -1.445625 -0.010990
v -0.577500 -1.445625 0.014955
v -0.525000 -1.445625 0.013491
v -0.472500 -1.445625 0.016502
v -0.420000 -1.445625 0.007212
v -1.050000 -1.465000 0.007288
v -0.997500 -1.465000 -0.003404
v -0.945000 -1.465000 -0.004154
v -0.892500 -1.465000 0.004790
v -0.840000 -1.465000 0.017039
v -0.787500 -1.465000 0.012565
v -0.735000 -1.465000 0.003909
v -0.682500 -1.465000 0.011978
v -0.630000 -1.465000 0.007487
v -0.577500 -1.465000 0.014362
v -0.525000 -1.465000 0.001939
v -0.472500 -1.465000 0.005152
v -0.420000 -1.465000 -0.004390
v -1.050000 -1.484375 0.016805
v -0.997500 -1.484375 -0.011679
v -0.945000 -1.484375 -0.019071
v -0.892500 -1.484375 0.004799
v -0.840000 -1.484375 0.015433
v -0.787500 -1.484375 0.005386
v -0.735000 -1.484375 0.004539
v -0.682500 -1.484375 -0.002504
v -0.630000 -1.484375 -0.009525
v -0.577500 -1.484375 -0.007413
v -0.525000 -1.484375 0.015542
v -0.472500 -1.484375 -0.002152
v -0.420000 -1.484375 0.015152
v -1.050000 -1.503750 -0.012442
v -0.997500 -1.503750 0.015655
v -0.945000 -1.503750 -0.001019
v -0.892500 -1.503750 -0.004316
v -0.840000 -1.503750 -0.013009
v -0.787500 -1.503750 0.008430
v -0.735000 -1.503750 -0.012165
v -0.682500 -1.503750 0.011559
v -0.630000 -1.503750 0.018861
v -0.577500 -1.503750 0.004778
v -0.525000 -1.503750 0.013373
v -0.472500 -1.503750 0.015619
v -0.420000 -1.503750 0.001717
v -1.050000 -1.523125 -0.017991
v -0.997500 -1.523125 -0.006507
v -0.945000 -1.523125 -0.010819
v -0.892500 -1.523125 -0.005209
v -0.840000 -1.523125 0.014543
v -0.787500 -1.523125 -0.015751
v -0.735000 -1.523125 0.018241
v -0.682500 -1.523125 -0.002026
v -0.630000 -1.523125 0.001124
v -0.577500 -1.523125 -0.008659
v -0.525000 -1.523125 -0.014409
v -0.472500 -1.523125 -0.009883
v -0.420000 -1.523125 -0.010635
v -1.050000 -1.542500 -0.004675
v -0.997500 -1.542500 -0.017759
v -0.945000 -1.542500 0.014654
v -0.892500 -1.542500 -0.015622
v -0.840000 -1.542500 0.017942
v -0.787500 -1.542500 0.016752
v -0.735000 -1.542500 0.016393
v -0.682500 -1.542500 0.013620
v -0.630000 -1.542500 -0.010219
v -0.577500 -1.542500 -0.017122
v -0.525000 -1.542500 -0.009899
v -0.472500 -1.542500 -0.012316
v -0.420000 -1.542500 0.014419
v -1.050000 -1.561875 0.005989
v -0.997500 -1.561875 -0.017687
v -0.945000 -1.561875 -0.008983
v -0.892500 -1.561875 -0.009021
v -0.840000 -1.561875 -0.007256
v -0.787500 -1.561875 -0.011637
v -0.735000 -1.561875 -0.015729
v -0.682500 -1.561875 -0.009284
v -0.630000 -1.561875 0.006593
v -0.577500 -1.561875 -0.006478
v -0.525000 -1.561875 0.018599
v -0.472500 -1.561875 0.009831
v -0.420000 -1.561875 -0.015889
v -1.050000 -1.581250 0.011716
v -0.997500 -1.581250 -0.004302
v -0.945000 -1.581250 -0.007667
v -0.892500 -1.581250 0.001404
v -0.840000 -1.581250 -0.008558
v -0.787500 -1.581250 0.000646
v -0.735000 -1.581250 0.018990
v -0.682500 -1.581250 -0.009610
v -0.630000 -1.581250 0.011616
v -0.577500 -1.581250 0.004922
v -0.525000 -1.581250 -0.009124
v -0.472500 -1.581250 -0.018309
v -0.420000 -1.581250 0.017863
v -1.050000 -1.600625 -0.007730
v -0.997500 -1.600625 0.008846
v -0.945000 -1.600625 -0.001657
v -0.892500 -1.600625 0.000979
v -0.840000 -1.600625 -0.008578
v -0.787500 -1.600625 0.015948
v -0.735000 -1.600625 0.011365
v -0.682500 -1.600625 0.003262
v -0.630000 -1.600625 -0.007890
v -0.577500 -1.600625 -0.018893
v -0.525000 -1.600625 0.017295
v -0.472500 -1.600625 -0.003411
v -0.420000 -1.600625 0.015239
v -1.050000 -1.620000 0.018159
v -0.997500 -1.620000 0.002156
v -0.945000 -1.620000 -0.002860
v -0.892500 -1.620000 0.001001
v -0.840000 -1.620000 -0.018426
v -0.787500 -1.620000 0.000559
v -0.735000 -1.620000 0.002349
v -0.682500 -1.620000 -0.008639
v -0.630000 -1.620000 -0.015862
v -0.577500 -1.620000 0.012293
v -0.525000 -1.620000 -0.002119
v -0.472500 -1.620000 -0.018703
v -0.420000 -1.620000 -0.003798
v 0.420000 -1.000000 0.018213
v 0.472500 -1.000000 0.012154
v 0.525000 -1.000000 -0.010405
v 0.577500 -1.000000 0.016563
v 0.630000 -1.000000 0.005607
v 0.682500 -1.000000 -0.015123
v 0.735000 -1.000000 -0.018221
v 0.787500 -1.000000 0.003309
v 0.840000 -1.000000 -0.013254
v 0.892500 -1.000000 -0.015163
v 0.945000 -1.000000 0.011497
v 0.997500 -1.000000 0.017440
v 1.050000 -1.000000 0.010525
v 0.420000 -1.019375 -0.013780
v 0.472500 -1.019375 -0.016584
v 0.525000 -1.019375 -0.016858
v 0.577500 -1.019375 0.007789
v 0.630000 -1.019375 0.010463
v 0.682500 -1.019375 -0.004090
v 0.735000 -1.019375 -0.009639
v 0.787500 -1.019375 -0.007706
v 0.840000 -1.019375 -0.008329
v 0.892500 -1.019375 -0.014855
v 0.945000 -1.019375 -0.015159
v 0.997500 -1.019375 0.011744
v 1.050000 -1.019375 -0.018250
v 0.420000 -1.038750 -0.015634
v 0.472500 -1.038750 -0.012197
v 0.525000 -1.038750 0.007593
v 0.577500 -1.038750 0.011591
v 0.630000 -1.038750 -0.009407
v 0.682500 -1.038750 -0.015052
v 0.735000 -1.038750 -0.007650
v 0.787500 -1.038750 0.009149
v 0.840000 -1.038750 0.002776
v 0.892500 -1.038750 0.003339
v 0.945000 -1.038750 0.010001
v 0.997500 -1.038750 -0.009778
v 1.050000 -1.038750 -0.012639
v 0.420000 -1.058125 -0.004057
v 0.472500 -1.058125 -0.000121
v 0.525000 -1.058125 0.001956
v 0.577500 -1.058125 0.003824
v 0.630000 -1.058125 -0.007556
v 0.682500 -1.058125 -0.003594
v 0.735000 -1.058125 -0.006644
v 0.787500 -1.058125 -0.008166
v 0.840000 -1.058125 -0.009581
v 0.892500 -1.058125 0.009694
v 0.945000 -1.058125 0.001908
v 0.997500 -1.058125 0.012639
v 1.050000 -1.058125 0.002668
v 0.420000 -1.077500 -0.006648
v 0.472500 -1.077500 0.012664
v 0.525000 -1.077500 -0.013923
v 0.577500 -1.077500 -0.017335
v 0.630000 -1.077500 0.000836
v 0.682500 -1.077500 -0.017400
v 0.735000 -1.077500 0.014087
v 0.787500 -1.077500 0.005313
v 0.840000 -1.077500 -0.008528
v 0.892500 -1.077500 0.015799
v 0.945000 -1.077500 -0.018482
v 0.997500 -1.077500 -0.017887
v 1.050000 -1.077500 0.012443
v 0.420000 -1.096875 0.012044
v 0.472500 -1.096875 0.015426
v 0.525000 -1.096875 -0.007978
v 0.577500 -1.096875 -0.007786
v 0.630000 -1.096875 -0.007674
v 0.682500 -1.096875 0.001827
v 0.735000 -1.096875 -0.014677
v 0.787500 -1.096875 -0.001183
v 0.840000 -1.096875 0.011993
v 0.892500 -1.096875 -0.004692
v 0.945000 -1.096875 -0.000793
v 0.997500 -1.096875 -0.015336
v 1.050000 -1.096875 0.003011
v 0.420000 -1.116250 -0.014812
v 0.472500 -1.116250 -0.009789
v 0.525000 -1.116250 -0.015143
v 0.577500 -1.116250 -0.006909
v 0.630000 -1.116250 -0.011460
v 0.682500 -1.116250 0.011353
v 0.735000 -1.116250 0.008448
v 0.787500 -1.116250 -0.003600
v 0.840000 -1.116250 0.000372
v 0.892500 -1.116250 -0.002919
v 0.945000 -1.116250 -0.018750
v 0.997500 -1.116250 0.012703
v 1.050000 -1.116250 -0.007929
v 0.420000 -1.135625 0.017627
v 0.472500 -1.135625 0.011252
v 0.525000 -1.135625 0.008553
v 0.577500 -1.135625 -0.013763
v 0.630000 -1.135625 -0.019138
v 0.682500 -1.135625 0.016788
v 0.735000 -1.135625 0.004536
v 0.787500 -1.135625 0.008380
v 0.840000 -1.135625 0.008612
v 0.892500 -1.135625 0.005306
v 0.945000 -1.135625 -0.001843
v 0.997500 -1.135625 -0.015102
v 1.050000 -1.135625 -0.000401
v 0.420000 -1.155000 0.015251
v 0.472500 -1.155000 0.016180
v 0.525000 -1.155000 -0.012699
v 0.577500 -1.155000 -0.008592
v 0.630000 -1.155000 -0.016801
v 0.682500 -1.155000 -0.009945
v 0.735000 -1.155000 0.014226
v 0.787500 -1.155000 -0.012467
v 0.840000 -1.155000 0.000700
v 0.892500 -1.155000 -0.000719
v 0.945000 -1.155000 -0.012050
v 0.997500 -1.155000 -0.013362
v 1.050000 -1.155000 -0.013701
v 0.420000 -1.174375 -0.004371
v 0.472500 -1.174375 0.006683
v 0.525000 -1.174375 -0.008798
v 0.577500 -1.174375 -0.001264
v 0.630000 -1.174375 0.005112
v 0.682500 -1.174375 0.006980
v 0.735000 -1.174375 0.011934
v 0.787500 -1.174375 0.015140
v 0.840000 -1.174375 0.008811
v 0.892500 -1.174375 -0.012620
v 0.945000 -1.174375 -0.018568
v 0.997500 -1.174375 -0.006631
v 1.050000 -1.174375 0.009105
v 0.420000 -1.193750 -0.014506
v 0.472500 -1.193750 -0.005413
v 0.525000 -1.193750 0.015540
v 0.577500 -1.193750 0.003394
v 0.630000 -1.193750 0.014801
v 0.682500 -1.193750 -0.008322
v 0.735000 -1.193750 -0.006049
v 0.787500 -1.193750 -0.015645
v 0.840000 -1.193750 0.002562
v 0.892500 -1.193750 -0.001885
v 0.945000 -1.193750 0.019117
v 0.997500 -1.193750 0.000816
v 1.050000 -1.193750 0.016926
v 0.420000 -1.213125 0.005607
v 0.472500 -1.213125 -0.017637
v 0.525000 -1.213125 -0.005552
v 0.577500 -1.213125 0.003708
v 0.630000 -1.213125 -0.003563
v 0.682500 -1.213125 0.014365
v 0.735000 -1.213125 0.006320
v 0.787500 -1.213125 0.013195
v 0.840000 -1.213125 0.002244
v 0.892500 -1.213125 0.004004
v 0.945000 -1.213125 0.008166
v 0.997500 -1.213125 -0.010142
v 1.050000 -1.213125 0.009662
v 0.420000 -1.232500 -0.009946
v 0.472500 -1.232500 -0.016668
v 0.525000 -1.232500 0.015285
v 0.577500 -1.232500 0.016877
v 0.630000 -1.232500 -0.001366
v 0.682500 -1.232500 0.012926
v 0.735000 -1.232500 -0.012513
v 0.787500 -1.232500 -0.006972
v 0.840000 -1.232500 0.016540
v 0.892500 -1.232500 0.008115
v 0.945000 -1.232500 0.015781
v 0.997500 -1.232500 -0.001229
v 1.050000 -1.232500 -0.009318
v 0.420000 -1.251875 -0.008274
v 0.472500 -1.251875 -0.004556
v 0.525000 -1.251875 -0.004411
v 0.577500 -1.251875 0.013101
v 0.630000 -1.251875 0.000897
v 0.682500 -1.251875 0.003576
v 0.735000 -1.251875 -0.014038
v 0.787500 -1.251875 -0.003874
v 0.840000 -1.251875 0.016493
v 0.892500 -1.251875 0.002046
v 0.945000 -1.251875 -0.016435
v 0.997500 -1.251875 -0.007682
v 1.050000 -1.251875 0.017680
v 0.420000 -1.271250 0.008064
v 0.472500 -1.271250 0.002214
v 0.525000 -1.271250 0.009429
v 0.577500 -1.271250 -0.018263
v 0.630000 -1.271250 0.004091
v 0.682500 -1.271250 0.012632
v 0.735000 -1.271250 -0.003167
v 0.787500 -1.271250 -0.018174
v 0.840000 -1.271250 0.015285
v 0.892500 -1.271250 0.005817
v 0.945000 -1.271250 -0.003904
v 0.997500 -1.271250 0.001064
v 1.050000 -1.271250 0.006416
v 0.420000 -1.290625 0.013150
v 0.472500 -1.290625 -0.012427
v 0.525000 -1.290625 0.009938
v 0.577500 -1.290625 0.000002
v 0.630000 -1.290625 -0.012751
v 0.682500 -1.290625 0.015512
v 0.735000 -1.290625 -0.013005
v 0.787500 -1.290625 -0.004598
v 0.840000 -1.290625 0.001873
v 0.892500 -1.290625 0.004767
v 0.945000 -1.290625 0.004518
v 0.997500 -1.290625 0.018479
v 1.050000 -1.290625 0.011055
v 0.420000 -1.310000 0.018869
v 0.472500 -1.310000 -0.005460
v 0.525000 -1.310000 -0.017140
v 0.577500 -1.310000 0.001918
v 0.630000 -1.310000 -0.014129
v 0.682500 -1.310000 -0.011437
v 0.735000 -1.310000 -0.013879
v 0.787500 -1.310000 -0.003665
v 0.840000 -1.310000 0.010316
v 0.892500 -1.310000 0.006555
v 0.945000 -1.310000 0.016929
v 0.997500 -1.310000 -0.009931
v 1.050000 -1.310000 0.009484
v 0.420000 -1.329375 0.013625
v 0.472500 -1.329375 0.015285
v 0.525000 -1.329375 0.014005
v 0.577500 -1.329375 0.013836
v 0.630000 -1.329375 0.000534
v 0.682500 -1.329375 0.013739
v 0.735000 -1.329375 0.006620
v 0.787500 -1.329375 0.003586
v 0.840000 -1.329375 -0.014963
v 0.892500 -1.329375 -0.003361
v 0.945000 -1.329375 0.014006
v 0.997500 -1.329375 0.009064
v 1.050000 -1.329375 0.005983
v 0.420000 -1.348750 0.002034
v 0.472500 -1.348750 0.019136
v 0.525000 -1.348750 -0.002333
v 0.577500 -1.348750 -0.010170
v 0.630000 -1.348750 0.014388
v 0.682500 -1.348750 0.015819
v 0.735000 -1.348750 -0.003186
v 0.787500 -1.348750 0.005844
v 0.840000 -1.348750 0.013606
v 0.892500 -1.348750 -0.012348
v 0.945000 -1.348750 -0.018150
v 0.997500 -1.348750 -0.013237
v 1.050000 -1.348750 -0.016267
v 0.420000 -1.368125 0.013471
v 0.472500 -1.368125 -0.018808
v 0.525000 -1.368125 -0.016102
v 0.577500 -1.368125 -0.011642
v 0.630000 -1.368125 0.008483
v 0.682500 -1.368125 -0.000309
v 0.735000 -1.368125 0.003109
v 0.787500 -1.368125 0.012736
v 0.840000 -1.368125 -0.007813
v 0.892500 -1.368125 0.000148
v 0.945000 -1.368125 -0.006888
v 0.997500 -1.368125 -0.018602
v 1.050000 -1.368125 0.018573
v 0.420000 -1.387500 0.014156
v 0.472500 -1.387500 -0.018443
v 0.525000 -1.387500 0.001150
v 0.577500 -1.387500 0.011956
v 0.630000 -1.387500 0.006969
v 0.682500 -1.387500 0.016435
v 0.735000 -1.387500 -0.005892
v 0.787500 -1.387500 0.018546
v 0.840000 -1.387500 -0.000821
v 0.892500 -1.387500 0.003609
v 0.945000 -1.387500 -0.013281
v 0.997500 -1.387500 0.012316
v 1.050000 -1.387500 -0.010105
v 0.420000 -1.406875 -0.005628
v 0.472500 -1.406875 0.017970
v 0.525000 -1.406875 0.010509
v 0.577500 -1.406875 0.010443
v 0.630000 -1.406875 0.016709
v 0.682500 -1.406875 0.012665
v 0.735000 -1.406875 0.011003
v 0.787500 -1.406875 0.014410
v 0.840000 -1.406875 0.010674
v 0.892500 -1.406875 -0.000995
v 0.945000 -1.406875 -0.000567
v 0.997500 -1.406875 -0.008979
v 1.050000 -1.406875 -0.011941
v 0.420000 -1.426250 -0.003125
v 0.472500 -1.426250 0.018097
v 0.525000 -1.426250 0.017828
v 0.577500 -1.426250 -0.018340
v 0.630000 -1.426250 -0.003337
v 0.682500 -1.426250 -0.010219
v 0.735000 -1.426250 -0.017876
v 0.787500 -1.426250 0.004730
v 0.840000 -1.426250 0.018304
v 0.892500 -1.426250 -0.005899
v 0.945000 -1.426250 0.012477
v 0.997500 -1.426250 0.011275
v 1.050000 -1.426250 0.011969
v 0.420000 -1.445625 0.014559
v 0.472500 -1.445625 -0.010847
v 0.525000 -1.445625 -0.007694
v 0.577500 -1.445625 0.012888
v 0.630000 -1.445625 -0.008097
v 0.682500 -1.445625 0.014621
v 0.735000 -1.445625 -0.012484
v 0.787500 -1.445625 -0.000328
v 0.840000 -1.445625 -0.010990
v 0.892500 -1.445625 0.014955
v 0.945000 -1.445625 0.013491
v 0.997500 -1.445625 0.016502
v 1.050000 -1.445625 0.007212
v 0.420000 -1.465000 0.007288
v 0.472500 -1.465000 -0.003404
v 0.525000 -1.465000 -0.004154
v 0.577500 -1.465000 0.004790
v 0.630000 -1.465000 0.017039
v 0.682500 -1.465000 0.012565
v 0.735000 -1.465000 0.003909
v 0.787500 -1.465000 0.011978
v 0.840000 -1.465000 0.007487
v 0.892500 -1.465000 0.014362
v 0.945000 -1.465000 0.001939
v 0.997500 -1.465000 0.005152
v 1.050000 -1.465000 -0.004390
v 0.420000 -1.484375 0.016805
v 0.472500 -1.484375 -0.011679
v 0.525000 -1.484375 -0.019071
v 0.577500 -1.484375 0.004799
v 0.630000 -1.484375 0.015433
v 0.682500 -1.484375 0.005386
v 0.735000 -1.484375 0.004539
v 0.787500 -1.484375 -0.002504
v 0.840000 -1.484375 -0.009525
v 0.892500 -1.484375 -0.007413
v 0.945000 -1.484375 0.015542
v 0.997500 -1.484375 -0.002152
v 1.050000 -1.484375 0.015152
v 0.420000 -1.503750 -0.012442
v 0.472500 -1.503750 0.015655
v 0.525000 -1.503750 -0.001019
v 0.577500 -1.503750 -0.004316
v 0.630000 -1.503750 -0.013009
v 0.682500 -1.503750 0.008430
v 0.735000 -1.503750 -0.012165
v 0.787500 -1.503750 0.011559
v 0.840000 -1.503750 0.018861
v 0.892500 -1.503750 0.004778
v 0.945000 -1.503750 0.013373
v 0.997500 -1.503750 0.015619
v 1.050000 -1.503750 0.001717
v 0.420000 -1.523125 -0.017991
v 0.472500 -1.523125 -0.006507
v 0.525000 -1.523125 -0.010819
v 0.577500 -1.523125 -0.005209
v 0.630000 -1.523125 0.014543
v 0.682500 -1.523125 -0.015751
v 0.735000 -1.523125 0.018241
v 0.787500 -1.523125 -0.002026
v 0.840000 -1.523125 0.001124
v 0.892500 -1.523125 -0.008659
v 0.945000 -1.523125 -0.014409
v 0.997500 -1.523125 -0.009883
v 1.050000 -1.523125 -0.010635
v 0.420000 -1.542500 -0.004675
v 0.472500 -1.542500 -0.017759
v 0.525000 -1.542500 0.014654
v 0.577500 -1.542500 -0.015622
v 0.630000 -1.542500 0.017942
v 0.682500 -1.542500 0.016752
v 0.735000 -1.542500 0.016393
v 0.787500 -1.542500 0.013620
v 0.840000 -1.542500 -0.010219
v 0.892500 -1.542500 -0.017122
v 0.945000 -1.542500 -0.009899
v 0.997500 -1.542500 -0.012316
v 1.050000 -1.542500 0.014419
v 0.420000 -1.561875 0.005989
v 0.472500 -1.561875 -0.017687
v 0.525000 -1.561875 -0.008983
v 0.577500 -1.561875 -0.009021
v 0.630000 -1.561875 -0.007256
v 0.682500 -1.561875 -0.011637
v 0.735000 -1.561875 -0.015729
v 0.787500 -1.561875 -0.009284
v 0.840000 -1.561875 0.006593
v 0.892500 -1.561875 -0.006478
v 0.945000 -1.561875 0.018599
v 0.997500 -1.561875 0.009831
v 1.050000 -1.561875 -0.015889
v 0.420000 -1.581250 0.011716
v 0.472500 -1.581250 -0.004302
v 0.525000 -1.581250 -0.007667
v 0.577500 -1.581250 0.001404
v 0.630000 -1.581250 -0.008558
v 0.682500 -1.581250 0.000646
v 0.735000 -1.581250 0.018990
v 0.787500 -1.581250 -0.009610
v 0.840000 -1.581250 0.011616
v 0.892500 -1.581250 0.004922
v 0.945000 -1.581250 -0.009124
v 0.997500 -1.581250 -0.018309
v 1.050000 -1.581250 0.017863
v 0.420000 -1.600625 -0.007730
v 0.472500 -1.600625 0.008846
v 0.525000 -1.600625 -0.001657
v 0.577500 -1.600625 0.000979
v 0.630000 -1.600625 -0.008578
v 0.682500 -1.600625 0.015948
v 0.735000 -1.600625 0.011365
v 0.787500 -1.600625 0.003262
v 0.840000 -1.600625 -0.007890
v 0.892500 -1.600625 -0.018893
v 0.945000 -1.600625 0.017295
v 0.997500 -1.600625 -0.003411
v 1.050000 -1.600625 0.015239
v 0.420000 -1.620000 0.018159
v 0.472500 -1.620000 0.002156
v 0.525000 -1.620000 -0.002860
v 0.577500 -1.620000 0.001001
v 0.630000 -1.620000 -0.018426
v 0.682500 -1.620000 0.000559
v 0.735000 -1.620000 0.002349
v 0.787500 -1.620000 -0.008639
v 0.840000 -1.620000 -0.015862
v 0.892500 -1.620000 0.012293
v 0.945000 -1.620000 -0.002119
v 0.997500 -1.620000 -0.018703
v 1.050000 -1.620000 -0.003798
v -1.051592 -1.000000 -0.240000
v -1.040749 -1.000000 -0.180000
v -1.040288 -1.000000 -0.120000
v -1.053334 -1.000000 -0.060000
v -1.046024 -1.000000 0.000000
v -1.052209 -1.000000 0.060000
v -1.051204 -1.000000 0.120000
v -1.054560 -1.000000 0.180000
v -1.040853 -1.000000 0.240000
v -1.050390 -0.960000 -0.240000
v -1.050534 -0.960000 -0.180000
v -1.039949 -0.960000 -0.120000
v -1.037282 -0.960000 -0.060000
v -1.043847 -0.960000 0.000000
v -1.039741 -0.960000 0.060000
v -1.047333 -0.960000 0.120000
v -1.060338 -0.960000 0.180000
v -1.053867 -0.960000 0.240000
v -1.052712 -0.920000 -0.240000
v -1.054969 -0.920000 -0.180000
v -1.052410 -0.920000 -0.120000
v -1.052183 -0.920000 -0.060000
v -1.048141 -0.920000 0.000000
v -1.038342 -0.920000 0.060000
v -1.051274 -0.920000 0.120000
v -1.041789 -0.920000 0.180000
v -1.041760 -0.920000 0.240000
v -1.056897 -0.880000 -0.240000
v -1.040679 -0.880000 -0.180000
v -1.053915 -0.880000 -0.120000
v -1.053963 -0.880000 -0.060000
v -1.056953 -0.880000 0.000000
v -1.062542 -0.880000 0.060000
v -1.055509 -0.880000 0.120000
v -1.053868 -0.880000 0.180000
v -1.048631 -0.880000 0.240000
v -1.053794 -0.840000 -0.240000
v -1.061952 -0.840000 -0.180000
v -1.059007 -0.840000 -0.120000
v -1.036932 -0.840000 -0.060000
v -1.054672 -0.840000 0.000000
v -1.058332 -0.840000 0.060000
v -1.052429 -0.840000 0.120000
v -1.035990 -0.840000 0.180000
v -1.061527 -0.840000 0.240000
v -1.048020 -0.800000 -0.240000
v -1.051209 -0.800000 -0.180000
v -1.042024 -0.800000 -0.120000
v -1.058148 -0.800000 -0.060000
v -1.046020 -0.800000 0.000000
v -1.048666 -0.800000 0.060000
v -1.042264 -0.800000 0.120000
v -1.050209 -0.800000 0.180000
v -1.046604 -0.800000 0.240000
v -1.059000 -0.760000 -0.240000
v -1.040014 -0.760000 -0.180000
v -1.046440 -0.760000 -0.120000
v -1.037948 -0.760000 -0.060000
v -1.061164 -0.760000 0.000000
v -1.060450 -0.760000 0.060000
v -1.049965 -0.760000 0.120000
v -1.059086 -0.760000 0.180000
v -1.062747 -0.760000 0.240000
v -1.038337 -0.720000 -0.240000
v -1.037761 -0.720000 -0.180000
v -1.035241 -0.720000 -0.120000
v -1.045708 -0.720000 -0.060000
v -1.050529 -0.720000 0.000000
v -1.037042 -0.720000 0.060000
v -1.060292 -0.720000 0.120000
v -1.036216 -0.720000 0.180000
v -1.048801 -0.720000 0.240000
v -1.045993 -0.680000 -0.240000
v -1.059739 -0.680000 -0.180000
v -1.057023 -0.680000 -0.120000
v -1.035594 -0.680000 -0.060000
v -1.036993 -0.680000 0.000000
v -1.045868 -0.680000 0.060000
v -1.063840 -0.680000 0.120000
v -1.056071 -0.680000 0.180000
v -1.061248 -0.680000 0.240000
v -1.035929 -0.640000 -0.240000
v -1.039573 -0.640000 -0.180000
v -1.061780 -0.640000 -0.120000
v -1.058086 -0.640000 -0.060000
v -1.064031 -0.640000 0.000000
v -1.054535 -0.640000 0.060000
v -1.051199 -0.640000 0.120000
v -1.040350 -0.640000 0.180000
v -1.064128 -0.640000 0.240000
v -1.055451 -0.600000 -0.240000
v -1.046049 -0.600000 -0.180000
v -1.061574 -0.600000 -0.120000
v -1.040349 -0.600000 -0.060000
v -1.054854 -0.600000 0.000000
v -1.057213 -0.600000 0.060000
v -1.047607 -0.600000 0.120000
v -1.061283 -0.600000 0.180000
v -1.059836 -0.600000 0.240000
v -1.042046 -0.560000 -0.240000
v -1.041648 -0.560000 -0.180000
v -1.041815 -0.560000 -0.120000
v -1.036291 -0.560000 -0.060000
v -1.036350 -0.560000 0.000000
v -1.036279 -0.560000 0.060000
v -1.043843 -0.560000 0.120000
v -1.037298 -0.560000 0.180000
v -1.040345 -0.560000 0.240000
v -1.062632 -0.520000 -0.240000
v -1.046748 -0.520000 -0.180000
v -1.047979 -0.520000 -0.120000
v -1.052683 -0.520000 -0.060000
v -1.060017 -0.520000 0.000000
v -1.040068 -0.520000 0.060000
v -1.054426 -0.520000 0.120000
v -1.052504 -0.520000 0.180000
v -1.054327 -0.520000 0.240000
v -1.052332 -0.480000 -0.240000
v -1.056262 -0.480000 -0.180000
v -1.055771 -0.480000 -0.120000
v -1.052064 -0.480000 -0.060000
v -1.055806 -0.480000 0.000000
v -1.038417 -0.480000 0.060000
v -1.038080 -0.480000 0.120000
v -1.061301 -0.480000 0.180000
v -1.063387 -0.480000 0.240000
v -1.052353 -0.440000 -0.240000
v -1.037618 -0.440000 -0.180000
v -1.043788 -0.440000 -0.120000
v -1.035576 -0.440000 -0.060000
v -1.041408 -0.440000 0.000000
v -1.041306 -0.440000 0.060000
v -1.064911 -0.440000 0.120000
v -1.062332 -0.440000 0.180000
v -1.057863 -0.440000 0.240000
v -1.044305 -0.400000 -0.240000
v -1.054240 -0.400000 -0.180000
v -1.045763 -0.400000 -0.120000
v -1.064729 -0.400000 -0.060000
v -1.037233 -0.400000 0.000000
v -1.064795 -0.400000 0.060000
v -1.046819 -0.400000 0.120000
v -1.056225 -0.400000 0.180000
v -1.053387 -0.400000 0.240000
v -1.039196 -0.360000 -0.240000
v -1.063729 -0.360000 -0.180000
v -1.064068 -0.360000 -0.120000
v -1.049190 -0.360000 -0.060000
v -1.039740 -0.360000 0.000000
v -1.035493 -0.360000 0.060000
v -1.064542 -0.360000 0.120000
v -1.059070 -0.360000 0.180000
v -1.056190 -0.360000 0.240000
v -1.043581 -0.320000 -0.240000
v -1.053921 -0.320000 -0.180000
v -1.044608 -0.320000 -0.120000
v -1.039312 -0.320000 -0.060000
v -1.044135 -0.320000 0.000000
v -1.059869 -0.320000 0.060000
v -1.058860 -0.320000 0.120000
v -1.055294 -0.320000 0.180000
v -1.059092 -0.320000 0.240000
v -1.060931 -0.280000 -0.240000
v -1.049196 -0.280000 -0.180000
v -1.036257 -0.280000 -0.120000
v -1.042217 -0.280000 -0.060000
v -1.062247 -0.280000 0.000000
v -1.044499 -0.280000 0.060000
v -1.051063 -0.280000 0.120000
v -1.058011 -0.280000 0.180000
v -1.058697 -0.280000 0.240000
v -1.040497 -0.240000 -0.240000
v -1.040086 -0.240000 -0.180000
v -1.035049 -0.240000 -0.120000
v -1.045311 -0.240000 -0.060000
v -1.039118 -0.240000 0.000000
v -1.042934 -0.240000 0.060000
v -1.057719 -0.240000 0.120000
v -1.050401 -0.240000 0.180000
v -1.039458 -0.240000 0.240000
v -1.060232 -0.200000 -0.240000
v -1.039558 -0.200000 -0.180000
v -1.059978 -0.200000 -0.120000
v -1.038230 -0.200000 -0.060000
v -1.047648 -0.200000 0.000000
v -1.042144 -0.200000 0.060000
v -1.063747 -0.200000 0.120000
v -1.045592 -0.200000 0.180000
v -1.064585 -0.200000 0.240000
v -1.046122 -0.160000 -0.240000
v -1.050134 -0.160000 -0.180000
v -1.048457 -0.160000 -0.120000
v -1.044945 -0.160000 -0.060000
v -1.051085 -0.160000 0.000000
v -1.048918 -0.160000 0.060000
v -1.059330 -0.160000 0.120000
v -1.060401 -0.160000 0.180000
v -1.051013 -0.160000 0.240000
v -1.045414 -0.120000 -0.240000
v -1.058799 -0.120000 -0.180000
v -1.038419 -0.120000 -0.120000
v -1.044427 -0.120000 -0.060000
v -1.057949 -0.120000 0.000000
v -1.054618 -0.120000 0.060000
v -1.040565 -0.120000 0.120000
v -1.045961 -0.120000 0.180000
v -1.062330 -0.120000 0.240000
v -1.061625 -0.080000 -0.240000
v -1.058937 -0.080000 -0.180000
v -1.036118 -0.080000 -0.120000
v -1.057040 -0.080000 -0.060000
v -1.042489 -0.080000 0.000000
v -1.037709 -0.080000 0.060000
v -1.035819 -0.080000 0.120000
v -1.057089 -0.080000 0.180000
v -1.049582 -0.080000 0.240000
v -1.049279 -0.040000 -0.240000
v -1.042328 -0.040000 -0.180000
v -1.042888 -0.040000 -0.120000
v -1.060969 -0.040000 -0.060000
v -1.049443 -0.040000 0.000000
v -1.047933 -0.040000 0.060000
v -1.049363 -0.040000 0.120000
v -1.035216 -0.040000 0.180000
v -1.041215 -0.040000 0.240000
v -1.058407 0.000000 -0.240000
v -1.039919 0.000000 -0.180000
v -1.048371 0.000000 -0.120000
v -1.064937 0.000000 -0.060000
v -1.037228 0.000000 0.000000
v -1.054556 0.000000 0.060000
v -1.039752 0.000000 0.120000
v -1.045225 0.000000 0.180000
v -1.047442 0.000000 0.240000
v -1.058638 0.040000 -0.240000
v -1.053933 0.040000 -0.180000
v -1.045085 0.040000 -0.120000
v -1.049658 0.040000 -0.060000
v -1.046442 0.040000 0.000000
v -1.060237 0.040000 0.060000
v -1.040129 0.040000 0.120000
v -1.042897 0.040000 0.180000
v -1.048278 0.040000 0.240000
v -1.057880 0.080000 -0.240000
v -1.036759 0.080000 -0.180000
v -1.047393 0.080000 -0.120000
v -1.047965 0.080000 -0.060000
v -1.036646 0.080000 0.000000
v -1.052360 0.080000 0.060000
v -1.060737 0.080000 0.120000
v -1.050688 0.080000 0.180000
v -1.061885 0.080000 0.240000
v -1.040622 0.120000 -0.240000
v -1.054488 0.120000 -0.180000
v -1.035949 0.120000 -0.120000
v -1.042869 0.120000 -0.060000
v -1.043694 0.120000 0.000000
v -1.061023 0.120000 0.060000
v -1.052390 0.120000 0.120000
v -1.041825 0.120000 0.180000
v -1.060726 0.120000 0.240000
v -1.037139 0.160000 -0.240000
v -1.063520 0.160000 -0.180000
v -1.038241 0.160000 -0.120000
v -1.049621 0.160000 -0.060000
v -1.049041 0.160000 0.000000
v -1.050183 0.160000 0.060000
v -1.049133 0.160000 0.120000
v -1.051341 0.160000 0.180000
v -1.064282 0.160000 0.240000
v -1.049566 0.200000 -0.240000
v -1.047503 0.200000 -0.180000
v -1.058693 0.200000 -0.120000
v -1.040469 0.200000 -0.060000
v -1.064323 0.200000 0.000000
v -1.036357 0.200000 0.060000
v -1.042567 0.200000 0.120000
v -1.042535 0.200000 0.180000
v -1.053636 0.200000 0.240000
v -1.058027 0.240000 -0.240000
v -1.035941 0.240000 -0.180000
v -1.062501 0.240000 -0.120000
v -1.045843 0.240000 -0.060000
v -1.056211 0.240000 0.000000
v -1.062323 0.240000 0.060000
v -1.036574 0.240000 0.120000
v -1.048891 0.240000 0.180000
v -1.057743 0.240000 0.240000
v -1.046492 0.280000 -0.240000
v -1.053387 0.280000 -0.180000
v -1.052041 0.280000 -0.120000
v -1.042024 0.280000 -0.060000
v -1.063248 0.280000 0.000000
v -1.041810 0.280000 0.060000
v -1.040317 0.280000 0.120000
v -1.037724 0.280000 0.180000
v -1.037294 0.280000 0.240000
v -1.056149 0.320000 -0.240000
v -1.052232 0.320000 -0.180000
v -1.044851 0.320000 -0.120000
v -1.037764 0.320000 -0.060000
v -1.052102 0.320000 0.000000
v -1.050441 0.320000 0.060000
v -1.040027 0.320000 0.120000
v -1.040321 0.320000 0.180000
v -1.041901 0.320000 0.240000
v -1.056674 0.360000 -0.240000
v -1.043751 0.360000 -0.180000
v -1.047644 0.360000 -0.120000
v -1.057743 0.360000 -0.060000
v -1.050415 0.360000 0.000000
v -1.058436 0.360000 0.060000
v -1.061598 0.360000 0.120000
v -1.060432 0.360000 0.180000
v -1.041070 0.360000 0.240000
v -1.058949 0.400000 -0.240000
v -1.048638 0.400000 -0.180000
v -1.039386 0.400000 -0.120000
v -1.039491 0.400000 -0.060000
v -1.035460 0.400000 0.000000
v -1.050657 0.400000 0.060000
v -1.061274 0.400000 0.120000
v -1.050486 0.400000 0.180000
v -1.043602 0.400000 0.240000
v -1.038505 0.440000 -0.240000
v -1.035380 0.440000 -0.180000
v -1.045525 0.440000 -0.120000
v -1.052709 0.440000 -0.060000
v -1.038716 0.440000 0.000000
v -1.049759 0.440000 0.060000
v -1.059650 0.440000 0.120000
v -1.049002 0.440000 0.180000
v -1.051906 0.440000 0.240000
v -1.061237 0.480000 -0.240000
v -1.041419 0.480000 -0.180000
v -1.046300 0.480000 -0.120000
v -1.050543 0.480000 -0.060000
v -1.061116 0.480000 0.000000
v -1.039204 0.480000 0.060000
v -1.061348 0.480000 0.120000
v -1.043406 0.480000 0.180000
v -1.042951 0.480000 0.240000
v -1.055498 0.520000 -0.240000
v -1.048182 0.520000 -0.180000
v -1.061897 0.520000 -0.120000
v -1.052124 0.520000 -0.060000
v -1.063446 0.520000 0.000000
v -1.037347 0.520000 0.060000
v -1.057731 0.520000 0.120000
v -1.044839 0.520000 0.180000
v -1.037328 0.520000 0.240000
v -1.064048 0.560000 -0.240000
v -1.041210 0.560000 -0.180000
v -1.038463 0.560000 -0.120000
v -1.037830 0.560000 -0.060000
v -1.052971 0.560000 0.000000
v -1.060162 0.560000 0.060000
v -1.055950 0.560000 0.120000
v -1.045514 0.560000 0.180000
v -1.045334 0.560000 0.240000
v -1.058171 0.600000 -0.240000
v -1.037119 0.600000 -0.180000
v -1.052287 0.600000 -0.120000
v -1.057026 0.600000 -0.060000
v -1.061301 0.600000 0.000000
v -1.064381 0.600000 0.060000
v -1.055215 0.600000 0.120000
v -1.062882 0.600000 0.180000
v -1.046091 0.600000 0.240000
v -1.060592 0.640000 -0.240000
v -1.055362 0.640000 -0.180000
v -1.042359 0.640000 -0.120000
v -1.052027 0.640000 -0.060000
v -1.060642 0.640000 0.000000
v -1.054710 0.640000 0.060000
v -1.061888 0.640000 0.120000
v -1.044687 0.640000 0.180000
v -1.043809 0.640000 0.240000
v -1.042135 0.680000 -0.240000
v -1.040569 0.680000 -0.180000
v -1.053760 0.680000 -0.120000
v -1.041508 0.680000 -0.060000
v -1.057029 0.680000 0.000000
v -1.064424 0.680000 0.060000
v -1.050715 0.680000 0.120000
v -1.055995 0.680000 0.180000
v -1.040118 0.680000 0.240000
v -1.062160 0.720000 -0.240000
v -1.042831 0.720000 -0.180000
v -1.039368 0.720000 -0.120000
v -1.056473 0.720000 -0.060000
v -1.036380 0.720000 0.000000
v -1.062763 0.720000 0.060000
v -1.044296 0.720000 0.120000
v -1.035012 0.720000 0.180000
v -1.043328 0.720000 0.240000
v -1.058210 0.760000 -0.240000
v -1.051937 0.760000 -0.180000
v -1.042287 0.760000 -0.120000
v -1.055673 0.760000 -0.060000
v -1.051788 0.760000 0.000000
v -1.052398 0.760000 0.060000
v -1.058558 0.760000 0.120000
v -1.037606 0.760000 0.180000
v -1.040735 0.760000 0.240000
v -1.058233 0.800000 -0.240000
v -1.052869 0.800000 -0.180000
v -1.044381 0.800000 -0.120000
v -1.049748 0.800000 -0.060000
v -1.043096 0.800000 0.000000
v -1.064781 0.800000 0.060000
v -1.041388 0.800000 0.120000
v -1.052841 0.800000 0.180000
v -1.040206 0.800000 0.240000
v -1.057381 0.840000 -0.240000
v -1.046329 0.840000 -0.180000
v -1.057147 0.840000 -0.120000
v -1.035074 0.840000 -0.060000
v -1.054744 0.840000 0.000000
v -1.043770 0.840000 0.060000
v -1.058080 0.840000 0.120000
v -1.060593 0.840000 0.180000
v -1.038096 0.840000 0.240000
v -1.040101 0.880000 -0.240000
v -1.037692 0.880000 -0.180000
v -1.061219 0.880000 -0.120000
v -1.045001 0.880000 -0.060000
v -1.044278 0.880000 0.000000
v -1.039615 0.880000 0.060000
v -1.048491 0.880000 0.120000
v -1.052686 0.880000 0.180000
v -1.059393 0.880000 0.240000
v -1.043621 0.920000 -0.240000
v -1.062691 0.920000 -0.180000
v -1.064093 0.920000 -0.120000
v -1.045497 0.920000 -0.060000
v -1.063656 0.920000 0.000000
v -1.044278 0.920000 0.060000
v -1.054405 0.920000 0.120000
v -1.040624 0.920000 0.180000
v -1.052056 0.920000 0.240000
v -1.057227 0.960000 -0.240000
v -1.055441 0.960000 -0.180000
v -1.047543 0.960000 -0.120000
v -1.055263 0.960000 -0.060000
v -1.063431 0.960000 0.000000
v -1.052382 0.960000 0.060000
v -1.049310 0.960000 0.120000
v -1.041912 0.960000 0.180000
v -1.043975 0.960000 0.240000
v -1.058873 1.000000 -0.240000
v -1.058405 1.000000 -0.180000
v -1.052846 1.000000 -0.120000
v -1.058393 1.000000 -0.060000
v -1.036177 1.000000 0.000000
v -1.048671 1.000000 0.060000
v -1.041906 1.000000 0.120000
v -1.063496 1.000000 0.180000
v -1.044845 1.000000 0.240000
v 1.048408 -1.000000 -0.240000
v 1.059251 -1.000000 -0.180000
v 1.059712 -1.000000 -0.120000
v 1.046666 -1.000000 -0.060000
v 1.053976 -1.000000 0.000000
v 1.047791 -1.000000 0.060000
v 1.048796 -1.000000 0.120000
v 1.045440 -1.000000 0.180000
v 1.059147 -1.000000 0.240000
v 1.049610 -0.960000 -0.240000
v 1.049466 -0.960000 -0.180000
v 1.060051 -0.960000 -0.120000
v 1.062718 -0.960000 -0.060000
v 1.056153 -0.960000 0.000000
v 1.060259 -0.960000 0.060000
v 1.052667 -0.960000 0.120000
v 1.039662 -0.960000 0.180000
v 1.046133 -0.960000 0.240000
v 1.047288 -0.920000 -0.240000
v 1.045031 -0.920000 -0.180000
v 1.047590 -0.920000 -0.120000
v 1.047817 -0.920000 -0.060000
v 1.051859 -0.920000 0.000000
v 1.061658 -0.920000 0.060000
v 1.048726 -0.920000 0.120000
v 1.058211 -0.920000 0.180000
v 1.058240 -0.920000 0.240000
v 1.043103 -0.880000 -0.240000
v 1.059321 -0.880000 -0.180000
v 1.046085 -0.880000 -0.120000
v 1.046037 -0.880000 -0.060000
v 1.043047 -0.880000 0.000000
v 1.037458 -0.880000 0.060000
v 1.044491 -0.880000 0.120000
v 1.046132 -0.880000 0.180000
v 1.051369 -0.880000 0.240000
v 1.046206 -0.840000 -0.240000
v 1.038048 -0.840000 -0.180000
v 1.040993 -0.840000 -0.120000
v 1.063068 -0.840000 -0.060000
v 1.045328 -0.840000 0.000000
v 1.041668 -0.840000 0.060000
v 1.047571 -0.840000 0.120000
v 1.064010 -0.840000 0.180000
v 1.038473 -0.840000 0.240000
v 1.051980 -0.800000 -0.240000
v 1.048791 -0.800000 -0.180000
v 1.057976 -0.800000 -0.120000
v 1.041852 -0.800000 -0.060000
v 1.053980 -0.800000 0.000000
v 1.051334 -0.800000 0.060000
v 1.057736 -0.800000 0.120000
v 1.049791 -0.800000 0.180000
v 1.053396 -0.800000 0.240000
v 1.041000 -0.760000 -0.240000
v 1.059986 -0.760000 -0.180000
v 1.053560 -0.760000 -0.120000
v 1.062052 -0.760000 -0.060000
v 1.038836 -0.760000 0.000000
v 1.039550 -0.760000 0.060000
v 1.050035 -0.760000 0.120000
v 1.040914 -0.760000 0.180000
v 1.037253 -0.760000 0.240000
v 1.061663 -0.720000 -0.240000
v 1.062239 -0.720000 -0.180000
v 1.064759 -0.720000 -0.120000
v 1.054292 -0.720000 -0.060000
v 1.049471 -0.720000 0.000000
v 1.062958 -0.720000 0.060000
v 1.039708 -0.720000 0.120000
v 1.063784 -0.720000 0.180000
v 1.051199 -0.720000 0.240000
v 1.054007 -0.680000 -0.240000
v 1.040261 -0.680000 -0.180000
v 1.042977 -0.680000 -0.120000
v 1.064406 -0.680000 -0.060000
v 1.063007 -0.680000 0.000000
v 1.054132 -0.680000 0.060000
v 1.036160 -0.680000 0.120000
v 1.043929 -0.680000 0.180000
v 1.038752 -0.680000 0.240000
v 1.064071 -0.640000 -0.240000
v 1.060427 -0.640000 -0.180000
v 1.038220 -0.640000 -0.120000
v 1.041914 -0.640000 -0.060000
v 1.035969 -0.640000 0.000000
v 1.045465 -0.640000 0.060000
v 1.048801 -0.640000 0.120000
v 1.059650 -0.640000 0.180000
v 1.035872 -0.640000 0.240000
v 1.044549 -0.600000 -0.240000
v 1.053951 -0.600000 -0.180000
v 1.038426 -0.600000 -0.120000
v 1.059651 -0.600000 -0.060000
v 1.045146 -0.600000 0.000000
v 1.042787 -0.600000 0.060000
v 1.052393 -0.600000 0.120000
v 1.038717 -0.600000 0.180000
v 1.040164 -0.600000 0.240000
v 1.057954 -0.560000 -0.240000
v 1.058352 -0.560000 -0.180000
v 1.058185 -0.560000 -0.120000
v 1.063709 -0.560000 -0.060000
v 1.063650 -0.560000 0.000000
v 1.063721 -0.560000 0.060000
v 1.056157 -0.560000 0.120000
v 1.062702 -0.560000 0.180000
v 1.059655 -0.560000 0.240000
v 1.037368 -0.520000 -0.240000
v 1.053252 -0.520000 -0.180000
v 1.052021 -0.520000 -0.120000
v 1.047317 -0.520000 -0.060000
v 1.039983 -0.520000 0.000000
v 1.059932 -0.520000 0.060000
v 1.045574 -0.520000 0.120000
v 1.047496 -0.520000 0.180000
v 1.045673 -0.520000 0.240000
v 1.047668 -0.480000 -0.240000
v 1.043738 -0.480000 -0.180000
v 1.044229 -0.480000 -0.120000
v 1.047936 -0.480000 -0.060000
v 1.044194 -0.480000 0.000000
v 1.061583 -0.480000 0.060000
v 1.061920 -0.480000 0.120000
v 1.038699 -0.480000 0.180000
v 1.036613 -0.480000 0.240000
v 1.047647 -0.440000 -0.240000
v 1.062382 -0.440000 -0.180000
v 1.056212 -0.440000 -0.120000
v 1.064424 -0.440000 -0.060000
v 1.058592 -0.440000 0.000000
v 1.058694 -0.440000 0.060000
v 1.035089 -0.440000 0.120000
v 1.037668 -0.440000 0.180000
v 1.042137 -0.440000 0.240000
v 1.055695 -0.400000 -0.240000
v 1.045760 -0.400000 -0.180000
v 1.054237 -0.400000 -0.120000
v 1.035271 -0.400000 -0.060000
v 1.062767 -0.400000 0.000000
v 1.035205 -0.400000 0.060000
v 1.053181 -0.400000 0.120000
v 1.043775 -0.400000 0.180000
v 1.046613 -0.400000 0.240000
v 1.060804 -0.360000 -0.240000
v 1.036271 -0.360000 -0.180000
v 1.035932 -0.360000 -0.120000
v 1.050810 -0.360000 -0.060000
v 1.060260 -0.360000 0.000000
v 1.064507 -0.360000 0.060000
v 1.035458 -0.360000 0.120000
v 1.040930 -0.360000 0.180000
v 1.043810 -0.360000 0.240000
v 1.056419 -0.320000 -0.240000
v 1.046079 -0.320000 -0.180000
v 1.055392 -0.320000 -0.120000
v 1.060688 -0.320000 -0.060000
v 1.055865 -0.320000 0.000000
v 1.040131 -0.320000 0.060000
v 1.041140 -0.320000 0.120000
v 1.044706 -0.320000 0.180000
v 1.040908 -0.320000 0.240000
v 1.039069 -0.280000 -0.240000
v 1.050804 -0.280000 -0.180000
v 1.063743 -0.280000 -0.120000
v 1.057783 -0.280000 -0.060000
v 1.037753 -0.280000 0.000000
v 1.055501 -0.280000 0.060000
v 1.048937 -0.280000 0.120000
v 1.041989 -0.280000 0.180000
v 1.041303 -0.280000 0.240000
v 1.059503 -0.240000 -0.240000
v 1.059914 -0.240000 -0.180000
v 1.064951 -0.240000 -0.120000
v 1.054689 -0.240000 -0.060000
v 1.060882 -0.240000 0.000000
v 1.057066 -0.240000 0.060000
v 1.042281 -0.240000 0.120000
v 1.049599 -0.240000 0.180000
v 1.060542 -0.240000 0.240000
v 1.039768 -0.200000 -0.240000
v 1.060442 -0.200000 -0.180000
v 1.040022 -0.200000 -0.120000
v 1.061770 -0.200000 -0.060000
v 1.052352 -0.200000 0.000000
v 1.057856 -0.200000 0.060000
v 1.036253 -0.200000 0.120000
v 1.054408 -0.200000 0.180000
v 1.035415 -0.200000 0.240000
v 1.053878 -0.160000 -0.240000
v 1.049866 -0.160000 -0.180000
v 1.051543 -0.160000 -0.120000
v 1.055055 -0.160000 -0.060000
v 1.048915 -0.160000 0.000000
v 1.051082 -0.160000 0.060000
v 1.040670 -0.160000 0.120000
v 1.039599 -0.160000 0.180000
v 1.048987 -0.160000 0.240000
v 1.054586 -0.120000 -0.240000
v 1.041201 -0.120000 -0.180000
v 1.061581 -0.120000 -0.120000
v 1.055573 -0.120000 -0.060000
v 1.042051 -0.120000 0.000000
v 1.045382 -0.120000 0.060000
v 1.059435 -0.120000 0.120000
v 1.054039 -0.120000 0.180000
v 1.037670 -0.120000 0.240000
v 1.038375 -0.080000 -0.240000
v 1.041063 -0.080000 -0.180000
v 1.063882 -0.080000 -0.120000
v 1.042960 -0.080000 -0.060000
v 1.057511 -0.080000 0.000000
v 1.062291 -0.080000 0.060000
v 1.064181 -0.080000 0.120000
v 1.042911 -0.080000 0.180000
v 1.050418 -0.080000 0.240000
v 1.050721 -0.040000 -0.240000
v 1.057672 -0.040000 -0.180000
v 1.057112 -0.040000 -0.120000
v 1.039031 -0.040000 -0.060000
v 1.050557 -0.040000 0.000000
v 1.052067 -0.040000 0.060000
v 1.050637 -0.040000 0.120000
v 1.064784 -0.040000 0.180000
v 1.058785 -0.040000 0.240000
v 1.041593 0.000000 -0.240000
v 1.060081 0.000000 -0.180000
v 1.051629 0.000000 -0.120000
v 1.035063 0.000000 -0.060000
v 1.062772 0.000000 0.000000
v 1.045444 0.000000 0.060000
v 1.060248 0.000000 0.120000
v 1.054775 0.000000 0.180000
v 1.052558 0.000000 0.240000
v 1.041362 0.040000 -0.240000
v 1.046067 0.040000 -0.180000
v 1.054915 0.040000 -0.120000
v 1.050342 0.040000 -0.060000
v 1.053558 0.040000 0.000000
v 1.039763 0.040000 0.060000
v 1.059871 0.040000 0.120000
v 1.057103 0.040000 0.180000
v 1.051722 0.040000 0.240000
v 1.042120 0.080000 -0.240000
v 1.063241 0.080000 -0.180000
v 1.052607 0.080000 -0.120000
v 1.052035 0.080000 -0.060000
v 1.063354 0.080000 0.000000
v 1.047640 0.080000 0.060000
v 1.039263 0.080000 0.120000
v 1.049312 0.080000 0.180000
v 1.038115 0.080000 0.240000
v 1.059378 0.120000 -0.240000
v 1.045512 0.120000 -0.180000
v 1.064051 0.120000 -0.120000
v 1.057131 0.120000 -0.060000
v 1.056306 0.120000 0.000000
v 1.038977 0.120000 0.060000
v 1.047610 0.120000 0.120000
v 1.058175 0.120000 0.180000
v 1.039274 0.120000 0.240000
v 1.062861 0.160000 -0.240000
v 1.036480 0.160000 -0.180000
v 1.061759 0.160000 -0.120000
v 1.050379 0.160000 -0.060000
v 1.050959 0.160000 0.000000
v 1.049817 0.160000 0.060000
v 1.050867 0.160000 0.120000
v 1.048659 0.160000 0.180000
v 1.035718 0.160000 0.240000
v 1.050434 0.200000 -0.240000
v 1.052497 0.200000 -0.180000
v 1.041307 0.200000 -0.120000
v 1.059531 0.200000 -0.060000
v 1.035677 0.200000 0.000000
v 1.063643 0.200000 0.060000
v 1.057433 0.200000 0.120000
v 1.057465 0.200000 0.180000
v 1.046364 0.200000 0.240000
v 1.041973 0.240000 -0.240000
v 1.064059 0.240000 -0.180000
v 1.037499 0.240000 -0.120000
v 1.054157 0.240000 -0.060000
v 1.043789 0.240000 0.000000
v 1.037677 0.240000 0.060000
v 1.063426 0.240000 0.120000
v 1.051109 0.240000 0.180000
v 1.042257 0.240000 0.240000
v 1.053508 0.280000 -0.240000
v 1.046613 0.280000 -0.180000
v 1.047959 0.280000 -0.120000
v 1.057976 0.280000 -0.060000
v 1.036752 0.280000 0.000000
v 1.058190 0.280000 0.060000
v 1.059683 0.280000 0.120000
v 1.062276 0.280000 0.180000
v 1.062706 0.280000 0.240000
v 1.043851 0.320000 -0.240000
v 1.047768 0.320000 -0.180000
v 1.055149 0.320000 -0.120000
v 1.062236 0.320000 -0.060000
v 1.047898 0.320000 0.000000
v 1.049559 0.320000 0.060000
v 1.059973 0.320000 0.120000
v 1.059679 0.320000 0.180000
v 1.058099 0.320000 0.240000
v 1.043326 0.360000 -0.240000
v 1.056249 0.360000 -0.180000
v 1.052356 0.360000 -0.120000
v 1.042257 0.360000 -0.060000
v 1.049585 0.360000 0.000000
v 1.041564 0.360000 0.060000
v 1.038402 0.360000 0.120000
v 1.039568 0.360000 0.180000
v 1.058930 0.360000 0.240000
v 1.041051 0.400000 -0.240000
v 1.051362 0.400000 -0.180000
v 1.060614 0.400000 -0.120000
v 1.060509 0.400000 -0.060000
v 1.064540 0.400000 0.000000
v 1.049343 0.400000 0.060000
v 1.038726 0.400000 0.120000
v 1.049514 0.400000 0.180000
v 1.056398 0.400000 0.240000
v 1.061495 0.440000 -0.240000
v 1.064620 0.440000 -0.180000
v 1.054475 0.440000 -0.120000
v 1.047291 0.440000 -0.060000
v 1.061284 0.440000 0.000000
v 1.050241 0.440000 0.060000
v 1.040350 0.440000 0.120000
v 1.050998 0.440000 0.180000
v 1.048094 0.440000 0.240000
v 1.038763 0.480000 -0.240000
v 1.058581 0.480000 -0.180000
v 1.053700 0.480000 -0.120000
v 1.049457 0.480000 -0.060000
v 1.038884 0.480000 0.000000
v 1.060796 0.480000 0.060000
v 1.038652 0.480000 0.120000
v 1.056594 0.480000 0.180000
v 1.057049 0.480000 0.240000
v 1.044502 0.520000 -0.240000
v 1.051818 0.520000 -0.180000
v 1.038103 0.520000 -0.120000
v 1.047876 0.520000 -0.060000
v 1.036554 0.520000 0.000000
v 1.062653 0.520000 0.060000
v 1.042269 0.520000 0.120000
v 1.055161 0.520000 0.180000
v 1.062672 0.520000 0.240000
v 1.035952 0.560000 -0.240000
v 1.058790 0.560000 -0.180000
v 1.061537 0.560000 -0.120000
v 1.062170 0.560000 -0.060000
v 1.047029 0.560000 0.000000
v 1.039838 0.560000 0.060000
v 1.044050 0.560000 0.120000
v 1.054486 0.560000 0.180000
v 1.054666 0.560000 0.240000
v 1.041829 0.600000 -0.240000
v 1.062881 0.600000 -0.180000
v 1.047713 0.600000 -0.120000
v 1.042974 0.600000 -0.060000
v 1.038699 0.600000 0.000000
v 1.035619 0.600000 0.060000
v 1.044785 0.600000 0.120000
v 1.037118 0.600000 0.180000
v 1.053909 0.600000 0.240000
v 1.039408 0.640000 -0.240000
v 1.044638 0.640000 -0.180000
v 1.057641 0.640000 -0.120000
v 1.047973 0.640000 -0.060000
v 1.039358 0.640000 0.000000
v 1.045290 0.640000 0.060000
v 1.038112 0.640000 0.120000
v 1.055313 0.640000 0.180000
v 1.056191 0.640000 0.240000
v 1.057865 0.680000 -0.240000
v 1.059431 0.680000 -0.180000
v 1.046240 0.680000 -0.120000
v 1.058492 0.680000 -0.060000
v 1.042971 0.680000 0.000000
v 1.035576 0.680000 0.060000
v 1.049285 0.680000 0.120000
v 1.044005 0.680000 0.180000
v 1.059882 0.680000 0.240000
v 1.037840 0.720000 -0.240000
v 1.057169 0.720000 -0.180000
v 1.060632 0.720000 -0.120000
v 1.043527 0.720000 -0.060000
v 1.063620 0.720000 0.000000
v 1.037237 0.720000 0.060000
v 1.055704 0.720000 0.120000
v 1.064988 0.720000 0.180000
v 1.056672 0.720000 0.240000
v 1.041790 0.760000 -0.240000
v 1.048063 0.760000 -0.180000
v 1.057713 0.760000 -0.120000
v 1.044327 0.760000 -0.060000
v 1.048212 0.760000 0.000000
v 1.047602 0.760000 0.060000
v 1.041442 0.760000 0.120000
v 1.062394 0.760000 0.180000
v 1.059265 0.760000 0.240000
v 1.041767 0.800000 -0.240000
v 1.047131 0.800000 -0.180000
v 1.055619 0.800000 -0.120000
v 1.050252 0.800000 -0.060000
v 1.056904 0.800000 0.000000
v 1.035219 0.800000 0.060000
v 1.058612 0.800000 0.120000
v 1.047159 0.800000 0.180000
v 1.059794 0.800000 0.240000
v 1.042619 0.840000 -0.240000
v 1.053671 0.840000 -0.180000
v 1.042853 0.840000 -0.120000
v 1.064926 0.840000 -0.060000
v 1.045256 0.840000 0.000000
v 1.056230 0.840000 0.060000
v 1.041920 0.840000 0.120000
v 1.039407 0.840000 0.180000
v 1.061904 0.840000 0.240000
v 1.059899 0.880000 -0.240000
v 1.062308 0.880000 -0.180000
v 1.038781 0.880000 -0.120000
v 1.054999 0.880000 -0.060000
v 1.055722 0.880000 0.000000
v 1.060385 0.880000 0.060000
v 1.051509 0.880000 0.120000
v 1.047314 0.880000 0.180000
v 1.040607 0.880000 0.240000
v 1.056379 0.920000 -0.240000
v 1.037309 0.920000 -0.180000
v 1.035907 0.920000 -0.120000
v 1.054503 0.920000 -0.060000
v 1.036344 0.920000 0.000000
v 1.055722 0.920000 0.060000
v 1.045595 0.920000 0.120000
v 1.059376 0.920000 0.180000
v 1.047944 0.920000 0.240000
v 1.042773 0.960000 -0.240000
v 1.044559 0.960000 -0.180000
v 1.052457 0.960000 -0.120000
v 1.044737 0.960000 -0.060000
v 1.036569 0.960000 0.000000
v 1.047618 0.960000 0.060000
v 1.050690 0.960000 0.120000
v 1.058088 0.960000 0.180000
v 1.056025 0.960000 0.240000
v 1.041127 1.000000 -0.240000
v 1.041595 1.000000 -0.180000
v 1.047154 1.000000 -0.120000
v 1.041607 1.000000 -0.060000
v 1.063823 1.000000 0.000000
v 1.051329 1.000000 0.060000
v 1.058094 1.000000 0.120000
v 1.036504 1.000000 0.180000
v 1.055155 1.000000 0.240000
vt 0.000000 1.000000
vt 0.012500 1.000000
vt 0.025000 1.000000
vt 0.037500 1.000000
vt 0.050000 1.000000
vt 0.062500 1.000000
vt 0.075000 1.000000
vt 0.087500 1.000000
vt 0.100000 1.000000
vt 0.112500 1.000000
vt 0.125000 1.000000
vt 0.137500 1.000000
vt 0.150000 1.000000
vt 0.162500 1.000000
vt 0.175000 1.000000
vt 0.187500 1.000000
vt 0.200000 1.000000
vt 0.212500 1.000000
vt 0.225000 1.000000
vt 0.237500 1.000000
vt 0.250000 1.000000
vt 0.262500 1.000000
vt 0.275000 1.000000
vt 0.287500 1.000000
vt 0.300000 1.000000
vt 0.312500 1.000000
vt 0.325000 1.000000
vt 0.337500 1.000000
vt 0.350000 1.000000
vt 0.362500 1.000000
vt 0.375000 1.000000
vt 0.387500 1.000000
vt 0.400000 1.000000
vt 0.412500 1.000000
vt 0.425000 1.000000
vt 0.437500 1.000000
vt 0.450000 1.000000
vt 0.462500 1.000000
vt 0.475000 1.000000
vt 0.487500 1.000000
vt 0.500000 1.000000
vt 0.512500 1.000000
vt 0.525000 1.000000
vt 0.537500 1.000000
vt 0.550000 1.000000
vt 0.562500 1.000000
vt 0.575000 1.000000
vt 0.587500 1.000000
vt 0.600000 1.000000
vt 0.612500 1.000000
vt 0.625000 1.000000
vt 0.637500 1.000000
vt 0.650000 1.000000
vt 0.662500 1.000000
vt 0.675000 1.000000
vt 0.687500 1.000000
vt 0.700000 1.000000
vt 0.712500 1.000000
vt 0.725000 1.000000
vt 0.737500 1.000000
vt 0.750000 1.000000
vt 0.762500 1.000000
vt 0.775000 1.000000
vt 0.787500 1.000000
vt 0.800000 1.000000
vt 0.812500 1.000000
vt 0.825000 1.000000
vt 0.837500 1.000000
vt 0.850000 1.000000
vt 0.862500 1.000000
vt 0.875000 1.000000
vt 0.887500 1.000000
vt 0.900000 1.000000
vt 0.912500 1.000000
vt 0.925000 1.000000
vt 0.937500 1.000000
vt 0.950000 1.000000
vt 0.962500 1.000000
vt 0.975000 1.000000
vt 0.987500 1.000000
vt 1.000000 1.000000
vt 0.000000 0.928571
vt 0.012500 0.928571
vt 0.025000 0.928571
vt 0.037500 0.928571
vt 0.050000 0.928571
vt 0.062500 0.928571
vt 0.075000 0.928571
vt 0.087500 0.928571
vt 0.100000 0.928571
vt 0.112500 0.928571
vt 0.125000 0.928571
vt 0.137500 0.928571
vt 0.150000 0.928571
vt 0.162500 0.928571
vt 0.175000 0.928571
vt 0.187500 0.928571
vt 0.200000 0.928571
vt 0.212500 0.928571
vt 0.225000 0.928571
vt 0.237500 0.928571
vt 0.250000 0.928571
vt 0.262500 0.928571
vt 0.275000 0.928571
vt 0.287500 0.928571
vt 0.300000 0.928571
vt 0.312500 0.928571
vt 0.325000 0.928571
vt 0.337500 0.928571
vt 0.350000 0.928571
vt 0.362500 0.928571
vt 0.375000 0.928571
vt 0.387500 0.928571
vt 0.400000 0.928571
vt 0.412500 0.928571
vt 0.425000 0.928571
vt 0.437500 0.928571
vt 0.450000 0.928571
vt 0.462500 0.928571
vt 0.475000 0.928571
vt 0.487500 0.928571
vt 0.500000 0.928571
vt 0.512500 0.928571
vt 0.525000 0.928571
vt 0.537500 0.928571
vt 0.550000 0.928571
vt 0.562500 0.928571
vt 0.575000 0.928571
vt 0.587500 0.928571
vt 0.600000 0.928571
vt 0.612500 0.928571
vt 0.625000 0.928571
vt 0.637500 0.928571
vt 0.650000 0.928571
vt 0.662500 0.928571
vt 0.675000 0.928571
vt 0.687500 0.928571
vt 0.700000 0.928571
vt 0.712500 0.928571
vt 0.725000 0.928571
vt 0.737500 0.928571
vt 0.750000 0.928571
vt 0.762500 0.928571
vt 0.775000 0.928571
vt 0.787500 0.928571
vt 0.800000 0.928571
vt 0.812500 0.928571
vt 0.825000 0.928571
vt 0.837500 0.928571
vt 0.850000 0.928571
vt 0.862500 0.928571
vt 0.875000 0.928571
vt 0.887500 0.928571
vt 0.900000 0.928571
vt 0.912500 0.928571
vt 0.925000 0.928571
vt 0.937500 0.928571
vt 0.950000 0.928571
vt 0.962500 0.928571
vt 0.975000 0.928571
vt 0.987500 0.928571
vt 1.000000 0.928571
vt 0.000000 0.857143
vt 0.012500 0.857143
vt 0.025000 0.857143
vt 0.037500 0.857143
vt 0.050000 0.857143
vt 0.062500 0.857143
vt 0.075000 0.857143
vt 0.087500 0.857143
vt 0.100000 0.857143
vt 0.112500 0.857143
vt 0.125000 0.857143
vt 0.137500 0.857143
vt 0.150000 0.857143
vt 0.162500 0.857143
vt 0.175000 0.857143
vt 0.187500 0.857143
vt 0.200000 0.857143
vt 0.212500 0.857143
vt 0.225000 0.857143
vt 0.237500 0.857143
vt 0.250000 0.857143
vt 0.262500 0.857143
vt 0.275000 0.857143
vt 0.287500 0.857143
vt 0.300000 0.857143
vt 0.312500 0.857143
vt 0.325000 0.857143
vt 0.337500 0.857143
vt 0.350000 0.857143
vt 0.362500 0.857143
vt 0.375000 0.857143
vt 0.387500 0.857143
vt 0.400000 0.857143
vt 0.412500 0.857143
vt 0.425000 0.857143
vt 0.437500 0.857143
vt 0.450000 0.857143
vt 0.462500 0.857143
vt 0.475000 0.857143
vt 0.487500 0.857143
vt 0.500000 0.857143
vt 0.512500 0.857143
vt 0.525000 0.857143
vt 0.537500 0.857143
vt 0.550000 0.857143
vt 0.562500 0.857143
vt 0.575000 0.857143
vt 0.587500 0.857143
vt 0.600000 0.857143
vt 0.612500 0.857143
vt 0.625000 0.857143
vt 0.637500 0.857143
vt 0.650000 0.857143
vt 0.662500 0.857143
vt 0.675000 0.857143
vt 0.687500 0.857143
vt 0.700000 0.857143
vt 0.712500 0.857143
vt 0.725000 0.857143
vt 0.737500 0.857143
vt 0.750000 0.857143
vt 0.762500 0.857143
vt 0.775000 0.857143
vt 0.787500 0.857143
vt 0.800000 0.857143
vt 0.812500 0.857143
vt 0.825000 0.857143
vt 0.837500 0.857143
vt 0.850000 0.857143
vt 0.862500 0.857143
vt 0.875000 0.857143
vt 0.887500 0.857143
vt 0.900000 0.857143
vt 0.912500 0.857143
vt 0.925000 0.857143
vt 0.937500 0.857143
vt 0.950000 0.857143
vt 0.962500 0.857143
vt 0.975000 0.857143
vt 0.987500 0.857143
vt 1.000000 0.857143
vt 0.000000 0.785714
vt 0.012500 0.785714
vt 0.025000 0.785714
vt 0.037500 0.785714
vt 0.050000 0.785714
vt 0.062500 0.785714
vt 0.075000 0.785714
vt 0.087500 0.785714
vt 0.100000 0.785714
vt 0.112500 0.785714
vt 0.125000 0.785714
vt 0.137500 0.785714
vt 0.150000 0.785714
vt 0.162500 0.785714
vt 0.175000 0.785714
vt 0.187500 0.785714
vt 0.200000 0.785714
vt 0.212500 0.785714
vt 0.225000 0.785714
vt 0.237500 0.785714
vt 0.250000 0.785714
vt 0.262500 0.785714
vt 0.275000 0.785714
vt 0.287500 0.785714
vt 0.300000 0.785714
vt 0.312500 0.785714
vt 0.325000 0.785714
vt 0.337500 0.785714
vt 0.350000 0.785714
vt 0.362500 0.785714
vt 0.375000 0.785714
vt 0.387500 0.785714
vt 0.400000 0.785714
vt 0.412500 0.785714
vt 0.425000 0.785714
vt 0.437500 0.785714
vt 0.450000 0.785714
vt 0.462500 0.785714
vt 0.475000 0.785714
vt 0.487500 0.785714
vt 0.500000 0.785714
vt 0.512500 0.785714
vt 0.525000 0.785714
vt 0.537500 0.785714
vt 0.550000 0.785714
vt 0.562500 0.785714
vt 0.575000 0.785714
vt 0.587500 0.785714
vt 0.600000 0.785714
vt 0.612500 0.785714
vt 0.625000 0.785714
vt 0.637500 0.785714
vt 0.650000 0.785714
vt 0.662500 0.785714
vt 0.675000 0.785714
vt 0.687500 0.785714
vt 0.700000 0.785714
vt 0.712500 0.785714
vt 0.725000 0.785714
vt 0.737500 0.785714
vt 0.750000 0.785714
vt 0.762500 0.785714
vt 0.775000 0.785714
vt 0.787500 0.785714
vt 0.800000 0.785714
vt 0.812500 0.785714
vt 0.825000 0.785714
vt 0.837500 0.785714
vt 0.850000 0.785714
vt 0.862500 0.785714
vt 0.875000 0.785714
vt 0.887500 0.785714
vt 0.900000 0.785714
vt 0.912500 0.785714
vt 0.925000 0.785714
vt 0.937500 0.785714
vt 0.950000 0.785714
vt 0.962500 0.785714
vt 0.975000 0.785714
vt 0.987500 0.785714
vt 1.000000 0.785714
vt 0.000000 0.714286
vt 0.012500 0.714286
vt 0.025000 0.714286
vt 0.037500 0.714286
vt 0.050000 0.714286
vt 0.062500 0.714286
vt 0.075000 0.714286
vt 0.087500 0.714286
vt 0.100000 0.714286
vt 0.112500 0.714286
vt 0.125000 0.714286
vt 0.137500 0.714286
vt 0.150000 0.714286
vt 0.162500 0.714286
vt 0.175000 0.714286
vt 0.187500 0.714286
vt 0.200000 0.714286
vt 0.212500 0.714286
vt 0.225000 0.714286
vt 0.237500 0.714286
vt 0.250000 0.714286
vt 0.262500 0.714286
vt 0.275000 0.714286
vt 0.287500 0.714286
vt 0.300000 0.714286
vt 0.312500 0.714286
vt 0.325000 0.714286
vt 0.337500 0.714286
vt 0.350000 0.714286
vt 0.362500 0.714286
vt 0.375000 0.714286
vt 0.387500 0.714286
vt 0.400000 0.714286
vt 0.412500 0.714286
vt 0.425000 0.714286
vt 0.437500 0.714286
vt 0.450000 0.714286
vt 0.462500 0.714286
vt 0.475000 0.714286
vt 0.487500 0.714286
vt 0.500000 0.714286
vt 0.512500 0.714286
vt 0.525000 0.714286
vt 0.537500 0.714286
vt 0.550000 0.714286
vt 0.562500 0.714286
vt 0.575000 0.714286
vt 0.587500 0.714286
vt 0.600000 0.714286
vt 0.612500 0.714286
vt 0.625000 0.714286
vt 0.637500 0.714286
vt 0.650000 0.714286
vt 0.662500 0.714286
vt 0.675000 0.714286
vt 0.687500 0.714286
vt 0.700000 0.714286
vt 0.712500 0.714286
vt 0.725000 0.714286
vt 0.737500 0.714286
vt 0.750000 0.714286
vt 0.762500 0.714286
vt 0.775000 0.714286
vt 0.787500 0.714286
vt 0.800000 0.714286
vt 0.812500 0.714286
vt 0.825000 0.714286
vt 0.837500 0.714286
vt 0.850000 0.714286
vt 0.862500 0.714286
vt 0.875000 0.714286
vt 0.887500 0.714286
vt 0.900000 0.714286
vt 0.912500 0.714286
vt 0.925000 0.714286
vt 0.937500 0.714286
vt 0.950000 0.714286
vt 0.962500 0.714286
vt 0.975000 0.714286
vt 0.987500 0.714286
vt 1.000000 0.714286
vt 0.000000 0.642857
vt 0.012500 0.642857
vt 0.025000 0.642857
vt 0.037500 0.642857
vt 0.050000 0.642857
vt 0.062500 0.642857
vt 0.075000 0.642857
vt 0.087500 0.642857
vt 0.100000 0.642857
vt 0.112500 0.642857
vt 0.125000 0.642857
vt 0.137500 0.642857
vt 0.150000 0.642857
vt 0.162500 0.642857
vt 0.175000 0.642857
vt 0.187500 0.642857
vt 0.200000 0.642857
vt 0.212500 0.642857
vt 0.225000 0.642857
vt 0.237500 0.642857
vt 0.250000 0.642857
vt 0.262500 0.642857
vt 0.275000 0.642857
vt 0.287500 0.642857
vt 0.300000 0.642857
vt 0.312500 0.642857
vt 0.325000 0.642857
vt 0.337500 0.642857
vt 0.350000 0.642857
vt 0.362500 0.642857
vt 0.375000 0.642857
vt 0.387500 0.642857
vt 0.400000 0.642857
vt 0.412500 0.642857
vt 0.425000 0.642857
vt 0.437500 0.642857
vt 0.450000 0.642857
vt 0.462500 0.642857
vt 0.475000 0.642857
vt 0.487500 0.642857
vt 0.500000 0.642857
vt 0.512500 0.642857
vt 0.525000 0.642857
vt 0.537500 0.642857
vt 0.550000 0.642857
vt 0.562500 0.642857
vt 0.575000 0.642857
vt 0.587500 0.642857
vt 0.600000 0.642857
vt 0.612500 0.642857
vt 0.625000 0.642857
vt 0.637500 0.642857
vt 0.650000 0.642857
vt 0.662500 0.642857
vt 0.675000 0.642857
vt 0.687500 0.642857
vt 0.700000 0.642857
vt 0.712500 0.642857
vt 0.725000 0.642857
vt 0.737500 0.642857
vt 0.750000 0.642857
vt 0.762500 0.642857
vt 0.775000 0.642857
vt 0.787500 0.642857
vt 0.800000 0.642857
vt 0.812500 0.642857
vt 0.825000 0.642857
vt 0.837500 0.642857
vt 0.850000 0.642857
vt 0.862500 0.642857
vt 0.875000 0.642857
vt 0.887500 0.642857
vt 0.900000 0.642857
vt 0.912500 0.642857
vt 0.925000 0.642857
vt 0.937500 0.642857
vt 0.950000 0.642857
vt 0.962500 0.642857
vt 0.975000 0.642857
vt 0.987500 0.642857
vt 1.000000 0.642857
vt 0.000000 0.571429
vt 0.012500 0.571429
vt 0.025000 0.571429
vt 0.037500 0.571429
vt 0.050000 0.571429
vt 0.062500 0.571429
vt 0.075000 0.571429
vt 0.087500 0.571429
vt 0.100000 0.571429
vt 0.112500 0.571429
vt 0.125000 0.571429
vt 0.137500 0.571429
vt 0.150000 0.571429
vt 0.162500 0.571429
vt 0.175000 0.571429
vt 0.187500 0.571429
vt 0.200000 0.571429
vt 0.212500 0.571429
vt 0.225000 0.571429
vt 0.237500 0.571429
vt 0.250000 0.571429
vt 0.262500 0.571429
vt 0.275000 0.571429
vt 0.287500 0.571429
vt 0.300000 0.571429
vt 0.312500 0.571429
vt 0.325000 0.571429
vt 0.337500 0.571429
vt 0.350000 0.571429
vt 0.362500 0.571429
vt 0.375000 0.571429
vt 0.387500 0.571429
vt 0.400000 0.571429
vt 0.412500 0.571429
vt 0.425000 0.571429
vt 0.437500 0.571429
vt 0.450000 0.571429
vt 0.462500 0.571429
vt 0.475000 0.571429
vt 0.487500 0.571429
vt 0.500000 0.571429
vt 0.512500 0.571429
vt 0.525000 0.571429
vt 0.537500 0.571429
vt 0.550000 0.571429
vt 0.562500 0.571429
vt 0.575000 0.571429
vt 0.587500 0.571429
vt 0.600000 0.571429
vt 0.612500 0.571429
vt 0.625000 0.571429
vt 0.637500 0.571429
vt 0.650000 0.571429
vt 0.662500 0.571429
vt 0.675000 0.571429
vt 0.687500 0.571429
vt 0.700000 0.571429
vt 0.712500 0.571429
vt 0.725000 0.571429
vt 0.737500 0.571429
vt 0.750000 0.571429
vt 0.762500 0.571429
vt 0.775000 0.571429
vt 0.787500 0.571429
vt 0.800000 0.571429
vt 0.812500 0.571429
vt 0.825000 0.571429
vt 0.837500 0.571429
vt 0.850000 0.571429
vt 0.862500 0.571429
vt 0.875000 0.571429
vt 0.887500 0.571429
vt 0.900000 0.571429
vt 0.912500 0.571429
vt 0.925000 0.571429
vt 0.937500 0.571429
vt 0.950000 0.571429
vt 0.962500 0.571429
vt 0.975000 0.571429
vt 0.987500 0.571429
vt 1.000000 0.571429
vt 0.000000 0.500000
vt 0.012500 0.500000
vt 0.025000 0.500000
vt 0.037500 0.500000
vt 0.050000 0.500000
vt 0.062500 0.500000
vt 0.075000 0.500000
vt 0.087500 0.500000
vt 0.100000 0.500000
vt 0.112500 0.500000
vt 0.125000 0.500000
vt 0.137500 0.500000
vt 0.150000 0.500000
vt 0.162500 0.500000
vt 0.175000 0.500000
vt 0.187500 0.500000
vt 0.200000 0.500000
vt 0.212500 0.500000
vt 0.225000 0.500000
vt 0.237500 0.500000
vt 0.250000 0.500000
vt 0.262500 0.500000
vt 0.275000 0.500000
vt 0.287500 0.500000
vt 0.300000 0.500000
vt 0.312500 0.500000
vt 0.325000 0.500000
vt 0.337500 0.500000
vt 0.350000 0.500000
vt 0.362500 0.500000
vt 0.375000 0.500000
vt 0.387500 0.500000
vt 0.400000 0.500000
vt 0.412500 0.500000
vt 0.425000 0.500000
vt 0.437500 0.500000
vt 0.450000 0.500000
vt 0.462500 0.500000
vt 0.475000 0.500000
vt 0.487500 0.500000
vt 0.500000 0.500000
vt 0.512500 0.500000
vt 0.525000 0.500000
vt 0.537500 0.500000
vt 0.550000 0.500000
vt 0.562500 0.500000
vt 0.575000 0.500000
vt 0.587500 0.500000
vt 0.600000 0.500000
vt 0.612500 0.500000
vt 0.625000 0.500000
vt 0.637500 0.500000
vt 0.650000 0.500000
vt 0.662500 0.500000
vt 0.675000 0.500000
vt 0.687500 0.500000
vt 0.700000 0.500000
vt 0.712500 0.500000
vt 0.725000 0.500000
vt 0.737500 0.500000
vt 0.750000 0.500000
vt 0.762500 0.500000
vt 0.775000 0.500000
vt 0.787500 0.500000
vt 0.800000 0.500000
vt 0.812500 0.500000
vt 0.825000 0.500000
vt 0.837500 0.500000
vt 0.850000 0.500000
vt 0.862500 0.500000
vt 0.875000 0.500000
vt 0.887500 0.500000
vt 0.900000 0.500000
vt 0.912500 0.500000
vt 0.925000 0.500000
vt 0.937500 0.500000
vt 0.950000 0.500000
vt 0.962500 0.500000
vt 0.975000 0.500000
vt 0.987500 0.500000
vt 1.000000 0.500000
vt 0.000000 0.428571
vt 0.012500 0.428571
vt 0.025000 0.428571
vt 0.037500 0.428571
vt 0.050000 0.428571
vt 0.062500 0.428571
vt 0.075000 0.428571
vt 0.087500 0.428571
vt 0.100000 0.428571
vt 0.112500 0.428571
vt 0.125000 0.428571
vt 0.137500 0.428571
vt 0.150000 0.428571
vt 0.162500 0.428571
vt 0.175000 0.428571
vt 0.187500 0.428571
vt 0.200000 0.428571
vt 0.212500 0.428571
vt 0.225000 0.428571
vt 0.237500 0.428571
vt 0.250000 0.428571
vt 0.262500 0.428571
vt 0.275000 0.428571
vt 0.287500 0.428571
vt 0.300000 0.428571
vt 0.312500 0.428571
vt 0.325000 0.428571
vt 0.337500 0.428571
vt 0.350000 0.428571
vt 0.362500 0.428571
vt 0.375000 0.428571
vt 0.387500 0.428571
vt 0.400000 0.428571
vt 0.412500 0.428571
vt 0.425000 0.428571
vt 0.437500 0.428571
vt 0.450000 0.428571
vt 0.462500 0.428571
vt 0.475000 0.428571
vt 0.487500 0.428571
vt 0.500000 0.428571
vt 0.512500 0.428571
vt 0.525000 0.428571
vt 0.537500 0.428571
vt 0.550000 0.428571
vt 0.562500 0.428571
vt 0.575000 0.428571
vt 0.587500 0.428571
vt 0.600000 0.428571
vt 0.612500 0.428571
vt 0.625000 0.428571
vt 0.637500 0.428571
vt 0.650000 0.428571
vt 0.662500 0.428571
vt 0.675000 0.428571
vt 0.687500 0.428571
vt 0.700000 0.428571
vt 0.712500 0.428571
vt 0.725000 0.428571
vt 0.737500 0.428571
vt 0.750000 0.428571
vt 0.762500 0.428571
vt 0.775000 0.428571
vt 0.787500 0.428571
vt 0.800000 0.428571
vt 0.812500 0.428571
vt 0.825000 0.428571
vt 0.837500 0.428571
vt 0.850000 0.428571
vt 0.862500 0.428571
vt 0.875000 0.428571
vt 0.887500 0.428571
vt 0.900000 0.428571
vt 0.912500 0.428571
vt 0.925000 0.428571
vt 0.937500 0.428571
vt 0.950000 0.428571
vt 0.962500 0.428571
vt 0.975000 0.428571
vt 0.987500 0.428571
vt 1.000000 0.428571
vt 0.000000 0.357143
vt 0.012500 0.357143
vt 0.025000 0.357143
vt 0.037500 0.357143
vt 0.050000 0.357143
vt 0.062500 0.357143
vt 0.075000 0.357143
vt 0.087500 0.357143
vt 0.100000 0.357143
vt 0.112500 0.357143
vt 0.125000 0.357143
vt 0.137500 0.357143
vt 0.150000 0.357143
vt 0.162500 0.357143
vt 0.175000 0.357143
vt 0.187500 0.357143
vt 0.200000 0.357143
vt 0.212500 0.357143
vt 0.225000 0.357143
vt 0.237500 0.357143
vt 0.250000 0.357143
vt 0.262500 0.357143
vt 0.275000 0.357143
vt 0.287500 0.357143
vt 0.300000 0.357143
vt 0.312500 0.357143
vt 0.325000 0.357143
vt 0.337500 0.357143
vt 0.350000 0.357143
vt 0.362500 0.357143
vt 0.375000 0.357143
vt 0.387500 0.357143
vt 0.400000 0.357143
vt 0.412500 0.357143
vt 0.425000 0.357143
vt 0.437500 0.357143
vt 0.450000 0.357143
vt 0.462500 0.357143
vt 0.475000 0.357143
vt 0.487500 0.357143
vt 0.500000 0.357143
vt 0.512500 0.357143
vt 0.525000 0.357143
vt 0.537500 0.357143
vt 0.550000 0.357143
vt 0.562500 0.357143
vt 0.575000 0.357143
vt 0.587500 0.357143
vt 0.600000 0.357143
vt 0.612500 0.357143
vt 0.625000 0.357143
vt 0.637500 0.357143
vt 0.650000 0.357143
vt 0.662500 0.357143
vt 0.675000 0.357143
vt 0.687500 0.357143
vt 0.700000 0.357143
vt 0.712500 0.357143
vt 0.725000 0.357143
vt 0.737500 0.357143
vt 0.750000 0.357143
vt 0.762500 0.357143
vt 0.775000 0.357143
vt 0.787500 0.357143
vt 0.800000 0.357143
vt 0.812500 0.357143
vt 0.825000 0.357143
vt 0.837500 0.357143
vt 0.850000 0.357143
vt 0.862500 0.357143
vt 0.875000 0.357143
vt 0.887500 0.357143
vt 0.900000 0.357143
vt 0.912500 0.357143
vt 0.925000 0.357143
vt 0.937500 0.357143
vt 0.950000 0.357143
vt 0.962500 0.357143
vt 0.975000 0.357143
vt 0.987500 0.357143
vt 1.000000 0.357143
vt 0.000000 0.285714
vt 0.012500 0.285714
vt 0.025000 0.285714
vt 0.037500 0.285714
vt 0.050000 0.285714
vt 0.062500 0.285714
vt 0.075000 0.285714
vt 0.087500 0.285714
vt 0.100000 0.285714
vt 0.112500 0.285714
vt 0.125000 0.285714
vt 0.137500 0.285714
vt 0.150000 0.285714
vt 0.162500 0.285714
vt 0.175000 0.285714
vt 0.187500 0.285714
vt 0.200000 0.285714
vt 0.212500 0.285714
vt 0.225000 0.285714
vt 0.237500 0.285714
vt 0.250000 0.285714
vt 0.262500 0.285714
vt 0.275000 0.285714
vt 0.287500 0.285714
vt 0.300000 0.285714
vt 0.312500 0.285714
vt 0.325000 0.285714
vt 0.337500 0.285714
vt 0.350000 0.285714
vt 0.362500 0.285714
vt 0.375000 0.285714
vt 0.387500 0.285714
vt 0.400000 0.285714
vt 0.412500 0.285714
vt 0.425000 0.285714
vt 0.437500 0.285714
vt 0.450000 0.285714
vt 0.462500 0.285714
vt 0.475000 0.285714
vt 0.487500 0.285714
vt 0.500000 0.285714
vt 0.512500 0.285714
vt 0.525000 0.285714
vt 0.537500 0.285714
vt 0.550000 0.285714
vt 0.562500 0.285714
vt 0.575000 0.285714
vt 0.587500 0.285714
vt 0.600000 0.285714
vt 0.612500 0.285714
vt 0.625000 0.285714
vt 0.637500 0.285714
vt 0.650000 0.285714
vt 0.662500 0.285714
vt 0.675000 0.285714
vt 0.687500 0.285714
vt 0.700000 0.285714
vt 0.712500 0.285714
vt 0.725000 0.285714
vt 0.737500 0.285714
vt 0.750000 0.285714
vt 0.762500 0.285714
vt 0.775000 0.285714
vt 0.787500 0.285714
vt 0.800000 0.285714
vt 0.812500 0.285714
vt 0.825000 0.285714
vt 0.837500 0.285714
vt 0.850000 0.285714
vt 0.862500 0.285714
vt 0.875000 0.285714
vt 0.887500 0.285714
vt 0.900000 0.285714
vt 0.912500 0.285714
vt 0.925000 0.285714
vt 0.937500 0.285714
vt 0.950000 0.285714
vt 0.962500 0.285714
vt 0.975000 0.285714
vt 0.987500 0.285714
vt 1.000000 0.285714
vt 0.000000 0.214286
vt 0.012500 0.214286
vt 0.025000 0.214286
vt 0.037500 0.214286
vt 0.050000 0.214286
vt 0.062500 0.214286
vt 0.075000 0.214286
vt 0.087500 0.214286
vt 0.100000 0.214286
vt 0.112500 0.214286
vt 0.125000 0.214286
vt 0.137500 0.214286
vt 0.150000 0.214286
vt 0.162500 0.214286
vt 0.175000 0.214286
vt 0.187500 0.214286
vt 0.200000 0.214286
vt 0.212500 0.214286
vt 0.225000 0.214286
vt 0.237500 0.214286
vt 0.250000 0.214286
vt 0.262500 0.214286
vt 0.275000 0.214286
vt 0.287500 0.214286
vt 0.300000 0.214286
vt 0.312500 0.214286
vt 0.325000 0.214286
vt 0.337500 0.214286
vt 0.350000 0.214286
vt 0.362500 0.214286
vt 0.375000 0.214286
vt 0.387500 0.214286
vt 0.400000 0.214286
vt 0.412500 0.214286
vt 0.425000 0.214286
vt 0.437500 0.214286
vt 0.450000 0.214286
vt 0.462500 0.214286
vt 0.475000 0.214286
vt 0.487500 0.214286
vt 0.500000 0.214286
vt 0.512500 0.214286
vt 0.525000 0.214286
vt 0.537500 0.214286
vt 0.550000 0.214286
vt 0.562500 0.214286
vt 0.575000 0.214286
vt 0.587500 0.214286
vt 0.600000 0.214286
vt 0.612500 0.214286
vt 0.625000 0.214286
vt 0.637500 0.214286
vt 0.650000 0.214286
vt 0.662500 0.214286
vt 0.675000 0.214286
vt 0.687500 0.214286
vt 0.700000 0.214286
vt 0.712500 0.214286
vt 0.725000 0.214286
vt 0.737500 0.214286
vt 0.750000 0.214286
vt 0.762500 0.214286
vt 0.775000 0.214286
vt 0.787500 0.214286
vt 0.800000 0.214286
vt 0.812500 0.214286
vt 0.825000 0.214286
vt 0.837500 0.214286
vt 0.850000 0.214286
vt 0.862500 0.214286
vt 0.875000 0.214286
vt 0.887500 0.214286
vt 0.900000 0.214286
vt 0.912500 0.214286
vt 0.925000 0.214286
vt 0.937500 0.214286
vt 0.950000 0.214286
vt 0.962500 0.214286
vt 0.975000 0.214286
vt 0.987500 0.214286
vt 1.000000 0.214286
vt 0.000000 0.142857
vt 0.012500 0.142857
vt 0.025000 0.142857
vt 0.037500 0.142857
vt 0.050000 0.142857
vt 0.062500 0.142857
vt 0.075000 0.142857
vt 0.087500 0.142857
vt 0.100000 0.142857
vt 0.112500 0.142857
vt 0.125000 0.142857
vt 0.137500 0.142857
vt 0.150000 0.142857
vt 0.162500 0.142857
vt 0.175000 0.142857
vt 0.187500 0.142857
vt 0.200000 0.142857
vt 0.212500 0.142857
vt 0.225000 0.142857
vt 0.237500 0.142857
vt 0.250000 0.142857
vt 0.262500 0.142857
vt 0.275000 0.142857
vt 0.287500 0.142857
vt 0.300000 0.142857
vt 0.312500 0.142857
vt 0.325000 0.142857
vt 0.337500 0.142857
vt 0.350000 0.142857
vt 0.362500 0.142857
vt 0.375000 0.142857
vt 0.387500 0.142857
vt 0.400000 0.142857
vt 0.412500 0.142857
vt 0.425000 0.142857
vt 0.437500 0.142857
vt 0.450000 0.142857
vt 0.462500 0.142857
vt 0.475000 0.142857
vt 0.487500 0.142857
vt 0.500000 0.142857
vt 0.512500 0.142857
vt 0.525000 0.142857
vt 0.537500 0.142857
vt 0.550000 0.142857
vt 0.562500 0.142857
vt 0.575000 0.142857
vt 0.587500 0.142857
vt 0.600000 0.142857
vt 0.612500 0.142857
vt 0.625000 0.142857
vt 0.637500 0.142857
vt 0.650000 0.142857
vt 0.662500 0.142857
vt 0.675000 0.142857
vt 0.687500 0.142857
vt 0.700000 0.142857
vt 0.712500 0.142857
vt 0.725000 0.142857
vt 0.737500 0.142857
vt 0.750000 0.142857
vt 0.762500 0.142857
vt 0.775000 0.142857
vt 0.787500 0.142857
vt 0.800000 0.142857
vt 0.812500 0.142857
vt 0.825000 0.142857
vt 0.837500 0.142857
vt 0.850000 0.142857
vt 0.862500 0.142857
vt 0.875000 0.142857
vt 0.887500 0.142857
vt 0.900000 0.142857
vt 0.912500 0.142857
vt 0.925000 0.142857
vt 0.937500 0.142857
vt 0.950000 0.142857
vt 0.962500 0.142857
vt 0.975000 0.142857
vt 0.987500 0.142857
vt 1.000000 0.142857
vt 0.000000 0.071429
vt 0.012500 0.071429
vt 0.025000 0.071429
vt 0.037500 0.071429
vt 0.050000 0.071429
vt 0.062500 0.071429
vt 0.075000 0.071429
vt 0.087500 0.071429
vt 0.100000 0.071429
vt 0.112500 0.071429
vt 0.125000 0.071429
vt 0.137500 0.071429
vt 0.150000 0.071429
vt 0.162500 0.071429
vt 0.175000 0.071429
vt 0.187500 0.071429
vt 0.200000 0.071429
vt 0.212500 0.071429
vt 0.225000 0.071429
vt 0.237500 0.071429
vt 0.250000 0.071429
vt 0.262500 0.071429
vt 0.275000 0.071429
vt 0.287500 0.071429
vt 0.300000 0.071429
vt 0.312500 0.071429
vt 0.325000 0.071429
vt 0.337500 0.071429
vt 0.350000 0.071429
vt 0.362500 0.071429
vt 0.375000 0.071429
vt 0.387500 0.071429
vt 0.400000 0.071429
vt 0.412500 0.071429
vt 0.425000 0.071429
vt 0.437500 0.071429
vt 0.450000 0.071429
vt 0.462500 0.071429
vt 0.475000 0.071429
vt 0.487500 0.071429
vt 0.500000 0.071429
vt 0.512500 0.071429
vt 0.525000 0.071429
vt 0.537500 0.071429
vt 0.550000 0.071429
vt 0.562500 0.071429
vt 0.575000 0.071429
vt 0.587500 0.071429
vt 0.600000 0.071429
vt 0.612500 0.071429
vt 0.625000 0.071429
vt 0.637500 0.071429
vt 0.650000 0.071429
vt 0.662500 0.071429
vt 0.675000 0.071429
vt 0.687500 0.071429
vt 0.700000 0.071429
vt 0.712500 0.071429
vt 0.725000 0.071429
vt 0.737500 0.071429
vt 0.750000 0.071429
vt 0.762500 0.071429
vt 0.775000 0.071429
vt 0.787500 0.071429
vt 0.800000 0.071429
vt 0.812500 0.071429
vt 0.825000 0.071429
vt 0.837500 0.071429
vt 0.850000 0.071429
vt 0.862500 0.071429
vt 0.875000 0.071429
vt 0.887500 0.071429
vt 0.900000 0.071429
vt 0.912500 0.071429
vt 0.925000 0.071429
vt 0.937500 0.071429
vt 0.950000 0.071429
vt 0.962500 0.071429
vt 0.975000 0.071429
vt 0.987500 0.071429
vt 1.000000 0.071429
vt 0.000000 0.000000
vt 0.012500 0.000000
vt 0.025000 0.000000
vt 0.037500 0.000000
vt 0.050000 0.000000
vt 0.062500 0.000000
vt 0.075000 0.000000
vt 0.087500 0.000000
vt 0.100000 0.000000
vt 0.112500 0.000000
vt 0.125000 0.000000
vt 0.137500 0.000000
vt 0.150000 0.000000
vt 0.162500 0.000000
vt 0.175000 0.000000
vt 0.187500 0.000000
vt 0.200000 0.000000
vt 0.212500 0.000000
vt 0.225000 0.000000
vt 0.237500 0.000000
vt 0.250000 0.000000
vt 0.262500 0.000000
vt 0.275000 0.000000
vt 0.287500 0.000000
vt 0.300000 0.000000
vt 0.312500 0.000000
vt 0.325000 0.000000
vt 0.337500 0.000000
vt 0.350000 0.000000
vt 0.362500 0.000000
vt 0.375000 0.000000
vt 0.387500 0.000000
vt 0.400000 0.000000
vt 0.412500 0.000000
vt 0.425000 0.000000
vt 0.437500 0.000000
vt 0.450000 0.000000
vt 0.462500 0.000000
vt 0.475000 0.000000
vt 0.487500 0.000000
vt 0.500000 0.000000
vt 0.512500 0.000000
vt 0.525000 0.000000
vt 0.537500 0.000000
vt 0.550000 0.000000
vt 0.562500 0.000000
vt 0.575000 0.000000
vt 0.587500 0.000000
vt 0.600000 0.000000
vt 0.612500 0.000000
vt 0.625000 0.000000
vt 0.637500 0.000000
vt 0.650000 0.000000
vt 0.662500 0.000000
vt 0.675000 0.000000
vt 0.687500 0.000000
vt 0.700000 0.000000
vt 0.712500 0.000000
vt 0.725000 0.000000
vt 0.737500 0.000000
vt 0.750000 0.000000
vt 0.762500 0.000000
vt 0.775000 0.000000
vt 0.787500 0.000000
vt 0.800000 0.000000
vt 0.812500 0.000000
vt 0.825000 0.000000
vt 0.837500 0.000000
vt 0.850000 0.000000
vt 0.862500 0.000000
vt 0.875000 0.000000
vt 0.887500 0.000000
vt 0.900000 0.000000
vt 0.912500 0.000000
vt 0.925000 0.000000
vt 0.937500 0.000000
vt 0.950000 0.000000
vt 0.962500 0.000000
vt 0.975000 0.000000
vt 0.987500 0.000000
vt 1.000000 0.000000
vt 0.000000 1.000000
vt 0.012500 1.000000
vt 0.025000 1.000000
vt 0.037500 1.000000
vt 0.050000 1.000000
vt 0.062500 1.000000
vt 0.075000 1.000000
vt 0.087500 1.000000
vt 0.100000 1.000000
vt 0.112500 1.000000
vt 0.125000 1.000000
vt 0.137500 1.000000
vt 0.150000 1.000000
vt 0.162500 1.000000
vt 0.175000 1.000000
vt 0.187500 1.000000
vt 0.200000 1.000000
vt 0.212500 1.000000
vt 0.225000 1.000000
vt 0.237500 1.000000
vt 0.250000 1.000000
vt 0.262500 1.000000
vt 0.275000 1.000000
vt 0.287500 1.000000
vt 0.300000 1.000000
vt 0.312500 1.000000
vt 0.325000 1.000000
vt 0.337500 1.000000
vt 0.350000 1.000000
vt 0.362500 1.000000
vt 0.375000 1.000000
vt 0.387500 1.000000
vt 0.400000 1.000000
vt 0.412500 1.000000
vt 0.425000 1.000000
vt 0.437500 1.000000
vt 0.450000 1.000000
vt 0.462500 1.000000
vt 0.475000 1.000000
vt 0.487500 1.000000
vt 0.500000 1.000000
vt 0.512500 1.000000
vt 0.525000 1.000000
vt 0.537500 1.000000
vt 0.550000 1.000000
vt 0.562500 1.000000
vt 0.575000 1.000000
vt 0.587500 1.000000
vt 0.600000 1.000000
vt 0.612500 1.000000
vt 0.625000 1.000000
vt 0.637500 1.000000
vt 0.650000 1.000000
vt 0.662500 1.000000
vt 0.675000 1.000000
vt 0.687500 1.000000
vt 0.700000 1.000000
vt 0.712500 1.000000
vt 0.725000 1.000000
vt 0.737500 1.000000
vt 0.750000 1.000000
vt 0.762500 1.000000
vt 0.775000 1.000000
vt 0.787500 1.000000
vt 0.800000 1.000000
vt 0.812500 1.000000
vt 0.825000 1.000000
vt 0.837500 1.000000
vt 0.850000 1.000000
vt 0.862500 1.000000
vt 0.875000 1.000000
vt 0.887500 1.000000
vt 0.900000 1.000000
vt 0.912500 1.000000
vt 0.925000 1.000000
vt 0.937500 1.000000
vt 0.950000 1.000000
vt 0.962500 1.000000
vt 0.975000 1.000000
vt 0.987500 1.000000
vt 1.000000 1.000000
vt 0.000000 0.928571
vt 0.012500 0.928571
vt 0.025000 0.928571
vt 0.037500 0.928571
vt 0.050000 0.928571
vt 0.062500 0.928571
vt 0.075000 0.928571
vt 0.087500 0.928571
vt 0.100000 0.928571
vt 0.112500 0.928571
vt 0.125000 0.928571
vt 0.137500 0.928571
vt 0.150000 0.928571
vt 0.162500 0.928571
vt 0.175000 0.928571
vt 0.187500 0.928571
vt 0.200000 0.928571
vt 0.212500 0.928571
vt 0.225000 0.928571
vt 0.237500 0.928571
vt 0.250000 0.928571
vt 0.262500 0.928571
vt 0.275000 0.928571
vt 0.287500 0.928571
vt 0.300000 0.928571
vt 0.312500 0.928571
vt 0.325000 0.928571
vt 0.337500 0.928571
vt 0.350000 0.928571
vt 0.362500 0.928571
vt 0.375000 0.928571
vt 0.387500 0.928571
vt 0.400000 0.928571
vt 0.412500 0.928571
vt 0.425000 0.928571
vt 0.437500 0.928571
vt 0.450000 0.928571
vt 0.462500 0.928571
vt 0.475000 0.928571
vt 0.487500 0.928571
vt 0.500000 0.928571
vt 0.512500 0.928571
vt 0.525000 0.928571
vt 0.537500 0.928571
vt 0.550000 0.928571
vt 0.562500 0.928571
vt 0.575000 0.928571
vt 0.587500 0.928571
vt 0.600000 0.928571
vt 0.612500 0.928571
vt 0.625000 0.928571
vt 0.637500 0.928571
vt 0.650000 0.928571
vt 0.662500 0.928571
vt 0.675000 0.928571
vt 0.687500 0.928571
vt 0.700000 0.928571
vt 0.712500 0.928571
vt 0.725000 0.928571
vt 0.737500 0.928571
vt 0.750000 0.928571
vt 0.762500 0.928571
vt 0.775000 0.928571
vt 0.787500 0.928571
vt 0.800000 0.928571
vt 0.812500 0.928571
vt 0.825000 0.928571
vt 0.837500 0.928571
vt 0.850000 0.928571
vt 0.862500 0.928571
vt 0.875000 0.928571
vt 0.887500 0.928571
vt 0.900000 0.928571
vt 0.912500 0.928571
vt 0.925000 0.928571
vt 0.937500 0.928571
vt 0.950000 0.928571
vt 0.962500 0.928571
vt 0.975000 0.928571
vt 0.987500 0.928571
vt 1.000000 0.928571
vt 0.000000 0.857143
vt 0.012500 0.857143
vt 0.025000 0.857143
vt 0.037500 0.857143
vt 0.050000 0.857143
vt 0.062500 0.857143
vt 0.075000 0.857143
vt 0.087500 0.857143
vt 0.100000 0.857143
vt 0.112500 0.857143
vt 0.125000 0.857143
vt 0.137500 0.857143
vt 0.150000 0.857143
vt 0.162500 0.857143
vt 0.175000 0.857143
vt 0.187500 0.857143
vt 0.200000 0.857143
vt 0.212500 0.857143
vt 0.225000 0.857143
vt 0.237500 0.857143
vt 0.250000 0.857143
vt 0.262500 0.857143
vt 0.275000 0.857143
vt 0.287500 0.857143
vt 0.300000 0.857143
vt 0.312500 0.857143
vt 0.325000 0.857143
vt 0.337500 0.857143
vt 0.350000 0.857143
vt 0.362500 0.857143
vt 0.375000 0.857143
vt 0.387500 0.857143
vt 0.400000 0.857143
vt 0.412500 0.857143
vt 0.425000 0.857143
vt 0.437500 0.857143
vt 0.450000 0.857143
vt 0.462500 0.857143
vt 0.475000 0.857143
vt 0.487500 0.857143
vt 0.500000 0.857143
vt 0.512500 0.857143
vt 0.525000 0.857143
vt 0.537500 0.857143
vt 0.550000 0.857143
vt 0.562500 0.857143
vt 0.575000 0.857143
vt 0.587500 0.857143
vt 0.600000 0.857143
vt 0.612500 0.857143
vt 0.625000 0.857143
vt 0.637500 0.857143
vt 0.650000 0.857143
vt 0.662500 0.857143
vt 0.675000 0.857143
vt 0.687500 0.857143
vt 0.700000 0.857143
vt 0.712500 0.857143
vt 0.725000 0.857143
vt 0.737500 0.857143
vt 0.750000 0.857143
vt 0.762500 0.857143
vt 0.775000 0.857143
vt 0.787500 0.857143
vt 0.800000 0.857143
vt 0.812500 0.857143
vt 0.825000 0.857143
vt 0.837500 0.857143
vt 0.850000 0.857143
vt 0.862500 0.857143
vt 0.875000 0.857143
vt 0.887500 0.857143
vt 0.900000 0.857143
vt 0.912500 0.857143
vt 0.925000 0.857143
vt 0.937500 0.857143
vt 0.950000 0.857143
vt 0.962500 0.857143
vt 0.975000 0.857143
vt 0.987500 0.857143
vt 1.000000 0.857143
vt 0.000000 0.785714
vt 0.012500 0.785714
vt 0.025000 0.785714
vt 0.037500 0.785714
vt 0.050000 0.785714
vt 0.062500 0.785714
vt 0.075000 0.785714
vt 0.087500 0.785714
vt 0.100000 0.785714
vt 0.112500 0.785714
vt 0.125000 0.785714
vt 0.137500 0.785714
vt 0.150000 0.785714
vt 0.162500 0.785714
vt 0.175000 0.785714
vt 0.187500 0.785714
vt 0.200000 0.785714
vt 0.212500 0.785714
vt 0.225000 0.785714
vt 0.237500 0.785714
vt 0.250000 0.785714
vt 0.262500 0.785714
vt 0.275000 0.785714
vt 0.287500 0.785714
vt 0.300000 0.785714
vt 0.312500 0.785714
vt 0.325000 0.785714
vt 0.337500 0.785714
vt 0.350000 0.785714
vt 0.362500 0.785714
vt 0.375000 0.785714
vt 0.387500 0.785714
vt 0.400000 0.785714
vt 0.412500 0.785714
vt 0.425000 0.785714
vt 0.437500 0.785714
vt 0.450000 0.785714
vt 0.462500 0.785714
vt 0.475000 0.785714
vt 0.487500 0.785714
vt 0.500000 0.785714
vt 0.512500 0.785714
vt 0.525000 0.785714
vt 0.537500 0.785714
vt 0.550000 0.785714
vt 0.562500 0.785714
vt 0.575000 0.785714
vt 0.587500 0.785714
vt 0.600000 0.785714
vt 0.612500 0.785714
vt 0.625000 0.785714
vt 0.637500 0.785714
vt 0.650000 0.785714
vt 0.662500 0.785714
vt 0.675000 0.785714
vt 0.687500 0.785714
vt 0.700000 0.785714
vt 0.712500 0.785714
vt 0.725000 0.785714
vt 0.737500 0.785714
vt 0.750000 0.785714
vt 0.762500 0.785714
vt 0.775000 0.785714
vt 0.787500 0.785714
vt 0.800000 0.785714
vt 0.812500 0.785714
vt 0.825000 0.785714
vt 0.837500 0.785714
vt 0.850000 0.785714
vt 0.862500 0.785714
vt 0.875000 0.785714
vt 0.887500 0.785714
vt 0.900000 0.785714
vt 0.912500 0.785714
vt 0.925000 0.785714
vt 0.937500 0.785714
vt 0.950000 0.785714
vt 0.962500 0.785714
vt 0.975000 0.785714
vt 0.987500 0.785714
vt 1.000000 0.785714
vt 0.000000 0.714286
vt 0.012500 0.714286
vt 0.025000 0.714286
vt 0.037500 0.714286
vt 0.050000 0.714286
vt 0.062500 0.714286
vt 0.075000 0.714286
vt 0.087500 0.714286
vt 0.100000 0.714286
vt 0.112500 0.714286
vt 0.125000 0.714286
vt 0.137500 0.714286
vt 0.150000 0.714286
vt 0.162500 0.714286
vt 0.175000 0.714286
vt 0.187500 0.714286
vt 0.200000 0.714286
vt 0.212500 0.714286
vt 0.225000 0.714286
vt 0.237500 0.714286
vt 0.250000 0.714286
vt 0.262500 0.714286
vt 0.275000 0.714286
vt 0.287500 0.714286
vt 0.300000 0.714286
vt 0.312500 0.714286
vt 0.325000 0.714286
vt 0.337500 0.714286
vt 0.350000 0.714286
vt 0.362500 0.714286
vt 0.375000 0.714286
vt 0.387500 0.714286
vt 0.400000 0.714286
vt 0.412500 0.714286
vt 0.425000 0.714286
vt 0.437500 0.714286
vt 0.450000 0.714286
vt 0.462500 0.714286
vt 0.475000 0.714286
vt 0.487500 0.714286
vt 0.500000 0.714286
vt 0.512500 0.714286
vt 0.525000 0.714286
vt 0.537500 0.714286
vt 0.550000 0.714286
vt 0.562500 0.714286
vt 0.575000 0.714286
vt 0.587500 0.714286
vt 0.600000 0.714286
vt 0.612500 0.714286
vt 0.625000 0.714286
vt 0.637500 0.714286
vt 0.650000 0.714286
vt 0.662500 0.714286
vt 0.675000 0.714286
vt 0.687500 0.714286
vt 0.700000 0.714286
vt 0.712500 0.714286
vt 0.725000 0.714286
vt 0.737500 0.714286
vt 0.750000 0.714286
vt 0.762500 0.714286
vt 0.775000 0.714286
vt 0.787500 0.714286
vt 0.800000 0.714286
vt 0.812500 0.714286
vt 0.825000 0.714286
vt 0.837500 0.714286
vt 0.850000 0.714286
vt 0.862500 0.714286
vt 0.875000 0.714286
vt 0.887500 0.714286
vt 0.900000 0.714286
vt 0.912500 0.714286
vt 0.925000 0.714286
vt 0.937500 0.714286
vt 0.950000 0.714286
vt 0.962500 0.714286
vt 0.975000 0.714286
vt 0.987500 0.714286
vt 1.000000 0.714286
vt 0.000000 0.642857
vt 0.012500 0.642857
vt 0.025000 0.642857
vt 0.037500 0.642857
vt 0.050000 0.642857
vt 0.062500 0.642857
vt 0.075000 0.642857
vt 0.087500 0.642857
vt 0.100000 0.642857
vt 0.112500 0.642857
vt 0.125000 0.642857
vt 0.137500 0.642857
vt 0.150000 0.642857
vt 0.162500 0.642857
vt 0.175000 0.642857
vt 0.187500 0.642857
vt 0.200000 0.642857
vt 0.212500 0.642857
vt 0.225000 0.642857
vt 0.237500 0.642857
vt 0.250000 0.642857
vt 0.262500 0.642857
vt 0.275000 0.642857
vt 0.287500 0.642857
vt 0.300000 0.642857
vt 0.312500 0.642857
vt 0.325000 0.642857
vt 0.337500 0.642857
vt 0.350000 0.642857
vt 0.362500 0.642857
vt 0.375000 0.642857
vt 0.387500 0.642857
vt 0.400000 0.642857
vt 0.412500 0.642857
vt 0.425000 0.642857
vt 0.437500 0.642857
vt 0.450000 0.642857
vt 0.462500 0.642857
vt 0.475000 0.642857
vt 0.487500 0.642857
vt 0.500000 0.642857
vt 0.512500 0.642857
vt 0.525000 0.642857
vt 0.537500 0.642857
vt 0.550000 0.642857
vt 0.562500 0.642857
vt 0.575000 0.642857
vt 0.587500 0.642857
vt 0.600000 0.642857
vt 0.612500 0.642857
vt 0.625000 0.642857
vt 0.637500 0.642857
vt 0.650000 0.642857
vt 0.662500 0.642857
vt 0.675000 0.642857
vt 0.687500 0.642857
vt 0.700000 0.642857
vt 0.712500 0.642857
vt 0.725000 0.642857
vt 0.737500 0.642857
vt 0.750000 0.642857
vt 0.762500 0.642857
vt 0.775000 0.642857
vt 0.787500 0.642857
vt 0.800000 0.642857
vt 0.812500 0.642857
vt 0.825000 0.642857
vt 0.837500 0.642857
vt 0.850000 0.642857
vt 0.862500 0.642857
vt 0.875000 0.642857
vt 0.887500 0.642857
vt 0.900000 0.642857
vt 0.912500 0.642857
vt 0.925000 0.642857
vt 0.937500 0.642857
vt 0.950000 0.642857
vt 0.962500 0.642857
vt 0.975000 0.642857
vt 0.987500 0.642857
vt 1.000000 0.642857
vt 0.000000 0.571429
vt 0.012500 0.571429
vt 0.025000 0.571429
vt 0.037500 0.571429
vt 0.050000 0.571429
vt 0.062500 0.571429
vt 0.075000 0.571429
vt 0.087500 0.571429
vt 0.100000 0.571429
vt 0.112500 0.571429
vt 0.125000 0.571429
vt 0.137500 0.571429
vt 0.150000 0.571429
vt 0.162500 0.571429
vt 0.175000 0.571429
vt 0.187500 0.571429
vt 0.200000 0.571429
vt 0.212500 0.571429
vt 0.225000 0.571429
vt 0.237500 0.571429
vt 0.250000 0.571429
vt 0.262500 0.571429
vt 0.275000 0.571429
vt 0.287500 0.571429
vt 0.300000 0.571429
vt 0.312500 0.571429
vt 0.325000 0.571429
vt 0.337500 0.571429
vt 0.350000 0.571429
vt 0.362500 0.571429
vt 0.375000 0.571429
vt 0.387500 0.571429
vt 0.400000 0.571429
vt 0.412500 0.571429
vt 0.425000 0.571429
vt 0.437500 0.571429
vt 0.450000 0.571429
vt 0.462500 0.571429
vt 0.475000 0.571429
vt 0.487500 0.571429
vt 0.500000 0.571429
vt 0.512500 0.571429
vt 0.525000 0.571429
vt 0.537500 0.571429
vt 0.550000 0.571429
vt 0.562500 0.571429
vt 0.575000 0.571429
vt 0.587500 0.571429
vt 0.600000 0.571429
vt 0.612500 0.571429
vt 0.625000 0.571429
vt 0.637500 0.571429
vt 0.650000 0.571429
vt 0.662500 0.571429
vt 0.675000 0.571429
vt 0.687500 0.571429
vt 0.700000 0.571429
vt 0.712500 0.571429
vt 0.725000 0.571429
vt 0.737500 0.571429
vt 0.750000 0.571429
vt 0.762500 0.571429
vt 0.775000 0.571429
vt 0.787500 0.571429
vt 0.800000 0.571429
vt 0.812500 0.571429
vt 0.825000 0.571429
vt 0.837500 0.571429
vt 0.850000 0.571429
vt 0.862500 0.571429
vt 0.875000 0.571429
vt 0.887500 0.571429
vt 0.900000 0.571429
vt 0.912500 0.571429
vt 0.925000 0.571429
vt 0.937500 0.571429
vt 0.950000 0.571429
vt 0.962500 0.571429
vt 0.975000 0.571429
vt 0.987500 0.571429
vt 1.000000 0.571429
vt 0.000000 0.500000
vt 0.012500 0.500000
vt 0.025000 0.500000
vt 0.037500 0.500000
vt 0.050000 0.500000
vt 0.062500 0.500000
vt 0.075000 0.500000
vt 0.087500 0.500000
vt 0.100000 0.500000
vt 0.112500 0.500000
vt 0.125000 0.500000
vt 0.137500 0.500000
vt 0.150000 0.500000
vt 0.162500 0.500000
vt 0.175000 0.500000
vt 0.187500 0.500000
vt 0.200000 0.500000
vt 0.212500 0.500000
vt 0.225000 0.500000
vt 0.237500 0.500000
vt 0.250000 0.500000
vt 0.262500 0.500000
vt 0.275000 0.500000
vt 0.287500 0.500000
vt 0.300000 0.500000
vt 0.312500 0.500000
vt 0.325000 0.500000
vt 0.337500 0.500000
vt 0.350000 0.500000
vt 0.362500 0.500000
vt 0.375000 0.500000
vt 0.387500 0.500000
vt 0.400000 0.500000
vt 0.412500 0.500000
vt 0.425000 0.500000
vt 0.437500 0.500000
vt 0.450000 0.500000
vt 0.462500 0.500000
vt 0.475000 0.500000
vt 0.487500 0.500000
vt 0.500000 0.500000
vt 0.512500 0.500000
vt 0.525000 0.500000
vt 0.537500 0.500000
vt 0.550000 0.500000
vt 0.562500 0.500000
vt 0.575000 0.500000
vt 0.587500 0.500000
vt 0.600000 0.500000
vt 0.612500 0.500000
vt 0.625000 0.500000
vt 0.637500 0.500000
vt 0.650000 0.500000
vt 0.662500 0.500000
vt 0.675000 0.500000
vt 0.687500 0.500000
vt 0.700000 0.500000
vt 0.712500 0.500000
vt 0.725000 0.500000
vt 0.737500 0.500000
vt 0.750000 0.500000
vt 0.762500 0.500000
vt 0.775000 0.500000
vt 0.787500 0.500000
vt 0.800000 0.500000
vt 0.812500 0.500000
vt 0.825000 0.500000
vt 0.837500 0.500000
vt 0.850000 0.500000
vt 0.862500 0.500000
vt 0.875000 0.500000
vt 0.887500 0.500000
vt 0.900000 0.500000
vt 0.912500 0.500000
vt 0.925000 0.500000
vt 0.937500 0.500000
vt 0.950000 0.500000
vt 0.962500 0.500000
vt 0.975000 0.500000
vt 0.987500 0.500000
vt 1.000000 0.500000
vt 0.000000 0.428571
vt 0.012500 0.428571
vt 0.025000 0.428571
vt 0.037500 0.428571
vt 0.050000 0.428571
vt 0.062500 0.428571
vt 0.075000 0.428571
vt 0.087500 0.428571
vt 0.100000 0.428571
vt 0.112500 0.428571
vt 0.125000 0.428571
vt 0.137500 0.428571
vt 0.150000 0.428571
vt 0.162500 0.428571
vt 0.175000 0.428571
vt 0.187500 0.428571
vt 0.200000 0.428571
vt 0.212500 0.428571
vt 0.225000 0.428571
vt 0.237500 0.428571
vt 0.250000 0.428571
vt 0.262500 0.428571
vt 0.275000 0.428571
vt 0.287500 0.428571
vt 0.300000 0.428571
vt 0.312500 0.428571
vt 0.325000 0.428571
vt 0.337500 0.428571
vt 0.350000 0.428571
vt 0.362500 0.428571
vt 0.375000 0.428571
vt 0.387500 0.428571
vt 0.400000 0.428571
vt 0.412500 0.428571
vt 0.425000 0.428571
vt 0.437500 0.428571
vt 0.450000 0.428571
vt 0.462500 0.428571
vt 0.475000 0.428571
vt 0.487500 0.428571
vt 0.500000 0.428571
vt 0.512500 0.428571
vt 0.525000 0.428571
vt 0.537500 0.428571
vt 0.550000 0.428571
vt 0.562500 0.428571
vt 0.575000 0.428571
vt 0.587500 0.428571
vt 0.600000 0.428571
vt 0.612500 0.428571
vt 0.625000 0.428571
vt 0.637500 0.428571
vt 0.650000 0.428571
vt 0.662500 0.428571
vt 0.675000 0.428571
vt 0.687500 0.428571
vt 0.700000 0.428571
vt 0.712500 0.428571
vt 0.725000 0.428571
vt 0.737500 0.428571
vt 0.750000 0.428571
vt 0.762500 0.428571
vt 0.775000 0.428571
vt 0.787500 0.428571
vt 0.800000 0.428571
vt 0.812500 0.428571
vt 0.825000 0.428571
vt 0.837500 0.428571
vt 0.850000 0.428571
vt 0.862500 0.428571
vt 0.875000 0.428571
vt 0.887500 0.428571
vt 0.900000 0.428571
vt 0.912500 0.428571
vt 0.925000 0.428571
vt 0.937500 0.428571
vt 0.950000 0.428571
vt 0.962500 0.428571
vt 0.975000 0.428571
vt 0.987500 0.428571
vt 1.000000 0.428571
vt 0.000000 0.357143
vt 0.012500 0.357143
vt 0.025000 0.357143
vt 0.037500 0.357143
vt 0.050000 0.357143
vt 0.062500 0.357143
vt 0.075000 0.357143
vt 0.087500 0.357143
vt 0.100000 0.357143
vt 0.112500 0.357143
vt 0.125000 0.357143
vt 0.137500 0.357143
vt 0.150000 0.357143
vt 0.162500 0.357143
vt 0.175000 0.357143
vt 0.187500 0.357143
vt 0.200000 0.357143
vt 0.212500 0.357143
vt 0.225000 0.357143
vt 0.237500 0.357143
vt 0.250000 0.357143
vt 0.262500 0.357143
vt 0.275000 0.357143
vt 0.287500 0.357143
vt 0.300000 0.357143
vt 0.312500 0.357143
vt 0.325000 0.357143
vt 0.337500 0.357143
vt 0.350000 0.357143
vt 0.362500 0.357143
vt 0.375000 0.357143
vt 0.387500 0.357143
vt 0.400000 0.357143
vt 0.412500 0.357143
vt 0.425000 0.357143
vt 0.437500 0.357143
vt 0.450000 0.357143
vt 0.462500 0.357143
vt 0.475000 0.357143
vt 0.487500 0.357143
vt 0.500000 0.357143
vt 0.512500 0.357143
vt 0.525000 0.357143
vt 0.537500 0.357143
vt 0.550000 0.357143
vt 0.562500 0.357143
vt 0.575000 0.357143
vt 0.587500 0.357143
vt 0.600000 0.357143
vt 0.612500 0.357143
vt 0.625000 0.357143
vt 0.637500 0.357143
vt 0.650000 0.357143
vt 0.662500 0.357143
vt 0.675000 0.357143
vt 0.687500 0.357143
vt 0.700000 0.357143
vt 0.712500 0.357143
vt 0.725000 0.357143
vt 0.737500 0.357143
vt 0.750000 0.357143
vt 0.762500 0.357143
vt 0.775000 0.357143
vt 0.787500 0.357143
vt 0.800000 0.357143
vt 0.812500 0.357143
vt 0.825000 0.357143
vt 0.837500 0.357143
vt 0.850000 0.357143
vt 0.862500 0.357143
vt 0.875000 0.357143
vt 0.887500 0.357143
vt 0.900000 0.357143
vt 0.912500 0.357143
vt 0.925000 0.357143
vt 0.937500 0.357143
vt 0.950000 0.357143
vt 0.962500 0.357143
vt 0.975000 0.357143
vt 0.987500 0.357143
vt 1.000000 0.357143
vt 0.000000 0.285714
vt 0.012500 0.285714
vt 0.025000 0.285714
vt 0.037500 0.285714
vt 0.050000 0.285714
vt 0.062500 0.285714
vt 0.075000 0.285714
vt 0.087500 0.285714
vt 0.100000 0.285714
vt 0.112500 0.285714
vt 0.125000 0.285714
vt 0.137500 0.285714
vt 0.150000 0.285714
vt 0.162500 0.285714
vt 0.175000 0.285714
vt 0.187500 0.285714
vt 0.200000 0.285714
vt 0.212500 0.285714
vt 0.225000 0.285714
vt 0.237500 0.285714
vt 0.250000 0.285714
vt 0.262500 0.285714
vt 0.275000 0.285714
vt 0.287500 0.285714
vt 0.300000 0.285714
vt 0.312500 0.285714
vt 0.325000 0.285714
vt 0.337500 0.285714
vt 0.350000 0.285714
vt 0.362500 0.285714
vt 0.375000 0.285714
vt 0.387500 0.285714
vt 0.400000 0.285714
vt 0.412500 0.285714
vt 0.425000 0.285714
vt 0.437500 0.285714
vt 0.450000 0.285714
vt 0.462500 0.285714
vt 0.475000 0.285714
vt 0.487500 0.285714
vt 0.500000 0.285714
vt 0.512500 0.285714
vt 0.525000 0.285714
vt 0.537500 0.285714
vt 0.550000 0.285714
vt 0.562500 0.285714
vt 0.575000 0.285714
vt 0.587500 0.285714
vt 0.600000 0.285714
vt 0.612500 0.285714
vt 0.625000 0.285714
vt 0.637500 0.285714
vt 0.650000 0.285714
vt 0.662500 0.285714
vt 0.675000 0.285714
vt 0.687500 0.285714
vt 0.700000 0.285714
vt 0.712500 0.285714
vt 0.725000 0.285714
vt 0.737500 0.285714
vt 0.750000 0.285714
vt 0.762500 0.285714
vt 0.775000 0.285714
vt 0.787500 0.285714
vt 0.800000 0.285714
vt 0.812500 0.285714
vt 0.825000 0.285714
vt 0.837500 0.285714
vt 0.850000 0.285714
vt 0.862500 0.285714
vt 0.875000 0.285714
vt 0.887500 0.285714
vt 0.900000 0.285714
vt 0.912500 0.285714
vt 0.925000 0.285714
vt 0.937500 0.285714
vt 0.950000 0.285714
vt 0.962500 0.285714
vt 0.975000 0.285714
vt 0.987500 0.285714
vt 1.000000 0.285714
vt 0.000000 0.214286
vt 0.012500 0.214286
vt 0.025000 0.214286
vt 0.037500 0.214286
vt 0.050000 0.214286
vt 0.062500 0.214286
vt 0.075000 0.214286
vt 0.087500 0.214286
vt 0.100000 0.214286
vt 0.112500 0.214286
vt 0.125000 0.214286
vt 0.137500 0.214286
vt 0.150000 0.214286
vt 0.162500 0.214286
vt 0.175000 0.214286
vt 0.187500 0.214286
vt 0.200000 0.214286
vt 0.212500 0.214286
vt 0.225000 0.214286
vt 0.237500 0.214286
vt 0.250000 0.214286
vt 0.262500 0.214286
vt 0.275000 0.214286
vt 0.287500 0.214286
vt 0.300000 0.214286
vt 0.312500 0.214286
vt 0.325000 0.214286
vt 0.337500 0.214286
vt 0.350000 0.214286
vt 0.362500 0.214286
vt 0.375000 0.214286
vt 0.387500 0.214286
vt 0.400000 0.214286
vt 0.412500 0.214286
vt 0.425000 0.214286
vt 0.437500 0.214286
vt 0.450000 0.214286
vt 0.462500 0.214286
vt 0.475000 0.214286
vt 0.487500 0.214286
vt 0.500000 0.214286
vt 0.512500 0.214286
vt 0.525000 0.214286
vt 0.537500 0.214286
vt 0.550000 0.214286
vt 0.562500 0.214286
vt 0.575000 0.214286
vt 0.587500 0.214286
vt 0.600000 0.214286
vt 0.612500 0.214286
vt 0.625000 0.214286
vt 0.637500 0.214286
vt 0.650000 0.214286
vt 0.662500 0.214286
vt 0.675000 0.214286
vt 0.687500 0.214286
vt 0.700000 0.214286
vt 0.712500 0.214286
vt 0.725000 0.214286
vt 0.737500 0.214286
vt 0.750000 0.214286
vt 0.762500 0.214286
vt 0.775000 0.214286
vt 0.787500 0.214286
vt 0.800000 0.214286
vt 0.812500 0.214286
vt 0.825000 0.214286
vt 0.837500 0.214286
vt 0.850000 0.214286
vt 0.862500 0.214286
vt 0.875000 0.214286
vt 0.887500 0.214286
vt 0.900000 0.214286
vt 0.912500 0.214286
vt 0.925000 0.214286
vt 0.937500 0.214286
vt 0.950000 0.214286
vt 0.962500 0.214286
vt 0.975000 0.214286
vt 0.987500 0.214286
vt 1.000000 0.214286
vt 0.000000 0.142857
vt 0.012500 0.142857
vt 0.025000 0.142857
vt 0.037500 0.142857
vt 0.050000 0.142857
vt 0.062500 0.142857
vt 0.075000 0.142857
vt 0.087500 0.142857
vt 0.100000 0.142857
vt 0.112500 0.142857
vt 0.125000 0.142857
vt 0.137500 0.142857
vt 0.150000 0.142857
vt 0.162500 0.142857
vt 0.175000 0.142857
vt 0.187500 0.142857
vt 0.200000 0.142857
vt 0.212500 0.142857
vt 0.225000 0.142857
vt 0.237500 0.142857
vt 0.250000 0.142857
vt 0.262500 0.142857
vt 0.275000 0.142857
vt 0.287500 0.142857
vt 0.300000 0.142857
vt 0.312500 0.142857
vt 0.325000 0.142857
vt 0.337500 0.142857
vt 0.350000 0.142857
vt 0.362500 0.142857
vt 0.375000 0.142857
vt 0.387500 0.142857
vt 0.400000 0.142857
vt 0.412500 0.142857
vt 0.425000 0.142857
vt 0.437500 0.142857
vt 0.450000 0.142857
vt 0.462500 0.142857
vt 0.475000 0.142857
vt 0.487500 0.142857
vt 0.500000 0.142857
vt 0.512500 0.142857
vt 0.525000 0.142857
vt 0.537500 0.142857
vt 0.550000 0.142857
vt 0.562500 0.142857
vt 0.575000 0.142857
vt 0.587500 0.142857
vt 0.600000 0.142857
vt 0.612500 0.142857
vt 0.625000 0.142857
vt 0.637500 0.142857
vt 0.650000 0.142857
vt 0.662500 0.142857
vt 0.675000 0.142857
vt 0.687500 0.142857
vt 0.700000 0.142857
vt 0.712500 0.142857
vt 0.725000 0.142857
vt 0.737500 0.142857
vt 0.750000 0.142857
vt 0.762500 0.142857
vt 0.775000 0.142857
vt 0.787500 0.142857
vt 0.800000 0.142857
vt 0.812500 0.142857
vt 0.825000 0.142857
vt 0.837500 0.142857
vt 0.850000 0.142857
vt 0.862500 0.142857
vt 0.875000 0.142857
vt 0.887500 0.142857
vt 0.900000 0.142857
vt 0.912500 0.142857
vt 0.925000 0.142857
vt 0.937500 0.142857
vt 0.950000 0.142857
vt 0.962500 0.142857
vt 0.975000 0.142857
vt 0.987500 0.142857
vt 1.000000 0.142857
vt 0.000000 0.071429
vt 0.012500 0.071429
vt 0.025000 0.071429
vt 0.037500 0.071429
vt 0.050000 0.071429
vt 0.062500 0.071429
vt 0.075000 0.071429
vt 0.087500 0.071429
vt 0.100000 0.071429
vt 0.112500 0.071429
vt 0.125000 0.071429
vt 0.137500 0.071429
vt 0.150000 0.071429
vt 0.162500 0.071429
vt 0.175000 0.071429
vt 0.187500 0.071429
vt 0.200000 0.071429
vt 0.212500 0.071429
vt 0.225000 0.071429
vt 0.237500 0.071429
vt 0.250000 0.071429
vt 0.262500 0.071429
vt 0.275000 0.071429
vt 0.287500 0.071429
vt 0.300000 0.071429
vt 0.312500 0.071429
vt 0.325000 0.071429
vt 0.337500 0.071429
vt 0.350000 0.071429
vt 0.362500 0.071429
vt 0.375000 0.071429
vt 0.387500 0.071429
vt 0.400000 0.071429
vt 0.412500 0.071429
vt 0.425000 0.071429
vt 0.437500 0.071429
vt 0.450000 0.071429
vt 0.462500 0.071429
vt 0.475000 0.071429
vt 0.487500 0.071429
vt 0.500000 0.071429
vt 0.512500 0.071429
vt 0.525000 0.071429
vt 0.537500 0.071429
vt 0.550000 0.071429
vt 0.562500 0.071429
vt 0.575000 0.071429
vt 0.587500 0.071429
vt 0.600000 0.071429
vt 0.612500 0.071429
vt 0.625000 0.071429
vt 0.637500 0.071429
vt 0.650000 0.071429
vt 0.662500 0.071429
vt 0.675000 0.071429
vt 0.687500 0.071429
vt 0.700000 0.071429
vt 0.712500 0.071429
vt 0.725000 0.071429
vt 0.737500 0.071429
vt 0.750000 0.071429
vt 0.762500 0.071429
vt 0.775000 0.071429
vt 0.787500 0.071429
vt 0.800000 0.071429
vt 0.812500 0.071429
vt 0.825000 0.071429
vt 0.837500 0.071429
vt 0.850000 0.071429
vt 0.862500 0.071429
vt 0.875000 0.071429
vt 0.887500 0.071429
vt 0.900000 0.071429
vt 0.912500 0.071429
vt 0.925000 0.071429
vt 0.937500 0.071429
vt 0.950000 0.071429
vt 0.962500 0.071429
vt 0.975000 0.071429
vt 0.987500 0.071429
vt 1.000000 0.071429
vt 0.000000 0.000000
vt 0.012500 0.000000
vt 0.025000 0.000000
vt 0.037500 0.000000
vt 0.050000 0.000000
vt 0.062500 0.000000
vt 0.075000 0.000000
vt 0.087500 0.000000
vt 0.100000 0.000000
vt 0.112500 0.000000
vt 0.125000 0.000000
vt 0.137500 0.000000
vt 0.150000 0.000000
vt 0.162500 0.000000
vt 0.175000 0.000000
vt 0.187500 0.000000
vt 0.200000 0.000000
vt 0.212500 0.000000
vt 0.225000 0.000000
vt 0.237500 0.000000
vt 0.250000 0.000000
vt 0.262500 0.000000
vt 0.275000 0.000000
vt 0.287500 0.000000
vt 0.300000 0.000000
vt 0.312500 0.000000
vt 0.325000 0.000000
vt 0.337500 0.000000
vt 0.350000 0.000000
vt 0.362500 0.000000
vt 0.375000 0.000000
vt 0.387500 0.000000
vt 0.400000 0.000000
vt 0.412500 0.000000
vt 0.425000 0.000000
vt 0.437500 0.000000
vt 0.450000 0.000000
vt 0.462500 0.000000
vt 0.475000 0.000000
vt 0.487500 0.000000
vt 0.500000 0.000000
vt 0.512500 0.000000
vt 0.525000 0.000000
vt 0.537500 0.000000
vt 0.550000 0.000000
vt 0.562500 0.000000
vt 0.575000 0.000000
vt 0.587500 0.000000
vt 0.600000 0.000000
vt 0.612500 0.000000
vt 0.625000 0.000000
vt 0.637500 0.000000
vt 0.650000 0.000000
vt 0.662500 0.000000
vt 0.675000 0.000000
vt 0.687500 0.000000
vt 0.700000 0.000000
vt 0.712500 0.000000
vt 0.725000 0.000000
vt 0.737500 0.000000
vt 0.750000 0.000000
vt 0.762500 0.000000
vt 0.775000 0.000000
vt 0.787500 0.000000
vt 0.800000 0.000000
vt 0.812500 0.000000
vt 0.825000 0.000000
vt 0.837500 0.000000
vt 0.850000 0.000000
vt 0.862500 0.000000
vt 0.875000 0.000000
vt 0.887500 0.000000
vt 0.900000 0.000000
vt 0.912500 0.000000
vt 0.925000 0.000000
vt 0.937500 0.000000
vt 0.950000 0.000000
vt 0.962500 0.000000
vt 0.975000 0.000000
vt 0.987500 0.000000
vt 1.000000 0.000000
vt 0.000000 1.000000
vt 0.083333 1.000000
vt 0.166667 1.000000
vt 0.250000 1.000000
vt 0.333333 1.000000
vt 0.416667 1.000000
vt 0.500000 1.000000
vt 0.583333 1.000000
vt 0.666667 1.000000
vt 0.750000 1.000000
vt 0.833333 1.000000
vt 0.916667 1.000000
vt 1.000000 1.000000
vt 0.000000 0.968750
vt 0.083333 0.968750
vt 0.166667 0.968750
vt 0.250000 0.968750
vt 0.333333 0.968750
vt 0.416667 0.968750
vt 0.500000 0.968750
vt 0.583333 0.968750
vt 0.666667 0.968750
vt 0.750000 0.968750
vt 0.833333 0.968750
vt 0.916667 0.968750
vt 1.000000 0.968750
vt 0.000000 0.937500
vt 0.083333 0.937500
vt 0.166667 0.937500
vt 0.250000 0.937500
vt 0.333333 0.937500
vt 0.416667 0.937500
vt 0.500000 0.937500
vt 0.583333 0.937500
vt 0.666667 0.937500
vt 0.750000 0.937500
vt 0.833333 0.937500
vt 0.916667 0.937500
vt 1.000000 0.937500
vt 0.000000 0.906250
vt 0.083333 0.906250
vt 0.166667 0.906250
vt 0.250000 0.906250
vt 0.333333 0.906250
vt 0.416667 0.906250
vt 0.500000 0.906250
vt 0.583333 0.906250
vt 0.666667 0.906250
vt 0.750000 0.906250
vt 0.833333 0.906250
vt 0.916667 0.906250
vt 1.000000 0.906250
vt 0.000000 0.875000
vt 0.083333 0.875000
vt 0.166667 0.875000
vt 0.250000 0.875000
vt 0.333333 0.875000
vt 0.416667 0.875000
vt 0.500000 0.875000
vt 0.583333 0.875000
vt 0.666667 0.875000
vt 0.750000 0.875000
vt 0.833333 0.875000
vt 0.916667 0.875000
vt 1.000000 0.875000
vt 0.000000 0.843750
vt 0.083333 0.843750
vt 0.166667 0.843750
vt 0.250000 0.843750
vt 0.333333 0.843750
vt 0.416667 0.843750
vt 0.500000 0.843750
vt 0.583333 0.843750
vt 0.666667 0.843750
vt 0.750000 0.843750
vt 0.833333 0.843750
vt 0.916667 0.843750
vt 1.000000 0.843750
vt 0.000000 0.812500
vt 0.083333 0.812500
vt 0.166667 0.812500
vt 0.250000 0.812500
vt 0.333333 0.812500
vt 0.416667 0.812500
vt 0.500000 0.812500
vt 0.583333 0.812500
vt 0.666667 0.812500
vt 0.750000 0.812500
vt 0.833333 0.812500
vt 0.916667 0.812500
vt 1.000000 0.812500
vt 0.000000 0.781250
vt 0.083333 0.781250
vt 0.166667 0.781250
vt 0.250000 0.781250
vt 0.333333 0.781250
vt 0.416667 0.781250
vt 0.500000 0.781250
vt 0.583333 0.781250
vt 0.666667 0.781250
vt 0.750000 0.781250
vt 0.833333 0.781250
vt 0.916667 0.781250
vt 1.000000 0.781250
vt 0.000000 0.750000
vt 0.083333 0.750000
vt 0.166667 0.750000
vt 0.250000 0.750000
vt 0.333333 0.750000
vt 0.416667 0.750000
vt 0.500000 0.750000
vt 0.583333 0.750000
vt 0.666667 0.750000
vt 0.750000 0.750000
vt 0.833333 0.750000
vt 0.916667 0.750000
vt 1.000000 0.750000
vt 0.000000 0.718750
vt 0.083333 0.718750
vt 0.166667 0.718750
vt 0.250000 0.718750
vt 0.333333 0.718750
vt 0.416667 0.718750
vt 0.500000 0.718750
vt 0.583333 0.718750
vt 0.666667 0.718750
vt 0.750000 0.718750
vt 0.833333 0.718750
vt 0.916667 0.718750
vt 1.000000 0.718750
vt 0.000000 0.687500
vt 0.083333 0.687500
vt 0.166667 0.687500
vt 0.250000 0.687500
vt 0.333333 0.687500
vt 0.416667 0.687500
vt 0.500000 0.687500
vt 0.583333 0.687500
vt 0.666667 0.687500
vt 0.750000 0.687500
vt 0.833333 0.687500
vt 0.916667 0.687500
vt 1.000000 0.687500
vt 0.000000 0.656250
vt 0.083333 0.656250
vt 0.166667 0.656250
vt 0.250000 0.656250
vt 0.333333 0.656250
vt 0.416667 0.656250
vt 0.500000 0.656250
vt 0.583333 0.656250
vt 0.666667 0.656250
vt 0.750000 0.656250
vt 0.833333 0.656250
vt 0.916667 0.656250
vt 1.000000 0.656250
vt 0.000000 0.625000
vt 0.083333 0.625000
vt 0.166667 0.625000
vt 0.250000 0.625000
vt 0.333333 0.625000
vt 0.416667 0.625000
vt 0.500000 0.625000
vt 0.583333 0.625000
vt 0.666667 0.625000
vt 0.750000 0.625000
vt 0.833333 0.625000
vt 0.916667 0.625000
vt 1.000000 0.625000
vt 0.000000 0.593750
vt 0.083333 0.593750
vt 0.166667 0.593750
vt 0.250000 0.593750
vt 0.333333 0.593750
vt 0.416667 0.593750
vt 0.500000 0.593750
vt 0.583333 0.593750
vt 0.666667 0.593750
vt 0.750000 0.593750
vt 0.833333 0.593750
vt 0.916667 0.593750
vt 1.000000 0.593750
vt 0.000000 0.562500
vt 0.083333 0.562500
vt 0.166667 0.562500
vt 0.250000 0.562500
vt 0.333333 0.562500
vt 0.416667 0.562500
vt 0.500000 0.562500
vt 0.583333 0.562500
vt 0.666667 0.562500
vt 0.750000 0.562500
vt 0.833333 0.562500
vt 0.916667 0.562500
vt 1.000000 0.562500
vt 0.000000 0.531250
vt 0.083333 0.531250
vt 0.166667 0.531250
vt 0.250000 0.531250
vt 0.333333 0.531250
vt 0.416667 0.531250
vt 0.500000 0.531250
vt 0.583333 0.531250
vt 0.666667 0.531250
vt 0.750000 0.531250
vt 0.833333 0.531250
vt 0.916667 0.531250
vt 1.000000 0.531250
vt 0.000000 0.500000
vt 0.083333 0.500000
vt 0.166667 0.500000
vt 0.250000 0.500000
vt 0.333333 0.500000
vt 0.416667 0.500000
vt 0.500000 0.500000
vt 0.583333 0.500000
vt 0.666667 0.500000
vt 0.750000 0.500000
vt 0.833333 0.500000
vt 0.916667 0.500000
vt 1.000000 0.500000
vt 0.000000 0.468750
vt 0.083333 0.468750
vt 0.166667 0.468750
vt 0.250000 0.468750
vt 0.333333 0.468750
vt 0.416667 0.468750
vt 0.500000 0.468750
vt 0.583333 0.468750
vt 0.666667 0.468750
vt 0.750000 0.468750
vt 0.833333 0.468750
vt 0.916667 0.468750
vt 1.000000 0.468750
vt 0.000000 0.437500
vt 0.083333 0.437500
vt 0.166667 0.437500
vt 0.250000 0.437500
vt 0.333333 0.437500
vt 0.416667 0.437500
vt 0.500000 0.437500
vt 0.583333 0.437500
vt 0.666667 0.437500
vt 0.750000 0.437500
vt 0.833333 0.437500
vt 0.916667 0.437500
vt 1.000000 0.437500
vt 0.000000 0.406250
vt 0.083333 0.406250
vt 0.166667 0.406250
vt 0.250000 0.406250
vt 0.333333 0.406250
vt 0.416667 0.406250
vt 0.500000 0.406250
vt 0.583333 0.406250
vt 0.666667 0.406250
vt 0.750000 0.406250
vt 0.833333 0.406250
vt 0.916667 0.406250
vt 1.000000 0.406250
vt 0.000000 0.375000
vt 0.083333 0.375000
vt 0.166667 0.375000
vt 0.250000 0.375000
vt 0.333333 0.375000
vt 0.416667 0.375000
vt 0.500000 0.375000
vt 0.583333 0.375000
vt 0.666667 0.375000
vt 0.750000 0.375000
vt 0.833333 0.375000
vt 0.916667 0.375000
vt 1.000000 0.375000
vt 0.000000 0.343750
vt 0.083333 0.343750
vt 0.166667 0.343750
vt 0.250000 0.343750
vt 0.333333 0.343750
vt 0.416667 0.343750
vt 0.500000 0.343750
vt 0.583333 0.343750
vt 0.666667 0.343750
vt 0.750000 0.343750
vt 0.833333 0.343750
vt 0.916667 0.343750
vt 1.000000 0.343750
vt 0.000000 0.312500
vt 0.083333 0.312500
vt 0.166667 0.312500
vt 0.250000 0.312500
vt 0.333333 0.312500
vt 0.416667 0.312500
vt 0.500000 0.312500
vt 0.583333 0.312500
vt 0.666667 0.312500
vt 0.750000 0.312500
vt 0.833333 0.312500
vt 0.916667 0.312500
vt 1.000000 0.312500
vt 0.000000 0.281250
vt 0.083333 0.281250
vt 0.166667 0.281250
vt 0.250000 0.281250
vt 0.333333 0.281250
vt 0.416667 0.281250
vt 0.500000 0.281250
vt 0.583333 0.281250
vt 0.666667 0.281250
vt 0.750000 0.281250
vt 0.833333 0.281250
vt 0.916667 0.281250
vt 1.000000 0.281250
vt 0.000000 0.250000
vt 0.083333 0.250000
vt 0.166667 0.250000
vt 0.250000 0.250000
vt 0.333333 0.250000
vt 0.416667 0.250000
vt 0.500000 0.250000
vt 0.583333 0.250000
vt 0.666667 0.250000
vt 0.750000 0.250000
vt 0.833333 0.250000
vt 0.916667 0.250000
vt 1.000000 0.250000
vt 0.000000 0.218750
vt 0.083333 0.218750
vt 0.166667 0.218750
vt 0.250000 0.218750
vt 0.333333 0.218750
vt 0.416667 0.218750
vt 0.500000 0.218750
vt 0.583333 0.218750
vt 0.666667 0.218750
vt 0.750000 0.218750
vt 0.833333 0.218750
vt 0.916667 0.218750
vt 1.000000 0.218750
vt 0.000000 0.187500
vt 0.083333 0.187500
vt 0.166667 0.187500
vt 0.250000 0.187500
vt 0.333333 0.187500
vt 0.416667 0.187500
vt 0.500000 0.187500
vt 0.583333 0.187500
vt 0.666667 0.187500
vt 0.750000 0.187500
vt 0.833333 0.187500
vt 0.916667 0.187500
vt 1.000000 0.187500
vt 0.000000 0.156250
vt 0.083333 0.156250
vt 0.166667 0.156250
vt 0.250000 0.156250
vt 0.333333 0.156250
vt 0.416667 0.156250
vt 0.500000 0.156250
vt 0.583333 0.156250
vt 0.666667 0.156250
vt 0.750000 0.156250
vt 0.833333 0.156250
vt 0.916667 0.156250
vt 1.000000 0.156250
vt 0.000000 0.125000
vt 0.083333 0.125000
vt 0.166667 0.125000
vt 0.250000 0.125000
vt 0.333333 0.125000
vt 0.416667 0.125000
vt 0.500000 0.125000
vt 0.583333 0.125000
vt 0.666667 0.125000
vt 0.750000 0.125000
vt 0.833333 0.125000
vt 0.916667 0.125000
vt 1.000000 0.125000
vt 0.000000 0.093750
vt 0.083333 0.093750
vt 0.166667 0.093750
vt 0.250000 0.093750
vt 0.333333 0.093750
vt 0.416667 0.093750
vt 0.500000 0.093750
vt 0.583333 0.093750
vt 0.666667 0.093750
vt 0.750000 0.093750
vt 0.833333 0.093750
vt 0.916667 0.093750
vt 1.000000 0.093750
vt 0.000000 0.062500
vt 0.083333 0.062500
vt 0.166667 0.062500
vt 0.250000 0.062500
vt 0.333333 0.062500
vt 0.416667 0.062500
vt 0.500000 0.062500
vt 0.583333 0.062500
vt 0.666667 0.062500
vt 0.750000 0.062500
vt 0.833333 0.062500
vt 0.916667 0.062500
vt 1.000000 0.062500
vt 0.000000 0.031250
vt 0.083333 0.031250
vt 0.166667 0.031250
vt 0.250000 0.031250
vt 0.333333 0.031250
vt 0.416667 0.031250
vt 0.500000 0.031250
vt 0.583333 0.031250
vt 0.666667 0.031250
vt 0.750000 0.031250
vt 0.833333 0.031250
vt 0.916667 0.031250
vt 1.000000 0.031250
vt 0.000000 0.000000
vt 0.083333 0.000000
vt 0.166667 0.000000
vt 0.250000 0.000000
vt 0.333333 0.000000
vt 0.416667 0.000000
vt 0.500000 0.000000
vt 0.583333 0.000000
vt 0.666667 0.000000
vt 0.750000 0.000000
vt 0.833333 0.000000
vt 0.916667 0.000000
vt 1.000000 0.000000
vt 0.000000 1.000000
vt 0.083333 1.000000
vt 0.166667 1.000000
vt 0.250000 1.000000
vt 0.333333 1.000000
vt 0.416667 1.000000
vt 0.500000 1.000000
vt 0.583333 1.000000
vt 0.666667 1.000000
vt 0.750000 1.000000
vt 0.833333 1.000000
vt 0.916667 1.000000
vt 1.000000 1.000000
vt 0.000000 0.968750
vt 0.083333 0.968750
vt 0.166667 0.968750
vt 0.250000 0.968750
vt 0.333333 0.968750
vt 0.416667 0.968750
vt 0.500000 0.968750
vt 0.583333 0.968750
vt 0.666667 0.968750
vt 0.750000 0.968750
vt 0.833333 0.968750
vt 0.916667 0.968750
vt 1.000000 0.968750
vt 0.000000 0.937500
vt 0.083333 0.937500
vt 0.166667 0.937500
vt 0.250000 0.937500
vt 0.333333 0.937500
vt 0.416667 0.937500
vt 0.500000 0.937500
vt 0.583333 0.937500
vt 0.666667 0.937500
vt 0.750000 0.937500
vt 0.833333 0.937500
vt 0.916667 0.937500
vt 1.000000 0.937500
vt 0.000000 0.906250
vt 0.083333 0.906250
vt 0.166667 0.906250
vt 0.250000 0.906250
vt 0.333333 0.906250
vt 0.416667 0.906250
vt 0.500000 0.906250
vt 0.583333 0.906250
vt 0.666667 0.906250
vt 0.750000 0.906250
vt 0.833333 0.906250
vt 0.916667 0.906250
vt 1.000000 0.906250
vt 0.000000 0.875000
vt 0.083333 0.875000
vt 0.166667 0.875000
vt 0.250000 0.875000
vt 0.333333 0.875000
vt 0.416667 0.875000
vt 0.500000 0.875000
vt 0.583333 0.875000
vt 0.666667 0.875000
vt 0.750000 0.875000
vt 0.833333 0.875000
vt 0.916667 0.875000
vt 1.000000 0.875000
vt 0.000000 0.843750
vt 0.083333 0.843750
vt 0.166667 0.843750
vt 0.250000 0.843750
vt 0.333333 0.843750
vt 0.416667 0.843750
vt 0.500000 0.843750
vt 0.583333 0.843750
vt 0.666667 0.843750
vt 0.750000 0.843750
vt 0.833333 0.843750
vt 0.916667 0.843750
vt 1.000000 0.843750
vt 0.000000 0.812500
vt 0.083333 0.812500
vt 0.166667 0.812500
vt 0.250000 0.812500
vt 0.333333 0.812500
vt 0.416667 0.812500
vt 0.500000 0.812500
vt 0.583333 0.812500
vt 0.666667 0.812500
vt 0.750000 0.812500
vt 0.833333 0.812500
vt 0.916667 0.812500
vt 1.000000 0.812500
vt 0.000000 0.781250
vt 0.083333 0.781250
vt 0.166667 0.781250
vt 0.250000 0.781250
vt 0.333333 0.781250
vt 0.416667 0.781250
vt 0.500000 0.781250
vt 0.583333 0.781250
vt 0.666667 0.781250
vt 0.750000 0.781250
vt 0.833333 0.781250
vt 0.916667 0.781250
vt 1.000000 0.781250
vt 0.000000 0.750000
vt 0.083333 0.750000
vt 0.166667 0.750000
vt 0.250000 0.750000
vt 0.333333 0.750000
vt 0.416667 0.750000
vt 0.500000 0.750000
vt 0.583333 0.750000
vt 0.666667 0.750000
vt 0.750000 0.750000
vt 0.833333 0.750000
vt 0.916667 0.750000
vt 1.000000 0.750000
vt 0.000000 0.718750
vt 0.083333 0.718750
vt 0.166667 0.718750
vt 0.250000 0.718750
vt 0.333333 0.718750
vt 0.416667 0.718750
vt 0.500000 0.718750
vt 0.583333 0.718750
vt 0.666667 0.718750
vt 0.750000 0.718750
vt 0.833333 0.718750
vt 0.916667 0.718750
vt 1.000000 0.718750
vt 0.000000 0.687500
vt 0.083333 0.687500
vt 0.166667 0.687500
vt 0.250000 0.687500
vt 0.333333 0.687500
vt 0.416667 0.687500
vt 0.500000 0.687500
vt 0.583333 0.687500
vt 0.666667 0.687500
vt 0.750000 0.687500
vt 0.833333 0.687500
vt 0.916667 0.687500
vt 1.000000 0.687500
vt 0.000000 0.656250
vt 0.083333 0.656250
vt 0.166667 0.656250
vt 0.250000 0.656250
vt 0.333333 0.656250
vt 0.416667 0.656250
vt 0.500000 0.656250
vt 0.583333 0.656250
vt 0.666667 0.656250
vt 0.750000 0.656250
vt 0.833333 0.656250
vt 0.916667 0.656250
vt 1.000000 0.656250
vt 0.000000 0.625000
vt 0.083333 0.625000
vt 0.166667 0.625000
vt 0.250000 0.625000
vt 0.333333 0.625000
vt 0.416667 0.625000
vt 0.500000 0.625000
vt 0.583333 0.625000
vt 0.666667 0.625000
vt 0.750000 0.625000
vt 0.833333 0.625000
vt 0.916667 0.625000
vt 1.000000 0.625000
vt 0.000000 0.593750
vt 0.083333 0.593750
vt 0.166667 0.593750
vt 0.250000 0.593750
vt 0.333333 0.593750
vt 0.416667 0.593750
vt 0.500000 0.593750
vt 0.583333 0.593750
vt 0.666667 0.593750
vt 0.750000 0.593750
vt 0.833333 0.593750
vt 0.916667 0.593750
vt 1.000000 0.593750
vt 0.000000 0.562500
vt 0.083333 0.562500
vt 0.166667 0.562500
vt 0.250000 0.562500
vt 0.333333 0.562500
vt 0.416667 0.562500
vt 0.500000 0.562500
vt 0.583333 0.562500
vt 0.666667 0.562500
vt 0.750000 0.562500
vt 0.833333 0.562500
vt 0.916667 0.562500
vt 1.000000 0.562500
vt 0.000000 0.531250
vt 0.083333 0.531250
vt 0.166667 0.531250
vt 0.250000 0.531250
vt 0.333333 0.531250
vt 0.416667 0.531250
vt 0.500000 0.531250
vt 0.583333 0.531250
vt 0.666667 0.531250
vt 0.750000 0.531250
vt 0.833333 0.531250
vt 0.916667 0.531250
vt 1.000000 0.531250
vt 0.000000 0.500000
vt 0.083333 0.500000
vt 0.166667 0.500000
vt 0.250000 0.500000
vt 0.333333 0.500000
vt 0.416667 0.500000
vt 0.500000 0.500000
vt 0.583333 0.500000
vt 0.666667 0.500000
vt 0.750000 0.500000
vt 0.833333 0.500000
vt 0.916667 0.500000
vt 1.000000 0.500000
vt 0.000000 0.468750
vt 0.083333 0.468750
vt 0.166667 0.468750
vt 0.250000 0.468750
vt 0.333333 0.468750
vt 0.416667 0.468750
vt 0.500000 0.468750
vt 0.583333 0.468750
vt 0.666667 0.468750
vt 0.750000 0.468750
vt 0.833333 0.468750
vt 0.916667 0.468750
vt 1.000000 0.468750
vt 0.000000 0.437500
vt 0.083333 0.437500
vt 0.166667 0.437500
vt 0.250000 0.437500
vt 0.333333 0.437500
vt 0.416667 0.437500
vt 0.500000 0.437500
vt 0.583333 0.437500
vt 0.666667 0.437500
vt 0.750000 0.437500
vt 0.833333 0.437500
vt 0.916667 0.437500
vt 1.000000 0.437500
vt 0.000000 0.406250
vt 0.083333 0.406250
vt 0.166667 0.406250
vt 0.250000 0.406250
vt 0.333333 0.406250
vt 0.416667 0.406250
vt 0.500000 0.406250
vt 0.583333 0.406250
vt 0.666667 0.406250
vt 0.750000 0.406250
vt 0.833333 0.406250
vt 0.916667 0.406250
vt 1.000000 0.406250
vt 0.000000 0.375000
vt 0.083333 0.375000
vt 0.166667 0.375000
vt 0.250000 0.375000
vt 0.333333 0.375000
vt 0.416667 0.375000
vt 0.500000 0.375000
vt 0.583333 0.375000
vt 0.666667 0.375000
vt 0.750000 0.375000
vt 0.833333 0.375000
vt 0.916667 0.375000
vt 1.000000 0.375000
vt 0.000000 0.343750
vt 0.083333 0.343750
vt 0.166667 0.343750
vt 0.250000 0.343750
vt 0.333333 0.343750
vt 0.416667 0.343750
vt 0.500000 0.343750
vt 0.583333 0.343750
vt 0.666667 0.343750
vt 0.750000 0.343750
vt 0.833333 0.343750
vt 0.916667 0.343750
vt 1.000000 0.343750
vt 0.000000 0.312500
vt 0.083333 0.312500
vt 0.166667 0.312500
vt 0.250000 0.312500
vt 0.333333 0.312500
vt 0.416667 0.312500
vt 0.500000 0.312500
vt 0.583333 0.312500
vt 0.666667 0.312500
vt 0.750000 0.312500
vt 0.833333 0.312500
vt 0.916667 0.312500
vt 1.000000 0.312500
vt 0.000000 0.281250
vt 0.083333 0.281250
vt 0.166667 0.281250
vt 0.250000 0.281250
vt 0.333333 0.281250
vt 0.416667 0.281250
vt 0.500000 0.281250
vt 0.583333 0.281250
vt 0.666667 0.281250
vt 0.750000 0.281250
vt 0.833333 0.281250
vt 0.916667 0.281250
vt 1.000000 0.281250
vt 0.000000 0.250000
vt 0.083333 0.250000
vt 0.166667 0.250000
vt 0.250000 0.250000
vt 0.333333 0.250000
vt 0.416667 0.250000
vt 0.500000 0.250000
vt 0.583333 0.250000
vt 0.666667 0.250000
vt 0.750000 0.250000
vt 0.833333 0.250000
vt 0.916667 0.250000
vt 1.000000 0.250000
vt 0.000000 0.218750
vt 0.083333 0.218750
vt 0.166667 0.218750
vt 0.250000 0.218750
vt 0.333333 0.218750
vt 0.416667 0.218750
vt 0.500000 0.218750
vt 0.583333 0.218750
vt 0.666667 0.218750
vt 0.750000 0.218750
vt 0.833333 0.218750
vt 0.916667 0.218750
vt 1.000000 0.218750
vt 0.000000 0.187500
vt 0.083333 0.187500
vt 0.166667 0.187500
vt 0.250000 0.187500
vt 0.333333 0.187500
vt 0.416667 0.187500
vt 0.500000 0.187500
vt 0.583333 0.187500
vt 0.666667 0.187500
vt 0.750000 0.187500
vt 0.833333 0.187500
vt 0.916667 0.187500
vt 1.000000 0.187500
vt 0.000000 0.156250
vt 0.083333 0.156250
vt 0.166667 0.156250
vt 0.250000 0.156250
vt 0.333333 0.156250
vt 0.416667 0.156250
vt 0.500000 0.156250
vt 0.583333 0.156250
vt 0.666667 0.156250
vt 0.750000 0.156250
vt 0.833333 0.156250
vt 0.916667 0.156250
vt 1.000000 0.156250
vt 0.000000 0.125000
vt 0.083333 0.125000
vt 0.166667 0.125000
vt 0.250000 0.125000
vt 0.333333 0.125000
vt 0.416667 0.125000
vt 0.500000 0.125000
vt 0.583333 0.125000
vt 0.666667 0.125000
vt 0.750000 0.125000
vt 0.833333 0.125000
vt 0.916667 0.125000
vt 1.000000 0.125000
vt 0.000000 0.093750
vt 0.083333 0.093750
vt 0.166667 0.093750
vt 0.250000 0.093750
vt 0.333333 0.093750
vt 0.416667 0.093750
vt 0.500000 0.093750
vt 0.583333 0.093750
vt 0.666667 0.093750
vt 0.750000 0.093750
vt 0.833333 0.093750
vt 0.916667 0.093750
vt 1.000000 0.093750
vt 0.000000 0.062500
vt 0.083333 0.062500
vt 0.166667 0.062500
vt 0.250000 0.062500
vt 0.333333 0.062500
vt 0.416667 0.062500
vt 0.500000 0.062500
vt 0.583333 0.062500
vt 0.666667 0.062500
vt 0.750000 0.062500
vt 0.833333 0.062500
vt 0.916667 0.062500
vt 1.000000 0.062500
vt 0.000000 0.031250
vt 0.083333 0.031250
vt 0.166667 0.031250
vt 0.250000 0.031250
vt 0.333333 0.031250
vt 0.416667 0.031250
vt 0.500000 0.031250
vt 0.583333 0.031250
vt 0.666667 0.031250
vt 0.750000 0.031250
vt 0.833333 0.031250
vt 0.916667 0.031250
vt 1.000000 0.031250
vt 0.000000 0.000000
vt 0.083333 0.000000
vt 0.166667 0.000000
vt 0.250000 0.000000
vt 0.333333 0.000000
vt 0.416667 0.000000
vt 0.500000 0.000000
vt 0.583333 0.000000
vt 0.666667 0.000000
vt 0.750000 0.000000
vt 0.833333 0.000000
vt 0.916667 0.000000
vt 1.000000 0.000000
vt 0.000000 1.000000
vt 0.125000 1.000000
vt 0.250000 1.000000
vt 0.375000 1.000000
vt 0.500000 1.000000
vt 0.625000 1.000000
vt 0.750000 1.000000
vt 0.875000 1.000000
vt 1.000000 1.000000
vt 0.000000 0.980000
vt 0.125000 0.980000
vt 0.250000 0.980000
vt 0.375000 0.980000
vt 0.500000 0.980000
vt 0.625000 0.980000
vt 0.750000 0.980000
vt 0.875000 0.980000
vt 1.000000 0.980000
vt 0.000000 0.960000
vt 0.125000 0.960000
vt 0.250000 0.960000
vt 0.375000 0.960000
vt 0.500000 0.960000
vt 0.625000 0.960000
vt 0.750000 0.960000
vt 0.875000 0.960000
vt 1.000000 0.960000
vt 0.000000 0.940000
vt 0.125000 0.940000
vt 0.250000 0.940000
vt 0.375000 0.940000
vt 0.500000 0.940000
vt 0.625000 0.940000
vt 0.750000 0.940000
vt 0.875000 0.940000
vt 1.000000 0.940000
vt 0.000000 0.920000
vt 0.125000 0.920000
vt 0.250000 0.920000
vt 0.375000 0.920000
vt 0.500000 0.920000
vt 0.625000 0.920000
vt 0.750000 0.920000
vt 0.875000 0.920000
vt 1.000000 0.920000
vt 0.000000 0.900000
vt 0.125000 0.900000
vt 0.250000 0.900000
vt 0.375000 0.900000
vt 0.500000 0.900000
vt 0.625000 0.900000
vt 0.750000 0.900000
vt 0.875000 0.900000
vt 1.000000 0.900000
vt 0.000000 0.880000
vt 0.125000 0.880000
vt 0.250000 0.880000
vt 0.375000 0.880000
vt 0.500000 0.880000
vt 0.625000 0.880000
vt 0.750000 0.880000
vt 0.875000 0.880000
vt 1.000000 0.880000
vt 0.000000 0.860000
vt 0.125000 0.860000
vt 0.250000 0.860000
vt 0.375000 0.860000
vt 0.500000 0.860000
vt 0.625000 0.860000
vt 0.750000 0.860000
vt 0.875000 0.860000
vt 1.000000 0.860000
vt 0.000000 0.840000
vt 0.125000 0.840000
vt 0.250000 0.840000
vt 0.375000 0.840000
vt 0.500000 0.840000
vt 0.625000 0.840000
vt 0.750000 0.840000
vt 0.875000 0.840000
vt 1.000000 0.840000
vt 0.000000 0.820000
vt 0.125000 0.820000
vt 0.250000 0.820000
vt 0.375000 0.820000
vt 0.500000 0.820000
vt 0.625000 0.820000
vt 0.750000 0.820000
vt 0.875000 0.820000
vt 1.000000 0.820000
vt 0.000000 0.800000
vt 0.125000 0.800000
vt 0.250000 0.800000
vt 0.375000 0.800000
vt 0.500000 0.800000
vt 0.625000 0.800000
vt 0.750000 0.800000
vt 0.875000 0.800000
vt 1.000000 0.800000
vt 0.000000 0.780000
vt 0.125000 0.780000
vt 0.250000 0.780000
vt 0.375000 0.780000
vt 0.500000 0.780000
vt 0.625000 0.780000
vt 0.750000 0.780000
vt 0.875000 0.780000
vt 1.000000 0.780000
vt 0.000000 0.760000
vt 0.125000 0.760000
vt 0.250000 0.760000
vt 0.375000 0.760000
vt 0.500000 0.760000
vt 0.625000 0.760000
vt 0.750000 0.760000
vt 0.875000 0.760000
vt 1.000000 0.760000
vt 0.000000 0.740000
vt 0.125000 0.740000
vt 0.250000 0.740000
vt 0.375000 0.740000
vt 0.500000 0.740000
vt 0.625000 0.740000
vt 0.750000 0.740000
vt 0.875000 0.740000
vt 1.000000 0.740000
vt 0.000000 0.720000
vt 0.125000 0.720000
vt 0.250000 0.720000
vt 0.375000 0.720000
vt 0.500000 0.720000
vt 0.625000 0.720000
vt 0.750000 0.720000
vt 0.875000 0.720000
vt 1.000000 0.720000
vt 0.000000 0.700000
vt 0.125000 0.700000
vt 0.250000 0.700000
vt 0.375000 0.700000
vt 0.500000 0.700000
vt 0.625000 0.700000
vt 0.750000 0.700000
vt 0.875000 0.700000
vt 1.000000 0.700000
vt 0.000000 0.680000
vt 0.125000 0.680000
vt 0.250000 0.680000
vt 0.375000 0.680000
vt 0.500000 0.680000
vt 0.625000 0.680000
vt 0.750000 0.680000
vt 0.875000 0.680000
vt 1.000000 0.680000
vt 0.000000 0.660000
vt 0.125000 0.660000
vt 0.250000 0.660000
vt 0.375000 0.660000
vt 0.500000 0.660000
vt 0.625000 0.660000
vt 0.750000 0.660000
vt 0.875000 0.660000
vt 1.000000 0.660000
vt 0.000000 0.640000
vt 0.125000 0.640000
vt 0.250000 0.640000
vt 0.375000 0.640000
vt 0.500000 0.640000
vt 0.625000 0.640000
vt 0.750000 0.640000
vt 0.875000 0.640000
vt 1.000000 0.640000
vt 0.000000 0.620000
vt 0.125000 0.620000
vt 0.250000 0.620000
vt 0.375000 0.620000
vt 0.500000 0.620000
vt 0.625000 0.620000
vt 0.750000 0.620000
vt 0.875000 0.620000
vt 1.000000 0.620000
vt 0.000000 0.600000
vt 0.125000 0.600000
vt 0.250000 0.600000
vt 0.375000 0.600000
vt 0.500000 0.600000
vt 0.625000 0.600000
vt 0.750000 0.600000
vt 0.875000 0.600000
vt 1.000000 0.600000
vt 0.000000 0.580000
vt 0.125000 0.580000
vt 0.250000 0.580000
vt 0.375000 0.580000
vt 0.500000 0.580000
vt 0.625000 0.580000
vt 0.750000 0.580000
vt 0.875000 0.580000
vt 1.000000 0.580000
vt 0.000000 0.560000
vt 0.125000 0.560000
vt 0.250000 0.560000
vt 0.375000 0.560000
vt 0.500000 0.560000
vt 0.625000 0.560000
vt 0.750000 0.560000
vt 0.875000 0.560000
vt 1.000000 0.560000
vt 0.000000 0.540000
vt 0.125000 0.540000
vt 0.250000 0.540000
vt 0.375000 0.540000
vt 0.500000 0.540000
vt 0.625000 0.540000
vt 0.750000 0.540000
vt 0.875000 0.540000
vt 1.000000 0.540000
vt 0.000000 0.520000
vt 0.125000 0.520000
vt 0.250000 0.520000
vt 0.375000 0.520000
vt 0.500000 0.520000
vt 0.625000 0.520000
vt 0.750000 0.520000
vt 0.875000 0.520000
vt 1.000000 0.520000
vt 0.000000 0.500000
vt 0.125000 0.500000
vt 0.250000 0.500000
vt 0.375000 0.500000
vt 0.500000 0.500000
vt 0.625000 0.500000
vt 0.750000 0.500000
vt 0.875000 0.500000
vt 1.000000 0.500000
vt 0.000000 0.480000
vt 0.125000 0.480000
vt 0.250000 0.480000
vt 0.375000 0.480000
vt 0.500000 0.480000
vt 0.625000 0.480000
vt 0.750000 0.480000
vt 0.875000 0.480000
vt 1.000000 0.480000
vt 0.000000 0.460000
vt 0.125000 0.460000
vt 0.250000 0.460000
vt 0.375000 0.460000
vt 0.500000 0.460000
vt 0.625000 0.460000
vt 0.750000 0.460000
vt 0.875000 0.460000
vt 1.000000 0.460000
vt 0.000000 0.440000
vt 0.125000 0.440000
vt 0.250000 0.440000
vt 0.375000 0.440000
vt 0.500000 0.440000
vt 0.625000 0.440000
vt 0.750000 0.440000
vt 0.875000 0.440000
vt 1.000000 0.440000
vt 0.000000 0.420000
vt 0.125000 0.420000
vt 0.250000 0.420000
vt 0.375000 0.420000
vt 0.500000 0.420000
vt 0.625000 0.420000
vt 0.750000 0.420000
vt 0.875000 0.420000
vt 1.000000 0.420000
vt 0.000000 0.400000
vt 0.125000 0.400000
vt 0.250000 0.400000
vt 0.375000 0.400000
vt 0.500000 0.400000
vt 0.625000 0.400000
vt 0.750000 0.400000
vt 0.875000 0.400000
vt 1.000000 0.400000
vt 0.000000 0.380000
vt 0.125000 0.380000
vt 0.250000 0.380000
vt 0.375000 0.380000
vt 0.500000 0.380000
vt 0.625000 0.380000
vt 0.750000 0.380000
vt 0.875000 0.380000
vt 1.000000 0.380000
vt 0.000000 0.360000
vt 0.125000 0.360000
vt 0.250000 0.360000
vt 0.375000 0.360000
vt 0.500000 0.360000
vt 0.625000 0.360000
vt 0.750000 0.360000
vt 0.875000 0.360000
vt 1.000000 0.360000
vt 0.000000 0.340000
vt 0.125000 0.340000
vt 0.250000 0.340000
vt 0.375000 0.340000
vt 0.500000 0.340000
vt 0.625000 0.340000
vt 0.750000 0.340000
vt 0.875000 0.340000
vt 1.000000 0.340000
vt 0.000000 0.320000
vt 0.125000 0.320000
vt 0.250000 0.320000
vt 0.375000 0.320000
vt 0.500000 0.320000
vt 0.625000 0.320000
vt 0.750000 0.320000
vt 0.875000 0.320000
vt 1.000000 0.320000
vt 0.000000 0.300000
vt 0.125000 0.300000
vt 0.250000 0.300000
vt 0.375000 0.300000
vt 0.500000 0.300000
vt 0.625000 0.300000
vt 0.750000 0.300000
vt 0.875000 0.300000
vt 1.000000 0.300000
vt 0.000000 0.280000
vt 0.125000 0.280000
vt 0.250000 0.280000
vt 0.375000 0.280000
vt 0.500000 0.280000
vt 0.625000 0.280000
vt 0.750000 0.280000
vt 0.875000 0.280000
vt 1.000000 0.280000
vt 0.000000 0.260000
vt 0.125000 0.260000
vt 0.250000 0.260000
vt 0.375000 0.260000
vt 0.500000 0.260000
vt 0.625000 0.260000
vt 0.750000 0.260000
vt 0.875000 0.260000
vt 1.000000 0.260000
vt 0.000000 0.240000
vt 0.125000 0.240000
vt 0.250000 0.240000
vt 0.375000 0.240000
vt 0.500000 0.240000
vt 0.625000 0.240000
vt 0.750000 0.240000
vt 0.875000 0.240000
vt 1.000000 0.240000
vt 0.000000 0.220000
vt 0.125000 0.220000
vt 0.250000 0.220000
vt 0.375000 0.220000
vt 0.500000 0.220000
vt 0.625000 0.220000
vt 0.750000 0.220000
vt 0.875000 0.220000
vt 1.000000 0.220000
vt 0.000000 0.200000
vt 0.125000 0.200000
vt 0.250000 0.200000
vt 0.375000 0.200000
vt 0.500000 0.200000
vt 0.625000 0.200000
vt 0.750000 0.200000
vt 0.875000 0.200000
vt 1.000000 0.200000
vt 0.000000 0.180000
vt 0.125000 0.180000
vt 0.250000 0.180000
vt 0.375000 0.180000
vt 0.500000 0.180000
vt 0.625000 0.180000
vt 0.750000 0.180000
vt 0.875000 0.180000
vt 1.000000 0.180000
vt 0.000000 0.160000
vt 0.125000 0.160000
vt 0.250000 0.160000
vt 0.375000 0.160000
vt 0.500000 0.160000
vt 0.625000 0.160000
vt 0.750000 0.160000
vt 0.875000 0.160000
vt 1.000000 0.160000
vt 0.000000 0.140000
vt 0.125000 0.140000
vt 0.250000 0.140000
vt 0.375000 0.140000
vt 0.500000 0.140000
vt 0.625000 0.140000
vt 0.750000 0.140000
vt 0.875000 0.140000
vt 1.000000 0.140000
vt 0.000000 0.120000
vt 0.125000 0.120000
vt 0.250000 0.120000
vt 0.375000 0.120000
vt 0.500000 0.120000
vt 0.625000 0.120000
vt 0.750000 0.120000
vt 0.875000 0.120000
vt 1.000000 0.120000
vt 0.000000 0.100000
vt 0.125000 0.100000
vt 0.250000 0.100000
vt 0.375000 0.100000
vt 0.500000 0.100000
vt 0.625000 0.100000
vt 0.750000 0.100000
vt 0.875000 0.100000
vt 1.000000 0.100000
vt 0.000000 0.080000
vt 0.125000 0.080000
vt 0.250000 0.080000
vt 0.375000 0.080000
vt 0.500000 0.080000
vt 0.625000 0.080000
vt 0.750000 0.080000
vt 0.875000 0.080000
vt 1.000000 0.080000
vt 0.000000 0.060000
vt 0.125000 0.060000
vt 0.250000 0.060000
vt 0.375000 0.060000
vt 0.500000 0.060000
vt 0.625000 0.060000
vt 0.750000 0.060000
vt 0.875000 0.060000
vt 1.000000 0.060000
vt 0.000000 0.040000
vt 0.125000 0.040000
vt 0.250000 0.040000
vt 0.375000 0.040000
vt 0.500000 0.040000
vt 0.625000 0.040000
vt 0.750000 0.040000
vt 0.875000 0.040000
vt 1.000000 0.040000
vt 0.000000 0.020000
vt 0.125000 0.020000
vt 0.250000 0.020000
vt 0.375000 0.020000
vt 0.500000 0.020000
vt 0.625000 0.020000
vt 0.750000 0.020000
vt 0.875000 0.020000
vt 1.000000 0.020000
vt 0.000000 0.000000
vt 0.125000 0.000000
vt 0.250000 0.000000
vt 0.375000 0.000000
vt 0.500000 0.000000
vt 0.625000 0.000000
vt 0.750000 0.000000
vt 0.875000 0.000000
vt 1.000000 0.000000
vt 0.000000 1.000000
vt 0.125000 1.000000
vt 0.250000 1.000000
vt 0.375000 1.000000
vt 0.500000 1.000000
vt 0.625000 1.000000
vt 0.750000 1.000000
vt 0.875000 1.000000
vt 1.000000 1.000000
vt 0.000000 0.980000
vt 0.125000 0.980000
vt 0.250000 0.980000
vt 0.375000 0.980000
vt 0.500000 0.980000
vt 0.625000 0.980000
vt 0.750000 0.980000
vt 0.875000 0.980000
vt 1.000000 0.980000
vt 0.000000 0.960000
vt 0.125000 0.960000
vt 0.250000 0.960000
vt 0.375000 0.960000
vt 0.500000 0.960000
vt 0.625000 0.960000
vt 0.750000 0.960000
vt 0.875000 0.960000
vt 1.000000 0.960000
vt 0.000000 0.940000
vt 0.125000 0.940000
vt 0.250000 0.940000
vt 0.375000 0.940000
vt 0.500000 0.940000
vt 0.625000 0.940000
vt 0.750000 0.940000
vt 0.875000 0.940000
vt 1.000000 0.940000
vt 0.000000 0.920000
vt 0.125000 0.920000
vt 0.250000 0.920000
vt 0.375000 0.920000
vt 0.500000 0.920000
vt 0.625000 0.920000
vt 0.750000 0.920000
vt 0.875000 0.920000
vt 1.000000 0.920000
vt 0.000000 0.900000
vt 0.125000 0.900000
vt 0.250000 0.900000
vt 0.375000 0.900000
vt 0.500000 0.900000
vt 0.625000 0.900000
vt 0.750000 0.900000
vt 0.875000 0.900000
vt 1.000000 0.900000
vt 0.000000 0.880000
vt 0.125000 0.880000
vt 0.250000 0.880000
vt 0.375000 0.880000
vt 0.500000 0.880000
vt 0.625000 0.880000
vt 0.750000 0.880000
vt 0.875000 0.880000
vt 1.000000 0.880000
vt 0.000000 0.860000
vt 0.125000 0.860000
vt 0.250000 0.860000
vt 0.375000 0.860000
vt 0.500000 0.860000
vt 0.625000 0.860000
vt 0.750000 0.860000
vt 0.875000 0.860000
vt 1.000000 0.860000
vt 0.000000 0.840000
vt 0.125000 0.840000
vt 0.250000 0.840000
vt 0.375000 0.840000
vt 0.500000 0.840000
vt 0.625000 0.840000
vt 0.750000 0.840000
vt 0.875000 0.840000
vt 1.000000 0.840000
vt 0.000000 0.820000
vt 0.125000 0.820000
vt 0.250000 0.820000
vt 0.375000 0.820000
vt 0.500000 0.820000
vt 0.625000 0.820000
vt 0.750000 0.820000
vt 0.875000 0.820000
vt 1.000000 0.820000
vt 0.000000 0.800000
vt 0.125000 0.800000
vt 0.250000 0.800000
vt 0.375000 0.800000
vt 0.500000 0.800000
vt 0.625000 0.800000
vt 0.750000 0.800000
vt 0.875000 0.800000
vt 1.000000 0.800000
vt 0.000000 0.780000
vt 0.125000 0.780000
vt 0.250000 0.780000
vt 0.375000 0.780000
vt 0.500000 0.780000
vt 0.625000 0.780000
vt 0.750000 0.780000
vt 0.875000 0.780000
vt 1.000000 0.780000
vt 0.000000 0.760000
vt 0.125000 0.760000
vt 0.250000 0.760000
vt 0.375000 0.760000
vt 0.500000 0.760000
vt 0.625000 0.760000
vt 0.750000 0.760000
vt 0.875000 0.760000
vt 1.000000 0.760000
vt 0.000000 0.740000
vt 0.125000 0.740000
vt 0.250000 0.740000
vt 0.375000 0.740000
vt 0.500000 0.740000
vt 0.625000 0.740000
vt 0.750000 0.740000
vt 0.875000 0.740000
vt 1.000000 0.740000
vt 0.000000 0.720000
vt 0.125000 0.720000
vt 0.250000 0.720000
vt 0.375000 0.720000
vt 0.500000 0.720000
vt 0.625000 0.720000
vt 0.750000 0.720000
vt 0.875000 0.720000
vt 1.000000 0.720000
vt 0.000000 0.700000
vt 0.125000 0.700000
vt 0.250000 0.700000
vt 0.375000 0.700000
vt 0.500000 0.700000
vt 0.625000 0.700000
vt 0.750000 0.700000
vt 0.875000 0.700000
vt 1.000000 0.700000
vt 0.000000 0.680000
vt 0.125000 0.680000
vt 0.250000 0.680000
vt 0.375000 0.680000
vt 0.500000 0.680000
vt 0.625000 0.680000
vt 0.750000 0.680000
vt 0.875000 0.680000
vt 1.000000 0.680000
vt 0.000000 0.660000
vt 0.125000 0.660000
vt 0.250000 0.660000
vt 0.375000 0.660000
vt 0.500000 0.660000
vt 0.625000 0.660000
vt 0.750000 0.660000
vt 0.875000 0.660000
vt 1.000000 0.660000
vt 0.000000 0.640000
vt 0.125000 0.640000
vt 0.250000 0.640000
vt 0.375000 0.640000
vt 0.500000 0.640000
vt 0.625000 0.640000
vt 0.750000 0.640000
vt 0.875000 0.640000
vt 1.000000 0.640000
vt 0.000000 0.620000
vt 0.125000 0.620000
vt 0.250000 0.620000
vt 0.375000 0.620000
vt 0.500000 0.620000
vt 0.625000 0.620000
vt 0.750000 0.620000
vt 0.875000 0.620000
vt 1.000000 0.620000
vt 0.000000 0.600000
vt 0.125000 0.600000
vt 0.250000 0.600000
vt 0.375000 0.600000
vt 0.500000 0.600000
vt 0.625000 0.600000
vt 0.750000 0.600000
vt 0.875000 0.600000
vt 1.000000 0.600000
vt 0.000000 0.580000
vt 0.125000 0.580000
vt 0.250000 0.580000
vt 0.375000 0.580000
vt 0.500000 0.580000
vt 0.625000 0.580000
vt 0.750000 0.580000
vt 0.875000 0.580000
vt 1.000000 0.580000
vt 0.000000 0.560000
vt 0.125000 0.560000
vt 0.250000 0.560000
vt 0.375000 0.560000
vt 0.500000 0.560000
vt 0.625000 0.560000
vt 0.750000 0.560000
vt 0.875000 0.560000
vt 1.000000 0.560000
vt 0.000000 0.540000
vt 0.125000 0.540000
vt 0.250000 0.540000
vt 0.375000 0.540000
vt 0.500000 0.540000
vt 0.625000 0.540000
vt 0.750000 0.540000
vt 0.875000 0.540000
vt 1.000000 0.540000
vt 0.000000 0.520000
vt 0.125000 0.520000
vt 0.250000 0.520000
vt 0.375000 0.520000
vt 0.500000 0.520000
vt 0.625000 0.520000
vt 0.750000 0.520000
vt 0.875000 0.520000
vt 1.000000 0.520000
vt 0.000000 0.500000
vt 0.125000 0.500000
vt 0.250000 0.500000
vt 0.375000 0.500000
vt 0.500000 0.500000
vt 0.625000 0.500000
vt 0.750000 0.500000
vt 0.875000 0.500000
vt 1.000000 0.500000
vt 0.000000 0.480000
vt 0.125000 0.480000
vt 0.250000 0.480000
vt 0.375000 0.480000
vt 0.500000 0.480000
vt 0.625000 0.480000
vt 0.750000 0.480000
vt 0.875000 0.480000
vt 1.000000 0.480000
vt 0.000000 0.460000
vt 0.125000 0.460000
vt 0.250000 0.460000
vt 0.375000 0.460000
vt 0.500000 0.460000
vt 0.625000 0.460000
vt 0.750000 0.460000
vt 0.875000 0.460000
vt 1.000000 0.460000
vt 0.000000 0.440000
vt 0.125000 0.440000
vt 0.250000 0.440000
vt 0.375000 0.440000
vt 0.500000 0.440000
vt 0.625000 0.440000
vt 0.750000 0.440000
vt 0.875000 0.440000
vt 1.000000 0.440000
vt 0.000000 0.420000
vt 0.125000 0.420000
vt 0.250000 0.420000
vt 0.375000 0.420000
vt 0.500000 0.420000
vt 0.625000 0.420000
vt 0.750000 0.420000
vt 0.875000 0.420000
vt 1.000000 0.420000
vt 0.000000 0.400000
vt 0.125000 0.400000
vt 0.250000 0.400000
vt 0.375000 0.400000
vt 0.500000 0.400000
vt 0.625000 0.400000
vt 0.750000 0.400000
vt 0.875000 0.400000
vt 1.000000 0.400000
vt 0.000000 0.380000
vt 0.125000 0.380000
vt 0.250000 0.380000
vt 0.375000 0.380000
vt 0.500000 0.380000
vt 0.625000 0.380000
vt 0.750000 0.380000
vt 0.875000 0.380000
vt 1.000000 0.380000
vt 0.000000 0.360000
vt 0.125000 0.360000
vt 0.250000 0.360000
vt 0.375000 0.360000
vt 0.500000 0.360000
vt 0.625000 0.360000
vt 0.750000 0.360000
vt 0.875000 0.360000
vt 1.000000 0.360000
vt 0.000000 0.340000
vt 0.125000 0.340000
vt 0.250000 0.340000
vt 0.375000 0.340000
vt 0.500000 0.340000
vt 0.625000 0.340000
vt 0.750000 0.340000
vt 0.875000 0.340000
vt 1.000000 0.340000
vt 0.000000 0.320000
vt 0.125000 0.320000
vt 0.250000 0.320000
vt 0.375000 0.320000
vt 0.500000 0.320000
vt 0.625000 0.320000
vt 0.750000 0.320000
vt 0.875000 0.320000
vt 1.000000 0.320000
vt 0.000000 0.300000
vt 0.125000 0.300000
vt 0.250000 0.300000
vt 0.375000 0.300000
vt 0.500000 0.300000
vt 0.625000 0.300000
vt 0.750000 0.300000
vt 0.875000 0.300000
vt 1.000000 0.300000
vt 0.000000 0.280000
vt 0.125000 0.280000
vt 0.250000 0.280000
vt 0.375000 0.280000
vt 0.500000 0.280000
vt 0.625000 0.280000
vt 0.750000 0.280000
vt 0.875000 0.280000
vt 1.000000 0.280000
vt 0.000000 0.260000
vt 0.125000 0.260000
vt 0.250000 0.260000
vt 0.375000 0.260000
vt 0.500000 0.260000
vt 0.625000 0.260000
vt 0.750000 0.260000
vt 0.875000 0.260000
vt 1.000000 0.260000
vt 0.000000 0.240000
vt 0.125000 0.240000
vt 0.250000 0.240000
vt 0.375000 0.240000
vt 0.500000 0.240000
vt 0.625000 0.240000
vt 0.750000 0.240000
vt 0.875000 0.240000
vt 1.000000 0.240000
vt 0.000000 0.220000
vt 0.125000 0.220000
vt 0.250000 0.220000
vt 0.375000 0.220000
vt 0.500000 0.220000
vt 0.625000 0.220000
vt 0.750000 0.220000
vt 0.875000 0.220000
vt 1.000000 0.220000
vt 0.000000 0.200000
vt 0.125000 0.200000
vt 0.250000 0.200000
vt 0.375000 0.200000
vt 0.500000 0.200000
vt 0.625000 0.200000
vt 0.750000 0.200000
vt 0.875000 0.200000
vt 1.000000 0.200000
vt 0.000000 0.180000
vt 0.125000 0.180000
vt 0.250000 0.180000
vt 0.375000 0.180000
vt 0.500000 0.180000
vt 0.625000 0.180000
vt 0.750000 0.180000
vt 0.875000 0.180000
vt 1.000000 0.180000
vt 0.000000 0.160000
vt 0.125000 0.160000
vt 0.250000 0.160000
vt 0.375000 0.160000
vt 0.500000 0.160000
vt 0.625000 0.160000
vt 0.750000 0.160000
vt 0.875000 0.160000
vt 1.000000 0.160000
vt 0.000000 0.140000
vt 0.125000 0.140000
vt 0.250000 0.140000
vt 0.375000 0.140000
vt 0.500000 0.140000
vt 0.625000 0.140000
vt 0.750000 0.140000
vt 0.875000 0.140000
vt 1.000000 0.140000
vt 0.000000 0.120000
vt 0.125000 0.120000
vt 0.250000 0.120000
vt 0.375000 0.120000
vt 0.500000 0.120000
vt 0.625000 0.120000
vt 0.750000 0.120000
vt 0.875000 0.120000
vt 1.000000 0.120000
vt 0.000000 0.100000
vt 0.125000 0.100000
vt 0.250000 0.100000
vt 0.375000 0.100000
vt 0.500000 0.100000
vt 0.625000 0.100000
vt 0.750000 0.100000
vt 0.875000 0.100000
vt 1.000000 0.100000
vt 0.000000 0.080000
vt 0.125000 0.080000
vt 0.250000 0.080000
vt 0.375000 0.080000
vt 0.500000 0.080000
vt 0.625000 0.080000
vt 0.750000 0.080000
vt 0.875000 0.080000
vt 1.000000 0.080000
vt 0.000000 0.060000
vt 0.125000 0.060000
vt 0.250000 0.060000
vt 0.375000 0.060000
vt 0.500000 0.060000
vt 0.625000 0.060000
vt 0.750000 0.060000
vt 0.875000 0.060000
vt 1.000000 0.060000
vt 0.000000 0.040000
vt 0.125000 0.040000
vt 0.250000 0.040000
vt 0.375000 0.040000
vt 0.500000 0.040000
vt 0.625000 0.040000
vt 0.750000 0.040000
vt 0.875000 0.040000
vt 1.000000 0.040000
vt 0.000000 0.020000
vt 0.125000 0.020000
vt 0.250000 0.020000
vt 0.375000 0.020000
vt 0.500000 0.020000
vt 0.625000 0.020000
vt 0.750000 0.020000
vt 0.875000 0.020000
vt 1.000000 0.020000
vt 0.000000 0.000000
vt 0.125000 0.000000
vt 0.250000 0.000000
vt 0.375000 0.000000
vt 0.500000 0.000000
vt 0.625000 0.000000
vt 0.750000 0.000000
vt 0.875000 0.000000
vt 1.000000 0.000000
vn -0.376447 0.240491 0.894680
vn -0.374608 0.624339 0.685471
vn 0.149407 0.574310 0.804889
vn 0.373640 -0.535505 0.757382
vn -0.351246 -0.249188 0.902514
vn 0.177111 0.566927 0.804503
vn 0.346698 -0.208985 0.914399
vn -0.072403 -0.705712 0.704789
vn -0.303704 0.582828 0.753708
vn 0.663271 0.015128 0.748227
vn -0.397751 -0.544561 0.738408
vn -0.163321 0.420753 0.892353
vn 0.254883 0.524695 0.812238
vn 0.040195 0.183551 0.982188
vn -0.186391 -0.094404 0.977930
vn -0.076847 -0.680327 0.728869
vn 0.041933 0.053651 0.997679
vn 0.445433 -0.127304 0.886219
vn -0.162756 -0.358012 0.919423
vn -0.208557 0.154984 0.965652
vn -0.091328 0.346931 0.933433
vn 0.313903 0.363035 0.877308
vn -0.041158 -0.024542 0.998851
vn -0.490078 -0.276270 0.826740
vn -0.262715 -0.006062 0.964855
vn 0.032229 0.423174 0.905475
vn 0.533596 -0.035537 0.844992
vn 0.209214 -0.238080 0.948445
vn -0.069627 -0.361254 0.929864
vn -0.476229 -0.093473 0.874339
vn 0.044509 0.153697 0.987115
vn 0.532838 0.384342 0.753900
vn -0.391514 -0.446431 0.804622
vn -0.067744 0.344760 0.936243
vn 0.199212 -0.469411 0.860214
vn -0.638674 -0.134552 0.757622
vn 0.327182 0.575679 0.749364
vn 0.474151 -0.285859 0.832746
vn -0.492013 -0.256415 0.831970
vn 0.068896 0.488343 0.869928
vn 0.639008 0.040386 0.768139
vn -0.070387 -0.450722 0.889885
vn -0.691336 0.047214 0.720989
vn 0.158712 0.372392 0.914404
vn 0.701023 -0.060817 0.710540
vn 0.234806 -0.491799 0.838451
vn -0.670513 0.188516 0.717547
vn -0.596594 0.439842 0.671278
vn 0.506948 0.351058 0.787250
vn 0.237264 -0.130481 0.962642
vn 0.512909 0.288896 0.808371
vn 0.016737 -0.491504 0.870714
vn -0.204635 -0.224635 0.952714
vn -0.405702 -0.385971 0.828512
vn -0.369248 0.320049 0.872482
vn -0.112547 -0.119624 0.986419
vn 0.613160 0.022391 0.789641
vn -0.020661 -0.647405 0.761866
vn -0.454614 0.152484 0.877539
vn 0.270033 0.061686 0.960873
vn -0.511537 -0.207550 0.833819
vn 0.012403 -0.087366 0.996099
vn 0.178702 -0.710607 0.680517
vn -0.317621 -0.132841 0.938867
vn -0.419587 0.610882 0.671395
vn -0.094500 0.210958 0.972916
vn 0.130968 0.013943 0.991289
vn -0.156396 0.310226 0.937710
vn 0.211898 -0.367489 0.905567
vn 0.506350 -0.385838 0.771193
vn -0.460368 0.246828 0.852724
vn 0.155898 0.575381 0.802890
vn 0.267161 -0.676424 0.686349
vn 0.029394 -0.173153 0.984456
vn -0.336369 0.063407 0.939593
vn -0.598991 0.085392 0.796189
vn 0.352845 0.308604 0.883325
vn -0.068279 -0.469402 0.880340
vn 0.070450 0.069271 0.995107
vn -0.402376 0.009118 0.915429
vn -0.281785 -0.513919 0.810237
vn -0.288636 0.515765 0.806645
vn -0.260168 0.129916 0.956783
vn -0.016953 -0.609200 0.792835
vn 0.071081 -0.010645 0.997414
vn -0.193182 0.320061 0.927492
vn -0.116193 -0.249043 0.961497
vn -0.010117 -0.234713 0.972012
vn -0.046442 0.387463 0.920715
vn -0.125336 -0.215347 0.968461
vn -0.083459 -0.185294 0.979133
vn 0.127648 0.542787 0.830113
vn -0.190046 0.161066 0.968473
vn 0.108662 0.236102 0.965634
vn 0.123518 0.246584 0.961218
vn -0.167524 -0.598933 0.783080
vn -0.437479 -0.507048 0.742641
vn 0.017032 -0.016571 0.999718
vn -0.028325 0.068474 0.997251
vn 0.176238 0.477307 0.860883
vn 0.140681 0.489785 0.860418
vn -0.248858 0.140876 0.958240
vn 0.031714 0.100181 0.994464
vn 0.029165 -0.017240 0.999426
vn -0.401445 -0.116328 0.908466
vn 0.062651 0.121708 0.990587
vn -0.399859 -0.029144 0.916113
vn -0.315082 -0.182531 0.931346
vn 0.076141 0.125522 0.989165
vn 0.232131 0.256571 0.938236
vn 0.027787 0.067329 0.997344
vn 0.160190 0.167533 0.972765
vn 0.139136 0.015451 0.990153
vn -0.257855 -0.364254 0.894891
vn -0.279211 0.200595 0.939043
vn -0.308680 -0.233575 0.922041
vn 0.621033 0.057284 0.781688
vn -0.013153 0.130003 0.991426
vn -0.576563 0.019134 0.816829
vn 0.537626 0.001428 0.843182
vn 0.431876 -0.021005 0.901688
vn -0.486654 0.133669 0.863308
vn -0.134992 -0.243404 0.960485
vn 0.260761 -0.135915 0.955788
vn 0.233224 0.331302 0.914246
vn -0.287750 -0.172575 0.942029
vn 0.211951 -0.375011 0.902465
vn 0.180600 -0.248571 0.951628
vn -0.139485 0.251027 0.957878
vn -0.084141 0.071695 0.993871
vn 0.238560 0.119020 0.963807
vn -0.129361 0.110910 0.985375
vn -0.671369 0.054977 0.739081
vn -0.289954 -0.042292 0.956106
vn 0.216122 -0.220899 0.951049
vn 0.113438 0.005613 0.993529
vn 0.430670 -0.087884 0.898220
vn 0.004748 0.155123 0.987884
vn -0.293539 0.210130 0.932567
vn 0.437552 -0.352220 0.827339
vn -0.144779 0.328392 0.933380
vn -0.457249 0.252141 0.852847
vn 0.274737 -0.043830 0.960520
vn 0.139880 -0.456053 0.878891
vn 0.297547 -0.367785 0.881022
vn -0.404582 0.261071 0.876445
vn 0.237466 0.270530 0.932965
vn 0.094497 0.031687 0.995021
vn -0.135392 0.395200 0.908562
vn 0.300754 -0.587908 0.750940
vn -0.062565 -0.191233 0.979549
vn -0.128294 0.326604 0.936414
vn 0.229050 0.071509 0.970785
vn 0.127563 -0.350360 0.927888
vn -0.430548 0.181967 0.884034
vn -0.288977 0.649892 0.702946
vn -0.133672 -0.611527 0.779850
vn 0.101985 -0.403790 0.909149
vn 0.133725 0.005713 0.991002
vn 0.036168 0.395351 0.917818
vn 0.118082 0.480340 0.869097
vn -0.191244 -0.611303 0.767942
vn -0.160278 -0.141961 0.976810
vn 0.190961 -0.162457 0.968061
vn 0.074066 -0.189223 0.979137
vn -0.077866 0.148953 0.985774
vn 0.113072 0.022289 0.993337
vn -0.088901 -0.066485 0.993819
vn -0.166186 0.143145 0.975649
vn -0.313112 -0.430920 0.846326
vn 0.294251 0.074497 0.952820
vn 0.125437 0.340304 0.931912
vn -0.087767 -0.182408 0.979298
vn 0.021606 0.067565 0.997481
vn 0.136121 0.001871 0.990690
vn -0.041778 -0.362467 0.931060
vn 0.307393 -0.112146 0.944951
vn -0.170179 -0.179978 0.968838
vn -0.021466 -0.041777 0.998896
vn 0.279998 0.489671 0.825726
vn -0.041655 0.183337 0.982167
vn 0.273475 -0.039101 0.961084
vn -0.215205 -0.217671 0.952001
vn -0.139444 -0.233004 0.962426
vn 0.197409 0.117000 0.973314
vn -0.257477 -0.195841 0.946230
vn -0.016535 -0.125336 0.991977
vn 0.203068 -0.093276 0.974712
vn -0.026157 0.236161 0.971362
vn 0.256204 0.185097 0.948735
vn -0.331554 0.130130 0.934419
vn -0.403285 -0.231889 0.885206
vn -0.214464 0.260458 0.941364
vn -0.058868 -0.362996 0.929929
vn 0.105435 0.284679 0.952807
vn 0.319942 -0.028763 0.947001
vn -0.595403 -0.085582 0.798856
vn -0.085813 0.255039 0.963115
vn 0.643432 0.154038 0.749845
vn -0.008677 0.300859 0.953629
vn -0.642497 0.165733 0.748152
vn 0.475414 -0.000656 0.879762
vn 0.193927 -0.067656 0.978680
vn -0.555928 -0.037067 0.830404
vn 0.558263 0.104634 0.823040
vn -0.160885 -0.199642 0.966571
vn -0.662533 0.009333 0.748974
vn 0.314811 -0.159383 0.935677
vn 0.411673 -0.172238 0.894907
vn -0.230706 0.182756 0.955707
vn 0.272857 -0.257430 0.926973
vn 0.229202 -0.091221 0.969095
vn -0.567592 0.244086 0.786296
vn -0.270220 0.120705 0.955202
vn 0.328468 -0.220298 0.918465
vn 0.355257 -0.086676 0.930741
vn 0.200759 0.015034 0.979525
vn 0.149336 0.002249 0.988784
vn -0.070314 -0.176137 0.981851
vn 0.282144 0.098588 0.954293
vn -0.051362 -0.009291 0.998637
vn -0.121891 0.278659 0.952624
vn -0.074691 0.140157 0.987308
vn 0.148408 0.194221 0.969667
vn 0.306801 -0.232193 0.923016
vn -0.040671 0.020614 0.998960
vn -0.261366 -0.087405 0.961274
vn 0.229553 -0.360224 0.904181
vn -0.276259 0.437990 0.855480
vn 0.011551 0.517422 0.855652
vn 0.005841 0.130121 0.991481
vn -0.034117 -0.569813 0.821066
vn -0.024817 -0.467831 0.883469
vn -0.309484 0.341905 0.887311
vn -0.145744 0.501277 0.852924
vn -0.183677 0.243891 0.952250
vn 0.181168 -0.040779 0.982606
vn 0.311157 -0.219692 0.924617
vn -0.020586 -0.627260 0.778538
vn 0.210796 -0.419547 0.882918
vn -0.119476 -0.008030 0.992805
vn 0.256444 0.584860 0.769529
vn 0.015631 0.794990 0.606421
vn 0.118562 -0.699506 0.704723
vn -0.022309 -0.387582 0.921565
vn 0.164957 -0.036545 0.985623
vn 0.063808 -0.047453 0.996833
vn 0.023854 0.207916 0.977856
vn 0.106757 0.361395 0.926281
vn 0.136449 0.065796 0.988460
vn -0.082865 -0.536484 0.839832
vn -0.272420 -0.487513 0.829529
vn 0.371169 0.250905 0.894025
vn 0.064181 0.506755 0.859698
vn 0.116722 -0.281545 0.952422
vn 0.002664 -0.117950 0.993016
vn -0.071316 -0.195149 0.978177
vn -0.248701 -0.117702 0.961402
vn 0.056507 -0.113887 0.991885
vn -0.034257 0.167296 0.985311
vn 0.350779 0.149904 0.924382
vn -0.185452 -0.138670 0.972820
vn 0.351239 -0.171180 0.920504
vn 0.341685 0.000909 0.939814
vn 0.001972 -0.005913 0.999981
vn 0.079249 0.186865 0.979184
vn -0.146504 -0.468311 0.871333
vn -0.379987 0.031953 0.924440
vn 0.219456 0.232907 0.947414
vn 0.007094 0.273628 0.961809
vn 0.347749 -0.167893 0.922433
vn 0.163317 -0.077303 0.983540
vn 0.150907 0.058990 0.986786
vn -0.460063 0.119871 0.879757
vn -0.004074 -0.205987 0.978546
vn 0.043328 0.260919 0.964388
vn -0.443787 -0.225838 0.867208
vn 0.435320 0.101723 0.894510
vn 0.474063 0.354077 0.806160
vn 0.096885 -0.084390 0.991711
vn -0.101754 -0.224865 0.969062
vn -0.159931 -0.005099 0.987115
vn -0.321293 0.182719 0.929185
vn -0.484118 -0.229445 0.844384
vn 0.371786 -0.080268 0.924842
vn -0.063642 0.194360 0.978863
vn -0.423191 -0.077448 0.902724
vn 0.033316 0.045816 0.998394
vn 0.336932 -0.026275 0.941162
vn 0.526511 -0.164777 0.834047
vn -0.310163 0.173961 0.934632
vn -0.257125 0.248859 0.933786
vn 0.355269 -0.371028 0.857976
vn -0.047850 0.220470 0.974219
vn -0.531294 0.378005 0.758181
vn 0.119992 0.202538 0.971895
vn 0.369787 -0.397486 0.839799
vn 0.005056 -0.066068 0.997802
vn -0.340010 -0.078212 0.937164
vn 0.128250 -0.297228 0.946154
vn -0.145507 -0.151555 0.977680
vn 0.064227 -0.339816 0.938296
vn -0.125798 0.032041 0.991538
vn -0.287673 0.042651 0.956779
vn 0.170029 -0.208133 0.963209
vn -0.114017 0.078914 0.990340
vn -0.318225 0.108197 0.941821
vn -0.246031 0.290702 0.924641
vn 0.025075 -0.475108 0.879570
vn 0.116577 -0.571286 0.812430
vn 0.114313 0.311516 0.943340
vn -0.297038 0.406853 0.863851
vn 0.088378 0.496906 0.863293
vn -0.267339 -0.072988 0.960834
vn 0.244729 -0.400970 0.882797
vn -0.044013 -0.473908 0.879474
vn 0.123114 -0.000395 0.992392
vn 0.182509 0.051756 0.981841
vn 0.068405 0.062466 0.995700
vn 0.045168 -0.163111 0.985573
vn -0.303076 -0.106105 0.947041
vn -0.243528 -0.036495 0.969207
vn -0.087751 0.150216 0.984751
vn 0.005955 0.589335 0.807867
vn 0.173756 0.469204 0.865827
vn -0.007503 -0.137343 0.990495
vn -0.165419 -0.277041 0.946512
vn 0.158499 0.400591 0.902444
vn -0.166866 0.121102 0.978514
vn 0.168524 -0.331520 0.928275
vn 0.108092 -0.017599 0.993985
vn 0.267485 -0.100769 0.958278
vn -0.376349 -0.132606 0.916939
vn 0.106976 0.339315 0.934570
vn -0.126720 -0.018293 0.991770
vn -0.121879 -0.304515 0.944678
vn 0.004260 0.440044 0.897966
vn 0.123874 0.043549 0.991342
vn 0.024273 -0.118703 0.992633
vn -0.206075 -0.173860 0.962967
vn -0.395996 0.055855 0.916552
vn 0.188091 0.353441 0.916352
vn -0.128390 -0.269040 0.954533
vn -0.407660 -0.173841 0.896434
vn 0.342757 0.281256 0.896333
vn 0.406361 0.140917 0.902781
vn -0.230789 -0.298894 0.925958
vn -0.026726 0.110318 0.993537
vn 0.309139 0.504064 0.806444
vn -0.047029 0.147050 0.988010
vn -0.515900 -0.266627 0.814099
vn -0.264906 -0.356673 0.895885
vn 0.450254 -0.055943 0.891146
vn 0.309199 0.308437 0.899590
vn -0.229710 -0.449110 0.863443
vn -0.282882 -0.121318 0.951451
vn 0.374009 -0.183093 0.909172
vn -0.258154 0.216630 0.941503
vn 0.163265 0.078064 0.983489
vn -0.211197 -0.012013 0.977370
vn -0.194707 -0.360701 0.912132
vn 0.234420 -0.105684 0.966374
vn 0.103583 0.014793 0.994511
vn -0.062811 -0.241388 0.968394
vn -0.345552 -0.027847 0.937986
vn 0.307194 0.150991 0.939592
vn 0.390496 -0.098827 0.915285
vn -0.331387 0.240537 0.912318
vn -0.378903 -0.059404 0.923528
vn 0.135939 0.040452 0.989891
vn 0.411760 -0.211584 0.886389
vn 0.184531 0.056004 0.981230
vn -0.267545 0.259237 0.928017
vn 0.198200 -0.181220 0.963263
vn 0.020927 -0.293899 0.955607
vn -0.071324 0.228103 0.971021
vn -0.160768 0.336417 0.927888
vn -0.055518 0.363104 0.930093
vn -0.010528 -0.020981 0.999724
vn -0.095779 0.079624 0.992213
vn 0.225574 0.063332 0.972165
vn -0.036945 -0.103266 0.993967
vn 0.120956 -0.245346 0.961860
vn -0.106891 0.107744 0.988416
vn -0.018692 0.043715 0.998869
vn 0.035526 -0.281643 0.958861
vn -0.092555 -0.088994 0.991723
vn -0.058094 -0.013986 0.998213
vn -0.060641 0.232271 0.970759
vn -0.001522 0.009201 0.999957
vn 0.097203 -0.477007 0.873508
vn -0.113175 0.108135 0.987673
vn 0.000506 -0.034076 0.999419
vn 0.143098 -0.097932 0.984851
vn 0.245460 0.137729 0.959573
vn 0.123981 0.318520 0.939773
vn 0.020297 0.462108 0.886591
vn -0.016234 -0.481486 0.876303
vn -0.108334 -0.020998 0.993893
vn -0.040195 0.071166 0.996654
vn 0.109385 0.128584 0.985648
vn -0.076943 0.087132 0.993221
vn 0.125559 -0.416774 0.900297
vn -0.299864 0.117219 0.946753
vn 0.105255 0.607211 0.787538
vn -0.059616 -0.127968 0.989985
vn 0.236253 0.238645 0.941931
vn 0.013265 -0.236417 0.971561
vn 0.064066 0.023267 0.997674
vn -0.007145 -0.038342 0.999239
vn 0.056296 -0.191394 0.979898
vn 0.203827 -0.053437 0.977547
vn 0.076881 0.237351 0.968377
vn 0.082565 -0.034843 0.995976
vn -0.056774 -0.050083 0.997130
vn 0.245387 0.322897 0.914069
vn -0.208056 0.099948 0.972997
vn 0.057063 -0.260557 0.963771
vn -0.055291 -0.614916 0.786652
vn 0.204145 -0.024757 0.978628
vn 0.520576 0.371474 0.768770
vn 0.154094 0.010838 0.987997
vn -0.323525 -0.328657 0.887308
vn 0.182939 -0.128276 0.974720
vn -0.074783 0.281097 0.956761
vn -0.402459 -0.200124 0.893296
vn 0.093316 -0.193781 0.976597
vn 0.495615 0.283602 0.820936
vn 0.216665 0.111799 0.969823
vn -0.125487 -0.138648 0.982359
vn 0.114061 -0.374130 0.920335
vn -0.204181 -0.475847 0.855500
vn -0.315777 -0.184169 0.930788
vn 0.586273 0.167175 0.792677
vn -0.041936 0.031374 0.998628
vn -0.376282 -0.506716 0.775661
vn -0.033800 0.206678 0.977825
vn 0.551021 0.087861 0.829853
vn 0.088809 0.221477 0.971113
vn -0.080700 0.157901 0.984152
vn -0.101418 -0.159714 0.981940
vn -0.243232 0.154960 0.957510
vn 0.450407 0.171071 0.876281
vn -0.301261 -0.166305 0.938927
vn -0.331152 -0.079384 0.940232
vn 0.241085 0.182438 0.953202
vn 0.262703 0.184972 0.946981
vn -0.001169 -0.166633 0.986018
vn -0.436348 0.038473 0.898955
vn -0.195791 0.263642 0.944542
vn 0.287771 -0.088181 0.953631
vn 0.541741 -0.036252 0.839764
vn 0.119903 -0.320112 0.939761
vn -0.564288 0.053840 0.823820
vn -0.290203 0.144741 0.945956
vn 0.329300 -0.170805 0.928648
vn 0.204497 -0.017292 0.978714
vn 0.184283 -0.156151 0.970390
vn 0.176072 0.208655 0.962009
vn -0.280453 0.380206 0.881357
vn 0.161815 -0.038130 0.986084
vn 0.056513 0.002892 0.998398
vn -0.290131 0.406591 0.866319
vn 0.474263 -0.046889 0.879134
vn 0.008895 -0.181580 0.983336
vn -0.213532 0.438225 0.873134
vn -0.169224 -0.127790 0.977258
vn 0.256454 0.101654 0.961196
vn 0.061742 -0.118129 0.991077
vn -0.070202 0.247566 0.966324
vn -0.115120 0.040618 0.992521
vn 0.331417 -0.310029 0.891092
vn -0.112878 -0.191457 0.974989
vn 0.149458 0.339155 0.928782
vn -0.078864 -0.178257 0.980819
vn 0.248117 -0.142691 0.958163
vn -0.121206 -0.303194 0.945189
vn 0.178509 0.346098 0.921059
vn -0.206797 0.399009 0.893323
vn 0.194812 -0.194867 0.961288
vn 0.058536 -0.356111 0.932608
vn 0.202708 -0.041165 0.978374
vn 0.087664 -0.004515 0.996140
vn 0.008510 0.388844 0.921264
vn 0.097415 0.082428 0.991825
vn -0.033107 -0.690603 0.722476
vn -0.142975 -0.457874 0.877445
vn -0.151172 -0.256861 0.954552
vn 0.282763 0.009273 0.959145
vn -0.056503 0.423160 0.904291
vn 0.090605 0.013452 0.995796
vn -0.101957 -0.525383 0.844735
vn 0.023599 0.144485 0.989226
vn -0.243535 0.250676 0.936938
vn 0.230977 -0.227836 0.945907
vn -0.080506 0.323293 0.942868
vn 0.153034 0.224942 0.962279
vn -0.245846 -0.298544 0.922188
vn 0.045104 -0.537943 0.841774
vn -0.097302 0.123003 0.987625
vn -0.229373 0.101635 0.968018
vn -0.138351 -0.044867 0.989366
vn 0.257900 0.277238 0.925541
vn 0.294457 0.003623 0.955658
vn -0.009570 0.099218 0.995020
vn 0.330286 0.019633 0.943677
vn -0.170316 -0.293161 0.940771
vn -0.298745 0.183211 0.936582
vn -0.026097 -0.087026 0.995864
vn 0.323475 -0.120154 0.938577
vn 0.122378 -0.180634 0.975907
vn -0.226008 -0.418819 0.879495
vn 0.084358 -0.050416 0.995159
vn -0.156278 0.162497 0.974255
vn 0.257022 0.383838 0.886909
vn 0.099568 -0.333172 0.937594
vn -0.187009 0.162547 0.968817
vn 0.199296 0.132194 0.970982
vn 0.241019 0.073105 0.967763
vn 0.264781 0.085155 0.960541
vn -0.347285 -0.136889 0.927715
vn -0.101997 -0.213349 0.971637
vn 0.164848 0.269727 0.948721
vn -0.370591 0.113599 0.921823
vn -0.238388 -0.033529 0.970591
vn 0.427050 0.260305 0.865950
vn 0.137447 -0.073167 0.987803
vn -0.303366 0.027040 0.952490
vn 0.004263 -0.082074 0.996617
vn 0.329528 0.025966 0.943789
vn -0.291657 0.311193 0.904486
vn -0.073152 0.200465 0.976966
vn 0.049881 0.178190 0.982731
vn -0.317491 -0.141688 0.937616
vn 0.241079 0.001834 0.970504
vn 0.412931 0.025090 0.910417
vn 0.177684 -0.024816 0.983775
vn -0.228776 -0.075206 0.970570
vn -0.044739 -0.231001 0.971924
vn 0.033399 -0.357871 0.933174
vn -0.413375 -0.042380 0.909574
vn -0.359512 0.103322 0.927403
vn 0.135168 -0.296140 0.945532
vn 0.424195 -0.161435 0.891065
vn -0.099230 0.261790 0.960010
vn -0.269499 0.189383 0.944195
vn -0.228049 0.022551 0.973389
vn 0.418683 -0.055218 0.906452
vn 0.398877 -0.049485 0.915668
vn -0.252858 0.187837 0.949094
vn -0.176597 0.206418 0.962396
vn 0.317803 0.139144 0.937891
vn 0.336944 -0.069584 0.938950
vn -0.087954 -0.223928 0.970629
vn 0.050860 -0.092508 0.994412
vn 0.040295 0.105446 0.993608
vn -0.203729 0.091572 0.974735
vn -0.003886 0.041663 0.999124
vn -0.349810 0.091540 0.932338
vn 0.324035 -0.108901 0.939756
vn 0.119075 -0.116382 0.986041
vn 0.135558 0.014308 0.990666
vn -0.185500 -0.097520 0.977793
vn 0.083751 0.333633 0.938975
vn 0.024742 -0.398157 0.916983
vn 0.222436 0.257921 0.940212
vn -0.060128 0.754789 0.653206
vn -0.098147 -0.157336 0.982656
vn -0.242649 -0.412620 0.877990
vn -0.247706 -0.225942 0.942121
vn 0.066015 0.322377 0.944307
vn 0.023594 -0.222218 0.974711
vn -0.044995 0.004441 0.998977
vn -0.004626 0.461096 0.887338
vn 0.117386 -0.298164 0.947269
vn -0.170361 -0.149568 0.973964
vn 0.058425 0.311964 0.948296
vn 0.222797 0.150364 0.963199
vn -0.212920 -0.339633 0.916141
vn -0.216980 -0.026381 0.975820
vn -0.193316 0.413102 0.889930
vn 0.074256 -0.057416 0.995585
vn -0.150745 0.330560 0.931668
vn -0.344407 -0.230640 0.910049
vn -0.230225 -0.142106 0.962706
vn 0.048396 -0.022878 0.998566
vn -0.102735 -0.058674 0.992977
vn 0.285899 0.367308 0.885069
vn -0.105345 0.128896 0.986047
vn -0.399201 -0.160125 0.902773
vn -0.168716 0.127517 0.977381
vn 0.089413 -0.236318 0.967553
vn -0.010421 0.199493 0.979844
vn 0.283273 0.104075 0.953376
vn 0.149731 0.110690 0.982511
vn -0.232101 -0.097512 0.967792
vn 0.017938 -0.182556 0.983032
vn -0.049021 0.240698 0.969361
vn -0.287658 -0.123490 0.949738
vn 0.438959 0.120893 0.890337
vn 0.120273 -0.241732 0.962860
vn -0.270578 -0.282081 0.920444
vn 0.359619 -0.059801 0.931181
vn 0.364265 -0.109641 0.924819
vn 0.049472 -0.002484 0.998772
vn -0.139153 0.376573 0.915876
vn -0.369170 -0.101251 0.923830
vn -0.187958 0.040911 0.981325
vn 0.220167 0.027026 0.975088
vn 0.105084 0.183273 0.977430
vn 0.153624 0.025928 0.987789
vn -0.029174 0.029940 0.999126
vn 0.161724 0.234694 0.958522
vn -0.076109 0.115263 0.990415
vn 0.084102 0.234038 0.968583
vn 0.053894 -0.046807 0.997449
vn -0.339911 0.029495 0.939995
vn -0.186749 0.060344 0.980553
vn -0.265015 0.026664 0.963875
vn 0.050193 0.138375 0.989107
vn -0.097986 -0.129945 0.986668
vn -0.180590 -0.045037 0.982527
vn 0.202520 -0.223345 0.953469
vn 0.363748 -0.219802 0.905193
vn -0.074997 -0.090337 0.993083
vn -0.056945 -0.187751 0.980564
vn -0.080313 0.370660 0.925290
vn -0.020747 -0.124166 0.992045
vn 0.402966 -0.389591 0.828153
vn -0.323494 0.328422 0.887407
vn -0.055211 0.400018 0.914843
vn 0.391550 -0.245744 0.886735
vn 0.165594 -0.301801 0.938879
vn -0.400548 0.210671 0.891728
vn -0.176464 0.241177 0.954303
vn 0.063891 -0.192097 0.979294
vn -0.133205 0.085348 0.987407
vn -0.204978 -0.186611 0.960812
vn 0.051887 0.060513 0.996818
vn 0.112765 -0.159901 0.980671
vn 0.183221 -0.166680 0.968838
vn -0.276393 -0.026542 0.960678
vn -0.023348 0.114133 0.993191
vn -0.153610 -0.078667 0.984995
vn 0.096143 -0.293552 0.951096
vn -0.076078 0.177493 0.981177
vn -0.322102 0.175289 0.930336
vn -0.009678 0.214627 0.976648
vn 0.135857 -0.003258 0.990723
vn -0.069681 -0.029799 0.997124
vn -0.235122 -0.340205 0.910482
vn 0.046697 -0.046202 0.997840
vn -0.081561 0.146309 0.985871
vn -0.117280 -0.257522 0.959129
vn -0.177006 -0.192220 0.965257
vn 0.293254 0.070238 0.953451
vn -0.176316 0.300987 0.937187
vn -0.092247 -0.116218 0.988931
vn 0.040623 0.239948 0.969935
vn 0.343777 -0.013171 0.938959
vn -0.042494 0.074824 0.996291
vn -0.191822 -0.278015 0.941229
vn -0.138027 -0.094399 0.985920
vn 0.167913 0.197552 0.965805
vn 0.296897 -0.200028 0.933724
vn -0.231672 0.014613 0.972684
vn 0.086525 -0.109626 0.990200
vn 0.108964 0.391186 0.913838
vn -0.196026 0.039110 0.979818
vn 0.256517 -0.224171 0.940184
vn -0.024116 0.016151 0.999579
vn -0.415919 -0.092979 0.904636
vn 0.015078 -0.116478 0.993079
vn -0.117177 -0.081562 0.989756
vn -0.231526 0.039409 0.972030
vn 0.146114 -0.124901 0.981351
vn 0.084838 0.070263 0.993914
vn 0.178025 0.271648 0.945788
vn 0.080723 0.147423 0.985774
vn -0.174441 -0.059962 0.982840
vn -0.218571 0.211816 0.952555
vn 0.018890 -0.235101 0.971787
vn -0.163327 0.043423 0.985616
vn -0.059009 0.017687 0.998101
vn 0.374721 -0.119214 0.919441
vn 0.486136 -0.261666 0.833788
vn -0.308557 -0.181522 0.933725
vn -0.094335 -0.306682 0.947126
vn 0.299450 0.069620 0.951569
vn -0.062790 -0.180695 0.981533
vn 0.003795 -0.212460 0.977162
vn 0.045318 -0.071180 0.996433
vn -0.007598 -0.090922 0.995829
vn -0.039680 -0.213374 0.976164
vn -0.061425 -0.177300 0.982238
vn -0.418408 -0.035869 0.907551
vn -0.287375 0.069456 0.955296
vn 0.370597 -0.029378 0.928329
vn 0.072962 -0.240148 0.967990
vn 0.193587 0.238253 0.951714
vn 0.037618 0.179411 0.983055
vn -0.056332 0.328203 0.942926
vn -0.071476 0.242401 0.967540
vn 0.045691 0.214006 0.975763
vn 0.043125 -0.274502 0.960619
vn -0.038900 -0.210509 0.976818
vn 0.343876 -0.021155 0.938777
vn -0.260439 -0.013998 0.965389
vn -0.091156 0.469035 0.878463
vn 0.188708 -0.344706 0.919547
vn 0.138011 -0.507380 0.850599
vn 0.061996 -0.022689 0.997819
vn -0.407681 0.353253 0.842026
vn -0.536821 0.235306 0.810219
vn -0.001184 -0.243125 0.969994
vn 0.402513 -0.253342 0.879660
vn 0.201029 0.077626 0.976505
vn -0.314512 0.278371 0.907520
vn 0.290144 0.035344 0.956330
vn 0.087594 -0.404131 0.910497
vn 0.069418 0.115245 0.990909
vn -0.233709 0.251963 0.939092
vn -0.098896 0.051189 0.993780
vn -0.330349 -0.239730 0.912907
vn -0.092030 -0.169584 0.981209
vn -0.126844 0.134317 0.982787
vn -0.154137 0.189161 0.969773
vn 0.094601 0.157280 0.983013
vn -0.240546 0.051388 0.969277
vn 0.102808 0.389230 0.915385
vn -0.001008 0.079281 0.996852
vn 0.283291 -0.375410 0.882504
vn -0.036462 0.141971 0.989199
vn 0.014015 -0.033851 0.999329
vn -0.073850 0.048634 0.996083
vn -0.033370 -0.021036 0.999222
vn -0.097534 -0.010338 0.995178
vn -0.057716 0.290235 0.955213
vn -0.158840 0.043108 0.986363
vn -0.241828 -0.233981 0.941686
vn -0.001387 -0.371694 0.928354
vn 0.349105 0.234730 0.907209
vn 0.226564 0.161999 0.960430
vn -0.278652 0.059947 0.958519
vn -0.133638 -0.397578 0.907784
vn -0.129075 0.013993 0.991536
vn 0.001816 0.131065 0.991372
vn -0.186662 0.187057 0.964452
vn 0.336493 0.105332 0.935776
vn -0.050195 -0.367105 0.928824
vn -0.193592 -0.061416 0.979158
vn 0.259533 0.245116 0.934109
vn -0.253809 -0.040024 0.966426
vn -0.390167 -0.008752 0.920703
vn 0.289666 0.312410 0.904707
vn -0.040763 0.113968 0.992648
vn -0.029102 0.011544 0.999510
vn 0.121404 0.332627 0.935212
vn -0.056839 0.261934 0.963410
vn -0.116932 -0.232525 0.965536
vn -0.092338 0.109196 0.989722
vn 0.106046 0.054268 0.992879
vn -0.244211 0.035219 0.969082
vn 0.058102 -0.017082 0.998164
vn -0.107109 0.276714 0.954965
vn -0.257725 0.181478 0.949023
vn 0.080371 -0.027818 0.996377
vn -0.021932 -0.002851 0.999755
vn -0.025978 0.033046 0.999116
vn 0.014389 -0.000654 0.999896
vn -0.201995 -0.201577 0.958418
vn 0.243991 0.006353 0.969757
vn 0.259109 -0.256108 0.931274
vn -0.244175 -0.006784 0.969708
vn -0.026215 0.033721 0.999087
vn -0.063379 -0.228118 0.971568
vn 0.181067 -0.228650 0.956522
vn 0.404884 -0.042977 0.913358
vn -0.328375 0.448320 0.831372
vn 0.080461 -0.080205 0.993526
vn 0.315475 0.014252 0.948827
vn -0.128460 -0.101959 0.986460
vn 0.019146 0.088741 0.995871
vn -0.071209 0.270002 0.960223
vn -0.041664 0.363762 0.930560
vn -0.109706 0.088345 0.990030
vn 0.364299 -0.356014 0.860546
vn 0.061615 -0.037838 0.997383
vn -0.146175 0.107220 0.983431
vn 0.246377 -0.015007 0.969058
vn 0.101349 0.332911 0.937496
vn -0.412691 -0.030123 0.910373
vn -0.248705 0.018505 0.968402
vn -0.210024 0.038775 0.976927
vn 0.305428 -0.182173 0.934626
vn 0.373689 -0.298235 0.878301
vn 0.303243 -0.060636 0.950982
vn -0.278257 0.303980 0.911136
vn 0.211013 0.114547 0.970748
vn 0.283672 -0.147050 0.947579
vn -0.058604 0.285554 0.956569
vn -0.193452 -0.089829 0.976989
vn 0.232313 0.132578 0.963563
vn 0.147964 0.381404 0.912490
vn 0.227751 0.194182 0.954161
vn 0.024209 -0.416686 0.908728
vn 0.072164 -0.236410 0.968970
vn 0.184468 -0.114725 0.976120
vn 0.190448 0.311033 0.931122
vn 0.050763 0.759669 0.648325
vn -0.155824 0.292080 0.943614
vn 0.342165 -0.320105 0.883434
vn 0.150689 -0.284536 0.946748
vn -0.216769 0.389826 0.895012
vn 0.394915 0.083544 0.914911
vn -0.139249 -0.167293 0.976024
vn 0.130094 -0.229412 0.964596
vn 0.086318 0.275590 0.957392
vn 0.336976 0.200190 0.919984
vn -0.015775 -0.141771 0.989774
vn 0.201738 -0.304014 0.931063
vn -0.265634 -0.245354 0.932330
vn -0.122359 0.171085 0.977629
vn 0.213356 0.254814 0.943159
vn -0.132591 -0.075800 0.988268
vn -0.030015 0.043041 0.998622
vn -0.088979 0.380322 0.920564
vn -0.109922 0.196511 0.974321
vn -0.432157 -0.077253 0.898483
vn -0.339206 -0.098359 0.935556
vn 0.367761 -0.023541 0.929622
vn 0.154847 0.346953 0.925011
vn -0.043145 0.124070 0.991335
vn -0.071139 -0.051158 0.996154
vn -0.257795 0.229912 0.938447
vn -0.270200 -0.095853 0.958021
vn -0.126180 -0.292904 0.947779
vn 0.117785 0.266138 0.956712
vn 0.416399 0.029019 0.908719
vn -0.308626 -0.036332 0.950489
vn -0.003583 -0.145902 0.989293
vn 0.100865 -0.018049 0.994736
vn -0.186702 0.012715 0.982334
vn -0.058547 -0.179276 0.982055
vn 0.157495 -0.101402 0.982300
vn 0.309395 -0.126736 0.942450
vn -0.138421 0.193736 0.971239
vn 0.156436 0.167016 0.973465
vn -0.212436 0.020515 0.976960
vn -0.101733 0.059672 0.993020
vn -0.049038 0.236536 0.970384
vn -0.000548 0.352148 0.935944
vn -0.006581 0.045887 0.998925
vn -0.048906 -0.008809 0.998765
vn 0.355076 0.106739 0.928724
vn -0.218458 0.169515 0.961010
vn -0.288153 -0.014829 0.957469
vn 0.102543 0.167928 0.980451
vn 0.350087 -0.230557 0.907900
vn 0.089973 -0.223457 0.970552
vn -0.114925 0.078403 0.990275
vn -0.113571 -0.080449 0.990267
vn -0.102834 0.082620 0.991261
vn 0.077681 -0.364278 0.928045
vn 0.056983 -0.109855 0.992313
vn -0.146250 0.333977 0.931166
vn -0.084428 0.351757 0.932276
vn 0.242754 0.157763 0.957174
vn -0.001863 -0.441676 0.897173
vn -0.076175 -0.138830 0.987382
vn -0.024300 -0.088153 0.995810
vn -0.227657 0.219970 0.948570
vn -0.019133 0.203977 0.978789
vn 0.205270 -0.242146 0.948277
vn 0.087425 0.177407 0.980247
vn 0.165149 0.230202 0.959027
vn -0.025335 -0.346759 0.937612
vn -0.056346 -0.057363 0.996762
vn -0.121897 -0.084258 0.988960
vn 0.321489 0.080402 0.943494
vn -0.116379 0.154913 0.981049
vn -0.110249 0.136134 0.984537
vn 0.035953 -0.208997 0.977255
vn 0.172764 -0.275281 0.945713
vn -0.156999 0.023145 0.987328
vn 0.217727 0.262336 0.940093
vn 0.046080 0.168003 0.984709
vn 0.106856 -0.146413 0.983435
vn -0.000035 -0.041460 0.999140
vn -0.022389 0.262535 0.964663
vn 0.071191 0.386401 0.919579
vn 0.139756 -0.712967 0.687129
vn 0.240961 -0.340180 0.908964
vn -0.209544 0.457253 0.864298
vn -0.232631 -0.130895 0.963716
vn 0.116752 -0.270273 0.955679
vn 0.315346 0.230549 0.920545
vn 0.025333 -0.177773 0.983745
vn 0.101007 -0.182257 0.978049
vn 0.201008 0.149633 0.968094
vn 0.083464 -0.103087 0.991164
vn -0.027534 -0.059988 0.997819
vn -0.030513 0.342941 0.938861
vn 0.047470 0.084606 0.995283
vn 0.252235 -0.040981 0.966798
vn 0.134600 -0.019387 0.990710
vn -0.069605 -0.064858 0.995464
vn 0.239594 0.002821 0.970869
vn 0.254122 -0.101508 0.961831
vn 0.007009 -0.010769 0.999917
vn -0.296476 -0.301564 0.906179
vn -0.207900 -0.232646 0.950081
vn 0.344646 0.118536 0.931219
vn 0.176732 0.014811 0.984147
vn 0.163478 -0.069307 0.984110
vn -0.078653 -0.263005 0.961583
vn -0.168246 -0.231910 0.958077
vn 0.084691 0.161254 0.983272
vn -0.127156 0.227401 0.965464
vn 0.114916 0.096758 0.988652
vn 0.221738 -0.231361 0.947261
vn -0.404274 0.080674 0.911073
vn 0.228886 -0.020218 0.973243
vn -0.023009 -0.018845 0.999558
vn -0.367945 -0.250521 0.895464
vn -0.040947 0.178173 0.983147
vn 0.386157 -0.057812 0.920620
vn 0.239655 -0.165663 0.956620
vn -0.123707 -0.246009 0.961341
vn -0.124235 -0.055785 0.990683
vn 0.217328 0.199790 0.955433
vn 0.372600 -0.095384 0.923077
vn -0.376215 0.242689 0.894183
vn -0.262513 -0.121732 0.957219
vn 0.413126 0.122627 0.902380
vn -0.087511 -0.284573 0.954652
vn -0.312472 0.131921 0.940722
vn 0.128039 0.231206 0.964443
vn 0.179715 -0.001951 0.983717
vn -0.006033 0.230865 0.972967
vn -0.339958 -0.073273 0.937582
vn 0.170807 -0.033177 0.984746
vn 0.205689 -0.163649 0.964837
vn -0.323740 -0.036614 0.945437
vn -0.131130 0.047189 0.990241
vn 0.260635 -0.353002 0.898587
vn 0.111427 -0.129378 0.985315
vn 0.035387 0.105446 0.993795
vn -0.208924 0.134944 0.968577
vn -0.368704 0.243949 0.896965
vn 0.031269 -0.258421 0.965526
vn 0.221577 -0.237617 0.945749
vn -0.108710 -0.209018 0.971851
vn 0.108066 0.342957 0.933114
vn -0.226998 -0.074884 0.971012
vn 0.071880 -0.176639 0.981648
vn -0.155920 0.113832 0.981189
vn -0.010391 -0.027535 0.999567
vn -0.098307 -0.349333 0.931827
vn 0.191967 -0.052109 0.980017
vn -0.227649 -0.219714 0.948631
vn -0.145666 0.222843 0.963910
vn -0.027868 0.246808 0.968664
vn 0.241350 -0.140276 0.960246
vn -0.285105 0.125230 0.950280
vn 0.017125 0.107215 0.994088
vn -0.305871 -0.194067 0.932084
vn -0.158243 -0.194244 0.968106
vn 0.036178 -0.126383 0.991322
vn -0.255800 -0.010532 0.966672
vn -0.164270 0.180477 0.969765
vn 0.145165 0.633505 0.759999
vn 0.320107 0.083960 0.943654
vn -0.308909 0.256528 0.915843
vn -0.106466 0.329093 0.938277
vn 0.120666 -0.180254 0.976191
vn -0.321346 -0.362733 0.874735
vn 0.173897 -0.095499 0.980122
vn 0.054172 -0.030765 0.998058
vn -0.041904 0.189940 0.980901
vn 0.023232 0.322656 0.946231
vn 0.091908 0.024380 0.995469
vn -0.165335 0.231296 0.958732
vn -0.094009 -0.303613 0.948146
vn -0.247615 -0.311023 0.917579
vn 0.279630 0.028120 0.959696
vn 0.368059 -0.007546 0.929772
vn 0.136241 -0.171392 0.975737
vn 0.023254 -0.139893 0.989893
vn 0.197225 0.212409 0.957071
vn 0.173447 -0.147448 0.973743
vn 0.007237 -0.384213 0.923216
vn -0.070726 0.115273 0.990813
vn 0.170212 0.157689 0.972709
vn 0.173532 -0.138326 0.975065
vn -0.188038 -0.016613 0.982021
vn -0.002528 -0.006547 0.999975
vn 0.031994 0.054719 0.997989
vn 0.121638 0.169863 0.977932
vn 0.211442 -0.081715 0.973969
vn -0.272731 -0.137770 0.952175
vn 0.018401 -0.093229 0.995475
vn 0.143275 0.180934 0.973003
vn -0.213848 -0.075470 0.973947
vn -0.138039 -0.276932 0.950923
vn 0.107313 0.121255 0.986803
vn 0.123328 0.065421 0.990207
vn -0.200774 -0.019843 0.979437
vn -0.181187 -0.176007 0.967571
vn 0.316424 0.172660 0.932772
vn 0.292348 0.204893 0.934105
vn -0.155938 -0.023623 0.987484
vn 0.019179 -0.171157 0.985057
vn -0.072349 -0.141281 0.987322
vn -0.056979 0.331393 0.941771
vn -0.232767 -0.025177 0.972207
vn 0.157670 -0.169821 0.972780
vn 0.373486 -0.209961 0.903562
vn -0.294409 -0.032229 0.955136
vn -0.048907 -0.176731 0.983043
vn 0.041033 -0.218123 0.975058
vn -0.103564 -0.068511 0.992260
vn 0.030522 -0.018794 0.999357
vn -0.331664 0.029370 0.942940
vn -0.029085 0.092707 0.995269
vn 0.216217 -0.106190 0.970553
vn 0.198174 0.196456 0.960277
vn 0.031683 -0.038021 0.998775
vn -0.168273 0.166506 0.971576
vn -0.144813 -0.005852 0.989442
vn 0.120450 -0.025086 0.992402
vn 0.285064 0.179871 0.941480
vn -0.076815 -0.044591 0.996048
vn 0.171266 0.020824 0.985005
vn -0.227807 0.008945 0.973665
vn -0.097800 0.102543 0.989909
vn 0.114533 -0.051944 0.992060
vn -0.035227 0.056127 0.997802
vn 0.257881 0.129773 0.957422
vn 0.187735 -0.148373 0.970949
vn -0.100084 -0.018299 0.994811
vn -0.387433 0.005618 0.921881
vn -0.096152 -0.320988 0.942190
vn -0.002817 -0.148487 0.988910
vn -0.061753 0.166696 0.984073
vn -0.284557 -0.194735 0.938672
vn 0.309390 0.248912 0.917780
vn 0.037546 0.450678 0.891897
vn 0.105046 -0.284457 0.952916
vn -0.154207 -0.077567 0.984989
vn -0.186989 0.161470 0.969001
vn -0.221522 -0.285628 0.932386
vn -0.024872 -0.420744 0.906839
vn -0.159813 0.526392 0.835088
vn -0.114998 0.214465 0.969938
vn 0.166777 -0.110249 0.979811
vn 0.341257 -0.011236 0.939903
vn -0.145497 -0.259502 0.954720
vn -0.388088 -0.038988 0.920797
vn -0.218275 0.221005 0.950533
vn -0.235198 0.090643 0.967712
vn 0.045619 -0.018719 0.998784
vn -0.023116 0.146774 0.988900
vn -0.002391 -0.022021 0.999755
vn 0.101512 0.063988 0.992774
vn -0.082720 -0.107670 0.990739
vn -0.141240 -0.351650 0.925415
vn 0.166548 -0.010309 0.985979
vn 0.279933 0.030698 0.959529
vn 0.061546 0.358355 0.931554
vn -0.117802 -0.004196 0.993028
vn 0.055187 -0.411138 0.909901
vn -0.128865 0.110191 0.985521
vn -0.074125 0.116889 0.990375
vn -0.173530 0.071762 0.982211
vn 0.324427 -0.011430 0.945842
vn 0.290660 0.135541 0.947178
vn -0.228229 -0.167223 0.959139
vn -0.144016 -0.062205 0.987618
vn -0.178671 0.120999 0.976440
vn 0.060765 -0.290928 0.954813
vn 0.317927 -0.142066 0.937411
vn 0.242478 0.008933 0.970116
vn -0.179950 -0.156372 0.971167
vn -0.126170 -0.222384 0.966761
vn -0.020049 0.285621 0.958133
vn -0.148857 0.076108 0.985926
vn -0.036040 -0.172933 0.984274
vn 0.173919 -0.113252 0.978226
vn 0.323406 0.025138 0.945926
vn 0.241659 0.014995 0.970245
vn -0.276867 -0.142427 0.950294
vn -0.192291 -0.162738 0.967750
vn 0.216093 0.011607 0.976304
vn 0.198168 0.046714 0.979054
vn -0.114784 0.210691 0.970790
vn -0.138445 0.180798 0.973727
vn -0.105649 0.237344 0.965664
vn -0.275253 -0.038240 0.960611
vn -0.051729 -0.304259 0.951184
vn 0.028386 -0.090956 0.995450
vn 0.006991 -0.060970 0.998115
vn -0.014979 0.141728 0.989792
vn 0.096332 -0.121192 0.987944
vn 0.342318 0.008864 0.939543
vn 0.054383 0.336221 0.940212
vn -0.002326 -0.234927 0.972010
vn 0.300319 -0.190954 0.934529
vn -0.171857 -0.030564 0.984648
vn -0.061880 0.122436 0.990545
vn -0.108386 0.188550 0.976064
vn 0.026676 -0.057371 0.997996
vn 0.049908 0.023416 0.998479
vn 0.145735 0.033658 0.988751
vn 0.134396 0.155087 0.978716
vn -0.237632 0.246006 0.939687
vn 0.291796 -0.002474 0.956477
vn 0.157089 -0.115292 0.980832
vn 0.075739 -0.072672 0.994476
vn -0.065889 -0.180249 0.981412
vn 0.020230 0.237926 0.971073
vn -0.165555 0.346279 0.923408
vn 0.136518 0.111101 0.984388
vn -0.060424 -0.156220 0.985872
vn 0.033580 -0.010146 0.999385
vn -0.236239 0.063387 0.969625
vn 0.288508 -0.177500 0.940881
vn -0.259641 -0.466436 0.845591
vn -0.016927 0.241484 0.970257
vn 0.341147 0.229612 0.911536
vn -0.043884 0.150199 0.987681
vn 0.217648 0.119752 0.968653
vn 0.149320 0.007991 0.988757
vn -0.129888 0.237269 0.962722
vn -0.370813 -0.041680 0.927772
vn 0.185695 -0.162464 0.969083
vn 0.240013 -0.229312 0.943297
vn 0.406793 0.096747 0.908383
vn 0.092717 0.369460 0.924609
vn -0.604995 0.221238 0.764876
vn -0.407054 -0.066175 0.911004
vn -0.244930 -0.127597 0.961108
vn 0.017341 0.099343 0.994902
vn -0.315618 0.212232 0.924848
vn 0.031541 -0.022240 0.999255
vn -0.443187 -0.061275 0.894332
vn 0.360890 -0.510967 0.780174
vn 0.005274 -0.045311 0.998959
vn 0.052635 -0.038453 0.997873
vn 0.290445 0.135256 0.947284
vn 0.038677 0.271813 0.961573
vn 0.074898 -0.389983 0.917771
vn 0.240205 -0.091643 0.966387
vn -0.096273 0.393989 0.914059
vn -0.123887 0.166606 0.978210
vn -0.358507 0.137561 0.923336
vn -0.182222 -0.138438 0.973463
vn 0.349255 -0.292244 0.890289
vn 0.287446 -0.220254 0.932128
vn 0.099439 0.315309 0.943765
vn -0.329422 0.230022 0.915735
vn -0.349414 -0.134241 0.927302
vn 0.009014 -0.178803 0.983844
vn 0.348767 -0.313500 0.883221
vn 0.167424 -0.127616 0.977591
vn 0.132582 0.172654 0.976019
vn -0.053361 0.461200 0.885690
vn -0.373006 0.069888 0.925193
vn -0.169488 0.018674 0.985355
vn -0.042733 0.010012 0.999036
vn -0.003818 -0.274088 0.961697
vn 0.242492 -0.522796 0.817240
vn 0.156526 -0.286960 0.945068
vn 0.001330 0.117982 0.993015
vn 0.245317 0.053285 0.967977
vn 0.154184 0.183265 0.970897
vn 0.040257 -0.022394 0.998938
vn -0.117051 0.463400 0.878385
vn -0.126573 -0.069492 0.989520
vn -0.065572 0.500492 0.863254
vn -0.225819 0.100165 0.969006
vn 0.285003 -0.024403 0.958216
vn 0.399538 0.315169 0.860835
vn 0.108868 0.515192 0.850132
vn 0.210443 0.347315 0.913830
vn 0.309530 0.341844 0.887318
vn -0.313972 0.311813 0.896769
vn -0.214438 -0.070308 0.974204
vn -0.038031 -0.349768 0.936064
vn -0.177296 -0.453129 0.873636
vn 0.063867 0.080498 0.994707
vn -0.331998 -0.119492 0.935681
vn 0.113440 0.033944 0.992965
vn -0.017879 -0.366748 0.930149
vn 0.420801 0.233955 0.876465
vn -0.167822 -0.060470 0.983961
vn 0.237424 0.338136 0.910656
vn 0.175731 0.187713 0.966376
vn -0.052966 0.125848 0.990635
vn -0.390298 0.063932 0.918466
vn -0.416104 -0.397635 0.817767
vn -0.030507 -0.419486 0.907249
vn 0.320107 0.150758 0.935309
vn 0.278022 0.418870 0.864437
vn -0.059224 -0.124847 0.990407
vn 0.393357 0.120822 0.911412
vn -0.067815 -0.095822 0.993086
vn 0.581103 0.266384 0.768999
vn -0.646880 0.152880 0.747111
vn -0.471249 -0.454092 0.756125
vn 0.461158 -0.124732 0.878507
vn -0.003560 0.135999 0.990703
vn 0.461536 0.011406 0.887048
vn 0.234629 0.135468 0.962599
vn 0.267404 0.194930 0.943662
vn 0.376447 -0.240491 -0.894680
vn 0.374608 -0.624339 -0.685471
vn -0.149407 -0.574310 -0.804889
vn -0.373640 0.535505 -0.757382
vn 0.351246 0.249188 -0.902514
vn -0.177111 -0.566927 -0.804503
vn -0.346698 0.208985 -0.914399
vn 0.072403 0.705712 -0.704789
vn 0.303704 -0.582828 -0.753708
vn -0.663271 -0.015128 -0.748227
vn 0.397751 0.544561 -0.738408
vn 0.163321 -0.420753 -0.892353
vn -0.254883 -0.524695 -0.812238
vn -0.040195 -0.183551 -0.982188
vn 0.186391 0.094404 -0.977930
vn 0.076847 0.680327 -0.728869
vn -0.041933 -0.053651 -0.997679
vn -0.445433 0.127304 -0.886219
vn 0.162756 0.358012 -0.919423
vn 0.208557 -0.154984 -0.965652
vn 0.091328 -0.346931 -0.933433
vn -0.313903 -0.363035 -0.877308
vn 0.041158 0.024542 -0.998851
vn 0.490078 0.276270 -0.826740
vn 0.262715 0.006062 -0.964855
vn -0.032229 -0.423174 -0.905475
vn -0.533596 0.035537 -0.844992
vn -0.209214 0.238080 -0.948445
vn 0.069627 0.361254 -0.929864
vn 0.476229 0.093473 -0.874339
vn -0.044509 -0.153697 -0.987115
vn -0.532838 -0.384342 -0.753900
vn 0.391514 0.446431 -0.804622
vn 0.067744 -0.344760 -0.936243
vn -0.199212 0.469411 -0.860214
vn 0.638674 0.134552 -0.757622
vn -0.327182 -0.575679 -0.749364
vn -0.474151 0.285859 -0.832746
vn 0.492013 0.256415 -0.831970
vn -0.068896 -0.488343 -0.869928
vn -0.639008 -0.040386 -0.768139
vn 0.070387 0.450722 -0.889885
vn 0.691336 -0.047214 -0.720989
vn -0.158712 -0.372392 -0.914404
vn -0.701023 0.060817 -0.710540
vn -0.234806 0.491799 -0.838451
vn 0.670513 -0.188516 -0.717547
vn 0.596594 -0.439842 -0.671278
vn -0.506948 -0.351058 -0.787250
vn -0.237264 0.130481 -0.962642
vn -0.512909 -0.288896 -0.808371
vn -0.016737 0.491504 -0.870714
vn 0.204635 0.224635 -0.952714
vn 0.405702 0.385971 -0.828512
vn 0.369248 -0.320049 -0.872482
vn 0.112547 0.119624 -0.986419
vn -0.613160 -0.022391 -0.789641
vn 0.020661 0.647405 -0.761866
vn 0.454614 -0.152484 -0.877539
vn -0.270033 -0.061686 -0.960873
vn 0.511537 0.207550 -0.833819
vn -0.012403 0.087366 -0.996099
vn -0.178702 0.710607 -0.680517
vn 0.317621 0.132841 -0.938867
vn 0.419587 -0.610882 -0.671395
vn 0.094500 -0.210958 -0.972916
vn -0.130968 -0.013943 -0.991289
vn 0.156396 -0.310226 -0.937710
vn -0.211898 0.367489 -0.905567
vn -0.506350 0.385838 -0.771193
vn 0.460368 -0.246828 -0.852724
vn -0.155898 -0.575381 -0.802890
vn -0.267161 0.676424 -0.686349
vn -0.029394 0.173153 -0.984456
vn 0.336369 -0.063407 -0.939593
vn 0.598991 -0.085392 -0.796189
vn -0.352845 -0.308604 -0.883325
vn 0.068279 0.469402 -0.880340
vn -0.070450 -0.069271 -0.995107
vn 0.402376 -0.009118 -0.915429
vn 0.281785 0.513919 -0.810237
vn 0.288636 -0.515765 -0.806645
vn 0.260168 -0.129916 -0.956783
vn 0.016953 0.609200 -0.792835
vn -0.071081 0.010645 -0.997414
vn 0.193182 -0.320061 -0.927492
vn 0.116193 0.249043 -0.961497
vn 0.010117 0.234713 -0.972012
vn 0.046442 -0.387463 -0.920715
vn 0.125336 0.215347 -0.968461
vn 0.083459 0.185294 -0.979133
vn -0.127648 -0.542787 -0.830113
vn 0.190046 -0.161066 -0.968473
vn -0.108662 -0.236102 -0.965634
vn -0.123518 -0.246584 -0.961218
vn 0.167524 0.598933 -0.783080
vn 0.437479 0.507048 -0.742641
vn -0.017032 0.016571 -0.999718
vn 0.028325 -0.068474 -0.997251
vn -0.176238 -0.477307 -0.860883
vn -0.140681 -0.489785 -0.860418
vn 0.248858 -0.140876 -0.958240
vn -0.031714 -0.100181 -0.994464
vn -0.029165 0.017240 -0.999426
vn 0.401445 0.116328 -0.908466
vn -0.062651 -0.121708 -0.990587
vn 0.399859 0.029144 -0.916113
vn 0.315082 0.182531 -0.931346
vn -0.076141 -0.125522 -0.989165
vn -0.232131 -0.256571 -0.938236
vn -0.027787 -0.067329 -0.997344
vn -0.160190 -0.167533 -0.972765
vn -0.139136 -0.015451 -0.990153
vn 0.257855 0.364254 -0.894891
vn 0.279211 -0.200595 -0.939043
vn 0.308680 0.233575 -0.922041
vn -0.621033 -0.057284 -0.781688
vn 0.013153 -0.130003 -0.991426
vn 0.576563 -0.019134 -0.816829
vn -0.537626 -0.001428 -0.843182
vn -0.431876 0.021005 -0.901688
vn 0.486654 -0.133669 -0.863308
vn 0.134992 0.243404 -0.960485
vn -0.260761 0.135915 -0.955788
vn -0.233224 -0.331302 -0.914246
vn 0.287750 0.172575 -0.942029
vn -0.211951 0.375011 -0.902465
vn -0.180600 0.248571 -0.951628
vn 0.139485 -0.251027 -0.957878
vn 0.084141 -0.071695 -0.993871
vn -0.238560 -0.119020 -0.963807
vn 0.129361 -0.110910 -0.985375
vn 0.671369 -0.054977 -0.739081
vn 0.289954 0.042292 -0.956106
vn -0.216122 0.220899 -0.951049
vn -0.113438 -0.005613 -0.993529
vn -0.430670 0.087884 -0.898220
vn -0.004748 -0.155123 -0.987884
vn 0.293539 -0.210130 -0.932567
vn -0.437552 0.352220 -0.827339
vn 0.144779 -0.328392 -0.933380
vn 0.457249 -0.252141 -0.852847
vn -0.274737 0.043830 -0.960520
vn -0.139880 0.456053 -0.878891
vn -0.297547 0.367785 -0.881022
vn 0.404582 -0.261071 -0.876445
vn -0.237466 -0.270530 -0.932965
vn -0.094497 -0.031687 -0.995021
vn 0.135392 -0.395200 -0.908562
vn -0.300754 0.587908 -0.750940
vn 0.062565 0.191233 -0.979549
vn 0.128294 -0.326604 -0.936414
vn -0.229050 -0.071509 -0.970785
vn -0.127563 0.350360 -0.927888
vn 0.430548 -0.181967 -0.884034
vn 0.288977 -0.649892 -0.702946
vn 0.133672 0.611527 -0.779850
vn -0.101985 0.403790 -0.909149
vn -0.133725 -0.005713 -0.991002
vn -0.036168 -0.395351 -0.917818
vn -0.118082 -0.480340 -0.869097
vn 0.191244 0.611303 -0.767942
vn 0.160278 0.141961 -0.976810
vn -0.190961 0.162457 -0.968061
vn -0.074066 0.189223 -0.979137
vn 0.077866 -0.148953 -0.985774
vn -0.113072 -0.022289 -0.993337
vn 0.088901 0.066485 -0.993819
vn 0.166186 -0.143145 -0.975649
vn 0.313112 0.430920 -0.846326
vn -0.294251 -0.074497 -0.952820
vn -0.125437 -0.340304 -0.931912
vn 0.087767 0.182408 -0.979298
vn -0.021606 -0.067565 -0.997481
vn -0.136121 -0.001871 -0.990690
vn 0.041778 0.362467 -0.931060
vn -0.307393 0.112146 -0.944951
vn 0.170179 0.179978 -0.968838
vn 0.021466 0.041777 -0.998896
vn -0.279998 -0.489671 -0.825726
vn 0.041655 -0.183337 -0.982167
vn -0.273475 0.039101 -0.961084
vn 0.215205 0.217671 -0.952001
vn 0.139444 0.233004 -0.962426
vn -0.197409 -0.117000 -0.973314
vn 0.257477 0.195841 -0.946230
vn 0.016535 0.125336 -0.991977
vn -0.203068 0.093276 -0.974712
vn 0.026157 -0.236161 -0.971362
vn -0.256204 -0.185097 -0.948735
vn 0.331554 -0.130130 -0.934419
vn 0.403285 0.231889 -0.885206
vn 0.214464 -0.260458 -0.941364
vn 0.058868 0.362996 -0.929929
vn -0.105435 -0.284679 -0.952807
vn -0.319942 0.028763 -0.947001
vn 0.595403 0.085582 -0.798856
vn 0.085813 -0.255039 -0.963115
vn -0.643432 -0.154038 -0.749845
vn 0.008677 -0.300859 -0.953629
vn 0.642497 -0.165733 -0.748152
vn -0.475414 0.000656 -0.879762
vn -0.193927 0.067656 -0.978680
vn 0.555928 0.037067 -0.830404
vn -0.558263 -0.104634 -0.823040
vn 0.160885 0.199642 -0.966571
vn 0.662533 -0.009333 -0.748974
vn -0.314811 0.159383 -0.935677
vn -0.411673 0.172238 -0.894907
vn 0.230706 -0.182756 -0.955707
vn -0.272857 0.257430 -0.926973
vn -0.229202 0.091221 -0.969095
vn 0.567592 -0.244086 -0.786296
vn 0.270220 -0.120705 -0.955202
vn -0.328468 0.220298 -0.918465
vn -0.355257 0.086676 -0.930741
vn -0.200759 -0.015034 -0.979525
vn -0.149336 -0.002249 -0.988784
vn 0.070314 0.176137 -0.981851
vn -0.282144 -0.098588 -0.954293
vn 0.051362 0.009291 -0.998637
vn 0.121891 -0.278659 -0.952624
vn 0.074691 -0.140157 -0.987308
vn -0.148408 -0.194221 -0.969667
vn -0.306801 0.232193 -0.923016
vn 0.040671 -0.020614 -0.998960
vn 0.261366 0.087405 -0.961274
vn -0.229553 0.360224 -0.904181
vn 0.276259 -0.437990 -0.855480
vn -0.011551 -0.517422 -0.855652
vn -0.005841 -0.130121 -0.991481
vn 0.034117 0.569813 -0.821066
vn 0.024817 0.467831 -0.883469
vn 0.309484 -0.341905 -0.887311
vn 0.145744 -0.501277 -0.852924
vn 0.183677 -0.243891 -0.952250
vn -0.181168 0.040779 -0.982606
vn -0.311157 0.219692 -0.924617
vn 0.020586 0.627260 -0.778538
vn -0.210796 0.419547 -0.882918
vn 0.119476 0.008030 -0.992805
vn -0.256444 -0.584860 -0.769529
vn -0.015631 -0.794990 -0.606421
vn -0.118562 0.699506 -0.704723
vn 0.022309 0.387582 -0.921565
vn -0.164957 0.036545 -0.985623
vn -0.063808 0.047453 -0.996833
vn -0.023854 -0.207916 -0.977856
vn -0.106757 -0.361395 -0.926281
vn -0.136449 -0.065796 -0.988460
vn 0.082865 0.536484 -0.839832
vn 0.272420 0.487513 -0.829529
vn -0.371169 -0.250905 -0.894025
vn -0.064181 -0.506755 -0.859698
vn -0.116722 0.281545 -0.952422
vn -0.002664 0.117950 -0.993016
vn 0.071316 0.195149 -0.978177
vn 0.248701 0.117702 -0.961402
vn -0.056507 0.113887 -0.991885
vn 0.034257 -0.167296 -0.985311
vn -0.350779 -0.149904 -0.924382
vn 0.185452 0.138670 -0.972820
vn -0.351239 0.171180 -0.920504
vn -0.341685 -0.000909 -0.939814
vn -0.001972 0.005913 -0.999981
vn -0.079249 -0.186865 -0.979184
vn 0.146504 0.468311 -0.871333
vn 0.379987 -0.031953 -0.924440
vn -0.219456 -0.232907 -0.947414
vn -0.007094 -0.273628 -0.961809
vn -0.347749 0.167893 -0.922433
vn -0.163317 0.077303 -0.983540
vn -0.150907 -0.058990 -0.986786
vn 0.460063 -0.119871 -0.879757
vn 0.004074 0.205987 -0.978546
vn -0.043328 -0.260919 -0.964388
vn 0.443787 0.225838 -0.867208
vn -0.435320 -0.101723 -0.894510
vn -0.474063 -0.354077 -0.806160
vn -0.096885 0.084390 -0.991711
vn 0.101754 0.224865 -0.969062
vn 0.159931 0.005099 -0.987115
vn 0.321293 -0.182719 -0.929185
vn 0.484118 0.229445 -0.844384
vn -0.371786 0.080268 -0.924842
vn 0.063642 -0.194360 -0.978863
vn 0.423191 0.077448 -0.902724
vn -0.033316 -0.045816 -0.998394
vn -0.336932 0.026275 -0.941162
vn -0.526511 0.164777 -0.834047
vn 0.310163 -0.173961 -0.934632
vn 0.257125 -0.248859 -0.933786
vn -0.355269 0.371028 -0.857976
vn 0.047850 -0.220470 -0.974219
vn 0.531294 -0.378005 -0.758181
vn -0.119992 -0.202538 -0.971895
vn -0.369787 0.397486 -0.839799
vn -0.005056 0.066068 -0.997802
vn 0.340010 0.078212 -0.937164
vn -0.128250 0.297228 -0.946154
vn 0.145507 0.151555 -0.977680
vn -0.064227 0.339816 -0.938296
vn 0.125798 -0.032041 -0.991538
vn 0.287673 -0.042651 -0.956779
vn -0.170029 0.208133 -0.963209
vn 0.114017 -0.078914 -0.990340
vn 0.318225 -0.108197 -0.941821
vn 0.246031 -0.290702 -0.924641
vn -0.025075 0.475108 -0.879570
vn -0.116577 0.571286 -0.812430
vn -0.114313 -0.311516 -0.943340
vn 0.297038 -0.406853 -0.863851
vn -0.088378 -0.496906 -0.863293
vn 0.267339 0.072988 -0.960834
vn -0.244729 0.400970 -0.882797
vn 0.044013 0.473908 -0.879474
vn -0.123114 0.000395 -0.992392
vn -0.182509 -0.051756 -0.981841
vn -0.068405 -0.062466 -0.995700
vn -0.045168 0.163111 -0.985573
vn 0.303076 0.106105 -0.947041
vn 0.243528 0.036495 -0.969207
vn 0.087751 -0.150216 -0.984751
vn -0.005955 -0.589335 -0.807867
vn -0.173756 -0.469204 -0.865827
vn 0.007503 0.137343 -0.990495
vn 0.165419 0.277041 -0.946512
vn -0.158499 -0.400591 -0.902444
vn 0.166866 -0.121102 -0.978514
vn -0.168524 0.331520 -0.928275
vn -0.108092 0.017599 -0.993985
vn -0.267485 0.100769 -0.958278
vn 0.376349 0.132606 -0.916939
vn -0.106976 -0.339315 -0.934570
vn 0.126720 0.018293 -0.991770
vn 0.121879 0.304515 -0.944678
vn -0.004260 -0.440044 -0.897966
vn -0.123874 -0.043549 -0.991342
vn -0.024273 0.118703 -0.992633
vn 0.206075 0.173860 -0.962967
vn 0.395996 -0.055855 -0.916552
vn -0.188091 -0.353441 -0.916352
vn 0.128390 0.269040 -0.954533
vn 0.407660 0.173841 -0.896434
vn -0.342757 -0.281256 -0.896333
vn -0.406361 -0.140917 -0.902781
vn 0.230789 0.298894 -0.925958
vn 0.026726 -0.110318 -0.993537
vn -0.309139 -0.504064 -0.806444
vn 0.047029 -0.147050 -0.988010
vn 0.515900 0.266627 -0.814099
vn 0.264906 0.356673 -0.895885
vn -0.450254 0.055943 -0.891146
vn -0.309199 -0.308437 -0.899590
vn 0.229710 0.449110 -0.863443
vn 0.282882 0.121318 -0.951451
vn -0.374009 0.183093 -0.909172
vn 0.258154 -0.216630 -0.941503
vn -0.163265 -0.078064 -0.983489
vn 0.211197 0.012013 -0.977370
vn 0.194707 0.360701 -0.912132
vn -0.234420 0.105684 -0.966374
vn -0.103583 -0.014793 -0.994511
vn 0.062811 0.241388 -0.968394
vn 0.345552 0.027847 -0.937986
vn -0.307194 -0.150991 -0.939592
vn -0.390496 0.098827 -0.915285
vn 0.331387 -0.240537 -0.912318
vn 0.378903 0.059404 -0.923528
vn -0.135939 -0.040452 -0.989891
vn -0.411760 0.211584 -0.886389
vn -0.184531 -0.056004 -0.981230
vn 0.267545 -0.259237 -0.928017
vn -0.198200 0.181220 -0.963263
vn -0.020927 0.293899 -0.955607
vn 0.071324 -0.228103 -0.971021
vn 0.160768 -0.336417 -0.927888
vn 0.055518 -0.363104 -0.930093
vn 0.010528 0.020981 -0.999724
vn 0.095779 -0.079624 -0.992213
vn -0.225574 -0.063332 -0.972165
vn 0.036945 0.103266 -0.993967
vn -0.120956 0.245346 -0.961860
vn 0.106891 -0.107744 -0.988416
vn 0.018692 -0.043715 -0.998869
vn -0.035526 0.281643 -0.958861
vn 0.092555 0.088994 -0.991723
vn 0.058094 0.013986 -0.998213
vn 0.060641 -0.232271 -0.970759
vn 0.001522 -0.009201 -0.999957
vn -0.097203 0.477007 -0.873508
vn 0.113175 -0.108135 -0.987673
vn -0.000506 0.034076 -0.999419
vn -0.143098 0.097932 -0.984851
vn -0.245460 -0.137729 -0.959573
vn -0.123981 -0.318520 -0.939773
vn -0.020297 -0.462108 -0.886591
vn 0.016234 0.481486 -0.876303
vn 0.108334 0.020998 -0.993893
vn 0.040195 -0.071166 -0.996654
vn -0.109385 -0.128584 -0.985648
vn 0.076943 -0.087132 -0.993221
vn -0.125559 0.416774 -0.900297
vn 0.299864 -0.117219 -0.946753
vn -0.105255 -0.607211 -0.787538
vn 0.059616 0.127968 -0.989985
vn -0.236253 -0.238645 -0.941931
vn -0.013265 0.236417 -0.971561
vn -0.064066 -0.023267 -0.997674
vn 0.007145 0.038342 -0.999239
vn -0.056296 0.191394 -0.979898
vn -0.203827 0.053437 -0.977547
vn -0.076881 -0.237351 -0.968377
vn -0.082565 0.034843 -0.995976
vn 0.056774 0.050083 -0.997130
vn -0.245387 -0.322897 -0.914069
vn 0.208056 -0.099948 -0.972997
vn -0.057063 0.260557 -0.963771
vn 0.055291 0.614916 -0.786652
vn -0.204145 0.024757 -0.978628
vn -0.520576 -0.371474 -0.768770
vn -0.154094 -0.010838 -0.987997
vn 0.323525 0.328657 -0.887308
vn -0.182939 0.128276 -0.974720
vn 0.074783 -0.281097 -0.956761
vn 0.402459 0.200124 -0.893296
vn -0.093316 0.193781 -0.976597
vn -0.495615 -0.283602 -0.820936
vn -0.216665 -0.111799 -0.969823
vn 0.125487 0.138648 -0.982359
vn -0.114061 0.374130 -0.920335
vn 0.204181 0.475847 -0.855500
vn 0.315777 0.184169 -0.930788
vn -0.586273 -0.167175 -0.792677
vn 0.041936 -0.031374 -0.998628
vn 0.376282 0.506716 -0.775661
vn 0.033800 -0.206678 -0.977825
vn -0.551021 -0.087861 -0.829853
vn -0.088809 -0.221477 -0.971113
vn 0.080700 -0.157901 -0.984152
vn 0.101418 0.159714 -0.981940
vn 0.243232 -0.154960 -0.957510
vn -0.450407 -0.171071 -0.876281
vn 0.301261 0.166305 -0.938927
vn 0.331152 0.079384 -0.940232
vn -0.241085 -0.182438 -0.953202
vn -0.262703 -0.184972 -0.946981
vn 0.001169 0.166633 -0.986018
vn 0.436348 -0.038473 -0.898955
vn 0.195791 -0.263642 -0.944542
vn -0.287771 0.088181 -0.953631
vn -0.541741 0.036252 -0.839764
vn -0.119903 0.320112 -0.939761
vn 0.564288 -0.053840 -0.823820
vn 0.290203 -0.144741 -0.945956
vn -0.329300 0.170805 -0.928648
vn -0.204497 0.017292 -0.978714
vn -0.184283 0.156151 -0.970390
vn -0.176072 -0.208655 -0.962009
vn 0.280453 -0.380206 -0.881357
vn -0.161815 0.038130 -0.986084
vn -0.056513 -0.002892 -0.998398
vn 0.290131 -0.406591 -0.866319
vn -0.474263 0.046889 -0.879134
vn -0.008895 0.181580 -0.983336
vn 0.213532 -0.438225 -0.873134
vn 0.169224 0.127790 -0.977258
vn -0.256454 -0.101654 -0.961196
vn -0.061742 0.118129 -0.991077
vn 0.070202 -0.247566 -0.966324
vn 0.115120 -0.040618 -0.992521
vn -0.331417 0.310029 -0.891092
vn 0.112878 0.191457 -0.974989
vn -0.149458 -0.339155 -0.928782
vn 0.078864 0.178257 -0.980819
vn -0.248117 0.142691 -0.958163
vn 0.121206 0.303194 -0.945189
vn -0.178509 -0.346098 -0.921059
vn 0.206797 -0.399009 -0.893323
vn -0.194812 0.194867 -0.961288
vn -0.058536 0.356111 -0.932608
vn -0.202708 0.041165 -0.978374
vn -0.087664 0.004515 -0.996140
vn -0.008510 -0.388844 -0.921264
vn -0.097415 -0.082428 -0.991825
vn 0.033107 0.690603 -0.722476
vn 0.142975 0.457874 -0.877445
vn 0.151172 0.256861 -0.954552
vn -0.282763 -0.009273 -0.959145
vn 0.056503 -0.423160 -0.904291
vn -0.090605 -0.013452 -0.995796
vn 0.101957 0.525383 -0.844735
vn -0.023599 -0.144485 -0.989226
vn 0.243535 -0.250676 -0.936938
vn -0.230977 0.227836 -0.945907
vn 0.080506 -0.323293 -0.942868
vn -0.153034 -0.224942 -0.962279
vn 0.245846 0.298544 -0.922188
vn -0.045104 0.537943 -0.841774
vn 0.097302 -0.123003 -0.987625
vn 0.229373 -0.101635 -0.968018
vn 0.138351 0.044867 -0.989366
vn -0.257900 -0.277238 -0.925541
vn -0.294457 -0.003623 -0.955658
vn 0.009570 -0.099218 -0.995020
vn -0.330286 -0.019633 -0.943677
vn 0.170316 0.293161 -0.940771
vn 0.298745 -0.183211 -0.936582
vn 0.026097 0.087026 -0.995864
vn -0.323475 0.120154 -0.938577
vn -0.122378 0.180634 -0.975907
vn 0.226008 0.418819 -0.879495
vn -0.084358 0.050416 -0.995159
vn 0.156278 -0.162497 -0.974255
vn -0.257022 -0.383838 -0.886909
vn -0.099568 0.333172 -0.937594
vn 0.187009 -0.162547 -0.968817
vn -0.199296 -0.132194 -0.970982
vn -0.241019 -0.073105 -0.967763
vn -0.264781 -0.085155 -0.960541
vn 0.347285 0.136889 -0.927715
vn 0.101997 0.213349 -0.971637
vn -0.164848 -0.269727 -0.948721
vn 0.370591 -0.113599 -0.921823
vn 0.238388 0.033529 -0.970591
vn -0.427050 -0.260305 -0.865950
vn -0.137447 0.073167 -0.987803
vn 0.303366 -0.027040 -0.952490
vn -0.004263 0.082074 -0.996617
vn -0.329528 -0.025966 -0.943789
vn 0.291657 -0.311193 -0.904486
vn 0.073152 -0.200465 -0.976966
vn -0.049881 -0.178190 -0.982731
vn 0.317491 0.141688 -0.937616
vn -0.241079 -0.001834 -0.970504
vn -0.412931 -0.025090 -0.910417
vn -0.177684 0.024816 -0.983775
vn 0.228776 0.075206 -0.970570
vn 0.044739 0.231001 -0.971924
vn -0.033399 0.357871 -0.933174
vn 0.413375 0.042380 -0.909574
vn 0.359512 -0.103322 -0.927403
vn -0.135168 0.296140 -0.945532
vn -0.424195 0.161435 -0.891065
vn 0.099230 -0.261790 -0.960010
vn 0.269499 -0.189383 -0.944195
vn 0.228049 -0.022551 -0.973389
vn -0.418683 0.055218 -0.906452
vn -0.398877 0.049485 -0.915668
vn 0.252858 -0.187837 -0.949094
vn 0.176597 -0.206418 -0.962396
vn -0.317803 -0.139144 -0.937891
vn -0.336944 0.069584 -0.938950
vn 0.087954 0.223928 -0.970629
vn -0.050860 0.092508 -0.994412
vn -0.040295 -0.105446 -0.993608
vn 0.203729 -0.091572 -0.974735
vn 0.003886 -0.041663 -0.999124
vn 0.349810 -0.091540 -0.932338
vn -0.324035 0.108901 -0.939756
vn -0.119075 0.116382 -0.986041
vn -0.135558 -0.014308 -0.990666
vn 0.185500 0.097520 -0.977793
vn -0.083751 -0.333633 -0.938975
vn -0.024742 0.398157 -0.916983
vn -0.222436 -0.257921 -0.940212
vn 0.060128 -0.754789 -0.653206
vn 0.098147 0.157336 -0.982656
vn 0.242649 0.412620 -0.877990
vn 0.247706 0.225942 -0.942121
vn -0.066015 -0.322377 -0.944307
vn -0.023594 0.222218 -0.974711
vn 0.044995 -0.004441 -0.998977
vn 0.004626 -0.461096 -0.887338
vn -0.117386 0.298164 -0.947269
vn 0.170361 0.149568 -0.973964
vn -0.058425 -0.311964 -0.948296
vn -0.222797 -0.150364 -0.963199
vn 0.212920 0.339633 -0.916141
vn 0.216980 0.026381 -0.975820
vn 0.193316 -0.413102 -0.889930
vn -0.074256 0.057416 -0.995585
vn 0.150745 -0.330560 -0.931668
vn 0.344407 0.230640 -0.910049
vn 0.230225 0.142106 -0.962706
vn -0.048396 0.022878 -0.998566
vn 0.102735 0.058674 -0.992977
vn -0.285899 -0.367308 -0.885069
vn 0.105345 -0.128896 -0.986047
vn 0.399201 0.160125 -0.902773
vn 0.168716 -0.127517 -0.977381
vn -0.089413 0.236318 -0.967553
vn 0.010421 -0.199493 -0.979844
vn -0.283273 -0.104075 -0.953376
vn -0.149731 -0.110690 -0.982511
vn 0.232101 0.097512 -0.967792
vn -0.017938 0.182556 -0.983032
vn 0.049021 -0.240698 -0.969361
vn 0.287658 0.123490 -0.949738
vn -0.438959 -0.120893 -0.890337
vn -0.120273 0.241732 -0.962860
vn 0.270578 0.282081 -0.920444
vn -0.359619 0.059801 -0.931181
vn -0.364265 0.109641 -0.924819
vn -0.049472 0.002484 -0.998772
vn 0.139153 -0.376573 -0.915876
vn 0.369170 0.101251 -0.923830
vn 0.187958 -0.040911 -0.981325
vn -0.220167 -0.027026 -0.975088
vn -0.105084 -0.183273 -0.977430
vn -0.153624 -0.025928 -0.987789
vn 0.029174 -0.029940 -0.999126
vn -0.161724 -0.234694 -0.958522
vn 0.076109 -0.115263 -0.990415
vn -0.084102 -0.234038 -0.968583
vn -0.053894 0.046807 -0.997449
vn 0.339911 -0.029495 -0.939995
vn 0.186749 -0.060344 -0.980553
vn 0.265015 -0.026664 -0.963875
vn -0.050193 -0.138375 -0.989107
vn 0.097986 0.129945 -0.986668
vn 0.180590 0.045037 -0.982527
vn -0.202520 0.223345 -0.953469
vn -0.363748 0.219802 -0.905193
vn 0.074997 0.090337 -0.993083
vn 0.056945 0.187751 -0.980564
vn 0.080313 -0.370660 -0.925290
vn 0.020747 0.124166 -0.992045
vn -0.402966 0.389591 -0.828153
vn 0.323494 -0.328422 -0.887407
vn 0.055211 -0.400018 -0.914843
vn -0.391550 0.245744 -0.886735
vn -0.165594 0.301801 -0.938879
vn 0.400548 -0.210671 -0.891728
vn 0.176464 -0.241177 -0.954303
vn -0.063891 0.192097 -0.979294
vn 0.133205 -0.085348 -0.987407
vn 0.204978 0.186611 -0.960812
vn -0.051887 -0.060513 -0.996818
vn -0.112765 0.159901 -0.980671
vn -0.183221 0.166680 -0.968838
vn 0.276393 0.026542 -0.960678
vn 0.023348 -0.114133 -0.993191
vn 0.153610 0.078667 -0.984995
vn -0.096143 0.293552 -0.951096
vn 0.076078 -0.177493 -0.981177
vn 0.322102 -0.175289 -0.930336
vn 0.009678 -0.214627 -0.976648
vn -0.135857 0.003258 -0.990723
vn 0.069681 0.029799 -0.997124
vn 0.235122 0.340205 -0.910482
vn -0.046697 0.046202 -0.997840
vn 0.081561 -0.146309 -0.985871
vn 0.117280 0.257522 -0.959129
vn 0.177006 0.192220 -0.965257
vn -0.293254 -0.070238 -0.953451
vn 0.176316 -0.300987 -0.937187
vn 0.092247 0.116218 -0.988931
vn -0.040623 -0.239948 -0.969935
vn -0.343777 0.013171 -0.938959
vn 0.042494 -0.074824 -0.996291
vn 0.191822 0.278015 -0.941229
vn 0.138027 0.094399 -0.985920
vn -0.167913 -0.197552 -0.965805
vn -0.296897 0.200028 -0.933724
vn 0.231672 -0.014613 -0.972684
vn -0.086525 0.109626 -0.990200
vn -0.108964 -0.391186 -0.913838
vn 0.196026 -0.039110 -0.979818
vn -0.256517 0.224171 -0.940184
vn 0.024116 -0.016151 -0.999579
vn 0.415919 0.092979 -0.904636
vn -0.015078 0.116478 -0.993079
vn 0.117177 0.081562 -0.989756
vn 0.231526 -0.039409 -0.972030
vn -0.146114 0.124901 -0.981351
vn -0.084838 -0.070263 -0.993914
vn -0.178025 -0.271648 -0.945788
vn -0.080723 -0.147423 -0.985774
vn 0.174441 0.059962 -0.982840
vn 0.218571 -0.211816 -0.952555
vn -0.018890 0.235101 -0.971787
vn 0.163327 -0.043423 -0.985616
vn 0.059009 -0.017687 -0.998101
vn -0.374721 0.119214 -0.919441
vn -0.486136 0.261666 -0.833788
vn 0.308557 0.181522 -0.933725
vn 0.094335 0.306682 -0.947126
vn -0.299450 -0.069620 -0.951569
vn 0.062790 0.180695 -0.981533
vn -0.003795 0.212460 -0.977162
vn -0.045318 0.071180 -0.996433
vn 0.007598 0.090922 -0.995829
vn 0.039680 0.213374 -0.976164
vn 0.061425 0.177300 -0.982238
vn 0.418408 0.035869 -0.907551
vn 0.287375 -0.069456 -0.955296
vn -0.370597 0.029378 -0.928329
vn -0.072962 0.240148 -0.967990
vn -0.193587 -0.238253 -0.951714
vn -0.037618 -0.179411 -0.983055
vn 0.056332 -0.328203 -0.942926
vn 0.071476 -0.242401 -0.967540
vn -0.045691 -0.214006 -0.975763
vn -0.043125 0.274502 -0.960619
vn 0.038900 0.210509 -0.976818
vn -0.343876 0.021155 -0.938777
vn 0.260439 0.013998 -0.965389
vn 0.091156 -0.469035 -0.878463
vn -0.188708 0.344706 -0.919547
vn -0.138011 0.507380 -0.850599
vn -0.061996 0.022689 -0.997819
vn 0.407681 -0.353253 -0.842026
vn 0.536821 -0.235306 -0.810219
vn 0.001184 0.243125 -0.969994
vn -0.402513 0.253342 -0.879660
vn -0.201029 -0.077626 -0.976505
vn 0.314512 -0.278371 -0.907520
vn -0.290144 -0.035344 -0.956330
vn -0.087594 0.404131 -0.910497
vn -0.069418 -0.115245 -0.990909
vn 0.233709 -0.251963 -0.939092
vn 0.098896 -0.051189 -0.993780
vn 0.330349 0.239730 -0.912907
vn 0.092030 0.169584 -0.981209
vn 0.126844 -0.134317 -0.982787
vn 0.154137 -0.189161 -0.969773
vn -0.094601 -0.157280 -0.983013
vn 0.240546 -0.051388 -0.969277
vn -0.102808 -0.389230 -0.915385
vn 0.001008 -0.079281 -0.996852
vn -0.283291 0.375410 -0.882504
vn 0.036462 -0.141971 -0.989199
vn -0.014015 0.033851 -0.999329
vn 0.073850 -0.048634 -0.996083
vn 0.033370 0.021036 -0.999222
vn 0.097534 0.010338 -0.995178
vn 0.057716 -0.290235 -0.955213
vn 0.158840 -0.043108 -0.986363
vn 0.241828 0.233981 -0.941686
vn 0.001387 0.371694 -0.928354
vn -0.349105 -0.234730 -0.907209
vn -0.226564 -0.161999 -0.960430
vn 0.278652 -0.059947 -0.958519
vn 0.133638 0.397578 -0.907784
vn 0.129075 -0.013993 -0.991536
vn -0.001816 -0.131065 -0.991372
vn 0.186662 -0.187057 -0.964452
vn -0.336493 -0.105332 -0.935776
vn 0.050195 0.367105 -0.928824
vn 0.193592 0.061416 -0.979158
vn -0.259533 -0.245116 -0.934109
vn 0.253809 0.040024 -0.966426
vn 0.390167 0.008752 -0.920703
vn -0.289666 -0.312410 -0.904707
vn 0.040763 -0.113968 -0.992648
vn 0.029102 -0.011544 -0.999510
vn -0.121404 -0.332627 -0.935212
vn 0.056839 -0.261934 -0.963410
vn 0.116932 0.232525 -0.965536
vn 0.092338 -0.109196 -0.989722
vn -0.106046 -0.054268 -0.992879
vn 0.244211 -0.035219 -0.969082
vn -0.058102 0.017082 -0.998164
vn 0.107109 -0.276714 -0.954965
vn 0.257725 -0.181478 -0.949023
vn -0.080371 0.027818 -0.996377
vn 0.021932 0.002851 -0.999755
vn 0.025978 -0.033046 -0.999116
vn -0.014389 0.000654 -0.999896
vn 0.201995 0.201577 -0.958418
vn -0.243991 -0.006353 -0.969757
vn -0.259109 0.256108 -0.931274
vn 0.244175 0.006784 -0.969708
vn 0.026215 -0.033721 -0.999087
vn 0.063379 0.228118 -0.971568
vn -0.181067 0.228650 -0.956522
vn -0.404884 0.042977 -0.913358
vn 0.328375 -0.448320 -0.831372
vn -0.080461 0.080205 -0.993526
vn -0.315475 -0.014252 -0.948827
vn 0.128460 0.101959 -0.986460
vn -0.019146 -0.088741 -0.995871
vn 0.071209 -0.270002 -0.960223
vn 0.041664 -0.363762 -0.930560
vn 0.109706 -0.088345 -0.990030
vn -0.364299 0.356014 -0.860546
vn -0.061615 0.037838 -0.997383
vn 0.146175 -0.107220 -0.983431
vn -0.246377 0.015007 -0.969058
vn -0.101349 -0.332911 -0.937496
vn 0.412691 0.030123 -0.910373
vn 0.248705 -0.018505 -0.968402
vn 0.210024 -0.038775 -0.976927
vn -0.305428 0.182173 -0.934626
vn -0.373689 0.298235 -0.878301
vn -0.303243 0.060636 -0.950982
vn 0.278257 -0.303980 -0.911136
vn -0.211013 -0.114547 -0.970748
vn -0.283672 0.147050 -0.947579
vn 0.058604 -0.285554 -0.956569
vn 0.193452 0.089829 -0.976989
vn -0.232313 -0.132578 -0.963563
vn -0.147964 -0.381404 -0.912490
vn -0.227751 -0.194182 -0.954161
vn -0.024209 0.416686 -0.908728
vn -0.072164 0.236410 -0.968970
vn -0.184468 0.114725 -0.976120
vn -0.190448 -0.311033 -0.931122
vn -0.050763 -0.759669 -0.648325
vn 0.155824 -0.292080 -0.943614
vn -0.342165 0.320105 -0.883434
vn -0.150689 0.284536 -0.946748
vn 0.216769 -0.389826 -0.895012
vn -0.394915 -0.083544 -0.914911
vn 0.139249 0.167293 -0.976024
vn -0.130094 0.229412 -0.964596
vn -0.086318 -0.275590 -0.957392
vn -0.336976 -0.200190 -0.919984
vn 0.015775 0.141771 -0.989774
vn -0.201738 0.304014 -0.931063
vn 0.265634 0.245354 -0.932330
vn 0.122359 -0.171085 -0.977629
vn -0.213356 -0.254814 -0.943159
vn 0.132591 0.075800 -0.988268
vn 0.030015 -0.043041 -0.998622
vn 0.088979 -0.380322 -0.920564
vn 0.109922 -0.196511 -0.974321
vn 0.432157 0.077253 -0.898483
vn 0.339206 0.098359 -0.935556
vn -0.367761 0.023541 -0.929622
vn -0.154847 -0.346953 -0.925011
vn 0.043145 -0.124070 -0.991335
vn 0.071139 0.051158 -0.996154
vn 0.257795 -0.229912 -0.938447
vn 0.270200 0.095853 -0.958021
vn 0.126180 0.292904 -0.947779
vn -0.117785 -0.266138 -0.956712
vn -0.416399 -0.029019 -0.908719
vn 0.308626 0.036332 -0.950489
vn 0.003583 0.145902 -0.989293
vn -0.100865 0.018049 -0.994736
vn 0.186702 -0.012715 -0.982334
vn 0.058547 0.179276 -0.982055
vn -0.157495 0.101402 -0.982300
vn -0.309395 0.126736 -0.942450
vn 0.138421 -0.193736 -0.971239
vn -0.156436 -0.167016 -0.973465
vn 0.212436 -0.020515 -0.976960
vn 0.101733 -0.059672 -0.993020
vn 0.049038 -0.236536 -0.970384
vn 0.000548 -0.352148 -0.935944
vn 0.006581 -0.045887 -0.998925
vn 0.048906 0.008809 -0.998765
vn -0.355076 -0.106739 -0.928724
vn 0.218458 -0.169515 -0.961010
vn 0.288153 0.014829 -0.957469
vn -0.102543 -0.167928 -0.980451
vn -0.350087 0.230557 -0.907900
vn -0.089973 0.223457 -0.970552
vn 0.114925 -0.078403 -0.990275
vn 0.113571 0.080449 -0.990267
vn 0.102834 -0.082620 -0.991261
vn -0.077681 0.364278 -0.928045
vn -0.056983 0.109855 -0.992313
vn 0.146250 -0.333977 -0.931166
vn 0.084428 -0.351757 -0.932276
vn -0.242754 -0.157763 -0.957174
vn 0.001863 0.441676 -0.897173
vn 0.076175 0.138830 -0.987382
vn 0.024300 0.088153 -0.995810
vn 0.227657 -0.219970 -0.948570
vn 0.019133 -0.203977 -0.978789
vn -0.205270 0.242146 -0.948277
vn -0.087425 -0.177407 -0.980247
vn -0.165149 -0.230202 -0.959027
vn 0.025335 0.346759 -0.937612
vn 0.056346 0.057363 -0.996762
vn 0.121897 0.084258 -0.988960
vn -0.321489 -0.080402 -0.943494
vn 0.116379 -0.154913 -0.981049
vn 0.110249 -0.136134 -0.984537
vn -0.035953 0.208997 -0.977255
vn -0.172764 0.275281 -0.945713
vn 0.156999 -0.023145 -0.987328
vn -0.217727 -0.262336 -0.940093
vn -0.046080 -0.168003 -0.984709
vn -0.106856 0.146413 -0.983435
vn 0.000035 0.041460 -0.999140
vn 0.022389 -0.262535 -0.964663
vn -0.071191 -0.386401 -0.919579
vn -0.139756 0.712967 -0.687129
vn -0.240961 0.340180 -0.908964
vn 0.209544 -0.457253 -0.864298
vn 0.232631 0.130895 -0.963716
vn -0.116752 0.270273 -0.955679
vn -0.315346 -0.230549 -0.920545
vn -0.025333 0.177773 -0.983745
vn -0.101007 0.182257 -0.978049
vn -0.201008 -0.149633 -0.968094
vn -0.083464 0.103087 -0.991164
vn 0.027534 0.059988 -0.997819
vn 0.030513 -0.342941 -0.938861
vn -0.047470 -0.084606 -0.995283
vn -0.252235 0.040981 -0.966798
vn -0.134600 0.019387 -0.990710
vn 0.069605 0.064858 -0.995464
vn -0.239594 -0.002821 -0.970869
vn -0.254122 0.101508 -0.961831
vn -0.007009 0.010769 -0.999917
vn 0.296476 0.301564 -0.906179
vn 0.207900 0.232646 -0.950081
vn -0.344646 -0.118536 -0.931219
vn -0.176732 -0.014811 -0.984147
vn -0.163478 0.069307 -0.984110
vn 0.078653 0.263005 -0.961583
vn 0.168246 0.231910 -0.958077
vn -0.084691 -0.161254 -0.983272
vn 0.127156 -0.227401 -0.965464
vn -0.114916 -0.096758 -0.988652
vn -0.221738 0.231361 -0.947261
vn 0.404274 -0.080674 -0.911073
vn -0.228886 0.020218 -0.973243
vn 0.023009 0.018845 -0.999558
vn 0.367945 0.250521 -0.895464
vn 0.040947 -0.178173 -0.983147
vn -0.386157 0.057812 -0.920620
vn -0.239655 0.165663 -0.956620
vn 0.123707 0.246009 -0.961341
vn 0.124235 0.055785 -0.990683
vn -0.217328 -0.199790 -0.955433
vn -0.372600 0.095384 -0.923077
vn 0.376215 -0.242689 -0.894183
vn 0.262513 0.121732 -0.957219
vn -0.413126 -0.122627 -0.902380
vn 0.087511 0.284573 -0.954652
vn 0.312472 -0.131921 -0.940722
vn -0.128039 -0.231206 -0.964443
vn -0.179715 0.001951 -0.983717
vn 0.006033 -0.230865 -0.972967
vn 0.339958 0.073273 -0.937582
vn -0.170807 0.033177 -0.984746
vn -0.205689 0.163649 -0.964837
vn 0.323740 0.036614 -0.945437
vn 0.131130 -0.047189 -0.990241
vn -0.260635 0.353002 -0.898587
vn -0.111427 0.129378 -0.985315
vn -0.035387 -0.105446 -0.993795
vn 0.208924 -0.134944 -0.968577
vn 0.368704 -0.243949 -0.896965
vn -0.031269 0.258421 -0.965526
vn -0.221577 0.237617 -0.945749
vn 0.108710 0.209018 -0.971851
vn -0.108066 -0.342957 -0.933114
vn 0.226998 0.074884 -0.971012
vn -0.071880 0.176639 -0.981648
vn 0.155920 -0.113832 -0.981189
vn 0.010391 0.027535 -0.999567
vn 0.098307 0.349333 -0.931827
vn -0.191967 0.052109 -0.980017
vn 0.227649 0.219714 -0.948631
vn 0.145666 -0.222843 -0.963910
vn 0.027868 -0.246808 -0.968664
vn -0.241350 0.140276 -0.960246
vn 0.285105 -0.125230 -0.950280
vn -0.017125 -0.107215 -0.994088
vn 0.305871 0.194067 -0.932084
vn 0.158243 0.194244 -0.968106
vn -0.036178 0.126383 -0.991322
vn 0.255800 0.010532 -0.966672
vn 0.164270 -0.180477 -0.969765
vn -0.145165 -0.633505 -0.759999
vn -0.320107 -0.083960 -0.943654
vn 0.308909 -0.256528 -0.915843
vn 0.106466 -0.329093 -0.938277
vn -0.120666 0.180254 -0.976191
vn 0.321346 0.362733 -0.874735
vn -0.173897 0.095499 -0.980122
vn -0.054172 0.030765 -0.998058
vn 0.041904 -0.189940 -0.980901
vn -0.023232 -0.322656 -0.946231
vn -0.091908 -0.024380 -0.995469
vn 0.165335 -0.231296 -0.958732
vn 0.094009 0.303613 -0.948146
vn 0.247615 0.311023 -0.917579
vn -0.279630 -0.028120 -0.959696
vn -0.368059 0.007546 -0.929772
vn -0.136241 0.171392 -0.975737
vn -0.023254 0.139893 -0.989893
vn -0.197225 -0.212409 -0.957071
vn -0.173447 0.147448 -0.973743
vn -0.007237 0.384213 -0.923216
vn 0.070726 -0.115273 -0.990813
vn -0.170212 -0.157689 -0.972709
vn -0.173532 0.138326 -0.975065
vn 0.188038 0.016613 -0.982021
vn 0.002528 0.006547 -0.999975
vn -0.031994 -0.054719 -0.997989
vn -0.121638 -0.169863 -0.977932
vn -0.211442 0.081715 -0.973969
vn 0.272731 0.137770 -0.952175
vn -0.018401 0.093229 -0.995475
vn -0.143275 -0.180934 -0.973003
vn 0.213848 0.075470 -0.973947
vn 0.138039 0.276932 -0.950923
vn -0.107313 -0.121255 -0.986803
vn -0.123328 -0.065421 -0.990207
vn 0.200774 0.019843 -0.979437
vn 0.181187 0.176007 -0.967571
vn -0.316424 -0.172660 -0.932772
vn -0.292348 -0.204893 -0.934105
vn 0.155938 0.023623 -0.987484
vn -0.019179 0.171157 -0.985057
vn 0.072349 0.141281 -0.987322
vn 0.056979 -0.331393 -0.941771
vn 0.232767 0.025177 -0.972207
vn -0.157670 0.169821 -0.972780
vn -0.373486 0.209961 -0.903562
vn 0.294409 0.032229 -0.955136
vn 0.048907 0.176731 -0.983043
vn -0.041033 0.218123 -0.975058
vn 0.103564 0.068511 -0.992260
vn -0.030522 0.018794 -0.999357
vn 0.331664 -0.029370 -0.942940
vn 0.029085 -0.092707 -0.995269
vn -0.216217 0.106190 -0.970553
vn -0.198174 -0.196456 -0.960277
vn -0.031683 0.038021 -0.998775
vn 0.168273 -0.166506 -0.971576
vn 0.144813 0.005852 -0.989442
vn -0.120450 0.025086 -0.992402
vn -0.285064 -0.179871 -0.941480
vn 0.076815 0.044591 -0.996048
vn -0.171266 -0.020824 -0.985005
vn 0.227807 -0.008945 -0.973665
vn 0.097800 -0.102543 -0.989909
vn -0.114533 0.051944 -0.992060
vn 0.035227 -0.056127 -0.997802
vn -0.257881 -0.129773 -0.957422
vn -0.187735 0.148373 -0.970949
vn 0.100084 0.018299 -0.994811
vn 0.387433 -0.005618 -0.921881
vn 0.096152 0.320988 -0.942190
vn 0.002817 0.148487 -0.988910
vn 0.061753 -0.166696 -0.984073
vn 0.284557 0.194735 -0.938672
vn -0.309390 -0.248912 -0.917780
vn -0.037546 -0.450678 -0.891897
vn -0.105046 0.284457 -0.952916
vn 0.154207 0.077567 -0.984989
vn 0.186989 -0.161470 -0.969001
vn 0.221522 0.285628 -0.932386
vn 0.024872 0.420744 -0.906839
vn 0.159813 -0.526392 -0.835088
vn 0.114998 -0.214465 -0.969938
vn -0.166777 0.110249 -0.979811
vn -0.341257 0.011236 -0.939903
vn 0.145497 0.259502 -0.954720
vn 0.388088 0.038988 -0.920797
vn 0.218275 -0.221005 -0.950533
vn 0.235198 -0.090643 -0.967712
vn -0.045619 0.018719 -0.998784
vn 0.023116 -0.146774 -0.988900
vn 0.002391 0.022021 -0.999755
vn -0.101512 -0.063988 -0.992774
vn 0.082720 0.107670 -0.990739
vn 0.141240 0.351650 -0.925415
vn -0.166548 0.010309 -0.985979
vn -0.279933 -0.030698 -0.959529
vn -0.061546 -0.358355 -0.931554
vn 0.117802 0.004196 -0.993028
vn -0.055187 0.411138 -0.909901
vn 0.128865 -0.110191 -0.985521
vn 0.074125 -0.116889 -0.990375
vn 0.173530 -0.071762 -0.982211
vn -0.324427 0.011430 -0.945842
vn -0.290660 -0.135541 -0.947178
vn 0.228229 0.167223 -0.959139
vn 0.144016 0.062205 -0.987618
vn 0.178671 -0.120999 -0.976440
vn -0.060765 0.290928 -0.954813
vn -0.317927 0.142066 -0.937411
vn -0.242478 -0.008933 -0.970116
vn 0.179950 0.156372 -0.971167
vn 0.126170 0.222384 -0.966761
vn 0.020049 -0.285621 -0.958133
vn 0.148857 -0.076108 -0.985926
vn 0.036040 0.172933 -0.984274
vn -0.173919 0.113252 -0.978226
vn -0.323406 -0.025138 -0.945926
vn -0.241659 -0.014995 -0.970245
vn 0.276867 0.142427 -0.950294
vn 0.192291 0.162738 -0.967750
vn -0.216093 -0.011607 -0.976304
vn -0.198168 -0.046714 -0.979054
vn 0.114784 -0.210691 -0.970790
vn 0.138445 -0.180798 -0.973727
vn 0.105649 -0.237344 -0.965664
vn 0.275253 0.038240 -0.960611
vn 0.051729 0.304259 -0.951184
vn -0.028386 0.090956 -0.995450
vn -0.006991 0.060970 -0.998115
vn 0.014979 -0.141728 -0.989792
vn -0.096332 0.121192 -0.987944
vn -0.342318 -0.008864 -0.939543
vn -0.054383 -0.336221 -0.940212
vn 0.002326 0.234927 -0.972010
vn -0.300319 0.190954 -0.934529
vn 0.171857 0.030564 -0.984648
vn 0.061880 -0.122436 -0.990545
vn 0.108386 -0.188550 -0.976064
vn -0.026676 0.057371 -0.997996
vn -0.049908 -0.023416 -0.998479
vn -0.145735 -0.033658 -0.988751
vn -0.134396 -0.155087 -0.978716
vn 0.237632 -0.246006 -0.939687
vn -0.291796 0.002474 -0.956477
vn -0.157089 0.115292 -0.980832
vn -0.075739 0.072672 -0.994476
vn 0.065889 0.180249 -0.981412
vn -0.020230 -0.237926 -0.971073
vn 0.165555 -0.346279 -0.923408
vn -0.136518 -0.111101 -0.984388
vn 0.060424 0.156220 -0.985872
vn -0.033580 0.010146 -0.999385
vn 0.236239 -0.063387 -0.969625
vn -0.288508 0.177500 -0.940881
vn 0.259641 0.466436 -0.845591
vn 0.016927 -0.241484 -0.970257
vn -0.341147 -0.229612 -0.911536
vn 0.043884 -0.150199 -0.987681
vn -0.217648 -0.119752 -0.968653
vn -0.149320 -0.007991 -0.988757
vn 0.129888 -0.237269 -0.962722
vn 0.370813 0.041680 -0.927772
vn -0.185695 0.162464 -0.969083
vn -0.240013 0.229312 -0.943297
vn -0.406793 -0.096747 -0.908383
vn -0.092717 -0.369460 -0.924609
vn 0.604995 -0.221238 -0.764876
vn 0.407054 0.066175 -0.911004
vn 0.244930 0.127597 -0.961108
vn -0.017341 -0.099343 -0.994902
vn 0.315618 -0.212232 -0.924848
vn -0.031541 0.022240 -0.999255
vn 0.443187 0.061275 -0.894332
vn -0.360890 0.510967 -0.780174
vn -0.005274 0.045311 -0.998959
vn -0.052635 0.038453 -0.997873
vn -0.290445 -0.135256 -0.947284
vn -0.038677 -0.271813 -0.961573
vn -0.074898 0.389983 -0.917771
vn -0.240205 0.091643 -0.966387
vn 0.096273 -0.393989 -0.914059
vn 0.123887 -0.166606 -0.978210
vn 0.358507 -0.137561 -0.923336
vn 0.182222 0.138438 -0.973463
vn -0.349255 0.292244 -0.890289
vn -0.287446 0.220254 -0.932128
vn -0.099439 -0.315309 -0.943765
vn 0.329422 -0.230022 -0.915735
vn 0.349414 0.134241 -0.927302
vn -0.009014 0.178803 -0.983844
vn -0.348767 0.313500 -0.883221
vn -0.167424 0.127616 -0.977591
vn -0.132582 -0.172654 -0.976019
vn 0.053361 -0.461200 -0.885690
vn 0.373006 -0.069888 -0.925193
vn 0.169488 -0.018674 -0.985355
vn 0.042733 -0.010012 -0.999036
vn 0.003818 0.274088 -0.961697
vn -0.242492 0.522796 -0.817240
vn -0.156526 0.286960 -0.945068
vn -0.001330 -0.117982 -0.993015
vn -0.245317 -0.053285 -0.967977
vn -0.154184 -0.183265 -0.970897
vn -0.040257 0.022394 -0.998938
vn 0.117051 -0.463400 -0.878385
vn 0.126573 0.069492 -0.989520
vn 0.065572 -0.500492 -0.863254
vn 0.225819 -0.100165 -0.969006
vn -0.285003 0.024403 -0.958216
vn -0.399538 -0.315169 -0.860835
vn -0.108868 -0.515192 -0.850132
vn -0.210443 -0.347315 -0.913830
vn -0.309530 -0.341844 -0.887318
vn 0.313972 -0.311813 -0.896769
vn 0.214438 0.070308 -0.974204
vn 0.038031 0.349768 -0.936064
vn 0.177296 0.453129 -0.873636
vn -0.063867 -0.080498 -0.994707
vn 0.331998 0.119492 -0.935681
vn -0.113440 -0.033944 -0.992965
vn 0.017879 0.366748 -0.930149
vn -0.420801 -0.233955 -0.876465
vn 0.167822 0.060470 -0.983961
vn -0.237424 -0.338136 -0.910656
vn -0.175731 -0.187713 -0.966376
vn 0.052966 -0.125848 -0.990635
vn 0.390298 -0.063932 -0.918466
vn 0.416104 0.397635 -0.817767
vn 0.030507 0.419486 -0.907249
vn -0.320107 -0.150758 -0.935309
vn -0.278022 -0.418870 -0.864437
vn 0.059224 0.124847 -0.990407
vn -0.393357 -0.120822 -0.911412
vn 0.067815 0.095822 -0.993086
vn -0.581103 -0.266384 -0.768999
vn 0.646880 -0.152880 -0.747111
vn 0.471249 0.454092 -0.756125
vn -0.461158 0.124732 -0.878507
vn 0.003560 -0.135999 -0.990703
vn -0.461536 -0.011406 -0.887048
vn -0.234629 -0.135468 -0.962599
vn -0.267404 -0.194930 -0.943662
vn -0.059676 0.853854 -0.517081
vn -0.150622 0.819702 -0.552631
vn 0.039806 0.315743 -0.948009
vn 0.137593 0.408618 -0.902275
vn -0.280931 -0.233314 -0.930936
vn -0.193482 -0.485487 -0.852565
vn 0.158469 -0.399907 -0.902753
vn 0.041094 0.493800 -0.868604
vn -0.168079 -0.242824 -0.955398
vn 0.229406 -0.015463 -0.973208
vn 0.179594 0.795743 -0.578394
vn -0.008881 0.282016 -0.959369
vn -0.073364 0.827253 -0.557018
vn -0.040187 0.657329 -0.752532
vn -0.024807 0.531919 -0.846431
vn 0.206008 -0.412203 -0.887496
vn 0.249895 0.123237 -0.960398
vn -0.104907 0.359298 -0.927308
vn -0.188030 -0.001803 -0.982162
vn -0.033205 -0.263040 -0.964213
vn 0.012328 -0.149030 -0.988756
vn -0.062797 -0.381494 -0.922236
vn -0.058592 -0.430150 -0.900854
vn 0.245402 0.037390 -0.968700
vn -0.024082 0.574614 -0.818070
vn -0.440288 0.460683 -0.770661
vn 0.063374 -0.242890 -0.967981
vn 0.199506 -0.383165 -0.901877
vn 0.199698 -0.427954 -0.881463
vn -0.159013 0.100485 -0.982150
vn -0.224221 0.410920 -0.883668
vn 0.016725 -0.012804 -0.999778
vn 0.223965 -0.075091 -0.971700
vn 0.098802 0.011812 -0.995037
vn -0.055221 0.032232 -0.997954
vn 0.058034 -0.534276 -0.843316
vn -0.113593 -0.400470 -0.909242
vn -0.210723 -0.022572 -0.977285
vn -0.047890 -0.474481 -0.878962
vn 0.072841 -0.225300 -0.971563
vn 0.048141 -0.539371 -0.840691
vn 0.032832 0.485175 -0.873801
vn -0.072403 0.596619 -0.799252
vn -0.068142 -0.254966 -0.964546
vn 0.008671 0.060496 -0.998131
vn -0.037950 -0.488889 -0.871520
vn -0.027824 0.098481 -0.994750
vn 0.161156 0.276372 -0.947443
vn 0.103610 -0.304461 -0.946873
vn 0.022593 0.592110 -0.805540
vn 0.007083 0.204804 -0.978777
vn -0.157447 -0.536606 -0.829014
vn 0.321648 -0.363313 -0.874383
vn -0.064166 -0.371583 -0.926180
vn -0.266729 0.239333 -0.933582
vn 0.133444 0.284444 -0.949360
vn -0.000624 0.003036 -0.999995
vn 0.124016 -0.137468 -0.982712
vn 0.207218 0.198592 -0.957926
vn -0.207358 -0.173485 -0.962759
vn 0.086925 -0.484603 -0.870405
vn -0.088523 0.346671 -0.933800
vn -0.304811 0.066240 -0.950107
vn 0.232265 0.569339 -0.788610
vn 0.500222 -0.007655 -0.865864
vn 0.062904 0.205752 -0.976580
vn -0.162790 0.494671 -0.853698
vn -0.215747 0.030720 -0.975966
vn 0.002801 -0.259821 -0.965653
vn 0.086932 0.301306 -0.949556
vn -0.053489 -0.595039 -0.801915
vn -0.028358 0.143948 -0.989179
vn 0.240290 0.217600 -0.945997
vn -0.032548 -0.223737 -0.974106
vn -0.109000 0.432362 -0.895088
vn -0.100860 0.006899 -0.994877
vn 0.028425 -0.619362 -0.784591
vn 0.295514 0.444565 -0.845597
vn 0.094279 -0.141969 -0.985371
vn -0.003126 0.107091 -0.994244
vn 0.025226 -0.392284 -0.919498
vn 0.034645 0.152344 -0.987720
vn 0.164504 0.279824 -0.945852
vn 0.174168 -0.354675 -0.918624
vn -0.126563 -0.440643 -0.888716
vn -0.074462 -0.238941 -0.968175
vn 0.006467 0.086916 -0.996195
vn -0.173668 -0.246022 -0.953579
vn 0.147103 0.026786 -0.988758
vn 0.102516 -0.006016 -0.994713
vn -0.364538 0.081668 -0.927600
vn -0.095503 -0.610184 -0.786482
vn -0.071599 -0.555291 -0.828568
vn -0.231311 -0.061216 -0.970952
vn -0.254783 0.041969 -0.966087
vn 0.276958 0.131206 -0.951882
vn 0.193835 0.472537 -0.859731
vn -0.078953 -0.147026 -0.985977
vn 0.037822 0.222908 -0.974106
vn -0.029265 -0.008460 -0.999536
vn -0.098927 -0.056399 -0.993495
vn -0.188100 -0.167340 -0.967789
vn 0.011396 0.558088 -0.829703
vn 0.266921 0.141984 -0.953202
vn 0.015385 0.493631 -0.869535
vn -0.255586 0.113200 -0.960136
vn -0.210501 0.399518 -0.892230
vn -0.037150 -0.306764 -0.951060
vn -0.010924 -0.530449 -0.847647
vn 0.275387 0.235882 -0.931945
vn -0.023588 -0.187478 -0.981986
vn -0.125891 -0.170496 -0.977283
vn 0.111197 -0.005086 -0.993785
vn -0.109549 0.417336 -0.902125
vn -0.109882 0.393883 -0.912569
vn -0.015358 -0.213527 -0.976816
vn -0.006278 -0.238241 -0.971186
vn 0.164720 0.600738 -0.782292
vn -0.036800 0.486443 -0.872937
vn -0.061051 -0.587857 -0.806658
vn 0.125552 -0.293170 -0.947781
vn 0.060733 -0.630840 -0.773532
vn 0.064779 -0.041772 -0.997025
vn 0.068697 0.462508 -0.883950
vn -0.029629 0.081692 -0.996217
vn -0.255331 -0.046397 -0.965740
vn -0.252208 0.029098 -0.967235
vn 0.044402 -0.626120 -0.778461
vn 0.240258 -0.333542 -0.911606
vn 0.228916 -0.603616 -0.763705
vn 0.165407 -0.245925 -0.955071
vn 0.235549 0.516627 -0.823173
vn 0.083296 -0.083172 -0.993048
vn -0.006979 -0.127267 -0.991844
vn -0.108245 0.217181 -0.970111
vn -0.191451 -0.183754 -0.964148
vn -0.068861 0.143038 -0.987319
vn 0.081632 0.049974 -0.995409
vn 0.128145 0.165718 -0.977812
vn 0.143393 -0.390202 -0.909495
vn 0.021168 -0.567745 -0.822932
vn -0.020772 0.090201 -0.995707
vn 0.293325 -0.013747 -0.955914
vn -0.402503 -0.106974 -0.909147
vn -0.101529 0.277487 -0.955349
vn 0.199207 0.006456 -0.979936
vn 0.017886 -0.328564 -0.944312
vn 0.093262 0.383365 -0.918876
vn 0.082253 -0.479168 -0.873861
vn -0.010995 0.164531 -0.986311
vn -0.037857 -0.218260 -0.975156
vn -0.082058 -0.338167 -0.937502
vn 0.054531 -0.249499 -0.966839
vn -0.133037 0.085007 -0.987459
vn 0.014232 0.052694 -0.998509
vn 0.298130 0.535257 -0.790329
vn -0.119677 0.334797 -0.934660
vn 0.221990 -0.311851 -0.923834
vn 0.304205 -0.028056 -0.952193
vn -0.152316 -0.232812 -0.960520
vn -0.037352 -0.114286 -0.992745
vn -0.101741 0.266845 -0.958354
vn -0.165452 0.458673 -0.873066
vn 0.245466 0.390789 -0.887148
vn 0.133649 -0.342027 -0.930137
vn -0.007218 0.050479 -0.998699
vn -0.074916 0.534464 -0.841864
vn -0.232041 -0.061625 -0.970752
vn -0.149192 -0.200353 -0.968298
vn 0.064084 -0.420617 -0.904972
vn 0.033057 -0.437800 -0.898464
vn 0.164020 0.147401 -0.975382
vn 0.037422 0.671283 -0.740256
vn -0.089466 -0.138877 -0.986260
vn -0.140820 0.007508 -0.990007
vn -0.068814 -0.233904 -0.969821
vn 0.269031 0.267466 -0.925248
vn 0.056265 0.032296 -0.997893
vn -0.298749 0.056501 -0.952658
vn -0.082319 0.451366 -0.888534
vn 0.308518 -0.056178 -0.949558
vn 0.408540 -0.343383 -0.845685
vn -0.097069 -0.481561 -0.871020
vn 0.012733 0.199042 -0.979908
vn -0.179894 -0.341576 -0.922477
vn -0.048106 0.319862 -0.946242
vn 0.267418 0.320123 -0.908850
vn -0.065914 -0.293730 -0.953613
vn -0.281432 -0.025571 -0.959240
vn 0.173057 0.018387 -0.984740
vn 0.209049 0.345201 -0.914950
vn -0.179351 -0.068921 -0.981368
vn -0.039787 -0.475266 -0.878942
vn 0.081193 -0.557697 -0.826064
vn 0.099992 0.167681 -0.980757
vn -0.424827 -0.243153 -0.872008
vn -0.029995 0.194172 -0.980509
vn 0.097165 0.562819 -0.820849
vn -0.188229 -0.453654 -0.871073
vn 0.132495 0.421748 -0.896980
vn -0.002051 0.527639 -0.849466
vn -0.181529 0.262023 -0.947835
vn 0.131542 -0.347591 -0.928373
vn 0.088124 0.126703 -0.988018
vn 0.025183 -0.019033 -0.999502
vn 0.114267 -0.470434 -0.875006
vn 0.059786 0.272482 -0.960302
vn -0.139591 -0.078135 -0.987122
vn -0.420440 -0.011120 -0.907252
vn -0.268698 -0.560313 -0.783486
vn 0.069717 -0.104142 -0.992116
vn 0.026999 -0.336110 -0.941436
vn -0.119456 -0.321992 -0.939176
vn 0.002378 0.045688 -0.998953
vn 0.065886 -0.450837 -0.890171
vn 0.219939 -0.201584 -0.954458
vn 0.088920 0.396893 -0.913547
vn 0.061526 0.204899 -0.976848
vn -0.150763 -0.235101 -0.960207
vn -0.068744 0.235549 -0.969428
vn 0.344266 0.121845 -0.930932
vn 0.028991 0.398310 -0.916793
vn 0.003060 -0.535901 -0.844275
vn -0.012888 -0.356920 -0.934046
vn -0.121571 0.295595 -0.947546
vn -0.000744 -0.592715 -0.805412
vn 0.047360 -0.574667 -0.817016
vn -0.092810 -0.264875 -0.959806
vn -0.195766 -0.233713 -0.952394
vn -0.065781 -0.084405 -0.994258
vn 0.240669 0.425554 -0.872343
vn 0.087387 0.668556 -0.738510
vn -0.075908 0.084745 -0.993507
vn -0.048812 0.552808 -0.831878
vn 0.309733 0.003764 -0.950816
vn -0.031212 0.660235 -0.750410
vn -0.215237 0.599155 -0.771159
vn 0.131897 0.544592 -0.828265
vn 0.235636 -0.195299 -0.952016
vn -0.155430 0.336679 -0.928703
vn -0.094192 0.089846 -0.991492
vn 0.153786 -0.227067 -0.961660
vn -0.167963 -0.178866 -0.969430
vn -0.288405 -0.086352 -0.953607
vn -0.007444 0.474593 -0.880174
vn 0.014595 0.581005 -0.813769
vn -0.054813 -0.308541 -0.949630
vn -0.506110 -0.257485 -0.823136
vn -0.198177 0.682367 -0.703634
vn 0.067819 -0.089330 -0.993690
vn 0.199250 -0.485912 -0.850993
vn 0.105424 0.186980 -0.976690
vn -0.051108 -0.015869 -0.998567
vn 0.122989 0.069142 -0.989996
vn -0.098364 -0.309977 -0.945642
vn -0.111646 0.346726 -0.931298
vn 0.008141 -0.380777 -0.924631
vn -0.174467 -0.122751 -0.976982
vn 0.198415 -0.539565 -0.818230
vn 0.573091 -0.128700 -0.809323
vn -0.486566 0.386242 -0.783626
vn -0.089478 -0.685649 -0.722412
vn 0.232136 -0.550629 -0.801824
vn 0.048090 -0.494599 -0.867790
vn 0.041687 -0.207469 -0.977353
vn -0.115373 -0.315361 -0.941932
vn 0.019699 -0.199566 -0.979686
vn 0.048193 -0.043104 -0.997908
vn -0.127345 -0.427080 -0.895202
vn -0.117792 0.029280 -0.992607
vn 0.081569 -0.160462 -0.983666
vn 0.029348 -0.240923 -0.970100
vn -0.318098 0.586537 -0.744841
vn 0.379755 0.376779 -0.844881
vn 0.111122 -0.681799 -0.723050
vn -0.065696 -0.394487 -0.916550
vn 0.046467 0.615266 -0.786949
vn 0.020443 0.256973 -0.966202
vn -0.044731 0.566145 -0.823091
vn 0.015871 0.295429 -0.955233
vn -0.002949 0.335824 -0.941920
vn -0.130434 -0.438806 -0.889065
vn -0.103416 0.237019 -0.965985
vn -0.063198 -0.552485 -0.831124
vn -0.107652 0.026716 -0.993830
vn -0.048964 -0.494380 -0.867866
vn 0.337466 -0.434918 -0.834844
vn 0.158119 0.589232 -0.792341
vn -0.299657 0.405637 -0.863519
vn -0.197224 -0.061728 -0.978413
vn 0.065005 0.538006 -0.840431
vn -0.136990 -0.049949 -0.989312
vn 0.120861 0.514533 -0.848910
vn 0.306562 0.338376 -0.889675
vn -0.088013 0.486090 -0.869465
vn -0.051249 -0.380130 -0.923512
vn 0.151963 -0.337076 -0.929132
vn -0.004045 -0.549427 -0.835532
vn 0.011859 -0.443058 -0.896414
vn -0.423393 -0.235116 -0.874905
vn -0.182215 0.477056 -0.859776
vn 0.192923 0.484154 -0.853449
vn -0.003298 -0.512534 -0.858660
vn 0.014610 -0.465361 -0.885000
vn -0.035993 -0.506527 -0.861473
vn -0.123166 -0.486334 -0.865049
vn 0.013986 -0.183842 -0.982856
vn 0.138840 0.266275 -0.953845
vn 0.202339 -0.453763 -0.867847
vn 0.014215 0.262410 -0.964852
vn -0.058967 0.155784 -0.986030
vn -0.160908 0.383861 -0.909263
vn -0.199247 -0.056694 -0.978308
vn -0.108308 0.021322 -0.993889
vn 0.074667 0.280914 -0.956824
vn 0.193833 0.200470 -0.960334
vn 0.063172 -0.518002 -0.853044
vn -0.120750 0.230141 -0.965637
vn -0.005118 -0.402203 -0.915536
vn 0.034001 0.056018 -0.997851
vn 0.022682 -0.037772 -0.999029
vn -0.045715 0.499413 -0.865157
vn -0.087256 -0.052671 -0.994793
vn -0.054226 0.433117 -0.899705
vn -0.175301 -0.197640 -0.964473
vn -0.435273 0.408493 -0.802291
vn -0.293124 -0.421962 -0.857920
vn 0.154540 -0.079678 -0.984768
vn 0.304685 0.217871 -0.927200
vn 0.004418 0.612774 -0.790246
vn -0.102625 0.105568 -0.989102
vn -0.069241 0.382236 -0.921467
vn -0.132749 0.010738 -0.991091
vn -0.044819 -0.281352 -0.958557
vn 0.225770 0.233897 -0.945685
vn 0.048003 -0.282699 -0.958007
vn -0.003588 -0.260749 -0.965400
vn 0.309589 -0.148024 -0.939278
vn 0.369943 0.620723 -0.691264
vn 0.107211 -0.131528 -0.985498
vn -0.182887 -0.204754 -0.961576
vn -0.109890 0.248564 -0.962362
vn 0.120467 0.022814 -0.992455
vn 0.007054 0.478861 -0.877862
vn 0.028084 -0.333238 -0.942424
vn 0.283350 -0.011818 -0.958944
vn -0.062145 -0.264465 -0.962391
vn -0.052161 0.032086 -0.998123
vn 0.081414 0.609519 -0.788580
vn -0.108229 0.194506 -0.974912
vn -0.215275 0.541017 -0.812993
vn 0.209712 -0.192153 -0.958696
vn 0.051658 0.652165 -0.756315
vn 0.011454 -0.374929 -0.926983
vn 0.225879 0.272866 -0.935159
vn -0.078207 -0.622176 -0.778961
vn 0.034417 -0.209860 -0.977126
vn 0.104649 -0.590010 -0.800585
vn -0.160677 -0.052445 -0.985613
vn -0.050460 0.599465 -0.798809
vn -0.127727 0.487998 -0.863449
vn -0.009994 0.514837 -0.857230
vn 0.029146 0.584530 -0.810848
vn -0.013601 -0.311453 -0.950164
vn -0.207321 -0.514800 -0.831865
vn 0.174168 0.272968 -0.946126
vn 0.020323 -0.047320 -0.998673
vn 0.031149 0.097841 -0.994714
vn 0.259519 0.473487 -0.841701
vn -0.014670 -0.105571 -0.994304
vn -0.022421 0.659033 -0.751780
vn -0.241729 0.178638 -0.953759
vn -0.278448 -0.134226 -0.951026
vn 0.003043 -0.056202 -0.998415
vn 0.034826 -0.648050 -0.760801
vn 0.202159 -0.444084 -0.872881
vn 0.450505 0.119950 -0.884679
vn -0.383573 -0.359781 -0.850547
vn -0.133498 -0.325128 -0.936200
vn 0.071332 0.497874 -0.864311
vn 0.015060 -0.402218 -0.915420
vn -0.020562 0.564374 -0.825263
vn -0.074308 0.382743 -0.920862
vn 0.022354 -0.066865 -0.997512
vn 0.179371 0.505845 -0.843770
vn 0.023279 -0.490776 -0.870975
vn 0.098899 -0.492040 -0.864937
vn 0.153453 -0.019774 -0.987958
vn -0.308732 0.145388 -0.939972
vn -0.438548 -0.079565 -0.895179
vn -0.276409 0.320746 -0.905936
vn -0.150584 -0.558529 -0.815702
vn 0.053316 -0.185503 -0.981196
vn -0.008212 -0.249867 -0.968245
vn -0.007210 0.034104 -0.999392
vn 0.209017 -0.567133 -0.796663
vn -0.079798 -0.571195 -0.816926
vn -0.066673 -0.307333 -0.949264
vn 0.128567 0.347178 -0.928944
vn -0.184856 0.299850 -0.935905
vn -0.215907 0.032834 -0.975862
vn 0.236317 0.314212 -0.919470
vn 0.473207 -0.551700 -0.686806
vn 0.297375 -0.156586 -0.941833
vn 0.056957 -0.164125 -0.984794
vn -0.074153 -0.122785 -0.989659
vn -0.065767 0.010372 -0.997781
vn 0.136857 0.244465 -0.959952
vn 0.186601 0.002194 -0.982433
vn -0.110345 0.392193 -0.913241
vn -0.180319 -0.024653 -0.983299
vn -0.169620 0.570045 -0.803914
vn 0.229345 -0.181891 -0.956199
vn 0.143591 -0.176030 -0.973856
vn -0.019576 0.010158 -0.999757
vn 0.296163 0.466043 -0.833721
vn -0.179664 -0.787590 -0.589426
vn -0.185915 0.320699 -0.928756
vn -0.010982 0.061945 -0.998019
vn -0.146649 -0.001114 -0.989188
vn -0.003746 0.453111 -0.891446
vn 0.153108 0.614622 -0.773820
vn -0.079175 0.420586 -0.903791
vn -0.146196 0.517752 -0.842947
vn 0.181299 0.374198 -0.909454
vn 0.068904 -0.847395 -0.526473
vn -0.204136 0.692913 -0.691520
vn -0.012549 0.619502 -0.784895
vn 0.198483 0.686909 -0.699114
vn -0.059676 0.853854 -0.517081
vn -0.150622 0.819702 -0.552631
vn 0.039806 0.315743 -0.948009
vn 0.137593 0.408618 -0.902275
vn -0.280931 -0.233314 -0.930936
vn -0.193482 -0.485487 -0.852565
vn 0.158469 -0.399907 -0.902753
vn 0.041094 0.493800 -0.868604
vn -0.168079 -0.242824 -0.955398
vn 0.229406 -0.015463 -0.973208
vn 0.179594 0.795743 -0.578394
vn -0.008881 0.282016 -0.959369
vn -0.073364 0.827253 -0.557018
vn -0.040187 0.657329 -0.752532
vn -0.024807 0.531919 -0.846431
vn 0.206008 -0.412203 -0.887496
vn 0.249895 0.123237 -0.960398
vn -0.104907 0.359298 -0.927308
vn -0.188030 -0.001803 -0.982162
vn -0.033205 -0.263040 -0.964213
vn 0.012328 -0.149030 -0.988756
vn -0.062797 -0.381494 -0.922236
vn -0.058592 -0.430150 -0.900854
vn 0.245402 0.037390 -0.968700
vn -0.024082 0.574614 -0.818070
vn -0.440288 0.460683 -0.770661
vn 0.063374 -0.242890 -0.967981
vn 0.199506 -0.383165 -0.901877
vn 0.199698 -0.427954 -0.881463
vn -0.159013 0.100485 -0.982150
vn -0.224221 0.410920 -0.883668
vn 0.016725 -0.012804 -0.999778
vn 0.223965 -0.075091 -0.971700
vn 0.098802 0.011812 -0.995037
vn -0.055221 0.032232 -0.997954
vn 0.058034 -0.534276 -0.843316
vn -0.113593 -0.400470 -0.909242
vn -0.210723 -0.022572 -0.977285
vn -0.047890 -0.474481 -0.878962
vn 0.072841 -0.225300 -0.971563
vn 0.048141 -0.539371 -0.840691
vn 0.032832 0.485175 -0.873801
vn -0.072403 0.596619 -0.799252
vn -0.068142 -0.254966 -0.964546
vn 0.008671 0.060496 -0.998131
vn -0.037950 -0.488889 -0.871520
vn -0.027824 0.098481 -0.994750
vn 0.161156 0.276372 -0.947443
vn 0.103610 -0.304461 -0.946873
vn 0.022593 0.592110 -0.805540
vn 0.007083 0.204804 -0.978777
vn -0.157447 -0.536606 -0.829014
vn 0.321648 -0.363313 -0.874383
vn -0.064166 -0.371583 -0.926180
vn -0.266729 0.239333 -0.933582
vn 0.133444 0.284444 -0.949360
vn -0.000624 0.003036 -0.999995
vn 0.124016 -0.137468 -0.982712
vn 0.207218 0.198592 -0.957926
vn -0.207358 -0.173485 -0.962759
vn 0.086925 -0.484603 -0.870405
vn -0.088523 0.346671 -0.933800
vn -0.304811 0.066240 -0.950107
vn 0.232265 0.569339 -0.788610
vn 0.500222 -0.007655 -0.865864
vn 0.062904 0.205752 -0.976580
vn -0.162790 0.494671 -0.853698
vn -0.215747 0.030720 -0.975966
vn 0.002801 -0.259821 -0.965653
vn 0.086932 0.301306 -0.949556
vn -0.053489 -0.595039 -0.801915
vn -0.028358 0.143948 -0.989179
vn 0.240290 0.217600 -0.945997
vn -0.032548 -0.223737 -0.974106
vn -0.109000 0.432362 -0.895088
vn -0.100860 0.006899 -0.994877
vn 0.028425 -0.619362 -0.784591
vn 0.295514 0.444565 -0.845597
vn 0.094279 -0.141969 -0.985371
vn -0.003126 0.107091 -0.994244
vn 0.025226 -0.392284 -0.919498
vn 0.034645 0.152344 -0.987720
vn 0.164504 0.279824 -0.945852
vn 0.174168 -0.354675 -0.918624
vn -0.126563 -0.440643 -0.888716
vn -0.074462 -0.238941 -0.968175
vn 0.006467 0.086916 -0.996195
vn -0.173668 -0.246022 -0.953579
vn 0.147103 0.026786 -0.988758
vn 0.102516 -0.006016 -0.994713
vn -0.364538 0.081668 -0.927600
vn -0.095503 -0.610184 -0.786482
vn -0.071599 -0.555291 -0.828568
vn -0.231311 -0.061216 -0.970952
vn -0.254783 0.041969 -0.966087
vn 0.276958 0.131206 -0.951882
vn 0.193835 0.472537 -0.859731
vn -0.078953 -0.147026 -0.985977
vn 0.037822 0.222908 -0.974106
vn -0.029265 -0.008460 -0.999536
vn -0.098927 -0.056399 -0.993495
vn -0.188100 -0.167340 -0.967789
vn 0.011396 0.558088 -0.829703
vn 0.266921 0.141984 -0.953202
vn 0.015385 0.493631 -0.869535
vn -0.255586 0.113200 -0.960136
vn -0.210501 0.399518 -0.892230
vn -0.037150 -0.306764 -0.951060
vn -0.010924 -0.530449 -0.847647
vn 0.275387 0.235882 -0.931945
vn -0.023588 -0.187478 -0.981986
vn -0.125891 -0.170496 -0.977283
vn 0.111197 -0.005086 -0.993785
vn -0.109549 0.417336 -0.902125
vn -0.109882 0.393883 -0.912569
vn -0.015358 -0.213527 -0.976816
vn -0.006278 -0.238241 -0.971186
vn 0.164720 0.600738 -0.782292
vn -0.036800 0.486443 -0.872937
vn -0.061051 -0.587857 -0.806658
vn 0.125552 -0.293170 -0.947781
vn 0.060733 -0.630840 -0.773532
vn 0.064779 -0.041772 -0.997025
vn 0.068697 0.462508 -0.883950
vn -0.029629 0.081692 -0.996217
vn -0.255331 -0.046397 -0.965740
vn -0.252208 0.029098 -0.967235
vn 0.044402 -0.626120 -0.778461
vn 0.240258 -0.333542 -0.911606
vn 0.228916 -0.603616 -0.763705
vn 0.165407 -0.245925 -0.955071
vn 0.235549 0.516627 -0.823173
vn 0.083296 -0.083172 -0.993048
vn -0.006979 -0.127267 -0.991844
vn -0.108245 0.217181 -0.970111
vn -0.191451 -0.183754 -0.964148
vn -0.068861 0.143038 -0.987319
vn 0.081632 0.049974 -0.995409
vn 0.128145 0.165718 -0.977812
vn 0.143393 -0.390202 -0.909495
vn 0.021168 -0.567745 -0.822932
vn -0.020772 0.090201 -0.995707
vn 0.293325 -0.013747 -0.955914
vn -0.402503 -0.106974 -0.909147
vn -0.101529 0.277487 -0.955349
vn 0.199207 0.006456 -0.979936
vn 0.017886 -0.328564 -0.944312
vn 0.093262 0.383365 -0.918876
vn 0.082253 -0.479168 -0.873861
vn -0.010995 0.164531 -0.986311
vn -0.037857 -0.218260 -0.975156
vn -0.082058 -0.338167 -0.937502
vn 0.054531 -0.249499 -0.966839
vn -0.133037 0.085007 -0.987459
vn 0.014232 0.052694 -0.998509
vn 0.298130 0.535257 -0.790329
vn -0.119677 0.334797 -0.934660
vn 0.221990 -0.311851 -0.923834
vn 0.304205 -0.028056 -0.952193
vn -0.152316 -0.232812 -0.960520
vn -0.037352 -0.114286 -0.992745
vn -0.101741 0.266845 -0.958354
vn -0.165452 0.458673 -0.873066
vn 0.245466 0.390789 -0.887148
vn 0.133649 -0.342027 -0.930137
vn -0.007218 0.050479 -0.998699
vn -0.074916 0.534464 -0.841864
vn -0.232041 -0.061625 -0.970752
vn -0.149192 -0.200353 -0.968298
vn 0.064084 -0.420617 -0.904972
vn 0.033057 -0.437800 -0.898464
vn 0.164020 0.147401 -0.975382
vn 0.037422 0.671283 -0.740256
vn -0.089466 -0.138877 -0.986260
vn -0.140820 0.007508 -0.990007
vn -0.068814 -0.233904 -0.969821
vn 0.269031 0.267466 -0.925248
vn 0.056265 0.032296 -0.997893
vn -0.298749 0.056501 -0.952658
vn -0.082319 0.451366 -0.888534
vn 0.308518 -0.056178 -0.949558
vn 0.408540 -0.343383 -0.845685
vn -0.097069 -0.481561 -0.871020
vn 0.012733 0.199042 -0.979908
vn -0.179894 -0.341576 -0.922477
vn -0.048106 0.319862 -0.946242
vn 0.267418 0.320123 -0.908850
vn -0.065914 -0.293730 -0.953613
vn -0.281432 -0.025571 -0.959240
vn 0.173057 0.018387 -0.984740
vn 0.209049 0.345201 -0.914950
vn -0.179351 -0.068921 -0.981368
vn -0.039787 -0.475266 -0.878942
vn 0.081193 -0.557697 -0.826064
vn 0.099992 0.167681 -0.980757
vn -0.424827 -0.243153 -0.872008
vn -0.029995 0.194172 -0.980509
vn 0.097165 0.562819 -0.820849
vn -0.188229 -0.453654 -0.871073
vn 0.132495 0.421748 -0.896980
vn -0.002051 0.527639 -0.849466
vn -0.181529 0.262023 -0.947835
vn 0.131542 -0.347591 -0.928373
vn 0.088124 0.126703 -0.988018
vn 0.025183 -0.019033 -0.999502
vn 0.114267 -0.470434 -0.875006
vn 0.059786 0.272482 -0.960302
vn -0.139591 -0.078135 -0.987122
vn -0.420440 -0.011120 -0.907252
vn -0.268698 -0.560313 -0.783486
vn 0.069717 -0.104142 -0.992116
vn 0.026999 -0.336110 -0.941436
vn -0.119456 -0.321992 -0.939176
vn 0.002378 0.045688 -0.998953
vn 0.065886 -0.450837 -0.890171
vn 0.219939 -0.201584 -0.954458
vn 0.088920 0.396893 -0.913547
vn 0.061526 0.204899 -0.976848
vn -0.150763 -0.235101 -0.960207
vn -0.068744 0.235549 -0.969428
vn 0.344266 0.121845 -0.930932
vn 0.028991 0.398310 -0.916793
vn 0.003060 -0.535901 -0.844275
vn -0.012888 -0.356920 -0.934046
vn -0.121571 0.295595 -0.947546
vn -0.000744 -0.592715 -0.805412
vn 0.047360 -0.574667 -0.817016
vn -0.092810 -0.264875 -0.959806
vn -0.195766 -0.233713 -0.952394
vn -0.065781 -0.084405 -0.994258
vn 0.240669 0.425554 -0.872343
vn 0.087387 0.668556 -0.738510
vn -0.075908 0.084745 -0.993507
vn -0.048812 0.552808 -0.831878
vn 0.309733 0.003764 -0.950816
vn -0.031212 0.660235 -0.750410
vn -0.215237 0.599155 -0.771159
vn 0.131897 0.544592 -0.828265
vn 0.235636 -0.195299 -0.952016
vn -0.155430 0.336679 -0.928703
vn -0.094192 0.089846 -0.991492
vn 0.153786 -0.227067 -0.961660
vn -0.167963 -0.178866 -0.969430
vn -0.288405 -0.086352 -0.953607
vn -0.007444 0.474593 -0.880174
vn 0.014595 0.581005 -0.813769
vn -0.054813 -0.308541 -0.949630
vn -0.506110 -0.257485 -0.823136
vn -0.198177 0.682367 -0.703634
vn 0.067819 -0.089330 -0.993690
vn 0.199250 -0.485912 -0.850993
vn 0.105424 0.186980 -0.976690
vn -0.051108 -0.015869 -0.998567
vn 0.122989 0.069142 -0.989996
vn -0.098364 -0.309977 -0.945642
vn -0.111646 0.346726 -0.931298
vn 0.008141 -0.380777 -0.924631
vn -0.174467 -0.122751 -0.976982
vn 0.198415 -0.539565 -0.818230
vn 0.573091 -0.128700 -0.809323
vn -0.486566 0.386242 -0.783626
vn -0.089478 -0.685649 -0.722412
vn 0.232136 -0.550629 -0.801824
vn 0.048090 -0.494599 -0.867790
vn 0.041687 -0.207469 -0.977353
vn -0.115373 -0.315361 -0.941932
vn 0.019699 -0.199566 -0.979686
vn 0.048193 -0.043104 -0.997908
vn -0.127345 -0.427080 -0.895202
vn -0.117792 0.029280 -0.992607
vn 0.081569 -0.160462 -0.983666
vn 0.029348 -0.240923 -0.970100
vn -0.318098 0.586537 -0.744841
vn 0.379755 0.376779 -0.844881
vn 0.111122 -0.681799 -0.723050
vn -0.065696 -0.394487 -0.916550
vn 0.046467 0.615266 -0.786949
vn 0.020443 0.256973 -0.966202
vn -0.044731 0.566145 -0.823091
vn 0.015871 0.295429 -0.955233
vn -0.002949 0.335824 -0.941920
vn -0.130434 -0.438806 -0.889065
vn -0.103416 0.237019 -0.965985
vn -0.063198 -0.552485 -0.831124
vn -0.107652 0.026716 -0.993830
vn -0.048964 -0.494380 -0.867866
vn 0.337466 -0.434918 -0.834844
vn 0.158119 0.589232 -0.792341
vn -0.299657 0.405637 -0.863519
vn -0.197224 -0.061728 -0.978413
vn 0.065005 0.538006 -0.840431
vn -0.136990 -0.049949 -0.989312
vn 0.120861 0.514533 -0.848910
vn 0.306562 0.338376 -0.889675
vn -0.088013 0.486090 -0.869465
vn -0.051249 -0.380130 -0.923512
vn 0.151963 -0.337076 -0.929132
vn -0.004045 -0.549427 -0.835532
vn 0.011859 -0.443058 -0.896414
vn -0.423393 -0.235116 -0.874905
vn -0.182215 0.477056 -0.859776
vn 0.192923 0.484154 -0.853449
vn -0.003298 -0.512534 -0.858660
vn 0.014610 -0.465361 -0.885000
vn -0.035993 -0.506527 -0.861473
vn -0.123166 -0.486334 -0.865049
vn 0.013986 -0.183842 -0.982856
vn 0.138840 0.266275 -0.953845
vn 0.202339 -0.453763 -0.867847
vn 0.014215 0.262410 -0.964852
vn -0.058967 0.155784 -0.986030
vn -0.160908 0.383861 -0.909263
vn -0.199247 -0.056694 -0.978308
vn -0.108308 0.021322 -0.993889
vn 0.074667 0.280914 -0.956824
vn 0.193833 0.200470 -0.960334
vn 0.063172 -0.518002 -0.853044
vn -0.120750 0.230141 -0.965637
vn -0.005118 -0.402203 -0.915536
vn 0.034001 0.056018 -0.997851
vn 0.022682 -0.037772 -0.999029
vn -0.045715 0.499413 -0.865157
vn -0.087256 -0.052671 -0.994793
vn -0.054226 0.433117 -0.899705
vn -0.175301 -0.197640 -0.964473
vn -0.435273 0.408493 -0.802291
vn -0.293124 -0.421962 -0.857920
vn 0.154540 -0.079678 -0.984768
vn 0.304685 0.217871 -0.927200
vn 0.004418 0.612774 -0.790246
vn -0.102625 0.105568 -0.989102
vn -0.069241 0.382236 -0.921467
vn -0.132749 0.010738 -0.991091
vn -0.044819 -0.281352 -0.958557
vn 0.225770 0.233897 -0.945685
vn 0.048003 -0.282699 -0.958007
vn -0.003588 -0.260749 -0.965400
vn 0.309589 -0.148024 -0.939278
vn 0.369943 0.620723 -0.691264
vn 0.107211 -0.131528 -0.985498
vn -0.182887 -0.204754 -0.961576
vn -0.109890 0.248564 -0.962362
vn 0.120467 0.022814 -0.992455
vn 0.007054 0.478861 -0.877862
vn 0.028084 -0.333238 -0.942424
vn 0.283350 -0.011818 -0.958944
vn -0.062145 -0.264465 -0.962391
vn -0.052161 0.032086 -0.998123
vn 0.081414 0.609519 -0.788580
vn -0.108229 0.194506 -0.974912
vn -0.215275 0.541017 -0.812993
vn 0.209712 -0.192153 -0.958696
vn 0.051658 0.652165 -0.756315
vn 0.011454 -0.374929 -0.926983
vn 0.225879 0.272866 -0.935159
vn -0.078207 -0.622176 -0.778961
vn 0.034417 -0.209860 -0.977126
vn 0.104649 -0.590010 -0.800585
vn -0.160677 -0.052445 -0.985613
vn -0.050460 0.599465 -0.798809
vn -0.127727 0.487998 -0.863449
vn -0.009994 0.514837 -0.857230
vn 0.029146 0.584530 -0.810848
vn -0.013601 -0.311453 -0.950164
vn -0.207321 -0.514800 -0.831865
vn 0.174168 0.272968 -0.946126
vn 0.020323 -0.047320 -0.998673
vn 0.031149 0.097841 -0.994714
vn 0.259519 0.473487 -0.841701
vn -0.014670 -0.105571 -0.994304
vn -0.022421 0.659033 -0.751780
vn -0.241729 0.178638 -0.953759
vn -0.278448 -0.134226 -0.951026
vn 0.003043 -0.056202 -0.998415
vn 0.034826 -0.648050 -0.760801
vn 0.202159 -0.444084 -0.872881
vn 0.450505 0.119950 -0.884679
vn -0.383573 -0.359781 -0.850547
vn -0.133498 -0.325128 -0.936200
vn 0.071332 0.497874 -0.864311
vn 0.015060 -0.402218 -0.915420
vn -0.020562 0.564374 -0.825263
vn -0.074308 0.382743 -0.920862
vn 0.022354 -0.066865 -0.997512
vn 0.179371 0.505845 -0.843770
vn 0.023279 -0.490776 -0.870975
vn 0.098899 -0.492040 -0.864937
vn 0.153453 -0.019774 -0.987958
vn -0.308732 0.145388 -0.939972
vn -0.438548 -0.079565 -0.895179
vn -0.276409 0.320746 -0.905936
vn -0.150584 -0.558529 -0.815702
vn 0.053316 -0.185503 -0.981196
vn -0.008212 -0.249867 -0.968245
vn -0.007210 0.034104 -0.999392
vn 0.209017 -0.567133 -0.796663
vn -0.079798 -0.571195 -0.816926
vn -0.066673 -0.307333 -0.949264
vn 0.128567 0.347178 -0.928944
vn -0.184856 0.299850 -0.935905
vn -0.215907 0.032834 -0.975862
vn 0.236317 0.314212 -0.919470
vn 0.473207 -0.551700 -0.686806
vn 0.297375 -0.156586 -0.941833
vn 0.056957 -0.164125 -0.984794
vn -0.074153 -0.122785 -0.989659
vn -0.065767 0.010372 -0.997781
vn 0.136857 0.244465 -0.959952
vn 0.186601 0.002194 -0.982433
vn -0.110345 0.392193 -0.913241
vn -0.180319 -0.024653 -0.983299
vn -0.169620 0.570045 -0.803914
vn 0.229345 -0.181891 -0.956199
vn 0.143591 -0.176030 -0.973856
vn -0.019576 0.010158 -0.999757
vn 0.296163 0.466043 -0.833721
vn -0.179664 -0.787590 -0.589426
vn -0.185915 0.320699 -0.928756
vn -0.010982 0.061945 -0.998019
vn -0.146649 -0.001114 -0.989188
vn -0.003746 0.453111 -0.891446
vn 0.153108 0.614622 -0.773820
vn -0.079175 0.420586 -0.903791
vn -0.146196 0.517752 -0.842947
vn 0.181299 0.374198 -0.909454
vn 0.068904 -0.847395 -0.526473
vn -0.204136 0.692913 -0.691520
vn -0.012549 0.619502 -0.784895
vn 0.198483 0.686909 -0.699114
vn -0.983632 0.029556 0.177750
vn -0.967318 -0.236630 0.091116
vn -0.994510 0.008438 -0.104301
vn -0.927143 0.372078 -0.044315
vn -0.998478 0.054342 0.009367
vn -0.953891 0.297316 -0.041175
vn -0.995160 0.096311 -0.019498
vn -0.986140 -0.142451 0.085064
vn -0.929263 -0.302331 0.212289
vn -0.999899 -0.014008 -0.002406
vn -0.980974 -0.174372 0.085351
vn -0.982874 -0.148921 0.108545
vn -0.999369 0.014383 -0.032464
vn -0.999440 -0.026446 -0.020483
vn -0.984905 0.170713 -0.028609
vn -0.985587 -0.000867 -0.169166
vn -0.986073 0.157405 -0.053690
vn -0.994171 -0.011277 0.107226
vn -0.996008 -0.081019 -0.037469
vn -0.992494 0.122264 0.002504
vn -0.984845 -0.171924 0.022869
vn -0.978352 -0.204002 0.034802
vn -0.980514 -0.160631 0.113092
vn -0.961398 -0.274014 -0.025103
vn -0.994411 -0.101638 -0.028567
vn -0.993647 0.080364 0.078781
vn -0.997865 0.065304 0.000487
vn -0.965273 -0.013056 0.260916
vn -0.995908 -0.086919 0.024754
vn -0.990607 -0.081689 -0.109660
vn -0.982005 0.187212 -0.024864
vn -0.994163 -0.081165 -0.071077
vn -0.970104 -0.242408 0.011669
vn -0.997294 -0.014390 0.072093
vn -0.995757 0.072184 0.057076
vn -0.967338 -0.239019 0.084425
vn -0.984949 0.109293 -0.133906
vn -0.990531 -0.130374 -0.043024
vn -0.968748 0.143983 0.201983
vn -0.997986 -0.052202 0.036047
vn -0.975676 0.133339 -0.174003
vn -0.985120 0.170877 0.018418
vn -0.970335 0.160657 0.180663
vn -0.996103 0.045549 -0.075527
vn -0.919875 0.023313 -0.391518
vn -0.996490 -0.064841 -0.052955
vn -0.963280 0.264149 0.048131
vn -0.986279 0.154924 -0.057031
vn -0.999366 -0.012696 -0.033275
vn -0.993646 -0.080636 0.078514
vn -0.999161 -0.026448 0.031273
vn -0.999443 0.030779 -0.012858
vn -0.960185 -0.277198 -0.034724
vn -0.998083 -0.015218 0.059983
vn -0.947122 0.114633 0.299699
vn -0.980953 0.164894 0.102670
vn -0.996278 0.084476 0.017154
vn -0.980942 0.152532 -0.120363
vn -0.981364 -0.055313 -0.184024
vn -0.985415 0.143178 0.091968
vn -0.975475 -0.219829 0.011093
vn -0.979666 0.171363 -0.104353
vn -0.997768 -0.027404 -0.060891
vn -0.986996 0.160468 0.009483
vn -0.970619 -0.239314 0.025046
vn -0.989234 -0.130861 -0.065511
vn -0.991560 0.029176 -0.126325
vn -0.954980 0.288541 0.068966
vn -0.980655 0.178745 -0.079788
vn -0.985269 -0.170879 0.006781
vn -0.994746 0.037486 0.095260
vn -0.978538 0.018340 -0.205247
vn -0.974329 0.029328 -0.223208
vn -0.995549 -0.022554 -0.091505
vn -0.932289 -0.309273 0.187582
vn -0.975064 -0.150866 0.162756
vn -0.982559 -0.165830 -0.084127
vn -0.954390 -0.208686 -0.213518
vn -0.990076 0.112535 -0.084176
vn -0.998435 -0.051599 0.021564
vn -0.978629 -0.187497 -0.084440
vn -0.991284 -0.117184 -0.060203
vn -0.964177 0.164995 -0.207702
vn -0.986750 -0.056138 -0.152226
vn -0.998063 -0.059328 -0.018723
vn -0.975565 -0.217807 0.028871
vn -0.984591 -0.139626 0.105281
vn -0.973519 0.197535 0.115072
vn -0.992167 -0.064638 -0.106896
vn -0.929533 0.016399 -0.368373
vn -0.985138 -0.075320 0.154367
vn -0.998366 -0.025892 -0.050949
vn -0.969216 0.241872 0.046032
vn -0.963430 0.262471 0.053956
vn -0.936803 0.324143 -0.131651
vn -0.973253 0.222090 0.058776
vn -0.995232 0.091514 -0.033750
vn -0.994131 0.037926 -0.101314
vn -0.958284 0.284883 0.023098
vn -0.995974 -0.089402 0.006603
vn -0.999960 -0.008745 0.001921
vn -0.984912 0.167375 0.043968
vn -0.987325 -0.152210 0.044966
vn -0.997924 -0.064401 0.000101
vn -0.975978 0.209173 -0.060942
vn -0.996351 -0.084933 -0.008462
vn -0.993617 0.109028 0.028963
vn -0.996359 0.068615 -0.050601
vn -0.959321 -0.123341 0.253951
vn -0.976702 -0.178414 0.119258
vn -0.983957 -0.171643 -0.048658
vn -0.976395 -0.192508 -0.097943
vn -0.966648 -0.235087 0.101619
vn -0.998561 -0.026683 0.046518
vn -0.992128 0.071474 -0.102825
vn -0.957816 -0.287380 0.000793
vn -0.960526 -0.276656 -0.029179
vn -0.989761 0.127164 -0.064831
vn -0.993148 0.113348 -0.028463
vn -0.998022 0.052283 0.034911
vn -0.977892 0.209109 -0.000288
vn -0.968076 0.225182 0.110097
vn -0.989149 -0.015315 0.146115
vn -0.974257 -0.127689 -0.185794
vn -0.971484 -0.119344 -0.204882
vn -0.998423 -0.044125 -0.034717
vn -0.966565 0.096980 0.237376
vn -0.997146 0.025201 0.071170
vn -0.992124 0.124115 0.016886
vn -0.987509 -0.156339 0.019589
vn -0.973040 0.225906 -0.046468
vn -0.933690 -0.307863 -0.182875
vn -0.979342 -0.106977 -0.171596
vn -0.996283 0.063211 0.058521
vn -0.989578 0.123697 0.073714
vn -0.973831 0.160157 -0.161252
vn -0.950584 -0.310254 -0.011548
vn -0.965878 -0.244848 -0.084430
vn -0.983415 -0.167357 0.069904
vn -0.999783 0.020842 -0.000546
vn -0.994220 0.072241 -0.079420
vn -0.997449 0.004607 0.071231
vn -0.997678 0.040688 -0.054613
vn -0.998665 0.020882 0.047235
vn -0.925586 0.008372 -0.378445
vn -0.979181 0.003901 -0.202950
vn -0.992639 0.014333 0.120263
vn -0.935746 0.297305 0.189707
vn -0.989919 -0.085403 0.112987
vn -0.977527 0.060190 -0.202036
vn -0.970712 -0.146106 -0.190714
vn -0.997519 0.011612 0.069428
vn -0.996326 -0.071043 0.047817
vn -0.951945 -0.258625 -0.164052
vn -0.983862 0.178730 -0.008415
vn -0.938368 0.326211 0.114241
vn -0.996215 0.086832 0.003926
vn -0.949801 -0.267214 -0.162710
vn -0.986416 -0.111046 -0.121043
vn -0.985406 0.166025 0.037568
vn -0.999911 0.013227 -0.001934
vn -0.997515 -0.031262 -0.063139
vn -0.980703 0.037814 0.191812
vn -0.965752 0.167012 0.198571
vn -0.991286 0.118441 0.057648
vn -0.974726 -0.073095 -0.211108
vn -0.997860 0.062575 -0.018979
vn -0.974278 0.206244 0.090802
vn -0.993621 0.014174 -0.111881
vn -0.996129 0.060928 -0.063369
vn -0.971120 0.238332 -0.011101
vn -0.999938 0.008741 0.006836
vn -0.991814 0.119486 0.045025
vn -0.957908 -0.284028 -0.041707
vn -0.998188 0.049748 -0.033846
vn -0.983566 0.179493 0.019485
vn -0.987781 0.029085 -0.153112
vn -0.985803 -0.156300 -0.061342
vn -0.977178 0.151702 0.148696
vn -0.981205 -0.072209 0.178949
vn -0.943368 -0.066337 0.325048
vn -0.992202 -0.124620 0.002096
vn -0.986186 -0.165281 0.010913
vn -0.994752 0.004556 0.102212
vn -0.988482 -0.147864 -0.032240
vn -0.988408 -0.073931 -0.132607
vn -0.999385 -0.020127 -0.028715
vn -0.992254 -0.124034 -0.006923
vn -0.944462 -0.136417 -0.298967
vn -0.981157 0.181731 -0.065610
vn -0.972100 -0.233801 -0.018912
vn -0.964712 0.259980 0.041721
vn -0.996776 -0.077210 -0.021830
vn -0.991277 -0.127646 -0.032820
vn -0.985792 -0.153712 -0.067732
vn -0.956455 0.277159 -0.091527
vn -0.997597 -0.004604 0.069137
vn -0.987597 0.027831 0.154521
vn -0.959007 -0.185842 -0.213937
vn -0.992336 -0.109189 0.057845
vn -0.981462 0.151375 0.117547
vn -0.976203 -0.147597 -0.158881
vn -0.990751 0.106452 -0.084142
vn -0.980290 0.137344 0.142013
vn -0.957136 0.281288 0.069050
vn -0.983131 0.040701 -0.178315
vn -0.964597 0.017259 -0.263161
vn -0.997836 -0.048215 0.044704
vn -0.958897 0.197418 0.203822
vn -0.998319 -0.055766 0.015779
vn -0.977964 -0.202216 -0.051923
vn -0.981876 0.104408 0.158172
vn -0.995002 0.083141 0.055307
vn -0.981442 -0.107927 -0.158501
vn -0.984759 0.132262 -0.112944
vn -0.959891 0.253349 0.120101
vn -0.992564 0.039928 0.114989
vn -0.971584 0.230966 0.051751
vn -0.977023 -0.149641 -0.151765
vn -0.993696 -0.098088 -0.054280
vn -0.992034 0.065236 0.107762
vn -0.978537 -0.206069 0.000652
vn -0.993245 -0.048834 0.105260
vn -0.986958 0.146369 0.067009
vn -0.994687 0.026603 -0.099453
vn -0.949746 -0.111102 0.292642
vn -0.986270 -0.143068 0.082486
vn -0.978598 -0.026874 -0.204020
vn -0.985994 0.139403 0.091553
vn -0.995584 0.037347 0.086124
vn -0.988166 -0.151974 -0.020783
vn -0.990453 0.114323 0.077020
vn -0.993403 -0.095380 -0.063661
vn -0.995451 -0.087880 -0.036789
vn -0.996918 0.006565 0.078170
vn -0.992917 0.039225 0.112144
vn -0.999291 0.012216 0.035602
vn -0.978168 0.207523 -0.011061
vn -0.996110 0.007248 -0.087815
vn -0.998244 0.027405 0.052516
vn -0.957965 -0.251283 0.138422
vn -0.995394 -0.067978 -0.067598
vn -0.980282 -0.176975 -0.087908
vn -0.922676 0.207784 0.324800
vn -0.996179 -0.006914 0.087060
vn -0.989295 0.112967 -0.092382
vn -0.992475 0.084224 0.088881
vn -0.998742 0.034303 -0.036582
vn -0.980392 -0.009632 -0.196820
vn -0.988364 -0.151484 0.013770
vn -0.999864 0.013399 -0.009567
vn -0.971727 -0.151208 -0.181338
vn -0.944645 0.244918 -0.218313
vn -0.947701 -0.317020 0.036902
vn -0.988955 0.113128 0.095761
vn -0.997711 -0.020653 -0.064389
vn -0.977348 -0.151427 -0.147856
vn -0.997017 0.027134 -0.072251
vn -0.977469 0.141781 0.156375
vn -0.997563 -0.008138 -0.069301
vn -0.953404 -0.028563 -0.300342
vn -0.910662 -0.101813 -0.400411
vn -0.996168 0.086983 -0.009156
vn -0.955969 -0.271779 0.110727
vn -0.995530 0.029869 -0.089595
vn -0.968315 -0.249691 -0.004536
vn -0.955611 0.294631 -0.000731
vn -0.992501 0.121863 -0.009578
vn -0.992087 -0.008797 -0.125241
vn -0.973874 0.086315 -0.210047
vn -0.967028 -0.252491 0.033252
vn -0.942966 0.325071 -0.071720
vn -0.955464 -0.289742 0.056010
vn -0.997792 0.047123 -0.046810
vn -0.995428 -0.089218 0.034104
vn -0.973172 -0.147676 0.176433
vn -0.986626 0.154886 -0.050788
vn -0.995310 0.030474 -0.091807
vn -0.980150 0.080107 -0.181351
vn -0.937836 0.036033 0.345203
vn -0.996618 -0.073296 -0.037163
vn -0.993208 0.082591 -0.081949
vn -0.998441 -0.019413 0.052334
vn -0.990613 0.013306 -0.136045
vn -0.984648 -0.067114 0.161132
vn -0.993406 0.027946 0.111189
vn -0.983072 0.059109 -0.173425
vn -0.969689 0.198084 -0.143061
vn -0.993193 0.023307 -0.114121
vn -0.978886 -0.199334 -0.045259
vn -0.972368 0.214531 0.092072
vn -0.990671 0.100047 -0.092524
vn -0.998682 0.051294 0.001780
vn -0.971939 0.144355 0.185734
vn -0.998492 -0.043096 0.033996
vn -0.993998 0.106491 0.025039
vn -0.980927 0.194251 0.007039
vn -0.989924 -0.125987 0.064628
vn -0.988515 0.119059 0.093070
vn -0.991335 0.054486 0.119527
vn -0.979517 -0.192466 -0.059190
vn -0.982048 0.157537 -0.103748
vn -0.974363 -0.202492 0.098049
vn -0.963197 -0.256229 0.081231
vn -0.961888 -0.273032 -0.015023
vn -0.998542 -0.047135 -0.026302
vn -0.977011 -0.034189 0.210429
vn -0.996181 0.044758 0.074965
vn -0.990992 0.067703 -0.115550
vn -0.999501 -0.021579 -0.023081
vn -0.979023 0.203671 -0.005649
vn -0.995682 -0.002692 -0.092792
vn -0.966370 -0.256651 -0.016079
vn -0.978041 -0.124270 0.167310
vn -0.951480 -0.020233 0.307046
vn -0.961755 0.218426 0.165278
vn -0.981748 0.102736 0.160050
vn -0.996760 0.026405 0.075979
vn -0.997494 0.062772 0.032635
vn -0.985308 0.144089 -0.091688
vn -0.972186 0.105438 -0.209133
vn -0.999702 0.024351 0.001430
vn -0.979593 0.139961 0.144255
vn -0.984610 -0.133362 0.112954
vn -0.998239 -0.028552 0.052001
vn -0.994268 0.089716 -0.058160
vn -0.986132 -0.085226 -0.142409
vn -0.989030 -0.136638 0.056116
vn -0.951968 -0.305304 0.023399
vn -0.975470 0.139649 -0.170168
vn -0.999980 -0.000930 0.006309
vn -0.994056 0.087967 0.064146
vn -0.998798 0.008132 -0.048336
vn -0.930800 -0.197714 0.307441
vn -0.980061 -0.156837 0.121995
vn -0.976987 -0.199945 -0.074283
vn -0.992437 0.007251 -0.122538
vn -0.951524 -0.294141 0.089908
vn -0.988174 0.153325 -0.001908
vn -0.999101 0.023963 -0.034984
vn -0.987147 0.051368 0.151337
vn -0.983772 0.179270 0.007462
vn -0.992044 -0.034854 0.120969
vn -0.998578 0.002613 -0.053248
vn -0.994705 0.097435 -0.032682
vn -0.987528 0.156927 -0.012748
vn -0.987473 0.100540 0.121607
vn -0.966333 -0.253146 0.046024
vn -0.995800 0.067196 -0.062178
vn -0.985519 -0.025965 0.167564
vn -0.991821 -0.029545 0.124170
vn -0.934133 -0.031212 0.355559
vn -0.969195 0.134028 0.206634
vn -0.992474 0.119226 0.027950
vn -0.990939 -0.060715 -0.119802
vn -0.982780 0.026348 -0.182891
vn -0.947106 -0.320059 -0.023509
vn -0.992149 0.031196 0.121106
vn -0.971887 -0.219189 0.085975
vn -0.994049 -0.108893 0.002977
vn -0.942818 0.040720 0.330811
vn -0.983564 -0.173999 0.048233
vn -0.985381 -0.047985 -0.163469
vn -0.981933 -0.174257 -0.073766
vn -0.993587 -0.095273 -0.060900
vn -0.996411 0.067906 0.050534
vn -0.997179 -0.074022 0.012462
vn -0.997069 0.010309 0.075811
vn -0.962842 0.018356 0.269441
vn -0.976934 0.195825 0.085157
vn -0.987755 -0.042605 0.150083
vn -0.999445 -0.018407 0.027776
vn -0.970900 0.188337 -0.147924
vn -0.998329 0.053308 -0.022315
vn -0.999946 -0.000533 -0.010383
vn -0.994968 0.055970 0.083104
vn -0.985277 0.084821 0.148441
vn -0.997118 0.074450 0.014585
vn -0.999468 -0.019581 0.026085
vn -0.983459 0.154054 -0.095269
vn -0.999271 0.037359 -0.007812
vn -0.998090 -0.055467 -0.027194
vn -0.941367 0.285498 -0.179774
vn -0.993611 -0.100019 0.052283
vn -0.974373 0.214270 0.068444
vn -0.988973 0.119603 0.087335
vn -0.966712 0.005809 0.255801
vn -0.934884 -0.187849 0.301172
vn -0.973001 -0.138265 0.184801
vn -0.983664 0.141066 -0.111830
vn -0.984386 -0.174306 0.024516
vn -0.996499 0.065283 -0.052229
vn -0.986792 0.148336 -0.065096
vn -0.969873 -0.095083 0.224290
vn -0.974555 0.224009 0.007856
vn -0.990501 -0.007639 -0.137293
vn -0.993397 0.048756 0.103851
vn -0.983731 -0.123433 0.130530
vn -0.997561 -0.062505 -0.031055
vn -0.993398 0.083509 -0.078654
vn -0.996126 -0.083634 0.027185
vn -0.998096 -0.025181 -0.056305
vn -0.991843 0.036052 0.122263
vn -0.965958 -0.215272 0.143469
vn -0.997885 0.038949 -0.052040
vn -0.995974 0.010325 0.089051
vn -0.991003 0.069471 0.114398
vn -0.982863 -0.182559 0.025559
vn -0.968360 0.249343 0.010365
vn -0.991578 -0.036636 -0.124219
vn -0.994135 0.107217 0.014154
vn -0.995068 0.005949 0.099013
vn -0.961066 -0.276156 0.009466
vn -0.978030 0.032264 0.205951
vn -0.959899 0.217568 0.176802
vn -0.982476 0.186380 0.001916
vn -0.974464 -0.205098 0.091399
vn -0.998045 0.059223 0.019981
vn -0.997276 -0.014728 -0.072272
vn -0.953581 0.299969 -0.026506
vn -0.986509 -0.087590 -0.138302
vn -0.986414 0.001903 0.164269
vn -0.913588 -0.219112 0.342558
vn -0.984759 0.169374 0.039528
vn -0.965475 -0.197458 -0.169907
vn -0.994423 -0.086343 -0.060566
vn -0.982044 -0.127945 0.138639
vn -0.992866 -0.110599 0.044561
vn -0.999364 -0.006341 -0.035086
vn -0.993085 0.045619 -0.108171
vn -0.966482 0.241253 -0.087804
vn -0.979195 -0.170873 -0.109452
vn -0.933786 -0.199906 -0.296786
vn -0.962999 -0.213644 -0.164286
vn -0.976016 0.166841 0.139847
vn -0.991866 -0.127231 0.003613
vn -0.972469 -0.232823 0.009877
vn -0.984656 -0.157130 0.075908
vn -0.999484 -0.010229 0.030434
vn -0.990867 0.133443 0.019393
vn -0.965183 0.186011 -0.183905
vn -0.981886 -0.187202 0.029239
vn -0.995342 0.053323 0.080322
vn -0.990261 0.139217 0.001465
vn -0.978927 -0.157812 -0.129606
vn -0.945520 0.324773 0.022704
vn -0.991673 -0.054458 0.116698
vn -0.984365 0.153790 0.085879
vn -0.960601 -0.274633 0.042702
vn -0.995379 0.089721 -0.034222
vn -0.999124 -0.041118 0.007800
vn -0.996016 -0.073817 0.050029
vn -0.991328 -0.131412 0.000095
vn -0.987527 -0.077287 0.137176
vn -0.824560 0.561817 0.066805
vn -0.994602 0.092258 -0.047487
vn -0.976124 0.180666 -0.120588
vn -0.879854 -0.474755 -0.021549
vn -0.954724 -0.020767 0.296767
vn -0.983632 0.029556 0.177750
vn -0.967318 -0.236630 0.091116
vn -0.994510 0.008438 -0.104301
vn -0.927143 0.372078 -0.044315
vn -0.998478 0.054342 0.009367
vn -0.953891 0.297316 -0.041175
vn -0.995160 0.096311 -0.019498
vn -0.986140 -0.142451 0.085064
vn -0.929263 -0.302331 0.212289
vn -0.999899 -0.014008 -0.002406
vn -0.980974 -0.174372 0.085351
vn -0.982874 -0.148921 0.108545
vn -0.999369 0.014383 -0.032464
vn -0.999440 -0.026446 -0.020483
vn -0.984905 0.170713 -0.028609
vn -0.985587 -0.000867 -0.169166
vn -0.986073 0.157405 -0.053690
vn -0.994171 -0.011277 0.107226
vn -0.996008 -0.081019 -0.037469
vn -0.992494 0.122264 0.002504
vn -0.984845 -0.171924 0.022869
vn -0.978352 -0.204002 0.034802
vn -0.980514 -0.160631 0.113092
vn -0.961398 -0.274014 -0.025103
vn -0.994411 -0.101638 -0.028567
vn -0.993647 0.080364 0.078781
vn -0.997865 0.065304 0.000487
vn -0.965273 -0.013056 0.260916
vn -0.995908 -0.086919 0.024754
vn -0.990607 -0.081689 -0.109660
vn -0.982005 0.187212 -0.024864
vn -0.994163 -0.081165 -0.071077
vn -0.970104 -0.242408 0.011669
vn -0.997294 -0.014390 0.072093
vn -0.995757 0.072184 0.057076
vn -0.967338 -0.239019 0.084425
vn -0.984949 0.109293 -0.133906
vn -0.990531 -0.130374 -0.043024
vn -0.968748 0.143983 0.201983
vn -0.997986 -0.052202 0.036047
vn -0.975676 0.133339 -0.174003
vn -0.985120 0.170877 0.018418
vn -0.970335 0.160657 0.180663
vn -0.996103 0.045549 -0.075527
vn -0.919875 0.023313 -0.391518
vn -0.996490 -0.064841 -0.052955
vn -0.963280 0.264149 0.048131
vn -0.986279 0.154924 -0.057031
vn -0.999366 -0.012696 -0.033275
vn -0.993646 -0.080636 0.078514
vn -0.999161 -0.026448 0.031273
vn -0.999443 0.030779 -0.012858
vn -0.960185 -0.277198 -0.034724
vn -0.998083 -0.015218 0.059983
vn -0.947122 0.114633 0.299699
vn -0.980953 0.164894 0.102670
vn -0.996278 0.084476 0.017154
vn -0.980942 0.152532 -0.120363
vn -0.981364 -0.055313 -0.184024
vn -0.985415 0.143178 0.091968
vn -0.975475 -0.219829 0.011093
vn -0.979666 0.171363 -0.104353
vn -0.997768 -0.027404 -0.060891
vn -0.986996 0.160468 0.009483
vn -0.970619 -0.239314 0.025046
vn -0.989234 -0.130861 -0.065511
vn -0.991560 0.029176 -0.126325
vn -0.954980 0.288541 0.068966
vn -0.980655 0.178745 -0.079788
vn -0.985269 -0.170879 0.006781
vn -0.994746 0.037486 0.095260
vn -0.978538 0.018340 -0.205247
vn -0.974329 0.029328 -0.223208
vn -0.995549 -0.022554 -0.091505
vn -0.932289 -0.309273 0.187582
vn -0.975064 -0.150866 0.162756
vn -0.982559 -0.165830 -0.084127
vn -0.954390 -0.208686 -0.213518
vn -0.990076 0.112535 -0.084176
vn -0.998435 -0.051599 0.021564
vn -0.978629 -0.187497 -0.084440
vn -0.991284 -0.117184 -0.060203
vn -0.964177 0.164995 -0.207702
vn -0.986750 -0.056138 -0.152226
vn -0.998063 -0.059328 -0.018723
vn -0.975565 -0.217807 0.028871
vn -0.984591 -0.139626 0.105281
vn -0.973519 0.197535 0.115072
vn -0.992167 -0.064638 -0.106896
vn -0.929533 0.016399 -0.368373
vn -0.985138 -0.075320 0.154367
vn -0.998366 -0.025892 -0.050949
vn -0.969216 0.241872 0.046032
vn -0.963430 0.262471 0.053956
vn -0.936803 0.324143 -0.131651
vn -0.973253 0.222090 0.058776
vn -0.995232 0.091514 -0.033750
vn -0.994131 0.037926 -0.101314
vn -0.958284 0.284883 0.023098
vn -0.995974 -0.089402 0.006603
vn -0.999960 -0.008745 0.001921
vn -0.984912 0.167375 0.043968
vn -0.987325 -0.152210 0.044966
vn -0.997924 -0.064401 0.000101
vn -0.975978 0.209173 -0.060942
vn -0.996351 -0.084933 -0.008462
vn -0.993617 0.109028 0.028963
vn -0.996359 0.068615 -0.050601
vn -0.959321 -0.123341 0.253951
vn -0.976702 -0.178414 0.119258
vn -0.983957 -0.171643 -0.048658
vn -0.976395 -0.192508 -0.097943
vn -0.966648 -0.235087 0.101619
vn -0.998561 -0.026683 0.046518
vn -0.992128 0.071474 -0.102825
vn -0.957816 -0.287380 0.000793
vn -0.960526 -0.276656 -0.029179
vn -0.989761 0.127164 -0.064831
vn -0.993148 0.113348 -0.028463
vn -0.998022 0.052283 0.034911
vn -0.977892 0.209109 -0.000288
vn -0.968076 0.225182 0.110097
vn -0.989149 -0.015315 0.146115
vn -0.974257 -0.127689 -0.185794
vn -0.971484 -0.119344 -0.204882
vn -0.998423 -0.044125 -0.034717
vn -0.966565 0.096980 0.237376
vn -0.997146 0.025201 0.071170
vn -0.992124 0.124115 0.016886
vn -0.987509 -0.156339 0.019589
vn -0.973040 0.225906 -0.046468
vn -0.933690 -0.307863 -0.182875
vn -0.979342 -0.106977 -0.171596
vn -0.996283 0.063211 0.058521
vn -0.989578 0.123697 0.073714
vn -0.973831 0.160157 -0.161252
vn -0.950584 -0.310254 -0.011548
vn -0.965878 -0.244848 -0.084430
vn -0.983415 -0.167357 0.069904
vn -0.999783 0.020842 -0.000546
vn -0.994220 0.072241 -0.079420
vn -0.997449 0.004607 0.071231
vn -0.997678 0.040688 -0.054613
vn -0.998665 0.020882 0.047235
vn -0.925586 0.008372 -0.378445
vn -0.979181 0.003901 -0.202950
vn -0.992639 0.014333 0.120263
vn -0.935746 0.297305 0.189707
vn -0.989919 -0.085403 0.112987
vn -0.977527 0.060190 -0.202036
vn -0.970712 -0.146106 -0.190714
vn -0.997519 0.011612 0.069428
vn -0.996326 -0.071043 0.047817
vn -0.951945 -0.258625 -0.164052
vn -0.983862 0.178730 -0.008415
vn -0.938368 0.326211 0.114241
vn -0.996215 0.086832 0.003926
vn -0.949801 -0.267214 -0.162710
vn -0.986416 -0.111046 -0.121043
vn -0.985406 0.166025 0.037568
vn -0.999911 0.013227 -0.001934
vn -0.997515 -0.031262 -0.063139
vn -0.980703 0.037814 0.191812
vn -0.965752 0.167012 0.198571
vn -0.991286 0.118441 0.057648
vn -0.974726 -0.073095 -0.211108
vn -0.997860 0.062575 -0.018979
vn -0.974278 0.206244 0.090802
vn -0.993621 0.014174 -0.111881
vn -0.996129 0.060928 -0.063369
vn -0.971120 0.238332 -0.011101
vn -0.999938 0.008741 0.006836
vn -0.991814 0.119486 0.045025
vn -0.957908 -0.284028 -0.041707
vn -0.998188 0.049748 -0.033846
vn -0.983566 0.179493 0.019485
vn -0.987781 0.029085 -0.153112
vn -0.985803 -0.156300 -0.061342
vn -0.977178 0.151702 0.148696
vn -0.981205 -0.072209 0.178949
vn -0.943368 -0.066337 0.325048
vn -0.992202 -0.124620 0.002096
vn -0.986186 -0.165281 0.010913
vn -0.994752 0.004556 0.102212
vn -0.988482 -0.147864 -0.032240
vn -0.988408 -0.073931 -0.132607
vn -0.999385 -0.020127 -0.028715
vn -0.992254 -0.124034 -0.006923
vn -0.944462 -0.136417 -0.298967
vn -0.981157 0.181731 -0.065610
vn -0.972100 -0.233801 -0.018912
vn -0.964712 0.259980 0.041721
vn -0.996776 -0.077210 -0.021830
vn -0.991277 -0.127646 -0.032820
vn -0.985792 -0.153712 -0.067732
vn -0.956455 0.277159 -0.091527
vn -0.997597 -0.004604 0.069137
vn -0.987597 0.027831 0.154521
vn -0.959007 -0.185842 -0.213937
vn -0.992336 -0.109189 0.057845
vn -0.981462 0.151375 0.117547
vn -0.976203 -0.147597 -0.158881
vn -0.990751 0.106452 -0.084142
vn -0.980290 0.137344 0.142013
vn -0.957136 0.281288 0.069050
vn -0.983131 0.040701 -0.178315
vn -0.964597 0.017259 -0.263161
vn -0.997836 -0.048215 0.044704
vn -0.958897 0.197418 0.203822
vn -0.998319 -0.055766 0.015779
vn -0.977964 -0.202216 -0.051923
vn -0.981876 0.104408 0.158172
vn -0.995002 0.083141 0.055307
vn -0.981442 -0.107927 -0.158501
vn -0.984759 0.132262 -0.112944
vn -0.959891 0.253349 0.120101
vn -0.992564 0.039928 0.114989
vn -0.971584 0.230966 0.051751
vn -0.977023 -0.149641 -0.151765
vn -0.993696 -0.098088 -0.054280
vn -0.992034 0.065236 0.107762
vn -0.978537 -0.206069 0.000652
vn -0.993245 -0.048834 0.105260
vn -0.986958 0.146369 0.067009
vn -0.994687 0.026603 -0.099453
vn -0.949746 -0.111102 0.292642
vn -0.986270 -0.143068 0.082486
vn -0.978598 -0.026874 -0.204020
vn -0.985994 0.139403 0.091553
vn -0.995584 0.037347 0.086124
vn -0.988166 -0.151974 -0.020783
vn -0.990453 0.114323 0.077020
vn -0.993403 -0.095380 -0.063661
vn -0.995451 -0.087880 -0.036789
vn -0.996918 0.006565 0.078170
vn -0.992917 0.039225 0.112144
vn -0.999291 0.012216 0.035602
vn -0.978168 0.207523 -0.011061
vn -0.996110 0.007248 -0.087815
vn -0.998244 0.027405 0.052516
vn -0.957965 -0.251283 0.138422
vn -0.995394 -0.067978 -0.067598
vn -0.980282 -0.176975 -0.087908
vn -0.922676 0.207784 0.324800
vn -0.996179 -0.006914 0.087060
vn -0.989295 0.112967 -0.092382
vn -0.992475 0.084224 0.088881
vn -0.998742 0.034303 -0.036582
vn -0.980392 -0.009632 -0.196820
vn -0.988364 -0.151484 0.013770
vn -0.999864 0.013399 -0.009567
vn -0.971727 -0.151208 -0.181338
vn -0.944645 0.244918 -0.218313
vn -0.947701 -0.317020 0.036902
vn -0.988955 0.113128 0.095761
vn -0.997711 -0.020653 -0.064389
vn -0.977348 -0.151427 -0.147856
vn -0.997017 0.027134 -0.072251
vn -0.977469 0.141781 0.156375
vn -0.997563 -0.008138 -0.069301
vn -0.953404 -0.028563 -0.300342
vn -0.910662 -0.101813 -0.400411
vn -0.996168 0.086983 -0.009156
vn -0.955969 -0.271779 0.110727
vn -0.995530 0.029869 -0.089595
vn -0.968315 -0.249691 -0.004536
vn -0.955611 0.294631 -0.000731
vn -0.992501 0.121863 -0.009578
vn -0.992087 -0.008797 -0.125241
vn -0.973874 0.086315 -0.210047
vn -0.967028 -0.252491 0.033252
vn -0.942966 0.325071 -0.071720
vn -0.955464 -0.289742 0.056010
vn -0.997792 0.047123 -0.046810
vn -0.995428 -0.089218 0.034104
vn -0.973172 -0.147676 0.176433
vn -0.986626 0.154886 -0.050788
vn -0.995310 0.030474 -0.091807
vn -0.980150 0.080107 -0.181351
vn -0.937836 0.036033 0.345203
vn -0.996618 -0.073296 -0.037163
vn -0.993208 0.082591 -0.081949
vn -0.998441 -0.019413 0.052334
vn -0.990613 0.013306 -0.136045
vn -0.984648 -0.067114 0.161132
vn -0.993406 0.027946 0.111189
vn -0.983072 0.059109 -0.173425
vn -0.969689 0.198084 -0.143061
vn -0.993193 0.023307 -0.114121
vn -0.978886 -0.199334 -0.045259
vn -0.972368 0.214531 0.092072
vn -0.990671 0.100047 -0.092524
vn -0.998682 0.051294 0.001780
vn -0.971939 0.144355 0.185734
vn -0.998492 -0.043096 0.033996
vn -0.993998 0.106491 0.025039
vn -0.980927 0.194251 0.007039
vn -0.989924 -0.125987 0.064628
vn -0.988515 0.119059 0.093070
vn -0.991335 0.054486 0.119527
vn -0.979517 -0.192466 -0.059190
vn -0.982048 0.157537 -0.103748
vn -0.974363 -0.202492 0.098049
vn -0.963197 -0.256229 0.081231
vn -0.961888 -0.273032 -0.015023
vn -0.998542 -0.047135 -0.026302
vn -0.977011 -0.034189 0.210429
vn -0.996181 0.044758 0.074965
vn -0.990992 0.067703 -0.115550
vn -0.999501 -0.021579 -0.023081
vn -0.979023 0.203671 -0.005649
vn -0.995682 -0.002692 -0.092792
vn -0.966370 -0.256651 -0.016079
vn -0.978041 -0.124270 0.167310
vn -0.951480 -0.020233 0.307046
vn -0.961755 0.218426 0.165278
vn -0.981748 0.102736 0.160050
vn -0.996760 0.026405 0.075979
vn -0.997494 0.062772 0.032635
vn -0.985308 0.144089 -0.091688
vn -0.972186 0.105438 -0.209133
vn -0.999702 0.024351 0.001430
vn -0.979593 0.139961 0.144255
vn -0.984610 -0.133362 0.112954
vn -0.998239 -0.028552 0.052001
vn -0.994268 0.089716 -0.058160
vn -0.986132 -0.085226 -0.142409
vn -0.989030 -0.136638 0.056116
vn -0.951968 -0.305304 0.023399
vn -0.975470 0.139649 -0.170168
vn -0.999980 -0.000930 0.006309
vn -0.994056 0.087967 0.064146
vn -0.998798 0.008132 -0.048336
vn -0.930800 -0.197714 0.307441
vn -0.980061 -0.156837 0.121995
vn -0.976987 -0.199945 -0.074283
vn -0.992437 0.007251 -0.122538
vn -0.951524 -0.294141 0.089908
vn -0.988174 0.153325 -0.001908
vn -0.999101 0.023963 -0.034984
vn -0.987147 0.051368 0.151337
vn -0.983772 0.179270 0.007462
vn -0.992044 -0.034854 0.120969
vn -0.998578 0.002613 -0.053248
vn -0.994705 0.097435 -0.032682
vn -0.987528 0.156927 -0.012748
vn -0.987473 0.100540 0.121607
vn -0.966333 -0.253146 0.046024
vn -0.995800 0.067196 -0.062178
vn -0.985519 -0.025965 0.167564
vn -0.991821 -0.029545 0.124170
vn -0.934133 -0.031212 0.355559
vn -0.969195 0.134028 0.206634
vn -0.992474 0.119226 0.027950
vn -0.990939 -0.060715 -0.119802
vn -0.982780 0.026348 -0.182891
vn -0.947106 -0.320059 -0.023509
vn -0.992149 0.031196 0.121106
vn -0.971887 -0.219189 0.085975
vn -0.994049 -0.108893 0.002977
vn -0.942818 0.040720 0.330811
vn -0.983564 -0.173999 0.048233
vn -0.985381 -0.047985 -0.163469
vn -0.981933 -0.174257 -0.073766
vn -0.993587 -0.095273 -0.060900
vn -0.996411 0.067906 0.050534
vn -0.997179 -0.074022 0.012462
vn -0.997069 0.010309 0.075811
vn -0.962842 0.018356 0.269441
vn -0.976934 0.195825 0.085157
vn -0.987755 -0.042605 0.150083
vn -0.999445 -0.018407 0.027776
vn -0.970900 0.188337 -0.147924
vn -0.998329 0.053308 -0.022315
vn -0.999946 -0.000533 -0.010383
vn -0.994968 0.055970 0.083104
vn -0.985277 0.084821 0.148441
vn -0.997118 0.074450 0.014585
vn -0.999468 -0.019581 0.026085
vn -0.983459 0.154054 -0.095269
vn -0.999271 0.037359 -0.007812
vn -0.998090 -0.055467 -0.027194
vn -0.941367 0.285498 -0.179774
vn -0.993611 -0.100019 0.052283
vn -0.974373 0.214270 0.068444
vn -0.988973 0.119603 0.087335
vn -0.966712 0.005809 0.255801
vn -0.934884 -0.187849 0.301172
vn -0.973001 -0.138265 0.184801
vn -0.983664 0.141066 -0.111830
vn -0.984386 -0.174306 0.024516
vn -0.996499 0.065283 -0.052229
vn -0.986792 0.148336 -0.065096
vn -0.969873 -0.095083 0.224290
vn -0.974555 0.224009 0.007856
vn -0.990501 -0.007639 -0.137293
vn -0.993397 0.048756 0.103851
vn -0.983731 -0.123433 0.130530
vn -0.997561 -0.062505 -0.031055
vn -0.993398 0.083509 -0.078654
vn -0.996126 -0.083634 0.027185
vn -0.998096 -0.025181 -0.056305
vn -0.991843 0.036052 0.122263
vn -0.965958 -0.215272 0.143469
vn -0.997885 0.038949 -0.052040
vn -0.995974 0.010325 0.089051
vn -0.991003 0.069471 0.114398
vn -0.982863 -0.182559 0.025559
vn -0.968360 0.249343 0.010365
vn -0.991578 -0.036636 -0.124219
vn -0.994135 0.107217 0.014154
vn -0.995068 0.005949 0.099013
vn -0.961066 -0.276156 0.009466
vn -0.978030 0.032264 0.205951
vn -0.959899 0.217568 0.176802
vn -0.982476 0.186380 0.001916
vn -0.974464 -0.205098 0.091399
vn -0.998045 0.059223 0.019981
vn -0.997276 -0.014728 -0.072272
vn -0.953581 0.299969 -0.026506
vn -0.986509 -0.087590 -0.138302
vn -0.986414 0.001903 0.164269
vn -0.913588 -0.219112 0.342558
vn -0.984759 0.169374 0.039528
vn -0.965475 -0.197458 -0.169907
vn -0.994423 -0.086343 -0.060566
vn -0.982044 -0.127945 0.138639
vn -0.992866 -0.110599 0.044561
vn -0.999364 -0.006341 -0.035086
vn -0.993085 0.045619 -0.108171
vn -0.966482 0.241253 -0.087804
vn -0.979195 -0.170873 -0.109452
vn -0.933786 -0.199906 -0.296786
vn -0.962999 -0.213644 -0.164286
vn -0.976016 0.166841 0.139847
vn -0.991866 -0.127231 0.003613
vn -0.972469 -0.232823 0.009877
vn -0.984656 -0.157130 0.075908
vn -0.999484 -0.010229 0.030434
vn -0.990867 0.133443 0.019393
vn -0.965183 0.186011 -0.183905
vn -0.981886 -0.187202 0.029239
vn -0.995342 0.053323 0.080322
vn -0.990261 0.139217 0.001465
vn -0.978927 -0.157812 -0.129606
vn -0.945520 0.324773 0.022704
vn -0.991673 -0.054458 0.116698
vn -0.984365 0.153790 0.085879
vn -0.960601 -0.274633 0.042702
vn -0.995379 0.089721 -0.034222
vn -0.999124 -0.041118 0.007800
vn -0.996016 -0.073817 0.050029
vn -0.991328 -0.131412 0.000095
vn -0.987527 -0.077287 0.137176
vn -0.824560 0.561817 0.066805
vn -0.994602 0.092258 -0.047487
vn -0.976124 0.180666 -0.120588
vn -0.879854 -0.474755 -0.021549
vn -0.954724 -0.020767 0.296767
usemtl organic_rock
f 1/1/1 2/2/2 83/83/83
f 1/1/1 83/83/83 82/82/82
f 2/2/2 3/3/3 84/84/84
f 2/2/2 84/84/84 83/83/83
f 3/3/3 4/4/4 85/85/85
f 3/3/3 85/85/85 84/84/84
f 4/4/4 5/5/5 86/86/86
f 4/4/4 86/86/86 85/85/85
f 5/5/5 6/6/6 87/87/87
f 5/5/5 87/87/87 86/86/86
f 6/6/6 7/7/7 88/88/88
f 6/6/6 88/88/88 87/87/87
f 7/7/7 8/8/8 89/89/89
f 7/7/7 89/89/89 88/88/88
f 8/8/8 9/9/9 90/90/90
f 8/8/8 90/90/90 89/89/89
f 9/9/9 10/10/10 91/91/91
f 9/9/9 91/91/91 90/90/90
f 10/10/10 11/11/11 92/92/92
f 10/10/10 92/92/92 91/91/91
f 11/11/11 12/12/12 93/93/93
f 11/11/11 93/93/93 92/92/92
f 12/12/12 13/13/13 94/94/94
f 12/12/12 94/94/94 93/93/93
f 13/13/13 14/14/14 95/95/95
f 13/13/13 95/95/95 94/94/94
f 14/14/14 15/15/15 96/96/96
f 14/14/14 96/96/96 95/95/95
f 15/15/15 16/16/16 97/97/97
f 15/15/15 97/97/97 96/96/96
f 16/16/16 17/17/17 98/98/98
f 16/16/16 98/98/98 97/97/97
f 17/17/17 18/18/18 99/99/99
f 17/17/17 99/99/99 98/98/98
f 18/18/18 19/19/19 100/100/100
f 18/18/18 100/100/100 99/99/99
f 19/19/19 20/20/20 101/101/101
f 19/19/19 101/101/101 100/100/100
f 20/20/20 21/21/21 102/102/102
f 20/20/20 102/102/102 101/101/101
f 21/21/21 22/22/22 103/103/103
f 21/21/21 103/103/103 102/102/102
f 22/22/22 23/23/23 104/104/104
f 22/22/22 104/104/104 103/103/103
f 23/23/23 24/24/24 105/105/105
f 23/23/23 105/105/105 104/104/104
f 24/24/24 25/25/25 106/106/106
f 24/24/24 106/106/106 105/105/105
f 25/25/25 26/26/26 107/107/107
f 25/25/25 107/107/107 106/106/106
f 26/26/26 27/27/27 108/108/108
f 26/26/26 108/108/108 107/107/107
f 27/27/27 28/28/28 109/109/109
f 27/27/27 109/109/109 108/108/108
f 28/28/28 29/29/29 110/110/110
f 28/28/28 110/110/110 109/109/109
f 29/29/29 30/30/30 111/111/111
f 29/29/29 111/111/111 110/110/110
f 30/30/30 31/31/31 112/112/112
f 30/30/30 112/112/112 111/111/111
f 31/31/31 32/32/32 113/113/113
f 31/31/31 113/113/113 112/112/112
f 32/32/32 33/33/33 114/114/114
f 32/32/32 114/114/114 113/113/113
f 33/33/33 34/34/34 115/115/115
f 33/33/33 115/115/115 114/114/114
f 34/34/34 35/35/35 116/116/116
f 34/34/34 116/116/116 115/115/115
f 35/35/35 36/36/36 117/117/117
f 35/35/35 117/117/117 116/116/116
f 36/36/36 37/37/37 118/118/118
f 36/36/36 118/118/118 117/117/117
f 37/37/37 38/38/38 119/119/119
f 37/37/37 119/119/119 118/118/118
f 38/38/38 39/39/39 120/120/120
f 38/38/38 120/120/120 119/119/119
f 39/39/39 40/40/40 121/121/121
f 39/39/39 121/121/121 120/120/120
f 40/40/40 41/41/41 122/122/122
f 40/40/40 122/122/122 121/121/121
f 41/41/41 42/42/42 123/123/123
f 41/41/41 123/123/123 122/122/122
f 42/42/42 43/43/43 124/124/124
f 42/42/42 124/124/124 123/123/123
f 43/43/43 44/44/44 125/125/125
f 43/43/43 125/125/125 124/124/124
f 44/44/44 45/45/45 126/126/126
f 44/44/44 126/126/126 125/125/125
f 45/45/45 46/46/46 127/127/127
f 45/45/45 127/127/127 126/126/126
f 46/46/46 47/47/47 128/128/128
f 46/46/46 128/128/128 127/127/127
f 47/47/47 48/48/48 129/129/129
f 47/47/47 129/129/129 128/128/128
f 48/48/48 49/49/49 130/130/130
f 48/48/48 130/130/130 129/129/129
f 49/49/49 50/50/50 131/131/131
f 49/49/49 131/131/131 130/130/130
f 50/50/50 51/51/51 132/132/132
f 50/50/50 132/132/132 131/131/131
f 51/51/51 52/52/52 133/133/133
f 51/51/51 133/133/133 132/132/132
f 52/52/52 53/53/53 134/134/134
f 52/52/52 134/134/134 133/133/133
f 53/53/53 54/54/54 135/135/135
f 53/53/53 135/135/135 134/134/134
f 54/54/54 55/55/55 136/136/136
f 54/54/54 136/136/136 135/135/135
f 55/55/55 56/56/56 137/137/137
f 55/55/55 137/137/137 136/136/136
f 56/56/56 57/57/57 138/138/138
f 56/56/56 138/138/138 137/137/137
f 57/57/57 58/58/58 139/139/139
f 57/57/57 139/139/139 138/138/138
f 58/58/58 59/59/59 140/140/140
f 58/58/58 140/140/140 139/139/139
f 59/59/59 60/60/60 141/141/141
f 59/59/59 141/141/141 140/140/140
f 60/60/60 61/61/61 142/142/142
f 60/60/60 142/142/142 141/141/141
f 61/61/61 62/62/62 143/143/143
f 61/61/61 143/143/143 142/142/142
f 62/62/62 63/63/63 144/144/144
f 62/62/62 144/144/144 143/143/143
f 63/63/63 64/64/64 145/145/145
f 63/63/63 145/145/145 144/144/144
f 64/64/64 65/65/65 146/146/146
f 64/64/64 146/146/146 145/145/145
f 65/65/65 66/66/66 147/147/147
f 65/65/65 147/147/147 146/146/146
f 66/66/66 67/67/67 148/148/148
f 66/66/66 148/148/148 147/147/147
f 67/67/67 68/68/68 149/149/149
f 67/67/67 149/149/149 148/148/148
f 68/68/68 69/69/69 150/150/150
f 68/68/68 150/150/150 149/149/149
f 69/69/69 70/70/70 151/151/151
f 69/69/69 151/151/151 150/150/150
f 70/70/70 71/71/71 152/152/152
f 70/70/70 152/152/152 151/151/151
f 71/71/71 72/72/72 153/153/153
f 71/71/71 153/153/153 152/152/152
f 72/72/72 73/73/73 154/154/154
f 72/72/72 154/154/154 153/153/153
f 73/73/73 74/74/74 155/155/155
f 73/73/73 155/155/155 154/154/154
f 74/74/74 75/75/75 156/156/156
f 74/74/74 156/156/156 155/155/155
f 75/75/75 76/76/76 157/157/157
f 75/75/75 157/157/157 156/156/156
f 76/76/76 77/77/77 158/158/158
f 76/76/76 158/158/158 157/157/157
f 77/77/77 78/78/78 159/159/159
f 77/77/77 159/159/159 158/158/158
f 78/78/78 79/79/79 160/160/160
f 78/78/78 160/160/160 159/159/159
f 79/79/79 80/80/80 161/161/161
f 79/79/79 161/161/161 160/160/160
f 80/80/80 81/81/81 162/162/162
f 80/80/80 162/162/162 161/161/161
f 82/82/82 83/83/83 164/164/164
f 82/82/82 164/164/164 163/163/163
f 83/83/83 84/84/84 165/165/165
f 83/83/83 165/165/165 164/164/164
f 84/84/84 85/85/85 166/166/166
f 84/84/84 166/166/166 165/165/165
f 85/85/85 86/86/86 167/167/167
f 85/85/85 167/167/167 166/166/166
f 86/86/86 87/87/87 168/168/168
f 86/86/86 168/168/168 167/167/167
f 87/87/87 88/88/88 169/169/169
f 87/87/87 169/169/169 168/168/168
f 88/88/88 89/89/89 170/170/170
f 88/88/88 170/170/170 169/169/169
f 89/89/89 90/90/90 171/171/171
f 89/89/89 171/171/171 170/170/170
f 90/90/90 91/91/91 172/172/172
f 90/90/90 172/172/172 171/171/171
f 91/91/91 92/92/92 173/173/173
f 91/91/91 173/173/173 172/172/172
f 92/92/92 93/93/93 174/174/174
f 92/92/92 174/174/174 173/173/173
f 93/93/93 94/94/94 175/175/175
f 93/93/93 175/175/175 174/174/174
f 94/94/94 95/95/95 176/176/176
f 94/94/94 176/176/176 175/175/175
f 95/95/95 96/96/96 177/177/177
f 95/95/95 177/177/177 176/176/176
f 96/96/96 97/97/97 178/178/178
f 96/96/96 178/178/178 177/177/177
f 97/97/97 98/98/98 179/179/179
f 97/97/97 179/179/179 178/178/178
f 98/98/98 99/99/99 180/180/180
f 98/98/98 180/180/180 179/179/179
f 99/99/99 100/100/100 181/181/181
f 99/99/99 181/181/181 180/180/180
f 100/100/100 101/101/101 182/182/182
f 100/100/100 182/182/182 181/181/181
f 101/101/101 102/102/102 183/183/183
f 101/101/101 183/183/183 182/182/182
f 102/102/102 103/103/103 184/184/184
f 102/102/102 184/184/184 183/183/183
f 103/103/103 104/104/104 185/185/185
f 103/103/103 185/185/185 184/184/184
f 104/104/104 105/105/105 186/186/186
f 104/104/104 186/186/186 185/185/185
f 105/105/105 106/106/106 187/187/187
f 105/105/105 187/187/187 186/186/186
f 106/106/106 107/107/107 188/188/188
f 106/106/106 188/188/188 187/187/187
f 107/107/107 108/108/108 189/189/189
f 107/107/107 189/189/189 188/188/188
f 108/108/108 109/109/109 190/190/190
f 108/108/108 190/190/190 189/189/189
f 109/109/109 110/110/110 191/191/191
f 109/109/109 191/191/191 190/190/190
f 110/110/110 111/111/111 192/192/192
f 110/110/110 192/192/192 191/191/191
f 111/111/111 112/112/112 193/193/193
f 111/111/111 193/193/193 192/192/192
f 112/112/112 113/113/113 194/194/194
f 112/112/112 194/194/194 193/193/193
f 113/113/113 114/114/114 195/195/195
f 113/113/113 195/195/195 194/194/194
f 114/114/114 115/115/115 196/196/196
f 114/114/114 196/196/196 195/195/195
f 115/115/115 116/116/116 197/197/197
f 115/115/115 197/197/197 196/196/196
f 116/116/116 117/117/117 198/198/198
f 116/116/116 198/198/198 197/197/197
f 117/117/117 118/118/118 199/199/199
f 117/117/117 199/199/199 198/198/198
f 118/118/118 119/119/119 200/200/200
f 118/118/118 200/200/200 199/199/199
f 119/119/119 120/120/120 201/201/201
f 119/119/119 201/201/201 200/200/200
f 120/120/120 121/121/121 202/202/202
f 120/120/120 202/202/202 201/201/201
f 121/121/121 122/122/122 203/203/203
f 121/121/121 203/203/203 202/202/202
f 122/122/122 123/123/123 204/204/204
f 122/122/122 204/204/204 203/203/203
f 123/123/123 124/124/124 205/205/205
f 123/123/123 205/205/205 204/204/204
f 124/124/124 125/125/125 206/206/206
f 124/124/124 206/206/206 205/205/205
f 125/125/125 126/126/126 207/207/207
f 125/125/125 207/207/207 206/206/206
f 126/126/126 127/127/127 208/208/208
f 126/126/126 208/208/208 207/207/207
f 127/127/127 128/128/128 209/209/209
f 127/127/127 209/209/209 208/208/208
f 128/128/128 129/129/129 210/210/210
f 128/128/128 210/210/210 209/209/209
f 129/129/129 130/130/130 211/211/211
f 129/129/129 211/211/211 210/210/210
f 130/130/130 131/131/131 212/212/212
f 130/130/130 212/212/212 211/211/211
f 131/131/131 132/132/132 213/213/213
f 131/131/131 213/213/213 212/212/212
f 132/132/132 133/133/133 214/214/214
f 132/132/132 214/214/214 213/213/213
f 133/133/133 134/134/134 215/215/215
f 133/133/133 215/215/215 214/214/214
f 134/134/134 135/135/135 216/216/216
f 134/134/134 216/216/216 215/215/215
f 135/135/135 136/136/136 217/217/217
f 135/135/135 217/217/217 216/216/216
f 136/136/136 137/137/137 218/218/218
f 136/136/136 218/218/218 217/217/217
f 137/137/137 138/138/138 219/219/219
f 137/137/137 219/219/219 218/218/218
f 138/138/138 139/139/139 220/220/220
f 138/138/138 220/220/220 219/219/219
f 139/139/139 140/140/140 221/221/221
f 139/139/139 221/221/221 220/220/220
f 140/140/140 141/141/141 222/222/222
f 140/140/140 222/222/222 221/221/221
f 141/141/141 142/142/142 223/223/223
f 141/141/141 223/223/223 222/222/222
f 142/142/142 143/143/143 224/224/224
f 142/142/142 224/224/224 223/223/223
f 143/143/143 144/144/144 225/225/225
f 143/143/143 225/225/225 224/224/224
f 144/144/144 145/145/145 226/226/226
f 144/144/144 226/226/226 225/225/225
f 145/145/145 146/146/146 227/227/227
f 145/145/145 227/227/227 226/226/226
f 146/146/146 147/147/147 228/228/228
f 146/146/146 228/228/228 227/227/227
f 147/147/147 148/148/148 229/229/229
f 147/147/147 229/229/229 228/228/228
f 148/148/148 149/149/149 230/230/230
f 148/148/148 230/230/230 229/229/229
f 149/149/149 150/150/150 231/231/231
f 149/149/149 231/231/231 230/230/230
f 150/150/150 151/151/151 232/232/232
f 150/150/150 232/232/232 231/231/231
f 151/151/151 152/152/152 233/233/233
f 151/151/151 233/233/233 232/232/232
f 152/152/152 153/153/153 234/234/234
f 152/152/152 234/234/234 233/233/233
f 153/153/153 154/154/154 235/235/235
f 153/153/153 235/235/235 234/234/234
f 154/154/154 155/155/155 236/236/236
f 154/154/154 236/236/236 235/235/235
f 155/155/155 156/156/156 237/237/237
f 155/155/155 237/237/237 236/236/236
f 156/156/156 157/157/157 238/238/238
f 156/156/156 238/238/238 237/237/237
f 157/157/157 158/158/158 239/239/239
f 157/157/157 239/239/239 238/238/238
f 158/158/158 159/159/159 240/240/240
f 158/158/158 240/240/240 239/239/239
f 159/159/159 160/160/160 241/241/241
f 159/159/159 241/241/241 240/240/240
f 160/160/160 161/161/161 242/242/242
f 160/160/160 242/242/242 241/241/241
f 161/161/161 162/162/162 243/243/243
f 161/161/161 243/243/243 242/242/242
f 163/163/163 164/164/164 245/245/245
f 163/163/163 245/245/245 244/244/244
f 164/164/164 165/165/165 246/246/246
f 164/164/164 246/246/246 245/245/245
f 165/165/165 166/166/166 247/247/247
f 165/165/165 247/247/247 246/246/246
f 166/166/166 167/167/167 248/248/248
f 166/166/166 248/248/248 247/247/247
f 167/167/167 168/168/168 249/249/249
f 167/167/167 249/249/249 248/248/248
f 168/168/168 169/169/169 250/250/250
f 168/168/168 250/250/250 249/249/249
f 169/169/169 170/170/170 251/251/251
f 169/169/169 251/251/251 250/250/250
f 170/170/170 171/171/171 252/252/252
f 170/170/170 252/252/252 251/251/251
f 171/171/171 172/172/172 253/253/253
f 171/171/171 253/253/253 252/252/252
f 172/172/172 173/173/173 254/254/254
f 172/172/172 254/254/254 253/253/253
f 173/173/173 174/174/174 255/255/255
f 173/173/173 255/255/255 254/254/254
f 174/174/174 175/175/175 256/256/256
f 174/174/174 256/256/256 255/255/255
f 175/175/175 176/176/176 257/257/257
f 175/175/175 257/257/257 256/256/256
f 176/176/176 177/177/177 258/258/258
f 176/176/176 258/258/258 257/257/257
f 177/177/177 178/178/178 259/259/259
f 177/177/177 259/259/259 258/258/258
f 178/178/178 179/179/179 260/260/260
f 178/178/178 260/260/260 259/259/259
f 179/179/179 180/180/180 261/261/261
f 179/179/179 261/261/261 260/260/260
f 180/180/180 181/181/181 262/262/262
f 180/180/180 262/262/262 261/261/261
f 181/181/181 182/182/182 263/263/263
f 181/181/181 263/263/263 262/262/262
f 182/182/182 183/183/183 264/264/264
f 182/182/182 264/264/264 263/263/263
f 183/183/183 184/184/184 265/265/265
f 183/183/183 265/265/265 264/264/264
f 184/184/184 185/185/185 266/266/266
f 184/184/184 266/266/266 265/265/265
f 185/185/185 186/186/186 267/267/267
f 185/185/185 267/267/267 266/266/266
f 186/186/186 187/187/187 268/268/268
f 186/186/186 268/268/268 267/267/267
f 187/187/187 188/188/188 269/269/269
f 187/187/187 269/269/269 268/268/268
f 188/188/188 189/189/189 270/270/270
f 188/188/188 270/270/270 269/269/269
f 189/189/189 190/190/190 271/271/271
f 189/189/189 271/271/271 270/270/270
f 190/190/190 191/191/191 272/272/272
f 190/190/190 272/272/272 271/271/271
f 191/191/191 192/192/192 273/273/273
f 191/191/191 273/273/273 272/272/272
f 192/192/192 193/193/193 274/274/274
f 192/192/192 274/274/274 273/273/273
f 193/193/193 194/194/194 275/275/275
f 193/193/193 275/275/275 274/274/274
f 194/194/194 195/195/195 276/276/276
f 194/194/194 276/276/276 275/275/275
f 195/195/195 196/196/196 277/277/277
f 195/195/195 277/277/277 276/276/276
f 196/196/196 197/197/197 278/278/278
f 196/196/196 278/278/278 277/277/277
f 197/197/197 198/198/198 279/279/279
f 197/197/197 279/279/279 278/278/278
f 198/198/198 199/199/199 280/280/280
f 198/198/198 280/280/280 279/279/279
f 199/199/199 200/200/200 281/281/281
f 199/199/199 281/281/281 280/280/280
f 200/200/200 201/201/201 282/282/282
f 200/200/200 282/282/282 281/281/281
f 201/201/201 202/202/202 283/283/283
f 201/201/201 283/283/283 282/282/282
f 202/202/202 203/203/203 284/284/284
f 202/202/202 284/284/284 283/283/283
f 203/203/203 204/204/204 285/285/285
f 203/203/203 285/285/285 284/284/284
f 204/204/204 205/205/205 286/286/286
f 204/204/204 286/286/286 285/285/285
f 205/205/205 206/206/206 287/287/287
f 205/205/205 287/287/287 286/286/286
f 206/206/206 207/207/207 288/288/288
f 206/206/206 288/288/288 287/287/287
f 207/207/207 208/208/208 289/289/289
f 207/207/207 289/289/289 288/288/288
f 208/208/208 209/209/209 290/290/290
f 208/208/208 290/290/290 289/289/289
f 209/209/209 210/210/210 291/291/291
f 209/209/209 291/291/291 290/290/290
f 210/210/210 211/211/211 292/292/292
f 210/210/210 292/292/292 291/291/291
f 211/211/211 212/212/212 293/293/293
f 211/211/211 293/293/293 292/292/292
f 212/212/212 213/213/213 294/294/294
f 212/212/212 294/294/294 293/293/293
f 213/213/213 214/214/214 295/295/295
f 213/213/213 295/295/295 294/294/294
f 214/214/214 215/215/215 296/296/296
f 214/214/214 296/296/296 295/295/295
f 215/215/215 216/216/216 297/297/297
f 215/215/215 297/297/297 296/296/296
f 216/216/216 217/217/217 298/298/298
f 216/216/216 298/298/298 297/297/297
f 217/217/217 218/218/218 299/299/299
f 217/217/217 299/299/299 298/298/298
f 218/218/218 219/219/219 300/300/300
f 218/218/218 300/300/300 299/299/299
f 219/219/219 220/220/220 301/301/301
f 219/219/219 301/301/301 300/300/300
f 220/220/220 221/221/221 302/302/302
f 220/220/220 302/302/302 301/301/301
f 221/221/221 222/222/222 303/303/303
f 221/221/221 303/303/303 302/302/302
f 222/222/222 223/223/223 304/304/304
f 222/222/222 304/304/304 303/303/303
f 223/223/223 224/224/224 305/305/305
f 223/223/223 305/305/305 304/304/304
f 224/224/224 225/225/225 306/306/306
f 224/224/224 306/306/306 305/305/305
f 225/225/225 226/226/226 307/307/307
f 225/225/225 307/307/307 306/306/306
f 226/226/226 227/227/227 308/308/308
f 226/226/226 308/308/308 307/307/307
f 227/227/227 228/228/228 309/309/309
f 227/227/227 309/309/309 308/308/308
f 228/228/228 229/229/229 310/310/310
f 228/228/228 310/310/310 309/309/309
f 229/229/229 230/230/230 311/311/311
f 229/229/229 311/311/311 310/310/310
f 230/230/230 231/231/231 312/312/312
f 230/230/230 312/312/312 311/311/311
f 231/231/231 232/232/232 313/313/313
f 231/231/231 313/313/313 312/312/312
f 232/232/232 233/233/233 314/314/314
f 232/232/232 314/314/314 313/313/313
f 233/233/233 234/234/234 315/315/315
f 233/233/233 315/315/315 314/314/314
f 234/234/234 235/235/235 316/316/316
f 234/234/234 316/316/316 315/315/315
f 235/235/235 236/236/236 317/317/317
f 235/235/235 317/317/317 316/316/316
f 236/236/236 237/237/237 318/318/318
f 236/236/236 318/318/318 317/317/317
f 237/237/237 238/238/238 319/319/319
f 237/237/237 319/319/319 318/318/318
f 238/238/238 239/239/239 320/320/320
f 238/238/238 320/320/320 319/319/319
f 239/239/239 240/240/240 321/321/321
f 239/239/239 321/321/321 320/320/320
f 240/240/240 241/241/241 322/322/322
f 240/240/240 322/322/322 321/321/321
f 241/241/241 242/242/242 323/323/323
f 241/241/241 323/323/323 322/322/322
f 242/242/242 243/243/243 324/324/324
f 242/242/242 324/324/324 323/323/323
f 244/244/244 245/245/245 326/326/326
f 244/244/244 326/326/326 325/325/325
f 245/245/245 246/246/246 327/327/327
f 245/245/245 327/327/327 326/326/326
f 246/246/246 247/247/247 328/328/328
f 246/246/246 328/328/328 327/327/327
f 247/247/247 248/248/248 329/329/329
f 247/247/247 329/329/329 328/328/328
f 248/248/248 249/249/249 330/330/330
f 248/248/248 330/330/330 329/329/329
f 249/249/249 250/250/250 331/331/331
f 249/249/249 331/331/331 330/330/330
f 250/250/250 251/251/251 332/332/332
f 250/250/250 332/332/332 331/331/331
f 251/251/251 252/252/252 333/333/333
f 251/251/251 333/333/333 332/332/332
f 252/252/252 253/253/253 334/334/334
f 252/252/252 334/334/334 333/333/333
f 253/253/253 254/254/254 335/335/335
f 253/253/253 335/335/335 334/334/334
f 254/254/254 255/255/255 336/336/336
f 254/254/254 336/336/336 335/335/335
f 255/255/255 256/256/256 337/337/337
f 255/255/255 337/337/337 336/336/336
f 256/256/256 257/257/257 338/338/338
f 256/256/256 338/338/338 337/337/337
f 257/257/257 258/258/258 339/339/339
f 257/257/257 339/339/339 338/338/338
f 258/258/258 259/259/259 340/340/340
f 258/258/258 340/340/340 339/339/339
f 259/259/259 260/260/260 341/341/341
f 259/259/259 341/341/341 340/340/340
f 260/260/260 261/261/261 342/342/342
f 260/260/260 342/342/342 341/341/341
f 261/261/261 262/262/262 343/343/343
f 261/261/261 343/343/343 342/342/342
f 262/262/262 263/263/263 344/344/344
f 262/262/262 344/344/344 343/343/343
f 263/263/263 264/264/264 345/345/345
f 263/263/263 345/345/345 344/344/344
f 264/264/264 265/265/265 346/346/346
f 264/264/264 346/346/346 345/345/345
f 265/265/265 266/266/266 347/347/347
f 265/265/265 347/347/347 346/346/346
f 266/266/266 267/267/267 348/348/348
f 266/266/266 348/348/348 347/347/347
f 267/267/267 268/268/268 349/349/349
f 267/267/267 349/349/349 348/348/348
f 268/268/268 269/269/269 350/350/350
f 268/268/268 350/350/350 349/349/349
f 269/269/269 270/270/270 351/351/351
f 269/269/269 351/351/351 350/350/350
f 270/270/270 271/271/271 352/352/352
f 270/270/270 352/352/352 351/351/351
f 271/271/271 272/272/272 353/353/353
f 271/271/271 353/353/353 352/352/352
f 272/272/272 273/273/273 354/354/354
f 272/272/272 354/354/354 353/353/353
f 273/273/273 274/274/274 355/355/355
f 273/273/273 355/355/355 354/354/354
f 274/274/274 275/275/275 356/356/356
f 274/274/274 356/356/356 355/355/355
f 275/275/275 276/276/276 357/357/357
f 275/275/275 357/357/357 356/356/356
f 276/276/276 277/277/277 358/358/358
f 276/276/276 358/358/358 357/357/357
f 277/277/277 278/278/278 359/359/359
f 277/277/277 359/359/359 358/358/358
f 278/278/278 279/279/279 360/360/360
f 278/278/278 360/360/360 359/359/359
f 279/279/279 280/280/280 361/361/361
f 279/279/279 361/361/361 360/360/360
f 280/280/280 281/281/281 362/362/362
f 280/280/280 362/362/362 361/361/361
f 281/281/281 282/282/282 363/363/363
f 281/281/281 363/363/363 362/362/362
f 282/282/282 283/283/283 364/364/364
f 282/282/282 364/364/364 363/363/363
f 283/283/283 284/284/284 365/365/365
f 283/283/283 365/365/365 364/364/364
f 284/284/284 285/285/285 366/366/366
f 284/284/284 366/366/366 365/365/365
f 285/285/285 286/286/286 367/367/367
f 285/285/285 367/367/367 366/366/366
f 286/286/286 287/287/287 368/368/368
f 286/286/286 368/368/368 367/367/367
f 287/287/287 288/288/288 369/369/369
f 287/287/287 369/369/369 368/368/368
f 288/288/288 289/289/289 370/370/370
f 288/288/288 370/370/370 369/369/369
f 289/289/289 290/290/290 371/371/371
f 289/289/289 371/371/371 370/370/370
f 290/290/290 291/291/291 372/372/372
f 290/290/290 372/372/372 371/371/371
f 291/291/291 292/292/292 373/373/373
f 291/291/291 373/373/373 372/372/372
f 292/292/292 293/293/293 374/374/374
f 292/292/292 374/374/374 373/373/373
f 293/293/293 294/294/294 375/375/375
f 293/293/293 375/375/375 374/374/374
f 294/294/294 295/295/295 376/376/376
f 294/294/294 376/376/376 375/375/375
f 295/295/295 296/296/296 377/377/377
f 295/295/295 377/377/377 376/376/376
f 296/296/296 297/297/297 378/378/378
f 296/296/296 378/378/378 377/377/377
f 297/297/297 298/298/298 379/379/379
f 297/297/297 379/379/379 378/378/378
f 298/298/298 299/299/299 380/380/380
f 298/298/298 380/380/380 379/379/379
f 299/299/299 300/300/300 381/381/381
f 299/299/299 381/381/381 380/380/380
f 300/300/300 301/301/301 382/382/382
f 300/300/300 382/382/382 381/381/381
f 301/301/301 302/302/302 383/383/383
f 301/301/301 383/383/383 382/382/382
f 302/302/302 303/303/303 384/384/384
f 302/302/302 384/384/384 383/383/383
f 303/303/303 304/304/304 385/385/385
f 303/303/303 385/385/385 384/384/384
f 304/304/304 305/305/305 386/386/386
f 304/304/304 386/386/386 385/385/385
f 305/305/305 306/306/306 387/387/387
f 305/305/305 387/387/387 386/386/386
f 306/306/306 307/307/307 388/388/388
f 306/306/306 388/388/388 387/387/387
f 307/307/307 308/308/308 389/389/389
f 307/307/307 389/389/389 388/388/388
f 308/308/308 309/309/309 390/390/390
f 308/308/308 390/390/390 389/389/389
f 309/309/309 310/310/310 391/391/391
f 309/309/309 391/391/391 390/390/390
f 310/310/310 311/311/311 392/392/392
f 310/310/310 392/392/392 391/391/391
f 311/311/311 312/312/312 393/393/393
f 311/311/311 393/393/393 392/392/392
f 312/312/312 313/313/313 394/394/394
f 312/312/312 394/394/394 393/393/393
f 313/313/313 314/314/314 395/395/395
f 313/313/313 395/395/395 394/394/394
f 314/314/314 315/315/315 396/396/396
f 314/314/314 396/396/396 395/395/395
f 315/315/315 316/316/316 397/397/397
f 315/315/315 397/397/397 396/396/396
f 316/316/316 317/317/317 398/398/398
f 316/316/316 398/398/398 397/397/397
f 317/317/317 318/318/318 399/399/399
f 317/317/317 399/399/399 398/398/398
f 318/318/318 319/319/319 400/400/400
f 318/318/318 400/400/400 399/399/399
f 319/319/319 320/320/320 401/401/401
f 319/319/319 401/401/401 400/400/400
f 320/320/320 321/321/321 402/402/402
f 320/320/320 402/402/402 401/401/401
f 321/321/321 322/322/322 403/403/403
f 321/321/321 403/403/403 402/402/402
f 322/322/322 323/323/323 404/404/404
f 322/322/322 404/404/404 403/403/403
f 323/323/323 324/324/324 405/405/405
f 323/323/323 405/405/405 404/404/404
f 325/325/325 326/326/326 407/407/407
f 325/325/325 407/407/407 406/406/406
f 326/326/326 327/327/327 408/408/408
f 326/326/326 408/408/408 407/407/407
f 327/327/327 328/328/328 409/409/409
f 327/327/327 409/409/409 408/408/408
f 328/328/328 329/329/329 410/410/410
f 328/328/328 410/410/410 409/409/409
f 329/329/329 330/330/330 411/411/411
f 329/329/329 411/411/411 410/410/410
f 330/330/330 331/331/331 412/412/412
f 330/330/330 412/412/412 411/411/411
f 331/331/331 332/332/332 413/413/413
f 331/331/331 413/413/413 412/412/412
f 332/332/332 333/333/333 414/414/414
f 332/332/332 414/414/414 413/413/413
f 333/333/333 334/334/334 415/415/415
f 333/333/333 415/415/415 414/414/414
f 334/334/334 335/335/335 416/416/416
f 334/334/334 416/416/416 415/415/415
f 335/335/335 336/336/336 417/417/417
f 335/335/335 417/417/417 416/416/416
f 336/336/336 337/337/337 418/418/418
f 336/336/336 418/418/418 417/417/417
f 337/337/337 338/338/338 419/419/419
f 337/337/337 419/419/419 418/418/418
f 338/338/338 339/339/339 420/420/420
f 338/338/338 420/420/420 419/419/419
f 339/339/339 340/340/340 421/421/421
f 339/339/339 421/421/421 420/420/420
f 340/340/340 341/341/341 422/422/422
f 340/340/340 422/422/422 421/421/421
f 341/341/341 342/342/342 423/423/423
f 341/341/341 423/423/423 422/422/422
f 342/342/342 343/343/343 424/424/424
f 342/342/342 424/424/424 423/423/423
f 343/343/343 344/344/344 425/425/425
f 343/343/343 425/425/425 424/424/424
f 344/344/344 345/345/345 426/426/426
f 344/344/344 426/426/426 425/425/425
f 345/345/345 346/346/346 427/427/427
f 345/345/345 427/427/427 426/426/426
f 346/346/346 347/347/347 428/428/428
f 346/346/346 428/428/428 427/427/427
f 347/347/347 348/348/348 429/429/429
f 347/347/347 429/429/429 428/428/428
f 348/348/348 349/349/349 430/430/430
f 348/348/348 430/430/430 429/429/429
f 349/349/349 350/350/350 431/431/431
f 349/349/349 431/431/431 430/430/430
f 350/350/350 351/351/351 432/432/432
f 350/350/350 432/432/432 431/431/431
f 351/351/351 352/352/352 433/433/433
f 351/351/351 433/433/433 432/432/432
f 352/352/352 353/353/353 434/434/434
f 352/352/352 434/434/434 433/433/433
f 353/353/353 354/354/354 435/435/435
f 353/353/353 435/435/435 434/434/434
f 354/354/354 355/355/355 436/436/436
f 354/354/354 436/436/436 435/435/435
f 355/355/355 356/356/356 437/437/437
f 355/355/355 437/437/437 436/436/436
f 356/356/356 357/357/357 438/438/438
f 356/356/356 438/438/438 437/437/437
f 357/357/357 358/358/358 439/439/439
f 357/357/357 439/439/439 438/438/438
f 358/358/358 359/359/359 440/440/440
f 358/358/358 440/440/440 439/439/439
f 359/359/359 360/360/360 441/441/441
f 359/359/359 441/441/441 440/440/440
f 360/360/360 361/361/361 442/442/442
f 360/360/360 442/442/442 441/441/441
f 361/361/361 362/362/362 443/443/443
f 361/361/361 443/443/443 442/442/442
f 362/362/362 363/363/363 444/444/444
f 362/362/362 444/444/444 443/443/443
f 363/363/363 364/364/364 445/445/445
f 363/363/363 445/445/445 444/444/444
f 364/364/364 365/365/365 446/446/446
f 364/364/364 446/446/446 445/445/445
f 365/365/365 366/366/366 447/447/447
f 365/365/365 447/447/447 446/446/446
f 366/366/366 367/367/367 448/448/448
f 366/366/366 448/448/448 447/447/447
f 367/367/367 368/368/368 449/449/449
f 367/367/367 449/449/449 448/448/448
f 368/368/368 369/369/369 450/450/450
f 368/368/368 450/450/450 449/449/449
f 369/369/369 370/370/370 451/451/451
f 369/369/369 451/451/451 450/450/450
f 370/370/370 371/371/371 452/452/452
f 370/370/370 452/452/452 451/451/451
f 371/371/371 372/372/372 453/453/453
f 371/371/371 453/453/453 452/452/452
f 372/372/372 373/373/373 454/454/454
f 372/372/372 454/454/454 453/453/453
f 373/373/373 374/374/374 455/455/455
f 373/373/373 455/455/455 454/454/454
f 374/374/374 375/375/375 456/456/456
f 374/374/374 456/456/456 455/455/455
f 375/375/375 376/376/376 457/457/457
f 375/375/375 457/457/457 456/456/456
f 376/376/376 377/377/377 458/458/458
f 376/376/376 458/458/458 457/457/457
f 377/377/377 378/378/378 459/459/459
f 377/377/377 459/459/459 458/458/458
f 378/378/378 379/379/379 460/460/460
f 378/378/378 460/460/460 459/459/459
f 379/379/379 380/380/380 461/461/461
f 379/379/379 461/461/461 460/460/460
f 380/380/380 381/381/381 462/462/462
f 380/380/380 462/462/462 461/461/461
f 381/381/381 382/382/382 463/463/463
f 381/381/381 463/463/463 462/462/462
f 382/382/382 383/383/383 464/464/464
f 382/382/382 464/464/464 463/463/463
f 383/383/383 384/384/384 465/465/465
f 383/383/383 465/465/465 464/464/464
f 384/384/384 385/385/385 466/466/466
f 384/384/384 466/466/466 465/465/465
f 385/385/385 386/386/386 467/467/467
f 385/385/385 467/467/467 466/466/466
f 386/386/386 387/387/387 468/468/468
f 386/386/386 468/468/468 467/467/467
f 387/387/387 388/388/388 469/469/469
f 387/387/387 469/469/469 468/468/468
f 388/388/388 389/389/389 470/470/470
f 388/388/388 470/470/470 469/469/469
f 389/389/389 390/390/390 471/471/471
f 389/389/389 471/471/471 470/470/470
f 390/390/390 391/391/391 472/472/472
f 390/390/390 472/472/472 471/471/471
f 391/391/391 392/392/392 473/473/473
f 391/391/391 473/473/473 472/472/472
f 392/392/392 393/393/393 474/474/474
f 392/392/392 474/474/474 473/473/473
f 393/393/393 394/394/394 475/475/475
f 393/393/393 475/475/475 474/474/474
f 394/394/394 395/395/395 476/476/476
f 394/394/394 476/476/476 475/475/475
f 395/395/395 396/396/396 477/477/477
f 395/395/395 477/477/477 476/476/476
f 396/396/396 397/397/397 478/478/478
f 396/396/396 478/478/478 477/477/477
f 397/397/397 398/398/398 479/479/479
f 397/397/397 479/479/479 478/478/478
f 398/398/398 399/399/399 480/480/480
f 398/398/398 480/480/480 479/479/479
f 399/399/399 400/400/400 481/481/481
f 399/399/399 481/481/481 480/480/480
f 400/400/400 401/401/401 482/482/482
f 400/400/400 482/482/482 481/481/481
f 401/401/401 402/402/402 483/483/483
f 401/401/401 483/483/483 482/482/482
f 402/402/402 403/403/403 484/484/484
f 402/402/402 484/484/484 483/483/483
f 403/403/403 404/404/404 485/485/485
f 403/403/403 485/485/485 484/484/484
f 404/404/404 405/405/405 486/486/486
f 404/404/404 486/486/486 485/485/485
f 406/406/406 407/407/407 488/488/488
f 406/406/406 488/488/488 487/487/487
f 407/407/407 408/408/408 489/489/489
f 407/407/407 489/489/489 488/488/488
f 408/408/408 409/409/409 490/490/490
f 408/408/408 490/490/490 489/489/489
f 409/409/409 410/410/410 491/491/491
f 409/409/409 491/491/491 490/490/490
f 410/410/410 411/411/411 492/492/492
f 410/410/410 492/492/492 491/491/491
f 411/411/411 412/412/412 493/493/493
f 411/411/411 493/493/493 492/492/492
f 412/412/412 413/413/413 494/494/494
f 412/412/412 494/494/494 493/493/493
f 413/413/413 414/414/414 495/495/495
f 413/413/413 495/495/495 494/494/494
f 414/414/414 415/415/415 496/496/496
f 414/414/414 496/496/496 495/495/495
f 415/415/415 416/416/416 497/497/497
f 415/415/415 497/497/497 496/496/496
f 416/416/416 417/417/417 498/498/498
f 416/416/416 498/498/498 497/497/497
f 417/417/417 418/418/418 499/499/499
f 417/417/417 499/499/499 498/498/498
f 418/418/418 419/419/419 500/500/500
f 418/418/418 500/500/500 499/499/499
f 419/419/419 420/420/420 501/501/501
f 419/419/419 501/501/501 500/500/500
f 420/420/420 421/421/421 502/502/502
f 420/420/420 502/502/502 501/501/501
f 421/421/421 422/422/422 503/503/503
f 421/421/421 503/503/503 502/502/502
f 422/422/422 423/423/423 504/504/504
f 422/422/422 504/504/504 503/503/503
f 423/423/423 424/424/424 505/505/505
f 423/423/423 505/505/505 504/504/504
f 424/424/424 425/425/425 506/506/506
f 424/424/424 506/506/506 505/505/505
f 425/425/425 426/426/426 507/507/507
f 425/425/425 507/507/507 506/506/506
f 426/426/426 427/427/427 508/508/508
f 426/426/426 508/508/508 507/507/507
f 427/427/427 428/428/428 509/509/509
f 427/427/427 509/509/509 508/508/508
f 428/428/428 429/429/429 510/510/510
f 428/428/428 510/510/510 509/509/509
f 429/429/429 430/430/430 511/511/511
f 429/429/429 511/511/511 510/510/510
f 430/430/430 431/431/431 512/512/512
f 430/430/430 512/512/512 511/511/511
f 431/431/431 432/432/432 513/513/513
f 431/431/431 513/513/513 512/512/512
f 432/432/432 433/433/433 514/514/514
f 432/432/432 514/514/514 513/513/513
f 433/433/433 434/434/434 515/515/515
f 433/433/433 515/515/515 514/514/514
f 434/434/434 435/435/435 516/516/516
f 434/434/434 516/516/516 515/515/515
f 435/435/435 436/436/436 517/517/517
f 435/435/435 517/517/517 516/516/516
f 436/436/436 437/437/437 518/518/518
f 436/436/436 518/518/518 517/517/517
f 437/437/437 438/438/438 519/519/519
f 437/437/437 519/519/519 518/518/518
f 438/438/438 439/439/439 520/520/520
f 438/438/438 520/520/520 519/519/519
f 439/439/439 440/440/440 521/521/521
f 439/439/439 521/521/521 520/520/520
f 440/440/440 441/441/441 522/522/522
f 440/440/440 522/522/522 521/521/521
f 441/441/441 442/442/442 523/523/523
f 441/441/441 523/523/523 522/522/522
f 442/442/442 443/443/443 524/524/524
f 442/442/442 524/524/524 523/523/523
f 443/443/443 444/444/444 525/525/525
f 443/443/443 525/525/525 524/524/524
f 444/444/444 445/445/445 526/526/526
f 444/444/444 526/526/526 525/525/525
f 445/445/445 446/446/446 527/527/527
f 445/445/445 527/527/527 526/526/526
f 446/446/446 447/447/447 528/528/528
f 446/446/446 528/528/528 527/527/527
f 447/447/447 448/448/448 529/529/529
f 447/447/447 529/529/529 528/528/528
f 448/448/448 449/449/449 530/530/530
f 448/448/448 530/530/530 529/529/529
f 449/449/449 450/450/450 531/531/531
f 449/449/449 531/531/531 530/530/530
f 450/450/450 451/451/451 532/532/532
f 450/450/450 532/532/532 531/531/531
f 451/451/451 452/452/452 533/533/533
f 451/451/451 533/533/533 532/532/532
f 452/452/452 453/453/453 534/534/534
f 452/452/452 534/534/534 533/533/533
f 453/453/453 454/454/454 535/535/535
f 453/453/453 535/535/535 534/534/534
f 454/454/454 455/455/455 536/536/536
f 454/454/454 536/536/536 535/535/535
f 455/455/455 456/456/456 537/537/537
f 455/455/455 537/537/537 536/536/536
f 456/456/456 457/457/457 538/538/538
f 456/456/456 538/538/538 537/537/537
f 457/457/457 458/458/458 539/539/539
f 457/457/457 539/539/539 538/538/538
f 458/458/458 459/459/459 540/540/540
f 458/458/458 540/540/540 539/539/539
f 459/459/459 460/460/460 541/541/541
f 459/459/459 541/541/541 540/540/540
f 460/460/460 461/461/461 542/542/542
f 460/460/460 542/542/542 541/541/541
f 461/461/461 462/462/462 543/543/543
f 461/461/461 543/543/543 542/542/542
f 462/462/462 463/463/463 544/544/544
f 462/462/462 544/544/544 543/543/543
f 463/463/463 464/464/464 545/545/545
f 463/463/463 545/545/545 544/544/544
f 464/464/464 465/465/465 546/546/546
f 464/464/464 546/546/546 545/545/545
f 465/465/465 466/466/466 547/547/547
f 465/465/465 547/547/547 546/546/546
f 466/466/466 467/467/467 548/548/548
f 466/466/466 548/548/548 547/547/547
f 467/467/467 468/468/468 549/549/549
f 467/467/467 549/549/549 548/548/548
f 468/468/468 469/469/469 550/550/550
f 468/468/468 550/550/550 549/549/549
f 469/469/469 470/470/470 551/551/551
f 469/469/469 551/551/551 550/550/550
f 470/470/470 471/471/471 552/552/552
f 470/470/470 552/552/552 551/551/551
f 471/471/471 472/472/472 553/553/553
f 471/471/471 553/553/553 552/552/552
f 472/472/472 473/473/473 554/554/554
f 472/472/472 554/554/554 553/553/553
f 473/473/473 474/474/474 555/555/555
f 473/473/473 555/555/555 554/554/554
f 474/474/474 475/475/475 556/556/556
f 474/474/474 556/556/556 555/555/555
f 475/475/475 476/476/476 557/557/557
f 475/475/475 557/557/557 556/556/556
f 476/476/476 477/477/477 558/558/558
f 476/476/476 558/558/558 557/557/557
f 477/477/477 478/478/478 559/559/559
f 477/477/477 559/559/559 558/558/558
f 478/478/478 479/479/479 560/560/560
f 478/478/478 560/560/560 559/559/559
f 479/479/479 480/480/480 561/561/561
f 479/479/479 561/561/561 560/560/560
f 480/480/480 481/481/481 562/562/562
f 480/480/480 562/562/562 561/561/561
f 481/481/481 482/482/482 563/563/563
f 481/481/481 563/563/563 562/562/562
f 482/482/482 483/483/483 564/564/564
f 482/482/482 564/564/564 563/563/563
f 483/483/483 484/484/484 565/565/565
f 483/483/483 565/565/565 564/564/564
f 484/484/484 485/485/485 566/566/566
f 484/484/484 566/566/566 565/565/565
f 485/485/485 486/486/486 567/567/567
f 485/485/485 567/567/567 566/566/566
f 487/487/487 488/488/488 569/569/569
f 487/487/487 569/569/569 568/568/568
f 488/488/488 489/489/489 570/570/570
f 488/488/488 570/570/570 569/569/569
f 489/489/489 490/490/490 571/571/571
f 489/489/489 571/571/571 570/570/570
f 490/490/490 491/491/491 572/572/572
f 490/490/490 572/572/572 571/571/571
f 491/491/491 492/492/492 573/573/573
f 491/491/491 573/573/573 572/572/572
f 492/492/492 493/493/493 574/574/574
f 492/492/492 574/574/574 573/573/573
f 493/493/493 494/494/494 575/575/575
f 493/493/493 575/575/575 574/574/574
f 494/494/494 495/495/495 576/576/576
f 494/494/494 576/576/576 575/575/575
f 495/495/495 496/496/496 577/577/577
f 495/495/495 577/577/577 576/576/576
f 496/496/496 497/497/497 578/578/578
f 496/496/496 578/578/578 577/577/577
f 497/497/497 498/498/498 579/579/579
f 497/497/497 579/579/579 578/578/578
f 498/498/498 499/499/499 580/580/580
f 498/498/498 580/580/580 579/579/579
f 499/499/499 500/500/500 581/581/581
f 499/499/499 581/581/581 580/580/580
f 500/500/500 501/501/501 582/582/582
f 500/500/500 582/582/582 581/581/581
f 501/501/501 502/502/502 583/583/583
f 501/501/501 583/583/583 582/582/582
f 502/502/502 503/503/503 584/584/584
f 502/502/502 584/584/584 583/583/583
f 503/503/503 504/504/504 585/585/585
f 503/503/503 585/585/585 584/584/584
f 504/504/504 505/505/505 586/586/586
f 504/504/504 586/586/586 585/585/585
f 505/505/505 506/506/506 587/587/587
f 505/505/505 587/587/587 586/586/586
f 506/506/506 507/507/507 588/588/588
f 506/506/506 588/588/588 587/587/587
f 507/507/507 508/508/508 589/589/589
f 507/507/507 589/589/589 588/588/588
f 508/508/508 509/509/509 590/590/590
f 508/508/508 590/590/590 589/589/589
f 509/509/509 510/510/510 591/591/591
f 509/509/509 591/591/591 590/590/590
f 510/510/510 511/511/511 592/592/592
f 510/510/510 592/592/592 591/591/591
f 511/511/511 512/512/512 593/593/593
f 511/511/511 593/593/593 592/592/592
f 512/512/512 513/513/513 594/594/594
f 512/512/512 594/594/594 593/593/593
f 513/513/513 514/514/514 595/595/595
f 513/513/513 595/595/595 594/594/594
f 514/514/514 515/515/515 596/596/596
f 514/514/514 596/596/596 595/595/595
f 515/515/515 516/516/516 597/597/597
f 515/515/515 597/597/597 596/596/596
f 516/516/516 517/517/517 598/598/598
f 516/516/516 598/598/598 597/597/597
f 517/517/517 518/518/518 599/599/599
f 517/517/517 599/599/599 598/598/598
f 518/518/518 519/519/519 600/600/600
f 518/518/518 600/600/600 599/599/599
f 519/519/519 520/520/520 601/601/601
f 519/519/519 601/601/601 600/600/600
f 520/520/520 521/521/521 602/602/602
f 520/520/520 602/602/602 601/601/601
f 521/521/521 522/522/522 603/603/603
f 521/521/521 603/603/603 602/602/602
f 522/522/522 523/523/523 604/604/604
f 522/522/522 604/604/604 603/603/603
f 523/523/523 524/524/524 605/605/605
f 523/523/523 605/605/605 604/604/604
f 524/524/524 525/525/525 606/606/606
f 524/524/524 606/606/606 605/605/605
f 525/525/525 526/526/526 607/607/607
f 525/525/525 607/607/607 606/606/606
f 526/526/526 527/527/527 608/608/608
f 526/526/526 608/608/608 607/607/607
f 527/527/527 528/528/528 609/609/609
f 527/527/527 609/609/609 608/608/608
f 528/528/528 529/529/529 610/610/610
f 528/528/528 610/610/610 609/609/609
f 529/529/529 530/530/530 611/611/611
f 529/529/529 611/611/611 610/610/610
f 530/530/530 531/531/531 612/612/612
f 530/530/530 612/612/612 611/611/611
f 531/531/531 532/532/532 613/613/613
f 531/531/531 613/613/613 612/612/612
f 532/532/532 533/533/533 614/614/614
f 532/532/532 614/614/614 613/613/613
f 533/533/533 534/534/534 615/615/615
f 533/533/533 615/615/615 614/614/614
f 534/534/534 535/535/535 616/616/616
f 534/534/534 616/616/616 615/615/615
f 535/535/535 536/536/536 617/617/617
f 535/535/535 617/617/617 616/616/616
f 536/536/536 537/537/537 618/618/618
f 536/536/536 618/618/618 617/617/617
f 537/537/537 538/538/538 619/619/619
f 537/537/537 619/619/619 618/618/618
f 538/538/538 539/539/539 620/620/620
f 538/538/538 620/620/620 619/619/619
f 539/539/539 540/540/540 621/621/621
f 539/539/539 621/621/621 620/620/620
f 540/540/540 541/541/541 622/622/622
f 540/540/540 622/622/622 621/621/621
f 541/541/541 542/542/542 623/623/623
f 541/541/541 623/623/623 622/622/622
f 542/542/542 543/543/543 624/624/624
f 542/542/542 624/624/624 623/623/623
f 543/543/543 544/544/544 625/625/625
f 543/543/543 625/625/625 624/624/624
f 544/544/544 545/545/545 626/626/626
f 544/544/544 626/626/626 625/625/625
f 545/545/545 546/546/546 627/627/627
f 545/545/545 627/627/627 626/626/626
f 546/546/546 547/547/547 628/628/628
f 546/546/546 628/628/628 627/627/627
f 547/547/547 548/548/548 629/629/629
f 547/547/547 629/629/629 628/628/628
f 548/548/548 549/549/549 630/630/630
f 548/548/548 630/630/630 629/629/629
f 549/549/549 550/550/550 631/631/631
f 549/549/549 631/631/631 630/630/630
f 550/550/550 551/551/551 632/632/632
f 550/550/550 632/632/632 631/631/631
f 551/551/551 552/552/552 633/633/633
f 551/551/551 633/633/633 632/632/632
f 552/552/552 553/553/553 634/634/634
f 552/552/552 634/634/634 633/633/633
f 553/553/553 554/554/554 635/635/635
f 553/553/553 635/635/635 634/634/634
f 554/554/554 555/555/555 636/636/636
f 554/554/554 636/636/636 635/635/635
f 555/555/555 556/556/556 637/637/637
f 555/555/555 637/637/637 636/636/636
f 556/556/556 557/557/557 638/638/638
f 556/556/556 638/638/638 637/637/637
f 557/557/557 558/558/558 639/639/639
f 557/557/557 639/639/639 638/638/638
f 558/558/558 559/559/559 640/640/640
f 558/558/558 640/640/640 639/639/639
f 559/559/559 560/560/560 641/641/641
f 559/559/559 641/641/641 640/640/640
f 560/560/560 561/561/561 642/642/642
f 560/560/560 642/642/642 641/641/641
f 561/561/561 562/562/562 643/643/643
f 561/561/561 643/643/643 642/642/642
f 562/562/562 563/563/563 644/644/644
f 562/562/562 644/644/644 643/643/643
f 563/563/563 564/564/564 645/645/645
f 563/563/563 645/645/645 644/644/644
f 564/564/564 565/565/565 646/646/646
f 564/564/564 646/646/646 645/645/645
f 565/565/565 566/566/566 647/647/647
f 565/565/565 647/647/647 646/646/646
f 566/566/566 567/567/567 648/648/648
f 566/566/566 648/648/648 647/647/647
f 568/568/568 569/569/569 650/650/650
f 568/568/568 650/650/650 649/649/649
f 569/569/569 570/570/570 651/651/651
f 569/569/569 651/651/651 650/650/650
f 570/570/570 571/571/571 652/652/652
f 570/570/570 652/652/652 651/651/651
f 571/571/571 572/572/572 653/653/653
f 571/571/571 653/653/653 652/652/652
f 572/572/572 573/573/573 654/654/654
f 572/572/572 654/654/654 653/653/653
f 573/573/573 574/574/574 655/655/655
f 573/573/573 655/655/655 654/654/654
f 574/574/574 575/575/575 656/656/656
f 574/574/574 656/656/656 655/655/655
f 575/575/575 576/576/576 657/657/657
f 575/575/575 657/657/657 656/656/656
f 576/576/576 577/577/577 658/658/658
f 576/576/576 658/658/658 657/657/657
f 577/577/577 578/578/578 659/659/659
f 577/577/577 659/659/659 658/658/658
f 578/578/578 579/579/579 660/660/660
f 578/578/578 660/660/660 659/659/659
f 579/579/579 580/580/580 661/661/661
f 579/579/579 661/661/661 660/660/660
f 580/580/580 581/581/581 662/662/662
f 580/580/580 662/662/662 661/661/661
f 581/581/581 582/582/582 663/663/663
f 581/581/581 663/663/663 662/662/662
f 582/582/582 583/583/583 664/664/664
f 582/582/582 664/664/664 663/663/663
f 583/583/583 584/584/584 665/665/665
f 583/583/583 665/665/665 664/664/664
f 584/584/584 585/585/585 666/666/666
f 584/584/584 666/666/666 665/665/665
f 585/585/585 586/586/586 667/667/667
f 585/585/585 667/667/667 666/666/666
f 586/586/586 587/587/587 668/668/668
f 586/586/586 668/668/668 667/667/667
f 587/587/587 588/588/588 669/669/669
f 587/587/587 669/669/669 668/668/668
f 588/588/588 589/589/589 670/670/670
f 588/588/588 670/670/670 669/669/669
f 589/589/589 590/590/590 671/671/671
f 589/589/589 671/671/671 670/670/670
f 590/590/590 591/591/591 672/672/672
f 590/590/590 672/672/672 671/671/671
f 591/591/591 592/592/592 673/673/673
f 591/591/591 673/673/673 672/672/672
f 592/592/592 593/593/593 674/674/674
f 592/592/592 674/674/674 673/673/673
f 593/593/593 594/594/594 675/675/675
f 593/593/593 675/675/675 674/674/674
f 594/594/594 595/595/595 676/676/676
f 594/594/594 676/676/676 675/675/675
f 595/595/595 596/596/596 677/677/677
f 595/595/595 677/677/677 676/676/676
f 596/596/596 597/597/597 678/678/678
f 596/596/596 678/678/678 677/677/677
f 597/597/597 598/598/598 679/679/679
f 597/597/597 679/679/679 678/678/678
f 598/598/598 599/599/599 680/680/680
f 598/598/598 680/680/680 679/679/679
f 599/599/599 600/600/600 681/681/681
f 599/599/599 681/681/681 680/680/680
f 600/600/600 601/601/601 682/682/682
f 600/600/600 682/682/682 681/681/681
f 601/601/601 602/602/602 683/683/683
f 601/601/601 683/683/683 682/682/682
f 602/602/602 603/603/603 684/684/684
f 602/602/602 684/684/684 683/683/683
f 603/603/603 604/604/604 685/685/685
f 603/603/603 685/685/685 684/684/684
f 604/604/604 605/605/605 686/686/686
f 604/604/604 686/686/686 685/685/685
f 605/605/605 606/606/606 687/687/687
f 605/605/605 687/687/687 686/686/686
f 606/606/606 607/607/607 688/688/688
f 606/606/606 688/688/688 687/687/687
f 607/607/607 608/608/608 689/689/689
f 607/607/607 689/689/689 688/688/688
f 608/608/608 609/609/609 690/690/690
f 608/608/608 690/690/690 689/689/689
f 609/609/609 610/610/610 691/691/691
f 609/609/609 691/691/691 690/690/690
f 610/610/610 611/611/611 692/692/692
f 610/610/610 692/692/692 691/691/691
f 611/611/611 612/612/612 693/693/693
f 611/611/611 693/693/693 692/692/692
f 612/612/612 613/613/613 694/694/694
f 612/612/612 694/694/694 693/693/693
f 613/613/613 614/614/614 695/695/695
f 613/613/613 695/695/695 694/694/694
f 614/614/614 615/615/615 696/696/696
f 614/614/614 696/696/696 695/695/695
f 615/615/615 616/616/616 697/697/697
f 615/615/615 697/697/697 696/696/696
f 616/616/616 617/617/617 698/698/698
f 616/616/616 698/698/698 697/697/697
f 617/617/617 618/618/618 699/699/699
f 617/617/617 699/699/699 698/698/698
f 618/618/618 619/619/619 700/700/700
f 618/618/618 700/700/700 699/699/699
f 619/619/619 620/620/620 701/701/701
f 619/619/619 701/701/701 700/700/700
f 620/620/620 621/621/621 702/702/702
f 620/620/620 702/702/702 701/701/701
f 621/621/621 622/622/622 703/703/703
f 621/621/621 703/703/703 702/702/702
f 622/622/622 623/623/623 704/704/704
f 622/622/622 704/704/704 703/703/703
f 623/623/623 624/624/624 705/705/705
f 623/623/623 705/705/705 704/704/704
f 624/624/624 625/625/625 706/706/706
f 624/624/624 706/706/706 705/705/705
f 625/625/625 626/626/626 707/707/707
f 625/625/625 707/707/707 706/706/706
f 626/626/626 627/627/627 708/708/708
f 626/626/626 708/708/708 707/707/707
f 627/627/627 628/628/628 709/709/709
f 627/627/627 709/709/709 708/708/708
f 628/628/628 629/629/629 710/710/710
f 628/628/628 710/710/710 709/709/709
f 629/629/629 630/630/630 711/711/711
f 629/629/629 711/711/711 710/710/710
f 630/630/630 631/631/631 712/712/712
f 630/630/630 712/712/712 711/711/711
f 631/631/631 632/632/632 713/713/713
f 631/631/631 713/713/713 712/712/712
f 632/632/632 633/633/633 714/714/714
f 632/632/632 714/714/714 713/713/713
f 633/633/633 634/634/634 715/715/715
f 633/633/633 715/715/715 714/714/714
f 634/634/634 635/635/635 716/716/716
f 634/634/634 716/716/716 715/715/715
f 635/635/635 636/636/636 717/717/717
f 635/635/635 717/717/717 716/716/716
f 636/636/636 637/637/637 718/718/718
f 636/636/636 718/718/718 717/717/717
f 637/637/637 638/638/638 719/719/719
f 637/637/637 719/719/719 718/718/718
f 638/638/638 639/639/639 720/720/720
f 638/638/638 720/720/720 719/719/719
f 639/639/639 640/640/640 721/721/721
f 639/639/639 721/721/721 720/720/720
f 640/640/640 641/641/641 722/722/722
f 640/640/640 722/722/722 721/721/721
f 641/641/641 642/642/642 723/723/723
f 641/641/641 723/723/723 722/722/722
f 642/642/642 643/643/643 724/724/724
f 642/642/642 724/724/724 723/723/723
f 643/643/643 644/644/644 725/725/725
f 643/643/643 725/725/725 724/724/724
f 644/644/644 645/645/645 726/726/726
f 644/644/644 726/726/726 725/725/725
f 645/645/645 646/646/646 727/727/727
f 645/645/645 727/727/727 726/726/726
f 646/646/646 647/647/647 728/728/728
f 646/646/646 728/728/728 727/727/727
f 647/647/647 648/648/648 729/729/729
f 647/647/647 729/729/729 728/728/728
f 649/649/649 650/650/650 731/731/731
f 649/649/649 731/731/731 730/730/730
f 650/650/650 651/651/651 732/732/732
f 650/650/650 732/732/732 731/731/731
f 651/651/651 652/652/652 733/733/733
f 651/651/651 733/733/733 732/732/732
f 652/652/652 653/653/653 734/734/734
f 652/652/652 734/734/734 733/733/733
f 653/653/653 654/654/654 735/735/735
f 653/653/653 735/735/735 734/734/734
f 654/654/654 655/655/655 736/736/736
f 654/654/654 736/736/736 735/735/735
f 655/655/655 656/656/656 737/737/737
f 655/655/655 737/737/737 736/736/736
f 656/656/656 657/657/657 738/738/738
f 656/656/656 738/738/738 737/737/737
f 657/657/657 658/658/658 739/739/739
f 657/657/657 739/739/739 738/738/738
f 658/658/658 659/659/659 740/740/740
f 658/658/658 740/740/740 739/739/739
f 659/659/659 660/660/660 741/741/741
f 659/659/659 741/741/741 740/740/740
f 660/660/660 661/661/661 742/742/742
f 660/660/660 742/742/742 741/741/741
f 661/661/661 662/662/662 743/743/743
f 661/661/661 743/743/743 742/742/742
f 662/662/662 663/663/663 744/744/744
f 662/662/662 744/744/744 743/743/743
f 663/663/663 664/664/664 745/745/745
f 663/663/663 745/745/745 744/744/744
f 664/664/664 665/665/665 746/746/746
f 664/664/664 746/746/746 745/745/745
f 665/665/665 666/666/666 747/747/747
f 665/665/665 747/747/747 746/746/746
f 666/666/666 667/667/667 748/748/748
f 666/666/666 748/748/748 747/747/747
f 667/667/667 668/668/668 749/749/749
f 667/667/667 749/749/749 748/748/748
f 668/668/668 669/669/669 750/750/750
f 668/668/668 750/750/750 749/749/749
f 669/669/669 670/670/670 751/751/751
f 669/669/669 751/751/751 750/750/750
f 670/670/670 671/671/671 752/752/752
f 670/670/670 752/752/752 751/751/751
f 671/671/671 672/672/672 753/753/753
f 671/671/671 753/753/753 752/752/752
f 672/672/672 673/673/673 754/754/754
f 672/672/672 754/754/754 753/753/753
f 673/673/673 674/674/674 755/755/755
f 673/673/673 755/755/755 754/754/754
f 674/674/674 675/675/675 756/756/756
f 674/674/674 756/756/756 755/755/755
f 675/675/675 676/676/676 757/757/757
f 675/675/675 757/757/757 756/756/756
f 676/676/676 677/677/677 758/758/758
f 676/676/676 758/758/758 757/757/757
f 677/677/677 678/678/678 759/759/759
f 677/677/677 759/759/759 758/758/758
f 678/678/678 679/679/679 760/760/760
f 678/678/678 760/760/760 759/759/759
f 679/679/679 680/680/680 761/761/761
f 679/679/679 761/761/761 760/760/760
f 680/680/680 681/681/681 762/762/762
f 680/680/680 762/762/762 761/761/761
f 681/681/681 682/682/682 763/763/763
f 681/681/681 763/763/763 762/762/762
f 682/682/682 683/683/683 764/764/764
f 682/682/682 764/764/764 763/763/763
f 683/683/683 684/684/684 765/765/765
f 683/683/683 765/765/765 764/764/764
f 684/684/684 685/685/685 766/766/766
f 684/684/684 766/766/766 765/765/765
f 685/685/685 686/686/686 767/767/767
f 685/685/685 767/767/767 766/766/766
f 686/686/686 687/687/687 768/768/768
f 686/686/686 768/768/768 767/767/767
f 687/687/687 688/688/688 769/769/769
f 687/687/687 769/769/769 768/768/768
f 688/688/688 689/689/689 770/770/770
f 688/688/688 770/770/770 769/769/769
f 689/689/689 690/690/690 771/771/771
f 689/689/689 771/771/771 770/770/770
f 690/690/690 691/691/691 772/772/772
f 690/690/690 772/772/772 771/771/771
f 691/691/691 692/692/692 773/773/773
f 691/691/691 773/773/773 772/772/772
f 692/692/692 693/693/693 774/774/774
f 692/692/692 774/774/774 773/773/773
f 693/693/693 694/694/694 775/775/775
f 693/693/693 775/775/775 774/774/774
f 694/694/694 695/695/695 776/776/776
f 694/694/694 776/776/776 775/775/775
f 695/695/695 696/696/696 777/777/777
f 695/695/695 777/777/777 776/776/776
f 696/696/696 697/697/697 778/778/778
f 696/696/696 778/778/778 777/777/777
f 697/697/697 698/698/698 779/779/779
f 697/697/697 779/779/779 778/778/778
f 698/698/698 699/699/699 780/780/780
f 698/698/698 780/780/780 779/779/779
f 699/699/699 700/700/700 781/781/781
f 699/699/699 781/781/781 780/780/780
f 700/700/700 701/701/701 782/782/782
f 700/700/700 782/782/782 781/781/781
f 701/701/701 702/702/702 783/783/783
f 701/701/701 783/783/783 782/782/782
f 702/702/702 703/703/703 784/784/784
f 702/702/702 784/784/784 783/783/783
f 703/703/703 704/704/704 785/785/785
f 703/703/703 785/785/785 784/784/784
f 704/704/704 705/705/705 786/786/786
f 704/704/704 786/786/786 785/785/785
f 705/705/705 706/706/706 787/787/787
f 705/705/705 787/787/787 786/786/786
f 706/706/706 707/707/707 788/788/788
f 706/706/706 788/788/788 787/787/787
f 707/707/707 708/708/708 789/789/789
f 707/707/707 789/789/789 788/788/788
f 708/708/708 709/709/709 790/790/790
f 708/708/708 790/790/790 789/789/789
f 709/709/709 710/710/710 791/791/791
f 709/709/709 791/791/791 790/790/790
f 710/710/710 711/711/711 792/792/792
f 710/710/710 792/792/792 791/791/791
f 711/711/711 712/712/712 793/793/793
f 711/711/711 793/793/793 792/792/792
f 712/712/712 713/713/713 794/794/794
f 712/712/712 794/794/794 793/793/793
f 713/713/713 714/714/714 795/795/795
f 713/713/713 795/795/795 794/794/794
f 714/714/714 715/715/715 796/796/796
f 714/714/714 796/796/796 795/795/795
f 715/715/715 716/716/716 797/797/797
f 715/715/715 797/797/797 796/796/796
f 716/716/716 717/717/717 798/798/798
f 716/716/716 798/798/798 797/797/797
f 717/717/717 718/718/718 799/799/799
f 717/717/717 799/799/799 798/798/798
f 718/718/718 719/719/719 800/800/800
f 718/718/718 800/800/800 799/799/799
f 719/719/719 720/720/720 801/801/801
f 719/719/719 801/801/801 800/800/800
f 720/720/720 721/721/721 802/802/802
f 720/720/720 802/802/802 801/801/801
f 721/721/721 722/722/722 803/803/803
f 721/721/721 803/803/803 802/802/802
f 722/722/722 723/723/723 804/804/804
f 722/722/722 804/804/804 803/803/803
f 723/723/723 724/724/724 805/805/805
f 723/723/723 805/805/805 804/804/804
f 724/724/724 725/725/725 806/806/806
f 724/724/724 806/806/806 805/805/805
f 725/725/725 726/726/726 807/807/807
f 725/725/725 807/807/807 806/806/806
f 726/726/726 727/727/727 808/808/808
f 726/726/726 808/808/808 807/807/807
f 727/727/727 728/728/728 809/809/809
f 727/727/727 809/809/809 808/808/808
f 728/728/728 729/729/729 810/810/810
f 728/728/728 810/810/810 809/809/809
f 730/730/730 731/731/731 812/812/812
f 730/730/730 812/812/812 811/811/811
f 731/731/731 732/732/732 813/813/813
f 731/731/731 813/813/813 812/812/812
f 732/732/732 733/733/733 814/814/814
f 732/732/732 814/814/814 813/813/813
f 733/733/733 734/734/734 815/815/815
f 733/733/733 815/815/815 814/814/814
f 734/734/734 735/735/735 816/816/816
f 734/734/734 816/816/816 815/815/815
f 735/735/735 736/736/736 817/817/817
f 735/735/735 817/817/817 816/816/816
f 736/736/736 737/737/737 818/818/818
f 736/736/736 818/818/818 817/817/817
f 737/737/737 738/738/738 819/819/819
f 737/737/737 819/819/819 818/818/818
f 738/738/738 739/739/739 820/820/820
f 738/738/738 820/820/820 819/819/819
f 739/739/739 740/740/740 821/821/821
f 739/739/739 821/821/821 820/820/820
f 740/740/740 741/741/741 822/822/822
f 740/740/740 822/822/822 821/821/821
f 741/741/741 742/742/742 823/823/823
f 741/741/741 823/823/823 822/822/822
f 742/742/742 743/743/743 824/824/824
f 742/742/742 824/824/824 823/823/823
f 743/743/743 744/744/744 825/825/825
f 743/743/743 825/825/825 824/824/824
f 744/744/744 745/745/745 826/826/826
f 744/744/744 826/826/826 825/825/825
f 745/745/745 746/746/746 827/827/827
f 745/745/745 827/827/827 826/826/826
f 746/746/746 747/747/747 828/828/828
f 746/746/746 828/828/828 827/827/827
f 747/747/747 748/748/748 829/829/829
f 747/747/747 829/829/829 828/828/828
f 748/748/748 749/749/749 830/830/830
f 748/748/748 830/830/830 829/829/829
f 749/749/749 750/750/750 831/831/831
f 749/749/749 831/831/831 830/830/830
f 750/750/750 751/751/751 832/832/832
f 750/750/750 832/832/832 831/831/831
f 751/751/751 752/752/752 833/833/833
f 751/751/751 833/833/833 832/832/832
f 752/752/752 753/753/753 834/834/834
f 752/752/752 834/834/834 833/833/833
f 753/753/753 754/754/754 835/835/835
f 753/753/753 835/835/835 834/834/834
f 754/754/754 755/755/755 836/836/836
f 754/754/754 836/836/836 835/835/835
f 755/755/755 756/756/756 837/837/837
f 755/755/755 837/837/837 836/836/836
f 756/756/756 757/757/757 838/838/838
f 756/756/756 838/838/838 837/837/837
f 757/757/757 758/758/758 839/839/839
f 757/757/757 839/839/839 838/838/838
f 758/758/758 759/759/759 840/840/840
f 758/758/758 840/840/840 839/839/839
f 759/759/759 760/760/760 841/841/841
f 759/759/759 841/841/841 840/840/840
f 760/760/760 761/761/761 842/842/842
f 760/760/760 842/842/842 841/841/841
f 761/761/761 762/762/762 843/843/843
f 761/761/761 843/843/843 842/842/842
f 762/762/762 763/763/763 844/844/844
f 762/762/762 844/844/844 843/843/843
f 763/763/763 764/764/764 845/845/845
f 763/763/763 845/845/845 844/844/844
f 764/764/764 765/765/765 846/846/846
f 764/764/764 846/846/846 845/845/845
f 765/765/765 766/766/766 847/847/847
f 765/765/765 847/847/847 846/846/846
f 766/766/766 767/767/767 848/848/848
f 766/766/766 848/848/848 847/847/847
f 767/767/767 768/768/768 849/849/849
f 767/767/767 849/849/849 848/848/848
f 768/768/768 769/769/769 850/850/850
f 768/768/768 850/850/850 849/849/849
f 769/769/769 770/770/770 851/851/851
f 769/769/769 851/851/851 850/850/850
f 770/770/770 771/771/771 852/852/852
f 770/770/770 852/852/852 851/851/851
f 771/771/771 772/772/772 853/853/853
f 771/771/771 853/853/853 852/852/852
f 772/772/772 773/773/773 854/854/854
f 772/772/772 854/854/854 853/853/853
f 773/773/773 774/774/774 855/855/855
f 773/773/773 855/855/855 854/854/854
f 774/774/774 775/775/775 856/856/856
f 774/774/774 856/856/856 855/855/855
f 775/775/775 776/776/776 857/857/857
f 775/775/775 857/857/857 856/856/856
f 776/776/776 777/777/777 858/858/858
f 776/776/776 858/858/858 857/857/857
f 777/777/777 778/778/778 859/859/859
f 777/777/777 859/859/859 858/858/858
f 778/778/778 779/779/779 860/860/860
f 778/778/778 860/860/860 859/859/859
f 779/779/779 780/780/780 861/861/861
f 779/779/779 861/861/861 860/860/860
f 780/780/780 781/781/781 862/862/862
f 780/780/780 862/862/862 861/861/861
f 781/781/781 782/782/782 863/863/863
f 781/781/781 863/863/863 862/862/862
f 782/782/782 783/783/783 864/864/864
f 782/782/782 864/864/864 863/863/863
f 783/783/783 784/784/784 865/865/865
f 783/783/783 865/865/865 864/864/864
f 784/784/784 785/785/785 866/866/866
f 784/784/784 866/866/866 865/865/865
f 785/785/785 786/786/786 867/867/867
f 785/785/785 867/867/867 866/866/866
f 786/786/786 787/787/787 868/868/868
f 786/786/786 868/868/868 867/867/867
f 787/787/787 788/788/788 869/869/869
f 787/787/787 869/869/869 868/868/868
f 788/788/788 789/789/789 870/870/870
f 788/788/788 870/870/870 869/869/869
f 789/789/789 790/790/790 871/871/871
f 789/789/789 871/871/871 870/870/870
f 790/790/790 791/791/791 872/872/872
f 790/790/790 872/872/872 871/871/871
f 791/791/791 792/792/792 873/873/873
f 791/791/791 873/873/873 872/872/872
f 792/792/792 793/793/793 874/874/874
f 792/792/792 874/874/874 873/873/873
f 793/793/793 794/794/794 875/875/875
f 793/793/793 875/875/875 874/874/874
f 794/794/794 795/795/795 876/876/876
f 794/794/794 876/876/876 875/875/875
f 795/795/795 796/796/796 877/877/877
f 795/795/795 877/877/877 876/876/876
f 796/796/796 797/797/797 878/878/878
f 796/796/796 878/878/878 877/877/877
f 797/797/797 798/798/798 879/879/879
f 797/797/797 879/879/879 878/878/878
f 798/798/798 799/799/799 880/880/880
f 798/798/798 880/880/880 879/879/879
f 799/799/799 800/800/800 881/881/881
f 799/799/799 881/881/881 880/880/880
f 800/800/800 801/801/801 882/882/882
f 800/800/800 882/882/882 881/881/881
f 801/801/801 802/802/802 883/883/883
f 801/801/801 883/883/883 882/882/882
f 802/802/802 803/803/803 884/884/884
f 802/802/802 884/884/884 883/883/883
f 803/803/803 804/804/804 885/885/885
f 803/803/803 885/885/885 884/884/884
f 804/804/804 805/805/805 886/886/886
f 804/804/804 886/886/886 885/885/885
f 805/805/805 806/806/806 887/887/887
f 805/805/805 887/887/887 886/886/886
f 806/806/806 807/807/807 888/888/888
f 806/806/806 888/888/888 887/887/887
f 807/807/807 808/808/808 889/889/889
f 807/807/807 889/889/889 888/888/888
f 808/808/808 809/809/809 890/890/890
f 808/808/808 890/890/890 889/889/889
f 809/809/809 810/810/810 891/891/891
f 809/809/809 891/891/891 890/890/890
f 811/811/811 812/812/812 893/893/893
f 811/811/811 893/893/893 892/892/892
f 812/812/812 813/813/813 894/894/894
f 812/812/812 894/894/894 893/893/893
f 813/813/813 814/814/814 895/895/895
f 813/813/813 895/895/895 894/894/894
f 814/814/814 815/815/815 896/896/896
f 814/814/814 896/896/896 895/895/895
f 815/815/815 816/816/816 897/897/897
f 815/815/815 897/897/897 896/896/896
f 816/816/816 817/817/817 898/898/898
f 816/816/816 898/898/898 897/897/897
f 817/817/817 818/818/818 899/899/899
f 817/817/817 899/899/899 898/898/898
f 818/818/818 819/819/819 900/900/900
f 818/818/818 900/900/900 899/899/899
f 819/819/819 820/820/820 901/901/901
f 819/819/819 901/901/901 900/900/900
f 820/820/820 821/821/821 902/902/902
f 820/820/820 902/902/902 901/901/901
f 821/821/821 822/822/822 903/903/903
f 821/821/821 903/903/903 902/902/902
f 822/822/822 823/823/823 904/904/904
f 822/822/822 904/904/904 903/903/903
f 823/823/823 824/824/824 905/905/905
f 823/823/823 905/905/905 904/904/904
f 824/824/824 825/825/825 906/906/906
f 824/824/824 906/906/906 905/905/905
f 825/825/825 826/826/826 907/907/907
f 825/825/825 907/907/907 906/906/906
f 826/826/826 827/827/827 908/908/908
f 826/826/826 908/908/908 907/907/907
f 827/827/827 828/828/828 909/909/909
f 827/827/827 909/909/909 908/908/908
f 828/828/828 829/829/829 910/910/910
f 828/828/828 910/910/910 909/909/909
f 829/829/829 830/830/830 911/911/911
f 829/829/829 911/911/911 910/910/910
f 830/830/830 831/831/831 912/912/912
f 830/830/830 912/912/912 911/911/911
f 831/831/831 832/832/832 913/913/913
f 831/831/831 913/913/913 912/912/912
f 832/832/832 833/833/833 914/914/914
f 832/832/832 914/914/914 913/913/913
f 833/833/833 834/834/834 915/915/915
f 833/833/833 915/915/915 914/914/914
f 834/834/834 835/835/835 916/916/916
f 834/834/834 916/916/916 915/915/915
f 835/835/835 836/836/836 917/917/917
f 835/835/835 917/917/917 916/916/916
f 836/836/836 837/837/837 918/918/918
f 836/836/836 918/918/918 917/917/917
f 837/837/837 838/838/838 919/919/919
f 837/837/837 919/919/919 918/918/918
f 838/838/838 839/839/839 920/920/920
f 838/838/838 920/920/920 919/919/919
f 839/839/839 840/840/840 921/921/921
f 839/839/839 921/921/921 920/920/920
f 840/840/840 841/841/841 922/922/922
f 840/840/840 922/922/922 921/921/921
f 841/841/841 842/842/842 923/923/923
f 841/841/841 923/923/923 922/922/922
f 842/842/842 843/843/843 924/924/924
f 842/842/842 924/924/924 923/923/923
f 843/843/843 844/844/844 925/925/925
f 843/843/843 925/925/925 924/924/924
f 844/844/844 845/845/845 926/926/926
f 844/844/844 926/926/926 925/925/925
f 845/845/845 846/846/846 927/927/927
f 845/845/845 927/927/927 926/926/926
f 846/846/846 847/847/847 928/928/928
f 846/846/846 928/928/928 927/927/927
f 847/847/847 848/848/848 929/929/929
f 847/847/847 929/929/929 928/928/928
f 848/848/848 849/849/849 930/930/930
f 848/848/848 930/930/930 929/929/929
f 849/849/849 850/850/850 931/931/931
f 849/849/849 931/931/931 930/930/930
f 850/850/850 851/851/851 932/932/932
f 850/850/850 932/932/932 931/931/931
f 851/851/851 852/852/852 933/933/933
f 851/851/851 933/933/933 932/932/932
f 852/852/852 853/853/853 934/934/934
f 852/852/852 934/934/934 933/933/933
f 853/853/853 854/854/854 935/935/935
f 853/853/853 935/935/935 934/934/934
f 854/854/854 855/855/855 936/936/936
f 854/854/854 936/936/936 935/935/935
f 855/855/855 856/856/856 937/937/937
f 855/855/855 937/937/937 936/936/936
f 856/856/856 857/857/857 938/938/938
f 856/856/856 938/938/938 937/937/937
f 857/857/857 858/858/858 939/939/939
f 857/857/857 939/939/939 938/938/938
f 858/858/858 859/859/859 940/940/940
f 858/858/858 940/940/940 939/939/939
f 859/859/859 860/860/860 941/941/941
f 859/859/859 941/941/941 940/940/940
f 860/860/860 861/861/861 942/942/942
f 860/860/860 942/942/942 941/941/941
f 861/861/861 862/862/862 943/943/943
f 861/861/861 943/943/943 942/942/942
f 862/862/862 863/863/863 944/944/944
f 862/862/862 944/944/944 943/943/943
f 863/863/863 864/864/864 945/945/945
f 863/863/863 945/945/945 944/944/944
f 864/864/864 865/865/865 946/946/946
f 864/864/864 946/946/946 945/945/945
f 865/865/865 866/866/866 947/947/947
f 865/865/865 947/947/947 946/946/946
f 866/866/866 867/867/867 948/948/948
f 866/866/866 948/948/948 947/947/947
f 867/867/867 868/868/868 949/949/949
f 867/867/867 949/949/949 948/948/948
f 868/868/868 869/869/869 950/950/950
f 868/868/868 950/950/950 949/949/949
f 869/869/869 870/870/870 951/951/951
f 869/869/869 951/951/951 950/950/950
f 870/870/870 871/871/871 952/952/952
f 870/870/870 952/952/952 951/951/951
f 871/871/871 872/872/872 953/953/953
f 871/871/871 953/953/953 952/952/952
f 872/872/872 873/873/873 954/954/954
f 872/872/872 954/954/954 953/953/953
f 873/873/873 874/874/874 955/955/955
f 873/873/873 955/955/955 954/954/954
f 874/874/874 875/875/875 956/956/956
f 874/874/874 956/956/956 955/955/955
f 875/875/875 876/876/876 957/957/957
f 875/875/875 957/957/957 956/956/956
f 876/876/876 877/877/877 958/958/958
f 876/876/876 958/958/958 957/957/957
f 877/877/877 878/878/878 959/959/959
f 877/877/877 959/959/959 958/958/958
f 878/878/878 879/879/879 960/960/960
f 878/878/878 960/960/960 959/959/959
f 879/879/879 880/880/880 961/961/961
f 879/879/879 961/961/961 960/960/960
f 880/880/880 881/881/881 962/962/962
f 880/880/880 962/962/962 961/961/961
f 881/881/881 882/882/882 963/963/963
f 881/881/881 963/963/963 962/962/962
f 882/882/882 883/883/883 964/964/964
f 882/882/882 964/964/964 963/963/963
f 883/883/883 884/884/884 965/965/965
f 883/883/883 965/965/965 964/964/964
f 884/884/884 885/885/885 966/966/966
f 884/884/884 966/966/966 965/965/965
f 885/885/885 886/886/886 967/967/967
f 885/885/885 967/967/967 966/966/966
f 886/886/886 887/887/887 968/968/968
f 886/886/886 968/968/968 967/967/967
f 887/887/887 888/888/888 969/969/969
f 887/887/887 969/969/969 968/968/968
f 888/888/888 889/889/889 970/970/970
f 888/888/888 970/970/970 969/969/969
f 889/889/889 890/890/890 971/971/971
f 889/889/889 971/971/971 970/970/970
f 890/890/890 891/891/891 972/972/972
f 890/890/890 972/972/972 971/971/971
f 892/892/892 893/893/893 974/974/974
f 892/892/892 974/974/974 973/973/973
f 893/893/893 894/894/894 975/975/975
f 893/893/893 975/975/975 974/974/974
f 894/894/894 895/895/895 976/976/976
f 894/894/894 976/976/976 975/975/975
f 895/895/895 896/896/896 977/977/977
f 895/895/895 977/977/977 976/976/976
f 896/896/896 897/897/897 978/978/978
f 896/896/896 978/978/978 977/977/977
f 897/897/897 898/898/898 979/979/979
f 897/897/897 979/979/979 978/978/978
f 898/898/898 899/899/899 980/980/980
f 898/898/898 980/980/980 979/979/979
f 899/899/899 900/900/900 981/981/981
f 899/899/899 981/981/981 980/980/980
f 900/900/900 901/901/901 982/982/982
f 900/900/900 982/982/982 981/981/981
f 901/901/901 902/902/902 983/983/983
f 901/901/901 983/983/983 982/982/982
f 902/902/902 903/903/903 984/984/984
f 902/902/902 984/984/984 983/983/983
f 903/903/903 904/904/904 985/985/985
f 903/903/903 985/985/985 984/984/984
f 904/904/904 905/905/905 986/986/986
f 904/904/904 986/986/986 985/985/985
f 905/905/905 906/906/906 987/987/987
f 905/905/905 987/987/987 986/986/986
f 906/906/906 907/907/907 988/988/988
f 906/906/906 988/988/988 987/987/987
f 907/907/907 908/908/908 989/989/989
f 907/907/907 989/989/989 988/988/988
f 908/908/908 909/909/909 990/990/990
f 908/908/908 990/990/990 989/989/989
f 909/909/909 910/910/910 991/991/991
f 909/909/909 991/991/991 990/990/990
f 910/910/910 911/911/911 992/992/992
f 910/910/910 992/992/992 991/991/991
f 911/911/911 912/912/912 993/993/993
f 911/911/911 993/993/993 992/992/992
f 912/912/912 913/913/913 994/994/994
f 912/912/912 994/994/994 993/993/993
f 913/913/913 914/914/914 995/995/995
f 913/913/913 995/995/995 994/994/994
f 914/914/914 915/915/915 996/996/996
f 914/914/914 996/996/996 995/995/995
f 915/915/915 916/916/916 997/997/997
f 915/915/915 997/997/997 996/996/996
f 916/916/916 917/917/917 998/998/998
f 916/916/916 998/998/998 997/997/997
f 917/917/917 918/918/918 999/999/999
f 917/917/917 999/999/999 998/998/998
f 918/918/918 919/919/919 1000/1000/1000
f 918/918/918 1000/1000/1000 999/999/999
f 919/919/919 920/920/920 1001/1001/1001
f 919/919/919 1001/1001/1001 1000/1000/1000
f 920/920/920 921/921/921 1002/1002/1002
f 920/920/920 1002/1002/1002 1001/1001/1001
f 921/921/921 922/922/922 1003/1003/1003
f 921/921/921 1003/1003/1003 1002/1002/1002
f 922/922/922 923/923/923 1004/1004/1004
f 922/922/922 1004/1004/1004 1003/1003/1003
f 923/923/923 924/924/924 1005/1005/1005
f 923/923/923 1005/1005/1005 1004/1004/1004
f 924/924/924 925/925/925 1006/1006/1006
f 924/924/924 1006/1006/1006 1005/1005/1005
f 925/925/925 926/926/926 1007/1007/1007
f 925/925/925 1007/1007/1007 1006/1006/1006
f 926/926/926 927/927/927 1008/1008/1008
f 926/926/926 1008/1008/1008 1007/1007/1007
f 927/927/927 928/928/928 1009/1009/1009
f 927/927/927 1009/1009/1009 1008/1008/1008
f 928/928/928 929/929/929 1010/1010/1010
f 928/928/928 1010/1010/1010 1009/1009/1009
f 929/929/929 930/930/930 1011/1011/1011
f 929/929/929 1011/1011/1011 1010/1010/1010
f 930/930/930 931/931/931 1012/1012/1012
f 930/930/930 1012/1012/1012 1011/1011/1011
f 931/931/931 932/932/932 1013/1013/1013
f 931/931/931 1013/1013/1013 1012/1012/1012
f 932/932/932 933/933/933 1014/1014/1014
f 932/932/932 1014/1014/1014 1013/1013/1013
f 933/933/933 934/934/934 1015/1015/1015
f 933/933/933 1015/1015/1015 1014/1014/1014
f 934/934/934 935/935/935 1016/1016/1016
f 934/934/934 1016/1016/1016 1015/1015/1015
f 935/935/935 936/936/936 1017/1017/1017
f 935/935/935 1017/1017/1017 1016/1016/1016
f 936/936/936 937/937/937 1018/1018/1018
f 936/936/936 1018/1018/1018 1017/1017/1017
f 937/937/937 938/938/938 1019/1019/1019
f 937/937/937 1019/1019/1019 1018/1018/1018
f 938/938/938 939/939/939 1020/1020/1020
f 938/938/938 1020/1020/1020 1019/1019/1019
f 939/939/939 940/940/940 1021/1021/1021
f 939/939/939 1021/1021/1021 1020/1020/1020
f 940/940/940 941/941/941 1022/1022/1022
f 940/940/940 1022/1022/1022 1021/1021/1021
f 941/941/941 942/942/942 1023/1023/1023
f 941/941/941 1023/1023/1023 1022/1022/1022
f 942/942/942 943/943/943 1024/1024/1024
f 942/942/942 1024/1024/1024 1023/1023/1023
f 943/943/943 944/944/944 1025/1025/1025
f 943/943/943 1025/1025/1025 1024/1024/1024
f 944/944/944 945/945/945 1026/1026/1026
f 944/944/944 1026/1026/1026 1025/1025/1025
f 945/945/945 946/946/946 1027/1027/1027
f 945/945/945 1027/1027/1027 1026/1026/1026
f 946/946/946 947/947/947 1028/1028/1028
f 946/946/946 1028/1028/1028 1027/1027/1027
f 947/947/947 948/948/948 1029/1029/1029
f 947/947/947 1029/1029/1029 1028/1028/1028
f 948/948/948 949/949/949 1030/1030/1030
f 948/948/948 1030/1030/1030 1029/1029/1029
f 949/949/949 950/950/950 1031/1031/1031
f 949/949/949 1031/1031/1031 1030/1030/1030
f 950/950/950 951/951/951 1032/1032/1032
f 950/950/950 1032/1032/1032 1031/1031/1031
f 951/951/951 952/952/952 1033/1033/1033
f 951/951/951 1033/1033/1033 1032/1032/1032
f 952/952/952 953/953/953 1034/1034/1034
f 952/952/952 1034/1034/1034 1033/1033/1033
f 953/953/953 954/954/954 1035/1035/1035
f 953/953/953 1035/1035/1035 1034/1034/1034
f 954/954/954 955/955/955 1036/1036/1036
f 954/954/954 1036/1036/1036 1035/1035/1035
f 955/955/955 956/956/956 1037/1037/1037
f 955/955/955 1037/1037/1037 1036/1036/1036
f 956/956/956 957/957/957 1038/1038/1038
f 956/956/956 1038/1038/1038 1037/1037/1037
f 957/957/957 958/958/958 1039/1039/1039
f 957/957/957 1039/1039/1039 1038/1038/1038
f 958/958/958 959/959/959 1040/1040/1040
f 958/958/958 1040/1040/1040 1039/1039/1039
f 959/959/959 960/960/960 1041/1041/1041
f 959/959/959 1041/1041/1041 1040/1040/1040
f 960/960/960 961/961/961 1042/1042/1042
f 960/960/960 1042/1042/1042 1041/1041/1041
f 961/961/961 962/962/962 1043/1043/1043
f 961/961/961 1043/1043/1043 1042/1042/1042
f 962/962/962 963/963/963 1044/1044/1044
f 962/962/962 1044/1044/1044 1043/1043/1043
f 963/963/963 964/964/964 1045/1045/1045
f 963/963/963 1045/1045/1045 1044/1044/1044
f 964/964/964 965/965/965 1046/1046/1046
f 964/964/964 1046/1046/1046 1045/1045/1045
f 965/965/965 966/966/966 1047/1047/1047
f 965/965/965 1047/1047/1047 1046/1046/1046
f 966/966/966 967/967/967 1048/1048/1048
f 966/966/966 1048/1048/1048 1047/1047/1047
f 967/967/967 968/968/968 1049/1049/1049
f 967/967/967 1049/1049/1049 1048/1048/1048
f 968/968/968 969/969/969 1050/1050/1050
f 968/968/968 1050/1050/1050 1049/1049/1049
f 969/969/969 970/970/970 1051/1051/1051
f 969/969/969 1051/1051/1051 1050/1050/1050
f 970/970/970 971/971/971 1052/1052/1052
f 970/970/970 1052/1052/1052 1051/1051/1051
f 971/971/971 972/972/972 1053/1053/1053
f 971/971/971 1053/1053/1053 1052/1052/1052
f 973/973/973 974/974/974 1055/1055/1055
f 973/973/973 1055/1055/1055 1054/1054/1054
f 974/974/974 975/975/975 1056/1056/1056
f 974/974/974 1056/1056/1056 1055/1055/1055
f 975/975/975 976/976/976 1057/1057/1057
f 975/975/975 1057/1057/1057 1056/1056/1056
f 976/976/976 977/977/977 1058/1058/1058
f 976/976/976 1058/1058/1058 1057/1057/1057
f 977/977/977 978/978/978 1059/1059/1059
f 977/977/977 1059/1059/1059 1058/1058/1058
f 978/978/978 979/979/979 1060/1060/1060
f 978/978/978 1060/1060/1060 1059/1059/1059
f 979/979/979 980/980/980 1061/1061/1061
f 979/979/979 1061/1061/1061 1060/1060/1060
f 980/980/980 981/981/981 1062/1062/1062
f 980/980/980 1062/1062/1062 1061/1061/1061
f 981/981/981 982/982/982 1063/1063/1063
f 981/981/981 1063/1063/1063 1062/1062/1062
f 982/982/982 983/983/983 1064/1064/1064
f 982/982/982 1064/1064/1064 1063/1063/1063
f 983/983/983 984/984/984 1065/1065/1065
f 983/983/983 1065/1065/1065 1064/1064/1064
f 984/984/984 985/985/985 1066/1066/1066
f 984/984/984 1066/1066/1066 1065/1065/1065
f 985/985/985 986/986/986 1067/1067/1067
f 985/985/985 1067/1067/1067 1066/1066/1066
f 986/986/986 987/987/987 1068/1068/1068
f 986/986/986 1068/1068/1068 1067/1067/1067
f 987/987/987 988/988/988 1069/1069/1069
f 987/987/987 1069/1069/1069 1068/1068/1068
f 988/988/988 989/989/989 1070/1070/1070
f 988/988/988 1070/1070/1070 1069/1069/1069
f 989/989/989 990/990/990 1071/1071/1071
f 989/989/989 1071/1071/1071 1070/1070/1070
f 990/990/990 991/991/991 1072/1072/1072
f 990/990/990 1072/1072/1072 1071/1071/1071
f 991/991/991 992/992/992 1073/1073/1073
f 991/991/991 1073/1073/1073 1072/1072/1072
f 992/992/992 993/993/993 1074/1074/1074
f 992/992/992 1074/1074/1074 1073/1073/1073
f 993/993/993 994/994/994 1075/1075/1075
f 993/993/993 1075/1075/1075 1074/1074/1074
f 994/994/994 995/995/995 1076/1076/1076
f 994/994/994 1076/1076/1076 1075/1075/1075
f 995/995/995 996/996/996 1077/1077/1077
f 995/995/995 1077/1077/1077 1076/1076/1076
f 996/996/996 997/997/997 1078/1078/1078
f 996/996/996 1078/1078/1078 1077/1077/1077
f 997/997/997 998/998/998 1079/1079/1079
f 997/997/997 1079/1079/1079 1078/1078/1078
f 998/998/998 999/999/999 1080/1080/1080
f 998/998/998 1080/1080/1080 1079/1079/1079
f 999/999/999 1000/1000/1000 1081/1081/1081
f 999/999/999 1081/1081/1081 1080/1080/1080
f 1000/1000/1000 1001/1001/1001 1082/1082/1082
f 1000/1000/1000 1082/1082/1082 1081/1081/1081
f 1001/1001/1001 1002/1002/1002 1083/1083/1083
f 1001/1001/1001 1083/1083/1083 1082/1082/1082
f 1002/1002/1002 1003/1003/1003 1084/1084/1084
f 1002/1002/1002 1084/1084/1084 1083/1083/1083
f 1003/1003/1003 1004/1004/1004 1085/1085/1085
f 1003/1003/1003 1085/1085/1085 1084/1084/1084
f 1004/1004/1004 1005/1005/1005 1086/1086/1086
f 1004/1004/1004 1086/1086/1086 1085/1085/1085
f 1005/1005/1005 1006/1006/1006 1087/1087/1087
f 1005/1005/1005 1087/1087/1087 1086/1086/1086
f 1006/1006/1006 1007/1007/1007 1088/1088/1088
f 1006/1006/1006 1088/1088/1088 1087/1087/1087
f 1007/1007/1007 1008/1008/1008 1089/1089/1089
f 1007/1007/1007 1089/1089/1089 1088/1088/1088
f 1008/1008/1008 1009/1009/1009 1090/1090/1090
f 1008/1008/1008 1090/1090/1090 1089/1089/1089
f 1009/1009/1009 1010/1010/1010 1091/1091/1091
f 1009/1009/1009 1091/1091/1091 1090/1090/1090
f 1010/1010/1010 1011/1011/1011 1092/1092/1092
f 1010/1010/1010 1092/1092/1092 1091/1091/1091
f 1011/1011/1011 1012/1012/1012 1093/1093/1093
f 1011/1011/1011 1093/1093/1093 1092/1092/1092
f 1012/1012/1012 1013/1013/1013 1094/1094/1094
f 1012/1012/1012 1094/1094/1094 1093/1093/1093
f 1013/1013/1013 1014/1014/1014 1095/1095/1095
f 1013/1013/1013 1095/1095/1095 1094/1094/1094
f 1014/1014/1014 1015/1015/1015 1096/1096/1096
f 1014/1014/1014 1096/1096/1096 1095/1095/1095
f 1015/1015/1015 1016/1016/1016 1097/1097/1097
f 1015/1015/1015 1097/1097/1097 1096/1096/1096
f 1016/1016/1016 1017/1017/1017 1098/1098/1098
f 1016/1016/1016 1098/1098/1098 1097/1097/1097
f 1017/1017/1017 1018/1018/1018 1099/1099/1099
f 1017/1017/1017 1099/1099/1099 1098/1098/1098
f 1018/1018/1018 1019/1019/1019 1100/1100/1100
f 1018/1018/1018 1100/1100/1100 1099/1099/1099
f 1019/1019/1019 1020/1020/1020 1101/1101/1101
f 1019/1019/1019 1101/1101/1101 1100/1100/1100
f 1020/1020/1020 1021/1021/1021 1102/1102/1102
f 1020/1020/1020 1102/1102/1102 1101/1101/1101
f 1021/1021/1021 1022/1022/1022 1103/1103/1103
f 1021/1021/1021 1103/1103/1103 1102/1102/1102
f 1022/1022/1022 1023/1023/1023 1104/1104/1104
f 1022/1022/1022 1104/1104/1104 1103/1103/1103
f 1023/1023/1023 1024/1024/1024 1105/1105/1105
f 1023/1023/1023 1105/1105/1105 1104/1104/1104
f 1024/1024/1024 1025/1025/1025 1106/1106/1106
f 1024/1024/1024 1106/1106/1106 1105/1105/1105
f 1025/1025/1025 1026/1026/1026 1107/1107/1107
f 1025/1025/1025 1107/1107/1107 1106/1106/1106
f 1026/1026/1026 1027/1027/1027 1108/1108/1108
f 1026/1026/1026 1108/1108/1108 1107/1107/1107
f 1027/1027/1027 1028/1028/1028 1109/1109/1109
f 1027/1027/1027 1109/1109/1109 1108/1108/1108
f 1028/1028/1028 1029/1029/1029 1110/1110/1110
f 1028/1028/1028 1110/1110/1110 1109/1109/1109
f 1029/1029/1029 1030/1030/1030 1111/1111/1111
f 1029/1029/1029 1111/1111/1111 1110/1110/1110
f 1030/1030/1030 1031/1031/1031 1112/1112/1112
f 1030/1030/1030 1112/1112/1112 1111/1111/1111
f 1031/1031/1031 1032/1032/1032 1113/1113/1113
f 1031/1031/1031 1113/1113/1113 1112/1112/1112
f 1032/1032/1032 1033/1033/1033 1114/1114/1114
f 1032/1032/1032 1114/1114/1114 1113/1113/1113
f 1033/1033/1033 1034/1034/1034 1115/1115/1115
f 1033/1033/1033 1115/1115/1115 1114/1114/1114
f 1034/1034/1034 1035/1035/1035 1116/1116/1116
f 1034/1034/1034 1116/1116/1116 1115/1115/1115
f 1035/1035/1035 1036/1036/1036 1117/1117/1117
f 1035/1035/1035 1117/1117/1117 1116/1116/1116
f 1036/1036/1036 1037/1037/1037 1118/1118/1118
f 1036/1036/1036 1118/1118/1118 1117/1117/1117
f 1037/1037/1037 1038/1038/1038 1119/1119/1119
f 1037/1037/1037 1119/1119/1119 1118/1118/1118
f 1038/1038/1038 1039/1039/1039 1120/1120/1120
f 1038/1038/1038 1120/1120/1120 1119/1119/1119
f 1039/1039/1039 1040/1040/1040 1121/1121/1121
f 1039/1039/1039 1121/1121/1121 1120/1120/1120
f 1040/1040/1040 1041/1041/1041 1122/1122/1122
f 1040/1040/1040 1122/1122/1122 1121/1121/1121
f 1041/1041/1041 1042/1042/1042 1123/1123/1123
f 1041/1041/1041 1123/1123/1123 1122/1122/1122
f 1042/1042/1042 1043/1043/1043 1124/1124/1124
f 1042/1042/1042 1124/1124/1124 1123/1123/1123
f 1043/1043/1043 1044/1044/1044 1125/1125/1125
f 1043/1043/1043 1125/1125/1125 1124/1124/1124
f 1044/1044/1044 1045/1045/1045 1126/1126/1126
f 1044/1044/1044 1126/1126/1126 1125/1125/1125
f 1045/1045/1045 1046/1046/1046 1127/1127/1127
f 1045/1045/1045 1127/1127/1127 1126/1126/1126
f 1046/1046/1046 1047/1047/1047 1128/1128/1128
f 1046/1046/1046 1128/1128/1128 1127/1127/1127
f 1047/1047/1047 1048/1048/1048 1129/1129/1129
f 1047/1047/1047 1129/1129/1129 1128/1128/1128
f 1048/1048/1048 1049/1049/1049 1130/1130/1130
f 1048/1048/1048 1130/1130/1130 1129/1129/1129
f 1049/1049/1049 1050/1050/1050 1131/1131/1131
f 1049/1049/1049 1131/1131/1131 1130/1130/1130
f 1050/1050/1050 1051/1051/1051 1132/1132/1132
f 1050/1050/1050 1132/1132/1132 1131/1131/1131
f 1051/1051/1051 1052/1052/1052 1133/1133/1133
f 1051/1051/1051 1133/1133/1133 1132/1132/1132
f 1052/1052/1052 1053/1053/1053 1134/1134/1134
f 1052/1052/1052 1134/1134/1134 1133/1133/1133
f 1054/1054/1054 1055/1055/1055 1136/1136/1136
f 1054/1054/1054 1136/1136/1136 1135/1135/1135
f 1055/1055/1055 1056/1056/1056 1137/1137/1137
f 1055/1055/1055 1137/1137/1137 1136/1136/1136
f 1056/1056/1056 1057/1057/1057 1138/1138/1138
f 1056/1056/1056 1138/1138/1138 1137/1137/1137
f 1057/1057/1057 1058/1058/1058 1139/1139/1139
f 1057/1057/1057 1139/1139/1139 1138/1138/1138
f 1058/1058/1058 1059/1059/1059 1140/1140/1140
f 1058/1058/1058 1140/1140/1140 1139/1139/1139
f 1059/1059/1059 1060/1060/1060 1141/1141/1141
f 1059/1059/1059 1141/1141/1141 1140/1140/1140
f 1060/1060/1060 1061/1061/1061 1142/1142/1142
f 1060/1060/1060 1142/1142/1142 1141/1141/1141
f 1061/1061/1061 1062/1062/1062 1143/1143/1143
f 1061/1061/1061 1143/1143/1143 1142/1142/1142
f 1062/1062/1062 1063/1063/1063 1144/1144/1144
f 1062/1062/1062 1144/1144/1144 1143/1143/1143
f 1063/1063/1063 1064/1064/1064 1145/1145/1145
f 1063/1063/1063 1145/1145/1145 1144/1144/1144
f 1064/1064/1064 1065/1065/1065 1146/1146/1146
f 1064/1064/1064 1146/1146/1146 1145/1145/1145
f 1065/1065/1065 1066/1066/1066 1147/1147/1147
f 1065/1065/1065 1147/1147/1147 1146/1146/1146
f 1066/1066/1066 1067/1067/1067 1148/1148/1148
f 1066/1066/1066 1148/1148/1148 1147/1147/1147
f 1067/1067/1067 1068/1068/1068 1149/1149/1149
f 1067/1067/1067 1149/1149/1149 1148/1148/1148
f 1068/1068/1068 1069/1069/1069 1150/1150/1150
f 1068/1068/1068 1150/1150/1150 1149/1149/1149
f 1069/1069/1069 1070/1070/1070 1151/1151/1151
f 1069/1069/1069 1151/1151/1151 1150/1150/1150
f 1070/1070/1070 1071/1071/1071 1152/1152/1152
f 1070/1070/1070 1152/1152/1152 1151/1151/1151
f 1071/1071/1071 1072/1072/1072 1153/1153/1153
f 1071/1071/1071 1153/1153/1153 1152/1152/1152
f 1072/1072/1072 1073/1073/1073 1154/1154/1154
f 1072/1072/1072 1154/1154/1154 1153/1153/1153
f 1073/1073/1073 1074/1074/1074 1155/1155/1155
f 1073/1073/1073 1155/1155/1155 1154/1154/1154
f 1074/1074/1074 1075/1075/1075 1156/1156/1156
f 1074/1074/1074 1156/1156/1156 1155/1155/1155
f 1075/1075/1075 1076/1076/1076 1157/1157/1157
f 1075/1075/1075 1157/1157/1157 1156/1156/1156
f 1076/1076/1076 1077/1077/1077 1158/1158/1158
f 1076/1076/1076 1158/1158/1158 1157/1157/1157
f 1077/1077/1077 1078/1078/1078 1159/1159/1159
f 1077/1077/1077 1159/1159/1159 1158/1158/1158
f 1078/1078/1078 1079/1079/1079 1160/1160/1160
f 1078/1078/1078 1160/1160/1160 1159/1159/1159
f 1079/1079/1079 1080/1080/1080 1161/1161/1161
f 1079/1079/1079 1161/1161/1161 1160/1160/1160
f 1080/1080/1080 1081/1081/1081 1162/1162/1162
f 1080/1080/1080 1162/1162/1162 1161/1161/1161
f 1081/1081/1081 1082/1082/1082 1163/1163/1163
f 1081/1081/1081 1163/1163/1163 1162/1162/1162
f 1082/1082/1082 1083/1083/1083 1164/1164/1164
f 1082/1082/1082 1164/1164/1164 1163/1163/1163
f 1083/1083/1083 1084/1084/1084 1165/1165/1165
f 1083/1083/1083 1165/1165/1165 1164/1164/1164
f 1084/1084/1084 1085/1085/1085 1166/1166/1166
f 1084/1084/1084 1166/1166/1166 1165/1165/1165
f 1085/1085/1085 1086/1086/1086 1167/1167/1167
f 1085/1085/1085 1167/1167/1167 1166/1166/1166
f 1086/1086/1086 1087/1087/1087 1168/1168/1168
f 1086/1086/1086 1168/1168/1168 1167/1167/1167
f 1087/1087/1087 1088/1088/1088 1169/1169/1169
f 1087/1087/1087 1169/1169/1169 1168/1168/1168
f 1088/1088/1088 1089/1089/1089 1170/1170/1170
f 1088/1088/1088 1170/1170/1170 1169/1169/1169
f 1089/1089/1089 1090/1090/1090 1171/1171/1171
f 1089/1089/1089 1171/1171/1171 1170/1170/1170
f 1090/1090/1090 1091/1091/1091 1172/1172/1172
f 1090/1090/1090 1172/1172/1172 1171/1171/1171
f 1091/1091/1091 1092/1092/1092 1173/1173/1173
f 1091/1091/1091 1173/1173/1173 1172/1172/1172
f 1092/1092/1092 1093/1093/1093 1174/1174/1174
f 1092/1092/1092 1174/1174/1174 1173/1173/1173
f 1093/1093/1093 1094/1094/1094 1175/1175/1175
f 1093/1093/1093 1175/1175/1175 1174/1174/1174
f 1094/1094/1094 1095/1095/1095 1176/1176/1176
f 1094/1094/1094 1176/1176/1176 1175/1175/1175
f 1095/1095/1095 1096/1096/1096 1177/1177/1177
f 1095/1095/1095 1177/1177/1177 1176/1176/1176
f 1096/1096/1096 1097/1097/1097 1178/1178/1178
f 1096/1096/1096 1178/1178/1178 1177/1177/1177
f 1097/1097/1097 1098/1098/1098 1179/1179/1179
f 1097/1097/1097 1179/1179/1179 1178/1178/1178
f 1098/1098/1098 1099/1099/1099 1180/1180/1180
f 1098/1098/1098 1180/1180/1180 1179/1179/1179
f 1099/1099/1099 1100/1100/1100 1181/1181/1181
f 1099/1099/1099 1181/1181/1181 1180/1180/1180
f 1100/1100/1100 1101/1101/1101 1182/1182/1182
f 1100/1100/1100 1182/1182/1182 1181/1181/1181
f 1101/1101/1101 1102/1102/1102 1183/1183/1183
f 1101/1101/1101 1183/1183/1183 1182/1182/1182
f 1102/1102/1102 1103/1103/1103 1184/1184/1184
f 1102/1102/1102 1184/1184/1184 1183/1183/1183
f 1103/1103/1103 1104/1104/1104 1185/1185/1185
f 1103/1103/1103 1185/1185/1185 1184/1184/1184
f 1104/1104/1104 1105/1105/1105 1186/1186/1186
f 1104/1104/1104 1186/1186/1186 1185/1185/1185
f 1105/1105/1105 1106/1106/1106 1187/1187/1187
f 1105/1105/1105 1187/1187/1187 1186/1186/1186
f 1106/1106/1106 1107/1107/1107 1188/1188/1188
f 1106/1106/1106 1188/1188/1188 1187/1187/1187
f 1107/1107/1107 1108/1108/1108 1189/1189/1189
f 1107/1107/1107 1189/1189/1189 1188/1188/1188
f 1108/1108/1108 1109/1109/1109 1190/1190/1190
f 1108/1108/1108 1190/1190/1190 1189/1189/1189
f 1109/1109/1109 1110/1110/1110 1191/1191/1191
f 1109/1109/1109 1191/1191/1191 1190/1190/1190
f 1110/1110/1110 1111/1111/1111 1192/1192/1192
f 1110/1110/1110 1192/1192/1192 1191/1191/1191
f 1111/1111/1111 1112/1112/1112 1193/1193/1193
f 1111/1111/1111 1193/1193/1193 1192/1192/1192
f 1112/1112/1112 1113/1113/1113 1194/1194/1194
f 1112/1112/1112 1194/1194/1194 1193/1193/1193
f 1113/1113/1113 1114/1114/1114 1195/1195/1195
f 1113/1113/1113 1195/1195/1195 1194/1194/1194
f 1114/1114/1114 1115/1115/1115 1196/1196/1196
f 1114/1114/1114 1196/1196/1196 1195/1195/1195
f 1115/1115/1115 1116/1116/1116 1197/1197/1197
f 1115/1115/1115 1197/1197/1197 1196/1196/1196
f 1116/1116/1116 1117/1117/1117 1198/1198/1198
f 1116/1116/1116 1198/1198/1198 1197/1197/1197
f 1117/1117/1117 1118/1118/1118 1199/1199/1199
f 1117/1117/1117 1199/1199/1199 1198/1198/1198
f 1118/1118/1118 1119/1119/1119 1200/1200/1200
f 1118/1118/1118 1200/1200/1200 1199/1199/1199
f 1119/1119/1119 1120/1120/1120 1201/1201/1201
f 1119/1119/1119 1201/1201/1201 1200/1200/1200
f 1120/1120/1120 1121/1121/1121 1202/1202/1202
f 1120/1120/1120 1202/1202/1202 1201/1201/1201
f 1121/1121/1121 1122/1122/1122 1203/1203/1203
f 1121/1121/1121 1203/1203/1203 1202/1202/1202
f 1122/1122/1122 1123/1123/1123 1204/1204/1204
f 1122/1122/1122 1204/1204/1204 1203/1203/1203
f 1123/1123/1123 1124/1124/1124 1205/1205/1205
f 1123/1123/1123 1205/1205/1205 1204/1204/1204
f 1124/1124/1124 1125/1125/1125 1206/1206/1206
f 1124/1124/1124 1206/1206/1206 1205/1205/1205
f 1125/1125/1125 1126/1126/1126 1207/1207/1207
f 1125/1125/1125 1207/1207/1207 1206/1206/1206
f 1126/1126/1126 1127/1127/1127 1208/1208/1208
f 1126/1126/1126 1208/1208/1208 1207/1207/1207
f 1127/1127/1127 1128/1128/1128 1209/1209/1209
f 1127/1127/1127 1209/1209/1209 1208/1208/1208
f 1128/1128/1128 1129/1129/1129 1210/1210/1210
f 1128/1128/1128 1210/1210/1210 1209/1209/1209
f 1129/1129/1129 1130/1130/1130 1211/1211/1211
f 1129/1129/1129 1211/1211/1211 1210/1210/1210
f 1130/1130/1130 1131/1131/1131 1212/1212/1212
f 1130/1130/1130 1212/1212/1212 1211/1211/1211
f 1131/1131/1131 1132/1132/1132 1213/1213/1213
f 1131/1131/1131 1213/1213/1213 1212/1212/1212
f 1132/1132/1132 1133/1133/1133 1214/1214/1214
f 1132/1132/1132 1214/1214/1214 1213/1213/1213
f 1133/1133/1133 1134/1134/1134 1215/1215/1215
f 1133/1133/1133 1215/1215/1215 1214/1214/1214
f 1216/1216/1216 1298/1298/1298 1217/1217/1217
f 1216/1216/1216 1297/1297/1297 1298/1298/1298
f 1217/1217/1217 1299/1299/1299 1218/1218/1218
f 1217/1217/1217 1298/1298/1298 1299/1299/1299
f 1218/1218/1218 1300/1300/1300 1219/1219/1219
f 1218/1218/1218 1299/1299/1299 1300/1300/1300
f 1219/1219/1219 1301/1301/1301 1220/1220/1220
f 1219/1219/1219 1300/1300/1300 1301/1301/1301
f 1220/1220/1220 1302/1302/1302 1221/1221/1221
f 1220/1220/1220 1301/1301/1301 1302/1302/1302
f 1221/1221/1221 1303/1303/1303 1222/1222/1222
f 1221/1221/1221 1302/1302/1302 1303/1303/1303
f 1222/1222/1222 1304/1304/1304 1223/1223/1223
f 1222/1222/1222 1303/1303/1303 1304/1304/1304
f 1223/1223/1223 1305/1305/1305 1224/1224/1224
f 1223/1223/1223 1304/1304/1304 1305/1305/1305
f 1224/1224/1224 1306/1306/1306 1225/1225/1225
f 1224/1224/1224 1305/1305/1305 1306/1306/1306
f 1225/1225/1225 1307/1307/1307 1226/1226/1226
f 1225/1225/1225 1306/1306/1306 1307/1307/1307
f 1226/1226/1226 1308/1308/1308 1227/1227/1227
f 1226/1226/1226 1307/1307/1307 1308/1308/1308
f 1227/1227/1227 1309/1309/1309 1228/1228/1228
f 1227/1227/1227 1308/1308/1308 1309/1309/1309
f 1228/1228/1228 1310/1310/1310 1229/1229/1229
f 1228/1228/1228 1309/1309/1309 1310/1310/1310
f 1229/1229/1229 1311/1311/1311 1230/1230/1230
f 1229/1229/1229 1310/1310/1310 1311/1311/1311
f 1230/1230/1230 1312/1312/1312 1231/1231/1231
f 1230/1230/1230 1311/1311/1311 1312/1312/1312
f 1231/1231/1231 1313/1313/1313 1232/1232/1232
f 1231/1231/1231 1312/1312/1312 1313/1313/1313
f 1232/1232/1232 1314/1314/1314 1233/1233/1233
f 1232/1232/1232 1313/1313/1313 1314/1314/1314
f 1233/1233/1233 1315/1315/1315 1234/1234/1234
f 1233/1233/1233 1314/1314/1314 1315/1315/1315
f 1234/1234/1234 1316/1316/1316 1235/1235/1235
f 1234/1234/1234 1315/1315/1315 1316/1316/1316
f 1235/1235/1235 1317/1317/1317 1236/1236/1236
f 1235/1235/1235 1316/1316/1316 1317/1317/1317
f 1236/1236/1236 1318/1318/1318 1237/1237/1237
f 1236/1236/1236 1317/1317/1317 1318/1318/1318
f 1237/1237/1237 1319/1319/1319 1238/1238/1238
f 1237/1237/1237 1318/1318/1318 1319/1319/1319
f 1238/1238/1238 1320/1320/1320 1239/1239/1239
f 1238/1238/1238 1319/1319/1319 1320/1320/1320
f 1239/1239/1239 1321/1321/1321 1240/1240/1240
f 1239/1239/1239 1320/1320/1320 1321/1321/1321
f 1240/1240/1240 1322/1322/1322 1241/1241/1241
f 1240/1240/1240 1321/1321/1321 1322/1322/1322
f 1241/1241/1241 1323/1323/1323 1242/1242/1242
f 1241/1241/1241 1322/1322/1322 1323/1323/1323
f 1242/1242/1242 1324/1324/1324 1243/1243/1243
f 1242/1242/1242 1323/1323/1323 1324/1324/1324
f 1243/1243/1243 1325/1325/1325 1244/1244/1244
f 1243/1243/1243 1324/1324/1324 1325/1325/1325
f 1244/1244/1244 1326/1326/1326 1245/1245/1245
f 1244/1244/1244 1325/1325/1325 1326/1326/1326
f 1245/1245/1245 1327/1327/1327 1246/1246/1246
f 1245/1245/1245 1326/1326/1326 1327/1327/1327
f 1246/1246/1246 1328/1328/1328 1247/1247/1247
f 1246/1246/1246 1327/1327/1327 1328/1328/1328
f 1247/1247/1247 1329/1329/1329 1248/1248/1248
f 1247/1247/1247 1328/1328/1328 1329/1329/1329
f 1248/1248/1248 1330/1330/1330 1249/1249/1249
f 1248/1248/1248 1329/1329/1329 1330/1330/1330
f 1249/1249/1249 1331/1331/1331 1250/1250/1250
f 1249/1249/1249 1330/1330/1330 1331/1331/1331
f 1250/1250/1250 1332/1332/1332 1251/1251/1251
f 1250/1250/1250 1331/1331/1331 1332/1332/1332
f 1251/1251/1251 1333/1333/1333 1252/1252/1252
f 1251/1251/1251 1332/1332/1332 1333/1333/1333
f 1252/1252/1252 1334/1334/1334 1253/1253/1253
f 1252/1252/1252 1333/1333/1333 1334/1334/1334
f 1253/1253/1253 1335/1335/1335 1254/1254/1254
f 1253/1253/1253 1334/1334/1334 1335/1335/1335
f 1254/1254/1254 1336/1336/1336 1255/1255/1255
f 1254/1254/1254 1335/1335/1335 1336/1336/1336
f 1255/1255/1255 1337/1337/1337 1256/1256/1256
f 1255/1255/1255 1336/1336/1336 1337/1337/1337
f 1256/1256/1256 1338/1338/1338 1257/1257/1257
f 1256/1256/1256 1337/1337/1337 1338/1338/1338
f 1257/1257/1257 1339/1339/1339 1258/1258/1258
f 1257/1257/1257 1338/1338/1338 1339/1339/1339
f 1258/1258/1258 1340/1340/1340 1259/1259/1259
f 1258/1258/1258 1339/1339/1339 1340/1340/1340
f 1259/1259/1259 1341/1341/1341 1260/1260/1260
f 1259/1259/1259 1340/1340/1340 1341/1341/1341
f 1260/1260/1260 1342/1342/1342 1261/1261/1261
f 1260/1260/1260 1341/1341/1341 1342/1342/1342
f 1261/1261/1261 1343/1343/1343 1262/1262/1262
f 1261/1261/1261 1342/1342/1342 1343/1343/1343
f 1262/1262/1262 1344/1344/1344 1263/1263/1263
f 1262/1262/1262 1343/1343/1343 1344/1344/1344
f 1263/1263/1263 1345/1345/1345 1264/1264/1264
f 1263/1263/1263 1344/1344/1344 1345/1345/1345
f 1264/1264/1264 1346/1346/1346 1265/1265/1265
f 1264/1264/1264 1345/1345/1345 1346/1346/1346
f 1265/1265/1265 1347/1347/1347 1266/1266/1266
f 1265/1265/1265 1346/1346/1346 1347/1347/1347
f 1266/1266/1266 1348/1348/1348 1267/1267/1267
f 1266/1266/1266 1347/1347/1347 1348/1348/1348
f 1267/1267/1267 1349/1349/1349 1268/1268/1268
f 1267/1267/1267 1348/1348/1348 1349/1349/1349
f 1268/1268/1268 1350/1350/1350 1269/1269/1269
f 1268/1268/1268 1349/1349/1349 1350/1350/1350
f 1269/1269/1269 1351/1351/1351 1270/1270/1270
f 1269/1269/1269 1350/1350/1350 1351/1351/1351
f 1270/1270/1270 1352/1352/1352 1271/1271/1271
f 1270/1270/1270 1351/1351/1351 1352/1352/1352
f 1271/1271/1271 1353/1353/1353 1272/1272/1272
f 1271/1271/1271 1352/1352/1352 1353/1353/1353
f 1272/1272/1272 1354/1354/1354 1273/1273/1273
f 1272/1272/1272 1353/1353/1353 1354/1354/1354
f 1273/1273/1273 1355/1355/1355 1274/1274/1274
f 1273/1273/1273 1354/1354/1354 1355/1355/1355
f 1274/1274/1274 1356/1356/1356 1275/1275/1275
f 1274/1274/1274 1355/1355/1355 1356/1356/1356
f 1275/1275/1275 1357/1357/1357 1276/1276/1276
f 1275/1275/1275 1356/1356/1356 1357/1357/1357
f 1276/1276/1276 1358/1358/1358 1277/1277/1277
f 1276/1276/1276 1357/1357/1357 1358/1358/1358
f 1277/1277/1277 1359/1359/1359 1278/1278/1278
f 1277/1277/1277 1358/1358/1358 1359/1359/1359
f 1278/1278/1278 1360/1360/1360 1279/1279/1279
f 1278/1278/1278 1359/1359/1359 1360/1360/1360
f 1279/1279/1279 1361/1361/1361 1280/1280/1280
f 1279/1279/1279 1360/1360/1360 1361/1361/1361
f 1280/1280/1280 1362/1362/1362 1281/1281/1281
f 1280/1280/1280 1361/1361/1361 1362/1362/1362
f 1281/1281/1281 1363/1363/1363 1282/1282/1282
f 1281/1281/1281 1362/1362/1362 1363/1363/1363
f 1282/1282/1282 1364/1364/1364 1283/1283/1283
f 1282/1282/1282 1363/1363/1363 1364/1364/1364
f 1283/1283/1283 1365/1365/1365 1284/1284/1284
f 1283/1283/1283 1364/1364/1364 1365/1365/1365
f 1284/1284/1284 1366/1366/1366 1285/1285/1285
f 1284/1284/1284 1365/1365/1365 1366/1366/1366
f 1285/1285/1285 1367/1367/1367 1286/1286/1286
f 1285/1285/1285 1366/1366/1366 1367/1367/1367
f 1286/1286/1286 1368/1368/1368 1287/1287/1287
f 1286/1286/1286 1367/1367/1367 1368/1368/1368
f 1287/1287/1287 1369/1369/1369 1288/1288/1288
f 1287/1287/1287 1368/1368/1368 1369/1369/1369
f 1288/1288/1288 1370/1370/1370 1289/1289/1289
f 1288/1288/1288 1369/1369/1369 1370/1370/1370
f 1289/1289/1289 1371/1371/1371 1290/1290/1290
f 1289/1289/1289 1370/1370/1370 1371/1371/1371
f 1290/1290/1290 1372/1372/1372 1291/1291/1291
f 1290/1290/1290 1371/1371/1371 1372/1372/1372
f 1291/1291/1291 1373/1373/1373 1292/1292/1292
f 1291/1291/1291 1372/1372/1372 1373/1373/1373
f 1292/1292/1292 1374/1374/1374 1293/1293/1293
f 1292/1292/1292 1373/1373/1373 1374/1374/1374
f 1293/1293/1293 1375/1375/1375 1294/1294/1294
f 1293/1293/1293 1374/1374/1374 1375/1375/1375
f 1294/1294/1294 1376/1376/1376 1295/1295/1295
f 1294/1294/1294 1375/1375/1375 1376/1376/1376
f 1295/1295/1295 1377/1377/1377 1296/1296/1296
f 1295/1295/1295 1376/1376/1376 1377/1377/1377
f 1297/1297/1297 1379/1379/1379 1298/1298/1298
f 1297/1297/1297 1378/1378/1378 1379/1379/1379
f 1298/1298/1298 1380/1380/1380 1299/1299/1299
f 1298/1298/1298 1379/1379/1379 1380/1380/1380
f 1299/1299/1299 1381/1381/1381 1300/1300/1300
f 1299/1299/1299 1380/1380/1380 1381/1381/1381
f 1300/1300/1300 1382/1382/1382 1301/1301/1301
f 1300/1300/1300 1381/1381/1381 1382/1382/1382
f 1301/1301/1301 1383/1383/1383 1302/1302/1302
f 1301/1301/1301 1382/1382/1382 1383/1383/1383
f 1302/1302/1302 1384/1384/1384 1303/1303/1303
f 1302/1302/1302 1383/1383/1383 1384/1384/1384
f 1303/1303/1303 1385/1385/1385 1304/1304/1304
f 1303/1303/1303 1384/1384/1384 1385/1385/1385
f 1304/1304/1304 1386/1386/1386 1305/1305/1305
f 1304/1304/1304 1385/1385/1385 1386/1386/1386
f 1305/1305/1305 1387/1387/1387 1306/1306/1306
f 1305/1305/1305 1386/1386/1386 1387/1387/1387
f 1306/1306/1306 1388/1388/1388 1307/1307/1307
f 1306/1306/1306 1387/1387/1387 1388/1388/1388
f 1307/1307/1307 1389/1389/1389 1308/1308/1308
f 1307/1307/1307 1388/1388/1388 1389/1389/1389
f 1308/1308/1308 1390/1390/1390 1309/1309/1309
f 1308/1308/1308 1389/1389/1389 1390/1390/1390
f 1309/1309/1309 1391/1391/1391 1310/1310/1310
f 1309/1309/1309 1390/1390/1390 1391/1391/1391
f 1310/1310/1310 1392/1392/1392 1311/1311/1311
f 1310/1310/1310 1391/1391/1391 1392/1392/1392
f 1311/1311/1311 1393/1393/1393 1312/1312/1312
f 1311/1311/1311 1392/1392/1392 1393/1393/1393
f 1312/1312/1312 1394/1394/1394 1313/1313/1313
f 1312/1312/1312 1393/1393/1393 1394/1394/1394
f 1313/1313/1313 1395/1395/1395 1314/1314/1314
f 1313/1313/1313 1394/1394/1394 1395/1395/1395
f 1314/1314/1314 1396/1396/1396 1315/1315/1315
f 1314/1314/1314 1395/1395/1395 1396/1396/1396
f 1315/1315/1315 1397/1397/1397 1316/1316/1316
f 1315/1315/1315 1396/1396/1396 1397/1397/1397
f 1316/1316/1316 1398/1398/1398 1317/1317/1317
f 1316/1316/1316 1397/1397/1397 1398/1398/1398
f 1317/1317/1317 1399/1399/1399 1318/1318/1318
f 1317/1317/1317 1398/1398/1398 1399/1399/1399
f 1318/1318/1318 1400/1400/1400 1319/1319/1319
f 1318/1318/1318 1399/1399/1399 1400/1400/1400
f 1319/1319/1319 1401/1401/1401 1320/1320/1320
f 1319/1319/1319 1400/1400/1400 1401/1401/1401
f 1320/1320/1320 1402/1402/1402 1321/1321/1321
f 1320/1320/1320 1401/1401/1401 1402/1402/1402
f 1321/1321/1321 1403/1403/1403 1322/1322/1322
f 1321/1321/1321 1402/1402/1402 1403/1403/1403
f 1322/1322/1322 1404/1404/1404 1323/1323/1323
f 1322/1322/1322 1403/1403/1403 1404/1404/1404
f 1323/1323/1323 1405/1405/1405 1324/1324/1324
f 1323/1323/1323 1404/1404/1404 1405/1405/1405
f 1324/1324/1324 1406/1406/1406 1325/1325/1325
f 1324/1324/1324 1405/1405/1405 1406/1406/1406
f 1325/1325/1325 1407/1407/1407 1326/1326/1326
f 1325/1325/1325 1406/1406/1406 1407/1407/1407
f 1326/1326/1326 1408/1408/1408 1327/1327/1327
f 1326/1326/1326 1407/1407/1407 1408/1408/1408
f 1327/1327/1327 1409/1409/1409 1328/1328/1328
f 1327/1327/1327 1408/1408/1408 1409/1409/1409
f 1328/1328/1328 1410/1410/1410 1329/1329/1329
f 1328/1328/1328 1409/1409/1409 1410/1410/1410
f 1329/1329/1329 1411/1411/1411 1330/1330/1330
f 1329/1329/1329 1410/1410/1410 1411/1411/1411
f 1330/1330/1330 1412/1412/1412 1331/1331/1331
f 1330/1330/1330 1411/1411/1411 1412/1412/1412
f 1331/1331/1331 1413/1413/1413 1332/1332/1332
f 1331/1331/1331 1412/1412/1412 1413/1413/1413
f 1332/1332/1332 1414/1414/1414 1333/1333/1333
f 1332/1332/1332 1413/1413/1413 1414/1414/1414
f 1333/1333/1333 1415/1415/1415 1334/1334/1334
f 1333/1333/1333 1414/1414/1414 1415/1415/1415
f 1334/1334/1334 1416/1416/1416 1335/1335/1335
f 1334/1334/1334 1415/1415/1415 1416/1416/1416
f 1335/1335/1335 1417/1417/1417 1336/1336/1336
f 1335/1335/1335 1416/1416/1416 1417/1417/1417
f 1336/1336/1336 1418/1418/1418 1337/1337/1337
f 1336/1336/1336 1417/1417/1417 1418/1418/1418
f 1337/1337/1337 1419/1419/1419 1338/1338/1338
f 1337/1337/1337 1418/1418/1418 1419/1419/1419
f 1338/1338/1338 1420/1420/1420 1339/1339/1339
f 1338/1338/1338 1419/1419/1419 1420/1420/1420
f 1339/1339/1339 1421/1421/1421 1340/1340/1340
f 1339/1339/1339 1420/1420/1420 1421/1421/1421
f 1340/1340/1340 1422/1422/1422 1341/1341/1341
f 1340/1340/1340 1421/1421/1421 1422/1422/1422
f 1341/1341/1341 1423/1423/1423 1342/1342/1342
f 1341/1341/1341 1422/1422/1422 1423/1423/1423
f 1342/1342/1342 1424/1424/1424 1343/1343/1343
f 1342/1342/1342 1423/1423/1423 1424/1424/1424
f 1343/1343/1343 1425/1425/1425 1344/1344/1344
f 1343/1343/1343 1424/1424/1424 1425/1425/1425
f 1344/1344/1344 1426/1426/1426 1345/1345/1345
f 1344/1344/1344 1425/1425/1425 1426/1426/1426
f 1345/1345/1345 1427/1427/1427 1346/1346/1346
f 1345/1345/1345 1426/1426/1426 1427/1427/1427
f 1346/1346/1346 1428/1428/1428 1347/1347/1347
f 1346/1346/1346 1427/1427/1427 1428/1428/1428
f 1347/1347/1347 1429/1429/1429 1348/1348/1348
f 1347/1347/1347 1428/1428/1428 1429/1429/1429
f 1348/1348/1348 1430/1430/1430 1349/1349/1349
f 1348/1348/1348 1429/1429/1429 1430/1430/1430
f 1349/1349/1349 1431/1431/1431 1350/1350/1350
f 1349/1349/1349 1430/1430/1430 1431/1431/1431
f 1350/1350/1350 1432/1432/1432 1351/1351/1351
f 1350/1350/1350 1431/1431/1431 1432/1432/1432
f 1351/1351/1351 1433/1433/1433 1352/1352/1352
f 1351/1351/1351 1432/1432/1432 1433/1433/1433
f 1352/1352/1352 1434/1434/1434 1353/1353/1353
f 1352/1352/1352 1433/1433/1433 1434/1434/1434
f 1353/1353/1353 1435/1435/1435 1354/1354/1354
f 1353/1353/1353 1434/1434/1434 1435/1435/1435
f 1354/1354/1354 1436/1436/1436 1355/1355/1355
f 1354/1354/1354 1435/1435/1435 1436/1436/1436
f 1355/1355/1355 1437/1437/1437 1356/1356/1356
f 1355/1355/1355 1436/1436/1436 1437/1437/1437
f 1356/1356/1356 1438/1438/1438 1357/1357/1357
f 1356/1356/1356 1437/1437/1437 1438/1438/1438
f 1357/1357/1357 1439/1439/1439 1358/1358/1358
f 1357/1357/1357 1438/1438/1438 1439/1439/1439
f 1358/1358/1358 1440/1440/1440 1359/1359/1359
f 1358/1358/1358 1439/1439/1439 1440/1440/1440
f 1359/1359/1359 1441/1441/1441 1360/1360/1360
f 1359/1359/1359 1440/1440/1440 1441/1441/1441
f 1360/1360/1360 1442/1442/1442 1361/1361/1361
f 1360/1360/1360 1441/1441/1441 1442/1442/1442
f 1361/1361/1361 1443/1443/1443 1362/1362/1362
f 1361/1361/1361 1442/1442/1442 1443/1443/1443
f 1362/1362/1362 1444/1444/1444 1363/1363/1363
f 1362/1362/1362 1443/1443/1443 1444/1444/1444
f 1363/1363/1363 1445/1445/1445 1364/1364/1364
f 1363/1363/1363 1444/1444/1444 1445/1445/1445
f 1364/1364/1364 1446/1446/1446 1365/1365/1365
f 1364/1364/1364 1445/1445/1445 1446/1446/1446
f 1365/1365/1365 1447/1447/1447 1366/1366/1366
f 1365/1365/1365 1446/1446/1446 1447/1447/1447
f 1366/1366/1366 1448/1448/1448 1367/1367/1367
f 1366/1366/1366 1447/1447/1447 1448/1448/1448
f 1367/1367/1367 1449/1449/1449 1368/1368/1368
f 1367/1367/1367 1448/1448/1448 1449/1449/1449
f 1368/1368/1368 1450/1450/1450 1369/1369/1369
f 1368/1368/1368 1449/1449/1449 1450/1450/1450
f 1369/1369/1369 1451/1451/1451 1370/1370/1370
f 1369/1369/1369 1450/1450/1450 1451/1451/1451
f 1370/1370/1370 1452/1452/1452 1371/1371/1371
f 1370/1370/1370 1451/1451/1451 1452/1452/1452
f 1371/1371/1371 1453/1453/1453 1372/1372/1372
f 1371/1371/1371 1452/1452/1452 1453/1453/1453
f 1372/1372/1372 1454/1454/1454 1373/1373/1373
f 1372/1372/1372 1453/1453/1453 1454/1454/1454
f 1373/1373/1373 1455/1455/1455 1374/1374/1374
f 1373/1373/1373 1454/1454/1454 1455/1455/1455
f 1374/1374/1374 1456/1456/1456 1375/1375/1375
f 1374/1374/1374 1455/1455/1455 1456/1456/1456
f 1375/1375/1375 1457/1457/1457 1376/1376/1376
f 1375/1375/1375 1456/1456/1456 1457/1457/1457
f 1376/1376/1376 1458/1458/1458 1377/1377/1377
f 1376/1376/1376 1457/1457/1457 1458/1458/1458
f 1378/1378/1378 1460/1460/1460 1379/1379/1379
f 1378/1378/1378 1459/1459/1459 1460/1460/1460
f 1379/1379/1379 1461/1461/1461 1380/1380/1380
f 1379/1379/1379 1460/1460/1460 1461/1461/1461
f 1380/1380/1380 1462/1462/1462 1381/1381/1381
f 1380/1380/1380 1461/1461/1461 1462/1462/1462
f 1381/1381/1381 1463/1463/1463 1382/1382/1382
f 1381/1381/1381 1462/1462/1462 1463/1463/1463
f 1382/1382/1382 1464/1464/1464 1383/1383/1383
f 1382/1382/1382 1463/1463/1463 1464/1464/1464
f 1383/1383/1383 1465/1465/1465 1384/1384/1384
f 1383/1383/1383 1464/1464/1464 1465/1465/1465
f 1384/1384/1384 1466/1466/1466 1385/1385/1385
f 1384/1384/1384 1465/1465/1465 1466/1466/1466
f 1385/1385/1385 1467/1467/1467 1386/1386/1386
f 1385/1385/1385 1466/1466/1466 1467/1467/1467
f 1386/1386/1386 1468/1468/1468 1387/1387/1387
f 1386/1386/1386 1467/1467/1467 1468/1468/1468
f 1387/1387/1387 1469/1469/1469 1388/1388/1388
f 1387/1387/1387 1468/1468/1468 1469/1469/1469
f 1388/1388/1388 1470/1470/1470 1389/1389/1389
f 1388/1388/1388 1469/1469/1469 1470/1470/1470
f 1389/1389/1389 1471/1471/1471 1390/1390/1390
f 1389/1389/1389 1470/1470/1470 1471/1471/1471
f 1390/1390/1390 1472/1472/1472 1391/1391/1391
f 1390/1390/1390 1471/1471/1471 1472/1472/1472
f 1391/1391/1391 1473/1473/1473 1392/1392/1392
f 1391/1391/1391 1472/1472/1472 1473/1473/1473
f 1392/1392/1392 1474/1474/1474 1393/1393/1393
f 1392/1392/1392 1473/1473/1473 1474/1474/1474
f 1393/1393/1393 1475/1475/1475 1394/1394/1394
f 1393/1393/1393 1474/1474/1474 1475/1475/1475
f 1394/1394/1394 1476/1476/1476 1395/1395/1395
f 1394/1394/1394 1475/1475/1475 1476/1476/1476
f 1395/1395/1395 1477/1477/1477 1396/1396/1396
f 1395/1395/1395 1476/1476/1476 1477/1477/1477
f 1396/1396/1396 1478/1478/1478 1397/1397/1397
f 1396/1396/1396 1477/1477/1477 1478/1478/1478
f 1397/1397/1397 1479/1479/1479 1398/1398/1398
f 1397/1397/1397 1478/1478/1478 1479/1479/1479
f 1398/1398/1398 1480/1480/1480 1399/1399/1399
f 1398/1398/1398 1479/1479/1479 1480/1480/1480
f 1399/1399/1399 1481/1481/1481 1400/1400/1400
f 1399/1399/1399 1480/1480/1480 1481/1481/1481
f 1400/1400/1400 1482/1482/1482 1401/1401/1401
f 1400/1400/1400 1481/1481/1481 1482/1482/1482
f 1401/1401/1401 1483/1483/1483 1402/1402/1402
f 1401/1401/1401 1482/1482/1482 1483/1483/1483
f 1402/1402/1402 1484/1484/1484 1403/1403/1403
f 1402/1402/1402 1483/1483/1483 1484/1484/1484
f 1403/1403/1403 1485/1485/1485 1404/1404/1404
f 1403/1403/1403 1484/1484/1484 1485/1485/1485
f 1404/1404/1404 1486/1486/1486 1405/1405/1405
f 1404/1404/1404 1485/1485/1485 1486/1486/1486
f 1405/1405/1405 1487/1487/1487 1406/1406/1406
f 1405/1405/1405 1486/1486/1486 1487/1487/1487
f 1406/1406/1406 1488/1488/1488 1407/1407/1407
f 1406/1406/1406 1487/1487/1487 1488/1488/1488
f 1407/1407/1407 1489/1489/1489 1408/1408/1408
f 1407/1407/1407 1488/1488/1488 1489/1489/1489
f 1408/1408/1408 1490/1490/1490 1409/1409/1409
f 1408/1408/1408 1489/1489/1489 1490/1490/1490
f 1409/1409/1409 1491/1491/1491 1410/1410/1410
f 1409/1409/1409 1490/1490/1490 1491/1491/1491
f 1410/1410/1410 1492/1492/1492 1411/1411/1411
f 1410/1410/1410 1491/1491/1491 1492/1492/1492
f 1411/1411/1411 1493/1493/1493 1412/1412/1412
f 1411/1411/1411 1492/1492/1492 1493/1493/1493
f 1412/1412/1412 1494/1494/1494 1413/1413/1413
f 1412/1412/1412 1493/1493/1493 1494/1494/1494
f 1413/1413/1413 1495/1495/1495 1414/1414/1414
f 1413/1413/1413 1494/1494/1494 1495/1495/1495
f 1414/1414/1414 1496/1496/1496 1415/1415/1415
f 1414/1414/1414 1495/1495/1495 1496/1496/1496
f 1415/1415/1415 1497/1497/1497 1416/1416/1416
f 1415/1415/1415 1496/1496/1496 1497/1497/1497
f 1416/1416/1416 1498/1498/1498 1417/1417/1417
f 1416/1416/1416 1497/1497/1497 1498/1498/1498
f 1417/1417/1417 1499/1499/1499 1418/1418/1418
f 1417/1417/1417 1498/1498/1498 1499/1499/1499
f 1418/1418/1418 1500/1500/1500 1419/1419/1419
f 1418/1418/1418 1499/1499/1499 1500/1500/1500
f 1419/1419/1419 1501/1501/1501 1420/1420/1420
f 1419/1419/1419 1500/1500/1500 1501/1501/1501
f 1420/1420/1420 1502/1502/1502 1421/1421/1421
f 1420/1420/1420 1501/1501/1501 1502/1502/1502
f 1421/1421/1421 1503/1503/1503 1422/1422/1422
f 1421/1421/1421 1502/1502/1502 1503/1503/1503
f 1422/1422/1422 1504/1504/1504 1423/1423/1423
f 1422/1422/1422 1503/1503/1503 1504/1504/1504
f 1423/1423/1423 1505/1505/1505 1424/1424/1424
f 1423/1423/1423 1504/1504/1504 1505/1505/1505
f 1424/1424/1424 1506/1506/1506 1425/1425/1425
f 1424/1424/1424 1505/1505/1505 1506/1506/1506
f 1425/1425/1425 1507/1507/1507 1426/1426/1426
f 1425/1425/1425 1506/1506/1506 1507/1507/1507
f 1426/1426/1426 1508/1508/1508 1427/1427/1427
f 1426/1426/1426 1507/1507/1507 1508/1508/1508
f 1427/1427/1427 1509/1509/1509 1428/1428/1428
f 1427/1427/1427 1508/1508/1508 1509/1509/1509
f 1428/1428/1428 1510/1510/1510 1429/1429/1429
f 1428/1428/1428 1509/1509/1509 1510/1510/1510
f 1429/1429/1429 1511/1511/1511 1430/1430/1430
f 1429/1429/1429 1510/1510/1510 1511/1511/1511
f 1430/1430/1430 1512/1512/1512 1431/1431/1431
f 1430/1430/1430 1511/1511/1511 1512/1512/1512
f 1431/1431/1431 1513/1513/1513 1432/1432/1432
f 1431/1431/1431 1512/1512/1512 1513/1513/1513
f 1432/1432/1432 1514/1514/1514 1433/1433/1433
f 1432/1432/1432 1513/1513/1513 1514/1514/1514
f 1433/1433/1433 1515/1515/1515 1434/1434/1434
f 1433/1433/1433 1514/1514/1514 1515/1515/1515
f 1434/1434/1434 1516/1516/1516 1435/1435/1435
f 1434/1434/1434 1515/1515/1515 1516/1516/1516
f 1435/1435/1435 1517/1517/1517 1436/1436/1436
f 1435/1435/1435 1516/1516/1516 1517/1517/1517
f 1436/1436/1436 1518/1518/1518 1437/1437/1437
f 1436/1436/1436 1517/1517/1517 1518/1518/1518
f 1437/1437/1437 1519/1519/1519 1438/1438/1438
f 1437/1437/1437 1518/1518/1518 1519/1519/1519
f 1438/1438/1438 1520/1520/1520 1439/1439/1439
f 1438/1438/1438 1519/1519/1519 1520/1520/1520
f 1439/1439/1439 1521/1521/1521 1440/1440/1440
f 1439/1439/1439 1520/1520/1520 1521/1521/1521
f 1440/1440/1440 1522/1522/1522 1441/1441/1441
f 1440/1440/1440 1521/1521/1521 1522/1522/1522
f 1441/1441/1441 1523/1523/1523 1442/1442/1442
f 1441/1441/1441 1522/1522/1522 1523/1523/1523
f 1442/1442/1442 1524/1524/1524 1443/1443/1443
f 1442/1442/1442 1523/1523/1523 1524/1524/1524
f 1443/1443/1443 1525/1525/1525 1444/1444/1444
f 1443/1443/1443 1524/1524/1524 1525/1525/1525
f 1444/1444/1444 1526/1526/1526 1445/1445/1445
f 1444/1444/1444 1525/1525/1525 1526/1526/1526
f 1445/1445/1445 1527/1527/1527 1446/1446/1446
f 1445/1445/1445 1526/1526/1526 1527/1527/1527
f 1446/1446/1446 1528/1528/1528 1447/1447/1447
f 1446/1446/1446 1527/1527/1527 1528/1528/1528
f 1447/1447/1447 1529/1529/1529 1448/1448/1448
f 1447/1447/1447 1528/1528/1528 1529/1529/1529
f 1448/1448/1448 1530/1530/1530 1449/1449/1449
f 1448/1448/1448 1529/1529/1529 1530/1530/1530
f 1449/1449/1449 1531/1531/1531 1450/1450/1450
f 1449/1449/1449 1530/1530/1530 1531/1531/1531
f 1450/1450/1450 1532/1532/1532 1451/1451/1451
f 1450/1450/1450 1531/1531/1531 1532/1532/1532
f 1451/1451/1451 1533/1533/1533 1452/1452/1452
f 1451/1451/1451 1532/1532/1532 1533/1533/1533
f 1452/1452/1452 1534/1534/1534 1453/1453/1453
f 1452/1452/1452 1533/1533/1533 1534/1534/1534
f 1453/1453/1453 1535/1535/1535 1454/1454/1454
f 1453/1453/1453 1534/1534/1534 1535/1535/1535
f 1454/1454/1454 1536/1536/1536 1455/1455/1455
f 1454/1454/1454 1535/1535/1535 1536/1536/1536
f 1455/1455/1455 1537/1537/1537 1456/1456/1456
f 1455/1455/1455 1536/1536/1536 1537/1537/1537
f 1456/1456/1456 1538/1538/1538 1457/1457/1457
f 1456/1456/1456 1537/1537/1537 1538/1538/1538
f 1457/1457/1457 1539/1539/1539 1458/1458/1458
f 1457/1457/1457 1538/1538/1538 1539/1539/1539
f 1459/1459/1459 1541/1541/1541 1460/1460/1460
f 1459/1459/1459 1540/1540/1540 1541/1541/1541
f 1460/1460/1460 1542/1542/1542 1461/1461/1461
f 1460/1460/1460 1541/1541/1541 1542/1542/1542
f 1461/1461/1461 1543/1543/1543 1462/1462/1462
f 1461/1461/1461 1542/1542/1542 1543/1543/1543
f 1462/1462/1462 1544/1544/1544 1463/1463/1463
f 1462/1462/1462 1543/1543/1543 1544/1544/1544
f 1463/1463/1463 1545/1545/1545 1464/1464/1464
f 1463/1463/1463 1544/1544/1544 1545/1545/1545
f 1464/1464/1464 1546/1546/1546 1465/1465/1465
f 1464/1464/1464 1545/1545/1545 1546/1546/1546
f 1465/1465/1465 1547/1547/1547 1466/1466/1466
f 1465/1465/1465 1546/1546/1546 1547/1547/1547
f 1466/1466/1466 1548/1548/1548 1467/1467/1467
f 1466/1466/1466 1547/1547/1547 1548/1548/1548
f 1467/1467/1467 1549/1549/1549 1468/1468/1468
f 1467/1467/1467 1548/1548/1548 1549/1549/1549
f 1468/1468/1468 1550/1550/1550 1469/1469/1469
f 1468/1468/1468 1549/1549/1549 1550/1550/1550
f 1469/1469/1469 1551/1551/1551 1470/1470/1470
f 1469/1469/1469 1550/1550/1550 1551/1551/1551
f 1470/1470/1470 1552/1552/1552 1471/1471/1471
f 1470/1470/1470 1551/1551/1551 1552/1552/1552
f 1471/1471/1471 1553/1553/1553 1472/1472/1472
f 1471/1471/1471 1552/1552/1552 1553/1553/1553
f 1472/1472/1472 1554/1554/1554 1473/1473/1473
f 1472/1472/1472 1553/1553/1553 1554/1554/1554
f 1473/1473/1473 1555/1555/1555 1474/1474/1474
f 1473/1473/1473 1554/1554/1554 1555/1555/1555
f 1474/1474/1474 1556/1556/1556 1475/1475/1475
f 1474/1474/1474 1555/1555/1555 1556/1556/1556
f 1475/1475/1475 1557/1557/1557 1476/1476/1476
f 1475/1475/1475 1556/1556/1556 1557/1557/1557
f 1476/1476/1476 1558/1558/1558 1477/1477/1477
f 1476/1476/1476 1557/1557/1557 1558/1558/1558
f 1477/1477/1477 1559/1559/1559 1478/1478/1478
f 1477/1477/1477 1558/1558/1558 1559/1559/1559
f 1478/1478/1478 1560/1560/1560 1479/1479/1479
f 1478/1478/1478 1559/1559/1559 1560/1560/1560
f 1479/1479/1479 1561/1561/1561 1480/1480/1480
f 1479/1479/1479 1560/1560/1560 1561/1561/1561
f 1480/1480/1480 1562/1562/1562 1481/1481/1481
f 1480/1480/1480 1561/1561/1561 1562/1562/1562
f 1481/1481/1481 1563/1563/1563 1482/1482/1482
f 1481/1481/1481 1562/1562/1562 1563/1563/1563
f 1482/1482/1482 1564/1564/1564 1483/1483/1483
f 1482/1482/1482 1563/1563/1563 1564/1564/1564
f 1483/1483/1483 1565/1565/1565 1484/1484/1484
f 1483/1483/1483 1564/1564/1564 1565/1565/1565
f 1484/1484/1484 1566/1566/1566 1485/1485/1485
f 1484/1484/1484 1565/1565/1565 1566/1566/1566
f 1485/1485/1485 1567/1567/1567 1486/1486/1486
f 1485/1485/1485 1566/1566/1566 1567/1567/1567
f 1486/1486/1486 1568/1568/1568 1487/1487/1487
f 1486/1486/1486 1567/1567/1567 1568/1568/1568
f 1487/1487/1487 1569/1569/1569 1488/1488/1488
f 1487/1487/1487 1568/1568/1568 1569/1569/1569
f 1488/1488/1488 1570/1570/1570 1489/1489/1489
f 1488/1488/1488 1569/1569/1569 1570/1570/1570
f 1489/1489/1489 1571/1571/1571 1490/1490/1490
f 1489/1489/1489 1570/1570/1570 1571/1571/1571
f 1490/1490/1490 1572/1572/1572 1491/1491/1491
f 1490/1490/1490 1571/1571/1571 1572/1572/1572
f 1491/1491/1491 1573/1573/1573 1492/1492/1492
f 1491/1491/1491 1572/1572/1572 1573/1573/1573
f 1492/1492/1492 1574/1574/1574 1493/1493/1493
f 1492/1492/1492 1573/1573/1573 1574/1574/1574
f 1493/1493/1493 1575/1575/1575 1494/1494/1494
f 1493/1493/1493 1574/1574/1574 1575/1575/1575
f 1494/1494/1494 1576/1576/1576 1495/1495/1495
f 1494/1494/1494 1575/1575/1575 1576/1576/1576
f 1495/1495/1495 1577/1577/1577 1496/1496/1496
f 1495/1495/1495 1576/1576/1576 1577/1577/1577
f 1496/1496/1496 1578/1578/1578 1497/1497/1497
f 1496/1496/1496 1577/1577/1577 1578/1578/1578
f 1497/1497/1497 1579/1579/1579 1498/1498/1498
f 1497/1497/1497 1578/1578/1578 1579/1579/1579
f 1498/1498/1498 1580/1580/1580 1499/1499/1499
f 1498/1498/1498 1579/1579/1579 1580/1580/1580
f 1499/1499/1499 1581/1581/1581 1500/1500/1500
f 1499/1499/1499 1580/1580/1580 1581/1581/1581
f 1500/1500/1500 1582/1582/1582 1501/1501/1501
f 1500/1500/1500 1581/1581/1581 1582/1582/1582
f 1501/1501/1501 1583/1583/1583 1502/1502/1502
f 1501/1501/1501 1582/1582/1582 1583/1583/1583
f 1502/1502/1502 1584/1584/1584 1503/1503/1503
f 1502/1502/1502 1583/1583/1583 1584/1584/1584
f 1503/1503/1503 1585/1585/1585 1504/1504/1504
f 1503/1503/1503 1584/1584/1584 1585/1585/1585
f 1504/1504/1504 1586/1586/1586 1505/1505/1505
f 1504/1504/1504 1585/1585/1585 1586/1586/1586
f 1505/1505/1505 1587/1587/1587 1506/1506/1506
f 1505/1505/1505 1586/1586/1586 1587/1587/1587
f 1506/1506/1506 1588/1588/1588 1507/1507/1507
f 1506/1506/1506 1587/1587/1587 1588/1588/1588
f 1507/1507/1507 1589/1589/1589 1508/1508/1508
f 1507/1507/1507 1588/1588/1588 1589/1589/1589
f 1508/1508/1508 1590/1590/1590 1509/1509/1509
f 1508/1508/1508 1589/1589/1589 1590/1590/1590
f 1509/1509/1509 1591/1591/1591 1510/1510/1510
f 1509/1509/1509 1590/1590/1590 1591/1591/1591
f 1510/1510/1510 1592/1592/1592 1511/1511/1511
f 1510/1510/1510 1591/1591/1591 1592/1592/1592
f 1511/1511/1511 1593/1593/1593 1512/1512/1512
f 1511/1511/1511 1592/1592/1592 1593/1593/1593
f 1512/1512/1512 1594/1594/1594 1513/1513/1513
f 1512/1512/1512 1593/1593/1593 1594/1594/1594
f 1513/1513/1513 1595/1595/1595 1514/1514/1514
f 1513/1513/1513 1594/1594/1594 1595/1595/1595
f 1514/1514/1514 1596/1596/1596 1515/1515/1515
f 1514/1514/1514 1595/1595/1595 1596/1596/1596
f 1515/1515/1515 1597/1597/1597 1516/1516/1516
f 1515/1515/1515 1596/1596/1596 1597/1597/1597
f 1516/1516/1516 1598/1598/1598 1517/1517/1517
f 1516/1516/1516 1597/1597/1597 1598/1598/1598
f 1517/1517/1517 1599/1599/1599 1518/1518/1518
f 1517/1517/1517 1598/1598/1598 1599/1599/1599
f 1518/1518/1518 1600/1600/1600 1519/1519/1519
f 1518/1518/1518 1599/1599/1599 1600/1600/1600
f 1519/1519/1519 1601/1601/1601 1520/1520/1520
f 1519/1519/1519 1600/1600/1600 1601/1601/1601
f 1520/1520/1520 1602/1602/1602 1521/1521/1521
f 1520/1520/1520 1601/1601/1601 1602/1602/1602
f 1521/1521/1521 1603/1603/1603 1522/1522/1522
f 1521/1521/1521 1602/1602/1602 1603/1603/1603
f 1522/1522/1522 1604/1604/1604 1523/1523/1523
f 1522/1522/1522 1603/1603/1603 1604/1604/1604
f 1523/1523/1523 1605/1605/1605 1524/1524/1524
f 1523/1523/1523 1604/1604/1604 1605/1605/1605
f 1524/1524/1524 1606/1606/1606 1525/1525/1525
f 1524/1524/1524 1605/1605/1605 1606/1606/1606
f 1525/1525/1525 1607/1607/1607 1526/1526/1526
f 1525/1525/1525 1606/1606/1606 1607/1607/1607
f 1526/1526/1526 1608/1608/1608 1527/1527/1527
f 1526/1526/1526 1607/1607/1607 1608/1608/1608
f 1527/1527/1527 1609/1609/1609 1528/1528/1528
f 1527/1527/1527 1608/1608/1608 1609/1609/1609
f 1528/1528/1528 1610/1610/1610 1529/1529/1529
f 1528/1528/1528 1609/1609/1609 1610/1610/1610
f 1529/1529/1529 1611/1611/1611 1530/1530/1530
f 1529/1529/1529 1610/1610/1610 1611/1611/1611
f 1530/1530/1530 1612/1612/1612 1531/1531/1531
f 1530/1530/1530 1611/1611/1611 1612/1612/1612
f 1531/1531/1531 1613/1613/1613 1532/1532/1532
f 1531/1531/1531 1612/1612/1612 1613/1613/1613
f 1532/1532/1532 1614/1614/1614 1533/1533/1533
f 1532/1532/1532 1613/1613/1613 1614/1614/1614
f 1533/1533/1533 1615/1615/1615 1534/1534/1534
f 1533/1533/1533 1614/1614/1614 1615/1615/1615
f 1534/1534/1534 1616/1616/1616 1535/1535/1535
f 1534/1534/1534 1615/1615/1615 1616/1616/1616
f 1535/1535/1535 1617/1617/1617 1536/1536/1536
f 1535/1535/1535 1616/1616/1616 1617/1617/1617
f 1536/1536/1536 1618/1618/1618 1537/1537/1537
f 1536/1536/1536 1617/1617/1617 1618/1618/1618
f 1537/1537/1537 1619/1619/1619 1538/1538/1538
f 1537/1537/1537 1618/1618/1618 1619/1619/1619
f 1538/1538/1538 1620/1620/1620 1539/1539/1539
f 1538/1538/1538 1619/1619/1619 1620/1620/1620
f 1540/1540/1540 1622/1622/1622 1541/1541/1541
f 1540/1540/1540 1621/1621/1621 1622/1622/1622
f 1541/1541/1541 1623/1623/1623 1542/1542/1542
f 1541/1541/1541 1622/1622/1622 1623/1623/1623
f 1542/1542/1542 1624/1624/1624 1543/1543/1543
f 1542/1542/1542 1623/1623/1623 1624/1624/1624
f 1543/1543/1543 1625/1625/1625 1544/1544/1544
f 1543/1543/1543 1624/1624/1624 1625/1625/1625
f 1544/1544/1544 1626/1626/1626 1545/1545/1545
f 1544/1544/1544 1625/1625/1625 1626/1626/1626
f 1545/1545/1545 1627/1627/1627 1546/1546/1546
f 1545/1545/1545 1626/1626/1626 1627/1627/1627
f 1546/1546/1546 1628/1628/1628 1547/1547/1547
f 1546/1546/1546 1627/1627/1627 1628/1628/1628
f 1547/1547/1547 1629/1629/1629 1548/1548/1548
f 1547/1547/1547 1628/1628/1628 1629/1629/1629
f 1548/1548/1548 1630/1630/1630 1549/1549/1549
f 1548/1548/1548 1629/1629/1629 1630/1630/1630
f 1549/1549/1549 1631/1631/1631 1550/1550/1550
f 1549/1549/1549 1630/1630/1630 1631/1631/1631
f 1550/1550/1550 1632/1632/1632 1551/1551/1551
f 1550/1550/1550 1631/1631/1631 1632/1632/1632
f 1551/1551/1551 1633/1633/1633 1552/1552/1552
f 1551/1551/1551 1632/1632/1632 1633/1633/1633
f 1552/1552/1552 1634/1634/1634 1553/1553/1553
f 1552/1552/1552 1633/1633/1633 1634/1634/1634
f 1553/1553/1553 1635/1635/1635 1554/1554/1554
f 1553/1553/1553 1634/1634/1634 1635/1635/1635
f 1554/1554/1554 1636/1636/1636 1555/1555/1555
f 1554/1554/1554 1635/1635/1635 1636/1636/1636
f 1555/1555/1555 1637/1637/1637 1556/1556/1556
f 1555/1555/1555 1636/1636/1636 1637/1637/1637
f 1556/1556/1556 1638/1638/1638 1557/1557/1557
f 1556/1556/1556 1637/1637/1637 1638/1638/1638
f 1557/1557/1557 1639/1639/1639 1558/1558/1558
f 1557/1557/1557 1638/1638/1638 1639/1639/1639
f 1558/1558/1558 1640/1640/1640 1559/1559/1559
f 1558/1558/1558 1639/1639/1639 1640/1640/1640
f 1559/1559/1559 1641/1641/1641 1560/1560/1560
f 1559/1559/1559 1640/1640/1640 1641/1641/1641
f 1560/1560/1560 1642/1642/1642 1561/1561/1561
f 1560/1560/1560 1641/1641/1641 1642/1642/1642
f 1561/1561/1561 1643/1643/1643 1562/1562/1562
f 1561/1561/1561 1642/1642/1642 1643/1643/1643
f 1562/1562/1562 1644/1644/1644 1563/1563/1563
f 1562/1562/1562 1643/1643/1643 1644/1644/1644
f 1563/1563/1563 1645/1645/1645 1564/1564/1564
f 1563/1563/1563 1644/1644/1644 1645/1645/1645
f 1564/1564/1564 1646/1646/1646 1565/1565/1565
f 1564/1564/1564 1645/1645/1645 1646/1646/1646
f 1565/1565/1565 1647/1647/1647 1566/1566/1566
f 1565/1565/1565 1646/1646/1646 1647/1647/1647
f 1566/1566/1566 1648/1648/1648 1567/1567/1567
f 1566/1566/1566 1647/1647/1647 1648/1648/1648
f 1567/1567/1567 1649/1649/1649 1568/1568/1568
f 1567/1567/1567 1648/1648/1648 1649/1649/1649
f 1568/1568/1568 1650/1650/1650 1569/1569/1569
f 1568/1568/1568 1649/1649/1649 1650/1650/1650
f 1569/1569/1569 1651/1651/1651 1570/1570/1570
f 1569/1569/1569 1650/1650/1650 1651/1651/1651
f 1570/1570/1570 1652/1652/1652 1571/1571/1571
f 1570/1570/1570 1651/1651/1651 1652/1652/1652
f 1571/1571/1571 1653/1653/1653 1572/1572/1572
f 1571/1571/1571 1652/1652/1652 1653/1653/1653
f 1572/1572/1572 1654/1654/1654 1573/1573/1573
f 1572/1572/1572 1653/1653/1653 1654/1654/1654
f 1573/1573/1573 1655/1655/1655 1574/1574/1574
f 1573/1573/1573 1654/1654/1654 1655/1655/1655
f 1574/1574/1574 1656/1656/1656 1575/1575/1575
f 1574/1574/1574 1655/1655/1655 1656/1656/1656
f 1575/1575/1575 1657/1657/1657 1576/1576/1576
f 1575/1575/1575 1656/1656/1656 1657/1657/1657
f 1576/1576/1576 1658/1658/1658 1577/1577/1577
f 1576/1576/1576 1657/1657/1657 1658/1658/1658
f 1577/1577/1577 1659/1659/1659 1578/1578/1578
f 1577/1577/1577 1658/1658/1658 1659/1659/1659
f 1578/1578/1578 1660/1660/1660 1579/1579/1579
f 1578/1578/1578 1659/1659/1659 1660/1660/1660
f 1579/1579/1579 1661/1661/1661 1580/1580/1580
f 1579/1579/1579 1660/1660/1660 1661/1661/1661
f 1580/1580/1580 1662/1662/1662 1581/1581/1581
f 1580/1580/1580 1661/1661/1661 1662/1662/1662
f 1581/1581/1581 1663/1663/1663 1582/1582/1582
f 1581/1581/1581 1662/1662/1662 1663/1663/1663
f 1582/1582/1582 1664/1664/1664 1583/1583/1583
f 1582/1582/1582 1663/1663/1663 1664/1664/1664
f 1583/1583/1583 1665/1665/1665 1584/1584/1584
f 1583/1583/1583 1664/1664/1664 1665/1665/1665
f 1584/1584/1584 1666/1666/1666 1585/1585/1585
f 1584/1584/1584 1665/1665/1665 1666/1666/1666
f 1585/1585/1585 1667/1667/1667 1586/1586/1586
f 1585/1585/1585 1666/1666/1666 1667/1667/1667
f 1586/1586/1586 1668/1668/1668 1587/1587/1587
f 1586/1586/1586 1667/1667/1667 1668/1668/1668
f 1587/1587/1587 1669/1669/1669 1588/1588/1588
f 1587/1587/1587 1668/1668/1668 1669/1669/1669
f 1588/1588/1588 1670/1670/1670 1589/1589/1589
f 1588/1588/1588 1669/1669/1669 1670/1670/1670
f 1589/1589/1589 1671/1671/1671 1590/1590/1590
f 1589/1589/1589 1670/1670/1670 1671/1671/1671
f 1590/1590/1590 1672/1672/1672 1591/1591/1591
f 1590/1590/1590 1671/1671/1671 1672/1672/1672
f 1591/1591/1591 1673/1673/1673 1592/1592/1592
f 1591/1591/1591 1672/1672/1672 1673/1673/1673
f 1592/1592/1592 1674/1674/1674 1593/1593/1593
f 1592/1592/1592 1673/1673/1673 1674/1674/1674
f 1593/1593/1593 1675/1675/1675 1594/1594/1594
f 1593/1593/1593 1674/1674/1674 1675/1675/1675
f 1594/1594/1594 1676/1676/1676 1595/1595/1595
f 1594/1594/1594 1675/1675/1675 1676/1676/1676
f 1595/1595/1595 1677/1677/1677 1596/1596/1596
f 1595/1595/1595 1676/1676/1676 1677/1677/1677
f 1596/1596/1596 1678/1678/1678 1597/1597/1597
f 1596/1596/1596 1677/1677/1677 1678/1678/1678
f 1597/1597/1597 1679/1679/1679 1598/1598/1598
f 1597/1597/1597 1678/1678/1678 1679/1679/1679
f 1598/1598/1598 1680/1680/1680 1599/1599/1599
f 1598/1598/1598 1679/1679/1679 1680/1680/1680
f 1599/1599/1599 1681/1681/1681 1600/1600/1600
f 1599/1599/1599 1680/1680/1680 1681/1681/1681
f 1600/1600/1600 1682/1682/1682 1601/1601/1601
f 1600/1600/1600 1681/1681/1681 1682/1682/1682
f 1601/1601/1601 1683/1683/1683 1602/1602/1602
f 1601/1601/1601 1682/1682/1682 1683/1683/1683
f 1602/1602/1602 1684/1684/1684 1603/1603/1603
f 1602/1602/1602 1683/1683/1683 1684/1684/1684
f 1603/1603/1603 1685/1685/1685 1604/1604/1604
f 1603/1603/1603 1684/1684/1684 1685/1685/1685
f 1604/1604/1604 1686/1686/1686 1605/1605/1605
f 1604/1604/1604 1685/1685/1685 1686/1686/1686
f 1605/1605/1605 1687/1687/1687 1606/1606/1606
f 1605/1605/1605 1686/1686/1686 1687/1687/1687
f 1606/1606/1606 1688/1688/1688 1607/1607/1607
f 1606/1606/1606 1687/1687/1687 1688/1688/1688
f 1607/1607/1607 1689/1689/1689 1608/1608/1608
f 1607/1607/1607 1688/1688/1688 1689/1689/1689
f 1608/1608/1608 1690/1690/1690 1609/1609/1609
f 1608/1608/1608 1689/1689/1689 1690/1690/1690
f 1609/1609/1609 1691/1691/1691 1610/1610/1610
f 1609/1609/1609 1690/1690/1690 1691/1691/1691
f 1610/1610/1610 1692/1692/1692 1611/1611/1611
f 1610/1610/1610 1691/1691/1691 1692/1692/1692
f 1611/1611/1611 1693/1693/1693 1612/1612/1612
f 1611/1611/1611 1692/1692/1692 1693/1693/1693
f 1612/1612/1612 1694/1694/1694 1613/1613/1613
f 1612/1612/1612 1693/1693/1693 1694/1694/1694
f 1613/1613/1613 1695/1695/1695 1614/1614/1614
f 1613/1613/1613 1694/1694/1694 1695/1695/1695
f 1614/1614/1614 1696/1696/1696 1615/1615/1615
f 1614/1614/1614 1695/1695/1695 1696/1696/1696
f 1615/1615/1615 1697/1697/1697 1616/1616/1616
f 1615/1615/1615 1696/1696/1696 1697/1697/1697
f 1616/1616/1616 1698/1698/1698 1617/1617/1617
f 1616/1616/1616 1697/1697/1697 1698/1698/1698
f 1617/1617/1617 1699/1699/1699 1618/1618/1618
f 1617/1617/1617 1698/1698/1698 1699/1699/1699
f 1618/1618/1618 1700/1700/1700 1619/1619/1619
f 1618/1618/1618 1699/1699/1699 1700/1700/1700
f 1619/1619/1619 1701/1701/1701 1620/1620/1620
f 1619/1619/1619 1700/1700/1700 1701/1701/1701
f 1621/1621/1621 1703/1703/1703 1622/1622/1622
f 1621/1621/1621 1702/1702/1702 1703/1703/1703
f 1622/1622/1622 1704/1704/1704 1623/1623/1623
f 1622/1622/1622 1703/1703/1703 1704/1704/1704
f 1623/1623/1623 1705/1705/1705 1624/1624/1624
f 1623/1623/1623 1704/1704/1704 1705/1705/1705
f 1624/1624/1624 1706/1706/1706 1625/1625/1625
f 1624/1624/1624 1705/1705/1705 1706/1706/1706
f 1625/1625/1625 1707/1707/1707 1626/1626/1626
f 1625/1625/1625 1706/1706/1706 1707/1707/1707
f 1626/1626/1626 1708/1708/1708 1627/1627/1627
f 1626/1626/1626 1707/1707/1707 1708/1708/1708
f 1627/1627/1627 1709/1709/1709 1628/1628/1628
f 1627/1627/1627 1708/1708/1708 1709/1709/1709
f 1628/1628/1628 1710/1710/1710 1629/1629/1629
f 1628/1628/1628 1709/1709/1709 1710/1710/1710
f 1629/1629/1629 1711/1711/1711 1630/1630/1630
f 1629/1629/1629 1710/1710/1710 1711/1711/1711
f 1630/1630/1630 1712/1712/1712 1631/1631/1631
f 1630/1630/1630 1711/1711/1711 1712/1712/1712
f 1631/1631/1631 1713/1713/1713 1632/1632/1632
f 1631/1631/1631 1712/1712/1712 1713/1713/1713
f 1632/1632/1632 1714/1714/1714 1633/1633/1633
f 1632/1632/1632 1713/1713/1713 1714/1714/1714
f 1633/1633/1633 1715/1715/1715 1634/1634/1634
f 1633/1633/1633 1714/1714/1714 1715/1715/1715
f 1634/1634/1634 1716/1716/1716 1635/1635/1635
f 1634/1634/1634 1715/1715/1715 1716/1716/1716
f 1635/1635/1635 1717/1717/1717 1636/1636/1636
f 1635/1635/1635 1716/1716/1716 1717/1717/1717
f 1636/1636/1636 1718/1718/1718 1637/1637/1637
f 1636/1636/1636 1717/1717/1717 1718/1718/1718
f 1637/1637/1637 1719/1719/1719 1638/1638/1638
f 1637/1637/1637 1718/1718/1718 1719/1719/1719
f 1638/1638/1638 1720/1720/1720 1639/1639/1639
f 1638/1638/1638 1719/1719/1719 1720/1720/1720
f 1639/1639/1639 1721/1721/1721 1640/1640/1640
f 1639/1639/1639 1720/1720/1720 1721/1721/1721
f 1640/1640/1640 1722/1722/1722 1641/1641/1641
f 1640/1640/1640 1721/1721/1721 1722/1722/1722
f 1641/1641/1641 1723/1723/1723 1642/1642/1642
f 1641/1641/1641 1722/1722/1722 1723/1723/1723
f 1642/1642/1642 1724/1724/1724 1643/1643/1643
f 1642/1642/1642 1723/1723/1723 1724/1724/1724
f 1643/1643/1643 1725/1725/1725 1644/1644/1644
f 1643/1643/1643 1724/1724/1724 1725/1725/1725
f 1644/1644/1644 1726/1726/1726 1645/1645/1645
f 1644/1644/1644 1725/1725/1725 1726/1726/1726
f 1645/1645/1645 1727/1727/1727 1646/1646/1646
f 1645/1645/1645 1726/1726/1726 1727/1727/1727
f 1646/1646/1646 1728/1728/1728 1647/1647/1647
f 1646/1646/1646 1727/1727/1727 1728/1728/1728
f 1647/1647/1647 1729/1729/1729 1648/1648/1648
f 1647/1647/1647 1728/1728/1728 1729/1729/1729
f 1648/1648/1648 1730/1730/1730 1649/1649/1649
f 1648/1648/1648 1729/1729/1729 1730/1730/1730
f 1649/1649/1649 1731/1731/1731 1650/1650/1650
f 1649/1649/1649 1730/1730/1730 1731/1731/1731
f 1650/1650/1650 1732/1732/1732 1651/1651/1651
f 1650/1650/1650 1731/1731/1731 1732/1732/1732
f 1651/1651/1651 1733/1733/1733 1652/1652/1652
f 1651/1651/1651 1732/1732/1732 1733/1733/1733
f 1652/1652/1652 1734/1734/1734 1653/1653/1653
f 1652/1652/1652 1733/1733/1733 1734/1734/1734
f 1653/1653/1653 1735/1735/1735 1654/1654/1654
f 1653/1653/1653 1734/1734/1734 1735/1735/1735
f 1654/1654/1654 1736/1736/1736 1655/1655/1655
f 1654/1654/1654 1735/1735/1735 1736/1736/1736
f 1655/1655/1655 1737/1737/1737 1656/1656/1656
f 1655/1655/1655 1736/1736/1736 1737/1737/1737
f 1656/1656/1656 1738/1738/1738 1657/1657/1657
f 1656/1656/1656 1737/1737/1737 1738/1738/1738
f 1657/1657/1657 1739/1739/1739 1658/1658/1658
f 1657/1657/1657 1738/1738/1738 1739/1739/1739
f 1658/1658/1658 1740/1740/1740 1659/1659/1659
f 1658/1658/1658 1739/1739/1739 1740/1740/1740
f 1659/1659/1659 1741/1741/1741 1660/1660/1660
f 1659/1659/1659 1740/1740/1740 1741/1741/1741
f 1660/1660/1660 1742/1742/1742 1661/1661/1661
f 1660/1660/1660 1741/1741/1741 1742/1742/1742
f 1661/1661/1661 1743/1743/1743 1662/1662/1662
f 1661/1661/1661 1742/1742/1742 1743/1743/1743
f 1662/1662/1662 1744/1744/1744 1663/1663/1663
f 1662/1662/1662 1743/1743/1743 1744/1744/1744
f 1663/1663/1663 1745/1745/1745 1664/1664/1664
f 1663/1663/1663 1744/1744/1744 1745/1745/1745
f 1664/1664/1664 1746/1746/1746 1665/1665/1665
f 1664/1664/1664 1745/1745/1745 1746/1746/1746
f 1665/1665/1665 1747/1747/1747 1666/1666/1666
f 1665/1665/1665 1746/1746/1746 1747/1747/1747
f 1666/1666/1666 1748/1748/1748 1667/1667/1667
f 1666/1666/1666 1747/1747/1747 1748/1748/1748
f 1667/1667/1667 1749/1749/1749 1668/1668/1668
f 1667/1667/1667 1748/1748/1748 1749/1749/1749
f 1668/1668/1668 1750/1750/1750 1669/1669/1669
f 1668/1668/1668 1749/1749/1749 1750/1750/1750
f 1669/1669/1669 1751/1751/1751 1670/1670/1670
f 1669/1669/1669 1750/1750/1750 1751/1751/1751
f 1670/1670/1670 1752/1752/1752 1671/1671/1671
f 1670/1670/1670 1751/1751/1751 1752/1752/1752
f 1671/1671/1671 1753/1753/1753 1672/1672/1672
f 1671/1671/1671 1752/1752/1752 1753/1753/1753
f 1672/1672/1672 1754/1754/1754 1673/1673/1673
f 1672/1672/1672 1753/1753/1753 1754/1754/1754
f 1673/1673/1673 1755/1755/1755 1674/1674/1674
f 1673/1673/1673 1754/1754/1754 1755/1755/1755
f 1674/1674/1674 1756/1756/1756 1675/1675/1675
f 1674/1674/1674 1755/1755/1755 1756/1756/1756
f 1675/1675/1675 1757/1757/1757 1676/1676/1676
f 1675/1675/1675 1756/1756/1756 1757/1757/1757
f 1676/1676/1676 1758/1758/1758 1677/1677/1677
f 1676/1676/1676 1757/1757/1757 1758/1758/1758
f 1677/1677/1677 1759/1759/1759 1678/1678/1678
f 1677/1677/1677 1758/1758/1758 1759/1759/1759
f 1678/1678/1678 1760/1760/1760 1679/1679/1679
f 1678/1678/1678 1759/1759/1759 1760/1760/1760
f 1679/1679/1679 1761/1761/1761 1680/1680/1680
f 1679/1679/1679 1760/1760/1760 1761/1761/1761
f 1680/1680/1680 1762/1762/1762 1681/1681/1681
f 1680/1680/1680 1761/1761/1761 1762/1762/1762
f 1681/1681/1681 1763/1763/1763 1682/1682/1682
f 1681/1681/1681 1762/1762/1762 1763/1763/1763
f 1682/1682/1682 1764/1764/1764 1683/1683/1683
f 1682/1682/1682 1763/1763/1763 1764/1764/1764
f 1683/1683/1683 1765/1765/1765 1684/1684/1684
f 1683/1683/1683 1764/1764/1764 1765/1765/1765
f 1684/1684/1684 1766/1766/1766 1685/1685/1685
f 1684/1684/1684 1765/1765/1765 1766/1766/1766
f 1685/1685/1685 1767/1767/1767 1686/1686/1686
f 1685/1685/1685 1766/1766/1766 1767/1767/1767
f 1686/1686/1686 1768/1768/1768 1687/1687/1687
f 1686/1686/1686 1767/1767/1767 1768/1768/1768
f 1687/1687/1687 1769/1769/1769 1688/1688/1688
f 1687/1687/1687 1768/1768/1768 1769/1769/1769
f 1688/1688/1688 1770/1770/1770 1689/1689/1689
f 1688/1688/1688 1769/1769/1769 1770/1770/1770
f 1689/1689/1689 1771/1771/1771 1690/1690/1690
f 1689/1689/1689 1770/1770/1770 1771/1771/1771
f 1690/1690/1690 1772/1772/1772 1691/1691/1691
f 1690/1690/1690 1771/1771/1771 1772/1772/1772
f 1691/1691/1691 1773/1773/1773 1692/1692/1692
f 1691/1691/1691 1772/1772/1772 1773/1773/1773
f 1692/1692/1692 1774/1774/1774 1693/1693/1693
f 1692/1692/1692 1773/1773/1773 1774/1774/1774
f 1693/1693/1693 1775/1775/1775 1694/1694/1694
f 1693/1693/1693 1774/1774/1774 1775/1775/1775
f 1694/1694/1694 1776/1776/1776 1695/1695/1695
f 1694/1694/1694 1775/1775/1775 1776/1776/1776
f 1695/1695/1695 1777/1777/1777 1696/1696/1696
f 1695/1695/1695 1776/1776/1776 1777/1777/1777
f 1696/1696/1696 1778/1778/1778 1697/1697/1697
f 1696/1696/1696 1777/1777/1777 1778/1778/1778
f 1697/1697/1697 1779/1779/1779 1698/1698/1698
f 1697/1697/1697 1778/1778/1778 1779/1779/1779
f 1698/1698/1698 1780/1780/1780 1699/1699/1699
f 1698/1698/1698 1779/1779/1779 1780/1780/1780
f 1699/1699/1699 1781/1781/1781 1700/1700/1700
f 1699/1699/1699 1780/1780/1780 1781/1781/1781
f 1700/1700/1700 1782/1782/1782 1701/1701/1701
f 1700/1700/1700 1781/1781/1781 1782/1782/1782
f 1702/1702/1702 1784/1784/1784 1703/1703/1703
f 1702/1702/1702 1783/1783/1783 1784/1784/1784
f 1703/1703/1703 1785/1785/1785 1704/1704/1704
f 1703/1703/1703 1784/1784/1784 1785/1785/1785
f 1704/1704/1704 1786/1786/1786 1705/1705/1705
f 1704/1704/1704 1785/1785/1785 1786/1786/1786
f 1705/1705/1705 1787/1787/1787 1706/1706/1706
f 1705/1705/1705 1786/1786/1786 1787/1787/1787
f 1706/1706/1706 1788/1788/1788 1707/1707/1707
f 1706/1706/1706 1787/1787/1787 1788/1788/1788
f 1707/1707/1707 1789/1789/1789 1708/1708/1708
f 1707/1707/1707 1788/1788/1788 1789/1789/1789
f 1708/1708/1708 1790/1790/1790 1709/1709/1709
f 1708/1708/1708 1789/1789/1789 1790/1790/1790
f 1709/1709/1709 1791/1791/1791 1710/1710/1710
f 1709/1709/1709 1790/1790/1790 1791/1791/1791
f 1710/1710/1710 1792/1792/1792 1711/1711/1711
f 1710/1710/1710 1791/1791/1791 1792/1792/1792
f 1711/1711/1711 1793/1793/1793 1712/1712/1712
f 1711/1711/1711 1792/1792/1792 1793/1793/1793
f 1712/1712/1712 1794/1794/1794 1713/1713/1713
f 1712/1712/1712 1793/1793/1793 1794/1794/1794
f 1713/1713/1713 1795/1795/1795 1714/1714/1714
f 1713/1713/1713 1794/1794/1794 1795/1795/1795
f 1714/1714/1714 1796/1796/1796 1715/1715/1715
f 1714/1714/1714 1795/1795/1795 1796/1796/1796
f 1715/1715/1715 1797/1797/1797 1716/1716/1716
f 1715/1715/1715 1796/1796/1796 1797/1797/1797
f 1716/1716/1716 1798/1798/1798 1717/1717/1717
f 1716/1716/1716 1797/1797/1797 1798/1798/1798
f 1717/1717/1717 1799/1799/1799 1718/1718/1718
f 1717/1717/1717 1798/1798/1798 1799/1799/1799
f 1718/1718/1718 1800/1800/1800 1719/1719/1719
f 1718/1718/1718 1799/1799/1799 1800/1800/1800
f 1719/1719/1719 1801/1801/1801 1720/1720/1720
f 1719/1719/1719 1800/1800/1800 1801/1801/1801
f 1720/1720/1720 1802/1802/1802 1721/1721/1721
f 1720/1720/1720 1801/1801/1801 1802/1802/1802
f 1721/1721/1721 1803/1803/1803 1722/1722/1722
f 1721/1721/1721 1802/1802/1802 1803/1803/1803
f 1722/1722/1722 1804/1804/1804 1723/1723/1723
f 1722/1722/1722 1803/1803/1803 1804/1804/1804
f 1723/1723/1723 1805/1805/1805 1724/1724/1724
f 1723/1723/1723 1804/1804/1804 1805/1805/1805
f 1724/1724/1724 1806/1806/1806 1725/1725/1725
f 1724/1724/1724 1805/1805/1805 1806/1806/1806
f 1725/1725/1725 1807/1807/1807 1726/1726/1726
f 1725/1725/1725 1806/1806/1806 1807/1807/1807
f 1726/1726/1726 1808/1808/1808 1727/1727/1727
f 1726/1726/1726 1807/1807/1807 1808/1808/1808
f 1727/1727/1727 1809/1809/1809 1728/1728/1728
f 1727/1727/1727 1808/1808/1808 1809/1809/1809
f 1728/1728/1728 1810/1810/1810 1729/1729/1729
f 1728/1728/1728 1809/1809/1809 1810/1810/1810
f 1729/1729/1729 1811/1811/1811 1730/1730/1730
f 1729/1729/1729 1810/1810/1810 1811/1811/1811
f 1730/1730/1730 1812/1812/1812 1731/1731/1731
f 1730/1730/1730 1811/1811/1811 1812/1812/1812
f 1731/1731/1731 1813/1813/1813 1732/1732/1732
f 1731/1731/1731 1812/1812/1812 1813/1813/1813
f 1732/1732/1732 1814/1814/1814 1733/1733/1733
f 1732/1732/1732 1813/1813/1813 1814/1814/1814
f 1733/1733/1733 1815/1815/1815 1734/1734/1734
f 1733/1733/1733 1814/1814/1814 1815/1815/1815
f 1734/1734/1734 1816/1816/1816 1735/1735/1735
f 1734/1734/1734 1815/1815/1815 1816/1816/1816
f 1735/1735/1735 1817/1817/1817 1736/1736/1736
f 1735/1735/1735 1816/1816/1816 1817/1817/1817
f 1736/1736/1736 1818/1818/1818 1737/1737/1737
f 1736/1736/1736 1817/1817/1817 1818/1818/1818
f 1737/1737/1737 1819/1819/1819 1738/1738/1738
f 1737/1737/1737 1818/1818/1818 1819/1819/1819
f 1738/1738/1738 1820/1820/1820 1739/1739/1739
f 1738/1738/1738 1819/1819/1819 1820/1820/1820
f 1739/1739/1739 1821/1821/1821 1740/1740/1740
f 1739/1739/1739 1820/1820/1820 1821/1821/1821
f 1740/1740/1740 1822/1822/1822 1741/1741/1741
f 1740/1740/1740 1821/1821/1821 1822/1822/1822
f 1741/1741/1741 1823/1823/1823 1742/1742/1742
f 1741/1741/1741 1822/1822/1822 1823/1823/1823
f 1742/1742/1742 1824/1824/1824 1743/1743/1743
f 1742/1742/1742 1823/1823/1823 1824/1824/1824
f 1743/1743/1743 1825/1825/1825 1744/1744/1744
f 1743/1743/1743 1824/1824/1824 1825/1825/1825
f 1744/1744/1744 1826/1826/1826 1745/1745/1745
f 1744/1744/1744 1825/1825/1825 1826/1826/1826
f 1745/1745/1745 1827/1827/1827 1746/1746/1746
f 1745/1745/1745 1826/1826/1826 1827/1827/1827
f 1746/1746/1746 1828/1828/1828 1747/1747/1747
f 1746/1746/1746 1827/1827/1827 1828/1828/1828
f 1747/1747/1747 1829/1829/1829 1748/1748/1748
f 1747/1747/1747 1828/1828/1828 1829/1829/1829
f 1748/1748/1748 1830/1830/1830 1749/1749/1749
f 1748/1748/1748 1829/1829/1829 1830/1830/1830
f 1749/1749/1749 1831/1831/1831 1750/1750/1750
f 1749/1749/1749 1830/1830/1830 1831/1831/1831
f 1750/1750/1750 1832/1832/1832 1751/1751/1751
f 1750/1750/1750 1831/1831/1831 1832/1832/1832
f 1751/1751/1751 1833/1833/1833 1752/1752/1752
f 1751/1751/1751 1832/1832/1832 1833/1833/1833
f 1752/1752/1752 1834/1834/1834 1753/1753/1753
f 1752/1752/1752 1833/1833/1833 1834/1834/1834
f 1753/1753/1753 1835/1835/1835 1754/1754/1754
f 1753/1753/1753 1834/1834/1834 1835/1835/1835
f 1754/1754/1754 1836/1836/1836 1755/1755/1755
f 1754/1754/1754 1835/1835/1835 1836/1836/1836
f 1755/1755/1755 1837/1837/1837 1756/1756/1756
f 1755/1755/1755 1836/1836/1836 1837/1837/1837
f 1756/1756/1756 1838/1838/1838 1757/1757/1757
f 1756/1756/1756 1837/1837/1837 1838/1838/1838
f 1757/1757/1757 1839/1839/1839 1758/1758/1758
f 1757/1757/1757 1838/1838/1838 1839/1839/1839
f 1758/1758/1758 1840/1840/1840 1759/1759/1759
f 1758/1758/1758 1839/1839/1839 1840/1840/1840
f 1759/1759/1759 1841/1841/1841 1760/1760/1760
f 1759/1759/1759 1840/1840/1840 1841/1841/1841
f 1760/1760/1760 1842/1842/1842 1761/1761/1761
f 1760/1760/1760 1841/1841/1841 1842/1842/1842
f 1761/1761/1761 1843/1843/1843 1762/1762/1762
f 1761/1761/1761 1842/1842/1842 1843/1843/1843
f 1762/1762/1762 1844/1844/1844 1763/1763/1763
f 1762/1762/1762 1843/1843/1843 1844/1844/1844
f 1763/1763/1763 1845/1845/1845 1764/1764/1764
f 1763/1763/1763 1844/1844/1844 1845/1845/1845
f 1764/1764/1764 1846/1846/1846 1765/1765/1765
f 1764/1764/1764 1845/1845/1845 1846/1846/1846
f 1765/1765/1765 1847/1847/1847 1766/1766/1766
f 1765/1765/1765 1846/1846/1846 1847/1847/1847
f 1766/1766/1766 1848/1848/1848 1767/1767/1767
f 1766/1766/1766 1847/1847/1847 1848/1848/1848
f 1767/1767/1767 1849/1849/1849 1768/1768/1768
f 1767/1767/1767 1848/1848/1848 1849/1849/1849
f 1768/1768/1768 1850/1850/1850 1769/1769/1769
f 1768/1768/1768 1849/1849/1849 1850/1850/1850
f 1769/1769/1769 1851/1851/1851 1770/1770/1770
f 1769/1769/1769 1850/1850/1850 1851/1851/1851
f 1770/1770/1770 1852/1852/1852 1771/1771/1771
f 1770/1770/1770 1851/1851/1851 1852/1852/1852
f 1771/1771/1771 1853/1853/1853 1772/1772/1772
f 1771/1771/1771 1852/1852/1852 1853/1853/1853
f 1772/1772/1772 1854/1854/1854 1773/1773/1773
f 1772/1772/1772 1853/1853/1853 1854/1854/1854
f 1773/1773/1773 1855/1855/1855 1774/1774/1774
f 1773/1773/1773 1854/1854/1854 1855/1855/1855
f 1774/1774/1774 1856/1856/1856 1775/1775/1775
f 1774/1774/1774 1855/1855/1855 1856/1856/1856
f 1775/1775/1775 1857/1857/1857 1776/1776/1776
f 1775/1775/1775 1856/1856/1856 1857/1857/1857
f 1776/1776/1776 1858/1858/1858 1777/1777/1777
f 1776/1776/1776 1857/1857/1857 1858/1858/1858
f 1777/1777/1777 1859/1859/1859 1778/1778/1778
f 1777/1777/1777 1858/1858/1858 1859/1859/1859
f 1778/1778/1778 1860/1860/1860 1779/1779/1779
f 1778/1778/1778 1859/1859/1859 1860/1860/1860
f 1779/1779/1779 1861/1861/1861 1780/1780/1780
f 1779/1779/1779 1860/1860/1860 1861/1861/1861
f 1780/1780/1780 1862/1862/1862 1781/1781/1781
f 1780/1780/1780 1861/1861/1861 1862/1862/1862
f 1781/1781/1781 1863/1863/1863 1782/1782/1782
f 1781/1781/1781 1862/1862/1862 1863/1863/1863
f 1783/1783/1783 1865/1865/1865 1784/1784/1784
f 1783/1783/1783 1864/1864/1864 1865/1865/1865
f 1784/1784/1784 1866/1866/1866 1785/1785/1785
f 1784/1784/1784 1865/1865/1865 1866/1866/1866
f 1785/1785/1785 1867/1867/1867 1786/1786/1786
f 1785/1785/1785 1866/1866/1866 1867/1867/1867
f 1786/1786/1786 1868/1868/1868 1787/1787/1787
f 1786/1786/1786 1867/1867/1867 1868/1868/1868
f 1787/1787/1787 1869/1869/1869 1788/1788/1788
f 1787/1787/1787 1868/1868/1868 1869/1869/1869
f 1788/1788/1788 1870/1870/1870 1789/1789/1789
f 1788/1788/1788 1869/1869/1869 1870/1870/1870
f 1789/1789/1789 1871/1871/1871 1790/1790/1790
f 1789/1789/1789 1870/1870/1870 1871/1871/1871
f 1790/1790/1790 1872/1872/1872 1791/1791/1791
f 1790/1790/1790 1871/1871/1871 1872/1872/1872
f 1791/1791/1791 1873/1873/1873 1792/1792/1792
f 1791/1791/1791 1872/1872/1872 1873/1873/1873
f 1792/1792/1792 1874/1874/1874 1793/1793/1793
f 1792/1792/1792 1873/1873/1873 1874/1874/1874
f 1793/1793/1793 1875/1875/1875 1794/1794/1794
f 1793/1793/1793 1874/1874/1874 1875/1875/1875
f 1794/1794/1794 1876/1876/1876 1795/1795/1795
f 1794/1794/1794 1875/1875/1875 1876/1876/1876
f 1795/1795/1795 1877/1877/1877 1796/1796/1796
f 1795/1795/1795 1876/1876/1876 1877/1877/1877
f 1796/1796/1796 1878/1878/1878 1797/1797/1797
f 1796/1796/1796 1877/1877/1877 1878/1878/1878
f 1797/1797/1797 1879/1879/1879 1798/1798/1798
f 1797/1797/1797 1878/1878/1878 1879/1879/1879
f 1798/1798/1798 1880/1880/1880 1799/1799/1799
f 1798/1798/1798 1879/1879/1879 1880/1880/1880
f 1799/1799/1799 1881/1881/1881 1800/1800/1800
f 1799/1799/1799 1880/1880/1880 1881/1881/1881
f 1800/1800/1800 1882/1882/1882 1801/1801/1801
f 1800/1800/1800 1881/1881/1881 1882/1882/1882
f 1801/1801/1801 1883/1883/1883 1802/1802/1802
f 1801/1801/1801 1882/1882/1882 1883/1883/1883
f 1802/1802/1802 1884/1884/1884 1803/1803/1803
f 1802/1802/1802 1883/1883/1883 1884/1884/1884
f 1803/1803/1803 1885/1885/1885 1804/1804/1804
f 1803/1803/1803 1884/1884/1884 1885/1885/1885
f 1804/1804/1804 1886/1886/1886 1805/1805/1805
f 1804/1804/1804 1885/1885/1885 1886/1886/1886
f 1805/1805/1805 1887/1887/1887 1806/1806/1806
f 1805/1805/1805 1886/1886/1886 1887/1887/1887
f 1806/1806/1806 1888/1888/1888 1807/1807/1807
f 1806/1806/1806 1887/1887/1887 1888/1888/1888
f 1807/1807/1807 1889/1889/1889 1808/1808/1808
f 1807/1807/1807 1888/1888/1888 1889/1889/1889
f 1808/1808/1808 1890/1890/1890 1809/1809/1809
f 1808/1808/1808 1889/1889/1889 1890/1890/1890
f 1809/1809/1809 1891/1891/1891 1810/1810/1810
f 1809/1809/1809 1890/1890/1890 1891/1891/1891
f 1810/1810/1810 1892/1892/1892 1811/1811/1811
f 1810/1810/1810 1891/1891/1891 1892/1892/1892
f 1811/1811/1811 1893/1893/1893 1812/1812/1812
f 1811/1811/1811 1892/1892/1892 1893/1893/1893
f 1812/1812/1812 1894/1894/1894 1813/1813/1813
f 1812/1812/1812 1893/1893/1893 1894/1894/1894
f 1813/1813/1813 1895/1895/1895 1814/1814/1814
f 1813/1813/1813 1894/1894/1894 1895/1895/1895
f 1814/1814/1814 1896/1896/1896 1815/1815/1815
f 1814/1814/1814 1895/1895/1895 1896/1896/1896
f 1815/1815/1815 1897/1897/1897 1816/1816/1816
f 1815/1815/1815 1896/1896/1896 1897/1897/1897
f 1816/1816/1816 1898/1898/1898 1817/1817/1817
f 1816/1816/1816 1897/1897/1897 1898/1898/1898
f 1817/1817/1817 1899/1899/1899 1818/1818/1818
f 1817/1817/1817 1898/1898/1898 1899/1899/1899
f 1818/1818/1818 1900/1900/1900 1819/1819/1819
f 1818/1818/1818 1899/1899/1899 1900/1900/1900
f 1819/1819/1819 1901/1901/1901 1820/1820/1820
f 1819/1819/1819 1900/1900/1900 1901/1901/1901
f 1820/1820/1820 1902/1902/1902 1821/1821/1821
f 1820/1820/1820 1901/1901/1901 1902/1902/1902
f 1821/1821/1821 1903/1903/1903 1822/1822/1822
f 1821/1821/1821 1902/1902/1902 1903/1903/1903
f 1822/1822/1822 1904/1904/1904 1823/1823/1823
f 1822/1822/1822 1903/1903/1903 1904/1904/1904
f 1823/1823/1823 1905/1905/1905 1824/1824/1824
f 1823/1823/1823 1904/1904/1904 1905/1905/1905
f 1824/1824/1824 1906/1906/1906 1825/1825/1825
f 1824/1824/1824 1905/1905/1905 1906/1906/1906
f 1825/1825/1825 1907/1907/1907 1826/1826/1826
f 1825/1825/1825 1906/1906/1906 1907/1907/1907
f 1826/1826/1826 1908/1908/1908 1827/1827/1827
f 1826/1826/1826 1907/1907/1907 1908/1908/1908
f 1827/1827/1827 1909/1909/1909 1828/1828/1828
f 1827/1827/1827 1908/1908/1908 1909/1909/1909
f 1828/1828/1828 1910/1910/1910 1829/1829/1829
f 1828/1828/1828 1909/1909/1909 1910/1910/1910
f 1829/1829/1829 1911/1911/1911 1830/1830/1830
f 1829/1829/1829 1910/1910/1910 1911/1911/1911
f 1830/1830/1830 1912/1912/1912 1831/1831/1831
f 1830/1830/1830 1911/1911/1911 1912/1912/1912
f 1831/1831/1831 1913/1913/1913 1832/1832/1832
f 1831/1831/1831 1912/1912/1912 1913/1913/1913
f 1832/1832/1832 1914/1914/1914 1833/1833/1833
f 1832/1832/1832 1913/1913/1913 1914/1914/1914
f 1833/1833/1833 1915/1915/1915 1834/1834/1834
f 1833/1833/1833 1914/1914/1914 1915/1915/1915
f 1834/1834/1834 1916/1916/1916 1835/1835/1835
f 1834/1834/1834 1915/1915/1915 1916/1916/1916
f 1835/1835/1835 1917/1917/1917 1836/1836/1836
f 1835/1835/1835 1916/1916/1916 1917/1917/1917
f 1836/1836/1836 1918/1918/1918 1837/1837/1837
f 1836/1836/1836 1917/1917/1917 1918/1918/1918
f 1837/1837/1837 1919/1919/1919 1838/1838/1838
f 1837/1837/1837 1918/1918/1918 1919/1919/1919
f 1838/1838/1838 1920/1920/1920 1839/1839/1839
f 1838/1838/1838 1919/1919/1919 1920/1920/1920
f 1839/1839/1839 1921/1921/1921 1840/1840/1840
f 1839/1839/1839 1920/1920/1920 1921/1921/1921
f 1840/1840/1840 1922/1922/1922 1841/1841/1841
f 1840/1840/1840 1921/1921/1921 1922/1922/1922
f 1841/1841/1841 1923/1923/1923 1842/1842/1842
f 1841/1841/1841 1922/1922/1922 1923/1923/1923
f 1842/1842/1842 1924/1924/1924 1843/1843/1843
f 1842/1842/1842 1923/1923/1923 1924/1924/1924
f 1843/1843/1843 1925/1925/1925 1844/1844/1844
f 1843/1843/1843 1924/1924/1924 1925/1925/1925
f 1844/1844/1844 1926/1926/1926 1845/1845/1845
f 1844/1844/1844 1925/1925/1925 1926/1926/1926
f 1845/1845/1845 1927/1927/1927 1846/1846/1846
f 1845/1845/1845 1926/1926/1926 1927/1927/1927
f 1846/1846/1846 1928/1928/1928 1847/1847/1847
f 1846/1846/1846 1927/1927/1927 1928/1928/1928
f 1847/1847/1847 1929/1929/1929 1848/1848/1848
f 1847/1847/1847 1928/1928/1928 1929/1929/1929
f 1848/1848/1848 1930/1930/1930 1849/1849/1849
f 1848/1848/1848 1929/1929/1929 1930/1930/1930
f 1849/1849/1849 1931/1931/1931 1850/1850/1850
f 1849/1849/1849 1930/1930/1930 1931/1931/1931
f 1850/1850/1850 1932/1932/1932 1851/1851/1851
f 1850/1850/1850 1931/1931/1931 1932/1932/1932
f 1851/1851/1851 1933/1933/1933 1852/1852/1852
f 1851/1851/1851 1932/1932/1932 1933/1933/1933
f 1852/1852/1852 1934/1934/1934 1853/1853/1853
f 1852/1852/1852 1933/1933/1933 1934/1934/1934
f 1853/1853/1853 1935/1935/1935 1854/1854/1854
f 1853/1853/1853 1934/1934/1934 1935/1935/1935
f 1854/1854/1854 1936/1936/1936 1855/1855/1855
f 1854/1854/1854 1935/1935/1935 1936/1936/1936
f 1855/1855/1855 1937/1937/1937 1856/1856/1856
f 1855/1855/1855 1936/1936/1936 1937/1937/1937
f 1856/1856/1856 1938/1938/1938 1857/1857/1857
f 1856/1856/1856 1937/1937/1937 1938/1938/1938
f 1857/1857/1857 1939/1939/1939 1858/1858/1858
f 1857/1857/1857 1938/1938/1938 1939/1939/1939
f 1858/1858/1858 1940/1940/1940 1859/1859/1859
f 1858/1858/1858 1939/1939/1939 1940/1940/1940
f 1859/1859/1859 1941/1941/1941 1860/1860/1860
f 1859/1859/1859 1940/1940/1940 1941/1941/1941
f 1860/1860/1860 1942/1942/1942 1861/1861/1861
f 1860/1860/1860 1941/1941/1941 1942/1942/1942
f 1861/1861/1861 1943/1943/1943 1862/1862/1862
f 1861/1861/1861 1942/1942/1942 1943/1943/1943
f 1862/1862/1862 1944/1944/1944 1863/1863/1863
f 1862/1862/1862 1943/1943/1943 1944/1944/1944
f 1864/1864/1864 1946/1946/1946 1865/1865/1865
f 1864/1864/1864 1945/1945/1945 1946/1946/1946
f 1865/1865/1865 1947/1947/1947 1866/1866/1866
f 1865/1865/1865 1946/1946/1946 1947/1947/1947
f 1866/1866/1866 1948/1948/1948 1867/1867/1867
f 1866/1866/1866 1947/1947/1947 1948/1948/1948
f 1867/1867/1867 1949/1949/1949 1868/1868/1868
f 1867/1867/1867 1948/1948/1948 1949/1949/1949
f 1868/1868/1868 1950/1950/1950 1869/1869/1869
f 1868/1868/1868 1949/1949/1949 1950/1950/1950
f 1869/1869/1869 1951/1951/1951 1870/1870/1870
f 1869/1869/1869 1950/1950/1950 1951/1951/1951
f 1870/1870/1870 1952/1952/1952 1871/1871/1871
f 1870/1870/1870 1951/1951/1951 1952/1952/1952
f 1871/1871/1871 1953/1953/1953 1872/1872/1872
f 1871/1871/1871 1952/1952/1952 1953/1953/1953
f 1872/1872/1872 1954/1954/1954 1873/1873/1873
f 1872/1872/1872 1953/1953/1953 1954/1954/1954
f 1873/1873/1873 1955/1955/1955 1874/1874/1874
f 1873/1873/1873 1954/1954/1954 1955/1955/1955
f 1874/1874/1874 1956/1956/1956 1875/1875/1875
f 1874/1874/1874 1955/1955/1955 1956/1956/1956
f 1875/1875/1875 1957/1957/1957 1876/1876/1876
f 1875/1875/1875 1956/1956/1956 1957/1957/1957
f 1876/1876/1876 1958/1958/1958 1877/1877/1877
f 1876/1876/1876 1957/1957/1957 1958/1958/1958
f 1877/1877/1877 1959/1959/1959 1878/1878/1878
f 1877/1877/1877 1958/1958/1958 1959/1959/1959
f 1878/1878/1878 1960/1960/1960 1879/1879/1879
f 1878/1878/1878 1959/1959/1959 1960/1960/1960
f 1879/1879/1879 1961/1961/1961 1880/1880/1880
f 1879/1879/1879 1960/1960/1960 1961/1961/1961
f 1880/1880/1880 1962/1962/1962 1881/1881/1881
f 1880/1880/1880 1961/1961/1961 1962/1962/1962
f 1881/1881/1881 1963/1963/1963 1882/1882/1882
f 1881/1881/1881 1962/1962/1962 1963/1963/1963
f 1882/1882/1882 1964/1964/1964 1883/1883/1883
f 1882/1882/1882 1963/1963/1963 1964/1964/1964
f 1883/1883/1883 1965/1965/1965 1884/1884/1884
f 1883/1883/1883 1964/1964/1964 1965/1965/1965
f 1884/1884/1884 1966/1966/1966 1885/1885/1885
f 1884/1884/1884 1965/1965/1965 1966/1966/1966
f 1885/1885/1885 1967/1967/1967 1886/1886/1886
f 1885/1885/1885 1966/1966/1966 1967/1967/1967
f 1886/1886/1886 1968/1968/1968 1887/1887/1887
f 1886/1886/1886 1967/1967/1967 1968/1968/1968
f 1887/1887/1887 1969/1969/1969 1888/1888/1888
f 1887/1887/1887 1968/1968/1968 1969/1969/1969
f 1888/1888/1888 1970/1970/1970 1889/1889/1889
f 1888/1888/1888 1969/1969/1969 1970/1970/1970
f 1889/1889/1889 1971/1971/1971 1890/1890/1890
f 1889/1889/1889 1970/1970/1970 1971/1971/1971
f 1890/1890/1890 1972/1972/1972 1891/1891/1891
f 1890/1890/1890 1971/1971/1971 1972/1972/1972
f 1891/1891/1891 1973/1973/1973 1892/1892/1892
f 1891/1891/1891 1972/1972/1972 1973/1973/1973
f 1892/1892/1892 1974/1974/1974 1893/1893/1893
f 1892/1892/1892 1973/1973/1973 1974/1974/1974
f 1893/1893/1893 1975/1975/1975 1894/1894/1894
f 1893/1893/1893 1974/1974/1974 1975/1975/1975
f 1894/1894/1894 1976/1976/1976 1895/1895/1895
f 1894/1894/1894 1975/1975/1975 1976/1976/1976
f 1895/1895/1895 1977/1977/1977 1896/1896/1896
f 1895/1895/1895 1976/1976/1976 1977/1977/1977
f 1896/1896/1896 1978/1978/1978 1897/1897/1897
f 1896/1896/1896 1977/1977/1977 1978/1978/1978
f 1897/1897/1897 1979/1979/1979 1898/1898/1898
f 1897/1897/1897 1978/1978/1978 1979/1979/1979
f 1898/1898/1898 1980/1980/1980 1899/1899/1899
f 1898/1898/1898 1979/1979/1979 1980/1980/1980
f 1899/1899/1899 1981/1981/1981 1900/1900/1900
f 1899/1899/1899 1980/1980/1980 1981/1981/1981
f 1900/1900/1900 1982/1982/1982 1901/1901/1901
f 1900/1900/1900 1981/1981/1981 1982/1982/1982
f 1901/1901/1901 1983/1983/1983 1902/1902/1902
f 1901/1901/1901 1982/1982/1982 1983/1983/1983
f 1902/1902/1902 1984/1984/1984 1903/1903/1903
f 1902/1902/1902 1983/1983/1983 1984/1984/1984
f 1903/1903/1903 1985/1985/1985 1904/1904/1904
f 1903/1903/1903 1984/1984/1984 1985/1985/1985
f 1904/1904/1904 1986/1986/1986 1905/1905/1905
f 1904/1904/1904 1985/1985/1985 1986/1986/1986
f 1905/1905/1905 1987/1987/1987 1906/1906/1906
f 1905/1905/1905 1986/1986/1986 1987/1987/1987
f 1906/1906/1906 1988/1988/1988 1907/1907/1907
f 1906/1906/1906 1987/1987/1987 1988/1988/1988
f 1907/1907/1907 1989/1989/1989 1908/1908/1908
f 1907/1907/1907 1988/1988/1988 1989/1989/1989
f 1908/1908/1908 1990/1990/1990 1909/1909/1909
f 1908/1908/1908 1989/1989/1989 1990/1990/1990
f 1909/1909/1909 1991/1991/1991 1910/1910/1910
f 1909/1909/1909 1990/1990/1990 1991/1991/1991
f 1910/1910/1910 1992/1992/1992 1911/1911/1911
f 1910/1910/1910 1991/1991/1991 1992/1992/1992
f 1911/1911/1911 1993/1993/1993 1912/1912/1912
f 1911/1911/1911 1992/1992/1992 1993/1993/1993
f 1912/1912/1912 1994/1994/1994 1913/1913/1913
f 1912/1912/1912 1993/1993/1993 1994/1994/1994
f 1913/1913/1913 1995/1995/1995 1914/1914/1914
f 1913/1913/1913 1994/1994/1994 1995/1995/1995
f 1914/1914/1914 1996/1996/1996 1915/1915/1915
f 1914/1914/1914 1995/1995/1995 1996/1996/1996
f 1915/1915/1915 1997/1997/1997 1916/1916/1916
f 1915/1915/1915 1996/1996/1996 1997/1997/1997
f 1916/1916/1916 1998/1998/1998 1917/1917/1917
f 1916/1916/1916 1997/1997/1997 1998/1998/1998
f 1917/1917/1917 1999/1999/1999 1918/1918/1918
f 1917/1917/1917 1998/1998/1998 1999/1999/1999
f 1918/1918/1918 2000/2000/2000 1919/1919/1919
f 1918/1918/1918 1999/1999/1999 2000/2000/2000
f 1919/1919/1919 2001/2001/2001 1920/1920/1920
f 1919/1919/1919 2000/2000/2000 2001/2001/2001
f 1920/1920/1920 2002/2002/2002 1921/1921/1921
f 1920/1920/1920 2001/2001/2001 2002/2002/2002
f 1921/1921/1921 2003/2003/2003 1922/1922/1922
f 1921/1921/1921 2002/2002/2002 2003/2003/2003
f 1922/1922/1922 2004/2004/2004 1923/1923/1923
f 1922/1922/1922 2003/2003/2003 2004/2004/2004
f 1923/1923/1923 2005/2005/2005 1924/1924/1924
f 1923/1923/1923 2004/2004/2004 2005/2005/2005
f 1924/1924/1924 2006/2006/2006 1925/1925/1925
f 1924/1924/1924 2005/2005/2005 2006/2006/2006
f 1925/1925/1925 2007/2007/2007 1926/1926/1926
f 1925/1925/1925 2006/2006/2006 2007/2007/2007
f 1926/1926/1926 2008/2008/2008 1927/1927/1927
f 1926/1926/1926 2007/2007/2007 2008/2008/2008
f 1927/1927/1927 2009/2009/2009 1928/1928/1928
f 1927/1927/1927 2008/2008/2008 2009/2009/2009
f 1928/1928/1928 2010/2010/2010 1929/1929/1929
f 1928/1928/1928 2009/2009/2009 2010/2010/2010
f 1929/1929/1929 2011/2011/2011 1930/1930/1930
f 1929/1929/1929 2010/2010/2010 2011/2011/2011
f 1930/1930/1930 2012/2012/2012 1931/1931/1931
f 1930/1930/1930 2011/2011/2011 2012/2012/2012
f 1931/1931/1931 2013/2013/2013 1932/1932/1932
f 1931/1931/1931 2012/2012/2012 2013/2013/2013
f 1932/1932/1932 2014/2014/2014 1933/1933/1933
f 1932/1932/1932 2013/2013/2013 2014/2014/2014
f 1933/1933/1933 2015/2015/2015 1934/1934/1934
f 1933/1933/1933 2014/2014/2014 2015/2015/2015
f 1934/1934/1934 2016/2016/2016 1935/1935/1935
f 1934/1934/1934 2015/2015/2015 2016/2016/2016
f 1935/1935/1935 2017/2017/2017 1936/1936/1936
f 1935/1935/1935 2016/2016/2016 2017/2017/2017
f 1936/1936/1936 2018/2018/2018 1937/1937/1937
f 1936/1936/1936 2017/2017/2017 2018/2018/2018
f 1937/1937/1937 2019/2019/2019 1938/1938/1938
f 1937/1937/1937 2018/2018/2018 2019/2019/2019
f 1938/1938/1938 2020/2020/2020 1939/1939/1939
f 1938/1938/1938 2019/2019/2019 2020/2020/2020
f 1939/1939/1939 2021/2021/2021 1940/1940/1940
f 1939/1939/1939 2020/2020/2020 2021/2021/2021
f 1940/1940/1940 2022/2022/2022 1941/1941/1941
f 1940/1940/1940 2021/2021/2021 2022/2022/2022
f 1941/1941/1941 2023/2023/2023 1942/1942/1942
f 1941/1941/1941 2022/2022/2022 2023/2023/2023
f 1942/1942/1942 2024/2024/2024 1943/1943/1943
f 1942/1942/1942 2023/2023/2023 2024/2024/2024
f 1943/1943/1943 2025/2025/2025 1944/1944/1944
f 1943/1943/1943 2024/2024/2024 2025/2025/2025
f 1945/1945/1945 2027/2027/2027 1946/1946/1946
f 1945/1945/1945 2026/2026/2026 2027/2027/2027
f 1946/1946/1946 2028/2028/2028 1947/1947/1947
f 1946/1946/1946 2027/2027/2027 2028/2028/2028
f 1947/1947/1947 2029/2029/2029 1948/1948/1948
f 1947/1947/1947 2028/2028/2028 2029/2029/2029
f 1948/1948/1948 2030/2030/2030 1949/1949/1949
f 1948/1948/1948 2029/2029/2029 2030/2030/2030
f 1949/1949/1949 2031/2031/2031 1950/1950/1950
f 1949/1949/1949 2030/2030/2030 2031/2031/2031
f 1950/1950/1950 2032/2032/2032 1951/1951/1951
f 1950/1950/1950 2031/2031/2031 2032/2032/2032
f 1951/1951/1951 2033/2033/2033 1952/1952/1952
f 1951/1951/1951 2032/2032/2032 2033/2033/2033
f 1952/1952/1952 2034/2034/2034 1953/1953/1953
f 1952/1952/1952 2033/2033/2033 2034/2034/2034
f 1953/1953/1953 2035/2035/2035 1954/1954/1954
f 1953/1953/1953 2034/2034/2034 2035/2035/2035
f 1954/1954/1954 2036/2036/2036 1955/1955/1955
f 1954/1954/1954 2035/2035/2035 2036/2036/2036
f 1955/1955/1955 2037/2037/2037 1956/1956/1956
f 1955/1955/1955 2036/2036/2036 2037/2037/2037
f 1956/1956/1956 2038/2038/2038 1957/1957/1957
f 1956/1956/1956 2037/2037/2037 2038/2038/2038
f 1957/1957/1957 2039/2039/2039 1958/1958/1958
f 1957/1957/1957 2038/2038/2038 2039/2039/2039
f 1958/1958/1958 2040/2040/2040 1959/1959/1959
f 1958/1958/1958 2039/2039/2039 2040/2040/2040
f 1959/1959/1959 2041/2041/2041 1960/1960/1960
f 1959/1959/1959 2040/2040/2040 2041/2041/2041
f 1960/1960/1960 2042/2042/2042 1961/1961/1961
f 1960/1960/1960 2041/2041/2041 2042/2042/2042
f 1961/1961/1961 2043/2043/2043 1962/1962/1962
f 1961/1961/1961 2042/2042/2042 2043/2043/2043
f 1962/1962/1962 2044/2044/2044 1963/1963/1963
f 1962/1962/1962 2043/2043/2043 2044/2044/2044
f 1963/1963/1963 2045/2045/2045 1964/1964/1964
f 1963/1963/1963 2044/2044/2044 2045/2045/2045
f 1964/1964/1964 2046/2046/2046 1965/1965/1965
f 1964/1964/1964 2045/2045/2045 2046/2046/2046
f 1965/1965/1965 2047/2047/2047 1966/1966/1966
f 1965/1965/1965 2046/2046/2046 2047/2047/2047
f 1966/1966/1966 2048/2048/2048 1967/1967/1967
f 1966/1966/1966 2047/2047/2047 2048/2048/2048
f 1967/1967/1967 2049/2049/2049 1968/1968/1968
f 1967/1967/1967 2048/2048/2048 2049/2049/2049
f 1968/1968/1968 2050/2050/2050 1969/1969/1969
f 1968/1968/1968 2049/2049/2049 2050/2050/2050
f 1969/1969/1969 2051/2051/2051 1970/1970/1970
f 1969/1969/1969 2050/2050/2050 2051/2051/2051
f 1970/1970/1970 2052/2052/2052 1971/1971/1971
f 1970/1970/1970 2051/2051/2051 2052/2052/2052
f 1971/1971/1971 2053/2053/2053 1972/1972/1972
f 1971/1971/1971 2052/2052/2052 2053/2053/2053
f 1972/1972/1972 2054/2054/2054 1973/1973/1973
f 1972/1972/1972 2053/2053/2053 2054/2054/2054
f 1973/1973/1973 2055/2055/2055 1974/1974/1974
f 1973/1973/1973 2054/2054/2054 2055/2055/2055
f 1974/1974/1974 2056/2056/2056 1975/1975/1975
f 1974/1974/1974 2055/2055/2055 2056/2056/2056
f 1975/1975/1975 2057/2057/2057 1976/1976/1976
f 1975/1975/1975 2056/2056/2056 2057/2057/2057
f 1976/1976/1976 2058/2058/2058 1977/1977/1977
f 1976/1976/1976 2057/2057/2057 2058/2058/2058
f 1977/1977/1977 2059/2059/2059 1978/1978/1978
f 1977/1977/1977 2058/2058/2058 2059/2059/2059
f 1978/1978/1978 2060/2060/2060 1979/1979/1979
f 1978/1978/1978 2059/2059/2059 2060/2060/2060
f 1979/1979/1979 2061/2061/2061 1980/1980/1980
f 1979/1979/1979 2060/2060/2060 2061/2061/2061
f 1980/1980/1980 2062/2062/2062 1981/1981/1981
f 1980/1980/1980 2061/2061/2061 2062/2062/2062
f 1981/1981/1981 2063/2063/2063 1982/1982/1982
f 1981/1981/1981 2062/2062/2062 2063/2063/2063
f 1982/1982/1982 2064/2064/2064 1983/1983/1983
f 1982/1982/1982 2063/2063/2063 2064/2064/2064
f 1983/1983/1983 2065/2065/2065 1984/1984/1984
f 1983/1983/1983 2064/2064/2064 2065/2065/2065
f 1984/1984/1984 2066/2066/2066 1985/1985/1985
f 1984/1984/1984 2065/2065/2065 2066/2066/2066
f 1985/1985/1985 2067/2067/2067 1986/1986/1986
f 1985/1985/1985 2066/2066/2066 2067/2067/2067
f 1986/1986/1986 2068/2068/2068 1987/1987/1987
f 1986/1986/1986 2067/2067/2067 2068/2068/2068
f 1987/1987/1987 2069/2069/2069 1988/1988/1988
f 1987/1987/1987 2068/2068/2068 2069/2069/2069
f 1988/1988/1988 2070/2070/2070 1989/1989/1989
f 1988/1988/1988 2069/2069/2069 2070/2070/2070
f 1989/1989/1989 2071/2071/2071 1990/1990/1990
f 1989/1989/1989 2070/2070/2070 2071/2071/2071
f 1990/1990/1990 2072/2072/2072 1991/1991/1991
f 1990/1990/1990 2071/2071/2071 2072/2072/2072
f 1991/1991/1991 2073/2073/2073 1992/1992/1992
f 1991/1991/1991 2072/2072/2072 2073/2073/2073
f 1992/1992/1992 2074/2074/2074 1993/1993/1993
f 1992/1992/1992 2073/2073/2073 2074/2074/2074
f 1993/1993/1993 2075/2075/2075 1994/1994/1994
f 1993/1993/1993 2074/2074/2074 2075/2075/2075
f 1994/1994/1994 2076/2076/2076 1995/1995/1995
f 1994/1994/1994 2075/2075/2075 2076/2076/2076
f 1995/1995/1995 2077/2077/2077 1996/1996/1996
f 1995/1995/1995 2076/2076/2076 2077/2077/2077
f 1996/1996/1996 2078/2078/2078 1997/1997/1997
f 1996/1996/1996 2077/2077/2077 2078/2078/2078
f 1997/1997/1997 2079/2079/2079 1998/1998/1998
f 1997/1997/1997 2078/2078/2078 2079/2079/2079
f 1998/1998/1998 2080/2080/2080 1999/1999/1999
f 1998/1998/1998 2079/2079/2079 2080/2080/2080
f 1999/1999/1999 2081/2081/2081 2000/2000/2000
f 1999/1999/1999 2080/2080/2080 2081/2081/2081
f 2000/2000/2000 2082/2082/2082 2001/2001/2001
f 2000/2000/2000 2081/2081/2081 2082/2082/2082
f 2001/2001/2001 2083/2083/2083 2002/2002/2002
f 2001/2001/2001 2082/2082/2082 2083/2083/2083
f 2002/2002/2002 2084/2084/2084 2003/2003/2003
f 2002/2002/2002 2083/2083/2083 2084/2084/2084
f 2003/2003/2003 2085/2085/2085 2004/2004/2004
f 2003/2003/2003 2084/2084/2084 2085/2085/2085
f 2004/2004/2004 2086/2086/2086 2005/2005/2005
f 2004/2004/2004 2085/2085/2085 2086/2086/2086
f 2005/2005/2005 2087/2087/2087 2006/2006/2006
f 2005/2005/2005 2086/2086/2086 2087/2087/2087
f 2006/2006/2006 2088/2088/2088 2007/2007/2007
f 2006/2006/2006 2087/2087/2087 2088/2088/2088
f 2007/2007/2007 2089/2089/2089 2008/2008/2008
f 2007/2007/2007 2088/2088/2088 2089/2089/2089
f 2008/2008/2008 2090/2090/2090 2009/2009/2009
f 2008/2008/2008 2089/2089/2089 2090/2090/2090
f 2009/2009/2009 2091/2091/2091 2010/2010/2010
f 2009/2009/2009 2090/2090/2090 2091/2091/2091
f 2010/2010/2010 2092/2092/2092 2011/2011/2011
f 2010/2010/2010 2091/2091/2091 2092/2092/2092
f 2011/2011/2011 2093/2093/2093 2012/2012/2012
f 2011/2011/2011 2092/2092/2092 2093/2093/2093
f 2012/2012/2012 2094/2094/2094 2013/2013/2013
f 2012/2012/2012 2093/2093/2093 2094/2094/2094
f 2013/2013/2013 2095/2095/2095 2014/2014/2014
f 2013/2013/2013 2094/2094/2094 2095/2095/2095
f 2014/2014/2014 2096/2096/2096 2015/2015/2015
f 2014/2014/2014 2095/2095/2095 2096/2096/2096
f 2015/2015/2015 2097/2097/2097 2016/2016/2016
f 2015/2015/2015 2096/2096/2096 2097/2097/2097
f 2016/2016/2016 2098/2098/2098 2017/2017/2017
f 2016/2016/2016 2097/2097/2097 2098/2098/2098
f 2017/2017/2017 2099/2099/2099 2018/2018/2018
f 2017/2017/2017 2098/2098/2098 2099/2099/2099
f 2018/2018/2018 2100/2100/2100 2019/2019/2019
f 2018/2018/2018 2099/2099/2099 2100/2100/2100
f 2019/2019/2019 2101/2101/2101 2020/2020/2020
f 2019/2019/2019 2100/2100/2100 2101/2101/2101
f 2020/2020/2020 2102/2102/2102 2021/2021/2021
f 2020/2020/2020 2101/2101/2101 2102/2102/2102
f 2021/2021/2021 2103/2103/2103 2022/2022/2022
f 2021/2021/2021 2102/2102/2102 2103/2103/2103
f 2022/2022/2022 2104/2104/2104 2023/2023/2023
f 2022/2022/2022 2103/2103/2103 2104/2104/2104
f 2023/2023/2023 2105/2105/2105 2024/2024/2024
f 2023/2023/2023 2104/2104/2104 2105/2105/2105
f 2024/2024/2024 2106/2106/2106 2025/2025/2025
f 2024/2024/2024 2105/2105/2105 2106/2106/2106
f 2026/2026/2026 2108/2108/2108 2027/2027/2027
f 2026/2026/2026 2107/2107/2107 2108/2108/2108
f 2027/2027/2027 2109/2109/2109 2028/2028/2028
f 2027/2027/2027 2108/2108/2108 2109/2109/2109
f 2028/2028/2028 2110/2110/2110 2029/2029/2029
f 2028/2028/2028 2109/2109/2109 2110/2110/2110
f 2029/2029/2029 2111/2111/2111 2030/2030/2030
f 2029/2029/2029 2110/2110/2110 2111/2111/2111
f 2030/2030/2030 2112/2112/2112 2031/2031/2031
f 2030/2030/2030 2111/2111/2111 2112/2112/2112
f 2031/2031/2031 2113/2113/2113 2032/2032/2032
f 2031/2031/2031 2112/2112/2112 2113/2113/2113
f 2032/2032/2032 2114/2114/2114 2033/2033/2033
f 2032/2032/2032 2113/2113/2113 2114/2114/2114
f 2033/2033/2033 2115/2115/2115 2034/2034/2034
f 2033/2033/2033 2114/2114/2114 2115/2115/2115
f 2034/2034/2034 2116/2116/2116 2035/2035/2035
f 2034/2034/2034 2115/2115/2115 2116/2116/2116
f 2035/2035/2035 2117/2117/2117 2036/2036/2036
f 2035/2035/2035 2116/2116/2116 2117/2117/2117
f 2036/2036/2036 2118/2118/2118 2037/2037/2037
f 2036/2036/2036 2117/2117/2117 2118/2118/2118
f 2037/2037/2037 2119/2119/2119 2038/2038/2038
f 2037/2037/2037 2118/2118/2118 2119/2119/2119
f 2038/2038/2038 2120/2120/2120 2039/2039/2039
f 2038/2038/2038 2119/2119/2119 2120/2120/2120
f 2039/2039/2039 2121/2121/2121 2040/2040/2040
f 2039/2039/2039 2120/2120/2120 2121/2121/2121
f 2040/2040/2040 2122/2122/2122 2041/2041/2041
f 2040/2040/2040 2121/2121/2121 2122/2122/2122
f 2041/2041/2041 2123/2123/2123 2042/2042/2042
f 2041/2041/2041 2122/2122/2122 2123/2123/2123
f 2042/2042/2042 2124/2124/2124 2043/2043/2043
f 2042/2042/2042 2123/2123/2123 2124/2124/2124
f 2043/2043/2043 2125/2125/2125 2044/2044/2044
f 2043/2043/2043 2124/2124/2124 2125/2125/2125
f 2044/2044/2044 2126/2126/2126 2045/2045/2045
f 2044/2044/2044 2125/2125/2125 2126/2126/2126
f 2045/2045/2045 2127/2127/2127 2046/2046/2046
f 2045/2045/2045 2126/2126/2126 2127/2127/2127
f 2046/2046/2046 2128/2128/2128 2047/2047/2047
f 2046/2046/2046 2127/2127/2127 2128/2128/2128
f 2047/2047/2047 2129/2129/2129 2048/2048/2048
f 2047/2047/2047 2128/2128/2128 2129/2129/2129
f 2048/2048/2048 2130/2130/2130 2049/2049/2049
f 2048/2048/2048 2129/2129/2129 2130/2130/2130
f 2049/2049/2049 2131/2131/2131 2050/2050/2050
f 2049/2049/2049 2130/2130/2130 2131/2131/2131
f 2050/2050/2050 2132/2132/2132 2051/2051/2051
f 2050/2050/2050 2131/2131/2131 2132/2132/2132
f 2051/2051/2051 2133/2133/2133 2052/2052/2052
f 2051/2051/2051 2132/2132/2132 2133/2133/2133
f 2052/2052/2052 2134/2134/2134 2053/2053/2053
f 2052/2052/2052 2133/2133/2133 2134/2134/2134
f 2053/2053/2053 2135/2135/2135 2054/2054/2054
f 2053/2053/2053 2134/2134/2134 2135/2135/2135
f 2054/2054/2054 2136/2136/2136 2055/2055/2055
f 2054/2054/2054 2135/2135/2135 2136/2136/2136
f 2055/2055/2055 2137/2137/2137 2056/2056/2056
f 2055/2055/2055 2136/2136/2136 2137/2137/2137
f 2056/2056/2056 2138/2138/2138 2057/2057/2057
f 2056/2056/2056 2137/2137/2137 2138/2138/2138
f 2057/2057/2057 2139/2139/2139 2058/2058/2058
f 2057/2057/2057 2138/2138/2138 2139/2139/2139
f 2058/2058/2058 2140/2140/2140 2059/2059/2059
f 2058/2058/2058 2139/2139/2139 2140/2140/2140
f 2059/2059/2059 2141/2141/2141 2060/2060/2060
f 2059/2059/2059 2140/2140/2140 2141/2141/2141
f 2060/2060/2060 2142/2142/2142 2061/2061/2061
f 2060/2060/2060 2141/2141/2141 2142/2142/2142
f 2061/2061/2061 2143/2143/2143 2062/2062/2062
f 2061/2061/2061 2142/2142/2142 2143/2143/2143
f 2062/2062/2062 2144/2144/2144 2063/2063/2063
f 2062/2062/2062 2143/2143/2143 2144/2144/2144
f 2063/2063/2063 2145/2145/2145 2064/2064/2064
f 2063/2063/2063 2144/2144/2144 2145/2145/2145
f 2064/2064/2064 2146/2146/2146 2065/2065/2065
f 2064/2064/2064 2145/2145/2145 2146/2146/2146
f 2065/2065/2065 2147/2147/2147 2066/2066/2066
f 2065/2065/2065 2146/2146/2146 2147/2147/2147
f 2066/2066/2066 2148/2148/2148 2067/2067/2067
f 2066/2066/2066 2147/2147/2147 2148/2148/2148
f 2067/2067/2067 2149/2149/2149 2068/2068/2068
f 2067/2067/2067 2148/2148/2148 2149/2149/2149
f 2068/2068/2068 2150/2150/2150 2069/2069/2069
f 2068/2068/2068 2149/2149/2149 2150/2150/2150
f 2069/2069/2069 2151/2151/2151 2070/2070/2070
f 2069/2069/2069 2150/2150/2150 2151/2151/2151
f 2070/2070/2070 2152/2152/2152 2071/2071/2071
f 2070/2070/2070 2151/2151/2151 2152/2152/2152
f 2071/2071/2071 2153/2153/2153 2072/2072/2072
f 2071/2071/2071 2152/2152/2152 2153/2153/2153
f 2072/2072/2072 2154/2154/2154 2073/2073/2073
f 2072/2072/2072 2153/2153/2153 2154/2154/2154
f 2073/2073/2073 2155/2155/2155 2074/2074/2074
f 2073/2073/2073 2154/2154/2154 2155/2155/2155
f 2074/2074/2074 2156/2156/2156 2075/2075/2075
f 2074/2074/2074 2155/2155/2155 2156/2156/2156
f 2075/2075/2075 2157/2157/2157 2076/2076/2076
f 2075/2075/2075 2156/2156/2156 2157/2157/2157
f 2076/2076/2076 2158/2158/2158 2077/2077/2077
f 2076/2076/2076 2157/2157/2157 2158/2158/2158
f 2077/2077/2077 2159/2159/2159 2078/2078/2078
f 2077/2077/2077 2158/2158/2158 2159/2159/2159
f 2078/2078/2078 2160/2160/2160 2079/2079/2079
f 2078/2078/2078 2159/2159/2159 2160/2160/2160
f 2079/2079/2079 2161/2161/2161 2080/2080/2080
f 2079/2079/2079 2160/2160/2160 2161/2161/2161
f 2080/2080/2080 2162/2162/2162 2081/2081/2081
f 2080/2080/2080 2161/2161/2161 2162/2162/2162
f 2081/2081/2081 2163/2163/2163 2082/2082/2082
f 2081/2081/2081 2162/2162/2162 2163/2163/2163
f 2082/2082/2082 2164/2164/2164 2083/2083/2083
f 2082/2082/2082 2163/2163/2163 2164/2164/2164
f 2083/2083/2083 2165/2165/2165 2084/2084/2084
f 2083/2083/2083 2164/2164/2164 2165/2165/2165
f 2084/2084/2084 2166/2166/2166 2085/2085/2085
f 2084/2084/2084 2165/2165/2165 2166/2166/2166
f 2085/2085/2085 2167/2167/2167 2086/2086/2086
f 2085/2085/2085 2166/2166/2166 2167/2167/2167
f 2086/2086/2086 2168/2168/2168 2087/2087/2087
f 2086/2086/2086 2167/2167/2167 2168/2168/2168
f 2087/2087/2087 2169/2169/2169 2088/2088/2088
f 2087/2087/2087 2168/2168/2168 2169/2169/2169
f 2088/2088/2088 2170/2170/2170 2089/2089/2089
f 2088/2088/2088 2169/2169/2169 2170/2170/2170
f 2089/2089/2089 2171/2171/2171 2090/2090/2090
f 2089/2089/2089 2170/2170/2170 2171/2171/2171
f 2090/2090/2090 2172/2172/2172 2091/2091/2091
f 2090/2090/2090 2171/2171/2171 2172/2172/2172
f 2091/2091/2091 2173/2173/2173 2092/2092/2092
f 2091/2091/2091 2172/2172/2172 2173/2173/2173
f 2092/2092/2092 2174/2174/2174 2093/2093/2093
f 2092/2092/2092 2173/2173/2173 2174/2174/2174
f 2093/2093/2093 2175/2175/2175 2094/2094/2094
f 2093/2093/2093 2174/2174/2174 2175/2175/2175
f 2094/2094/2094 2176/2176/2176 2095/2095/2095
f 2094/2094/2094 2175/2175/2175 2176/2176/2176
f 2095/2095/2095 2177/2177/2177 2096/2096/2096
f 2095/2095/2095 2176/2176/2176 2177/2177/2177
f 2096/2096/2096 2178/2178/2178 2097/2097/2097
f 2096/2096/2096 2177/2177/2177 2178/2178/2178
f 2097/2097/2097 2179/2179/2179 2098/2098/2098
f 2097/2097/2097 2178/2178/2178 2179/2179/2179
f 2098/2098/2098 2180/2180/2180 2099/2099/2099
f 2098/2098/2098 2179/2179/2179 2180/2180/2180
f 2099/2099/2099 2181/2181/2181 2100/2100/2100
f 2099/2099/2099 2180/2180/2180 2181/2181/2181
f 2100/2100/2100 2182/2182/2182 2101/2101/2101
f 2100/2100/2100 2181/2181/2181 2182/2182/2182
f 2101/2101/2101 2183/2183/2183 2102/2102/2102
f 2101/2101/2101 2182/2182/2182 2183/2183/2183
f 2102/2102/2102 2184/2184/2184 2103/2103/2103
f 2102/2102/2102 2183/2183/2183 2184/2184/2184
f 2103/2103/2103 2185/2185/2185 2104/2104/2104
f 2103/2103/2103 2184/2184/2184 2185/2185/2185
f 2104/2104/2104 2186/2186/2186 2105/2105/2105
f 2104/2104/2104 2185/2185/2185 2186/2186/2186
f 2105/2105/2105 2187/2187/2187 2106/2106/2106
f 2105/2105/2105 2186/2186/2186 2187/2187/2187
f 2107/2107/2107 2189/2189/2189 2108/2108/2108
f 2107/2107/2107 2188/2188/2188 2189/2189/2189
f 2108/2108/2108 2190/2190/2190 2109/2109/2109
f 2108/2108/2108 2189/2189/2189 2190/2190/2190
f 2109/2109/2109 2191/2191/2191 2110/2110/2110
f 2109/2109/2109 2190/2190/2190 2191/2191/2191
f 2110/2110/2110 2192/2192/2192 2111/2111/2111
f 2110/2110/2110 2191/2191/2191 2192/2192/2192
f 2111/2111/2111 2193/2193/2193 2112/2112/2112
f 2111/2111/2111 2192/2192/2192 2193/2193/2193
f 2112/2112/2112 2194/2194/2194 2113/2113/2113
f 2112/2112/2112 2193/2193/2193 2194/2194/2194
f 2113/2113/2113 2195/2195/2195 2114/2114/2114
f 2113/2113/2113 2194/2194/2194 2195/2195/2195
f 2114/2114/2114 2196/2196/2196 2115/2115/2115
f 2114/2114/2114 2195/2195/2195 2196/2196/2196
f 2115/2115/2115 2197/2197/2197 2116/2116/2116
f 2115/2115/2115 2196/2196/2196 2197/2197/2197
f 2116/2116/2116 2198/2198/2198 2117/2117/2117
f 2116/2116/2116 2197/2197/2197 2198/2198/2198
f 2117/2117/2117 2199/2199/2199 2118/2118/2118
f 2117/2117/2117 2198/2198/2198 2199/2199/2199
f 2118/2118/2118 2200/2200/2200 2119/2119/2119
f 2118/2118/2118 2199/2199/2199 2200/2200/2200
f 2119/2119/2119 2201/2201/2201 2120/2120/2120
f 2119/2119/2119 2200/2200/2200 2201/2201/2201
f 2120/2120/2120 2202/2202/2202 2121/2121/2121
f 2120/2120/2120 2201/2201/2201 2202/2202/2202
f 2121/2121/2121 2203/2203/2203 2122/2122/2122
f 2121/2121/2121 2202/2202/2202 2203/2203/2203
f 2122/2122/2122 2204/2204/2204 2123/2123/2123
f 2122/2122/2122 2203/2203/2203 2204/2204/2204
f 2123/2123/2123 2205/2205/2205 2124/2124/2124
f 2123/2123/2123 2204/2204/2204 2205/2205/2205
f 2124/2124/2124 2206/2206/2206 2125/2125/2125
f 2124/2124/2124 2205/2205/2205 2206/2206/2206
f 2125/2125/2125 2207/2207/2207 2126/2126/2126
f 2125/2125/2125 2206/2206/2206 2207/2207/2207
f 2126/2126/2126 2208/2208/2208 2127/2127/2127
f 2126/2126/2126 2207/2207/2207 2208/2208/2208
f 2127/2127/2127 2209/2209/2209 2128/2128/2128
f 2127/2127/2127 2208/2208/2208 2209/2209/2209
f 2128/2128/2128 2210/2210/2210 2129/2129/2129
f 2128/2128/2128 2209/2209/2209 2210/2210/2210
f 2129/2129/2129 2211/2211/2211 2130/2130/2130
f 2129/2129/2129 2210/2210/2210 2211/2211/2211
f 2130/2130/2130 2212/2212/2212 2131/2131/2131
f 2130/2130/2130 2211/2211/2211 2212/2212/2212
f 2131/2131/2131 2213/2213/2213 2132/2132/2132
f 2131/2131/2131 2212/2212/2212 2213/2213/2213
f 2132/2132/2132 2214/2214/2214 2133/2133/2133
f 2132/2132/2132 2213/2213/2213 2214/2214/2214
f 2133/2133/2133 2215/2215/2215 2134/2134/2134
f 2133/2133/2133 2214/2214/2214 2215/2215/2215
f 2134/2134/2134 2216/2216/2216 2135/2135/2135
f 2134/2134/2134 2215/2215/2215 2216/2216/2216
f 2135/2135/2135 2217/2217/2217 2136/2136/2136
f 2135/2135/2135 2216/2216/2216 2217/2217/2217
f 2136/2136/2136 2218/2218/2218 2137/2137/2137
f 2136/2136/2136 2217/2217/2217 2218/2218/2218
f 2137/2137/2137 2219/2219/2219 2138/2138/2138
f 2137/2137/2137 2218/2218/2218 2219/2219/2219
f 2138/2138/2138 2220/2220/2220 2139/2139/2139
f 2138/2138/2138 2219/2219/2219 2220/2220/2220
f 2139/2139/2139 2221/2221/2221 2140/2140/2140
f 2139/2139/2139 2220/2220/2220 2221/2221/2221
f 2140/2140/2140 2222/2222/2222 2141/2141/2141
f 2140/2140/2140 2221/2221/2221 2222/2222/2222
f 2141/2141/2141 2223/2223/2223 2142/2142/2142
f 2141/2141/2141 2222/2222/2222 2223/2223/2223
f 2142/2142/2142 2224/2224/2224 2143/2143/2143
f 2142/2142/2142 2223/2223/2223 2224/2224/2224
f 2143/2143/2143 2225/2225/2225 2144/2144/2144
f 2143/2143/2143 2224/2224/2224 2225/2225/2225
f 2144/2144/2144 2226/2226/2226 2145/2145/2145
f 2144/2144/2144 2225/2225/2225 2226/2226/2226
f 2145/2145/2145 2227/2227/2227 2146/2146/2146
f 2145/2145/2145 2226/2226/2226 2227/2227/2227
f 2146/2146/2146 2228/2228/2228 2147/2147/2147
f 2146/2146/2146 2227/2227/2227 2228/2228/2228
f 2147/2147/2147 2229/2229/2229 2148/2148/2148
f 2147/2147/2147 2228/2228/2228 2229/2229/2229
f 2148/2148/2148 2230/2230/2230 2149/2149/2149
f 2148/2148/2148 2229/2229/2229 2230/2230/2230
f 2149/2149/2149 2231/2231/2231 2150/2150/2150
f 2149/2149/2149 2230/2230/2230 2231/2231/2231
f 2150/2150/2150 2232/2232/2232 2151/2151/2151
f 2150/2150/2150 2231/2231/2231 2232/2232/2232
f 2151/2151/2151 2233/2233/2233 2152/2152/2152
f 2151/2151/2151 2232/2232/2232 2233/2233/2233
f 2152/2152/2152 2234/2234/2234 2153/2153/2153
f 2152/2152/2152 2233/2233/2233 2234/2234/2234
f 2153/2153/2153 2235/2235/2235 2154/2154/2154
f 2153/2153/2153 2234/2234/2234 2235/2235/2235
f 2154/2154/2154 2236/2236/2236 2155/2155/2155
f 2154/2154/2154 2235/2235/2235 2236/2236/2236
f 2155/2155/2155 2237/2237/2237 2156/2156/2156
f 2155/2155/2155 2236/2236/2236 2237/2237/2237
f 2156/2156/2156 2238/2238/2238 2157/2157/2157
f 2156/2156/2156 2237/2237/2237 2238/2238/2238
f 2157/2157/2157 2239/2239/2239 2158/2158/2158
f 2157/2157/2157 2238/2238/2238 2239/2239/2239
f 2158/2158/2158 2240/2240/2240 2159/2159/2159
f 2158/2158/2158 2239/2239/2239 2240/2240/2240
f 2159/2159/2159 2241/2241/2241 2160/2160/2160
f 2159/2159/2159 2240/2240/2240 2241/2241/2241
f 2160/2160/2160 2242/2242/2242 2161/2161/2161
f 2160/2160/2160 2241/2241/2241 2242/2242/2242
f 2161/2161/2161 2243/2243/2243 2162/2162/2162
f 2161/2161/2161 2242/2242/2242 2243/2243/2243
f 2162/2162/2162 2244/2244/2244 2163/2163/2163
f 2162/2162/2162 2243/2243/2243 2244/2244/2244
f 2163/2163/2163 2245/2245/2245 2164/2164/2164
f 2163/2163/2163 2244/2244/2244 2245/2245/2245
f 2164/2164/2164 2246/2246/2246 2165/2165/2165
f 2164/2164/2164 2245/2245/2245 2246/2246/2246
f 2165/2165/2165 2247/2247/2247 2166/2166/2166
f 2165/2165/2165 2246/2246/2246 2247/2247/2247
f 2166/2166/2166 2248/2248/2248 2167/2167/2167
f 2166/2166/2166 2247/2247/2247 2248/2248/2248
f 2167/2167/2167 2249/2249/2249 2168/2168/2168
f 2167/2167/2167 2248/2248/2248 2249/2249/2249
f 2168/2168/2168 2250/2250/2250 2169/2169/2169
f 2168/2168/2168 2249/2249/2249 2250/2250/2250
f 2169/2169/2169 2251/2251/2251 2170/2170/2170
f 2169/2169/2169 2250/2250/2250 2251/2251/2251
f 2170/2170/2170 2252/2252/2252 2171/2171/2171
f 2170/2170/2170 2251/2251/2251 2252/2252/2252
f 2171/2171/2171 2253/2253/2253 2172/2172/2172
f 2171/2171/2171 2252/2252/2252 2253/2253/2253
f 2172/2172/2172 2254/2254/2254 2173/2173/2173
f 2172/2172/2172 2253/2253/2253 2254/2254/2254
f 2173/2173/2173 2255/2255/2255 2174/2174/2174
f 2173/2173/2173 2254/2254/2254 2255/2255/2255
f 2174/2174/2174 2256/2256/2256 2175/2175/2175
f 2174/2174/2174 2255/2255/2255 2256/2256/2256
f 2175/2175/2175 2257/2257/2257 2176/2176/2176
f 2175/2175/2175 2256/2256/2256 2257/2257/2257
f 2176/2176/2176 2258/2258/2258 2177/2177/2177
f 2176/2176/2176 2257/2257/2257 2258/2258/2258
f 2177/2177/2177 2259/2259/2259 2178/2178/2178
f 2177/2177/2177 2258/2258/2258 2259/2259/2259
f 2178/2178/2178 2260/2260/2260 2179/2179/2179
f 2178/2178/2178 2259/2259/2259 2260/2260/2260
f 2179/2179/2179 2261/2261/2261 2180/2180/2180
f 2179/2179/2179 2260/2260/2260 2261/2261/2261
f 2180/2180/2180 2262/2262/2262 2181/2181/2181
f 2180/2180/2180 2261/2261/2261 2262/2262/2262
f 2181/2181/2181 2263/2263/2263 2182/2182/2182
f 2181/2181/2181 2262/2262/2262 2263/2263/2263
f 2182/2182/2182 2264/2264/2264 2183/2183/2183
f 2182/2182/2182 2263/2263/2263 2264/2264/2264
f 2183/2183/2183 2265/2265/2265 2184/2184/2184
f 2183/2183/2183 2264/2264/2264 2265/2265/2265
f 2184/2184/2184 2266/2266/2266 2185/2185/2185
f 2184/2184/2184 2265/2265/2265 2266/2266/2266
f 2185/2185/2185 2267/2267/2267 2186/2186/2186
f 2185/2185/2185 2266/2266/2266 2267/2267/2267
f 2186/2186/2186 2268/2268/2268 2187/2187/2187
f 2186/2186/2186 2267/2267/2267 2268/2268/2268
f 2188/2188/2188 2270/2270/2270 2189/2189/2189
f 2188/2188/2188 2269/2269/2269 2270/2270/2270
f 2189/2189/2189 2271/2271/2271 2190/2190/2190
f 2189/2189/2189 2270/2270/2270 2271/2271/2271
f 2190/2190/2190 2272/2272/2272 2191/2191/2191
f 2190/2190/2190 2271/2271/2271 2272/2272/2272
f 2191/2191/2191 2273/2273/2273 2192/2192/2192
f 2191/2191/2191 2272/2272/2272 2273/2273/2273
f 2192/2192/2192 2274/2274/2274 2193/2193/2193
f 2192/2192/2192 2273/2273/2273 2274/2274/2274
f 2193/2193/2193 2275/2275/2275 2194/2194/2194
f 2193/2193/2193 2274/2274/2274 2275/2275/2275
f 2194/2194/2194 2276/2276/2276 2195/2195/2195
f 2194/2194/2194 2275/2275/2275 2276/2276/2276
f 2195/2195/2195 2277/2277/2277 2196/2196/2196
f 2195/2195/2195 2276/2276/2276 2277/2277/2277
f 2196/2196/2196 2278/2278/2278 2197/2197/2197
f 2196/2196/2196 2277/2277/2277 2278/2278/2278
f 2197/2197/2197 2279/2279/2279 2198/2198/2198
f 2197/2197/2197 2278/2278/2278 2279/2279/2279
f 2198/2198/2198 2280/2280/2280 2199/2199/2199
f 2198/2198/2198 2279/2279/2279 2280/2280/2280
f 2199/2199/2199 2281/2281/2281 2200/2200/2200
f 2199/2199/2199 2280/2280/2280 2281/2281/2281
f 2200/2200/2200 2282/2282/2282 2201/2201/2201
f 2200/2200/2200 2281/2281/2281 2282/2282/2282
f 2201/2201/2201 2283/2283/2283 2202/2202/2202
f 2201/2201/2201 2282/2282/2282 2283/2283/2283
f 2202/2202/2202 2284/2284/2284 2203/2203/2203
f 2202/2202/2202 2283/2283/2283 2284/2284/2284
f 2203/2203/2203 2285/2285/2285 2204/2204/2204
f 2203/2203/2203 2284/2284/2284 2285/2285/2285
f 2204/2204/2204 2286/2286/2286 2205/2205/2205
f 2204/2204/2204 2285/2285/2285 2286/2286/2286
f 2205/2205/2205 2287/2287/2287 2206/2206/2206
f 2205/2205/2205 2286/2286/2286 2287/2287/2287
f 2206/2206/2206 2288/2288/2288 2207/2207/2207
f 2206/2206/2206 2287/2287/2287 2288/2288/2288
f 2207/2207/2207 2289/2289/2289 2208/2208/2208
f 2207/2207/2207 2288/2288/2288 2289/2289/2289
f 2208/2208/2208 2290/2290/2290 2209/2209/2209
f 2208/2208/2208 2289/2289/2289 2290/2290/2290
f 2209/2209/2209 2291/2291/2291 2210/2210/2210
f 2209/2209/2209 2290/2290/2290 2291/2291/2291
f 2210/2210/2210 2292/2292/2292 2211/2211/2211
f 2210/2210/2210 2291/2291/2291 2292/2292/2292
f 2211/2211/2211 2293/2293/2293 2212/2212/2212
f 2211/2211/2211 2292/2292/2292 2293/2293/2293
f 2212/2212/2212 2294/2294/2294 2213/2213/2213
f 2212/2212/2212 2293/2293/2293 2294/2294/2294
f 2213/2213/2213 2295/2295/2295 2214/2214/2214
f 2213/2213/2213 2294/2294/2294 2295/2295/2295
f 2214/2214/2214 2296/2296/2296 2215/2215/2215
f 2214/2214/2214 2295/2295/2295 2296/2296/2296
f 2215/2215/2215 2297/2297/2297 2216/2216/2216
f 2215/2215/2215 2296/2296/2296 2297/2297/2297
f 2216/2216/2216 2298/2298/2298 2217/2217/2217
f 2216/2216/2216 2297/2297/2297 2298/2298/2298
f 2217/2217/2217 2299/2299/2299 2218/2218/2218
f 2217/2217/2217 2298/2298/2298 2299/2299/2299
f 2218/2218/2218 2300/2300/2300 2219/2219/2219
f 2218/2218/2218 2299/2299/2299 2300/2300/2300
f 2219/2219/2219 2301/2301/2301 2220/2220/2220
f 2219/2219/2219 2300/2300/2300 2301/2301/2301
f 2220/2220/2220 2302/2302/2302 2221/2221/2221
f 2220/2220/2220 2301/2301/2301 2302/2302/2302
f 2221/2221/2221 2303/2303/2303 2222/2222/2222
f 2221/2221/2221 2302/2302/2302 2303/2303/2303
f 2222/2222/2222 2304/2304/2304 2223/2223/2223
f 2222/2222/2222 2303/2303/2303 2304/2304/2304
f 2223/2223/2223 2305/2305/2305 2224/2224/2224
f 2223/2223/2223 2304/2304/2304 2305/2305/2305
f 2224/2224/2224 2306/2306/2306 2225/2225/2225
f 2224/2224/2224 2305/2305/2305 2306/2306/2306
f 2225/2225/2225 2307/2307/2307 2226/2226/2226
f 2225/2225/2225 2306/2306/2306 2307/2307/2307
f 2226/2226/2226 2308/2308/2308 2227/2227/2227
f 2226/2226/2226 2307/2307/2307 2308/2308/2308
f 2227/2227/2227 2309/2309/2309 2228/2228/2228
f 2227/2227/2227 2308/2308/2308 2309/2309/2309
f 2228/2228/2228 2310/2310/2310 2229/2229/2229
f 2228/2228/2228 2309/2309/2309 2310/2310/2310
f 2229/2229/2229 2311/2311/2311 2230/2230/2230
f 2229/2229/2229 2310/2310/2310 2311/2311/2311
f 2230/2230/2230 2312/2312/2312 2231/2231/2231
f 2230/2230/2230 2311/2311/2311 2312/2312/2312
f 2231/2231/2231 2313/2313/2313 2232/2232/2232
f 2231/2231/2231 2312/2312/2312 2313/2313/2313
f 2232/2232/2232 2314/2314/2314 2233/2233/2233
f 2232/2232/2232 2313/2313/2313 2314/2314/2314
f 2233/2233/2233 2315/2315/2315 2234/2234/2234
f 2233/2233/2233 2314/2314/2314 2315/2315/2315
f 2234/2234/2234 2316/2316/2316 2235/2235/2235
f 2234/2234/2234 2315/2315/2315 2316/2316/2316
f 2235/2235/2235 2317/2317/2317 2236/2236/2236
f 2235/2235/2235 2316/2316/2316 2317/2317/2317
f 2236/2236/2236 2318/2318/2318 2237/2237/2237
f 2236/2236/2236 2317/2317/2317 2318/2318/2318
f 2237/2237/2237 2319/2319/2319 2238/2238/2238
f 2237/2237/2237 2318/2318/2318 2319/2319/2319
f 2238/2238/2238 2320/2320/2320 2239/2239/2239
f 2238/2238/2238 2319/2319/2319 2320/2320/2320
f 2239/2239/2239 2321/2321/2321 2240/2240/2240
f 2239/2239/2239 2320/2320/2320 2321/2321/2321
f 2240/2240/2240 2322/2322/2322 2241/2241/2241
f 2240/2240/2240 2321/2321/2321 2322/2322/2322
f 2241/2241/2241 2323/2323/2323 2242/2242/2242
f 2241/2241/2241 2322/2322/2322 2323/2323/2323
f 2242/2242/2242 2324/2324/2324 2243/2243/2243
f 2242/2242/2242 2323/2323/2323 2324/2324/2324
f 2243/2243/2243 2325/2325/2325 2244/2244/2244
f 2243/2243/2243 2324/2324/2324 2325/2325/2325
f 2244/2244/2244 2326/2326/2326 2245/2245/2245
f 2244/2244/2244 2325/2325/2325 2326/2326/2326
f 2245/2245/2245 2327/2327/2327 2246/2246/2246
f 2245/2245/2245 2326/2326/2326 2327/2327/2327
f 2246/2246/2246 2328/2328/2328 2247/2247/2247
f 2246/2246/2246 2327/2327/2327 2328/2328/2328
f 2247/2247/2247 2329/2329/2329 2248/2248/2248
f 2247/2247/2247 2328/2328/2328 2329/2329/2329
f 2248/2248/2248 2330/2330/2330 2249/2249/2249
f 2248/2248/2248 2329/2329/2329 2330/2330/2330
f 2249/2249/2249 2331/2331/2331 2250/2250/2250
f 2249/2249/2249 2330/2330/2330 2331/2331/2331
f 2250/2250/2250 2332/2332/2332 2251/2251/2251
f 2250/2250/2250 2331/2331/2331 2332/2332/2332
f 2251/2251/2251 2333/2333/2333 2252/2252/2252
f 2251/2251/2251 2332/2332/2332 2333/2333/2333
f 2252/2252/2252 2334/2334/2334 2253/2253/2253
f 2252/2252/2252 2333/2333/2333 2334/2334/2334
f 2253/2253/2253 2335/2335/2335 2254/2254/2254
f 2253/2253/2253 2334/2334/2334 2335/2335/2335
f 2254/2254/2254 2336/2336/2336 2255/2255/2255
f 2254/2254/2254 2335/2335/2335 2336/2336/2336
f 2255/2255/2255 2337/2337/2337 2256/2256/2256
f 2255/2255/2255 2336/2336/2336 2337/2337/2337
f 2256/2256/2256 2338/2338/2338 2257/2257/2257
f 2256/2256/2256 2337/2337/2337 2338/2338/2338
f 2257/2257/2257 2339/2339/2339 2258/2258/2258
f 2257/2257/2257 2338/2338/2338 2339/2339/2339
f 2258/2258/2258 2340/2340/2340 2259/2259/2259
f 2258/2258/2258 2339/2339/2339 2340/2340/2340
f 2259/2259/2259 2341/2341/2341 2260/2260/2260
f 2259/2259/2259 2340/2340/2340 2341/2341/2341
f 2260/2260/2260 2342/2342/2342 2261/2261/2261
f 2260/2260/2260 2341/2341/2341 2342/2342/2342
f 2261/2261/2261 2343/2343/2343 2262/2262/2262
f 2261/2261/2261 2342/2342/2342 2343/2343/2343
f 2262/2262/2262 2344/2344/2344 2263/2263/2263
f 2262/2262/2262 2343/2343/2343 2344/2344/2344
f 2263/2263/2263 2345/2345/2345 2264/2264/2264
f 2263/2263/2263 2344/2344/2344 2345/2345/2345
f 2264/2264/2264 2346/2346/2346 2265/2265/2265
f 2264/2264/2264 2345/2345/2345 2346/2346/2346
f 2265/2265/2265 2347/2347/2347 2266/2266/2266
f 2265/2265/2265 2346/2346/2346 2347/2347/2347
f 2266/2266/2266 2348/2348/2348 2267/2267/2267
f 2266/2266/2266 2347/2347/2347 2348/2348/2348
f 2267/2267/2267 2349/2349/2349 2268/2268/2268
f 2267/2267/2267 2348/2348/2348 2349/2349/2349
f 2269/2269/2269 2351/2351/2351 2270/2270/2270
f 2269/2269/2269 2350/2350/2350 2351/2351/2351
f 2270/2270/2270 2352/2352/2352 2271/2271/2271
f 2270/2270/2270 2351/2351/2351 2352/2352/2352
f 2271/2271/2271 2353/2353/2353 2272/2272/2272
f 2271/2271/2271 2352/2352/2352 2353/2353/2353
f 2272/2272/2272 2354/2354/2354 2273/2273/2273
f 2272/2272/2272 2353/2353/2353 2354/2354/2354
f 2273/2273/2273 2355/2355/2355 2274/2274/2274
f 2273/2273/2273 2354/2354/2354 2355/2355/2355
f 2274/2274/2274 2356/2356/2356 2275/2275/2275
f 2274/2274/2274 2355/2355/2355 2356/2356/2356
f 2275/2275/2275 2357/2357/2357 2276/2276/2276
f 2275/2275/2275 2356/2356/2356 2357/2357/2357
f 2276/2276/2276 2358/2358/2358 2277/2277/2277
f 2276/2276/2276 2357/2357/2357 2358/2358/2358
f 2277/2277/2277 2359/2359/2359 2278/2278/2278
f 2277/2277/2277 2358/2358/2358 2359/2359/2359
f 2278/2278/2278 2360/2360/2360 2279/2279/2279
f 2278/2278/2278 2359/2359/2359 2360/2360/2360
f 2279/2279/2279 2361/2361/2361 2280/2280/2280
f 2279/2279/2279 2360/2360/2360 2361/2361/2361
f 2280/2280/2280 2362/2362/2362 2281/2281/2281
f 2280/2280/2280 2361/2361/2361 2362/2362/2362
f 2281/2281/2281 2363/2363/2363 2282/2282/2282
f 2281/2281/2281 2362/2362/2362 2363/2363/2363
f 2282/2282/2282 2364/2364/2364 2283/2283/2283
f 2282/2282/2282 2363/2363/2363 2364/2364/2364
f 2283/2283/2283 2365/2365/2365 2284/2284/2284
f 2283/2283/2283 2364/2364/2364 2365/2365/2365
f 2284/2284/2284 2366/2366/2366 2285/2285/2285
f 2284/2284/2284 2365/2365/2365 2366/2366/2366
f 2285/2285/2285 2367/2367/2367 2286/2286/2286
f 2285/2285/2285 2366/2366/2366 2367/2367/2367
f 2286/2286/2286 2368/2368/2368 2287/2287/2287
f 2286/2286/2286 2367/2367/2367 2368/2368/2368
f 2287/2287/2287 2369/2369/2369 2288/2288/2288
f 2287/2287/2287 2368/2368/2368 2369/2369/2369
f 2288/2288/2288 2370/2370/2370 2289/2289/2289
f 2288/2288/2288 2369/2369/2369 2370/2370/2370
f 2289/2289/2289 2371/2371/2371 2290/2290/2290
f 2289/2289/2289 2370/2370/2370 2371/2371/2371
f 2290/2290/2290 2372/2372/2372 2291/2291/2291
f 2290/2290/2290 2371/2371/2371 2372/2372/2372
f 2291/2291/2291 2373/2373/2373 2292/2292/2292
f 2291/2291/2291 2372/2372/2372 2373/2373/2373
f 2292/2292/2292 2374/2374/2374 2293/2293/2293
f 2292/2292/2292 2373/2373/2373 2374/2374/2374
f 2293/2293/2293 2375/2375/2375 2294/2294/2294
f 2293/2293/2293 2374/2374/2374 2375/2375/2375
f 2294/2294/2294 2376/2376/2376 2295/2295/2295
f 2294/2294/2294 2375/2375/2375 2376/2376/2376
f 2295/2295/2295 2377/2377/2377 2296/2296/2296
f 2295/2295/2295 2376/2376/2376 2377/2377/2377
f 2296/2296/2296 2378/2378/2378 2297/2297/2297
f 2296/2296/2296 2377/2377/2377 2378/2378/2378
f 2297/2297/2297 2379/2379/2379 2298/2298/2298
f 2297/2297/2297 2378/2378/2378 2379/2379/2379
f 2298/2298/2298 2380/2380/2380 2299/2299/2299
f 2298/2298/2298 2379/2379/2379 2380/2380/2380
f 2299/2299/2299 2381/2381/2381 2300/2300/2300
f 2299/2299/2299 2380/2380/2380 2381/2381/2381
f 2300/2300/2300 2382/2382/2382 2301/2301/2301
f 2300/2300/2300 2381/2381/2381 2382/2382/2382
f 2301/2301/2301 2383/2383/2383 2302/2302/2302
f 2301/2301/2301 2382/2382/2382 2383/2383/2383
f 2302/2302/2302 2384/2384/2384 2303/2303/2303
f 2302/2302/2302 2383/2383/2383 2384/2384/2384
f 2303/2303/2303 2385/2385/2385 2304/2304/2304
f 2303/2303/2303 2384/2384/2384 2385/2385/2385
f 2304/2304/2304 2386/2386/2386 2305/2305/2305
f 2304/2304/2304 2385/2385/2385 2386/2386/2386
f 2305/2305/2305 2387/2387/2387 2306/2306/2306
f 2305/2305/2305 2386/2386/2386 2387/2387/2387
f 2306/2306/2306 2388/2388/2388 2307/2307/2307
f 2306/2306/2306 2387/2387/2387 2388/2388/2388
f 2307/2307/2307 2389/2389/2389 2308/2308/2308
f 2307/2307/2307 2388/2388/2388 2389/2389/2389
f 2308/2308/2308 2390/2390/2390 2309/2309/2309
f 2308/2308/2308 2389/2389/2389 2390/2390/2390
f 2309/2309/2309 2391/2391/2391 2310/2310/2310
f 2309/2309/2309 2390/2390/2390 2391/2391/2391
f 2310/2310/2310 2392/2392/2392 2311/2311/2311
f 2310/2310/2310 2391/2391/2391 2392/2392/2392
f 2311/2311/2311 2393/2393/2393 2312/2312/2312
f 2311/2311/2311 2392/2392/2392 2393/2393/2393
f 2312/2312/2312 2394/2394/2394 2313/2313/2313
f 2312/2312/2312 2393/2393/2393 2394/2394/2394
f 2313/2313/2313 2395/2395/2395 2314/2314/2314
f 2313/2313/2313 2394/2394/2394 2395/2395/2395
f 2314/2314/2314 2396/2396/2396 2315/2315/2315
f 2314/2314/2314 2395/2395/2395 2396/2396/2396
f 2315/2315/2315 2397/2397/2397 2316/2316/2316
f 2315/2315/2315 2396/2396/2396 2397/2397/2397
f 2316/2316/2316 2398/2398/2398 2317/2317/2317
f 2316/2316/2316 2397/2397/2397 2398/2398/2398
f 2317/2317/2317 2399/2399/2399 2318/2318/2318
f 2317/2317/2317 2398/2398/2398 2399/2399/2399
f 2318/2318/2318 2400/2400/2400 2319/2319/2319
f 2318/2318/2318 2399/2399/2399 2400/2400/2400
f 2319/2319/2319 2401/2401/2401 2320/2320/2320
f 2319/2319/2319 2400/2400/2400 2401/2401/2401
f 2320/2320/2320 2402/2402/2402 2321/2321/2321
f 2320/2320/2320 2401/2401/2401 2402/2402/2402
f 2321/2321/2321 2403/2403/2403 2322/2322/2322
f 2321/2321/2321 2402/2402/2402 2403/2403/2403
f 2322/2322/2322 2404/2404/2404 2323/2323/2323
f 2322/2322/2322 2403/2403/2403 2404/2404/2404
f 2323/2323/2323 2405/2405/2405 2324/2324/2324
f 2323/2323/2323 2404/2404/2404 2405/2405/2405
f 2324/2324/2324 2406/2406/2406 2325/2325/2325
f 2324/2324/2324 2405/2405/2405 2406/2406/2406
f 2325/2325/2325 2407/2407/2407 2326/2326/2326
f 2325/2325/2325 2406/2406/2406 2407/2407/2407
f 2326/2326/2326 2408/2408/2408 2327/2327/2327
f 2326/2326/2326 2407/2407/2407 2408/2408/2408
f 2327/2327/2327 2409/2409/2409 2328/2328/2328
f 2327/2327/2327 2408/2408/2408 2409/2409/2409
f 2328/2328/2328 2410/2410/2410 2329/2329/2329
f 2328/2328/2328 2409/2409/2409 2410/2410/2410
f 2329/2329/2329 2411/2411/2411 2330/2330/2330
f 2329/2329/2329 2410/2410/2410 2411/2411/2411
f 2330/2330/2330 2412/2412/2412 2331/2331/2331
f 2330/2330/2330 2411/2411/2411 2412/2412/2412
f 2331/2331/2331 2413/2413/2413 2332/2332/2332
f 2331/2331/2331 2412/2412/2412 2413/2413/2413
f 2332/2332/2332 2414/2414/2414 2333/2333/2333
f 2332/2332/2332 2413/2413/2413 2414/2414/2414
f 2333/2333/2333 2415/2415/2415 2334/2334/2334
f 2333/2333/2333 2414/2414/2414 2415/2415/2415
f 2334/2334/2334 2416/2416/2416 2335/2335/2335
f 2334/2334/2334 2415/2415/2415 2416/2416/2416
f 2335/2335/2335 2417/2417/2417 2336/2336/2336
f 2335/2335/2335 2416/2416/2416 2417/2417/2417
f 2336/2336/2336 2418/2418/2418 2337/2337/2337
f 2336/2336/2336 2417/2417/2417 2418/2418/2418
f 2337/2337/2337 2419/2419/2419 2338/2338/2338
f 2337/2337/2337 2418/2418/2418 2419/2419/2419
f 2338/2338/2338 2420/2420/2420 2339/2339/2339
f 2338/2338/2338 2419/2419/2419 2420/2420/2420
f 2339/2339/2339 2421/2421/2421 2340/2340/2340
f 2339/2339/2339 2420/2420/2420 2421/2421/2421
f 2340/2340/2340 2422/2422/2422 2341/2341/2341
f 2340/2340/2340 2421/2421/2421 2422/2422/2422
f 2341/2341/2341 2423/2423/2423 2342/2342/2342
f 2341/2341/2341 2422/2422/2422 2423/2423/2423
f 2342/2342/2342 2424/2424/2424 2343/2343/2343
f 2342/2342/2342 2423/2423/2423 2424/2424/2424
f 2343/2343/2343 2425/2425/2425 2344/2344/2344
f 2343/2343/2343 2424/2424/2424 2425/2425/2425
f 2344/2344/2344 2426/2426/2426 2345/2345/2345
f 2344/2344/2344 2425/2425/2425 2426/2426/2426
f 2345/2345/2345 2427/2427/2427 2346/2346/2346
f 2345/2345/2345 2426/2426/2426 2427/2427/2427
f 2346/2346/2346 2428/2428/2428 2347/2347/2347
f 2346/2346/2346 2427/2427/2427 2428/2428/2428
f 2347/2347/2347 2429/2429/2429 2348/2348/2348
f 2347/2347/2347 2428/2428/2428 2429/2429/2429
f 2348/2348/2348 2430/2430/2430 2349/2349/2349
f 2348/2348/2348 2429/2429/2429 2430/2430/2430
f 2431/2431/2431 2432/2432/2432 2445/2445/2445
f 2431/2431/2431 2445/2445/2445 2444/2444/2444
f 2432/2432/2432 2433/2433/2433 2446/2446/2446
f 2432/2432/2432 2446/2446/2446 2445/2445/2445
f 2433/2433/2433 2434/2434/2434 2447/2447/2447
f 2433/2433/2433 2447/2447/2447 2446/2446/2446
f 2434/2434/2434 2435/2435/2435 2448/2448/2448
f 2434/2434/2434 2448/2448/2448 2447/2447/2447
f 2435/2435/2435 2436/2436/2436 2449/2449/2449
f 2435/2435/2435 2449/2449/2449 2448/2448/2448
f 2436/2436/2436 2437/2437/2437 2450/2450/2450
f 2436/2436/2436 2450/2450/2450 2449/2449/2449
f 2437/2437/2437 2438/2438/2438 2451/2451/2451
f 2437/2437/2437 2451/2451/2451 2450/2450/2450
f 2438/2438/2438 2439/2439/2439 2452/2452/2452
f 2438/2438/2438 2452/2452/2452 2451/2451/2451
f 2439/2439/2439 2440/2440/2440 2453/2453/2453
f 2439/2439/2439 2453/2453/2453 2452/2452/2452
f 2440/2440/2440 2441/2441/2441 2454/2454/2454
f 2440/2440/2440 2454/2454/2454 2453/2453/2453
f 2441/2441/2441 2442/2442/2442 2455/2455/2455
f 2441/2441/2441 2455/2455/2455 2454/2454/2454
f 2442/2442/2442 2443/2443/2443 2456/2456/2456
f 2442/2442/2442 2456/2456/2456 2455/2455/2455
f 2444/2444/2444 2445/2445/2445 2458/2458/2458
f 2444/2444/2444 2458/2458/2458 2457/2457/2457
f 2445/2445/2445 2446/2446/2446 2459/2459/2459
f 2445/2445/2445 2459/2459/2459 2458/2458/2458
f 2446/2446/2446 2447/2447/2447 2460/2460/2460
f 2446/2446/2446 2460/2460/2460 2459/2459/2459
f 2447/2447/2447 2448/2448/2448 2461/2461/2461
f 2447/2447/2447 2461/2461/2461 2460/2460/2460
f 2448/2448/2448 2449/2449/2449 2462/2462/2462
f 2448/2448/2448 2462/2462/2462 2461/2461/2461
f 2449/2449/2449 2450/2450/2450 2463/2463/2463
f 2449/2449/2449 2463/2463/2463 2462/2462/2462
f 2450/2450/2450 2451/2451/2451 2464/2464/2464
f 2450/2450/2450 2464/2464/2464 2463/2463/2463
f 2451/2451/2451 2452/2452/2452 2465/2465/2465
f 2451/2451/2451 2465/2465/2465 2464/2464/2464
f 2452/2452/2452 2453/2453/2453 2466/2466/2466
f 2452/2452/2452 2466/2466/2466 2465/2465/2465
f 2453/2453/2453 2454/2454/2454 2467/2467/2467
f 2453/2453/2453 2467/2467/2467 2466/2466/2466
f 2454/2454/2454 2455/2455/2455 2468/2468/2468
f 2454/2454/2454 2468/2468/2468 2467/2467/2467
f 2455/2455/2455 2456/2456/2456 2469/2469/2469
f 2455/2455/2455 2469/2469/2469 2468/2468/2468
f 2457/2457/2457 2458/2458/2458 2471/2471/2471
f 2457/2457/2457 2471/2471/2471 2470/2470/2470
f 2458/2458/2458 2459/2459/2459 2472/2472/2472
f 2458/2458/2458 2472/2472/2472 2471/2471/2471
f 2459/2459/2459 2460/2460/2460 2473/2473/2473
f 2459/2459/2459 2473/2473/2473 2472/2472/2472
f 2460/2460/2460 2461/2461/2461 2474/2474/2474
f 2460/2460/2460 2474/2474/2474 2473/2473/2473
f 2461/2461/2461 2462/2462/2462 2475/2475/2475
f 2461/2461/2461 2475/2475/2475 2474/2474/2474
f 2462/2462/2462 2463/2463/2463 2476/2476/2476
f 2462/2462/2462 2476/2476/2476 2475/2475/2475
f 2463/2463/2463 2464/2464/2464 2477/2477/2477
f 2463/2463/2463 2477/2477/2477 2476/2476/2476
f 2464/2464/2464 2465/2465/2465 2478/2478/2478
f 2464/2464/2464 2478/2478/2478 2477/2477/2477
f 2465/2465/2465 2466/2466/2466 2479/2479/2479
f 2465/2465/2465 2479/2479/2479 2478/2478/2478
f 2466/2466/2466 2467/2467/2467 2480/2480/2480
f 2466/2466/2466 2480/2480/2480 2479/2479/2479
f 2467/2467/2467 2468/2468/2468 2481/2481/2481
f 2467/2467/2467 2481/2481/2481 2480/2480/2480
f 2468/2468/2468 2469/2469/2469 2482/2482/2482
f 2468/2468/2468 2482/2482/2482 2481/2481/2481
f 2470/2470/2470 2471/2471/2471 2484/2484/2484
f 2470/2470/2470 2484/2484/2484 2483/2483/2483
f 2471/2471/2471 2472/2472/2472 2485/2485/2485
f 2471/2471/2471 2485/2485/2485 2484/2484/2484
f 2472/2472/2472 2473/2473/2473 2486/2486/2486
f 2472/2472/2472 2486/2486/2486 2485/2485/2485
f 2473/2473/2473 2474/2474/2474 2487/2487/2487
f 2473/2473/2473 2487/2487/2487 2486/2486/2486
f 2474/2474/2474 2475/2475/2475 2488/2488/2488
f 2474/2474/2474 2488/2488/2488 2487/2487/2487
f 2475/2475/2475 2476/2476/2476 2489/2489/2489
f 2475/2475/2475 2489/2489/2489 2488/2488/2488
f 2476/2476/2476 2477/2477/2477 2490/2490/2490
f 2476/2476/2476 2490/2490/2490 2489/2489/2489
f 2477/2477/2477 2478/2478/2478 2491/2491/2491
f 2477/2477/2477 2491/2491/2491 2490/2490/2490
f 2478/2478/2478 2479/2479/2479 2492/2492/2492
f 2478/2478/2478 2492/2492/2492 2491/2491/2491
f 2479/2479/2479 2480/2480/2480 2493/2493/2493
f 2479/2479/2479 2493/2493/2493 2492/2492/2492
f 2480/2480/2480 2481/2481/2481 2494/2494/2494
f 2480/2480/2480 2494/2494/2494 2493/2493/2493
f 2481/2481/2481 2482/2482/2482 2495/2495/2495
f 2481/2481/2481 2495/2495/2495 2494/2494/2494
f 2483/2483/2483 2484/2484/2484 2497/2497/2497
f 2483/2483/2483 2497/2497/2497 2496/2496/2496
f 2484/2484/2484 2485/2485/2485 2498/2498/2498
f 2484/2484/2484 2498/2498/2498 2497/2497/2497
f 2485/2485/2485 2486/2486/2486 2499/2499/2499
f 2485/2485/2485 2499/2499/2499 2498/2498/2498
f 2486/2486/2486 2487/2487/2487 2500/2500/2500
f 2486/2486/2486 2500/2500/2500 2499/2499/2499
f 2487/2487/2487 2488/2488/2488 2501/2501/2501
f 2487/2487/2487 2501/2501/2501 2500/2500/2500
f 2488/2488/2488 2489/2489/2489 2502/2502/2502
f 2488/2488/2488 2502/2502/2502 2501/2501/2501
f 2489/2489/2489 2490/2490/2490 2503/2503/2503
f 2489/2489/2489 2503/2503/2503 2502/2502/2502
f 2490/2490/2490 2491/2491/2491 2504/2504/2504
f 2490/2490/2490 2504/2504/2504 2503/2503/2503
f 2491/2491/2491 2492/2492/2492 2505/2505/2505
f 2491/2491/2491 2505/2505/2505 2504/2504/2504
f 2492/2492/2492 2493/2493/2493 2506/2506/2506
f 2492/2492/2492 2506/2506/2506 2505/2505/2505
f 2493/2493/2493 2494/2494/2494 2507/2507/2507
f 2493/2493/2493 2507/2507/2507 2506/2506/2506
f 2494/2494/2494 2495/2495/2495 2508/2508/2508
f 2494/2494/2494 2508/2508/2508 2507/2507/2507
f 2496/2496/2496 2497/2497/2497 2510/2510/2510
f 2496/2496/2496 2510/2510/2510 2509/2509/2509
f 2497/2497/2497 2498/2498/2498 2511/2511/2511
f 2497/2497/2497 2511/2511/2511 2510/2510/2510
f 2498/2498/2498 2499/2499/2499 2512/2512/2512
f 2498/2498/2498 2512/2512/2512 2511/2511/2511
f 2499/2499/2499 2500/2500/2500 2513/2513/2513
f 2499/2499/2499 2513/2513/2513 2512/2512/2512
f 2500/2500/2500 2501/2501/2501 2514/2514/2514
f 2500/2500/2500 2514/2514/2514 2513/2513/2513
f 2501/2501/2501 2502/2502/2502 2515/2515/2515
f 2501/2501/2501 2515/2515/2515 2514/2514/2514
f 2502/2502/2502 2503/2503/2503 2516/2516/2516
f 2502/2502/2502 2516/2516/2516 2515/2515/2515
f 2503/2503/2503 2504/2504/2504 2517/2517/2517
f 2503/2503/2503 2517/2517/2517 2516/2516/2516
f 2504/2504/2504 2505/2505/2505 2518/2518/2518
f 2504/2504/2504 2518/2518/2518 2517/2517/2517
f 2505/2505/2505 2506/2506/2506 2519/2519/2519
f 2505/2505/2505 2519/2519/2519 2518/2518/2518
f 2506/2506/2506 2507/2507/2507 2520/2520/2520
f 2506/2506/2506 2520/2520/2520 2519/2519/2519
f 2507/2507/2507 2508/2508/2508 2521/2521/2521
f 2507/2507/2507 2521/2521/2521 2520/2520/2520
f 2509/2509/2509 2510/2510/2510 2523/2523/2523
f 2509/2509/2509 2523/2523/2523 2522/2522/2522
f 2510/2510/2510 2511/2511/2511 2524/2524/2524
f 2510/2510/2510 2524/2524/2524 2523/2523/2523
f 2511/2511/2511 2512/2512/2512 2525/2525/2525
f 2511/2511/2511 2525/2525/2525 2524/2524/2524
f 2512/2512/2512 2513/2513/2513 2526/2526/2526
f 2512/2512/2512 2526/2526/2526 2525/2525/2525
f 2513/2513/2513 2514/2514/2514 2527/2527/2527
f 2513/2513/2513 2527/2527/2527 2526/2526/2526
f 2514/2514/2514 2515/2515/2515 2528/2528/2528
f 2514/2514/2514 2528/2528/2528 2527/2527/2527
f 2515/2515/2515 2516/2516/2516 2529/2529/2529
f 2515/2515/2515 2529/2529/2529 2528/2528/2528
f 2516/2516/2516 2517/2517/2517 2530/2530/2530
f 2516/2516/2516 2530/2530/2530 2529/2529/2529
f 2517/2517/2517 2518/2518/2518 2531/2531/2531
f 2517/2517/2517 2531/2531/2531 2530/2530/2530
f 2518/2518/2518 2519/2519/2519 2532/2532/2532
f 2518/2518/2518 2532/2532/2532 2531/2531/2531
f 2519/2519/2519 2520/2520/2520 2533/2533/2533
f 2519/2519/2519 2533/2533/2533 2532/2532/2532
f 2520/2520/2520 2521/2521/2521 2534/2534/2534
f 2520/2520/2520 2534/2534/2534 2533/2533/2533
f 2522/2522/2522 2523/2523/2523 2536/2536/2536
f 2522/2522/2522 2536/2536/2536 2535/2535/2535
f 2523/2523/2523 2524/2524/2524 2537/2537/2537
f 2523/2523/2523 2537/2537/2537 2536/2536/2536
f 2524/2524/2524 2525/2525/2525 2538/2538/2538
f 2524/2524/2524 2538/2538/2538 2537/2537/2537
f 2525/2525/2525 2526/2526/2526 2539/2539/2539
f 2525/2525/2525 2539/2539/2539 2538/2538/2538
f 2526/2526/2526 2527/2527/2527 2540/2540/2540
f 2526/2526/2526 2540/2540/2540 2539/2539/2539
f 2527/2527/2527 2528/2528/2528 2541/2541/2541
f 2527/2527/2527 2541/2541/2541 2540/2540/2540
f 2528/2528/2528 2529/2529/2529 2542/2542/2542
f 2528/2528/2528 2542/2542/2542 2541/2541/2541
f 2529/2529/2529 2530/2530/2530 2543/2543/2543
f 2529/2529/2529 2543/2543/2543 2542/2542/2542
f 2530/2530/2530 2531/2531/2531 2544/2544/2544
f 2530/2530/2530 2544/2544/2544 2543/2543/2543
f 2531/2531/2531 2532/2532/2532 2545/2545/2545
f 2531/2531/2531 2545/2545/2545 2544/2544/2544
f 2532/2532/2532 2533/2533/2533 2546/2546/2546
f 2532/2532/2532 2546/2546/2546 2545/2545/2545
f 2533/2533/2533 2534/2534/2534 2547/2547/2547
f 2533/2533/2533 2547/2547/2547 2546/2546/2546
f 2535/2535/2535 2536/2536/2536 2549/2549/2549
f 2535/2535/2535 2549/2549/2549 2548/2548/2548
f 2536/2536/2536 2537/2537/2537 2550/2550/2550
f 2536/2536/2536 2550/2550/2550 2549/2549/2549
f 2537/2537/2537 2538/2538/2538 2551/2551/2551
f 2537/2537/2537 2551/2551/2551 2550/2550/2550
f 2538/2538/2538 2539/2539/2539 2552/2552/2552
f 2538/2538/2538 2552/2552/2552 2551/2551/2551
f 2539/2539/2539 2540/2540/2540 2553/2553/2553
f 2539/2539/2539 2553/2553/2553 2552/2552/2552
f 2540/2540/2540 2541/2541/2541 2554/2554/2554
f 2540/2540/2540 2554/2554/2554 2553/2553/2553
f 2541/2541/2541 2542/2542/2542 2555/2555/2555
f 2541/2541/2541 2555/2555/2555 2554/2554/2554
f 2542/2542/2542 2543/2543/2543 2556/2556/2556
f 2542/2542/2542 2556/2556/2556 2555/2555/2555
f 2543/2543/2543 2544/2544/2544 2557/2557/2557
f 2543/2543/2543 2557/2557/2557 2556/2556/2556
f 2544/2544/2544 2545/2545/2545 2558/2558/2558
f 2544/2544/2544 2558/2558/2558 2557/2557/2557
f 2545/2545/2545 2546/2546/2546 2559/2559/2559
f 2545/2545/2545 2559/2559/2559 2558/2558/2558
f 2546/2546/2546 2547/2547/2547 2560/2560/2560
f 2546/2546/2546 2560/2560/2560 2559/2559/2559
f 2548/2548/2548 2549/2549/2549 2562/2562/2562
f 2548/2548/2548 2562/2562/2562 2561/2561/2561
f 2549/2549/2549 2550/2550/2550 2563/2563/2563
f 2549/2549/2549 2563/2563/2563 2562/2562/2562
f 2550/2550/2550 2551/2551/2551 2564/2564/2564
f 2550/2550/2550 2564/2564/2564 2563/2563/2563
f 2551/2551/2551 2552/2552/2552 2565/2565/2565
f 2551/2551/2551 2565/2565/2565 2564/2564/2564
f 2552/2552/2552 2553/2553/2553 2566/2566/2566
f 2552/2552/2552 2566/2566/2566 2565/2565/2565
f 2553/2553/2553 2554/2554/2554 2567/2567/2567
f 2553/2553/2553 2567/2567/2567 2566/2566/2566
f 2554/2554/2554 2555/2555/2555 2568/2568/2568
f 2554/2554/2554 2568/2568/2568 2567/2567/2567
f 2555/2555/2555 2556/2556/2556 2569/2569/2569
f 2555/2555/2555 2569/2569/2569 2568/2568/2568
f 2556/2556/2556 2557/2557/2557 2570/2570/2570
f 2556/2556/2556 2570/2570/2570 2569/2569/2569
f 2557/2557/2557 2558/2558/2558 2571/2571/2571
f 2557/2557/2557 2571/2571/2571 2570/2570/2570
f 2558/2558/2558 2559/2559/2559 2572/2572/2572
f 2558/2558/2558 2572/2572/2572 2571/2571/2571
f 2559/2559/2559 2560/2560/2560 2573/2573/2573
f 2559/2559/2559 2573/2573/2573 2572/2572/2572
f 2561/2561/2561 2562/2562/2562 2575/2575/2575
f 2561/2561/2561 2575/2575/2575 2574/2574/2574
f 2562/2562/2562 2563/2563/2563 2576/2576/2576
f 2562/2562/2562 2576/2576/2576 2575/2575/2575
f 2563/2563/2563 2564/2564/2564 2577/2577/2577
f 2563/2563/2563 2577/2577/2577 2576/2576/2576
f 2564/2564/2564 2565/2565/2565 2578/2578/2578
f 2564/2564/2564 2578/2578/2578 2577/2577/2577
f 2565/2565/2565 2566/2566/2566 2579/2579/2579
f 2565/2565/2565 2579/2579/2579 2578/2578/2578
f 2566/2566/2566 2567/2567/2567 2580/2580/2580
f 2566/2566/2566 2580/2580/2580 2579/2579/2579
f 2567/2567/2567 2568/2568/2568 2581/2581/2581
f 2567/2567/2567 2581/2581/2581 2580/2580/2580
f 2568/2568/2568 2569/2569/2569 2582/2582/2582
f 2568/2568/2568 2582/2582/2582 2581/2581/2581
f 2569/2569/2569 2570/2570/2570 2583/2583/2583
f 2569/2569/2569 2583/2583/2583 2582/2582/2582
f 2570/2570/2570 2571/2571/2571 2584/2584/2584
f 2570/2570/2570 2584/2584/2584 2583/2583/2583
f 2571/2571/2571 2572/2572/2572 2585/2585/2585
f 2571/2571/2571 2585/2585/2585 2584/2584/2584
f 2572/2572/2572 2573/2573/2573 2586/2586/2586
f 2572/2572/2572 2586/2586/2586 2585/2585/2585
f 2574/2574/2574 2575/2575/2575 2588/2588/2588
f 2574/2574/2574 2588/2588/2588 2587/2587/2587
f 2575/2575/2575 2576/2576/2576 2589/2589/2589
f 2575/2575/2575 2589/2589/2589 2588/2588/2588
f 2576/2576/2576 2577/2577/2577 2590/2590/2590
f 2576/2576/2576 2590/2590/2590 2589/2589/2589
f 2577/2577/2577 2578/2578/2578 2591/2591/2591
f 2577/2577/2577 2591/2591/2591 2590/2590/2590
f 2578/2578/2578 2579/2579/2579 2592/2592/2592
f 2578/2578/2578 2592/2592/2592 2591/2591/2591
f 2579/2579/2579 2580/2580/2580 2593/2593/2593
f 2579/2579/2579 2593/2593/2593 2592/2592/2592
f 2580/2580/2580 2581/2581/2581 2594/2594/2594
f 2580/2580/2580 2594/2594/2594 2593/2593/2593
f 2581/2581/2581 2582/2582/2582 2595/2595/2595
f 2581/2581/2581 2595/2595/2595 2594/2594/2594
f 2582/2582/2582 2583/2583/2583 2596/2596/2596
f 2582/2582/2582 2596/2596/2596 2595/2595/2595
f 2583/2583/2583 2584/2584/2584 2597/2597/2597
f 2583/2583/2583 2597/2597/2597 2596/2596/2596
f 2584/2584/2584 2585/2585/2585 2598/2598/2598
f 2584/2584/2584 2598/2598/2598 2597/2597/2597
f 2585/2585/2585 2586/2586/2586 2599/2599/2599
f 2585/2585/2585 2599/2599/2599 2598/2598/2598
f 2587/2587/2587 2588/2588/2588 2601/2601/2601
f 2587/2587/2587 2601/2601/2601 2600/2600/2600
f 2588/2588/2588 2589/2589/2589 2602/2602/2602
f 2588/2588/2588 2602/2602/2602 2601/2601/2601
f 2589/2589/2589 2590/2590/2590 2603/2603/2603
f 2589/2589/2589 2603/2603/2603 2602/2602/2602
f 2590/2590/2590 2591/2591/2591 2604/2604/2604
f 2590/2590/2590 2604/2604/2604 2603/2603/2603
f 2591/2591/2591 2592/2592/2592 2605/2605/2605
f 2591/2591/2591 2605/2605/2605 2604/2604/2604
f 2592/2592/2592 2593/2593/2593 2606/2606/2606
f 2592/2592/2592 2606/2606/2606 2605/2605/2605
f 2593/2593/2593 2594/2594/2594 2607/2607/2607
f 2593/2593/2593 2607/2607/2607 2606/2606/2606
f 2594/2594/2594 2595/2595/2595 2608/2608/2608
f 2594/2594/2594 2608/2608/2608 2607/2607/2607
f 2595/2595/2595 2596/2596/2596 2609/2609/2609
f 2595/2595/2595 2609/2609/2609 2608/2608/2608
f 2596/2596/2596 2597/2597/2597 2610/2610/2610
f 2596/2596/2596 2610/2610/2610 2609/2609/2609
f 2597/2597/2597 2598/2598/2598 2611/2611/2611
f 2597/2597/2597 2611/2611/2611 2610/2610/2610
f 2598/2598/2598 2599/2599/2599 2612/2612/2612
f 2598/2598/2598 2612/2612/2612 2611/2611/2611
f 2600/2600/2600 2601/2601/2601 2614/2614/2614
f 2600/2600/2600 2614/2614/2614 2613/2613/2613
f 2601/2601/2601 2602/2602/2602 2615/2615/2615
f 2601/2601/2601 2615/2615/2615 2614/2614/2614
f 2602/2602/2602 2603/2603/2603 2616/2616/2616
f 2602/2602/2602 2616/2616/2616 2615/2615/2615
f 2603/2603/2603 2604/2604/2604 2617/2617/2617
f 2603/2603/2603 2617/2617/2617 2616/2616/2616
f 2604/2604/2604 2605/2605/2605 2618/2618/2618
f 2604/2604/2604 2618/2618/2618 2617/2617/2617
f 2605/2605/2605 2606/2606/2606 2619/2619/2619
f 2605/2605/2605 2619/2619/2619 2618/2618/2618
f 2606/2606/2606 2607/2607/2607 2620/2620/2620
f 2606/2606/2606 2620/2620/2620 2619/2619/2619
f 2607/2607/2607 2608/2608/2608 2621/2621/2621
f 2607/2607/2607 2621/2621/2621 2620/2620/2620
f 2608/2608/2608 2609/2609/2609 2622/2622/2622
f 2608/2608/2608 2622/2622/2622 2621/2621/2621
f 2609/2609/2609 2610/2610/2610 2623/2623/2623
f 2609/2609/2609 2623/2623/2623 2622/2622/2622
f 2610/2610/2610 2611/2611/2611 2624/2624/2624
f 2610/2610/2610 2624/2624/2624 2623/2623/2623
f 2611/2611/2611 2612/2612/2612 2625/2625/2625
f 2611/2611/2611 2625/2625/2625 2624/2624/2624
f 2613/2613/2613 2614/2614/2614 2627/2627/2627
f 2613/2613/2613 2627/2627/2627 2626/2626/2626
f 2614/2614/2614 2615/2615/2615 2628/2628/2628
f 2614/2614/2614 2628/2628/2628 2627/2627/2627
f 2615/2615/2615 2616/2616/2616 2629/2629/2629
f 2615/2615/2615 2629/2629/2629 2628/2628/2628
f 2616/2616/2616 2617/2617/2617 2630/2630/2630
f 2616/2616/2616 2630/2630/2630 2629/2629/2629
f 2617/2617/2617 2618/2618/2618 2631/2631/2631
f 2617/2617/2617 2631/2631/2631 2630/2630/2630
f 2618/2618/2618 2619/2619/2619 2632/2632/2632
f 2618/2618/2618 2632/2632/2632 2631/2631/2631
f 2619/2619/2619 2620/2620/2620 2633/2633/2633
f 2619/2619/2619 2633/2633/2633 2632/2632/2632
f 2620/2620/2620 2621/2621/2621 2634/2634/2634
f 2620/2620/2620 2634/2634/2634 2633/2633/2633
f 2621/2621/2621 2622/2622/2622 2635/2635/2635
f 2621/2621/2621 2635/2635/2635 2634/2634/2634
f 2622/2622/2622 2623/2623/2623 2636/2636/2636
f 2622/2622/2622 2636/2636/2636 2635/2635/2635
f 2623/2623/2623 2624/2624/2624 2637/2637/2637
f 2623/2623/2623 2637/2637/2637 2636/2636/2636
f 2624/2624/2624 2625/2625/2625 2638/2638/2638
f 2624/2624/2624 2638/2638/2638 2637/2637/2637
f 2626/2626/2626 2627/2627/2627 2640/2640/2640
f 2626/2626/2626 2640/2640/2640 2639/2639/2639
f 2627/2627/2627 2628/2628/2628 2641/2641/2641
f 2627/2627/2627 2641/2641/2641 2640/2640/2640
f 2628/2628/2628 2629/2629/2629 2642/2642/2642
f 2628/2628/2628 2642/2642/2642 2641/2641/2641
f 2629/2629/2629 2630/2630/2630 2643/2643/2643
f 2629/2629/2629 2643/2643/2643 2642/2642/2642
f 2630/2630/2630 2631/2631/2631 2644/2644/2644
f 2630/2630/2630 2644/2644/2644 2643/2643/2643
f 2631/2631/2631 2632/2632/2632 2645/2645/2645
f 2631/2631/2631 2645/2645/2645 2644/2644/2644
f 2632/2632/2632 2633/2633/2633 2646/2646/2646
f 2632/2632/2632 2646/2646/2646 2645/2645/2645
f 2633/2633/2633 2634/2634/2634 2647/2647/2647
f 2633/2633/2633 2647/2647/2647 2646/2646/2646
f 2634/2634/2634 2635/2635/2635 2648/2648/2648
f 2634/2634/2634 2648/2648/2648 2647/2647/2647
f 2635/2635/2635 2636/2636/2636 2649/2649/2649
f 2635/2635/2635 2649/2649/2649 2648/2648/2648
f 2636/2636/2636 2637/2637/2637 2650/2650/2650
f 2636/2636/2636 2650/2650/2650 2649/2649/2649
f 2637/2637/2637 2638/2638/2638 2651/2651/2651
f 2637/2637/2637 2651/2651/2651 2650/2650/2650
f 2639/2639/2639 2640/2640/2640 2653/2653/2653
f 2639/2639/2639 2653/2653/2653 2652/2652/2652
f 2640/2640/2640 2641/2641/2641 2654/2654/2654
f 2640/2640/2640 2654/2654/2654 2653/2653/2653
f 2641/2641/2641 2642/2642/2642 2655/2655/2655
f 2641/2641/2641 2655/2655/2655 2654/2654/2654
f 2642/2642/2642 2643/2643/2643 2656/2656/2656
f 2642/2642/2642 2656/2656/2656 2655/2655/2655
f 2643/2643/2643 2644/2644/2644 2657/2657/2657
f 2643/2643/2643 2657/2657/2657 2656/2656/2656
f 2644/2644/2644 2645/2645/2645 2658/2658/2658
f 2644/2644/2644 2658/2658/2658 2657/2657/2657
f 2645/2645/2645 2646/2646/2646 2659/2659/2659
f 2645/2645/2645 2659/2659/2659 2658/2658/2658
f 2646/2646/2646 2647/2647/2647 2660/2660/2660
f 2646/2646/2646 2660/2660/2660 2659/2659/2659
f 2647/2647/2647 2648/2648/2648 2661/2661/2661
f 2647/2647/2647 2661/2661/2661 2660/2660/2660
f 2648/2648/2648 2649/2649/2649 2662/2662/2662
f 2648/2648/2648 2662/2662/2662 2661/2661/2661
f 2649/2649/2649 2650/2650/2650 2663/2663/2663
f 2649/2649/2649 2663/2663/2663 2662/2662/2662
f 2650/2650/2650 2651/2651/2651 2664/2664/2664
f 2650/2650/2650 2664/2664/2664 2663/2663/2663
f 2652/2652/2652 2653/2653/2653 2666/2666/2666
f 2652/2652/2652 2666/2666/2666 2665/2665/2665
f 2653/2653/2653 2654/2654/2654 2667/2667/2667
f 2653/2653/2653 2667/2667/2667 2666/2666/2666
f 2654/2654/2654 2655/2655/2655 2668/2668/2668
f 2654/2654/2654 2668/2668/2668 2667/2667/2667
f 2655/2655/2655 2656/2656/2656 2669/2669/2669
f 2655/2655/2655 2669/2669/2669 2668/2668/2668
f 2656/2656/2656 2657/2657/2657 2670/2670/2670
f 2656/2656/2656 2670/2670/2670 2669/2669/2669
f 2657/2657/2657 2658/2658/2658 2671/2671/2671
f 2657/2657/2657 2671/2671/2671 2670/2670/2670
f 2658/2658/2658 2659/2659/2659 2672/2672/2672
f 2658/2658/2658 2672/2672/2672 2671/2671/2671
f 2659/2659/2659 2660/2660/2660 2673/2673/2673
f 2659/2659/2659 2673/2673/2673 2672/2672/2672
f 2660/2660/2660 2661/2661/2661 2674/2674/2674
f 2660/2660/2660 2674/2674/2674 2673/2673/2673
f 2661/2661/2661 2662/2662/2662 2675/2675/2675
f 2661/2661/2661 2675/2675/2675 2674/2674/2674
f 2662/2662/2662 2663/2663/2663 2676/2676/2676
f 2662/2662/2662 2676/2676/2676 2675/2675/2675
f 2663/2663/2663 2664/2664/2664 2677/2677/2677
f 2663/2663/2663 2677/2677/2677 2676/2676/2676
f 2665/2665/2665 2666/2666/2666 2679/2679/2679
f 2665/2665/2665 2679/2679/2679 2678/2678/2678
f 2666/2666/2666 2667/2667/2667 2680/2680/2680
f 2666/2666/2666 2680/2680/2680 2679/2679/2679
f 2667/2667/2667 2668/2668/2668 2681/2681/2681
f 2667/2667/2667 2681/2681/2681 2680/2680/2680
f 2668/2668/2668 2669/2669/2669 2682/2682/2682
f 2668/2668/2668 2682/2682/2682 2681/2681/2681
f 2669/2669/2669 2670/2670/2670 2683/2683/2683
f 2669/2669/2669 2683/2683/2683 2682/2682/2682
f 2670/2670/2670 2671/2671/2671 2684/2684/2684
f 2670/2670/2670 2684/2684/2684 2683/2683/2683
f 2671/2671/2671 2672/2672/2672 2685/2685/2685
f 2671/2671/2671 2685/2685/2685 2684/2684/2684
f 2672/2672/2672 2673/2673/2673 2686/2686/2686
f 2672/2672/2672 2686/2686/2686 2685/2685/2685
f 2673/2673/2673 2674/2674/2674 2687/2687/2687
f 2673/2673/2673 2687/2687/2687 2686/2686/2686
f 2674/2674/2674 2675/2675/2675 2688/2688/2688
f 2674/2674/2674 2688/2688/2688 2687/2687/2687
f 2675/2675/2675 2676/2676/2676 2689/2689/2689
f 2675/2675/2675 2689/2689/2689 2688/2688/2688
f 2676/2676/2676 2677/2677/2677 2690/2690/2690
f 2676/2676/2676 2690/2690/2690 2689/2689/2689
f 2678/2678/2678 2679/2679/2679 2692/2692/2692
f 2678/2678/2678 2692/2692/2692 2691/2691/2691
f 2679/2679/2679 2680/2680/2680 2693/2693/2693
f 2679/2679/2679 2693/2693/2693 2692/2692/2692
f 2680/2680/2680 2681/2681/2681 2694/2694/2694
f 2680/2680/2680 2694/2694/2694 2693/2693/2693
f 2681/2681/2681 2682/2682/2682 2695/2695/2695
f 2681/2681/2681 2695/2695/2695 2694/2694/2694
f 2682/2682/2682 2683/2683/2683 2696/2696/2696
f 2682/2682/2682 2696/2696/2696 2695/2695/2695
f 2683/2683/2683 2684/2684/2684 2697/2697/2697
f 2683/2683/2683 2697/2697/2697 2696/2696/2696
f 2684/2684/2684 2685/2685/2685 2698/2698/2698
f 2684/2684/2684 2698/2698/2698 2697/2697/2697
f 2685/2685/2685 2686/2686/2686 2699/2699/2699
f 2685/2685/2685 2699/2699/2699 2698/2698/2698
f 2686/2686/2686 2687/2687/2687 2700/2700/2700
f 2686/2686/2686 2700/2700/2700 2699/2699/2699
f 2687/2687/2687 2688/2688/2688 2701/2701/2701
f 2687/2687/2687 2701/2701/2701 2700/2700/2700
f 2688/2688/2688 2689/2689/2689 2702/2702/2702
f 2688/2688/2688 2702/2702/2702 2701/2701/2701
f 2689/2689/2689 2690/2690/2690 2703/2703/2703
f 2689/2689/2689 2703/2703/2703 2702/2702/2702
f 2691/2691/2691 2692/2692/2692 2705/2705/2705
f 2691/2691/2691 2705/2705/2705 2704/2704/2704
f 2692/2692/2692 2693/2693/2693 2706/2706/2706
f 2692/2692/2692 2706/2706/2706 2705/2705/2705
f 2693/2693/2693 2694/2694/2694 2707/2707/2707
f 2693/2693/2693 2707/2707/2707 2706/2706/2706
f 2694/2694/2694 2695/2695/2695 2708/2708/2708
f 2694/2694/2694 2708/2708/2708 2707/2707/2707
f 2695/2695/2695 2696/2696/2696 2709/2709/2709
f 2695/2695/2695 2709/2709/2709 2708/2708/2708
f 2696/2696/2696 2697/2697/2697 2710/2710/2710
f 2696/2696/2696 2710/2710/2710 2709/2709/2709
f 2697/2697/2697 2698/2698/2698 2711/2711/2711
f 2697/2697/2697 2711/2711/2711 2710/2710/2710
f 2698/2698/2698 2699/2699/2699 2712/2712/2712
f 2698/2698/2698 2712/2712/2712 2711/2711/2711
f 2699/2699/2699 2700/2700/2700 2713/2713/2713
f 2699/2699/2699 2713/2713/2713 2712/2712/2712
f 2700/2700/2700 2701/2701/2701 2714/2714/2714
f 2700/2700/2700 2714/2714/2714 2713/2713/2713
f 2701/2701/2701 2702/2702/2702 2715/2715/2715
f 2701/2701/2701 2715/2715/2715 2714/2714/2714
f 2702/2702/2702 2703/2703/2703 2716/2716/2716
f 2702/2702/2702 2716/2716/2716 2715/2715/2715
f 2704/2704/2704 2705/2705/2705 2718/2718/2718
f 2704/2704/2704 2718/2718/2718 2717/2717/2717
f 2705/2705/2705 2706/2706/2706 2719/2719/2719
f 2705/2705/2705 2719/2719/2719 2718/2718/2718
f 2706/2706/2706 2707/2707/2707 2720/2720/2720
f 2706/2706/2706 2720/2720/2720 2719/2719/2719
f 2707/2707/2707 2708/2708/2708 2721/2721/2721
f 2707/2707/2707 2721/2721/2721 2720/2720/2720
f 2708/2708/2708 2709/2709/2709 2722/2722/2722
f 2708/2708/2708 2722/2722/2722 2721/2721/2721
f 2709/2709/2709 2710/2710/2710 2723/2723/2723
f 2709/2709/2709 2723/2723/2723 2722/2722/2722
f 2710/2710/2710 2711/2711/2711 2724/2724/2724
f 2710/2710/2710 2724/2724/2724 2723/2723/2723
f 2711/2711/2711 2712/2712/2712 2725/2725/2725
f 2711/2711/2711 2725/2725/2725 2724/2724/2724
f 2712/2712/2712 2713/2713/2713 2726/2726/2726
f 2712/2712/2712 2726/2726/2726 2725/2725/2725
f 2713/2713/2713 2714/2714/2714 2727/2727/2727
f 2713/2713/2713 2727/2727/2727 2726/2726/2726
f 2714/2714/2714 2715/2715/2715 2728/2728/2728
f 2714/2714/2714 2728/2728/2728 2727/2727/2727
f 2715/2715/2715 2716/2716/2716 2729/2729/2729
f 2715/2715/2715 2729/2729/2729 2728/2728/2728
f 2717/2717/2717 2718/2718/2718 2731/2731/2731
f 2717/2717/2717 2731/2731/2731 2730/2730/2730
f 2718/2718/2718 2719/2719/2719 2732/2732/2732
f 2718/2718/2718 2732/2732/2732 2731/2731/2731
f 2719/2719/2719 2720/2720/2720 2733/2733/2733
f 2719/2719/2719 2733/2733/2733 2732/2732/2732
f 2720/2720/2720 2721/2721/2721 2734/2734/2734
f 2720/2720/2720 2734/2734/2734 2733/2733/2733
f 2721/2721/2721 2722/2722/2722 2735/2735/2735
f 2721/2721/2721 2735/2735/2735 2734/2734/2734
f 2722/2722/2722 2723/2723/2723 2736/2736/2736
f 2722/2722/2722 2736/2736/2736 2735/2735/2735
f 2723/2723/2723 2724/2724/2724 2737/2737/2737
f 2723/2723/2723 2737/2737/2737 2736/2736/2736
f 2724/2724/2724 2725/2725/2725 2738/2738/2738
f 2724/2724/2724 2738/2738/2738 2737/2737/2737
f 2725/2725/2725 2726/2726/2726 2739/2739/2739
f 2725/2725/2725 2739/2739/2739 2738/2738/2738
f 2726/2726/2726 2727/2727/2727 2740/2740/2740
f 2726/2726/2726 2740/2740/2740 2739/2739/2739
f 2727/2727/2727 2728/2728/2728 2741/2741/2741
f 2727/2727/2727 2741/2741/2741 2740/2740/2740
f 2728/2728/2728 2729/2729/2729 2742/2742/2742
f 2728/2728/2728 2742/2742/2742 2741/2741/2741
f 2730/2730/2730 2731/2731/2731 2744/2744/2744
f 2730/2730/2730 2744/2744/2744 2743/2743/2743
f 2731/2731/2731 2732/2732/2732 2745/2745/2745
f 2731/2731/2731 2745/2745/2745 2744/2744/2744
f 2732/2732/2732 2733/2733/2733 2746/2746/2746
f 2732/2732/2732 2746/2746/2746 2745/2745/2745
f 2733/2733/2733 2734/2734/2734 2747/2747/2747
f 2733/2733/2733 2747/2747/2747 2746/2746/2746
f 2734/2734/2734 2735/2735/2735 2748/2748/2748
f 2734/2734/2734 2748/2748/2748 2747/2747/2747
f 2735/2735/2735 2736/2736/2736 2749/2749/2749
f 2735/2735/2735 2749/2749/2749 2748/2748/2748
f 2736/2736/2736 2737/2737/2737 2750/2750/2750
f 2736/2736/2736 2750/2750/2750 2749/2749/2749
f 2737/2737/2737 2738/2738/2738 2751/2751/2751
f 2737/2737/2737 2751/2751/2751 2750/2750/2750
f 2738/2738/2738 2739/2739/2739 2752/2752/2752
f 2738/2738/2738 2752/2752/2752 2751/2751/2751
f 2739/2739/2739 2740/2740/2740 2753/2753/2753
f 2739/2739/2739 2753/2753/2753 2752/2752/2752
f 2740/2740/2740 2741/2741/2741 2754/2754/2754
f 2740/2740/2740 2754/2754/2754 2753/2753/2753
f 2741/2741/2741 2742/2742/2742 2755/2755/2755
f 2741/2741/2741 2755/2755/2755 2754/2754/2754
f 2743/2743/2743 2744/2744/2744 2757/2757/2757
f 2743/2743/2743 2757/2757/2757 2756/2756/2756
f 2744/2744/2744 2745/2745/2745 2758/2758/2758
f 2744/2744/2744 2758/2758/2758 2757/2757/2757
f 2745/2745/2745 2746/2746/2746 2759/2759/2759
f 2745/2745/2745 2759/2759/2759 2758/2758/2758
f 2746/2746/2746 2747/2747/2747 2760/2760/2760
f 2746/2746/2746 2760/2760/2760 2759/2759/2759
f 2747/2747/2747 2748/2748/2748 2761/2761/2761
f 2747/2747/2747 2761/2761/2761 2760/2760/2760
f 2748/2748/2748 2749/2749/2749 2762/2762/2762
f 2748/2748/2748 2762/2762/2762 2761/2761/2761
f 2749/2749/2749 2750/2750/2750 2763/2763/2763
f 2749/2749/2749 2763/2763/2763 2762/2762/2762
f 2750/2750/2750 2751/2751/2751 2764/2764/2764
f 2750/2750/2750 2764/2764/2764 2763/2763/2763
f 2751/2751/2751 2752/2752/2752 2765/2765/2765
f 2751/2751/2751 2765/2765/2765 2764/2764/2764
f 2752/2752/2752 2753/2753/2753 2766/2766/2766
f 2752/2752/2752 2766/2766/2766 2765/2765/2765
f 2753/2753/2753 2754/2754/2754 2767/2767/2767
f 2753/2753/2753 2767/2767/2767 2766/2766/2766
f 2754/2754/2754 2755/2755/2755 2768/2768/2768
f 2754/2754/2754 2768/2768/2768 2767/2767/2767
f 2756/2756/2756 2757/2757/2757 2770/2770/2770
f 2756/2756/2756 2770/2770/2770 2769/2769/2769
f 2757/2757/2757 2758/2758/2758 2771/2771/2771
f 2757/2757/2757 2771/2771/2771 2770/2770/2770
f 2758/2758/2758 2759/2759/2759 2772/2772/2772
f 2758/2758/2758 2772/2772/2772 2771/2771/2771
f 2759/2759/2759 2760/2760/2760 2773/2773/2773
f 2759/2759/2759 2773/2773/2773 2772/2772/2772
f 2760/2760/2760 2761/2761/2761 2774/2774/2774
f 2760/2760/2760 2774/2774/2774 2773/2773/2773
f 2761/2761/2761 2762/2762/2762 2775/2775/2775
f 2761/2761/2761 2775/2775/2775 2774/2774/2774
f 2762/2762/2762 2763/2763/2763 2776/2776/2776
f 2762/2762/2762 2776/2776/2776 2775/2775/2775
f 2763/2763/2763 2764/2764/2764 2777/2777/2777
f 2763/2763/2763 2777/2777/2777 2776/2776/2776
f 2764/2764/2764 2765/2765/2765 2778/2778/2778
f 2764/2764/2764 2778/2778/2778 2777/2777/2777
f 2765/2765/2765 2766/2766/2766 2779/2779/2779
f 2765/2765/2765 2779/2779/2779 2778/2778/2778
f 2766/2766/2766 2767/2767/2767 2780/2780/2780
f 2766/2766/2766 2780/2780/2780 2779/2779/2779
f 2767/2767/2767 2768/2768/2768 2781/2781/2781
f 2767/2767/2767 2781/2781/2781 2780/2780/2780
f 2769/2769/2769 2770/2770/2770 2783/2783/2783
f 2769/2769/2769 2783/2783/2783 2782/2782/2782
f 2770/2770/2770 2771/2771/2771 2784/2784/2784
f 2770/2770/2770 2784/2784/2784 2783/2783/2783
f 2771/2771/2771 2772/2772/2772 2785/2785/2785
f 2771/2771/2771 2785/2785/2785 2784/2784/2784
f 2772/2772/2772 2773/2773/2773 2786/2786/2786
f 2772/2772/2772 2786/2786/2786 2785/2785/2785
f 2773/2773/2773 2774/2774/2774 2787/2787/2787
f 2773/2773/2773 2787/2787/2787 2786/2786/2786
f 2774/2774/2774 2775/2775/2775 2788/2788/2788
f 2774/2774/2774 2788/2788/2788 2787/2787/2787
f 2775/2775/2775 2776/2776/2776 2789/2789/2789
f 2775/2775/2775 2789/2789/2789 2788/2788/2788
f 2776/2776/2776 2777/2777/2777 2790/2790/2790
f 2776/2776/2776 2790/2790/2790 2789/2789/2789
f 2777/2777/2777 2778/2778/2778 2791/2791/2791
f 2777/2777/2777 2791/2791/2791 2790/2790/2790
f 2778/2778/2778 2779/2779/2779 2792/2792/2792
f 2778/2778/2778 2792/2792/2792 2791/2791/2791
f 2779/2779/2779 2780/2780/2780 2793/2793/2793
f 2779/2779/2779 2793/2793/2793 2792/2792/2792
f 2780/2780/2780 2781/2781/2781 2794/2794/2794
f 2780/2780/2780 2794/2794/2794 2793/2793/2793
f 2782/2782/2782 2783/2783/2783 2796/2796/2796
f 2782/2782/2782 2796/2796/2796 2795/2795/2795
f 2783/2783/2783 2784/2784/2784 2797/2797/2797
f 2783/2783/2783 2797/2797/2797 2796/2796/2796
f 2784/2784/2784 2785/2785/2785 2798/2798/2798
f 2784/2784/2784 2798/2798/2798 2797/2797/2797
f 2785/2785/2785 2786/2786/2786 2799/2799/2799
f 2785/2785/2785 2799/2799/2799 2798/2798/2798
f 2786/2786/2786 2787/2787/2787 2800/2800/2800
f 2786/2786/2786 2800/2800/2800 2799/2799/2799
f 2787/2787/2787 2788/2788/2788 2801/2801/2801
f 2787/2787/2787 2801/2801/2801 2800/2800/2800
f 2788/2788/2788 2789/2789/2789 2802/2802/2802
f 2788/2788/2788 2802/2802/2802 2801/2801/2801
f 2789/2789/2789 2790/2790/2790 2803/2803/2803
f 2789/2789/2789 2803/2803/2803 2802/2802/2802
f 2790/2790/2790 2791/2791/2791 2804/2804/2804
f 2790/2790/2790 2804/2804/2804 2803/2803/2803
f 2791/2791/2791 2792/2792/2792 2805/2805/2805
f 2791/2791/2791 2805/2805/2805 2804/2804/2804
f 2792/2792/2792 2793/2793/2793 2806/2806/2806
f 2792/2792/2792 2806/2806/2806 2805/2805/2805
f 2793/2793/2793 2794/2794/2794 2807/2807/2807
f 2793/2793/2793 2807/2807/2807 2806/2806/2806
f 2795/2795/2795 2796/2796/2796 2809/2809/2809
f 2795/2795/2795 2809/2809/2809 2808/2808/2808
f 2796/2796/2796 2797/2797/2797 2810/2810/2810
f 2796/2796/2796 2810/2810/2810 2809/2809/2809
f 2797/2797/2797 2798/2798/2798 2811/2811/2811
f 2797/2797/2797 2811/2811/2811 2810/2810/2810
f 2798/2798/2798 2799/2799/2799 2812/2812/2812
f 2798/2798/2798 2812/2812/2812 2811/2811/2811
f 2799/2799/2799 2800/2800/2800 2813/2813/2813
f 2799/2799/2799 2813/2813/2813 2812/2812/2812
f 2800/2800/2800 2801/2801/2801 2814/2814/2814
f 2800/2800/2800 2814/2814/2814 2813/2813/2813
f 2801/2801/2801 2802/2802/2802 2815/2815/2815
f 2801/2801/2801 2815/2815/2815 2814/2814/2814
f 2802/2802/2802 2803/2803/2803 2816/2816/2816
f 2802/2802/2802 2816/2816/2816 2815/2815/2815
f 2803/2803/2803 2804/2804/2804 2817/2817/2817
f 2803/2803/2803 2817/2817/2817 2816/2816/2816
f 2804/2804/2804 2805/2805/2805 2818/2818/2818
f 2804/2804/2804 2818/2818/2818 2817/2817/2817
f 2805/2805/2805 2806/2806/2806 2819/2819/2819
f 2805/2805/2805 2819/2819/2819 2818/2818/2818
f 2806/2806/2806 2807/2807/2807 2820/2820/2820
f 2806/2806/2806 2820/2820/2820 2819/2819/2819
f 2808/2808/2808 2809/2809/2809 2822/2822/2822
f 2808/2808/2808 2822/2822/2822 2821/2821/2821
f 2809/2809/2809 2810/2810/2810 2823/2823/2823
f 2809/2809/2809 2823/2823/2823 2822/2822/2822
f 2810/2810/2810 2811/2811/2811 2824/2824/2824
f 2810/2810/2810 2824/2824/2824 2823/2823/2823
f 2811/2811/2811 2812/2812/2812 2825/2825/2825
f 2811/2811/2811 2825/2825/2825 2824/2824/2824
f 2812/2812/2812 2813/2813/2813 2826/2826/2826
f 2812/2812/2812 2826/2826/2826 2825/2825/2825
f 2813/2813/2813 2814/2814/2814 2827/2827/2827
f 2813/2813/2813 2827/2827/2827 2826/2826/2826
f 2814/2814/2814 2815/2815/2815 2828/2828/2828
f 2814/2814/2814 2828/2828/2828 2827/2827/2827
f 2815/2815/2815 2816/2816/2816 2829/2829/2829
f 2815/2815/2815 2829/2829/2829 2828/2828/2828
f 2816/2816/2816 2817/2817/2817 2830/2830/2830
f 2816/2816/2816 2830/2830/2830 2829/2829/2829
f 2817/2817/2817 2818/2818/2818 2831/2831/2831
f 2817/2817/2817 2831/2831/2831 2830/2830/2830
f 2818/2818/2818 2819/2819/2819 2832/2832/2832
f 2818/2818/2818 2832/2832/2832 2831/2831/2831
f 2819/2819/2819 2820/2820/2820 2833/2833/2833
f 2819/2819/2819 2833/2833/2833 2832/2832/2832
f 2821/2821/2821 2822/2822/2822 2835/2835/2835
f 2821/2821/2821 2835/2835/2835 2834/2834/2834
f 2822/2822/2822 2823/2823/2823 2836/2836/2836
f 2822/2822/2822 2836/2836/2836 2835/2835/2835
f 2823/2823/2823 2824/2824/2824 2837/2837/2837
f 2823/2823/2823 2837/2837/2837 2836/2836/2836
f 2824/2824/2824 2825/2825/2825 2838/2838/2838
f 2824/2824/2824 2838/2838/2838 2837/2837/2837
f 2825/2825/2825 2826/2826/2826 2839/2839/2839
f 2825/2825/2825 2839/2839/2839 2838/2838/2838
f 2826/2826/2826 2827/2827/2827 2840/2840/2840
f 2826/2826/2826 2840/2840/2840 2839/2839/2839
f 2827/2827/2827 2828/2828/2828 2841/2841/2841
f 2827/2827/2827 2841/2841/2841 2840/2840/2840
f 2828/2828/2828 2829/2829/2829 2842/2842/2842
f 2828/2828/2828 2842/2842/2842 2841/2841/2841
f 2829/2829/2829 2830/2830/2830 2843/2843/2843
f 2829/2829/2829 2843/2843/2843 2842/2842/2842
f 2830/2830/2830 2831/2831/2831 2844/2844/2844
f 2830/2830/2830 2844/2844/2844 2843/2843/2843
f 2831/2831/2831 2832/2832/2832 2845/2845/2845
f 2831/2831/2831 2845/2845/2845 2844/2844/2844
f 2832/2832/2832 2833/2833/2833 2846/2846/2846
f 2832/2832/2832 2846/2846/2846 2845/2845/2845
f 2834/2834/2834 2835/2835/2835 2848/2848/2848
f 2834/2834/2834 2848/2848/2848 2847/2847/2847
f 2835/2835/2835 2836/2836/2836 2849/2849/2849
f 2835/2835/2835 2849/2849/2849 2848/2848/2848
f 2836/2836/2836 2837/2837/2837 2850/2850/2850
f 2836/2836/2836 2850/2850/2850 2849/2849/2849
f 2837/2837/2837 2838/2838/2838 2851/2851/2851
f 2837/2837/2837 2851/2851/2851 2850/2850/2850
f 2838/2838/2838 2839/2839/2839 2852/2852/2852
f 2838/2838/2838 2852/2852/2852 2851/2851/2851
f 2839/2839/2839 2840/2840/2840 2853/2853/2853
f 2839/2839/2839 2853/2853/2853 2852/2852/2852
f 2840/2840/2840 2841/2841/2841 2854/2854/2854
f 2840/2840/2840 2854/2854/2854 2853/2853/2853
f 2841/2841/2841 2842/2842/2842 2855/2855/2855
f 2841/2841/2841 2855/2855/2855 2854/2854/2854
f 2842/2842/2842 2843/2843/2843 2856/2856/2856
f 2842/2842/2842 2856/2856/2856 2855/2855/2855
f 2843/2843/2843 2844/2844/2844 2857/2857/2857
f 2843/2843/2843 2857/2857/2857 2856/2856/2856
f 2844/2844/2844 2845/2845/2845 2858/2858/2858
f 2844/2844/2844 2858/2858/2858 2857/2857/2857
f 2845/2845/2845 2846/2846/2846 2859/2859/2859
f 2845/2845/2845 2859/2859/2859 2858/2858/2858
f 2860/2860/2860 2861/2861/2861 2874/2874/2874
f 2860/2860/2860 2874/2874/2874 2873/2873/2873
f 2861/2861/2861 2862/2862/2862 2875/2875/2875
f 2861/2861/2861 2875/2875/2875 2874/2874/2874
f 2862/2862/2862 2863/2863/2863 2876/2876/2876
f 2862/2862/2862 2876/2876/2876 2875/2875/2875
f 2863/2863/2863 2864/2864/2864 2877/2877/2877
f 2863/2863/2863 2877/2877/2877 2876/2876/2876
f 2864/2864/2864 2865/2865/2865 2878/2878/2878
f 2864/2864/2864 2878/2878/2878 2877/2877/2877
f 2865/2865/2865 2866/2866/2866 2879/2879/2879
f 2865/2865/2865 2879/2879/2879 2878/2878/2878
f 2866/2866/2866 2867/2867/2867 2880/2880/2880
f 2866/2866/2866 2880/2880/2880 2879/2879/2879
f 2867/2867/2867 2868/2868/2868 2881/2881/2881
f 2867/2867/2867 2881/2881/2881 2880/2880/2880
f 2868/2868/2868 2869/2869/2869 2882/2882/2882
f 2868/2868/2868 2882/2882/2882 2881/2881/2881
f 2869/2869/2869 2870/2870/2870 2883/2883/2883
f 2869/2869/2869 2883/2883/2883 2882/2882/2882
f 2870/2870/2870 2871/2871/2871 2884/2884/2884
f 2870/2870/2870 2884/2884/2884 2883/2883/2883
f 2871/2871/2871 2872/2872/2872 2885/2885/2885
f 2871/2871/2871 2885/2885/2885 2884/2884/2884
f 2873/2873/2873 2874/2874/2874 2887/2887/2887
f 2873/2873/2873 2887/2887/2887 2886/2886/2886
f 2874/2874/2874 2875/2875/2875 2888/2888/2888
f 2874/2874/2874 2888/2888/2888 2887/2887/2887
f 2875/2875/2875 2876/2876/2876 2889/2889/2889
f 2875/2875/2875 2889/2889/2889 2888/2888/2888
f 2876/2876/2876 2877/2877/2877 2890/2890/2890
f 2876/2876/2876 2890/2890/2890 2889/2889/2889
f 2877/2877/2877 2878/2878/2878 2891/2891/2891
f 2877/2877/2877 2891/2891/2891 2890/2890/2890
f 2878/2878/2878 2879/2879/2879 2892/2892/2892
f 2878/2878/2878 2892/2892/2892 2891/2891/2891
f 2879/2879/2879 2880/2880/2880 2893/2893/2893
f 2879/2879/2879 2893/2893/2893 2892/2892/2892
f 2880/2880/2880 2881/2881/2881 2894/2894/2894
f 2880/2880/2880 2894/2894/2894 2893/2893/2893
f 2881/2881/2881 2882/2882/2882 2895/2895/2895
f 2881/2881/2881 2895/2895/2895 2894/2894/2894
f 2882/2882/2882 2883/2883/2883 2896/2896/2896
f 2882/2882/2882 2896/2896/2896 2895/2895/2895
f 2883/2883/2883 2884/2884/2884 2897/2897/2897
f 2883/2883/2883 2897/2897/2897 2896/2896/2896
f 2884/2884/2884 2885/2885/2885 2898/2898/2898
f 2884/2884/2884 2898/2898/2898 2897/2897/2897
f 2886/2886/2886 2887/2887/2887 2900/2900/2900
f 2886/2886/2886 2900/2900/2900 2899/2899/2899
f 2887/2887/2887 2888/2888/2888 2901/2901/2901
f 2887/2887/2887 2901/2901/2901 2900/2900/2900
f 2888/2888/2888 2889/2889/2889 2902/2902/2902
f 2888/2888/2888 2902/2902/2902 2901/2901/2901
f 2889/2889/2889 2890/2890/2890 2903/2903/2903
f 2889/2889/2889 2903/2903/2903 2902/2902/2902
f 2890/2890/2890 2891/2891/2891 2904/2904/2904
f 2890/2890/2890 2904/2904/2904 2903/2903/2903
f 2891/2891/2891 2892/2892/2892 2905/2905/2905
f 2891/2891/2891 2905/2905/2905 2904/2904/2904
f 2892/2892/2892 2893/2893/2893 2906/2906/2906
f 2892/2892/2892 2906/2906/2906 2905/2905/2905
f 2893/2893/2893 2894/2894/2894 2907/2907/2907
f 2893/2893/2893 2907/2907/2907 2906/2906/2906
f 2894/2894/2894 2895/2895/2895 2908/2908/2908
f 2894/2894/2894 2908/2908/2908 2907/2907/2907
f 2895/2895/2895 2896/2896/2896 2909/2909/2909
f 2895/2895/2895 2909/2909/2909 2908/2908/2908
f 2896/2896/2896 2897/2897/2897 2910/2910/2910
f 2896/2896/2896 2910/2910/2910 2909/2909/2909
f 2897/2897/2897 2898/2898/2898 2911/2911/2911
f 2897/2897/2897 2911/2911/2911 2910/2910/2910
f 2899/2899/2899 2900/2900/2900 2913/2913/2913
f 2899/2899/2899 2913/2913/2913 2912/2912/2912
f 2900/2900/2900 2901/2901/2901 2914/2914/2914
f 2900/2900/2900 2914/2914/2914 2913/2913/2913
f 2901/2901/2901 2902/2902/2902 2915/2915/2915
f 2901/2901/2901 2915/2915/2915 2914/2914/2914
f 2902/2902/2902 2903/2903/2903 2916/2916/2916
f 2902/2902/2902 2916/2916/2916 2915/2915/2915
f 2903/2903/2903 2904/2904/2904 2917/2917/2917
f 2903/2903/2903 2917/2917/2917 2916/2916/2916
f 2904/2904/2904 2905/2905/2905 2918/2918/2918
f 2904/2904/2904 2918/2918/2918 2917/2917/2917
f 2905/2905/2905 2906/2906/2906 2919/2919/2919
f 2905/2905/2905 2919/2919/2919 2918/2918/2918
f 2906/2906/2906 2907/2907/2907 2920/2920/2920
f 2906/2906/2906 2920/2920/2920 2919/2919/2919
f 2907/2907/2907 2908/2908/2908 2921/2921/2921
f 2907/2907/2907 2921/2921/2921 2920/2920/2920
f 2908/2908/2908 2909/2909/2909 2922/2922/2922
f 2908/2908/2908 2922/2922/2922 2921/2921/2921
f 2909/2909/2909 2910/2910/2910 2923/2923/2923
f 2909/2909/2909 2923/2923/2923 2922/2922/2922
f 2910/2910/2910 2911/2911/2911 2924/2924/2924
f 2910/2910/2910 2924/2924/2924 2923/2923/2923
f 2912/2912/2912 2913/2913/2913 2926/2926/2926
f 2912/2912/2912 2926/2926/2926 2925/2925/2925
f 2913/2913/2913 2914/2914/2914 2927/2927/2927
f 2913/2913/2913 2927/2927/2927 2926/2926/2926
f 2914/2914/2914 2915/2915/2915 2928/2928/2928
f 2914/2914/2914 2928/2928/2928 2927/2927/2927
f 2915/2915/2915 2916/2916/2916 2929/2929/2929
f 2915/2915/2915 2929/2929/2929 2928/2928/2928
f 2916/2916/2916 2917/2917/2917 2930/2930/2930
f 2916/2916/2916 2930/2930/2930 2929/2929/2929
f 2917/2917/2917 2918/2918/2918 2931/2931/2931
f 2917/2917/2917 2931/2931/2931 2930/2930/2930
f 2918/2918/2918 2919/2919/2919 2932/2932/2932
f 2918/2918/2918 2932/2932/2932 2931/2931/2931
f 2919/2919/2919 2920/2920/2920 2933/2933/2933
f 2919/2919/2919 2933/2933/2933 2932/2932/2932
f 2920/2920/2920 2921/2921/2921 2934/2934/2934
f 2920/2920/2920 2934/2934/2934 2933/2933/2933
f 2921/2921/2921 2922/2922/2922 2935/2935/2935
f 2921/2921/2921 2935/2935/2935 2934/2934/2934
f 2922/2922/2922 2923/2923/2923 2936/2936/2936
f 2922/2922/2922 2936/2936/2936 2935/2935/2935
f 2923/2923/2923 2924/2924/2924 2937/2937/2937
f 2923/2923/2923 2937/2937/2937 2936/2936/2936
f 2925/2925/2925 2926/2926/2926 2939/2939/2939
f 2925/2925/2925 2939/2939/2939 2938/2938/2938
f 2926/2926/2926 2927/2927/2927 2940/2940/2940
f 2926/2926/2926 2940/2940/2940 2939/2939/2939
f 2927/2927/2927 2928/2928/2928 2941/2941/2941
f 2927/2927/2927 2941/2941/2941 2940/2940/2940
f 2928/2928/2928 2929/2929/2929 2942/2942/2942
f 2928/2928/2928 2942/2942/2942 2941/2941/2941
f 2929/2929/2929 2930/2930/2930 2943/2943/2943
f 2929/2929/2929 2943/2943/2943 2942/2942/2942
f 2930/2930/2930 2931/2931/2931 2944/2944/2944
f 2930/2930/2930 2944/2944/2944 2943/2943/2943
f 2931/2931/2931 2932/2932/2932 2945/2945/2945
f 2931/2931/2931 2945/2945/2945 2944/2944/2944
f 2932/2932/2932 2933/2933/2933 2946/2946/2946
f 2932/2932/2932 2946/2946/2946 2945/2945/2945
f 2933/2933/2933 2934/2934/2934 2947/2947/2947
f 2933/2933/2933 2947/2947/2947 2946/2946/2946
f 2934/2934/2934 2935/2935/2935 2948/2948/2948
f 2934/2934/2934 2948/2948/2948 2947/2947/2947
f 2935/2935/2935 2936/2936/2936 2949/2949/2949
f 2935/2935/2935 2949/2949/2949 2948/2948/2948
f 2936/2936/2936 2937/2937/2937 2950/2950/2950
f 2936/2936/2936 2950/2950/2950 2949/2949/2949
f 2938/2938/2938 2939/2939/2939 2952/2952/2952
f 2938/2938/2938 2952/2952/2952 2951/2951/2951
f 2939/2939/2939 2940/2940/2940 2953/2953/2953
f 2939/2939/2939 2953/2953/2953 2952/2952/2952
f 2940/2940/2940 2941/2941/2941 2954/2954/2954
f 2940/2940/2940 2954/2954/2954 2953/2953/2953
f 2941/2941/2941 2942/2942/2942 2955/2955/2955
f 2941/2941/2941 2955/2955/2955 2954/2954/2954
f 2942/2942/2942 2943/2943/2943 2956/2956/2956
f 2942/2942/2942 2956/2956/2956 2955/2955/2955
f 2943/2943/2943 2944/2944/2944 2957/2957/2957
f 2943/2943/2943 2957/2957/2957 2956/2956/2956
f 2944/2944/2944 2945/2945/2945 2958/2958/2958
f 2944/2944/2944 2958/2958/2958 2957/2957/2957
f 2945/2945/2945 2946/2946/2946 2959/2959/2959
f 2945/2945/2945 2959/2959/2959 2958/2958/2958
f 2946/2946/2946 2947/2947/2947 2960/2960/2960
f 2946/2946/2946 2960/2960/2960 2959/2959/2959
f 2947/2947/2947 2948/2948/2948 2961/2961/2961
f 2947/2947/2947 2961/2961/2961 2960/2960/2960
f 2948/2948/2948 2949/2949/2949 2962/2962/2962
f 2948/2948/2948 2962/2962/2962 2961/2961/2961
f 2949/2949/2949 2950/2950/2950 2963/2963/2963
f 2949/2949/2949 2963/2963/2963 2962/2962/2962
f 2951/2951/2951 2952/2952/2952 2965/2965/2965
f 2951/2951/2951 2965/2965/2965 2964/2964/2964
f 2952/2952/2952 2953/2953/2953 2966/2966/2966
f 2952/2952/2952 2966/2966/2966 2965/2965/2965
f 2953/2953/2953 2954/2954/2954 2967/2967/2967
f 2953/2953/2953 2967/2967/2967 2966/2966/2966
f 2954/2954/2954 2955/2955/2955 2968/2968/2968
f 2954/2954/2954 2968/2968/2968 2967/2967/2967
f 2955/2955/2955 2956/2956/2956 2969/2969/2969
f 2955/2955/2955 2969/2969/2969 2968/2968/2968
f 2956/2956/2956 2957/2957/2957 2970/2970/2970
f 2956/2956/2956 2970/2970/2970 2969/2969/2969
f 2957/2957/2957 2958/2958/2958 2971/2971/2971
f 2957/2957/2957 2971/2971/2971 2970/2970/2970
f 2958/2958/2958 2959/2959/2959 2972/2972/2972
f 2958/2958/2958 2972/2972/2972 2971/2971/2971
f 2959/2959/2959 2960/2960/2960 2973/2973/2973
f 2959/2959/2959 2973/2973/2973 2972/2972/2972
f 2960/2960/2960 2961/2961/2961 2974/2974/2974
f 2960/2960/2960 2974/2974/2974 2973/2973/2973
f 2961/2961/2961 2962/2962/2962 2975/2975/2975
f 2961/2961/2961 2975/2975/2975 2974/2974/2974
f 2962/2962/2962 2963/2963/2963 2976/2976/2976
f 2962/2962/2962 2976/2976/2976 2975/2975/2975
f 2964/2964/2964 2965/2965/2965 2978/2978/2978
f 2964/2964/2964 2978/2978/2978 2977/2977/2977
f 2965/2965/2965 2966/2966/2966 2979/2979/2979
f 2965/2965/2965 2979/2979/2979 2978/2978/2978
f 2966/2966/2966 2967/2967/2967 2980/2980/2980
f 2966/2966/2966 2980/2980/2980 2979/2979/2979
f 2967/2967/2967 2968/2968/2968 2981/2981/2981
f 2967/2967/2967 2981/2981/2981 2980/2980/2980
f 2968/2968/2968 2969/2969/2969 2982/2982/2982
f 2968/2968/2968 2982/2982/2982 2981/2981/2981
f 2969/2969/2969 2970/2970/2970 2983/2983/2983
f 2969/2969/2969 2983/2983/2983 2982/2982/2982
f 2970/2970/2970 2971/2971/2971 2984/2984/2984
f 2970/2970/2970 2984/2984/2984 2983/2983/2983
f 2971/2971/2971 2972/2972/2972 2985/2985/2985
f 2971/2971/2971 2985/2985/2985 2984/2984/2984
f 2972/2972/2972 2973/2973/2973 2986/2986/2986
f 2972/2972/2972 2986/2986/2986 2985/2985/2985
f 2973/2973/2973 2974/2974/2974 2987/2987/2987
f 2973/2973/2973 2987/2987/2987 2986/2986/2986
f 2974/2974/2974 2975/2975/2975 2988/2988/2988
f 2974/2974/2974 2988/2988/2988 2987/2987/2987
f 2975/2975/2975 2976/2976/2976 2989/2989/2989
f 2975/2975/2975 2989/2989/2989 2988/2988/2988
f 2977/2977/2977 2978/2978/2978 2991/2991/2991
f 2977/2977/2977 2991/2991/2991 2990/2990/2990
f 2978/2978/2978 2979/2979/2979 2992/2992/2992
f 2978/2978/2978 2992/2992/2992 2991/2991/2991
f 2979/2979/2979 2980/2980/2980 2993/2993/2993
f 2979/2979/2979 2993/2993/2993 2992/2992/2992
f 2980/2980/2980 2981/2981/2981 2994/2994/2994
f 2980/2980/2980 2994/2994/2994 2993/2993/2993
f 2981/2981/2981 2982/2982/2982 2995/2995/2995
f 2981/2981/2981 2995/2995/2995 2994/2994/2994
f 2982/2982/2982 2983/2983/2983 2996/2996/2996
f 2982/2982/2982 2996/2996/2996 2995/2995/2995
f 2983/2983/2983 2984/2984/2984 2997/2997/2997
f 2983/2983/2983 2997/2997/2997 2996/2996/2996
f 2984/2984/2984 2985/2985/2985 2998/2998/2998
f 2984/2984/2984 2998/2998/2998 2997/2997/2997
f 2985/2985/2985 2986/2986/2986 2999/2999/2999
f 2985/2985/2985 2999/2999/2999 2998/2998/2998
f 2986/2986/2986 2987/2987/2987 3000/3000/3000
f 2986/2986/2986 3000/3000/3000 2999/2999/2999
f 2987/2987/2987 2988/2988/2988 3001/3001/3001
f 2987/2987/2987 3001/3001/3001 3000/3000/3000
f 2988/2988/2988 2989/2989/2989 3002/3002/3002
f 2988/2988/2988 3002/3002/3002 3001/3001/3001
f 2990/2990/2990 2991/2991/2991 3004/3004/3004
f 2990/2990/2990 3004/3004/3004 3003/3003/3003
f 2991/2991/2991 2992/2992/2992 3005/3005/3005
f 2991/2991/2991 3005/3005/3005 3004/3004/3004
f 2992/2992/2992 2993/2993/2993 3006/3006/3006
f 2992/2992/2992 3006/3006/3006 3005/3005/3005
f 2993/2993/2993 2994/2994/2994 3007/3007/3007
f 2993/2993/2993 3007/3007/3007 3006/3006/3006
f 2994/2994/2994 2995/2995/2995 3008/3008/3008
f 2994/2994/2994 3008/3008/3008 3007/3007/3007
f 2995/2995/2995 2996/2996/2996 3009/3009/3009
f 2995/2995/2995 3009/3009/3009 3008/3008/3008
f 2996/2996/2996 2997/2997/2997 3010/3010/3010
f 2996/2996/2996 3010/3010/3010 3009/3009/3009
f 2997/2997/2997 2998/2998/2998 3011/3011/3011
f 2997/2997/2997 3011/3011/3011 3010/3010/3010
f 2998/2998/2998 2999/2999/2999 3012/3012/3012
f 2998/2998/2998 3012/3012/3012 3011/3011/3011
f 2999/2999/2999 3000/3000/3000 3013/3013/3013
f 2999/2999/2999 3013/3013/3013 3012/3012/3012
f 3000/3000/3000 3001/3001/3001 3014/3014/3014
f 3000/3000/3000 3014/3014/3014 3013/3013/3013
f 3001/3001/3001 3002/3002/3002 3015/3015/3015
f 3001/3001/3001 3015/3015/3015 3014/3014/3014
f 3003/3003/3003 3004/3004/3004 3017/3017/3017
f 3003/3003/3003 3017/3017/3017 3016/3016/3016
f 3004/3004/3004 3005/3005/3005 3018/3018/3018
f 3004/3004/3004 3018/3018/3018 3017/3017/3017
f 3005/3005/3005 3006/3006/3006 3019/3019/3019
f 3005/3005/3005 3019/3019/3019 3018/3018/3018
f 3006/3006/3006 3007/3007/3007 3020/3020/3020
f 3006/3006/3006 3020/3020/3020 3019/3019/3019
f 3007/3007/3007 3008/3008/3008 3021/3021/3021
f 3007/3007/3007 3021/3021/3021 3020/3020/3020
f 3008/3008/3008 3009/3009/3009 3022/3022/3022
f 3008/3008/3008 3022/3022/3022 3021/3021/3021
f 3009/3009/3009 3010/3010/3010 3023/3023/3023
f 3009/3009/3009 3023/3023/3023 3022/3022/3022
f 3010/3010/3010 3011/3011/3011 3024/3024/3024
f 3010/3010/3010 3024/3024/3024 3023/3023/3023
f 3011/3011/3011 3012/3012/3012 3025/3025/3025
f 3011/3011/3011 3025/3025/3025 3024/3024/3024
f 3012/3012/3012 3013/3013/3013 3026/3026/3026
f 3012/3012/3012 3026/3026/3026 3025/3025/3025
f 3013/3013/3013 3014/3014/3014 3027/3027/3027
f 3013/3013/3013 3027/3027/3027 3026/3026/3026
f 3014/3014/3014 3015/3015/3015 3028/3028/3028
f 3014/3014/3014 3028/3028/3028 3027/3027/3027
f 3016/3016/3016 3017/3017/3017 3030/3030/3030
f 3016/3016/3016 3030/3030/3030 3029/3029/3029
f 3017/3017/3017 3018/3018/3018 3031/3031/3031
f 3017/3017/3017 3031/3031/3031 3030/3030/3030
f 3018/3018/3018 3019/3019/3019 3032/3032/3032
f 3018/3018/3018 3032/3032/3032 3031/3031/3031
f 3019/3019/3019 3020/3020/3020 3033/3033/3033
f 3019/3019/3019 3033/3033/3033 3032/3032/3032
f 3020/3020/3020 3021/3021/3021 3034/3034/3034
f 3020/3020/3020 3034/3034/3034 3033/3033/3033
f 3021/3021/3021 3022/3022/3022 3035/3035/3035
f 3021/3021/3021 3035/3035/3035 3034/3034/3034
f 3022/3022/3022 3023/3023/3023 3036/3036/3036
f 3022/3022/3022 3036/3036/3036 3035/3035/3035
f 3023/3023/3023 3024/3024/3024 3037/3037/3037
f 3023/3023/3023 3037/3037/3037 3036/3036/3036
f 3024/3024/3024 3025/3025/3025 3038/3038/3038
f 3024/3024/3024 3038/3038/3038 3037/3037/3037
f 3025/3025/3025 3026/3026/3026 3039/3039/3039
f 3025/3025/3025 3039/3039/3039 3038/3038/3038
f 3026/3026/3026 3027/3027/3027 3040/3040/3040
f 3026/3026/3026 3040/3040/3040 3039/3039/3039
f 3027/3027/3027 3028/3028/3028 3041/3041/3041
f 3027/3027/3027 3041/3041/3041 3040/3040/3040
f 3029/3029/3029 3030/3030/3030 3043/3043/3043
f 3029/3029/3029 3043/3043/3043 3042/3042/3042
f 3030/3030/3030 3031/3031/3031 3044/3044/3044
f 3030/3030/3030 3044/3044/3044 3043/3043/3043
f 3031/3031/3031 3032/3032/3032 3045/3045/3045
f 3031/3031/3031 3045/3045/3045 3044/3044/3044
f 3032/3032/3032 3033/3033/3033 3046/3046/3046
f 3032/3032/3032 3046/3046/3046 3045/3045/3045
f 3033/3033/3033 3034/3034/3034 3047/3047/3047
f 3033/3033/3033 3047/3047/3047 3046/3046/3046
f 3034/3034/3034 3035/3035/3035 3048/3048/3048
f 3034/3034/3034 3048/3048/3048 3047/3047/3047
f 3035/3035/3035 3036/3036/3036 3049/3049/3049
f 3035/3035/3035 3049/3049/3049 3048/3048/3048
f 3036/3036/3036 3037/3037/3037 3050/3050/3050
f 3036/3036/3036 3050/3050/3050 3049/3049/3049
f 3037/3037/3037 3038/3038/3038 3051/3051/3051
f 3037/3037/3037 3051/3051/3051 3050/3050/3050
f 3038/3038/3038 3039/3039/3039 3052/3052/3052
f 3038/3038/3038 3052/3052/3052 3051/3051/3051
f 3039/3039/3039 3040/3040/3040 3053/3053/3053
f 3039/3039/3039 3053/3053/3053 3052/3052/3052
f 3040/3040/3040 3041/3041/3041 3054/3054/3054
f 3040/3040/3040 3054/3054/3054 3053/3053/3053
f 3042/3042/3042 3043/3043/3043 3056/3056/3056
f 3042/3042/3042 3056/3056/3056 3055/3055/3055
f 3043/3043/3043 3044/3044/3044 3057/3057/3057
f 3043/3043/3043 3057/3057/3057 3056/3056/3056
f 3044/3044/3044 3045/3045/3045 3058/3058/3058
f 3044/3044/3044 3058/3058/3058 3057/3057/3057
f 3045/3045/3045 3046/3046/3046 3059/3059/3059
f 3045/3045/3045 3059/3059/3059 3058/3058/3058
f 3046/3046/3046 3047/3047/3047 3060/3060/3060
f 3046/3046/3046 3060/3060/3060 3059/3059/3059
f 3047/3047/3047 3048/3048/3048 3061/3061/3061
f 3047/3047/3047 3061/3061/3061 3060/3060/3060
f 3048/3048/3048 3049/3049/3049 3062/3062/3062
f 3048/3048/3048 3062/3062/3062 3061/3061/3061
f 3049/3049/3049 3050/3050/3050 3063/3063/3063
f 3049/3049/3049 3063/3063/3063 3062/3062/3062
f 3050/3050/3050 3051/3051/3051 3064/3064/3064
f 3050/3050/3050 3064/3064/3064 3063/3063/3063
f 3051/3051/3051 3052/3052/3052 3065/3065/3065
f 3051/3051/3051 3065/3065/3065 3064/3064/3064
f 3052/3052/3052 3053/3053/3053 3066/3066/3066
f 3052/3052/3052 3066/3066/3066 3065/3065/3065
f 3053/3053/3053 3054/3054/3054 3067/3067/3067
f 3053/3053/3053 3067/3067/3067 3066/3066/3066
f 3055/3055/3055 3056/3056/3056 3069/3069/3069
f 3055/3055/3055 3069/3069/3069 3068/3068/3068
f 3056/3056/3056 3057/3057/3057 3070/3070/3070
f 3056/3056/3056 3070/3070/3070 3069/3069/3069
f 3057/3057/3057 3058/3058/3058 3071/3071/3071
f 3057/3057/3057 3071/3071/3071 3070/3070/3070
f 3058/3058/3058 3059/3059/3059 3072/3072/3072
f 3058/3058/3058 3072/3072/3072 3071/3071/3071
f 3059/3059/3059 3060/3060/3060 3073/3073/3073
f 3059/3059/3059 3073/3073/3073 3072/3072/3072
f 3060/3060/3060 3061/3061/3061 3074/3074/3074
f 3060/3060/3060 3074/3074/3074 3073/3073/3073
f 3061/3061/3061 3062/3062/3062 3075/3075/3075
f 3061/3061/3061 3075/3075/3075 3074/3074/3074
f 3062/3062/3062 3063/3063/3063 3076/3076/3076
f 3062/3062/3062 3076/3076/3076 3075/3075/3075
f 3063/3063/3063 3064/3064/3064 3077/3077/3077
f 3063/3063/3063 3077/3077/3077 3076/3076/3076
f 3064/3064/3064 3065/3065/3065 3078/3078/3078
f 3064/3064/3064 3078/3078/3078 3077/3077/3077
f 3065/3065/3065 3066/3066/3066 3079/3079/3079
f 3065/3065/3065 3079/3079/3079 3078/3078/3078
f 3066/3066/3066 3067/3067/3067 3080/3080/3080
f 3066/3066/3066 3080/3080/3080 3079/3079/3079
f 3068/3068/3068 3069/3069/3069 3082/3082/3082
f 3068/3068/3068 3082/3082/3082 3081/3081/3081
f 3069/3069/3069 3070/3070/3070 3083/3083/3083
f 3069/3069/3069 3083/3083/3083 3082/3082/3082
f 3070/3070/3070 3071/3071/3071 3084/3084/3084
f 3070/3070/3070 3084/3084/3084 3083/3083/3083
f 3071/3071/3071 3072/3072/3072 3085/3085/3085
f 3071/3071/3071 3085/3085/3085 3084/3084/3084
f 3072/3072/3072 3073/3073/3073 3086/3086/3086
f 3072/3072/3072 3086/3086/3086 3085/3085/3085
f 3073/3073/3073 3074/3074/3074 3087/3087/3087
f 3073/3073/3073 3087/3087/3087 3086/3086/3086
f 3074/3074/3074 3075/3075/3075 3088/3088/3088
f 3074/3074/3074 3088/3088/3088 3087/3087/3087
f 3075/3075/3075 3076/3076/3076 3089/3089/3089
f 3075/3075/3075 3089/3089/3089 3088/3088/3088
f 3076/3076/3076 3077/3077/3077 3090/3090/3090
f 3076/3076/3076 3090/3090/3090 3089/3089/3089
f 3077/3077/3077 3078/3078/3078 3091/3091/3091
f 3077/3077/3077 3091/3091/3091 3090/3090/3090
f 3078/3078/3078 3079/3079/3079 3092/3092/3092
f 3078/3078/3078 3092/3092/3092 3091/3091/3091
f 3079/3079/3079 3080/3080/3080 3093/3093/3093
f 3079/3079/3079 3093/3093/3093 3092/3092/3092
f 3081/3081/3081 3082/3082/3082 3095/3095/3095
f 3081/3081/3081 3095/3095/3095 3094/3094/3094
f 3082/3082/3082 3083/3083/3083 3096/3096/3096
f 3082/3082/3082 3096/3096/3096 3095/3095/3095
f 3083/3083/3083 3084/3084/3084 3097/3097/3097
f 3083/3083/3083 3097/3097/3097 3096/3096/3096
f 3084/3084/3084 3085/3085/3085 3098/3098/3098
f 3084/3084/3084 3098/3098/3098 3097/3097/3097
f 3085/3085/3085 3086/3086/3086 3099/3099/3099
f 3085/3085/3085 3099/3099/3099 3098/3098/3098
f 3086/3086/3086 3087/3087/3087 3100/3100/3100
f 3086/3086/3086 3100/3100/3100 3099/3099/3099
f 3087/3087/3087 3088/3088/3088 3101/3101/3101
f 3087/3087/3087 3101/3101/3101 3100/3100/3100
f 3088/3088/3088 3089/3089/3089 3102/3102/3102
f 3088/3088/3088 3102/3102/3102 3101/3101/3101
f 3089/3089/3089 3090/3090/3090 3103/3103/3103
f 3089/3089/3089 3103/3103/3103 3102/3102/3102
f 3090/3090/3090 3091/3091/3091 3104/3104/3104
f 3090/3090/3090 3104/3104/3104 3103/3103/3103
f 3091/3091/3091 3092/3092/3092 3105/3105/3105
f 3091/3091/3091 3105/3105/3105 3104/3104/3104
f 3092/3092/3092 3093/3093/3093 3106/3106/3106
f 3092/3092/3092 3106/3106/3106 3105/3105/3105
f 3094/3094/3094 3095/3095/3095 3108/3108/3108
f 3094/3094/3094 3108/3108/3108 3107/3107/3107
f 3095/3095/3095 3096/3096/3096 3109/3109/3109
f 3095/3095/3095 3109/3109/3109 3108/3108/3108
f 3096/3096/3096 3097/3097/3097 3110/3110/3110
f 3096/3096/3096 3110/3110/3110 3109/3109/3109
f 3097/3097/3097 3098/3098/3098 3111/3111/3111
f 3097/3097/3097 3111/3111/3111 3110/3110/3110
f 3098/3098/3098 3099/3099/3099 3112/3112/3112
f 3098/3098/3098 3112/3112/3112 3111/3111/3111
f 3099/3099/3099 3100/3100/3100 3113/3113/3113
f 3099/3099/3099 3113/3113/3113 3112/3112/3112
f 3100/3100/3100 3101/3101/3101 3114/3114/3114
f 3100/3100/3100 3114/3114/3114 3113/3113/3113
f 3101/3101/3101 3102/3102/3102 3115/3115/3115
f 3101/3101/3101 3115/3115/3115 3114/3114/3114
f 3102/3102/3102 3103/3103/3103 3116/3116/3116
f 3102/3102/3102 3116/3116/3116 3115/3115/3115
f 3103/3103/3103 3104/3104/3104 3117/3117/3117
f 3103/3103/3103 3117/3117/3117 3116/3116/3116
f 3104/3104/3104 3105/3105/3105 3118/3118/3118
f 3104/3104/3104 3118/3118/3118 3117/3117/3117
f 3105/3105/3105 3106/3106/3106 3119/3119/3119
f 3105/3105/3105 3119/3119/3119 3118/3118/3118
f 3107/3107/3107 3108/3108/3108 3121/3121/3121
f 3107/3107/3107 3121/3121/3121 3120/3120/3120
f 3108/3108/3108 3109/3109/3109 3122/3122/3122
f 3108/3108/3108 3122/3122/3122 3121/3121/3121
f 3109/3109/3109 3110/3110/3110 3123/3123/3123
f 3109/3109/3109 3123/3123/3123 3122/3122/3122
f 3110/3110/3110 3111/3111/3111 3124/3124/3124
f 3110/3110/3110 3124/3124/3124 3123/3123/3123
f 3111/3111/3111 3112/3112/3112 3125/3125/3125
f 3111/3111/3111 3125/3125/3125 3124/3124/3124
f 3112/3112/3112 3113/3113/3113 3126/3126/3126
f 3112/3112/3112 3126/3126/3126 3125/3125/3125
f 3113/3113/3113 3114/3114/3114 3127/3127/3127
f 3113/3113/3113 3127/3127/3127 3126/3126/3126
f 3114/3114/3114 3115/3115/3115 3128/3128/3128
f 3114/3114/3114 3128/3128/3128 3127/3127/3127
f 3115/3115/3115 3116/3116/3116 3129/3129/3129
f 3115/3115/3115 3129/3129/3129 3128/3128/3128
f 3116/3116/3116 3117/3117/3117 3130/3130/3130
f 3116/3116/3116 3130/3130/3130 3129/3129/3129
f 3117/3117/3117 3118/3118/3118 3131/3131/3131
f 3117/3117/3117 3131/3131/3131 3130/3130/3130
f 3118/3118/3118 3119/3119/3119 3132/3132/3132
f 3118/3118/3118 3132/3132/3132 3131/3131/3131
f 3120/3120/3120 3121/3121/3121 3134/3134/3134
f 3120/3120/3120 3134/3134/3134 3133/3133/3133
f 3121/3121/3121 3122/3122/3122 3135/3135/3135
f 3121/3121/3121 3135/3135/3135 3134/3134/3134
f 3122/3122/3122 3123/3123/3123 3136/3136/3136
f 3122/3122/3122 3136/3136/3136 3135/3135/3135
f 3123/3123/3123 3124/3124/3124 3137/3137/3137
f 3123/3123/3123 3137/3137/3137 3136/3136/3136
f 3124/3124/3124 3125/3125/3125 3138/3138/3138
f 3124/3124/3124 3138/3138/3138 3137/3137/3137
f 3125/3125/3125 3126/3126/3126 3139/3139/3139
f 3125/3125/3125 3139/3139/3139 3138/3138/3138
f 3126/3126/3126 3127/3127/3127 3140/3140/3140
f 3126/3126/3126 3140/3140/3140 3139/3139/3139
f 3127/3127/3127 3128/3128/3128 3141/3141/3141
f 3127/3127/3127 3141/3141/3141 3140/3140/3140
f 3128/3128/3128 3129/3129/3129 3142/3142/3142
f 3128/3128/3128 3142/3142/3142 3141/3141/3141
f 3129/3129/3129 3130/3130/3130 3143/3143/3143
f 3129/3129/3129 3143/3143/3143 3142/3142/3142
f 3130/3130/3130 3131/3131/3131 3144/3144/3144
f 3130/3130/3130 3144/3144/3144 3143/3143/3143
f 3131/3131/3131 3132/3132/3132 3145/3145/3145
f 3131/3131/3131 3145/3145/3145 3144/3144/3144
f 3133/3133/3133 3134/3134/3134 3147/3147/3147
f 3133/3133/3133 3147/3147/3147 3146/3146/3146
f 3134/3134/3134 3135/3135/3135 3148/3148/3148
f 3134/3134/3134 3148/3148/3148 3147/3147/3147
f 3135/3135/3135 3136/3136/3136 3149/3149/3149
f 3135/3135/3135 3149/3149/3149 3148/3148/3148
f 3136/3136/3136 3137/3137/3137 3150/3150/3150
f 3136/3136/3136 3150/3150/3150 3149/3149/3149
f 3137/3137/3137 3138/3138/3138 3151/3151/3151
f 3137/3137/3137 3151/3151/3151 3150/3150/3150
f 3138/3138/3138 3139/3139/3139 3152/3152/3152
f 3138/3138/3138 3152/3152/3152 3151/3151/3151
f 3139/3139/3139 3140/3140/3140 3153/3153/3153
f 3139/3139/3139 3153/3153/3153 3152/3152/3152
f 3140/3140/3140 3141/3141/3141 3154/3154/3154
f 3140/3140/3140 3154/3154/3154 3153/3153/3153
f 3141/3141/3141 3142/3142/3142 3155/3155/3155
f 3141/3141/3141 3155/3155/3155 3154/3154/3154
f 3142/3142/3142 3143/3143/3143 3156/3156/3156
f 3142/3142/3142 3156/3156/3156 3155/3155/3155
f 3143/3143/3143 3144/3144/3144 3157/3157/3157
f 3143/3143/3143 3157/3157/3157 3156/3156/3156
f 3144/3144/3144 3145/3145/3145 3158/3158/3158
f 3144/3144/3144 3158/3158/3158 3157/3157/3157
f 3146/3146/3146 3147/3147/3147 3160/3160/3160
f 3146/3146/3146 3160/3160/3160 3159/3159/3159
f 3147/3147/3147 3148/3148/3148 3161/3161/3161
f 3147/3147/3147 3161/3161/3161 3160/3160/3160
f 3148/3148/3148 3149/3149/3149 3162/3162/3162
f 3148/3148/3148 3162/3162/3162 3161/3161/3161
f 3149/3149/3149 3150/3150/3150 3163/3163/3163
f 3149/3149/3149 3163/3163/3163 3162/3162/3162
f 3150/3150/3150 3151/3151/3151 3164/3164/3164
f 3150/3150/3150 3164/3164/3164 3163/3163/3163
f 3151/3151/3151 3152/3152/3152 3165/3165/3165
f 3151/3151/3151 3165/3165/3165 3164/3164/3164
f 3152/3152/3152 3153/3153/3153 3166/3166/3166
f 3152/3152/3152 3166/3166/3166 3165/3165/3165
f 3153/3153/3153 3154/3154/3154 3167/3167/3167
f 3153/3153/3153 3167/3167/3167 3166/3166/3166
f 3154/3154/3154 3155/3155/3155 3168/3168/3168
f 3154/3154/3154 3168/3168/3168 3167/3167/3167
f 3155/3155/3155 3156/3156/3156 3169/3169/3169
f 3155/3155/3155 3169/3169/3169 3168/3168/3168
f 3156/3156/3156 3157/3157/3157 3170/3170/3170
f 3156/3156/3156 3170/3170/3170 3169/3169/3169
f 3157/3157/3157 3158/3158/3158 3171/3171/3171
f 3157/3157/3157 3171/3171/3171 3170/3170/3170
f 3159/3159/3159 3160/3160/3160 3173/3173/3173
f 3159/3159/3159 3173/3173/3173 3172/3172/3172
f 3160/3160/3160 3161/3161/3161 3174/3174/3174
f 3160/3160/3160 3174/3174/3174 3173/3173/3173
f 3161/3161/3161 3162/3162/3162 3175/3175/3175
f 3161/3161/3161 3175/3175/3175 3174/3174/3174
f 3162/3162/3162 3163/3163/3163 3176/3176/3176
f 3162/3162/3162 3176/3176/3176 3175/3175/3175
f 3163/3163/3163 3164/3164/3164 3177/3177/3177
f 3163/3163/3163 3177/3177/3177 3176/3176/3176
f 3164/3164/3164 3165/3165/3165 3178/3178/3178
f 3164/3164/3164 3178/3178/3178 3177/3177/3177
f 3165/3165/3165 3166/3166/3166 3179/3179/3179
f 3165/3165/3165 3179/3179/3179 3178/3178/3178
f 3166/3166/3166 3167/3167/3167 3180/3180/3180
f 3166/3166/3166 3180/3180/3180 3179/3179/3179
f 3167/3167/3167 3168/3168/3168 3181/3181/3181
f 3167/3167/3167 3181/3181/3181 3180/3180/3180
f 3168/3168/3168 3169/3169/3169 3182/3182/3182
f 3168/3168/3168 3182/3182/3182 3181/3181/3181
f 3169/3169/3169 3170/3170/3170 3183/3183/3183
f 3169/3169/3169 3183/3183/3183 3182/3182/3182
f 3170/3170/3170 3171/3171/3171 3184/3184/3184
f 3170/3170/3170 3184/3184/3184 3183/3183/3183
f 3172/3172/3172 3173/3173/3173 3186/3186/3186
f 3172/3172/3172 3186/3186/3186 3185/3185/3185
f 3173/3173/3173 3174/3174/3174 3187/3187/3187
f 3173/3173/3173 3187/3187/3187 3186/3186/3186
f 3174/3174/3174 3175/3175/3175 3188/3188/3188
f 3174/3174/3174 3188/3188/3188 3187/3187/3187
f 3175/3175/3175 3176/3176/3176 3189/3189/3189
f 3175/3175/3175 3189/3189/3189 3188/3188/3188
f 3176/3176/3176 3177/3177/3177 3190/3190/3190
f 3176/3176/3176 3190/3190/3190 3189/3189/3189
f 3177/3177/3177 3178/3178/3178 3191/3191/3191
f 3177/3177/3177 3191/3191/3191 3190/3190/3190
f 3178/3178/3178 3179/3179/3179 3192/3192/3192
f 3178/3178/3178 3192/3192/3192 3191/3191/3191
f 3179/3179/3179 3180/3180/3180 3193/3193/3193
f 3179/3179/3179 3193/3193/3193 3192/3192/3192
f 3180/3180/3180 3181/3181/3181 3194/3194/3194
f 3180/3180/3180 3194/3194/3194 3193/3193/3193
f 3181/3181/3181 3182/3182/3182 3195/3195/3195
f 3181/3181/3181 3195/3195/3195 3194/3194/3194
f 3182/3182/3182 3183/3183/3183 3196/3196/3196
f 3182/3182/3182 3196/3196/3196 3195/3195/3195
f 3183/3183/3183 3184/3184/3184 3197/3197/3197
f 3183/3183/3183 3197/3197/3197 3196/3196/3196
f 3185/3185/3185 3186/3186/3186 3199/3199/3199
f 3185/3185/3185 3199/3199/3199 3198/3198/3198
f 3186/3186/3186 3187/3187/3187 3200/3200/3200
f 3186/3186/3186 3200/3200/3200 3199/3199/3199
f 3187/3187/3187 3188/3188/3188 3201/3201/3201
f 3187/3187/3187 3201/3201/3201 3200/3200/3200
f 3188/3188/3188 3189/3189/3189 3202/3202/3202
f 3188/3188/3188 3202/3202/3202 3201/3201/3201
f 3189/3189/3189 3190/3190/3190 3203/3203/3203
f 3189/3189/3189 3203/3203/3203 3202/3202/3202
f 3190/3190/3190 3191/3191/3191 3204/3204/3204
f 3190/3190/3190 3204/3204/3204 3203/3203/3203
f 3191/3191/3191 3192/3192/3192 3205/3205/3205
f 3191/3191/3191 3205/3205/3205 3204/3204/3204
f 3192/3192/3192 3193/3193/3193 3206/3206/3206
f 3192/3192/3192 3206/3206/3206 3205/3205/3205
f 3193/3193/3193 3194/3194/3194 3207/3207/3207
f 3193/3193/3193 3207/3207/3207 3206/3206/3206
f 3194/3194/3194 3195/3195/3195 3208/3208/3208
f 3194/3194/3194 3208/3208/3208 3207/3207/3207
f 3195/3195/3195 3196/3196/3196 3209/3209/3209
f 3195/3195/3195 3209/3209/3209 3208/3208/3208
f 3196/3196/3196 3197/3197/3197 3210/3210/3210
f 3196/3196/3196 3210/3210/3210 3209/3209/3209
f 3198/3198/3198 3199/3199/3199 3212/3212/3212
f 3198/3198/3198 3212/3212/3212 3211/3211/3211
f 3199/3199/3199 3200/3200/3200 3213/3213/3213
f 3199/3199/3199 3213/3213/3213 3212/3212/3212
f 3200/3200/3200 3201/3201/3201 3214/3214/3214
f 3200/3200/3200 3214/3214/3214 3213/3213/3213
f 3201/3201/3201 3202/3202/3202 3215/3215/3215
f 3201/3201/3201 3215/3215/3215 3214/3214/3214
f 3202/3202/3202 3203/3203/3203 3216/3216/3216
f 3202/3202/3202 3216/3216/3216 3215/3215/3215
f 3203/3203/3203 3204/3204/3204 3217/3217/3217
f 3203/3203/3203 3217/3217/3217 3216/3216/3216
f 3204/3204/3204 3205/3205/3205 3218/3218/3218
f 3204/3204/3204 3218/3218/3218 3217/3217/3217
f 3205/3205/3205 3206/3206/3206 3219/3219/3219
f 3205/3205/3205 3219/3219/3219 3218/3218/3218
f 3206/3206/3206 3207/3207/3207 3220/3220/3220
f 3206/3206/3206 3220/3220/3220 3219/3219/3219
f 3207/3207/3207 3208/3208/3208 3221/3221/3221
f 3207/3207/3207 3221/3221/3221 3220/3220/3220
f 3208/3208/3208 3209/3209/3209 3222/3222/3222
f 3208/3208/3208 3222/3222/3222 3221/3221/3221
f 3209/3209/3209 3210/3210/3210 3223/3223/3223
f 3209/3209/3209 3223/3223/3223 3222/3222/3222
f 3211/3211/3211 3212/3212/3212 3225/3225/3225
f 3211/3211/3211 3225/3225/3225 3224/3224/3224
f 3212/3212/3212 3213/3213/3213 3226/3226/3226
f 3212/3212/3212 3226/3226/3226 3225/3225/3225
f 3213/3213/3213 3214/3214/3214 3227/3227/3227
f 3213/3213/3213 3227/3227/3227 3226/3226/3226
f 3214/3214/3214 3215/3215/3215 3228/3228/3228
f 3214/3214/3214 3228/3228/3228 3227/3227/3227
f 3215/3215/3215 3216/3216/3216 3229/3229/3229
f 3215/3215/3215 3229/3229/3229 3228/3228/3228
f 3216/3216/3216 3217/3217/3217 3230/3230/3230
f 3216/3216/3216 3230/3230/3230 3229/3229/3229
f 3217/3217/3217 3218/3218/3218 3231/3231/3231
f 3217/3217/3217 3231/3231/3231 3230/3230/3230
f 3218/3218/3218 3219/3219/3219 3232/3232/3232
f 3218/3218/3218 3232/3232/3232 3231/3231/3231
f 3219/3219/3219 3220/3220/3220 3233/3233/3233
f 3219/3219/3219 3233/3233/3233 3232/3232/3232
f 3220/3220/3220 3221/3221/3221 3234/3234/3234
f 3220/3220/3220 3234/3234/3234 3233/3233/3233
f 3221/3221/3221 3222/3222/3222 3235/3235/3235
f 3221/3221/3221 3235/3235/3235 3234/3234/3234
f 3222/3222/3222 3223/3223/3223 3236/3236/3236
f 3222/3222/3222 3236/3236/3236 3235/3235/3235
f 3224/3224/3224 3225/3225/3225 3238/3238/3238
f 3224/3224/3224 3238/3238/3238 3237/3237/3237
f 3225/3225/3225 3226/3226/3226 3239/3239/3239
f 3225/3225/3225 3239/3239/3239 3238/3238/3238
f 3226/3226/3226 3227/3227/3227 3240/3240/3240
f 3226/3226/3226 3240/3240/3240 3239/3239/3239
f 3227/3227/3227 3228/3228/3228 3241/3241/3241
f 3227/3227/3227 3241/3241/3241 3240/3240/3240
f 3228/3228/3228 3229/3229/3229 3242/3242/3242
f 3228/3228/3228 3242/3242/3242 3241/3241/3241
f 3229/3229/3229 3230/3230/3230 3243/3243/3243
f 3229/3229/3229 3243/3243/3243 3242/3242/3242
f 3230/3230/3230 3231/3231/3231 3244/3244/3244
f 3230/3230/3230 3244/3244/3244 3243/3243/3243
f 3231/3231/3231 3232/3232/3232 3245/3245/3245
f 3231/3231/3231 3245/3245/3245 3244/3244/3244
f 3232/3232/3232 3233/3233/3233 3246/3246/3246
f 3232/3232/3232 3246/3246/3246 3245/3245/3245
f 3233/3233/3233 3234/3234/3234 3247/3247/3247
f 3233/3233/3233 3247/3247/3247 3246/3246/3246
f 3234/3234/3234 3235/3235/3235 3248/3248/3248
f 3234/3234/3234 3248/3248/3248 3247/3247/3247
f 3235/3235/3235 3236/3236/3236 3249/3249/3249
f 3235/3235/3235 3249/3249/3249 3248/3248/3248
f 3237/3237/3237 3238/3238/3238 3251/3251/3251
f 3237/3237/3237 3251/3251/3251 3250/3250/3250
f 3238/3238/3238 3239/3239/3239 3252/3252/3252
f 3238/3238/3238 3252/3252/3252 3251/3251/3251
f 3239/3239/3239 3240/3240/3240 3253/3253/3253
f 3239/3239/3239 3253/3253/3253 3252/3252/3252
f 3240/3240/3240 3241/3241/3241 3254/3254/3254
f 3240/3240/3240 3254/3254/3254 3253/3253/3253
f 3241/3241/3241 3242/3242/3242 3255/3255/3255
f 3241/3241/3241 3255/3255/3255 3254/3254/3254
f 3242/3242/3242 3243/3243/3243 3256/3256/3256
f 3242/3242/3242 3256/3256/3256 3255/3255/3255
f 3243/3243/3243 3244/3244/3244 3257/3257/3257
f 3243/3243/3243 3257/3257/3257 3256/3256/3256
f 3244/3244/3244 3245/3245/3245 3258/3258/3258
f 3244/3244/3244 3258/3258/3258 3257/3257/3257
f 3245/3245/3245 3246/3246/3246 3259/3259/3259
f 3245/3245/3245 3259/3259/3259 3258/3258/3258
f 3246/3246/3246 3247/3247/3247 3260/3260/3260
f 3246/3246/3246 3260/3260/3260 3259/3259/3259
f 3247/3247/3247 3248/3248/3248 3261/3261/3261
f 3247/3247/3247 3261/3261/3261 3260/3260/3260
f 3248/3248/3248 3249/3249/3249 3262/3262/3262
f 3248/3248/3248 3262/3262/3262 3261/3261/3261
f 3250/3250/3250 3251/3251/3251 3264/3264/3264
f 3250/3250/3250 3264/3264/3264 3263/3263/3263
f 3251/3251/3251 3252/3252/3252 3265/3265/3265
f 3251/3251/3251 3265/3265/3265 3264/3264/3264
f 3252/3252/3252 3253/3253/3253 3266/3266/3266
f 3252/3252/3252 3266/3266/3266 3265/3265/3265
f 3253/3253/3253 3254/3254/3254 3267/3267/3267
f 3253/3253/3253 3267/3267/3267 3266/3266/3266
f 3254/3254/3254 3255/3255/3255 3268/3268/3268
f 3254/3254/3254 3268/3268/3268 3267/3267/3267
f 3255/3255/3255 3256/3256/3256 3269/3269/3269
f 3255/3255/3255 3269/3269/3269 3268/3268/3268
f 3256/3256/3256 3257/3257/3257 3270/3270/3270
f 3256/3256/3256 3270/3270/3270 3269/3269/3269
f 3257/3257/3257 3258/3258/3258 3271/3271/3271
f 3257/3257/3257 3271/3271/3271 3270/3270/3270
f 3258/3258/3258 3259/3259/3259 3272/3272/3272
f 3258/3258/3258 3272/3272/3272 3271/3271/3271
f 3259/3259/3259 3260/3260/3260 3273/3273/3273
f 3259/3259/3259 3273/3273/3273 3272/3272/3272
f 3260/3260/3260 3261/3261/3261 3274/3274/3274
f 3260/3260/3260 3274/3274/3274 3273/3273/3273
f 3261/3261/3261 3262/3262/3262 3275/3275/3275
f 3261/3261/3261 3275/3275/3275 3274/3274/3274
f 3263/3263/3263 3264/3264/3264 3277/3277/3277
f 3263/3263/3263 3277/3277/3277 3276/3276/3276
f 3264/3264/3264 3265/3265/3265 3278/3278/3278
f 3264/3264/3264 3278/3278/3278 3277/3277/3277
f 3265/3265/3265 3266/3266/3266 3279/3279/3279
f 3265/3265/3265 3279/3279/3279 3278/3278/3278
f 3266/3266/3266 3267/3267/3267 3280/3280/3280
f 3266/3266/3266 3280/3280/3280 3279/3279/3279
f 3267/3267/3267 3268/3268/3268 3281/3281/3281
f 3267/3267/3267 3281/3281/3281 3280/3280/3280
f 3268/3268/3268 3269/3269/3269 3282/3282/3282
f 3268/3268/3268 3282/3282/3282 3281/3281/3281
f 3269/3269/3269 3270/3270/3270 3283/3283/3283
f 3269/3269/3269 3283/3283/3283 3282/3282/3282
f 3270/3270/3270 3271/3271/3271 3284/3284/3284
f 3270/3270/3270 3284/3284/3284 3283/3283/3283
f 3271/3271/3271 3272/3272/3272 3285/3285/3285
f 3271/3271/3271 3285/3285/3285 3284/3284/3284
f 3272/3272/3272 3273/3273/3273 3286/3286/3286
f 3272/3272/3272 3286/3286/3286 3285/3285/3285
f 3273/3273/3273 3274/3274/3274 3287/3287/3287
f 3273/3273/3273 3287/3287/3287 3286/3286/3286
f 3274/3274/3274 3275/3275/3275 3288/3288/3288
f 3274/3274/3274 3288/3288/3288 3287/3287/3287
f 3289/3289/3289 3290/3290/3290 3299/3299/3299
f 3289/3289/3289 3299/3299/3299 3298/3298/3298
f 3290/3290/3290 3291/3291/3291 3300/3300/3300
f 3290/3290/3290 3300/3300/3300 3299/3299/3299
f 3291/3291/3291 3292/3292/3292 3301/3301/3301
f 3291/3291/3291 3301/3301/3301 3300/3300/3300
f 3292/3292/3292 3293/3293/3293 3302/3302/3302
f 3292/3292/3292 3302/3302/3302 3301/3301/3301
f 3293/3293/3293 3294/3294/3294 3303/3303/3303
f 3293/3293/3293 3303/3303/3303 3302/3302/3302
f 3294/3294/3294 3295/3295/3295 3304/3304/3304
f 3294/3294/3294 3304/3304/3304 3303/3303/3303
f 3295/3295/3295 3296/3296/3296 3305/3305/3305
f 3295/3295/3295 3305/3305/3305 3304/3304/3304
f 3296/3296/3296 3297/3297/3297 3306/3306/3306
f 3296/3296/3296 3306/3306/3306 3305/3305/3305
f 3298/3298/3298 3299/3299/3299 3308/3308/3308
f 3298/3298/3298 3308/3308/3308 3307/3307/3307
f 3299/3299/3299 3300/3300/3300 3309/3309/3309
f 3299/3299/3299 3309/3309/3309 3308/3308/3308
f 3300/3300/3300 3301/3301/3301 3310/3310/3310
f 3300/3300/3300 3310/3310/3310 3309/3309/3309
f 3301/3301/3301 3302/3302/3302 3311/3311/3311
f 3301/3301/3301 3311/3311/3311 3310/3310/3310
f 3302/3302/3302 3303/3303/3303 3312/3312/3312
f 3302/3302/3302 3312/3312/3312 3311/3311/3311
f 3303/3303/3303 3304/3304/3304 3313/3313/3313
f 3303/3303/3303 3313/3313/3313 3312/3312/3312
f 3304/3304/3304 3305/3305/3305 3314/3314/3314
f 3304/3304/3304 3314/3314/3314 3313/3313/3313
f 3305/3305/3305 3306/3306/3306 3315/3315/3315
f 3305/3305/3305 3315/3315/3315 3314/3314/3314
f 3307/3307/3307 3308/3308/3308 3317/3317/3317
f 3307/3307/3307 3317/3317/3317 3316/3316/3316
f 3308/3308/3308 3309/3309/3309 3318/3318/3318
f 3308/3308/3308 3318/3318/3318 3317/3317/3317
f 3309/3309/3309 3310/3310/3310 3319/3319/3319
f 3309/3309/3309 3319/3319/3319 3318/3318/3318
f 3310/3310/3310 3311/3311/3311 3320/3320/3320
f 3310/3310/3310 3320/3320/3320 3319/3319/3319
f 3311/3311/3311 3312/3312/3312 3321/3321/3321
f 3311/3311/3311 3321/3321/3321 3320/3320/3320
f 3312/3312/3312 3313/3313/3313 3322/3322/3322
f 3312/3312/3312 3322/3322/3322 3321/3321/3321
f 3313/3313/3313 3314/3314/3314 3323/3323/3323
f 3313/3313/3313 3323/3323/3323 3322/3322/3322
f 3314/3314/3314 3315/3315/3315 3324/3324/3324
f 3314/3314/3314 3324/3324/3324 3323/3323/3323
f 3316/3316/3316 3317/3317/3317 3326/3326/3326
f 3316/3316/3316 3326/3326/3326 3325/3325/3325
f 3317/3317/3317 3318/3318/3318 3327/3327/3327
f 3317/3317/3317 3327/3327/3327 3326/3326/3326
f 3318/3318/3318 3319/3319/3319 3328/3328/3328
f 3318/3318/3318 3328/3328/3328 3327/3327/3327
f 3319/3319/3319 3320/3320/3320 3329/3329/3329
f 3319/3319/3319 3329/3329/3329 3328/3328/3328
f 3320/3320/3320 3321/3321/3321 3330/3330/3330
f 3320/3320/3320 3330/3330/3330 3329/3329/3329
f 3321/3321/3321 3322/3322/3322 3331/3331/3331
f 3321/3321/3321 3331/3331/3331 3330/3330/3330
f 3322/3322/3322 3323/3323/3323 3332/3332/3332
f 3322/3322/3322 3332/3332/3332 3331/3331/3331
f 3323/3323/3323 3324/3324/3324 3333/3333/3333
f 3323/3323/3323 3333/3333/3333 3332/3332/3332
f 3325/3325/3325 3326/3326/3326 3335/3335/3335
f 3325/3325/3325 3335/3335/3335 3334/3334/3334
f 3326/3326/3326 3327/3327/3327 3336/3336/3336
f 3326/3326/3326 3336/3336/3336 3335/3335/3335
f 3327/3327/3327 3328/3328/3328 3337/3337/3337
f 3327/3327/3327 3337/3337/3337 3336/3336/3336
f 3328/3328/3328 3329/3329/3329 3338/3338/3338
f 3328/3328/3328 3338/3338/3338 3337/3337/3337
f 3329/3329/3329 3330/3330/3330 3339/3339/3339
f 3329/3329/3329 3339/3339/3339 3338/3338/3338
f 3330/3330/3330 3331/3331/3331 3340/3340/3340
f 3330/3330/3330 3340/3340/3340 3339/3339/3339
f 3331/3331/3331 3332/3332/3332 3341/3341/3341
f 3331/3331/3331 3341/3341/3341 3340/3340/3340
f 3332/3332/3332 3333/3333/3333 3342/3342/3342
f 3332/3332/3332 3342/3342/3342 3341/3341/3341
f 3334/3334/3334 3335/3335/3335 3344/3344/3344
f 3334/3334/3334 3344/3344/3344 3343/3343/3343
f 3335/3335/3335 3336/3336/3336 3345/3345/3345
f 3335/3335/3335 3345/3345/3345 3344/3344/3344
f 3336/3336/3336 3337/3337/3337 3346/3346/3346
f 3336/3336/3336 3346/3346/3346 3345/3345/3345
f 3337/3337/3337 3338/3338/3338 3347/3347/3347
f 3337/3337/3337 3347/3347/3347 3346/3346/3346
f 3338/3338/3338 3339/3339/3339 3348/3348/3348
f 3338/3338/3338 3348/3348/3348 3347/3347/3347
f 3339/3339/3339 3340/3340/3340 3349/3349/3349
f 3339/3339/3339 3349/3349/3349 3348/3348/3348
f 3340/3340/3340 3341/3341/3341 3350/3350/3350
f 3340/3340/3340 3350/3350/3350 3349/3349/3349
f 3341/3341/3341 3342/3342/3342 3351/3351/3351
f 3341/3341/3341 3351/3351/3351 3350/3350/3350
f 3343/3343/3343 3344/3344/3344 3353/3353/3353
f 3343/3343/3343 3353/3353/3353 3352/3352/3352
f 3344/3344/3344 3345/3345/3345 3354/3354/3354
f 3344/3344/3344 3354/3354/3354 3353/3353/3353
f 3345/3345/3345 3346/3346/3346 3355/3355/3355
f 3345/3345/3345 3355/3355/3355 3354/3354/3354
f 3346/3346/3346 3347/3347/3347 3356/3356/3356
f 3346/3346/3346 3356/3356/3356 3355/3355/3355
f 3347/3347/3347 3348/3348/3348 3357/3357/3357
f 3347/3347/3347 3357/3357/3357 3356/3356/3356
f 3348/3348/3348 3349/3349/3349 3358/3358/3358
f 3348/3348/3348 3358/3358/3358 3357/3357/3357
f 3349/3349/3349 3350/3350/3350 3359/3359/3359
f 3349/3349/3349 3359/3359/3359 3358/3358/3358
f 3350/3350/3350 3351/3351/3351 3360/3360/3360
f 3350/3350/3350 3360/3360/3360 3359/3359/3359
f 3352/3352/3352 3353/3353/3353 3362/3362/3362
f 3352/3352/3352 3362/3362/3362 3361/3361/3361
f 3353/3353/3353 3354/3354/3354 3363/3363/3363
f 3353/3353/3353 3363/3363/3363 3362/3362/3362
f 3354/3354/3354 3355/3355/3355 3364/3364/3364
f 3354/3354/3354 3364/3364/3364 3363/3363/3363
f 3355/3355/3355 3356/3356/3356 3365/3365/3365
f 3355/3355/3355 3365/3365/3365 3364/3364/3364
f 3356/3356/3356 3357/3357/3357 3366/3366/3366
f 3356/3356/3356 3366/3366/3366 3365/3365/3365
f 3357/3357/3357 3358/3358/3358 3367/3367/3367
f 3357/3357/3357 3367/3367/3367 3366/3366/3366
f 3358/3358/3358 3359/3359/3359 3368/3368/3368
f 3358/3358/3358 3368/3368/3368 3367/3367/3367
f 3359/3359/3359 3360/3360/3360 3369/3369/3369
f 3359/3359/3359 3369/3369/3369 3368/3368/3368
f 3361/3361/3361 3362/3362/3362 3371/3371/3371
f 3361/3361/3361 3371/3371/3371 3370/3370/3370
f 3362/3362/3362 3363/3363/3363 3372/3372/3372
f 3362/3362/3362 3372/3372/3372 3371/3371/3371
f 3363/3363/3363 3364/3364/3364 3373/3373/3373
f 3363/3363/3363 3373/3373/3373 3372/3372/3372
f 3364/3364/3364 3365/3365/3365 3374/3374/3374
f 3364/3364/3364 3374/3374/3374 3373/3373/3373
f 3365/3365/3365 3366/3366/3366 3375/3375/3375
f 3365/3365/3365 3375/3375/3375 3374/3374/3374
f 3366/3366/3366 3367/3367/3367 3376/3376/3376
f 3366/3366/3366 3376/3376/3376 3375/3375/3375
f 3367/3367/3367 3368/3368/3368 3377/3377/3377
f 3367/3367/3367 3377/3377/3377 3376/3376/3376
f 3368/3368/3368 3369/3369/3369 3378/3378/3378
f 3368/3368/3368 3378/3378/3378 3377/3377/3377
f 3370/3370/3370 3371/3371/3371 3380/3380/3380
f 3370/3370/3370 3380/3380/3380 3379/3379/3379
f 3371/3371/3371 3372/3372/3372 3381/3381/3381
f 3371/3371/3371 3381/3381/3381 3380/3380/3380
f 3372/3372/3372 3373/3373/3373 3382/3382/3382
f 3372/3372/3372 3382/3382/3382 3381/3381/3381
f 3373/3373/3373 3374/3374/3374 3383/3383/3383
f 3373/3373/3373 3383/3383/3383 3382/3382/3382
f 3374/3374/3374 3375/3375/3375 3384/3384/3384
f 3374/3374/3374 3384/3384/3384 3383/3383/3383
f 3375/3375/3375 3376/3376/3376 3385/3385/3385
f 3375/3375/3375 3385/3385/3385 3384/3384/3384
f 3376/3376/3376 3377/3377/3377 3386/3386/3386
f 3376/3376/3376 3386/3386/3386 3385/3385/3385
f 3377/3377/3377 3378/3378/3378 3387/3387/3387
f 3377/3377/3377 3387/3387/3387 3386/3386/3386
f 3379/3379/3379 3380/3380/3380 3389/3389/3389
f 3379/3379/3379 3389/3389/3389 3388/3388/3388
f 3380/3380/3380 3381/3381/3381 3390/3390/3390
f 3380/3380/3380 3390/3390/3390 3389/3389/3389
f 3381/3381/3381 3382/3382/3382 3391/3391/3391
f 3381/3381/3381 3391/3391/3391 3390/3390/3390
f 3382/3382/3382 3383/3383/3383 3392/3392/3392
f 3382/3382/3382 3392/3392/3392 3391/3391/3391
f 3383/3383/3383 3384/3384/3384 3393/3393/3393
f 3383/3383/3383 3393/3393/3393 3392/3392/3392
f 3384/3384/3384 3385/3385/3385 3394/3394/3394
f 3384/3384/3384 3394/3394/3394 3393/3393/3393
f 3385/3385/3385 3386/3386/3386 3395/3395/3395
f 3385/3385/3385 3395/3395/3395 3394/3394/3394
f 3386/3386/3386 3387/3387/3387 3396/3396/3396
f 3386/3386/3386 3396/3396/3396 3395/3395/3395
f 3388/3388/3388 3389/3389/3389 3398/3398/3398
f 3388/3388/3388 3398/3398/3398 3397/3397/3397
f 3389/3389/3389 3390/3390/3390 3399/3399/3399
f 3389/3389/3389 3399/3399/3399 3398/3398/3398
f 3390/3390/3390 3391/3391/3391 3400/3400/3400
f 3390/3390/3390 3400/3400/3400 3399/3399/3399
f 3391/3391/3391 3392/3392/3392 3401/3401/3401
f 3391/3391/3391 3401/3401/3401 3400/3400/3400
f 3392/3392/3392 3393/3393/3393 3402/3402/3402
f 3392/3392/3392 3402/3402/3402 3401/3401/3401
f 3393/3393/3393 3394/3394/3394 3403/3403/3403
f 3393/3393/3393 3403/3403/3403 3402/3402/3402
f 3394/3394/3394 3395/3395/3395 3404/3404/3404
f 3394/3394/3394 3404/3404/3404 3403/3403/3403
f 3395/3395/3395 3396/3396/3396 3405/3405/3405
f 3395/3395/3395 3405/3405/3405 3404/3404/3404
f 3397/3397/3397 3398/3398/3398 3407/3407/3407
f 3397/3397/3397 3407/3407/3407 3406/3406/3406
f 3398/3398/3398 3399/3399/3399 3408/3408/3408
f 3398/3398/3398 3408/3408/3408 3407/3407/3407
f 3399/3399/3399 3400/3400/3400 3409/3409/3409
f 3399/3399/3399 3409/3409/3409 3408/3408/3408
f 3400/3400/3400 3401/3401/3401 3410/3410/3410
f 3400/3400/3400 3410/3410/3410 3409/3409/3409
f 3401/3401/3401 3402/3402/3402 3411/3411/3411
f 3401/3401/3401 3411/3411/3411 3410/3410/3410
f 3402/3402/3402 3403/3403/3403 3412/3412/3412
f 3402/3402/3402 3412/3412/3412 3411/3411/3411
f 3403/3403/3403 3404/3404/3404 3413/3413/3413
f 3403/3403/3403 3413/3413/3413 3412/3412/3412
f 3404/3404/3404 3405/3405/3405 3414/3414/3414
f 3404/3404/3404 3414/3414/3414 3413/3413/3413
f 3406/3406/3406 3407/3407/3407 3416/3416/3416
f 3406/3406/3406 3416/3416/3416 3415/3415/3415
f 3407/3407/3407 3408/3408/3408 3417/3417/3417
f 3407/3407/3407 3417/3417/3417 3416/3416/3416
f 3408/3408/3408 3409/3409/3409 3418/3418/3418
f 3408/3408/3408 3418/3418/3418 3417/3417/3417
f 3409/3409/3409 3410/3410/3410 3419/3419/3419
f 3409/3409/3409 3419/3419/3419 3418/3418/3418
f 3410/3410/3410 3411/3411/3411 3420/3420/3420
f 3410/3410/3410 3420/3420/3420 3419/3419/3419
f 3411/3411/3411 3412/3412/3412 3421/3421/3421
f 3411/3411/3411 3421/3421/3421 3420/3420/3420
f 3412/3412/3412 3413/3413/3413 3422/3422/3422
f 3412/3412/3412 3422/3422/3422 3421/3421/3421
f 3413/3413/3413 3414/3414/3414 3423/3423/3423
f 3413/3413/3413 3423/3423/3423 3422/3422/3422
f 3415/3415/3415 3416/3416/3416 3425/3425/3425
f 3415/3415/3415 3425/3425/3425 3424/3424/3424
f 3416/3416/3416 3417/3417/3417 3426/3426/3426
f 3416/3416/3416 3426/3426/3426 3425/3425/3425
f 3417/3417/3417 3418/3418/3418 3427/3427/3427
f 3417/3417/3417 3427/3427/3427 3426/3426/3426
f 3418/3418/3418 3419/3419/3419 3428/3428/3428
f 3418/3418/3418 3428/3428/3428 3427/3427/3427
f 3419/3419/3419 3420/3420/3420 3429/3429/3429
f 3419/3419/3419 3429/3429/3429 3428/3428/3428
f 3420/3420/3420 3421/3421/3421 3430/3430/3430
f 3420/3420/3420 3430/3430/3430 3429/3429/3429
f 3421/3421/3421 3422/3422/3422 3431/3431/3431
f 3421/3421/3421 3431/3431/3431 3430/3430/3430
f 3422/3422/3422 3423/3423/3423 3432/3432/3432
f 3422/3422/3422 3432/3432/3432 3431/3431/3431
f 3424/3424/3424 3425/3425/3425 3434/3434/3434
f 3424/3424/3424 3434/3434/3434 3433/3433/3433
f 3425/3425/3425 3426/3426/3426 3435/3435/3435
f 3425/3425/3425 3435/3435/3435 3434/3434/3434
f 3426/3426/3426 3427/3427/3427 3436/3436/3436
f 3426/3426/3426 3436/3436/3436 3435/3435/3435
f 3427/3427/3427 3428/3428/3428 3437/3437/3437
f 3427/3427/3427 3437/3437/3437 3436/3436/3436
f 3428/3428/3428 3429/3429/3429 3438/3438/3438
f 3428/3428/3428 3438/3438/3438 3437/3437/3437
f 3429/3429/3429 3430/3430/3430 3439/3439/3439
f 3429/3429/3429 3439/3439/3439 3438/3438/3438
f 3430/3430/3430 3431/3431/3431 3440/3440/3440
f 3430/3430/3430 3440/3440/3440 3439/3439/3439
f 3431/3431/3431 3432/3432/3432 3441/3441/3441
f 3431/3431/3431 3441/3441/3441 3440/3440/3440
f 3433/3433/3433 3434/3434/3434 3443/3443/3443
f 3433/3433/3433 3443/3443/3443 3442/3442/3442
f 3434/3434/3434 3435/3435/3435 3444/3444/3444
f 3434/3434/3434 3444/3444/3444 3443/3443/3443
f 3435/3435/3435 3436/3436/3436 3445/3445/3445
f 3435/3435/3435 3445/3445/3445 3444/3444/3444
f 3436/3436/3436 3437/3437/3437 3446/3446/3446
f 3436/3436/3436 3446/3446/3446 3445/3445/3445
f 3437/3437/3437 3438/3438/3438 3447/3447/3447
f 3437/3437/3437 3447/3447/3447 3446/3446/3446
f 3438/3438/3438 3439/3439/3439 3448/3448/3448
f 3438/3438/3438 3448/3448/3448 3447/3447/3447
f 3439/3439/3439 3440/3440/3440 3449/3449/3449
f 3439/3439/3439 3449/3449/3449 3448/3448/3448
f 3440/3440/3440 3441/3441/3441 3450/3450/3450
f 3440/3440/3440 3450/3450/3450 3449/3449/3449
f 3442/3442/3442 3443/3443/3443 3452/3452/3452
f 3442/3442/3442 3452/3452/3452 3451/3451/3451
f 3443/3443/3443 3444/3444/3444 3453/3453/3453
f 3443/3443/3443 3453/3453/3453 3452/3452/3452
f 3444/3444/3444 3445/3445/3445 3454/3454/3454
f 3444/3444/3444 3454/3454/3454 3453/3453/3453
f 3445/3445/3445 3446/3446/3446 3455/3455/3455
f 3445/3445/3445 3455/3455/3455 3454/3454/3454
f 3446/3446/3446 3447/3447/3447 3456/3456/3456
f 3446/3446/3446 3456/3456/3456 3455/3455/3455
f 3447/3447/3447 3448/3448/3448 3457/3457/3457
f 3447/3447/3447 3457/3457/3457 3456/3456/3456
f 3448/3448/3448 3449/3449/3449 3458/3458/3458
f 3448/3448/3448 3458/3458/3458 3457/3457/3457
f 3449/3449/3449 3450/3450/3450 3459/3459/3459
f 3449/3449/3449 3459/3459/3459 3458/3458/3458
f 3451/3451/3451 3452/3452/3452 3461/3461/3461
f 3451/3451/3451 3461/3461/3461 3460/3460/3460
f 3452/3452/3452 3453/3453/3453 3462/3462/3462
f 3452/3452/3452 3462/3462/3462 3461/3461/3461
f 3453/3453/3453 3454/3454/3454 3463/3463/3463
f 3453/3453/3453 3463/3463/3463 3462/3462/3462
f 3454/3454/3454 3455/3455/3455 3464/3464/3464
f 3454/3454/3454 3464/3464/3464 3463/3463/3463
f 3455/3455/3455 3456/3456/3456 3465/3465/3465
f 3455/3455/3455 3465/3465/3465 3464/3464/3464
f 3456/3456/3456 3457/3457/3457 3466/3466/3466
f 3456/3456/3456 3466/3466/3466 3465/3465/3465
f 3457/3457/3457 3458/3458/3458 3467/3467/3467
f 3457/3457/3457 3467/3467/3467 3466/3466/3466
f 3458/3458/3458 3459/3459/3459 3468/3468/3468
f 3458/3458/3458 3468/3468/3468 3467/3467/3467
f 3460/3460/3460 3461/3461/3461 3470/3470/3470
f 3460/3460/3460 3470/3470/3470 3469/3469/3469
f 3461/3461/3461 3462/3462/3462 3471/3471/3471
f 3461/3461/3461 3471/3471/3471 3470/3470/3470
f 3462/3462/3462 3463/3463/3463 3472/3472/3472
f 3462/3462/3462 3472/3472/3472 3471/3471/3471
f 3463/3463/3463 3464/3464/3464 3473/3473/3473
f 3463/3463/3463 3473/3473/3473 3472/3472/3472
f 3464/3464/3464 3465/3465/3465 3474/3474/3474
f 3464/3464/3464 3474/3474/3474 3473/3473/3473
f 3465/3465/3465 3466/3466/3466 3475/3475/3475
f 3465/3465/3465 3475/3475/3475 3474/3474/3474
f 3466/3466/3466 3467/3467/3467 3476/3476/3476
f 3466/3466/3466 3476/3476/3476 3475/3475/3475
f 3467/3467/3467 3468/3468/3468 3477/3477/3477
f 3467/3467/3467 3477/3477/3477 3476/3476/3476
f 3469/3469/3469 3470/3470/3470 3479/3479/3479
f 3469/3469/3469 3479/3479/3479 3478/3478/3478
f 3470/3470/3470 3471/3471/3471 3480/3480/3480
f 3470/3470/3470 3480/3480/3480 3479/3479/3479
f 3471/3471/3471 3472/3472/3472 3481/3481/3481
f 3471/3471/3471 3481/3481/3481 3480/3480/3480
f 3472/3472/3472 3473/3473/3473 3482/3482/3482
f 3472/3472/3472 3482/3482/3482 3481/3481/3481
f 3473/3473/3473 3474/3474/3474 3483/3483/3483
f 3473/3473/3473 3483/3483/3483 3482/3482/3482
f 3474/3474/3474 3475/3475/3475 3484/3484/3484
f 3474/3474/3474 3484/3484/3484 3483/3483/3483
f 3475/3475/3475 3476/3476/3476 3485/3485/3485
f 3475/3475/3475 3485/3485/3485 3484/3484/3484
f 3476/3476/3476 3477/3477/3477 3486/3486/3486
f 3476/3476/3476 3486/3486/3486 3485/3485/3485
f 3478/3478/3478 3479/3479/3479 3488/3488/3488
f 3478/3478/3478 3488/3488/3488 3487/3487/3487
f 3479/3479/3479 3480/3480/3480 3489/3489/3489
f 3479/3479/3479 3489/3489/3489 3488/3488/3488
f 3480/3480/3480 3481/3481/3481 3490/3490/3490
f 3480/3480/3480 3490/3490/3490 3489/3489/3489
f 3481/3481/3481 3482/3482/3482 3491/3491/3491
f 3481/3481/3481 3491/3491/3491 3490/3490/3490
f 3482/3482/3482 3483/3483/3483 3492/3492/3492
f 3482/3482/3482 3492/3492/3492 3491/3491/3491
f 3483/3483/3483 3484/3484/3484 3493/3493/3493
f 3483/3483/3483 3493/3493/3493 3492/3492/3492
f 3484/3484/3484 3485/3485/3485 3494/3494/3494
f 3484/3484/3484 3494/3494/3494 3493/3493/3493
f 3485/3485/3485 3486/3486/3486 3495/3495/3495
f 3485/3485/3485 3495/3495/3495 3494/3494/3494
f 3487/3487/3487 3488/3488/3488 3497/3497/3497
f 3487/3487/3487 3497/3497/3497 3496/3496/3496
f 3488/3488/3488 3489/3489/3489 3498/3498/3498
f 3488/3488/3488 3498/3498/3498 3497/3497/3497
f 3489/3489/3489 3490/3490/3490 3499/3499/3499
f 3489/3489/3489 3499/3499/3499 3498/3498/3498
f 3490/3490/3490 3491/3491/3491 3500/3500/3500
f 3490/3490/3490 3500/3500/3500 3499/3499/3499
f 3491/3491/3491 3492/3492/3492 3501/3501/3501
f 3491/3491/3491 3501/3501/3501 3500/3500/3500
f 3492/3492/3492 3493/3493/3493 3502/3502/3502
f 3492/3492/3492 3502/3502/3502 3501/3501/3501
f 3493/3493/3493 3494/3494/3494 3503/3503/3503
f 3493/3493/3493 3503/3503/3503 3502/3502/3502
f 3494/3494/3494 3495/3495/3495 3504/3504/3504
f 3494/3494/3494 3504/3504/3504 3503/3503/3503
f 3496/3496/3496 3497/3497/3497 3506/3506/3506
f 3496/3496/3496 3506/3506/3506 3505/3505/3505
f 3497/3497/3497 3498/3498/3498 3507/3507/3507
f 3497/3497/3497 3507/3507/3507 3506/3506/3506
f 3498/3498/3498 3499/3499/3499 3508/3508/3508
f 3498/3498/3498 3508/3508/3508 3507/3507/3507
f 3499/3499/3499 3500/3500/3500 3509/3509/3509
f 3499/3499/3499 3509/3509/3509 3508/3508/3508
f 3500/3500/3500 3501/3501/3501 3510/3510/3510
f 3500/3500/3500 3510/3510/3510 3509/3509/3509
f 3501/3501/3501 3502/3502/3502 3511/3511/3511
f 3501/3501/3501 3511/3511/3511 3510/3510/3510
f 3502/3502/3502 3503/3503/3503 3512/3512/3512
f 3502/3502/3502 3512/3512/3512 3511/3511/3511
f 3503/3503/3503 3504/3504/3504 3513/3513/3513
f 3503/3503/3503 3513/3513/3513 3512/3512/3512
f 3505/3505/3505 3506/3506/3506 3515/3515/3515
f 3505/3505/3505 3515/3515/3515 3514/3514/3514
f 3506/3506/3506 3507/3507/3507 3516/3516/3516
f 3506/3506/3506 3516/3516/3516 3515/3515/3515
f 3507/3507/3507 3508/3508/3508 3517/3517/3517
f 3507/3507/3507 3517/3517/3517 3516/3516/3516
f 3508/3508/3508 3509/3509/3509 3518/3518/3518
f 3508/3508/3508 3518/3518/3518 3517/3517/3517
f 3509/3509/3509 3510/3510/3510 3519/3519/3519
f 3509/3509/3509 3519/3519/3519 3518/3518/3518
f 3510/3510/3510 3511/3511/3511 3520/3520/3520
f 3510/3510/3510 3520/3520/3520 3519/3519/3519
f 3511/3511/3511 3512/3512/3512 3521/3521/3521
f 3511/3511/3511 3521/3521/3521 3520/3520/3520
f 3512/3512/3512 3513/3513/3513 3522/3522/3522
f 3512/3512/3512 3522/3522/3522 3521/3521/3521
f 3514/3514/3514 3515/3515/3515 3524/3524/3524
f 3514/3514/3514 3524/3524/3524 3523/3523/3523
f 3515/3515/3515 3516/3516/3516 3525/3525/3525
f 3515/3515/3515 3525/3525/3525 3524/3524/3524
f 3516/3516/3516 3517/3517/3517 3526/3526/3526
f 3516/3516/3516 3526/3526/3526 3525/3525/3525
f 3517/3517/3517 3518/3518/3518 3527/3527/3527
f 3517/3517/3517 3527/3527/3527 3526/3526/3526
f 3518/3518/3518 3519/3519/3519 3528/3528/3528
f 3518/3518/3518 3528/3528/3528 3527/3527/3527
f 3519/3519/3519 3520/3520/3520 3529/3529/3529
f 3519/3519/3519 3529/3529/3529 3528/3528/3528
f 3520/3520/3520 3521/3521/3521 3530/3530/3530
f 3520/3520/3520 3530/3530/3530 3529/3529/3529
f 3521/3521/3521 3522/3522/3522 3531/3531/3531
f 3521/3521/3521 3531/3531/3531 3530/3530/3530
f 3523/3523/3523 3524/3524/3524 3533/3533/3533
f 3523/3523/3523 3533/3533/3533 3532/3532/3532
f 3524/3524/3524 3525/3525/3525 3534/3534/3534
f 3524/3524/3524 3534/3534/3534 3533/3533/3533
f 3525/3525/3525 3526/3526/3526 3535/3535/3535
f 3525/3525/3525 3535/3535/3535 3534/3534/3534
f 3526/3526/3526 3527/3527/3527 3536/3536/3536
f 3526/3526/3526 3536/3536/3536 3535/3535/3535
f 3527/3527/3527 3528/3528/3528 3537/3537/3537
f 3527/3527/3527 3537/3537/3537 3536/3536/3536
f 3528/3528/3528 3529/3529/3529 3538/3538/3538
f 3528/3528/3528 3538/3538/3538 3537/3537/3537
f 3529/3529/3529 3530/3530/3530 3539/3539/3539
f 3529/3529/3529 3539/3539/3539 3538/3538/3538
f 3530/3530/3530 3531/3531/3531 3540/3540/3540
f 3530/3530/3530 3540/3540/3540 3539/3539/3539
f 3532/3532/3532 3533/3533/3533 3542/3542/3542
f 3532/3532/3532 3542/3542/3542 3541/3541/3541
f 3533/3533/3533 3534/3534/3534 3543/3543/3543
f 3533/3533/3533 3543/3543/3543 3542/3542/3542
f 3534/3534/3534 3535/3535/3535 3544/3544/3544
f 3534/3534/3534 3544/3544/3544 3543/3543/3543
f 3535/3535/3535 3536/3536/3536 3545/3545/3545
f 3535/3535/3535 3545/3545/3545 3544/3544/3544
f 3536/3536/3536 3537/3537/3537 3546/3546/3546
f 3536/3536/3536 3546/3546/3546 3545/3545/3545
f 3537/3537/3537 3538/3538/3538 3547/3547/3547
f 3537/3537/3537 3547/3547/3547 3546/3546/3546
f 3538/3538/3538 3539/3539/3539 3548/3548/3548
f 3538/3538/3538 3548/3548/3548 3547/3547/3547
f 3539/3539/3539 3540/3540/3540 3549/3549/3549
f 3539/3539/3539 3549/3549/3549 3548/3548/3548
f 3541/3541/3541 3542/3542/3542 3551/3551/3551
f 3541/3541/3541 3551/3551/3551 3550/3550/3550
f 3542/3542/3542 3543/3543/3543 3552/3552/3552
f 3542/3542/3542 3552/3552/3552 3551/3551/3551
f 3543/3543/3543 3544/3544/3544 3553/3553/3553
f 3543/3543/3543 3553/3553/3553 3552/3552/3552
f 3544/3544/3544 3545/3545/3545 3554/3554/3554
f 3544/3544/3544 3554/3554/3554 3553/3553/3553
f 3545/3545/3545 3546/3546/3546 3555/3555/3555
f 3545/3545/3545 3555/3555/3555 3554/3554/3554
f 3546/3546/3546 3547/3547/3547 3556/3556/3556
f 3546/3546/3546 3556/3556/3556 3555/3555/3555
f 3547/3547/3547 3548/3548/3548 3557/3557/3557
f 3547/3547/3547 3557/3557/3557 3556/3556/3556
f 3548/3548/3548 3549/3549/3549 3558/3558/3558
f 3548/3548/3548 3558/3558/3558 3557/3557/3557
f 3550/3550/3550 3551/3551/3551 3560/3560/3560
f 3550/3550/3550 3560/3560/3560 3559/3559/3559
f 3551/3551/3551 3552/3552/3552 3561/3561/3561
f 3551/3551/3551 3561/3561/3561 3560/3560/3560
f 3552/3552/3552 3553/3553/3553 3562/3562/3562
f 3552/3552/3552 3562/3562/3562 3561/3561/3561
f 3553/3553/3553 3554/3554/3554 3563/3563/3563
f 3553/3553/3553 3563/3563/3563 3562/3562/3562
f 3554/3554/3554 3555/3555/3555 3564/3564/3564
f 3554/3554/3554 3564/3564/3564 3563/3563/3563
f 3555/3555/3555 3556/3556/3556 3565/3565/3565
f 3555/3555/3555 3565/3565/3565 3564/3564/3564
f 3556/3556/3556 3557/3557/3557 3566/3566/3566
f 3556/3556/3556 3566/3566/3566 3565/3565/3565
f 3557/3557/3557 3558/3558/3558 3567/3567/3567
f 3557/3557/3557 3567/3567/3567 3566/3566/3566
f 3559/3559/3559 3560/3560/3560 3569/3569/3569
f 3559/3559/3559 3569/3569/3569 3568/3568/3568
f 3560/3560/3560 3561/3561/3561 3570/3570/3570
f 3560/3560/3560 3570/3570/3570 3569/3569/3569
f 3561/3561/3561 3562/3562/3562 3571/3571/3571
f 3561/3561/3561 3571/3571/3571 3570/3570/3570
f 3562/3562/3562 3563/3563/3563 3572/3572/3572
f 3562/3562/3562 3572/3572/3572 3571/3571/3571
f 3563/3563/3563 3564/3564/3564 3573/3573/3573
f 3563/3563/3563 3573/3573/3573 3572/3572/3572
f 3564/3564/3564 3565/3565/3565 3574/3574/3574
f 3564/3564/3564 3574/3574/3574 3573/3573/3573
f 3565/3565/3565 3566/3566/3566 3575/3575/3575
f 3565/3565/3565 3575/3575/3575 3574/3574/3574
f 3566/3566/3566 3567/3567/3567 3576/3576/3576
f 3566/3566/3566 3576/3576/3576 3575/3575/3575
f 3568/3568/3568 3569/3569/3569 3578/3578/3578
f 3568/3568/3568 3578/3578/3578 3577/3577/3577
f 3569/3569/3569 3570/3570/3570 3579/3579/3579
f 3569/3569/3569 3579/3579/3579 3578/3578/3578
f 3570/3570/3570 3571/3571/3571 3580/3580/3580
f 3570/3570/3570 3580/3580/3580 3579/3579/3579
f 3571/3571/3571 3572/3572/3572 3581/3581/3581
f 3571/3571/3571 3581/3581/3581 3580/3580/3580
f 3572/3572/3572 3573/3573/3573 3582/3582/3582
f 3572/3572/3572 3582/3582/3582 3581/3581/3581
f 3573/3573/3573 3574/3574/3574 3583/3583/3583
f 3573/3573/3573 3583/3583/3583 3582/3582/3582
f 3574/3574/3574 3575/3575/3575 3584/3584/3584
f 3574/3574/3574 3584/3584/3584 3583/3583/3583
f 3575/3575/3575 3576/3576/3576 3585/3585/3585
f 3575/3575/3575 3585/3585/3585 3584/3584/3584
f 3577/3577/3577 3578/3578/3578 3587/3587/3587
f 3577/3577/3577 3587/3587/3587 3586/3586/3586
f 3578/3578/3578 3579/3579/3579 3588/3588/3588
f 3578/3578/3578 3588/3588/3588 3587/3587/3587
f 3579/3579/3579 3580/3580/3580 3589/3589/3589
f 3579/3579/3579 3589/3589/3589 3588/3588/3588
f 3580/3580/3580 3581/3581/3581 3590/3590/3590
f 3580/3580/3580 3590/3590/3590 3589/3589/3589
f 3581/3581/3581 3582/3582/3582 3591/3591/3591
f 3581/3581/3581 3591/3591/3591 3590/3590/3590
f 3582/3582/3582 3583/3583/3583 3592/3592/3592
f 3582/3582/3582 3592/3592/3592 3591/3591/3591
f 3583/3583/3583 3584/3584/3584 3593/3593/3593
f 3583/3583/3583 3593/3593/3593 3592/3592/3592
f 3584/3584/3584 3585/3585/3585 3594/3594/3594
f 3584/3584/3584 3594/3594/3594 3593/3593/3593
f 3586/3586/3586 3587/3587/3587 3596/3596/3596
f 3586/3586/3586 3596/3596/3596 3595/3595/3595
f 3587/3587/3587 3588/3588/3588 3597/3597/3597
f 3587/3587/3587 3597/3597/3597 3596/3596/3596
f 3588/3588/3588 3589/3589/3589 3598/3598/3598
f 3588/3588/3588 3598/3598/3598 3597/3597/3597
f 3589/3589/3589 3590/3590/3590 3599/3599/3599
f 3589/3589/3589 3599/3599/3599 3598/3598/3598
f 3590/3590/3590 3591/3591/3591 3600/3600/3600
f 3590/3590/3590 3600/3600/3600 3599/3599/3599
f 3591/3591/3591 3592/3592/3592 3601/3601/3601
f 3591/3591/3591 3601/3601/3601 3600/3600/3600
f 3592/3592/3592 3593/3593/3593 3602/3602/3602
f 3592/3592/3592 3602/3602/3602 3601/3601/3601
f 3593/3593/3593 3594/3594/3594 3603/3603/3603
f 3593/3593/3593 3603/3603/3603 3602/3602/3602
f 3595/3595/3595 3596/3596/3596 3605/3605/3605
f 3595/3595/3595 3605/3605/3605 3604/3604/3604
f 3596/3596/3596 3597/3597/3597 3606/3606/3606
f 3596/3596/3596 3606/3606/3606 3605/3605/3605
f 3597/3597/3597 3598/3598/3598 3607/3607/3607
f 3597/3597/3597 3607/3607/3607 3606/3606/3606
f 3598/3598/3598 3599/3599/3599 3608/3608/3608
f 3598/3598/3598 3608/3608/3608 3607/3607/3607
f 3599/3599/3599 3600/3600/3600 3609/3609/3609
f 3599/3599/3599 3609/3609/3609 3608/3608/3608
f 3600/3600/3600 3601/3601/3601 3610/3610/3610
f 3600/3600/3600 3610/3610/3610 3609/3609/3609
f 3601/3601/3601 3602/3602/3602 3611/3611/3611
f 3601/3601/3601 3611/3611/3611 3610/3610/3610
f 3602/3602/3602 3603/3603/3603 3612/3612/3612
f 3602/3602/3602 3612/3612/3612 3611/3611/3611
f 3604/3604/3604 3605/3605/3605 3614/3614/3614
f 3604/3604/3604 3614/3614/3614 3613/3613/3613
f 3605/3605/3605 3606/3606/3606 3615/3615/3615
f 3605/3605/3605 3615/3615/3615 3614/3614/3614
f 3606/3606/3606 3607/3607/3607 3616/3616/3616
f 3606/3606/3606 3616/3616/3616 3615/3615/3615
f 3607/3607/3607 3608/3608/3608 3617/3617/3617
f 3607/3607/3607 3617/3617/3617 3616/3616/3616
f 3608/3608/3608 3609/3609/3609 3618/3618/3618
f 3608/3608/3608 3618/3618/3618 3617/3617/3617
f 3609/3609/3609 3610/3610/3610 3619/3619/3619
f 3609/3609/3609 3619/3619/3619 3618/3618/3618
f 3610/3610/3610 3611/3611/3611 3620/3620/3620
f 3610/3610/3610 3620/3620/3620 3619/3619/3619
f 3611/3611/3611 3612/3612/3612 3621/3621/3621
f 3611/3611/3611 3621/3621/3621 3620/3620/3620
f 3613/3613/3613 3614/3614/3614 3623/3623/3623
f 3613/3613/3613 3623/3623/3623 3622/3622/3622
f 3614/3614/3614 3615/3615/3615 3624/3624/3624
f 3614/3614/3614 3624/3624/3624 3623/3623/3623
f 3615/3615/3615 3616/3616/3616 3625/3625/3625
f 3615/3615/3615 3625/3625/3625 3624/3624/3624
f 3616/3616/3616 3617/3617/3617 3626/3626/3626
f 3616/3616/3616 3626/3626/3626 3625/3625/3625
f 3617/3617/3617 3618/3618/3618 3627/3627/3627
f 3617/3617/3617 3627/3627/3627 3626/3626/3626
f 3618/3618/3618 3619/3619/3619 3628/3628/3628
f 3618/3618/3618 3628/3628/3628 3627/3627/3627
f 3619/3619/3619 3620/3620/3620 3629/3629/3629
f 3619/3619/3619 3629/3629/3629 3628/3628/3628
f 3620/3620/3620 3621/3621/3621 3630/3630/3630
f 3620/3620/3620 3630/3630/3630 3629/3629/3629
f 3622/3622/3622 3623/3623/3623 3632/3632/3632
f 3622/3622/3622 3632/3632/3632 3631/3631/3631
f 3623/3623/3623 3624/3624/3624 3633/3633/3633
f 3623/3623/3623 3633/3633/3633 3632/3632/3632
f 3624/3624/3624 3625/3625/3625 3634/3634/3634
f 3624/3624/3624 3634/3634/3634 3633/3633/3633
f 3625/3625/3625 3626/3626/3626 3635/3635/3635
f 3625/3625/3625 3635/3635/3635 3634/3634/3634
f 3626/3626/3626 3627/3627/3627 3636/3636/3636
f 3626/3626/3626 3636/3636/3636 3635/3635/3635
f 3627/3627/3627 3628/3628/3628 3637/3637/3637
f 3627/3627/3627 3637/3637/3637 3636/3636/3636
f 3628/3628/3628 3629/3629/3629 3638/3638/3638
f 3628/3628/3628 3638/3638/3638 3637/3637/3637
f 3629/3629/3629 3630/3630/3630 3639/3639/3639
f 3629/3629/3629 3639/3639/3639 3638/3638/3638
f 3631/3631/3631 3632/3632/3632 3641/3641/3641
f 3631/3631/3631 3641/3641/3641 3640/3640/3640
f 3632/3632/3632 3633/3633/3633 3642/3642/3642
f 3632/3632/3632 3642/3642/3642 3641/3641/3641
f 3633/3633/3633 3634/3634/3634 3643/3643/3643
f 3633/3633/3633 3643/3643/3643 3642/3642/3642
f 3634/3634/3634 3635/3635/3635 3644/3644/3644
f 3634/3634/3634 3644/3644/3644 3643/3643/3643
f 3635/3635/3635 3636/3636/3636 3645/3645/3645
f 3635/3635/3635 3645/3645/3645 3644/3644/3644
f 3636/3636/3636 3637/3637/3637 3646/3646/3646
f 3636/3636/3636 3646/3646/3646 3645/3645/3645
f 3637/3637/3637 3638/3638/3638 3647/3647/3647
f 3637/3637/3637 3647/3647/3647 3646/3646/3646
f 3638/3638/3638 3639/3639/3639 3648/3648/3648
f 3638/3638/3638 3648/3648/3648 3647/3647/3647
f 3640/3640/3640 3641/3641/3641 3650/3650/3650
f 3640/3640/3640 3650/3650/3650 3649/3649/3649
f 3641/3641/3641 3642/3642/3642 3651/3651/3651
f 3641/3641/3641 3651/3651/3651 3650/3650/3650
f 3642/3642/3642 3643/3643/3643 3652/3652/3652
f 3642/3642/3642 3652/3652/3652 3651/3651/3651
f 3643/3643/3643 3644/3644/3644 3653/3653/3653
f 3643/3643/3643 3653/3653/3653 3652/3652/3652
f 3644/3644/3644 3645/3645/3645 3654/3654/3654
f 3644/3644/3644 3654/3654/3654 3653/3653/3653
f 3645/3645/3645 3646/3646/3646 3655/3655/3655
f 3645/3645/3645 3655/3655/3655 3654/3654/3654
f 3646/3646/3646 3647/3647/3647 3656/3656/3656
f 3646/3646/3646 3656/3656/3656 3655/3655/3655
f 3647/3647/3647 3648/3648/3648 3657/3657/3657
f 3647/3647/3647 3657/3657/3657 3656/3656/3656
f 3649/3649/3649 3650/3650/3650 3659/3659/3659
f 3649/3649/3649 3659/3659/3659 3658/3658/3658
f 3650/3650/3650 3651/3651/3651 3660/3660/3660
f 3650/3650/3650 3660/3660/3660 3659/3659/3659
f 3651/3651/3651 3652/3652/3652 3661/3661/3661
f 3651/3651/3651 3661/3661/3661 3660/3660/3660
f 3652/3652/3652 3653/3653/3653 3662/3662/3662
f 3652/3652/3652 3662/3662/3662 3661/3661/3661
f 3653/3653/3653 3654/3654/3654 3663/3663/3663
f 3653/3653/3653 3663/3663/3663 3662/3662/3662
f 3654/3654/3654 3655/3655/3655 3664/3664/3664
f 3654/3654/3654 3664/3664/3664 3663/3663/3663
f 3655/3655/3655 3656/3656/3656 3665/3665/3665
f 3655/3655/3655 3665/3665/3665 3664/3664/3664
f 3656/3656/3656 3657/3657/3657 3666/3666/3666
f 3656/3656/3656 3666/3666/3666 3665/3665/3665
f 3658/3658/3658 3659/3659/3659 3668/3668/3668
f 3658/3658/3658 3668/3668/3668 3667/3667/3667
f 3659/3659/3659 3660/3660/3660 3669/3669/3669
f 3659/3659/3659 3669/3669/3669 3668/3668/3668
f 3660/3660/3660 3661/3661/3661 3670/3670/3670
f 3660/3660/3660 3670/3670/3670 3669/3669/3669
f 3661/3661/3661 3662/3662/3662 3671/3671/3671
f 3661/3661/3661 3671/3671/3671 3670/3670/3670
f 3662/3662/3662 3663/3663/3663 3672/3672/3672
f 3662/3662/3662 3672/3672/3672 3671/3671/3671
f 3663/3663/3663 3664/3664/3664 3673/3673/3673
f 3663/3663/3663 3673/3673/3673 3672/3672/3672
f 3664/3664/3664 3665/3665/3665 3674/3674/3674
f 3664/3664/3664 3674/3674/3674 3673/3673/3673
f 3665/3665/3665 3666/3666/3666 3675/3675/3675
f 3665/3665/3665 3675/3675/3675 3674/3674/3674
f 3667/3667/3667 3668/3668/3668 3677/3677/3677
f 3667/3667/3667 3677/3677/3677 3676/3676/3676
f 3668/3668/3668 3669/3669/3669 3678/3678/3678
f 3668/3668/3668 3678/3678/3678 3677/3677/3677
f 3669/3669/3669 3670/3670/3670 3679/3679/3679
f 3669/3669/3669 3679/3679/3679 3678/3678/3678
f 3670/3670/3670 3671/3671/3671 3680/3680/3680
f 3670/3670/3670 3680/3680/3680 3679/3679/3679
f 3671/3671/3671 3672/3672/3672 3681/3681/3681
f 3671/3671/3671 3681/3681/3681 3680/3680/3680
f 3672/3672/3672 3673/3673/3673 3682/3682/3682
f 3672/3672/3672 3682/3682/3682 3681/3681/3681
f 3673/3673/3673 3674/3674/3674 3683/3683/3683
f 3673/3673/3673 3683/3683/3683 3682/3682/3682
f 3674/3674/3674 3675/3675/3675 3684/3684/3684
f 3674/3674/3674 3684/3684/3684 3683/3683/3683
f 3676/3676/3676 3677/3677/3677 3686/3686/3686
f 3676/3676/3676 3686/3686/3686 3685/3685/3685
f 3677/3677/3677 3678/3678/3678 3687/3687/3687
f 3677/3677/3677 3687/3687/3687 3686/3686/3686
f 3678/3678/3678 3679/3679/3679 3688/3688/3688
f 3678/3678/3678 3688/3688/3688 3687/3687/3687
f 3679/3679/3679 3680/3680/3680 3689/3689/3689
f 3679/3679/3679 3689/3689/3689 3688/3688/3688
f 3680/3680/3680 3681/3681/3681 3690/3690/3690
f 3680/3680/3680 3690/3690/3690 3689/3689/3689
f 3681/3681/3681 3682/3682/3682 3691/3691/3691
f 3681/3681/3681 3691/3691/3691 3690/3690/3690
f 3682/3682/3682 3683/3683/3683 3692/3692/3692
f 3682/3682/3682 3692/3692/3692 3691/3691/3691
f 3683/3683/3683 3684/3684/3684 3693/3693/3693
f 3683/3683/3683 3693/3693/3693 3692/3692/3692
f 3685/3685/3685 3686/3686/3686 3695/3695/3695
f 3685/3685/3685 3695/3695/3695 3694/3694/3694
f 3686/3686/3686 3687/3687/3687 3696/3696/3696
f 3686/3686/3686 3696/3696/3696 3695/3695/3695
f 3687/3687/3687 3688/3688/3688 3697/3697/3697
f 3687/3687/3687 3697/3697/3697 3696/3696/3696
f 3688/3688/3688 3689/3689/3689 3698/3698/3698
f 3688/3688/3688 3698/3698/3698 3697/3697/3697
f 3689/3689/3689 3690/3690/3690 3699/3699/3699
f 3689/3689/3689 3699/3699/3699 3698/3698/3698
f 3690/3690/3690 3691/3691/3691 3700/3700/3700
f 3690/3690/3690 3700/3700/3700 3699/3699/3699
f 3691/3691/3691 3692/3692/3692 3701/3701/3701
f 3691/3691/3691 3701/3701/3701 3700/3700/3700
f 3692/3692/3692 3693/3693/3693 3702/3702/3702
f 3692/3692/3692 3702/3702/3702 3701/3701/3701
f 3694/3694/3694 3695/3695/3695 3704/3704/3704
f 3694/3694/3694 3704/3704/3704 3703/3703/3703
f 3695/3695/3695 3696/3696/3696 3705/3705/3705
f 3695/3695/3695 3705/3705/3705 3704/3704/3704
f 3696/3696/3696 3697/3697/3697 3706/3706/3706
f 3696/3696/3696 3706/3706/3706 3705/3705/3705
f 3697/3697/3697 3698/3698/3698 3707/3707/3707
f 3697/3697/3697 3707/3707/3707 3706/3706/3706
f 3698/3698/3698 3699/3699/3699 3708/3708/3708
f 3698/3698/3698 3708/3708/3708 3707/3707/3707
f 3699/3699/3699 3700/3700/3700 3709/3709/3709
f 3699/3699/3699 3709/3709/3709 3708/3708/3708
f 3700/3700/3700 3701/3701/3701 3710/3710/3710
f 3700/3700/3700 3710/3710/3710 3709/3709/3709
f 3701/3701/3701 3702/3702/3702 3711/3711/3711
f 3701/3701/3701 3711/3711/3711 3710/3710/3710
f 3703/3703/3703 3704/3704/3704 3713/3713/3713
f 3703/3703/3703 3713/3713/3713 3712/3712/3712
f 3704/3704/3704 3705/3705/3705 3714/3714/3714
f 3704/3704/3704 3714/3714/3714 3713/3713/3713
f 3705/3705/3705 3706/3706/3706 3715/3715/3715
f 3705/3705/3705 3715/3715/3715 3714/3714/3714
f 3706/3706/3706 3707/3707/3707 3716/3716/3716
f 3706/3706/3706 3716/3716/3716 3715/3715/3715
f 3707/3707/3707 3708/3708/3708 3717/3717/3717
f 3707/3707/3707 3717/3717/3717 3716/3716/3716
f 3708/3708/3708 3709/3709/3709 3718/3718/3718
f 3708/3708/3708 3718/3718/3718 3717/3717/3717
f 3709/3709/3709 3710/3710/3710 3719/3719/3719
f 3709/3709/3709 3719/3719/3719 3718/3718/3718
f 3710/3710/3710 3711/3711/3711 3720/3720/3720
f 3710/3710/3710 3720/3720/3720 3719/3719/3719
f 3712/3712/3712 3713/3713/3713 3722/3722/3722
f 3712/3712/3712 3722/3722/3722 3721/3721/3721
f 3713/3713/3713 3714/3714/3714 3723/3723/3723
f 3713/3713/3713 3723/3723/3723 3722/3722/3722
f 3714/3714/3714 3715/3715/3715 3724/3724/3724
f 3714/3714/3714 3724/3724/3724 3723/3723/3723
f 3715/3715/3715 3716/3716/3716 3725/3725/3725
f 3715/3715/3715 3725/3725/3725 3724/3724/3724
f 3716/3716/3716 3717/3717/3717 3726/3726/3726
f 3716/3716/3716 3726/3726/3726 3725/3725/3725
f 3717/3717/3717 3718/3718/3718 3727/3727/3727
f 3717/3717/3717 3727/3727/3727 3726/3726/3726
f 3718/3718/3718 3719/3719/3719 3728/3728/3728
f 3718/3718/3718 3728/3728/3728 3727/3727/3727
f 3719/3719/3719 3720/3720/3720 3729/3729/3729
f 3719/3719/3719 3729/3729/3729 3728/3728/3728
f 3721/3721/3721 3722/3722/3722 3731/3731/3731
f 3721/3721/3721 3731/3731/3731 3730/3730/3730
f 3722/3722/3722 3723/3723/3723 3732/3732/3732
f 3722/3722/3722 3732/3732/3732 3731/3731/3731
f 3723/3723/3723 3724/3724/3724 3733/3733/3733
f 3723/3723/3723 3733/3733/3733 3732/3732/3732
f 3724/3724/3724 3725/3725/3725 3734/3734/3734
f 3724/3724/3724 3734/3734/3734 3733/3733/3733
f 3725/3725/3725 3726/3726/3726 3735/3735/3735
f 3725/3725/3725 3735/3735/3735 3734/3734/3734
f 3726/3726/3726 3727/3727/3727 3736/3736/3736
f 3726/3726/3726 3736/3736/3736 3735/3735/3735
f 3727/3727/3727 3728/3728/3728 3737/3737/3737
f 3727/3727/3727 3737/3737/3737 3736/3736/3736
f 3728/3728/3728 3729/3729/3729 3738/3738/3738
f 3728/3728/3728 3738/3738/3738 3737/3737/3737
f 3730/3730/3730 3731/3731/3731 3740/3740/3740
f 3730/3730/3730 3740/3740/3740 3739/3739/3739
f 3731/3731/3731 3732/3732/3732 3741/3741/3741
f 3731/3731/3731 3741/3741/3741 3740/3740/3740
f 3732/3732/3732 3733/3733/3733 3742/3742/3742
f 3732/3732/3732 3742/3742/3742 3741/3741/3741
f 3733/3733/3733 3734/3734/3734 3743/3743/3743
f 3733/3733/3733 3743/3743/3743 3742/3742/3742
f 3734/3734/3734 3735/3735/3735 3744/3744/3744
f 3734/3734/3734 3744/3744/3744 3743/3743/3743
f 3735/3735/3735 3736/3736/3736 3745/3745/3745
f 3735/3735/3735 3745/3745/3745 3744/3744/3744
f 3736/3736/3736 3737/3737/3737 3746/3746/3746
f 3736/3736/3736 3746/3746/3746 3745/3745/3745
f 3737/3737/3737 3738/3738/3738 3747/3747/3747
f 3737/3737/3737 3747/3747/3747 3746/3746/3746
f 3748/3748/3748 3749/3749/3749 3758/3758/3758
f 3748/3748/3748 3758/3758/3758 3757/3757/3757
f 3749/3749/3749 3750/3750/3750 3759/3759/3759
f 3749/3749/3749 3759/3759/3759 3758/3758/3758
f 3750/3750/3750 3751/3751/3751 3760/3760/3760
f 3750/3750/3750 3760/3760/3760 3759/3759/3759
f 3751/3751/3751 3752/3752/3752 3761/3761/3761
f 3751/3751/3751 3761/3761/3761 3760/3760/3760
f 3752/3752/3752 3753/3753/3753 3762/3762/3762
f 3752/3752/3752 3762/3762/3762 3761/3761/3761
f 3753/3753/3753 3754/3754/3754 3763/3763/3763
f 3753/3753/3753 3763/3763/3763 3762/3762/3762
f 3754/3754/3754 3755/3755/3755 3764/3764/3764
f 3754/3754/3754 3764/3764/3764 3763/3763/3763
f 3755/3755/3755 3756/3756/3756 3765/3765/3765
f 3755/3755/3755 3765/3765/3765 3764/3764/3764
f 3757/3757/3757 3758/3758/3758 3767/3767/3767
f 3757/3757/3757 3767/3767/3767 3766/3766/3766
f 3758/3758/3758 3759/3759/3759 3768/3768/3768
f 3758/3758/3758 3768/3768/3768 3767/3767/3767
f 3759/3759/3759 3760/3760/3760 3769/3769/3769
f 3759/3759/3759 3769/3769/3769 3768/3768/3768
f 3760/3760/3760 3761/3761/3761 3770/3770/3770
f 3760/3760/3760 3770/3770/3770 3769/3769/3769
f 3761/3761/3761 3762/3762/3762 3771/3771/3771
f 3761/3761/3761 3771/3771/3771 3770/3770/3770
f 3762/3762/3762 3763/3763/3763 3772/3772/3772
f 3762/3762/3762 3772/3772/3772 3771/3771/3771
f 3763/3763/3763 3764/3764/3764 3773/3773/3773
f 3763/3763/3763 3773/3773/3773 3772/3772/3772
f 3764/3764/3764 3765/3765/3765 3774/3774/3774
f 3764/3764/3764 3774/3774/3774 3773/3773/3773
f 3766/3766/3766 3767/3767/3767 3776/3776/3776
f 3766/3766/3766 3776/3776/3776 3775/3775/3775
f 3767/3767/3767 3768/3768/3768 3777/3777/3777
f 3767/3767/3767 3777/3777/3777 3776/3776/3776
f 3768/3768/3768 3769/3769/3769 3778/3778/3778
f 3768/3768/3768 3778/3778/3778 3777/3777/3777
f 3769/3769/3769 3770/3770/3770 3779/3779/3779
f 3769/3769/3769 3779/3779/3779 3778/3778/3778
f 3770/3770/3770 3771/3771/3771 3780/3780/3780
f 3770/3770/3770 3780/3780/3780 3779/3779/3779
f 3771/3771/3771 3772/3772/3772 3781/3781/3781
f 3771/3771/3771 3781/3781/3781 3780/3780/3780
f 3772/3772/3772 3773/3773/3773 3782/3782/3782
f 3772/3772/3772 3782/3782/3782 3781/3781/3781
f 3773/3773/3773 3774/3774/3774 3783/3783/3783
f 3773/3773/3773 3783/3783/3783 3782/3782/3782
f 3775/3775/3775 3776/3776/3776 3785/3785/3785
f 3775/3775/3775 3785/3785/3785 3784/3784/3784
f 3776/3776/3776 3777/3777/3777 3786/3786/3786
f 3776/3776/3776 3786/3786/3786 3785/3785/3785
f 3777/3777/3777 3778/3778/3778 3787/3787/3787
f 3777/3777/3777 3787/3787/3787 3786/3786/3786
f 3778/3778/3778 3779/3779/3779 3788/3788/3788
f 3778/3778/3778 3788/3788/3788 3787/3787/3787
f 3779/3779/3779 3780/3780/3780 3789/3789/3789
f 3779/3779/3779 3789/3789/3789 3788/3788/3788
f 3780/3780/3780 3781/3781/3781 3790/3790/3790
f 3780/3780/3780 3790/3790/3790 3789/3789/3789
f 3781/3781/3781 3782/3782/3782 3791/3791/3791
f 3781/3781/3781 3791/3791/3791 3790/3790/3790
f 3782/3782/3782 3783/3783/3783 3792/3792/3792
f 3782/3782/3782 3792/3792/3792 3791/3791/3791
f 3784/3784/3784 3785/3785/3785 3794/3794/3794
f 3784/3784/3784 3794/3794/3794 3793/3793/3793
f 3785/3785/3785 3786/3786/3786 3795/3795/3795
f 3785/3785/3785 3795/3795/3795 3794/3794/3794
f 3786/3786/3786 3787/3787/3787 3796/3796/3796
f 3786/3786/3786 3796/3796/3796 3795/3795/3795
f 3787/3787/3787 3788/3788/3788 3797/3797/3797
f 3787/3787/3787 3797/3797/3797 3796/3796/3796
f 3788/3788/3788 3789/3789/3789 3798/3798/3798
f 3788/3788/3788 3798/3798/3798 3797/3797/3797
f 3789/3789/3789 3790/3790/3790 3799/3799/3799
f 3789/3789/3789 3799/3799/3799 3798/3798/3798
f 3790/3790/3790 3791/3791/3791 3800/3800/3800
f 3790/3790/3790 3800/3800/3800 3799/3799/3799
f 3791/3791/3791 3792/3792/3792 3801/3801/3801
f 3791/3791/3791 3801/3801/3801 3800/3800/3800
f 3793/3793/3793 3794/3794/3794 3803/3803/3803
f 3793/3793/3793 3803/3803/3803 3802/3802/3802
f 3794/3794/3794 3795/3795/3795 3804/3804/3804
f 3794/3794/3794 3804/3804/3804 3803/3803/3803
f 3795/3795/3795 3796/3796/3796 3805/3805/3805
f 3795/3795/3795 3805/3805/3805 3804/3804/3804
f 3796/3796/3796 3797/3797/3797 3806/3806/3806
f 3796/3796/3796 3806/3806/3806 3805/3805/3805
f 3797/3797/3797 3798/3798/3798 3807/3807/3807
f 3797/3797/3797 3807/3807/3807 3806/3806/3806
f 3798/3798/3798 3799/3799/3799 3808/3808/3808
f 3798/3798/3798 3808/3808/3808 3807/3807/3807
f 3799/3799/3799 3800/3800/3800 3809/3809/3809
f 3799/3799/3799 3809/3809/3809 3808/3808/3808
f 3800/3800/3800 3801/3801/3801 3810/3810/3810
f 3800/3800/3800 3810/3810/3810 3809/3809/3809
f 3802/3802/3802 3803/3803/3803 3812/3812/3812
f 3802/3802/3802 3812/3812/3812 3811/3811/3811
f 3803/3803/3803 3804/3804/3804 3813/3813/3813
f 3803/3803/3803 3813/3813/3813 3812/3812/3812
f 3804/3804/3804 3805/3805/3805 3814/3814/3814
f 3804/3804/3804 3814/3814/3814 3813/3813/3813
f 3805/3805/3805 3806/3806/3806 3815/3815/3815
f 3805/3805/3805 3815/3815/3815 3814/3814/3814
f 3806/3806/3806 3807/3807/3807 3816/3816/3816
f 3806/3806/3806 3816/3816/3816 3815/3815/3815
f 3807/3807/3807 3808/3808/3808 3817/3817/3817
f 3807/3807/3807 3817/3817/3817 3816/3816/3816
f 3808/3808/3808 3809/3809/3809 3818/3818/3818
f 3808/3808/3808 3818/3818/3818 3817/3817/3817
f 3809/3809/3809 3810/3810/3810 3819/3819/3819
f 3809/3809/3809 3819/3819/3819 3818/3818/3818
f 3811/3811/3811 3812/3812/3812 3821/3821/3821
f 3811/3811/3811 3821/3821/3821 3820/3820/3820
f 3812/3812/3812 3813/3813/3813 3822/3822/3822
f 3812/3812/3812 3822/3822/3822 3821/3821/3821
f 3813/3813/3813 3814/3814/3814 3823/3823/3823
f 3813/3813/3813 3823/3823/3823 3822/3822/3822
f 3814/3814/3814 3815/3815/3815 3824/3824/3824
f 3814/3814/3814 3824/3824/3824 3823/3823/3823
f 3815/3815/3815 3816/3816/3816 3825/3825/3825
f 3815/3815/3815 3825/3825/3825 3824/3824/3824
f 3816/3816/3816 3817/3817/3817 3826/3826/3826
f 3816/3816/3816 3826/3826/3826 3825/3825/3825
f 3817/3817/3817 3818/3818/3818 3827/3827/3827
f 3817/3817/3817 3827/3827/3827 3826/3826/3826
f 3818/3818/3818 3819/3819/3819 3828/3828/3828
f 3818/3818/3818 3828/3828/3828 3827/3827/3827
f 3820/3820/3820 3821/3821/3821 3830/3830/3830
f 3820/3820/3820 3830/3830/3830 3829/3829/3829
f 3821/3821/3821 3822/3822/3822 3831/3831/3831
f 3821/3821/3821 3831/3831/3831 3830/3830/3830
f 3822/3822/3822 3823/3823/3823 3832/3832/3832
f 3822/3822/3822 3832/3832/3832 3831/3831/3831
f 3823/3823/3823 3824/3824/3824 3833/3833/3833
f 3823/3823/3823 3833/3833/3833 3832/3832/3832
f 3824/3824/3824 3825/3825/3825 3834/3834/3834
f 3824/3824/3824 3834/3834/3834 3833/3833/3833
f 3825/3825/3825 3826/3826/3826 3835/3835/3835
f 3825/3825/3825 3835/3835/3835 3834/3834/3834
f 3826/3826/3826 3827/3827/3827 3836/3836/3836
f 3826/3826/3826 3836/3836/3836 3835/3835/3835
f 3827/3827/3827 3828/3828/3828 3837/3837/3837
f 3827/3827/3827 3837/3837/3837 3836/3836/3836
f 3829/3829/3829 3830/3830/3830 3839/3839/3839
f 3829/3829/3829 3839/3839/3839 3838/3838/3838
f 3830/3830/3830 3831/3831/3831 3840/3840/3840
f 3830/3830/3830 3840/3840/3840 3839/3839/3839
f 3831/3831/3831 3832/3832/3832 3841/3841/3841
f 3831/3831/3831 3841/3841/3841 3840/3840/3840
f 3832/3832/3832 3833/3833/3833 3842/3842/3842
f 3832/3832/3832 3842/3842/3842 3841/3841/3841
f 3833/3833/3833 3834/3834/3834 3843/3843/3843
f 3833/3833/3833 3843/3843/3843 3842/3842/3842
f 3834/3834/3834 3835/3835/3835 3844/3844/3844
f 3834/3834/3834 3844/3844/3844 3843/3843/3843
f 3835/3835/3835 3836/3836/3836 3845/3845/3845
f 3835/3835/3835 3845/3845/3845 3844/3844/3844
f 3836/3836/3836 3837/3837/3837 3846/3846/3846
f 3836/3836/3836 3846/3846/3846 3845/3845/3845
f 3838/3838/3838 3839/3839/3839 3848/3848/3848
f 3838/3838/3838 3848/3848/3848 3847/3847/3847
f 3839/3839/3839 3840/3840/3840 3849/3849/3849
f 3839/3839/3839 3849/3849/3849 3848/3848/3848
f 3840/3840/3840 3841/3841/3841 3850/3850/3850
f 3840/3840/3840 3850/3850/3850 3849/3849/3849
f 3841/3841/3841 3842/3842/3842 3851/3851/3851
f 3841/3841/3841 3851/3851/3851 3850/3850/3850
f 3842/3842/3842 3843/3843/3843 3852/3852/3852
f 3842/3842/3842 3852/3852/3852 3851/3851/3851
f 3843/3843/3843 3844/3844/3844 3853/3853/3853
f 3843/3843/3843 3853/3853/3853 3852/3852/3852
f 3844/3844/3844 3845/3845/3845 3854/3854/3854
f 3844/3844/3844 3854/3854/3854 3853/3853/3853
f 3845/3845/3845 3846/3846/3846 3855/3855/3855
f 3845/3845/3845 3855/3855/3855 3854/3854/3854
f 3847/3847/3847 3848/3848/3848 3857/3857/3857
f 3847/3847/3847 3857/3857/3857 3856/3856/3856
f 3848/3848/3848 3849/3849/3849 3858/3858/3858
f 3848/3848/3848 3858/3858/3858 3857/3857/3857
f 3849/3849/3849 3850/3850/3850 3859/3859/3859
f 3849/3849/3849 3859/3859/3859 3858/3858/3858
f 3850/3850/3850 3851/3851/3851 3860/3860/3860
f 3850/3850/3850 3860/3860/3860 3859/3859/3859
f 3851/3851/3851 3852/3852/3852 3861/3861/3861
f 3851/3851/3851 3861/3861/3861 3860/3860/3860
f 3852/3852/3852 3853/3853/3853 3862/3862/3862
f 3852/3852/3852 3862/3862/3862 3861/3861/3861
f 3853/3853/3853 3854/3854/3854 3863/3863/3863
f 3853/3853/3853 3863/3863/3863 3862/3862/3862
f 3854/3854/3854 3855/3855/3855 3864/3864/3864
f 3854/3854/3854 3864/3864/3864 3863/3863/3863
f 3856/3856/3856 3857/3857/3857 3866/3866/3866
f 3856/3856/3856 3866/3866/3866 3865/3865/3865
f 3857/3857/3857 3858/3858/3858 3867/3867/3867
f 3857/3857/3857 3867/3867/3867 3866/3866/3866
f 3858/3858/3858 3859/3859/3859 3868/3868/3868
f 3858/3858/3858 3868/3868/3868 3867/3867/3867
f 3859/3859/3859 3860/3860/3860 3869/3869/3869
f 3859/3859/3859 3869/3869/3869 3868/3868/3868
f 3860/3860/3860 3861/3861/3861 3870/3870/3870
f 3860/3860/3860 3870/3870/3870 3869/3869/3869
f 3861/3861/3861 3862/3862/3862 3871/3871/3871
f 3861/3861/3861 3871/3871/3871 3870/3870/3870
f 3862/3862/3862 3863/3863/3863 3872/3872/3872
f 3862/3862/3862 3872/3872/3872 3871/3871/3871
f 3863/3863/3863 3864/3864/3864 3873/3873/3873
f 3863/3863/3863 3873/3873/3873 3872/3872/3872
f 3865/3865/3865 3866/3866/3866 3875/3875/3875
f 3865/3865/3865 3875/3875/3875 3874/3874/3874
f 3866/3866/3866 3867/3867/3867 3876/3876/3876
f 3866/3866/3866 3876/3876/3876 3875/3875/3875
f 3867/3867/3867 3868/3868/3868 3877/3877/3877
f 3867/3867/3867 3877/3877/3877 3876/3876/3876
f 3868/3868/3868 3869/3869/3869 3878/3878/3878
f 3868/3868/3868 3878/3878/3878 3877/3877/3877
f 3869/3869/3869 3870/3870/3870 3879/3879/3879
f 3869/3869/3869 3879/3879/3879 3878/3878/3878
f 3870/3870/3870 3871/3871/3871 3880/3880/3880
f 3870/3870/3870 3880/3880/3880 3879/3879/3879
f 3871/3871/3871 3872/3872/3872 3881/3881/3881
f 3871/3871/3871 3881/3881/3881 3880/3880/3880
f 3872/3872/3872 3873/3873/3873 3882/3882/3882
f 3872/3872/3872 3882/3882/3882 3881/3881/3881
f 3874/3874/3874 3875/3875/3875 3884/3884/3884
f 3874/3874/3874 3884/3884/3884 3883/3883/3883
f 3875/3875/3875 3876/3876/3876 3885/3885/3885
f 3875/3875/3875 3885/3885/3885 3884/3884/3884
f 3876/3876/3876 3877/3877/3877 3886/3886/3886
f 3876/3876/3876 3886/3886/3886 3885/3885/3885
f 3877/3877/3877 3878/3878/3878 3887/3887/3887
f 3877/3877/3877 3887/3887/3887 3886/3886/3886
f 3878/3878/3878 3879/3879/3879 3888/3888/3888
f 3878/3878/3878 3888/3888/3888 3887/3887/3887
f 3879/3879/3879 3880/3880/3880 3889/3889/3889
f 3879/3879/3879 3889/3889/3889 3888/3888/3888
f 3880/3880/3880 3881/3881/3881 3890/3890/3890
f 3880/3880/3880 3890/3890/3890 3889/3889/3889
f 3881/3881/3881 3882/3882/3882 3891/3891/3891
f 3881/3881/3881 3891/3891/3891 3890/3890/3890
f 3883/3883/3883 3884/3884/3884 3893/3893/3893
f 3883/3883/3883 3893/3893/3893 3892/3892/3892
f 3884/3884/3884 3885/3885/3885 3894/3894/3894
f 3884/3884/3884 3894/3894/3894 3893/3893/3893
f 3885/3885/3885 3886/3886/3886 3895/3895/3895
f 3885/3885/3885 3895/3895/3895 3894/3894/3894
f 3886/3886/3886 3887/3887/3887 3896/3896/3896
f 3886/3886/3886 3896/3896/3896 3895/3895/3895
f 3887/3887/3887 3888/3888/3888 3897/3897/3897
f 3887/3887/3887 3897/3897/3897 3896/3896/3896
f 3888/3888/3888 3889/3889/3889 3898/3898/3898
f 3888/3888/3888 3898/3898/3898 3897/3897/3897
f 3889/3889/3889 3890/3890/3890 3899/3899/3899
f 3889/3889/3889 3899/3899/3899 3898/3898/3898
f 3890/3890/3890 3891/3891/3891 3900/3900/3900
f 3890/3890/3890 3900/3900/3900 3899/3899/3899
f 3892/3892/3892 3893/3893/3893 3902/3902/3902
f 3892/3892/3892 3902/3902/3902 3901/3901/3901
f 3893/3893/3893 3894/3894/3894 3903/3903/3903
f 3893/3893/3893 3903/3903/3903 3902/3902/3902
f 3894/3894/3894 3895/3895/3895 3904/3904/3904
f 3894/3894/3894 3904/3904/3904 3903/3903/3903
f 3895/3895/3895 3896/3896/3896 3905/3905/3905
f 3895/3895/3895 3905/3905/3905 3904/3904/3904
f 3896/3896/3896 3897/3897/3897 3906/3906/3906
f 3896/3896/3896 3906/3906/3906 3905/3905/3905
f 3897/3897/3897 3898/3898/3898 3907/3907/3907
f 3897/3897/3897 3907/3907/3907 3906/3906/3906
f 3898/3898/3898 3899/3899/3899 3908/3908/3908
f 3898/3898/3898 3908/3908/3908 3907/3907/3907
f 3899/3899/3899 3900/3900/3900 3909/3909/3909
f 3899/3899/3899 3909/3909/3909 3908/3908/3908
f 3901/3901/3901 3902/3902/3902 3911/3911/3911
f 3901/3901/3901 3911/3911/3911 3910/3910/3910
f 3902/3902/3902 3903/3903/3903 3912/3912/3912
f 3902/3902/3902 3912/3912/3912 3911/3911/3911
f 3903/3903/3903 3904/3904/3904 3913/3913/3913
f 3903/3903/3903 3913/3913/3913 3912/3912/3912
f 3904/3904/3904 3905/3905/3905 3914/3914/3914
f 3904/3904/3904 3914/3914/3914 3913/3913/3913
f 3905/3905/3905 3906/3906/3906 3915/3915/3915
f 3905/3905/3905 3915/3915/3915 3914/3914/3914
f 3906/3906/3906 3907/3907/3907 3916/3916/3916
f 3906/3906/3906 3916/3916/3916 3915/3915/3915
f 3907/3907/3907 3908/3908/3908 3917/3917/3917
f 3907/3907/3907 3917/3917/3917 3916/3916/3916
f 3908/3908/3908 3909/3909/3909 3918/3918/3918
f 3908/3908/3908 3918/3918/3918 3917/3917/3917
f 3910/3910/3910 3911/3911/3911 3920/3920/3920
f 3910/3910/3910 3920/3920/3920 3919/3919/3919
f 3911/3911/3911 3912/3912/3912 3921/3921/3921
f 3911/3911/3911 3921/3921/3921 3920/3920/3920
f 3912/3912/3912 3913/3913/3913 3922/3922/3922
f 3912/3912/3912 3922/3922/3922 3921/3921/3921
f 3913/3913/3913 3914/3914/3914 3923/3923/3923
f 3913/3913/3913 3923/3923/3923 3922/3922/3922
f 3914/3914/3914 3915/3915/3915 3924/3924/3924
f 3914/3914/3914 3924/3924/3924 3923/3923/3923
f 3915/3915/3915 3916/3916/3916 3925/3925/3925
f 3915/3915/3915 3925/3925/3925 3924/3924/3924
f 3916/3916/3916 3917/3917/3917 3926/3926/3926
f 3916/3916/3916 3926/3926/3926 3925/3925/3925
f 3917/3917/3917 3918/3918/3918 3927/3927/3927
f 3917/3917/3917 3927/3927/3927 3926/3926/3926
f 3919/3919/3919 3920/3920/3920 3929/3929/3929
f 3919/3919/3919 3929/3929/3929 3928/3928/3928
f 3920/3920/3920 3921/3921/3921 3930/3930/3930
f 3920/3920/3920 3930/3930/3930 3929/3929/3929
f 3921/3921/3921 3922/3922/3922 3931/3931/3931
f 3921/3921/3921 3931/3931/3931 3930/3930/3930
f 3922/3922/3922 3923/3923/3923 3932/3932/3932
f 3922/3922/3922 3932/3932/3932 3931/3931/3931
f 3923/3923/3923 3924/3924/3924 3933/3933/3933
f 3923/3923/3923 3933/3933/3933 3932/3932/3932
f 3924/3924/3924 3925/3925/3925 3934/3934/3934
f 3924/3924/3924 3934/3934/3934 3933/3933/3933
f 3925/3925/3925 3926/3926/3926 3935/3935/3935
f 3925/3925/3925 3935/3935/3935 3934/3934/3934
f 3926/3926/3926 3927/3927/3927 3936/3936/3936
f 3926/3926/3926 3936/3936/3936 3935/3935/3935
f 3928/3928/3928 3929/3929/3929 3938/3938/3938
f 3928/3928/3928 3938/3938/3938 3937/3937/3937
f 3929/3929/3929 3930/3930/3930 3939/3939/3939
f 3929/3929/3929 3939/3939/3939 3938/3938/3938
f 3930/3930/3930 3931/3931/3931 3940/3940/3940
f 3930/3930/3930 3940/3940/3940 3939/3939/3939
f 3931/3931/3931 3932/3932/3932 3941/3941/3941
f 3931/3931/3931 3941/3941/3941 3940/3940/3940
f 3932/3932/3932 3933/3933/3933 3942/3942/3942
f 3932/3932/3932 3942/3942/3942 3941/3941/3941
f 3933/3933/3933 3934/3934/3934 3943/3943/3943
f 3933/3933/3933 3943/3943/3943 3942/3942/3942
f 3934/3934/3934 3935/3935/3935 3944/3944/3944
f 3934/3934/3934 3944/3944/3944 3943/3943/3943
f 3935/3935/3935 3936/3936/3936 3945/3945/3945
f 3935/3935/3935 3945/3945/3945 3944/3944/3944
f 3937/3937/3937 3938/3938/3938 3947/3947/3947
f 3937/3937/3937 3947/3947/3947 3946/3946/3946
f 3938/3938/3938 3939/3939/3939 3948/3948/3948
f 3938/3938/3938 3948/3948/3948 3947/3947/3947
f 3939/3939/3939 3940/3940/3940 3949/3949/3949
f 3939/3939/3939 3949/3949/3949 3948/3948/3948
f 3940/3940/3940 3941/3941/3941 3950/3950/3950
f 3940/3940/3940 3950/3950/3950 3949/3949/3949
f 3941/3941/3941 3942/3942/3942 3951/3951/3951
f 3941/3941/3941 3951/3951/3951 3950/3950/3950
f 3942/3942/3942 3943/3943/3943 3952/3952/3952
f 3942/3942/3942 3952/3952/3952 3951/3951/3951
f 3943/3943/3943 3944/3944/3944 3953/3953/3953
f 3943/3943/3943 3953/3953/3953 3952/3952/3952
f 3944/3944/3944 3945/3945/3945 3954/3954/3954
f 3944/3944/3944 3954/3954/3954 3953/3953/3953
f 3946/3946/3946 3947/3947/3947 3956/3956/3956
f 3946/3946/3946 3956/3956/3956 3955/3955/3955
f 3947/3947/3947 3948/3948/3948 3957/3957/3957
f 3947/3947/3947 3957/3957/3957 3956/3956/3956
f 3948/3948/3948 3949/3949/3949 3958/3958/3958
f 3948/3948/3948 3958/3958/3958 3957/3957/3957
f 3949/3949/3949 3950/3950/3950 3959/3959/3959
f 3949/3949/3949 3959/3959/3959 3958/3958/3958
f 3950/3950/3950 3951/3951/3951 3960/3960/3960
f 3950/3950/3950 3960/3960/3960 3959/3959/3959
f 3951/3951/3951 3952/3952/3952 3961/3961/3961
f 3951/3951/3951 3961/3961/3961 3960/3960/3960
f 3952/3952/3952 3953/3953/3953 3962/3962/3962
f 3952/3952/3952 3962/3962/3962 3961/3961/3961
f 3953/3953/3953 3954/3954/3954 3963/3963/3963
f 3953/3953/3953 3963/3963/3963 3962/3962/3962
f 3955/3955/3955 3956/3956/3956 3965/3965/3965
f 3955/3955/3955 3965/3965/3965 3964/3964/3964
f 3956/3956/3956 3957/3957/3957 3966/3966/3966
f 3956/3956/3956 3966/3966/3966 3965/3965/3965
f 3957/3957/3957 3958/3958/3958 3967/3967/3967
f 3957/3957/3957 3967/3967/3967 3966/3966/3966
f 3958/3958/3958 3959/3959/3959 3968/3968/3968
f 3958/3958/3958 3968/3968/3968 3967/3967/3967
f 3959/3959/3959 3960/3960/3960 3969/3969/3969
f 3959/3959/3959 3969/3969/3969 3968/3968/3968
f 3960/3960/3960 3961/3961/3961 3970/3970/3970
f 3960/3960/3960 3970/3970/3970 3969/3969/3969
f 3961/3961/3961 3962/3962/3962 3971/3971/3971
f 3961/3961/3961 3971/3971/3971 3970/3970/3970
f 3962/3962/3962 3963/3963/3963 3972/3972/3972
f 3962/3962/3962 3972/3972/3972 3971/3971/3971
f 3964/3964/3964 3965/3965/3965 3974/3974/3974
f 3964/3964/3964 3974/3974/3974 3973/3973/3973
f 3965/3965/3965 3966/3966/3966 3975/3975/3975
f 3965/3965/3965 3975/3975/3975 3974/3974/3974
f 3966/3966/3966 3967/3967/3967 3976/3976/3976
f 3966/3966/3966 3976/3976/3976 3975/3975/3975
f 3967/3967/3967 3968/3968/3968 3977/3977/3977
f 3967/3967/3967 3977/3977/3977 3976/3976/3976
f 3968/3968/3968 3969/3969/3969 3978/3978/3978
f 3968/3968/3968 3978/3978/3978 3977/3977/3977
f 3969/3969/3969 3970/3970/3970 3979/3979/3979
f 3969/3969/3969 3979/3979/3979 3978/3978/3978
f 3970/3970/3970 3971/3971/3971 3980/3980/3980
f 3970/3970/3970 3980/3980/3980 3979/3979/3979
f 3971/3971/3971 3972/3972/3972 3981/3981/3981
f 3971/3971/3971 3981/3981/3981 3980/3980/3980
f 3973/3973/3973 3974/3974/3974 3983/3983/3983
f 3973/3973/3973 3983/3983/3983 3982/3982/3982
f 3974/3974/3974 3975/3975/3975 3984/3984/3984
f 3974/3974/3974 3984/3984/3984 3983/3983/3983
f 3975/3975/3975 3976/3976/3976 3985/3985/3985
f 3975/3975/3975 3985/3985/3985 3984/3984/3984
f 3976/3976/3976 3977/3977/3977 3986/3986/3986
f 3976/3976/3976 3986/3986/3986 3985/3985/3985
f 3977/3977/3977 3978/3978/3978 3987/3987/3987
f 3977/3977/3977 3987/3987/3987 3986/3986/3986
f 3978/3978/3978 3979/3979/3979 3988/3988/3988
f 3978/3978/3978 3988/3988/3988 3987/3987/3987
f 3979/3979/3979 3980/3980/3980 3989/3989/3989
f 3979/3979/3979 3989/3989/3989 3988/3988/3988
f 3980/3980/3980 3981/3981/3981 3990/3990/3990
f 3980/3980/3980 3990/3990/3990 3989/3989/3989
f 3982/3982/3982 3983/3983/3983 3992/3992/3992
f 3982/3982/3982 3992/3992/3992 3991/3991/3991
f 3983/3983/3983 3984/3984/3984 3993/3993/3993
f 3983/3983/3983 3993/3993/3993 3992/3992/3992
f 3984/3984/3984 3985/3985/3985 3994/3994/3994
f 3984/3984/3984 3994/3994/3994 3993/3993/3993
f 3985/3985/3985 3986/3986/3986 3995/3995/3995
f 3985/3985/3985 3995/3995/3995 3994/3994/3994
f 3986/3986/3986 3987/3987/3987 3996/3996/3996
f 3986/3986/3986 3996/3996/3996 3995/3995/3995
f 3987/3987/3987 3988/3988/3988 3997/3997/3997
f 3987/3987/3987 3997/3997/3997 3996/3996/3996
f 3988/3988/3988 3989/3989/3989 3998/3998/3998
f 3988/3988/3988 3998/3998/3998 3997/3997/3997
f 3989/3989/3989 3990/3990/3990 3999/3999/3999
f 3989/3989/3989 3999/3999/3999 3998/3998/3998
f 3991/3991/3991 3992/3992/3992 4001/4001/4001
f 3991/3991/3991 4001/4001/4001 4000/4000/4000
f 3992/3992/3992 3993/3993/3993 4002/4002/4002
f 3992/3992/3992 4002/4002/4002 4001/4001/4001
f 3993/3993/3993 3994/3994/3994 4003/4003/4003
f 3993/3993/3993 4003/4003/4003 4002/4002/4002
f 3994/3994/3994 3995/3995/3995 4004/4004/4004
f 3994/3994/3994 4004/4004/4004 4003/4003/4003
f 3995/3995/3995 3996/3996/3996 4005/4005/4005
f 3995/3995/3995 4005/4005/4005 4004/4004/4004
f 3996/3996/3996 3997/3997/3997 4006/4006/4006
f 3996/3996/3996 4006/4006/4006 4005/4005/4005
f 3997/3997/3997 3998/3998/3998 4007/4007/4007
f 3997/3997/3997 4007/4007/4007 4006/4006/4006
f 3998/3998/3998 3999/3999/3999 4008/4008/4008
f 3998/3998/3998 4008/4008/4008 4007/4007/4007
f 4000/4000/4000 4001/4001/4001 4010/4010/4010
f 4000/4000/4000 4010/4010/4010 4009/4009/4009
f 4001/4001/4001 4002/4002/4002 4011/4011/4011
f 4001/4001/4001 4011/4011/4011 4010/4010/4010
f 4002/4002/4002 4003/4003/4003 4012/4012/4012
f 4002/4002/4002 4012/4012/4012 4011/4011/4011
f 4003/4003/4003 4004/4004/4004 4013/4013/4013
f 4003/4003/4003 4013/4013/4013 4012/4012/4012
f 4004/4004/4004 4005/4005/4005 4014/4014/4014
f 4004/4004/4004 4014/4014/4014 4013/4013/4013
f 4005/4005/4005 4006/4006/4006 4015/4015/4015
f 4005/4005/4005 4015/4015/4015 4014/4014/4014
f 4006/4006/4006 4007/4007/4007 4016/4016/4016
f 4006/4006/4006 4016/4016/4016 4015/4015/4015
f 4007/4007/4007 4008/4008/4008 4017/4017/4017
f 4007/4007/4007 4017/4017/4017 4016/4016/4016
f 4009/4009/4009 4010/4010/4010 4019/4019/4019
f 4009/4009/4009 4019/4019/4019 4018/4018/4018
f 4010/4010/4010 4011/4011/4011 4020/4020/4020
f 4010/4010/4010 4020/4020/4020 4019/4019/4019
f 4011/4011/4011 4012/4012/4012 4021/4021/4021
f 4011/4011/4011 4021/4021/4021 4020/4020/4020
f 4012/4012/4012 4013/4013/4013 4022/4022/4022
f 4012/4012/4012 4022/4022/4022 4021/4021/4021
f 4013/4013/4013 4014/4014/4014 4023/4023/4023
f 4013/4013/4013 4023/4023/4023 4022/4022/4022
f 4014/4014/4014 4015/4015/4015 4024/4024/4024
f 4014/4014/4014 4024/4024/4024 4023/4023/4023
f 4015/4015/4015 4016/4016/4016 4025/4025/4025
f 4015/4015/4015 4025/4025/4025 4024/4024/4024
f 4016/4016/4016 4017/4017/4017 4026/4026/4026
f 4016/4016/4016 4026/4026/4026 4025/4025/4025
f 4018/4018/4018 4019/4019/4019 4028/4028/4028
f 4018/4018/4018 4028/4028/4028 4027/4027/4027
f 4019/4019/4019 4020/4020/4020 4029/4029/4029
f 4019/4019/4019 4029/4029/4029 4028/4028/4028
f 4020/4020/4020 4021/4021/4021 4030/4030/4030
f 4020/4020/4020 4030/4030/4030 4029/4029/4029
f 4021/4021/4021 4022/4022/4022 4031/4031/4031
f 4021/4021/4021 4031/4031/4031 4030/4030/4030
f 4022/4022/4022 4023/4023/4023 4032/4032/4032
f 4022/4022/4022 4032/4032/4032 4031/4031/4031
f 4023/4023/4023 4024/4024/4024 4033/4033/4033
f 4023/4023/4023 4033/4033/4033 4032/4032/4032
f 4024/4024/4024 4025/4025/4025 4034/4034/4034
f 4024/4024/4024 4034/4034/4034 4033/4033/4033
f 4025/4025/4025 4026/4026/4026 4035/4035/4035
f 4025/4025/4025 4035/4035/4035 4034/4034/4034
f 4027/4027/4027 4028/4028/4028 4037/4037/4037
f 4027/4027/4027 4037/4037/4037 4036/4036/4036
f 4028/4028/4028 4029/4029/4029 4038/4038/4038
f 4028/4028/4028 4038/4038/4038 4037/4037/4037
f 4029/4029/4029 4030/4030/4030 4039/4039/4039
f 4029/4029/4029 4039/4039/4039 4038/4038/4038
f 4030/4030/4030 4031/4031/4031 4040/4040/4040
f 4030/4030/4030 4040/4040/4040 4039/4039/4039
f 4031/4031/4031 4032/4032/4032 4041/4041/4041
f 4031/4031/4031 4041/4041/4041 4040/4040/4040
f 4032/4032/4032 4033/4033/4033 4042/4042/4042
f 4032/4032/4032 4042/4042/4042 4041/4041/4041
f 4033/4033/4033 4034/4034/4034 4043/4043/4043
f 4033/4033/4033 4043/4043/4043 4042/4042/4042
f 4034/4034/4034 4035/4035/4035 4044/4044/4044
f 4034/4034/4034 4044/4044/4044 4043/4043/4043
f 4036/4036/4036 4037/4037/4037 4046/4046/4046
f 4036/4036/4036 4046/4046/4046 4045/4045/4045
f 4037/4037/4037 4038/4038/4038 4047/4047/4047
f 4037/4037/4037 4047/4047/4047 4046/4046/4046
f 4038/4038/4038 4039/4039/4039 4048/4048/4048
f 4038/4038/4038 4048/4048/4048 4047/4047/4047
f 4039/4039/4039 4040/4040/4040 4049/4049/4049
f 4039/4039/4039 4049/4049/4049 4048/4048/4048
f 4040/4040/4040 4041/4041/4041 4050/4050/4050
f 4040/4040/4040 4050/4050/4050 4049/4049/4049
f 4041/4041/4041 4042/4042/4042 4051/4051/4051
f 4041/4041/4041 4051/4051/4051 4050/4050/4050
f 4042/4042/4042 4043/4043/4043 4052/4052/4052
f 4042/4042/4042 4052/4052/4052 4051/4051/4051
f 4043/4043/4043 4044/4044/4044 4053/4053/4053
f 4043/4043/4043 4053/4053/4053 4052/4052/4052
f 4045/4045/4045 4046/4046/4046 4055/4055/4055
f 4045/4045/4045 4055/4055/4055 4054/4054/4054
f 4046/4046/4046 4047/4047/4047 4056/4056/4056
f 4046/4046/4046 4056/4056/4056 4055/4055/4055
f 4047/4047/4047 4048/4048/4048 4057/4057/4057
f 4047/4047/4047 4057/4057/4057 4056/4056/4056
f 4048/4048/4048 4049/4049/4049 4058/4058/4058
f 4048/4048/4048 4058/4058/4058 4057/4057/4057
f 4049/4049/4049 4050/4050/4050 4059/4059/4059
f 4049/4049/4049 4059/4059/4059 4058/4058/4058
f 4050/4050/4050 4051/4051/4051 4060/4060/4060
f 4050/4050/4050 4060/4060/4060 4059/4059/4059
f 4051/4051/4051 4052/4052/4052 4061/4061/4061
f 4051/4051/4051 4061/4061/4061 4060/4060/4060
f 4052/4052/4052 4053/4053/4053 4062/4062/4062
f 4052/4052/4052 4062/4062/4062 4061/4061/4061
f 4054/4054/4054 4055/4055/4055 4064/4064/4064
f 4054/4054/4054 4064/4064/4064 4063/4063/4063
f 4055/4055/4055 4056/4056/4056 4065/4065/4065
f 4055/4055/4055 4065/4065/4065 4064/4064/4064
f 4056/4056/4056 4057/4057/4057 4066/4066/4066
f 4056/4056/4056 4066/4066/4066 4065/4065/4065
f 4057/4057/4057 4058/4058/4058 4067/4067/4067
f 4057/4057/4057 4067/4067/4067 4066/4066/4066
f 4058/4058/4058 4059/4059/4059 4068/4068/4068
f 4058/4058/4058 4068/4068/4068 4067/4067/4067
f 4059/4059/4059 4060/4060/4060 4069/4069/4069
f 4059/4059/4059 4069/4069/4069 4068/4068/4068
f 4060/4060/4060 4061/4061/4061 4070/4070/4070
f 4060/4060/4060 4070/4070/4070 4069/4069/4069
f 4061/4061/4061 4062/4062/4062 4071/4071/4071
f 4061/4061/4061 4071/4071/4071 4070/4070/4070
f 4063/4063/4063 4064/4064/4064 4073/4073/4073
f 4063/4063/4063 4073/4073/4073 4072/4072/4072
f 4064/4064/4064 4065/4065/4065 4074/4074/4074
f 4064/4064/4064 4074/4074/4074 4073/4073/4073
f 4065/4065/4065 4066/4066/4066 4075/4075/4075
f 4065/4065/4065 4075/4075/4075 4074/4074/4074
f 4066/4066/4066 4067/4067/4067 4076/4076/4076
f 4066/4066/4066 4076/4076/4076 4075/4075/4075
f 4067/4067/4067 4068/4068/4068 4077/4077/4077
f 4067/4067/4067 4077/4077/4077 4076/4076/4076
f 4068/4068/4068 4069/4069/4069 4078/4078/4078
f 4068/4068/4068 4078/4078/4078 4077/4077/4077
f 4069/4069/4069 4070/4070/4070 4079/4079/4079
f 4069/4069/4069 4079/4079/4079 4078/4078/4078
f 4070/4070/4070 4071/4071/4071 4080/4080/4080
f 4070/4070/4070 4080/4080/4080 4079/4079/4079
f 4072/4072/4072 4073/4073/4073 4082/4082/4082
f 4072/4072/4072 4082/4082/4082 4081/4081/4081
f 4073/4073/4073 4074/4074/4074 4083/4083/4083
f 4073/4073/4073 4083/4083/4083 4082/4082/4082
f 4074/4074/4074 4075/4075/4075 4084/4084/4084
f 4074/4074/4074 4084/4084/4084 4083/4083/4083
f 4075/4075/4075 4076/4076/4076 4085/4085/4085
f 4075/4075/4075 4085/4085/4085 4084/4084/4084
f 4076/4076/4076 4077/4077/4077 4086/4086/4086
f 4076/4076/4076 4086/4086/4086 4085/4085/4085
f 4077/4077/4077 4078/4078/4078 4087/4087/4087
f 4077/4077/4077 4087/4087/4087 4086/4086/4086
f 4078/4078/4078 4079/4079/4079 4088/4088/4088
f 4078/4078/4078 4088/4088/4088 4087/4087/4087
f 4079/4079/4079 4080/4080/4080 4089/4089/4089
f 4079/4079/4079 4089/4089/4089 4088/4088/4088
f 4081/4081/4081 4082/4082/4082 4091/4091/4091
f 4081/4081/4081 4091/4091/4091 4090/4090/4090
f 4082/4082/4082 4083/4083/4083 4092/4092/4092
f 4082/4082/4082 4092/4092/4092 4091/4091/4091
f 4083/4083/4083 4084/4084/4084 4093/4093/4093
f 4083/4083/4083 4093/4093/4093 4092/4092/4092
f 4084/4084/4084 4085/4085/4085 4094/4094/4094
f 4084/4084/4084 4094/4094/4094 4093/4093/4093
f 4085/4085/4085 4086/4086/4086 4095/4095/4095
f 4085/4085/4085 4095/4095/4095 4094/4094/4094
f 4086/4086/4086 4087/4087/4087 4096/4096/4096
f 4086/4086/4086 4096/4096/4096 4095/4095/4095
f 4087/4087/4087 4088/4088/4088 4097/4097/4097
f 4087/4087/4087 4097/4097/4097 4096/4096/4096
f 4088/4088/4088 4089/4089/4089 4098/4098/4098
f 4088/4088/4088 4098/4098/4098 4097/4097/4097
f 4090/4090/4090 4091/4091/4091 4100/4100/4100
f 4090/4090/4090 4100/4100/4100 4099/4099/4099
f 4091/4091/4091 4092/4092/4092 4101/4101/4101
f 4091/4091/4091 4101/4101/4101 4100/4100/4100
f 4092/4092/4092 4093/4093/4093 4102/4102/4102
f 4092/4092/4092 4102/4102/4102 4101/4101/4101
f 4093/4093/4093 4094/4094/4094 4103/4103/4103
f 4093/4093/4093 4103/4103/4103 4102/4102/4102
f 4094/4094/4094 4095/4095/4095 4104/4104/4104
f 4094/4094/4094 4104/4104/4104 4103/4103/4103
f 4095/4095/4095 4096/4096/4096 4105/4105/4105
f 4095/4095/4095 4105/4105/4105 4104/4104/4104
f 4096/4096/4096 4097/4097/4097 4106/4106/4106
f 4096/4096/4096 4106/4106/4106 4105/4105/4105
f 4097/4097/4097 4098/4098/4098 4107/4107/4107
f 4097/4097/4097 4107/4107/4107 4106/4106/4106
f 4099/4099/4099 4100/4100/4100 4109/4109/4109
f 4099/4099/4099 4109/4109/4109 4108/4108/4108
f 4100/4100/4100 4101/4101/4101 4110/4110/4110
f 4100/4100/4100 4110/4110/4110 4109/4109/4109
f 4101/4101/4101 4102/4102/4102 4111/4111/4111
f 4101/4101/4101 4111/4111/4111 4110/4110/4110
f 4102/4102/4102 4103/4103/4103 4112/4112/4112
f 4102/4102/4102 4112/4112/4112 4111/4111/4111
f 4103/4103/4103 4104/4104/4104 4113/4113/4113
f 4103/4103/4103 4113/4113/4113 4112/4112/4112
f 4104/4104/4104 4105/4105/4105 4114/4114/4114
f 4104/4104/4104 4114/4114/4114 4113/4113/4113
f 4105/4105/4105 4106/4106/4106 4115/4115/4115
f 4105/4105/4105 4115/4115/4115 4114/4114/4114
f 4106/4106/4106 4107/4107/4107 4116/4116/4116
f 4106/4106/4106 4116/4116/4116 4115/4115/4115
f 4108/4108/4108 4109/4109/4109 4118/4118/4118
f 4108/4108/4108 4118/4118/4118 4117/4117/4117
f 4109/4109/4109 4110/4110/4110 4119/4119/4119
f 4109/4109/4109 4119/4119/4119 4118/4118/4118
f 4110/4110/4110 4111/4111/4111 4120/4120/4120
f 4110/4110/4110 4120/4120/4120 4119/4119/4119
f 4111/4111/4111 4112/4112/4112 4121/4121/4121
f 4111/4111/4111 4121/4121/4121 4120/4120/4120
f 4112/4112/4112 4113/4113/4113 4122/4122/4122
f 4112/4112/4112 4122/4122/4122 4121/4121/4121
f 4113/4113/4113 4114/4114/4114 4123/4123/4123
f 4113/4113/4113 4123/4123/4123 4122/4122/4122
f 4114/4114/4114 4115/4115/4115 4124/4124/4124
f 4114/4114/4114 4124/4124/4124 4123/4123/4123
f 4115/4115/4115 4116/4116/4116 4125/4125/4125
f 4115/4115/4115 4125/4125/4125 4124/4124/4124
f 4117/4117/4117 4118/4118/4118 4127/4127/4127
f 4117/4117/4117 4127/4127/4127 4126/4126/4126
f 4118/4118/4118 4119/4119/4119 4128/4128/4128
f 4118/4118/4118 4128/4128/4128 4127/4127/4127
f 4119/4119/4119 4120/4120/4120 4129/4129/4129
f 4119/4119/4119 4129/4129/4129 4128/4128/4128
f 4120/4120/4120 4121/4121/4121 4130/4130/4130
f 4120/4120/4120 4130/4130/4130 4129/4129/4129
f 4121/4121/4121 4122/4122/4122 4131/4131/4131
f 4121/4121/4121 4131/4131/4131 4130/4130/4130
f 4122/4122/4122 4123/4123/4123 4132/4132/4132
f 4122/4122/4122 4132/4132/4132 4131/4131/4131
f 4123/4123/4123 4124/4124/4124 4133/4133/4133
f 4123/4123/4123 4133/4133/4133 4132/4132/4132
f 4124/4124/4124 4125/4125/4125 4134/4134/4134
f 4124/4124/4124 4134/4134/4134 4133/4133/4133
f 4126/4126/4126 4127/4127/4127 4136/4136/4136
f 4126/4126/4126 4136/4136/4136 4135/4135/4135
f 4127/4127/4127 4128/4128/4128 4137/4137/4137
f 4127/4127/4127 4137/4137/4137 4136/4136/4136
f 4128/4128/4128 4129/4129/4129 4138/4138/4138
f 4128/4128/4128 4138/4138/4138 4137/4137/4137
f 4129/4129/4129 4130/4130/4130 4139/4139/4139
f 4129/4129/4129 4139/4139/4139 4138/4138/4138
f 4130/4130/4130 4131/4131/4131 4140/4140/4140
f 4130/4130/4130 4140/4140/4140 4139/4139/4139
f 4131/4131/4131 4132/4132/4132 4141/4141/4141
f 4131/4131/4131 4141/4141/4141 4140/4140/4140
f 4132/4132/4132 4133/4133/4133 4142/4142/4142
f 4132/4132/4132 4142/4142/4142 4141/4141/4141
f 4133/4133/4133 4134/4134/4134 4143/4143/4143
f 4133/4133/4133 4143/4143/4143 4142/4142/4142
f 4135/4135/4135 4136/4136/4136 4145/4145/4145
f 4135/4135/4135 4145/4145/4145 4144/4144/4144
f 4136/4136/4136 4137/4137/4137 4146/4146/4146
f 4136/4136/4136 4146/4146/4146 4145/4145/4145
f 4137/4137/4137 4138/4138/4138 4147/4147/4147
f 4137/4137/4137 4147/4147/4147 4146/4146/4146
f 4138/4138/4138 4139/4139/4139 4148/4148/4148
f 4138/4138/4138 4148/4148/4148 4147/4147/4147
f 4139/4139/4139 4140/4140/4140 4149/4149/4149
f 4139/4139/4139 4149/4149/4149 4148/4148/4148
f 4140/4140/4140 4141/4141/4141 4150/4150/4150
f 4140/4140/4140 4150/4150/4150 4149/4149/4149
f 4141/4141/4141 4142/4142/4142 4151/4151/4151
f 4141/4141/4141 4151/4151/4151 4150/4150/4150
f 4142/4142/4142 4143/4143/4143 4152/4152/4152
f 4142/4142/4142 4152/4152/4152 4151/4151/4151
f 4144/4144/4144 4145/4145/4145 4154/4154/4154
f 4144/4144/4144 4154/4154/4154 4153/4153/4153
f 4145/4145/4145 4146/4146/4146 4155/4155/4155
f 4145/4145/4145 4155/4155/4155 4154/4154/4154
f 4146/4146/4146 4147/4147/4147 4156/4156/4156
f 4146/4146/4146 4156/4156/4156 4155/4155/4155
f 4147/4147/4147 4148/4148/4148 4157/4157/4157
f 4147/4147/4147 4157/4157/4157 4156/4156/4156
f 4148/4148/4148 4149/4149/4149 4158/4158/4158
f 4148/4148/4148 4158/4158/4158 4157/4157/4157
f 4149/4149/4149 4150/4150/4150 4159/4159/4159
f 4149/4149/4149 4159/4159/4159 4158/4158/4158
f 4150/4150/4150 4151/4151/4151 4160/4160/4160
f 4150/4150/4150 4160/4160/4160 4159/4159/4159
f 4151/4151/4151 4152/4152/4152 4161/4161/4161
f 4151/4151/4151 4161/4161/4161 4160/4160/4160
f 4153/4153/4153 4154/4154/4154 4163/4163/4163
f 4153/4153/4153 4163/4163/4163 4162/4162/4162
f 4154/4154/4154 4155/4155/4155 4164/4164/4164
f 4154/4154/4154 4164/4164/4164 4163/4163/4163
f 4155/4155/4155 4156/4156/4156 4165/4165/4165
f 4155/4155/4155 4165/4165/4165 4164/4164/4164
f 4156/4156/4156 4157/4157/4157 4166/4166/4166
f 4156/4156/4156 4166/4166/4166 4165/4165/4165
f 4157/4157/4157 4158/4158/4158 4167/4167/4167
f 4157/4157/4157 4167/4167/4167 4166/4166/4166
f 4158/4158/4158 4159/4159/4159 4168/4168/4168
f 4158/4158/4158 4168/4168/4168 4167/4167/4167
f 4159/4159/4159 4160/4160/4160 4169/4169/4169
f 4159/4159/4159 4169/4169/4169 4168/4168/4168
f 4160/4160/4160 4161/4161/4161 4170/4170/4170
f 4160/4160/4160 4170/4170/4170 4169/4169/4169
f 4162/4162/4162 4163/4163/4163 4172/4172/4172
f 4162/4162/4162 4172/4172/4172 4171/4171/4171
f 4163/4163/4163 4164/4164/4164 4173/4173/4173
f 4163/4163/4163 4173/4173/4173 4172/4172/4172
f 4164/4164/4164 4165/4165/4165 4174/4174/4174
f 4164/4164/4164 4174/4174/4174 4173/4173/4173
f 4165/4165/4165 4166/4166/4166 4175/4175/4175
f 4165/4165/4165 4175/4175/4175 4174/4174/4174
f 4166/4166/4166 4167/4167/4167 4176/4176/4176
f 4166/4166/4166 4176/4176/4176 4175/4175/4175
f 4167/4167/4167 4168/4168/4168 4177/4177/4177
f 4167/4167/4167 4177/4177/4177 4176/4176/4176
f 4168/4168/4168 4169/4169/4169 4178/4178/4178
f 4168/4168/4168 4178/4178/4178 4177/4177/4177
f 4169/4169/4169 4170/4170/4170 4179/4179/4179
f 4169/4169/4169 4179/4179/4179 4178/4178/4178
f 4171/4171/4171 4172/4172/4172 4181/4181/4181
f 4171/4171/4171 4181/4181/4181 4180/4180/4180
f 4172/4172/4172 4173/4173/4173 4182/4182/4182
f 4172/4172/4172 4182/4182/4182 4181/4181/4181
f 4173/4173/4173 4174/4174/4174 4183/4183/4183
f 4173/4173/4173 4183/4183/4183 4182/4182/4182
f 4174/4174/4174 4175/4175/4175 4184/4184/4184
f 4174/4174/4174 4184/4184/4184 4183/4183/4183
f 4175/4175/4175 4176/4176/4176 4185/4185/4185
f 4175/4175/4175 4185/4185/4185 4184/4184/4184
f 4176/4176/4176 4177/4177/4177 4186/4186/4186
f 4176/4176/4176 4186/4186/4186 4185/4185/4185
f 4177/4177/4177 4178/4178/4178 4187/4187/4187
f 4177/4177/4177 4187/4187/4187 4186/4186/4186
f 4178/4178/4178 4179/4179/4179 4188/4188/4188
f 4178/4178/4178 4188/4188/4188 4187/4187/4187
f 4180/4180/4180 4181/4181/4181 4190/4190/4190
f 4180/4180/4180 4190/4190/4190 4189/4189/4189
f 4181/4181/4181 4182/4182/4182 4191/4191/4191
f 4181/4181/4181 4191/4191/4191 4190/4190/4190
f 4182/4182/4182 4183/4183/4183 4192/4192/4192
f 4182/4182/4182 4192/4192/4192 4191/4191/4191
f 4183/4183/4183 4184/4184/4184 4193/4193/4193
f 4183/4183/4183 4193/4193/4193 4192/4192/4192
f 4184/4184/4184 4185/4185/4185 4194/4194/4194
f 4184/4184/4184 4194/4194/4194 4193/4193/4193
f 4185/4185/4185 4186/4186/4186 4195/4195/4195
f 4185/4185/4185 4195/4195/4195 4194/4194/4194
f 4186/4186/4186 4187/4187/4187 4196/4196/4196
f 4186/4186/4186 4196/4196/4196 4195/4195/4195
f 4187/4187/4187 4188/4188/4188 4197/4197/4197
f 4187/4187/4187 4197/4197/4197 4196/4196/4196
f 4189/4189/4189 4190/4190/4190 4199/4199/4199
f 4189/4189/4189 4199/4199/4199 4198/4198/4198
f 4190/4190/4190 4191/4191/4191 4200/4200/4200
f 4190/4190/4190 4200/4200/4200 4199/4199/4199
f 4191/4191/4191 4192/4192/4192 4201/4201/4201
f 4191/4191/4191 4201/4201/4201 4200/4200/4200
f 4192/4192/4192 4193/4193/4193 4202/4202/4202
f 4192/4192/4192 4202/4202/4202 4201/4201/4201
f 4193/4193/4193 4194/4194/4194 4203/4203/4203
f 4193/4193/4193 4203/4203/4203 4202/4202/4202
f 4194/4194/4194 4195/4195/4195 4204/4204/4204
f 4194/4194/4194 4204/4204/4204 4203/4203/4203
f 4195/4195/4195 4196/4196/4196 4205/4205/4205
f 4195/4195/4195 4205/4205/4205 4204/4204/4204
f 4196/4196/4196 4197/4197/4197 4206/4206/4206
f 4196/4196/4196 4206/4206/4206 4205/4205/4205
