mtllib root_rock.mtl
o SpireBrokenBridgeArc_HD
v -1.000000 -0.100000 0.009457
v -0.977778 -0.100000 0.020772
v -0.955556 -0.100000 0.042763
v -0.933333 -0.100000 0.052411
v -0.911111 -0.100000 0.070433
v -0.888889 -0.100000 0.083316
v -0.866667 -0.100000 0.113627
v -0.844444 -0.100000 0.129549
v -0.822222 -0.100000 0.130363
v -0.800000 -0.100000 0.132467
v -0.777778 -0.100000 0.144013
v -0.755556 -0.100000 0.174293
v -0.733333 -0.100000 0.197334
v -0.711111 -0.100000 0.179199
v -0.688889 -0.100000 0.201489
v -0.666667 -0.100000 0.213972
v -0.644444 -0.100000 0.214593
v -0.622222 -0.100000 0.210979
v -0.600000 -0.100000 0.206024
v -0.577778 -0.100000 0.207773
v -0.555556 -0.100000 0.220825
v -0.533333 -0.100000 0.230972
v -0.511111 -0.100000 0.241230
v -0.488889 -0.100000 0.207347
v -0.466667 -0.100000 0.221347
v -0.444444 -0.100000 0.206435
v -0.422222 -0.100000 0.227248
v -0.400000 -0.100000 0.211455
v -0.377778 -0.100000 0.190806
v -0.355556 -0.100000 0.213186
v -0.333333 -0.100000 0.207241
v -0.311111 -0.100000 0.171841
v -0.288889 -0.100000 0.167192
v -0.266667 -0.100000 0.175754
v -0.244444 -0.100000 0.171662
v -0.222222 -0.100000 0.170838
v -0.200000 -0.100000 0.171540
v -0.177778 -0.100000 0.144387
v -0.155556 -0.100000 0.144171
v -0.133333 -0.100000 0.133793
v -0.111111 -0.100000 0.159173
v -0.088889 -0.100000 0.133329
v -0.066667 -0.100000 0.140916
v -0.044444 -0.100000 0.136216
v -0.022222 -0.100000 0.148831
v 0.000000 -0.100000 0.144255
v 0.022222 -0.100000 0.132437
v 0.044444 -0.100000 0.144780
v 0.066667 -0.100000 0.148491
v 0.088889 -0.100000 0.143144
v 0.111111 -0.100000 0.172527
v 0.133333 -0.100000 0.151712
v 0.155556 -0.100000 0.186326
v 0.177778 -0.100000 0.177183
v 0.200000 -0.100000 0.197853
v 0.222222 -0.100000 0.203947
v 0.244444 -0.100000 0.192233
v 0.266667 -0.100000 0.202156
v 0.288889 -0.100000 0.228299
v 0.311111 -0.100000 0.246640
v 0.333333 -0.100000 0.258601
v 0.355556 -0.100000 0.257973
v 0.377778 -0.100000 0.277426
v 0.400000 -0.100000 0.278470
v 0.422222 -0.100000 0.294154
v 0.444444 -0.100000 0.288933
v 0.466667 -0.100000 0.306473
v 0.488889 -0.100000 0.312472
v 0.511111 -0.100000 0.309898
v 0.533333 -0.100000 0.301651
v 0.555556 -0.100000 0.298553
v 0.577778 -0.100000 0.314885
v 0.600000 -0.100000 0.315563
v 0.622222 -0.100000 0.318680
v 0.644444 -0.100000 0.300122
v 0.666667 -0.100000 0.285369
v 0.688889 -0.100000 0.277542
v 0.711111 -0.100000 0.288753
v 0.733333 -0.100000 0.262636
v 0.755556 -0.100000 0.278974
v 0.777778 -0.100000 0.249539
v 0.800000 -0.100000 0.249123
v 0.822222 -0.100000 0.247919
v 0.844444 -0.100000 0.240627
v 0.866667 -0.100000 0.206080
v 0.888889 -0.100000 0.196400
v 0.911111 -0.100000 0.172539
v 0.933333 -0.100000 0.180232
v 0.955556 -0.100000 0.141733
v 0.977778 -0.100000 0.114801
v 1.000000 -0.100000 0.127871
v -1.000000 -0.080000 0.000270
v -0.977778 -0.080000 0.030169
v -0.955556 -0.080000 0.044720
v -0.933333 -0.080000 0.063250
v -0.911111 -0.080000 0.064767
v -0.888889 -0.080000 0.104376
v -0.866667 -0.080000 0.085934
v -0.844444 -0.080000 0.104460
v -0.822222 -0.080000 0.118887
v -0.800000 -0.080000 0.129530
v -0.777778 -0.080000 0.146037
v -0.755556 -0.080000 0.186680
v -0.733333 -0.080000 0.186805
v -0.711111 -0.080000 0.185695
v -0.688889 -0.080000 0.203060
v -0.666667 -0.080000 0.213922
v -0.644444 -0.080000 0.223983
v -0.622222 -0.080000 0.220114
v -0.600000 -0.080000 0.205543
v -0.577778 -0.080000 0.217074
v -0.555556 -0.080000 0.228677
v -0.533333 -0.080000 0.234981
v -0.511111 -0.080000 0.216986
v -0.488889 -0.080000 0.233391
v -0.466667 -0.080000 0.223881
v -0.444444 -0.080000 0.213599
v -0.422222 -0.080000 0.198089
v -0.400000 -0.080000 0.207233
v -0.377778 -0.080000 0.219627
v -0.355556 -0.080000 0.210473
v -0.333333 -0.080000 0.198162
v -0.311111 -0.080000 0.196194
v -0.288889 -0.080000 0.194937
v -0.266667 -0.080000 0.191193
v -0.244444 -0.080000 0.175950
v -0.222222 -0.080000 0.154995
v -0.200000 -0.080000 0.168776
v -0.177778 -0.080000 0.166857
v -0.155556 -0.080000 0.163468
v -0.133333 -0.080000 0.147933
v -0.111111 -0.080000 0.144238
v -0.088889 -0.080000 0.130878
v -0.066667 -0.080000 0.147682
v -0.044444 -0.080000 0.149814
v -0.022222 -0.080000 0.136590
v 0.000000 -0.080000 0.142182
v 0.022222 -0.080000 0.154707
v 0.044444 -0.080000 0.152996
v 0.066667 -0.080000 0.140536
v 0.088889 -0.080000 0.154374
v 0.111111 -0.080000 0.176491
v 0.133333 -0.080000 0.170954
v 0.155556 -0.080000 0.174711
v 0.177778 -0.080000 0.173253
v 0.200000 -0.080000 0.186435
v 0.222222 -0.080000 0.213761
v 0.244444 -0.080000 0.194398
v 0.266667 -0.080000 0.215058
v 0.288889 -0.080000 0.210477
v 0.311111 -0.080000 0.238940
v 0.333333 -0.080000 0.227943
v 0.355556 -0.080000 0.259864
v 0.377778 -0.080000 0.264490
v 0.400000 -0.080000 0.252520
v 0.422222 -0.080000 0.275850
v 0.444444 -0.080000 0.277782
v 0.466667 -0.080000 0.281698
v 0.488889 -0.080000 0.294795
v 0.511111 -0.080000 0.313021
v 0.533333 -0.080000 0.318204
v 0.555556 -0.080000 0.316758
v 0.577778 -0.080000 0.313423
v 0.600000 -0.080000 0.306257
v 0.622222 -0.080000 0.300371
v 0.644444 -0.080000 0.317623
v 0.666667 -0.080000 0.296207
v 0.688889 -0.080000 0.292220
v 0.711111 -0.080000 0.295568
v 0.733333 -0.080000 0.270692
v 0.755556 -0.080000 0.255687
v 0.777778 -0.080000 0.250042
v 0.800000 -0.080000 0.253893
v 0.822222 -0.080000 0.220412
v 0.844444 -0.080000 0.215752
v 0.866667 -0.080000 0.225379
v 0.888889 -0.080000 0.198096
v 0.911111 -0.080000 0.168435
v 0.933333 -0.080000 0.147817
v 0.955556 -0.080000 0.147520
v 0.977778 -0.080000 0.129587
v 1.000000 -0.080000 0.107604
v -1.000000 -0.060000 -0.015609
v -0.977778 -0.060000 0.027527
v -0.955556 -0.060000 0.035534
v -0.933333 -0.060000 0.070612
v -0.911111 -0.060000 0.068974
v -0.888889 -0.060000 0.072567
v -0.866667 -0.060000 0.102209
v -0.844444 -0.060000 0.125135
v -0.822222 -0.060000 0.125200
v -0.800000 -0.060000 0.149930
v -0.777778 -0.060000 0.174645
v -0.755556 -0.060000 0.182971
v -0.733333 -0.060000 0.196977
v -0.711111 -0.060000 0.179973
v -0.688889 -0.060000 0.186518
v -0.666667 -0.060000 0.224202
v -0.644444 -0.060000 0.213849
v -0.622222 -0.060000 0.212895
v -0.600000 -0.060000 0.208518
v -0.577778 -0.060000 0.216774
v -0.555556 -0.060000 0.230591
v -0.533333 -0.060000 0.211460
v -0.511111 -0.060000 0.234103
v -0.488889 -0.060000 0.227105
v -0.466667 -0.060000 0.230033
v -0.444444 -0.060000 0.204702
v -0.422222 -0.060000 0.224727
v -0.400000 -0.060000 0.210621
v -0.377778 -0.060000 0.198413
v -0.355556 -0.060000 0.211394
v -0.333333 -0.060000 0.203208
v -0.311111 -0.060000 0.188975
v -0.288889 -0.060000 0.181771
v -0.266667 -0.060000 0.172676
v -0.244444 -0.060000 0.175660
v -0.222222 -0.060000 0.162462
v -0.200000 -0.060000 0.157467
v -0.177778 -0.060000 0.139592
v -0.155556 -0.060000 0.153071
v -0.133333 -0.060000 0.146447
v -0.111111 -0.060000 0.156397
v -0.088889 -0.060000 0.153246
v -0.066667 -0.060000 0.149857
v -0.044444 -0.060000 0.125995
v -0.022222 -0.060000 0.156227
v 0.000000 -0.060000 0.125793
v 0.022222 -0.060000 0.154083
v 0.044444 -0.060000 0.161800
v 0.066667 -0.060000 0.155949
v 0.088889 -0.060000 0.141791
v 0.111111 -0.060000 0.159989
v 0.133333 -0.060000 0.175757
v 0.155556 -0.060000 0.177987
v 0.177778 -0.060000 0.171489
v 0.200000 -0.060000 0.182261
v 0.222222 -0.060000 0.197690
v 0.244444 -0.060000 0.208249
v 0.266667 -0.060000 0.205844
v 0.288889 -0.060000 0.224961
v 0.311111 -0.060000 0.224935
v 0.333333 -0.060000 0.251915
v 0.355556 -0.060000 0.255778
v 0.377778 -0.060000 0.252106
v 0.400000 -0.060000 0.259489
v 0.422222 -0.060000 0.285693
v 0.444444 -0.060000 0.290002
v 0.466667 -0.060000 0.307240
v 0.488889 -0.060000 0.290304
v 0.511111 -0.060000 0.284024
v 0.533333 -0.060000 0.304001
v 0.555556 -0.060000 0.317676
v 0.577778 -0.060000 0.292550
v 0.600000 -0.060000 0.289412
v 0.622222 -0.060000 0.289061
v 0.644444 -0.060000 0.295544
v 0.666667 -0.060000 0.296387
v 0.688889 -0.060000 0.296316
v 0.711111 -0.060000 0.272492
v 0.733333 -0.060000 0.273632
v 0.755556 -0.060000 0.262894
v 0.777778 -0.060000 0.253367
v 0.800000 -0.060000 0.250769
v 0.822222 -0.060000 0.243797
v 0.844444 -0.060000 0.233696
v 0.866667 -0.060000 0.225086
v 0.888889 -0.060000 0.178759
v 0.911111 -0.060000 0.169059
v 0.933333 -0.060000 0.169882
v 0.955556 -0.060000 0.130568
v 0.977778 -0.060000 0.121885
v 1.000000 -0.060000 0.116089
v -1.000000 -0.040000 -0.005752
v -0.977778 -0.040000 0.012888
v -0.955556 -0.040000 0.023720
v -0.933333 -0.040000 0.042803
v -0.911111 -0.040000 0.068254
v -0.888889 -0.040000 0.071635
v -0.866667 -0.040000 0.097967
v -0.844444 -0.040000 0.130699
v -0.822222 -0.040000 0.143440
v -0.800000 -0.040000 0.160650
v -0.777778 -0.040000 0.173222
v -0.755556 -0.040000 0.157977
v -0.733333 -0.040000 0.191174
v -0.711111 -0.040000 0.198656
v -0.688889 -0.040000 0.214444
v -0.666667 -0.040000 0.203746
v -0.644444 -0.040000 0.228216
v -0.622222 -0.040000 0.219155
v -0.600000 -0.040000 0.210827
v -0.577778 -0.040000 0.226467
v -0.555556 -0.040000 0.230878
v -0.533333 -0.040000 0.241841
v -0.511111 -0.040000 0.238017
v -0.488889 -0.040000 0.220558
v -0.466667 -0.040000 0.236631
v -0.444444 -0.040000 0.234785
v -0.422222 -0.040000 0.214835
v -0.400000 -0.040000 0.211238
v -0.377778 -0.040000 0.212959
v -0.355556 -0.040000 0.200457
v -0.333333 -0.040000 0.196034
v -0.311111 -0.040000 0.184359
v -0.288889 -0.040000 0.187340
v -0.266667 -0.040000 0.185390
v -0.244444 -0.040000 0.165272
v -0.222222 -0.040000 0.170573
v -0.200000 -0.040000 0.158914
v -0.177778 -0.040000 0.146470
v -0.155556 -0.040000 0.153079
v -0.133333 -0.040000 0.137520
v -0.111111 -0.040000 0.139329
v -0.088889 -0.040000 0.141655
v -0.066667 -0.040000 0.140886
v -0.044444 -0.040000 0.127841
v -0.022222 -0.040000 0.157663
v 0.000000 -0.040000 0.144218
v 0.022222 -0.040000 0.140678
v 0.044444 -0.040000 0.135073
v 0.066667 -0.040000 0.153197
v 0.088889 -0.040000 0.172344
v 0.111111 -0.040000 0.144966
v 0.133333 -0.040000 0.170877
v 0.155556 -0.040000 0.177740
v 0.177778 -0.040000 0.195940
v 0.200000 -0.040000 0.185787
v 0.222222 -0.040000 0.190325
v 0.244444 -0.040000 0.208734
v 0.266667 -0.040000 0.218253
v 0.288889 -0.040000 0.225658
v 0.311111 -0.040000 0.251145
v 0.333333 -0.040000 0.242838
v 0.355556 -0.040000 0.242358
v 0.377778 -0.040000 0.276773
v 0.400000 -0.040000 0.259037
v 0.422222 -0.040000 0.281992
v 0.444444 -0.040000 0.268673
v 0.466667 -0.040000 0.297321
v 0.488889 -0.040000 0.295161
v 0.511111 -0.040000 0.292205
v 0.533333 -0.040000 0.289497
v 0.555556 -0.040000 0.301274
v 0.577778 -0.040000 0.320721
v 0.600000 -0.040000 0.314152
v 0.622222 -0.040000 0.315984
v 0.644444 -0.040000 0.319063
v 0.666667 -0.040000 0.291134
v 0.688889 -0.040000 0.278519
v 0.711111 -0.040000 0.294444
v 0.733333 -0.040000 0.281034
v 0.755556 -0.040000 0.257793
v 0.777778 -0.040000 0.250436
v 0.800000 -0.040000 0.232178
v 0.822222 -0.040000 0.244903
v 0.844444 -0.040000 0.240584
v 0.866667 -0.040000 0.214932
v 0.888889 -0.040000 0.187658
v 0.911111 -0.040000 0.176000
v 0.933333 -0.040000 0.156046
v 0.955556 -0.040000 0.158108
v 0.977778 -0.040000 0.135865
v 1.000000 -0.040000 0.129700
v -1.000000 -0.020000 -0.001291
v -0.977778 -0.020000 0.028483
v -0.955556 -0.020000 0.035702
v -0.933333 -0.020000 0.068982
v -0.911111 -0.020000 0.056539
v -0.888889 -0.020000 0.100529
v -0.866667 -0.020000 0.094223
v -0.844444 -0.020000 0.125110
v -0.822222 -0.020000 0.128892
v -0.800000 -0.020000 0.161884
v -0.777778 -0.020000 0.154468
v -0.755556 -0.020000 0.188746
v -0.733333 -0.020000 0.180185
v -0.711111 -0.020000 0.181669
v -0.688889 -0.020000 0.216611
v -0.666667 -0.020000 0.207452
v -0.644444 -0.020000 0.215518
v -0.622222 -0.020000 0.214158
v -0.600000 -0.020000 0.239599
v -0.577778 -0.020000 0.218714
v -0.555556 -0.020000 0.228313
v -0.533333 -0.020000 0.214055
v -0.511111 -0.020000 0.233627
v -0.488889 -0.020000 0.240613
v -0.466667 -0.020000 0.204814
v -0.444444 -0.020000 0.209582
v -0.422222 -0.020000 0.232032
v -0.400000 -0.020000 0.199471
v -0.377778 -0.020000 0.194762
v -0.355556 -0.020000 0.204619
v -0.333333 -0.020000 0.201055
v -0.311111 -0.020000 0.200205
v -0.288889 -0.020000 0.185316
v -0.266667 -0.020000 0.175271
v -0.244444 -0.020000 0.155963
v -0.222222 -0.020000 0.179273
v -0.200000 -0.020000 0.159241
v -0.177778 -0.020000 0.159095
v -0.155556 -0.020000 0.156978
v -0.133333 -0.020000 0.145896
v -0.111111 -0.020000 0.162272
v -0.088889 -0.020000 0.157546
v -0.066667 -0.020000 0.153715
v -0.044444 -0.020000 0.126878
v -0.022222 -0.020000 0.157469
v 0.000000 -0.020000 0.131534
v 0.022222 -0.020000 0.143105
v 0.044444 -0.020000 0.159263
v 0.066667 -0.020000 0.158292
v 0.088889 -0.020000 0.166362
v 0.111111 -0.020000 0.164399
v 0.133333 -0.020000 0.154576
v 0.155556 -0.020000 0.180930
v 0.177778 -0.020000 0.166540
v 0.200000 -0.020000 0.175257
v 0.222222 -0.020000 0.204003
v 0.244444 -0.020000 0.211280
v 0.266667 -0.020000 0.213674
v 0.288889 -0.020000 0.228116
v 0.311111 -0.020000 0.238787
v 0.333333 -0.020000 0.233442
v 0.355556 -0.020000 0.252699
v 0.377778 -0.020000 0.251334
v 0.400000 -0.020000 0.265373
v 0.422222 -0.020000 0.275467
v 0.444444 -0.020000 0.282325
v 0.466667 -0.020000 0.295517
v 0.488889 -0.020000 0.299066
v 0.511111 -0.020000 0.290936
v 0.533333 -0.020000 0.315327
v 0.555556 -0.020000 0.304983
v 0.577778 -0.020000 0.299081
v 0.600000 -0.020000 0.309698
v 0.622222 -0.020000 0.303239
v 0.644444 -0.020000 0.319205
v 0.666667 -0.020000 0.290249
v 0.688889 -0.020000 0.310347
v 0.711111 -0.020000 0.288183
v 0.733333 -0.020000 0.295095
v 0.755556 -0.020000 0.258276
v 0.777778 -0.020000 0.277669
v 0.800000 -0.020000 0.240177
v 0.822222 -0.020000 0.238867
v 0.844444 -0.020000 0.237379
v 0.866667 -0.020000 0.217793
v 0.888889 -0.020000 0.189098
v 0.911111 -0.020000 0.162998
v 0.933333 -0.020000 0.164361
v 0.955556 -0.020000 0.155278
v 0.977778 -0.020000 0.131488
v 1.000000 -0.020000 0.110485
v -1.000000 0.000000 -0.005538
v -0.977778 0.000000 0.033031
v -0.955556 0.000000 0.031884
v -0.933333 0.000000 0.061193
v -0.911111 0.000000 0.082574
v -0.888889 0.000000 0.099510
v -0.866667 0.000000 0.111722
v -0.844444 0.000000 0.126071
v -0.822222 0.000000 0.133746
v -0.800000 0.000000 0.147067
v -0.777778 0.000000 0.142510
v -0.755556 0.000000 0.168740
v -0.733333 0.000000 0.179990
v -0.711111 0.000000 0.204610
v -0.688889 0.000000 0.189533
v -0.666667 0.000000 0.202358
v -0.644444 0.000000 0.227803
v -0.622222 0.000000 0.209477
v -0.600000 0.000000 0.212169
v -0.577778 0.000000 0.219707
v -0.555556 0.000000 0.235816
v -0.533333 0.000000 0.234345
v -0.511111 0.000000 0.235848
v -0.488889 0.000000 0.232228
v -0.466667 0.000000 0.220505
v -0.444444 0.000000 0.208663
v -0.422222 0.000000 0.211111
v -0.400000 0.000000 0.222881
v -0.377778 0.000000 0.190419
v -0.355556 0.000000 0.183885
v -0.333333 0.000000 0.207537
v -0.311111 0.000000 0.176543
v -0.288889 0.000000 0.180032
v -0.266667 0.000000 0.182987
v -0.244444 0.000000 0.162138
v -0.222222 0.000000 0.168603
v -0.200000 0.000000 0.144057
v -0.177778 0.000000 0.165316
v -0.155556 0.000000 0.140459
v -0.133333 0.000000 0.159546
v -0.111111 0.000000 0.148581
v -0.088889 0.000000 0.160072
v -0.066667 0.000000 0.133829
v -0.044444 0.000000 0.126792
v -0.022222 0.000000 0.127162
v 0.000000 0.000000 0.142905
v 0.022222 0.000000 0.130516
v 0.044444 0.000000 0.153602
v 0.066667 0.000000 0.162819
v 0.088889 0.000000 0.149671
v 0.111111 0.000000 0.179291
v 0.133333 0.000000 0.152787
v 0.155556 0.000000 0.190073
v 0.177778 0.000000 0.178992
v 0.200000 0.000000 0.190636
v 0.222222 0.000000 0.199531
v 0.244444 0.000000 0.192287
v 0.266667 0.000000 0.231499
v 0.288889 0.000000 0.240518
v 0.311111 0.000000 0.239964
v 0.333333 0.000000 0.239878
v 0.355556 0.000000 0.260747
v 0.377778 0.000000 0.261510
v 0.400000 0.000000 0.279071
v 0.422222 0.000000 0.290216
v 0.444444 0.000000 0.273766
v 0.466667 0.000000 0.292331
v 0.488889 0.000000 0.311649
v 0.511111 0.000000 0.288701
v 0.533333 0.000000 0.290426
v 0.555556 0.000000 0.319650
v 0.577778 0.000000 0.311452
v 0.600000 0.000000 0.293840
v 0.622222 0.000000 0.315881
v 0.644444 0.000000 0.291173
v 0.666667 0.000000 0.283829
v 0.688889 0.000000 0.279172
v 0.711111 0.000000 0.277594
v 0.733333 0.000000 0.269438
v 0.755556 0.000000 0.262281
v 0.777778 0.000000 0.262837
v 0.800000 0.000000 0.255703
v 0.822222 0.000000 0.253021
v 0.844444 0.000000 0.231890
v 0.866667 0.000000 0.208712
v 0.888889 0.000000 0.206105
v 0.911111 0.000000 0.162470
v 0.933333 0.000000 0.148001
v 0.955556 0.000000 0.131183
v 0.977778 0.000000 0.137988
v 1.000000 0.000000 0.107494
v -1.000000 0.020000 -0.000109
v -0.977778 0.020000 0.010006
v -0.955556 0.020000 0.032387
v -0.933333 0.020000 0.067933
v -0.911111 0.020000 0.068634
v -0.888889 0.020000 0.076925
v -0.866667 0.020000 0.110396
v -0.844444 0.020000 0.103690
v -0.822222 0.020000 0.147636
v -0.800000 0.020000 0.143989
v -0.777778 0.020000 0.146727
v -0.755556 0.020000 0.162822
v -0.733333 0.020000 0.193381
v -0.711111 0.020000 0.202178
v -0.688889 0.020000 0.191629
v -0.666667 0.020000 0.198557
v -0.644444 0.020000 0.227967
v -0.622222 0.020000 0.229041
v -0.600000 0.020000 0.232215
v -0.577778 0.020000 0.241318
v -0.555556 0.020000 0.223957
v -0.533333 0.020000 0.221951
v -0.511111 0.020000 0.236716
v -0.488889 0.020000 0.225375
v -0.466667 0.020000 0.231375
v -0.444444 0.020000 0.221634
v -0.422222 0.020000 0.202412
v -0.400000 0.020000 0.219472
v -0.377778 0.020000 0.215108
v -0.355556 0.020000 0.209186
v -0.333333 0.020000 0.183606
v -0.311111 0.020000 0.205342
v -0.288889 0.020000 0.175003
v -0.266667 0.020000 0.178143
v -0.244444 0.020000 0.178301
v -0.222222 0.020000 0.158590
v -0.200000 0.020000 0.165407
v -0.177778 0.020000 0.169245
v -0.155556 0.020000 0.147358
v -0.133333 0.020000 0.161980
v -0.111111 0.020000 0.132255
v -0.088889 0.020000 0.125671
v -0.066667 0.020000 0.149350
v -0.044444 0.020000 0.155633
v -0.022222 0.020000 0.140167
v 0.000000 0.020000 0.146074
v 0.022222 0.020000 0.135689
v 0.044444 0.020000 0.138604
v 0.066667 0.020000 0.157249
v 0.088889 0.020000 0.145959
v 0.111111 0.020000 0.158824
v 0.133333 0.020000 0.168666
v 0.155556 0.020000 0.162040
v 0.177778 0.020000 0.169119
v 0.200000 0.020000 0.202283
v 0.222222 0.020000 0.215173
v 0.244444 0.020000 0.217723
v 0.266667 0.020000 0.231277
v 0.288889 0.020000 0.215625
v 0.311111 0.020000 0.230729
v 0.333333 0.020000 0.248242
v 0.355556 0.020000 0.256893
v 0.377778 0.020000 0.278027
v 0.400000 0.020000 0.258056
v 0.422222 0.020000 0.264879
v 0.444444 0.020000 0.296243
v 0.466667 0.020000 0.293432
v 0.488889 0.020000 0.290657
v 0.511111 0.020000 0.300196
v 0.533333 0.020000 0.303778
v 0.555556 0.020000 0.300740
v 0.577778 0.020000 0.319797
v 0.600000 0.020000 0.297943
v 0.622222 0.020000 0.318410
v 0.644444 0.020000 0.308055
v 0.666667 0.020000 0.302460
v 0.688889 0.020000 0.308736
v 0.711111 0.020000 0.303383
v 0.733333 0.020000 0.293783
v 0.755556 0.020000 0.284304
v 0.777778 0.020000 0.246170
v 0.800000 0.020000 0.232820
v 0.822222 0.020000 0.245424
v 0.844444 0.020000 0.225991
v 0.866667 0.020000 0.225361
v 0.888889 0.020000 0.181794
v 0.911111 0.020000 0.162844
v 0.933333 0.020000 0.165334
v 0.955556 0.020000 0.146595
v 0.977778 0.020000 0.117380
v 1.000000 0.020000 0.130142
v -1.000000 0.040000 -0.013668
v -0.977778 0.040000 0.004366
v -0.955556 0.040000 0.023168
v -0.933333 0.040000 0.043335
v -0.911111 0.040000 0.081884
v -0.888889 0.040000 0.096928
v -0.866667 0.040000 0.117260
v -0.844444 0.040000 0.125918
v -0.822222 0.040000 0.118705
v -0.800000 0.040000 0.135480
v -0.777778 0.040000 0.147559
v -0.755556 0.040000 0.175517
v -0.733333 0.040000 0.174192
v -0.711111 0.040000 0.184564
v -0.688889 0.040000 0.202278
v -0.666667 0.040000 0.203163
v -0.644444 0.040000 0.227516
v -0.622222 0.040000 0.208011
v -0.600000 0.040000 0.234191
v -0.577778 0.040000 0.220729
v -0.555556 0.040000 0.224574
v -0.533333 0.040000 0.222377
v -0.511111 0.040000 0.214931
v -0.488889 0.040000 0.224222
v -0.466667 0.040000 0.234673
v -0.444444 0.040000 0.227121
v -0.422222 0.040000 0.212048
v -0.400000 0.040000 0.196839
v -0.377778 0.040000 0.196850
v -0.355556 0.040000 0.188295
v -0.333333 0.040000 0.182457
v -0.311111 0.040000 0.189474
v -0.288889 0.040000 0.176136
v -0.266667 0.040000 0.165763
v -0.244444 0.040000 0.155665
v -0.222222 0.040000 0.165510
v -0.200000 0.040000 0.160936
v -0.177778 0.040000 0.145616
v -0.155556 0.040000 0.160029
v -0.133333 0.040000 0.144919
v -0.111111 0.040000 0.148325
v -0.088889 0.040000 0.152914
v -0.066667 0.040000 0.139813
v -0.044444 0.040000 0.154081
v -0.022222 0.040000 0.129808
v 0.000000 0.040000 0.129021
v 0.022222 0.040000 0.132164
v 0.044444 0.040000 0.147238
v 0.066667 0.040000 0.153403
v 0.088889 0.040000 0.141475
v 0.111111 0.040000 0.151286
v 0.133333 0.040000 0.182154
v 0.155556 0.040000 0.184463
v 0.177778 0.040000 0.196684
v 0.200000 0.040000 0.187439
v 0.222222 0.040000 0.203738
v 0.244444 0.040000 0.204932
v 0.266667 0.040000 0.226244
v 0.288889 0.040000 0.233170
v 0.311111 0.040000 0.224260
v 0.333333 0.040000 0.231822
v 0.355556 0.040000 0.270412
v 0.377778 0.040000 0.260994
v 0.400000 0.040000 0.281612
v 0.422222 0.040000 0.262463
v 0.444444 0.040000 0.292241
v 0.466667 0.040000 0.296042
v 0.488889 0.040000 0.304752
v 0.511111 0.040000 0.309408
v 0.533333 0.040000 0.314927
v 0.555556 0.040000 0.297807
v 0.577778 0.040000 0.309193
v 0.600000 0.040000 0.295714
v 0.622222 0.040000 0.318148
v 0.644444 0.040000 0.296339
v 0.666667 0.040000 0.301568
v 0.688889 0.040000 0.284295
v 0.711111 0.040000 0.303328
v 0.733333 0.040000 0.267217
v 0.755556 0.040000 0.270104
v 0.777778 0.040000 0.258878
v 0.800000 0.040000 0.262851
v 0.822222 0.040000 0.241137
v 0.844444 0.040000 0.222306
v 0.866667 0.040000 0.198087
v 0.888889 0.040000 0.188146
v 0.911111 0.040000 0.171449
v 0.933333 0.040000 0.161775
v 0.955556 0.040000 0.134639
v 0.977778 0.040000 0.119312
v 1.000000 0.040000 0.114652
v -1.000000 0.060000 0.004338
v -0.977778 0.060000 0.008897
v -0.955556 0.060000 0.030465
v -0.933333 0.060000 0.045001
v -0.911111 0.060000 0.064095
v -0.888889 0.060000 0.099036
v -0.866667 0.060000 0.116537
v -0.844444 0.060000 0.110450
v -0.822222 0.060000 0.123334
v -0.800000 0.060000 0.132880
v -0.777778 0.060000 0.142436
v -0.755556 0.060000 0.162537
v -0.733333 0.060000 0.192044
v -0.711111 0.060000 0.190436
v -0.688889 0.060000 0.193288
v -0.666667 0.060000 0.213987
v -0.644444 0.060000 0.227231
v -0.622222 0.060000 0.208528
v -0.600000 0.060000 0.224743
v -0.577778 0.060000 0.241675
v -0.555556 0.060000 0.223090
v -0.533333 0.060000 0.226051
v -0.511111 0.060000 0.232406
v -0.488889 0.060000 0.208294
v -0.466667 0.060000 0.225739
v -0.444444 0.060000 0.217378
v -0.422222 0.060000 0.230339
v -0.400000 0.060000 0.213586
v -0.377778 0.060000 0.214402
v -0.355556 0.060000 0.207854
v -0.333333 0.060000 0.201449
v -0.311111 0.060000 0.177386
v -0.288889 0.060000 0.190955
v -0.266667 0.060000 0.170673
v -0.244444 0.060000 0.179070
v -0.222222 0.060000 0.158412
v -0.200000 0.060000 0.149410
v -0.177778 0.060000 0.170013
v -0.155556 0.060000 0.136606
v -0.133333 0.060000 0.139349
v -0.111111 0.060000 0.143811
v -0.088889 0.060000 0.136938
v -0.066667 0.060000 0.138821
v -0.044444 0.060000 0.156718
v -0.022222 0.060000 0.130930
v 0.000000 0.060000 0.157672
v 0.022222 0.060000 0.130029
v 0.044444 0.060000 0.151790
v 0.066667 0.060000 0.152353
v 0.088889 0.060000 0.170543
v 0.111111 0.060000 0.170726
v 0.133333 0.060000 0.185992
v 0.155556 0.060000 0.185765
v 0.177778 0.060000 0.192582
v 0.200000 0.060000 0.185961
v 0.222222 0.060000 0.211726
v 0.244444 0.060000 0.195240
v 0.266667 0.060000 0.223339
v 0.288889 0.060000 0.237829
v 0.311111 0.060000 0.239861
v 0.333333 0.060000 0.230151
v 0.355556 0.060000 0.252808
v 0.377778 0.060000 0.275166
v 0.400000 0.060000 0.259832
v 0.422222 0.060000 0.282269
v 0.444444 0.060000 0.300601
v 0.466667 0.060000 0.280758
v 0.488889 0.060000 0.290770
v 0.511111 0.060000 0.310361
v 0.533333 0.060000 0.296660
v 0.555556 0.060000 0.321184
v 0.577778 0.060000 0.311906
v 0.600000 0.060000 0.307181
v 0.622222 0.060000 0.289957
v 0.644444 0.060000 0.310604
v 0.666667 0.060000 0.314975
v 0.688889 0.060000 0.278050
v 0.711111 0.060000 0.297493
v 0.733333 0.060000 0.281752
v 0.755556 0.060000 0.261723
v 0.777778 0.060000 0.273673
v 0.800000 0.060000 0.262190
v 0.822222 0.060000 0.232823
v 0.844444 0.060000 0.214875
v 0.866667 0.060000 0.212519
v 0.888889 0.060000 0.194341
v 0.911111 0.060000 0.176820
v 0.933333 0.060000 0.147427
v 0.955556 0.060000 0.139909
v 0.977778 0.060000 0.124648
v 1.000000 0.060000 0.115455
v -1.000000 0.080000 -0.005625
v -0.977778 0.080000 0.008955
v -0.955556 0.080000 0.049810
v -0.933333 0.080000 0.068194
v -0.911111 0.080000 0.080083
v -0.888889 0.080000 0.100914
v -0.866667 0.080000 0.107328
v -0.844444 0.080000 0.129307
v -0.822222 0.080000 0.143784
v -0.800000 0.080000 0.161917
v -0.777778 0.080000 0.166288
v -0.755556 0.080000 0.173315
v -0.733333 0.080000 0.179035
v -0.711111 0.080000 0.191165
v -0.688889 0.080000 0.207131
v -0.666667 0.080000 0.200774
v -0.644444 0.080000 0.223069
v -0.622222 0.080000 0.224454
v -0.600000 0.080000 0.213840
v -0.577778 0.080000 0.228875
v -0.555556 0.080000 0.237504
v -0.533333 0.080000 0.229647
v -0.511111 0.080000 0.222667
v -0.488889 0.080000 0.234365
v -0.466667 0.080000 0.219934
v -0.444444 0.080000 0.222284
v -0.422222 0.080000 0.226617
v -0.400000 0.080000 0.224337
v -0.377778 0.080000 0.191327
v -0.355556 0.080000 0.208896
v -0.333333 0.080000 0.200568
v -0.311111 0.080000 0.177644
v -0.288889 0.080000 0.178622
v -0.266667 0.080000 0.177065
v -0.244444 0.080000 0.186811
v -0.222222 0.080000 0.156474
v -0.200000 0.080000 0.177139
v -0.177778 0.080000 0.169965
v -0.155556 0.080000 0.141559
v -0.133333 0.080000 0.142718
v -0.111111 0.080000 0.136955
v -0.088889 0.080000 0.143301
v -0.066667 0.080000 0.140339
v -0.044444 0.080000 0.126968
v -0.022222 0.080000 0.136759
v 0.000000 0.080000 0.154226
v 0.022222 0.080000 0.150591
v 0.044444 0.080000 0.161566
v 0.066667 0.080000 0.159317
v 0.088889 0.080000 0.147965
v 0.111111 0.080000 0.162729
v 0.133333 0.080000 0.184318
v 0.155556 0.080000 0.170251
v 0.177778 0.080000 0.174176
v 0.200000 0.080000 0.185173
v 0.222222 0.080000 0.201482
v 0.244444 0.080000 0.194857
v 0.266667 0.080000 0.229249
v 0.288889 0.080000 0.239641
v 0.311111 0.080000 0.222273
v 0.333333 0.080000 0.259779
v 0.355556 0.080000 0.260340
v 0.377778 0.080000 0.262743
v 0.400000 0.080000 0.262792
v 0.422222 0.080000 0.273663
v 0.444444 0.080000 0.280491
v 0.466667 0.080000 0.286438
v 0.488889 0.080000 0.295287
v 0.511111 0.080000 0.313440
v 0.533333 0.080000 0.316097
v 0.555556 0.080000 0.304279
v 0.577778 0.080000 0.306729
v 0.600000 0.080000 0.293894
v 0.622222 0.080000 0.310902
v 0.644444 0.080000 0.291043
v 0.666667 0.080000 0.282355
v 0.688889 0.080000 0.306124
v 0.711111 0.080000 0.289234
v 0.733333 0.080000 0.281275
v 0.755556 0.080000 0.261506
v 0.777778 0.080000 0.243611
v 0.800000 0.080000 0.242494
v 0.822222 0.080000 0.240395
v 0.844444 0.080000 0.239220
v 0.866667 0.080000 0.205991
v 0.888889 0.080000 0.186956
v 0.911111 0.080000 0.166412
v 0.933333 0.080000 0.146820
v 0.955556 0.080000 0.156148
v 0.977778 0.080000 0.115274
v 1.000000 0.080000 0.116608
v -1.000000 0.100000 0.003763
v -0.977778 0.100000 0.002786
v -0.955556 0.100000 0.044513
v -0.933333 0.100000 0.064524
v -0.911111 0.100000 0.075094
v -0.888889 0.100000 0.100827
v -0.866667 0.100000 0.098445
v -0.844444 0.100000 0.107926
v -0.822222 0.100000 0.127382
v -0.800000 0.100000 0.149741
v -0.777778 0.100000 0.175652
v -0.755556 0.100000 0.155992
v -0.733333 0.100000 0.194757
v -0.711111 0.100000 0.191710
v -0.688889 0.100000 0.193939
v -0.666667 0.100000 0.211691
v -0.644444 0.100000 0.222045
v -0.622222 0.100000 0.222490
v -0.600000 0.100000 0.216197
v -0.577778 0.100000 0.225376
v -0.555556 0.100000 0.220808
v -0.533333 0.100000 0.217982
v -0.511111 0.100000 0.239241
v -0.488889 0.100000 0.210162
v -0.466667 0.100000 0.226335
v -0.444444 0.100000 0.214721
v -0.422222 0.100000 0.205227
v -0.400000 0.100000 0.227167
v -0.377778 0.100000 0.189347
v -0.355556 0.100000 0.216489
v -0.333333 0.100000 0.193435
v -0.311111 0.100000 0.188281
v -0.288889 0.100000 0.187758
v -0.266667 0.100000 0.184052
v -0.244444 0.100000 0.169131
v -0.222222 0.100000 0.154618
v -0.200000 0.100000 0.170589
v -0.177778 0.100000 0.141160
v -0.155556 0.100000 0.147880
v -0.133333 0.100000 0.135300
v -0.111111 0.100000 0.159251
v -0.088889 0.100000 0.142273
v -0.066667 0.100000 0.157342
v -0.044444 0.100000 0.134539
v -0.022222 0.100000 0.146324
v 0.000000 0.100000 0.126842
v 0.022222 0.100000 0.160286
v 0.044444 0.100000 0.147741
v 0.066667 0.100000 0.167494
v 0.088889 0.100000 0.143248
v 0.111111 0.100000 0.166663
v 0.133333 0.100000 0.170191
v 0.155556 0.100000 0.173078
v 0.177778 0.100000 0.181829
v 0.200000 0.100000 0.193168
v 0.222222 0.100000 0.186632
v 0.244444 0.100000 0.206769
v 0.266667 0.100000 0.215645
v 0.288889 0.100000 0.230961
v 0.311111 0.100000 0.229903
v 0.333333 0.100000 0.251210
v 0.355556 0.100000 0.246655
v 0.377778 0.100000 0.267727
v 0.400000 0.100000 0.278554
v 0.422222 0.100000 0.276126
v 0.444444 0.100000 0.292888
v 0.466667 0.100000 0.287281
v 0.488889 0.100000 0.283721
v 0.511111 0.100000 0.299619
v 0.533333 0.100000 0.309538
v 0.555556 0.100000 0.307678
v 0.577778 0.100000 0.300047
v 0.600000 0.100000 0.303753
v 0.622222 0.100000 0.288977
v 0.644444 0.100000 0.319256
v 0.666667 0.100000 0.292158
v 0.688889 0.100000 0.305886
v 0.711111 0.100000 0.269495
v 0.733333 0.100000 0.273521
v 0.755556 0.100000 0.271597
v 0.777778 0.100000 0.249871
v 0.800000 0.100000 0.248413
v 0.822222 0.100000 0.253957
v 0.844444 0.100000 0.223731
v 0.866667 0.100000 0.199129
v 0.888889 0.100000 0.205980
v 0.911111 0.100000 0.173661
v 0.933333 0.100000 0.168876
v 0.955556 0.100000 0.146343
v 0.977778 0.100000 0.114119
v 1.000000 0.100000 0.116724
v -1.000000 -0.260000 -0.180000
v -0.977778 -0.260000 -0.162131
v -0.955556 -0.260000 -0.144382
v -0.933333 -0.260000 -0.126875
v -0.911111 -0.260000 -0.109725
v -0.888889 -0.260000 -0.093048
v -0.866667 -0.260000 -0.076950
v -0.844444 -0.260000 -0.061536
v -0.822222 -0.260000 -0.046900
v -0.800000 -0.260000 -0.033130
v -0.777778 -0.260000 -0.020305
v -0.755556 -0.260000 -0.008492
v -0.733333 -0.260000 0.002249
v -0.711111 -0.260000 0.011871
v -0.688889 -0.260000 0.020339
v -0.666667 -0.260000 0.027628
v -0.644444 -0.260000 0.033727
v -0.622222 -0.260000 0.038635
v -0.600000 -0.260000 0.042366
v -0.577778 -0.260000 0.044943
v -0.555556 -0.260000 0.046401
v -0.533333 -0.260000 0.046787
v -0.511111 -0.260000 0.046158
v -0.488889 -0.260000 0.044582
v -0.466667 -0.260000 0.042134
v -0.444444 -0.260000 0.038898
v -0.422222 -0.260000 0.034965
v -0.400000 -0.260000 0.030433
v -0.377778 -0.260000 0.025405
v -0.355556 -0.260000 0.019986
v -0.333333 -0.260000 0.014286
v -0.311111 -0.260000 0.008416
v -0.288889 -0.260000 0.002484
v -0.266667 -0.260000 -0.003399
v -0.244444 -0.260000 -0.009125
v -0.222222 -0.260000 -0.014593
v -0.200000 -0.260000 -0.019702
v -0.177778 -0.260000 -0.024360
v -0.155556 -0.260000 -0.028481
v -0.133333 -0.260000 -0.031986
v -0.111111 -0.260000 -0.034807
v -0.088889 -0.260000 -0.036882
v -0.066667 -0.260000 -0.038164
v -0.044444 -0.260000 -0.038611
v -0.022222 -0.260000 -0.038198
v 0.000000 -0.260000 -0.036908
v 0.022222 -0.260000 -0.034735
v 0.044444 -0.260000 -0.031689
v 0.066667 -0.260000 -0.027788
v 0.088889 -0.260000 -0.023062
v 0.111111 -0.260000 -0.017554
v 0.133333 -0.260000 -0.011316
v 0.155556 -0.260000 -0.004412
v 0.177778 -0.260000 0.003087
v 0.200000 -0.260000 0.011098
v 0.222222 -0.260000 0.019534
v 0.244444 -0.260000 0.028297
v 0.266667 -0.260000 0.037288
v 0.288889 -0.260000 0.046398
v 0.311111 -0.260000 0.055518
v 0.333333 -0.260000 0.064537
v 0.355556 -0.260000 0.073340
v 0.377778 -0.260000 0.081815
v 0.400000 -0.260000 0.089850
v 0.422222 -0.260000 0.097336
v 0.444444 -0.260000 0.104168
v 0.466667 -0.260000 0.110246
v 0.488889 -0.260000 0.115477
v 0.511111 -0.260000 0.119773
v 0.533333 -0.260000 0.123056
v 0.555556 -0.260000 0.125257
v 0.577778 -0.260000 0.126318
v 0.600000 -0.260000 0.126188
v 0.622222 -0.260000 0.124830
v 0.644444 -0.260000 0.122218
v 0.666667 -0.260000 0.118338
v 0.688889 -0.260000 0.113188
v 0.711111 -0.260000 0.106778
v 0.733333 -0.260000 0.099130
v 0.755556 -0.260000 0.090278
v 0.777778 -0.260000 0.080267
v 0.800000 -0.260000 0.069155
v 0.822222 -0.260000 0.057008
v 0.844444 -0.260000 0.043904
v 0.866667 -0.260000 0.029928
v 0.888889 -0.260000 0.015176
v 0.911111 -0.260000 -0.000252
v 0.933333 -0.260000 -0.016249
v 0.955556 -0.260000 -0.032700
v 0.977778 -0.260000 -0.049491
v 1.000000 -0.260000 -0.066502
v -1.000000 -0.240000 -0.180000
v -0.977778 -0.240000 -0.162131
v -0.955556 -0.240000 -0.144382
v -0.933333 -0.240000 -0.126875
v -0.911111 -0.240000 -0.109725
v -0.888889 -0.240000 -0.093048
v -0.866667 -0.240000 -0.076950
v -0.844444 -0.240000 -0.061536
v -0.822222 -0.240000 -0.046900
v -0.800000 -0.240000 -0.033130
v -0.777778 -0.240000 -0.020305
v -0.755556 -0.240000 -0.008492
v -0.733333 -0.240000 0.002249
v -0.711111 -0.240000 0.011871
v -0.688889 -0.240000 0.020339
v -0.666667 -0.240000 0.027628
v -0.644444 -0.240000 0.033727
v -0.622222 -0.240000 0.038635
v -0.600000 -0.240000 0.042366
v -0.577778 -0.240000 0.044943
v -0.555556 -0.240000 0.046401
v -0.533333 -0.240000 0.046787
v -0.511111 -0.240000 0.046158
v -0.488889 -0.240000 0.044582
v -0.466667 -0.240000 0.042134
v -0.444444 -0.240000 0.038898
v -0.422222 -0.240000 0.034965
v -0.400000 -0.240000 0.030433
v -0.377778 -0.240000 0.025405
v -0.355556 -0.240000 0.019986
v -0.333333 -0.240000 0.014286
v -0.311111 -0.240000 0.008416
v -0.288889 -0.240000 0.002484
v -0.266667 -0.240000 -0.003399
v -0.244444 -0.240000 -0.009125
v -0.222222 -0.240000 -0.014593
v -0.200000 -0.240000 -0.019702
v -0.177778 -0.240000 -0.024360
v -0.155556 -0.240000 -0.028481
v -0.133333 -0.240000 -0.031986
v -0.111111 -0.240000 -0.034807
v -0.088889 -0.240000 -0.036882
v -0.066667 -0.240000 -0.038164
v -0.044444 -0.240000 -0.038611
v -0.022222 -0.240000 -0.038198
v 0.000000 -0.240000 -0.036908
v 0.022222 -0.240000 -0.034735
v 0.044444 -0.240000 -0.031689
v 0.066667 -0.240000 -0.027788
v 0.088889 -0.240000 -0.023062
v 0.111111 -0.240000 -0.017554
v 0.133333 -0.240000 -0.011316
v 0.155556 -0.240000 -0.004412
v 0.177778 -0.240000 0.003087
v 0.200000 -0.240000 0.011098
v 0.222222 -0.240000 0.019534
v 0.244444 -0.240000 0.028297
v 0.266667 -0.240000 0.037288
v 0.288889 -0.240000 0.046398
v 0.311111 -0.240000 0.055518
v 0.333333 -0.240000 0.064537
v 0.355556 -0.240000 0.073340
v 0.377778 -0.240000 0.081815
v 0.400000 -0.240000 0.089850
v 0.422222 -0.240000 0.097336
v 0.444444 -0.240000 0.104168
v 0.466667 -0.240000 0.110246
v 0.488889 -0.240000 0.115477
v 0.511111 -0.240000 0.119773
v 0.533333 -0.240000 0.123056
v 0.555556 -0.240000 0.125257
v 0.577778 -0.240000 0.126318
v 0.600000 -0.240000 0.126188
v 0.622222 -0.240000 0.124830
v 0.644444 -0.240000 0.122218
v 0.666667 -0.240000 0.118338
v 0.688889 -0.240000 0.113188
v 0.711111 -0.240000 0.106778
v 0.733333 -0.240000 0.099130
v 0.755556 -0.240000 0.090278
v 0.777778 -0.240000 0.080267
v 0.800000 -0.240000 0.069155
v 0.822222 -0.240000 0.057008
v 0.844444 -0.240000 0.043904
v 0.866667 -0.240000 0.029928
v 0.888889 -0.240000 0.015176
v 0.911111 -0.240000 -0.000252
v 0.933333 -0.240000 -0.016249
v 0.955556 -0.240000 -0.032700
v 0.977778 -0.240000 -0.049491
v 1.000000 -0.240000 -0.066502
v -1.000000 -0.220000 -0.180000
v -0.977778 -0.220000 -0.162131
v -0.955556 -0.220000 -0.144382
v -0.933333 -0.220000 -0.126875
v -0.911111 -0.220000 -0.109725
v -0.888889 -0.220000 -0.093048
v -0.866667 -0.220000 -0.076950
v -0.844444 -0.220000 -0.061536
v -0.822222 -0.220000 -0.046900
v -0.800000 -0.220000 -0.033130
v -0.777778 -0.220000 -0.020305
v -0.755556 -0.220000 -0.008492
v -0.733333 -0.220000 0.002249
v -0.711111 -0.220000 0.011871
v -0.688889 -0.220000 0.020339
v -0.666667 -0.220000 0.027628
v -0.644444 -0.220000 0.033727
v -0.622222 -0.220000 0.038635
v -0.600000 -0.220000 0.042366
v -0.577778 -0.220000 0.044943
v -0.555556 -0.220000 0.046401
v -0.533333 -0.220000 0.046787
v -0.511111 -0.220000 0.046158
v -0.488889 -0.220000 0.044582
v -0.466667 -0.220000 0.042134
v -0.444444 -0.220000 0.038898
v -0.422222 -0.220000 0.034965
v -0.400000 -0.220000 0.030433
v -0.377778 -0.220000 0.025405
v -0.355556 -0.220000 0.019986
v -0.333333 -0.220000 0.014286
v -0.311111 -0.220000 0.008416
v -0.288889 -0.220000 0.002484
v -0.266667 -0.220000 -0.003399
v -0.244444 -0.220000 -0.009125
v -0.222222 -0.220000 -0.014593
v -0.200000 -0.220000 -0.019702
v -0.177778 -0.220000 -0.024360
v -0.155556 -0.220000 -0.028481
v -0.133333 -0.220000 -0.031986
v -0.111111 -0.220000 -0.034807
v -0.088889 -0.220000 -0.036882
v -0.066667 -0.220000 -0.038164
v -0.044444 -0.220000 -0.038611
v -0.022222 -0.220000 -0.038198
v 0.000000 -0.220000 -0.036908
v 0.022222 -0.220000 -0.034735
v 0.044444 -0.220000 -0.031689
v 0.066667 -0.220000 -0.027788
v 0.088889 -0.220000 -0.023062
v 0.111111 -0.220000 -0.017554
v 0.133333 -0.220000 -0.011316
v 0.155556 -0.220000 -0.004412
v 0.177778 -0.220000 0.003087
v 0.200000 -0.220000 0.011098
v 0.222222 -0.220000 0.019534
v 0.244444 -0.220000 0.028297
v 0.266667 -0.220000 0.037288
v 0.288889 -0.220000 0.046398
v 0.311111 -0.220000 0.055518
v 0.333333 -0.220000 0.064537
v 0.355556 -0.220000 0.073340
v 0.377778 -0.220000 0.081815
v 0.400000 -0.220000 0.089850
v 0.422222 -0.220000 0.097336
v 0.444444 -0.220000 0.104168
v 0.466667 -0.220000 0.110246
v 0.488889 -0.220000 0.115477
v 0.511111 -0.220000 0.119773
v 0.533333 -0.220000 0.123056
v 0.555556 -0.220000 0.125257
v 0.577778 -0.220000 0.126318
v 0.600000 -0.220000 0.126188
v 0.622222 -0.220000 0.124830
v 0.644444 -0.220000 0.122218
v 0.666667 -0.220000 0.118338
v 0.688889 -0.220000 0.113188
v 0.711111 -0.220000 0.106778
v 0.733333 -0.220000 0.099130
v 0.755556 -0.220000 0.090278
v 0.777778 -0.220000 0.080267
v 0.800000 -0.220000 0.069155
v 0.822222 -0.220000 0.057008
v 0.844444 -0.220000 0.043904
v 0.866667 -0.220000 0.029928
v 0.888889 -0.220000 0.015176
v 0.911111 -0.220000 -0.000252
v 0.933333 -0.220000 -0.016249
v 0.955556 -0.220000 -0.032700
v 0.977778 -0.220000 -0.049491
v 1.000000 -0.220000 -0.066502
v -1.000000 -0.200000 -0.180000
v -0.977778 -0.200000 -0.162131
v -0.955556 -0.200000 -0.144382
v -0.933333 -0.200000 -0.126875
v -0.911111 -0.200000 -0.109725
v -0.888889 -0.200000 -0.093048
v -0.866667 -0.200000 -0.076950
v -0.844444 -0.200000 -0.061536
v -0.822222 -0.200000 -0.046900
v -0.800000 -0.200000 -0.033130
v -0.777778 -0.200000 -0.020305
v -0.755556 -0.200000 -0.008492
v -0.733333 -0.200000 0.002249
v -0.711111 -0.200000 0.011871
v -0.688889 -0.200000 0.020339
v -0.666667 -0.200000 0.027628
v -0.644444 -0.200000 0.033727
v -0.622222 -0.200000 0.038635
v -0.600000 -0.200000 0.042366
v -0.577778 -0.200000 0.044943
v -0.555556 -0.200000 0.046401
v -0.533333 -0.200000 0.046787
v -0.511111 -0.200000 0.046158
v -0.488889 -0.200000 0.044582
v -0.466667 -0.200000 0.042134
v -0.444444 -0.200000 0.038898
v -0.422222 -0.200000 0.034965
v -0.400000 -0.200000 0.030433
v -0.377778 -0.200000 0.025405
v -0.355556 -0.200000 0.019986
v -0.333333 -0.200000 0.014286
v -0.311111 -0.200000 0.008416
v -0.288889 -0.200000 0.002484
v -0.266667 -0.200000 -0.003399
v -0.244444 -0.200000 -0.009125
v -0.222222 -0.200000 -0.014593
v -0.200000 -0.200000 -0.019702
v -0.177778 -0.200000 -0.024360
v -0.155556 -0.200000 -0.028481
v -0.133333 -0.200000 -0.031986
v -0.111111 -0.200000 -0.034807
v -0.088889 -0.200000 -0.036882
v -0.066667 -0.200000 -0.038164
v -0.044444 -0.200000 -0.038611
v -0.022222 -0.200000 -0.038198
v 0.000000 -0.200000 -0.036908
v 0.022222 -0.200000 -0.034735
v 0.044444 -0.200000 -0.031689
v 0.066667 -0.200000 -0.027788
v 0.088889 -0.200000 -0.023062
v 0.111111 -0.200000 -0.017554
v 0.133333 -0.200000 -0.011316
v 0.155556 -0.200000 -0.004412
v 0.177778 -0.200000 0.003087
v 0.200000 -0.200000 0.011098
v 0.222222 -0.200000 0.019534
v 0.244444 -0.200000 0.028297
v 0.266667 -0.200000 0.037288
v 0.288889 -0.200000 0.046398
v 0.311111 -0.200000 0.055518
v 0.333333 -0.200000 0.064537
v 0.355556 -0.200000 0.073340
v 0.377778 -0.200000 0.081815
v 0.400000 -0.200000 0.089850
v 0.422222 -0.200000 0.097336
v 0.444444 -0.200000 0.104168
v 0.466667 -0.200000 0.110246
v 0.488889 -0.200000 0.115477
v 0.511111 -0.200000 0.119773
v 0.533333 -0.200000 0.123056
v 0.555556 -0.200000 0.125257
v 0.577778 -0.200000 0.126318
v 0.600000 -0.200000 0.126188
v 0.622222 -0.200000 0.124830
v 0.644444 -0.200000 0.122218
v 0.666667 -0.200000 0.118338
v 0.688889 -0.200000 0.113188
v 0.711111 -0.200000 0.106778
v 0.733333 -0.200000 0.099130
v 0.755556 -0.200000 0.090278
v 0.777778 -0.200000 0.080267
v 0.800000 -0.200000 0.069155
v 0.822222 -0.200000 0.057008
v 0.844444 -0.200000 0.043904
v 0.866667 -0.200000 0.029928
v 0.888889 -0.200000 0.015176
v 0.911111 -0.200000 -0.000252
v 0.933333 -0.200000 -0.016249
v 0.955556 -0.200000 -0.032700
v 0.977778 -0.200000 -0.049491
v 1.000000 -0.200000 -0.066502
v -1.000000 -0.180000 -0.180000
v -0.977778 -0.180000 -0.162131
v -0.955556 -0.180000 -0.144382
v -0.933333 -0.180000 -0.126875
v -0.911111 -0.180000 -0.109725
v -0.888889 -0.180000 -0.093048
v -0.866667 -0.180000 -0.076950
v -0.844444 -0.180000 -0.061536
v -0.822222 -0.180000 -0.046900
v -0.800000 -0.180000 -0.033130
v -0.777778 -0.180000 -0.020305
v -0.755556 -0.180000 -0.008492
v -0.733333 -0.180000 0.002249
v -0.711111 -0.180000 0.011871
v -0.688889 -0.180000 0.020339
v -0.666667 -0.180000 0.027628
v -0.644444 -0.180000 0.033727
v -0.622222 -0.180000 0.038635
v -0.600000 -0.180000 0.042366
v -0.577778 -0.180000 0.044943
v -0.555556 -0.180000 0.046401
v -0.533333 -0.180000 0.046787
v -0.511111 -0.180000 0.046158
v -0.488889 -0.180000 0.044582
v -0.466667 -0.180000 0.042134
v -0.444444 -0.180000 0.038898
v -0.422222 -0.180000 0.034965
v -0.400000 -0.180000 0.030433
v -0.377778 -0.180000 0.025405
v -0.355556 -0.180000 0.019986
v -0.333333 -0.180000 0.014286
v -0.311111 -0.180000 0.008416
v -0.288889 -0.180000 0.002484
v -0.266667 -0.180000 -0.003399
v -0.244444 -0.180000 -0.009125
v -0.222222 -0.180000 -0.014593
v -0.200000 -0.180000 -0.019702
v -0.177778 -0.180000 -0.024360
v -0.155556 -0.180000 -0.028481
v -0.133333 -0.180000 -0.031986
v -0.111111 -0.180000 -0.034807
v -0.088889 -0.180000 -0.036882
v -0.066667 -0.180000 -0.038164
v -0.044444 -0.180000 -0.038611
v -0.022222 -0.180000 -0.038198
v 0.000000 -0.180000 -0.036908
v 0.022222 -0.180000 -0.034735
v 0.044444 -0.180000 -0.031689
v 0.066667 -0.180000 -0.027788
v 0.088889 -0.180000 -0.023062
v 0.111111 -0.180000 -0.017554
v 0.133333 -0.180000 -0.011316
v 0.155556 -0.180000 -0.004412
v 0.177778 -0.180000 0.003087
v 0.200000 -0.180000 0.011098
v 0.222222 -0.180000 0.019534
v 0.244444 -0.180000 0.028297
v 0.266667 -0.180000 0.037288
v 0.288889 -0.180000 0.046398
v 0.311111 -0.180000 0.055518
v 0.333333 -0.180000 0.064537
v 0.355556 -0.180000 0.073340
v 0.377778 -0.180000 0.081815
v 0.400000 -0.180000 0.089850
v 0.422222 -0.180000 0.097336
v 0.444444 -0.180000 0.104168
v 0.466667 -0.180000 0.110246
v 0.488889 -0.180000 0.115477
v 0.511111 -0.180000 0.119773
v 0.533333 -0.180000 0.123056
v 0.555556 -0.180000 0.125257
v 0.577778 -0.180000 0.126318
v 0.600000 -0.180000 0.126188
v 0.622222 -0.180000 0.124830
v 0.644444 -0.180000 0.122218
v 0.666667 -0.180000 0.118338
v 0.688889 -0.180000 0.113188
v 0.711111 -0.180000 0.106778
v 0.733333 -0.180000 0.099130
v 0.755556 -0.180000 0.090278
v 0.777778 -0.180000 0.080267
v 0.800000 -0.180000 0.069155
v 0.822222 -0.180000 0.057008
v 0.844444 -0.180000 0.043904
v 0.866667 -0.180000 0.029928
v 0.888889 -0.180000 0.015176
v 0.911111 -0.180000 -0.000252
v 0.933333 -0.180000 -0.016249
v 0.955556 -0.180000 -0.032700
v 0.977778 -0.180000 -0.049491
v 1.000000 -0.180000 -0.066502
vt 0.000000 1.000000
vt 0.011111 1.000000
vt 0.022222 1.000000
vt 0.033333 1.000000
vt 0.044444 1.000000
vt 0.055556 1.000000
vt 0.066667 1.000000
vt 0.077778 1.000000
vt 0.088889 1.000000
vt 0.100000 1.000000
vt 0.111111 1.000000
vt 0.122222 1.000000
vt 0.133333 1.000000
vt 0.144444 1.000000
vt 0.155556 1.000000
vt 0.166667 1.000000
vt 0.177778 1.000000
vt 0.188889 1.000000
vt 0.200000 1.000000
vt 0.211111 1.000000
vt 0.222222 1.000000
vt 0.233333 1.000000
vt 0.244444 1.000000
vt 0.255556 1.000000
vt 0.266667 1.000000
vt 0.277778 1.000000
vt 0.288889 1.000000
vt 0.300000 1.000000
vt 0.311111 1.000000
vt 0.322222 1.000000
vt 0.333333 1.000000
vt 0.344444 1.000000
vt 0.355556 1.000000
vt 0.366667 1.000000
vt 0.377778 1.000000
vt 0.388889 1.000000
vt 0.400000 1.000000
vt 0.411111 1.000000
vt 0.422222 1.000000
vt 0.433333 1.000000
vt 0.444444 1.000000
vt 0.455556 1.000000
vt 0.466667 1.000000
vt 0.477778 1.000000
vt 0.488889 1.000000
vt 0.500000 1.000000
vt 0.511111 1.000000
vt 0.522222 1.000000
vt 0.533333 1.000000
vt 0.544444 1.000000
vt 0.555556 1.000000
vt 0.566667 1.000000
vt 0.577778 1.000000
vt 0.588889 1.000000
vt 0.600000 1.000000
vt 0.611111 1.000000
vt 0.622222 1.000000
vt 0.633333 1.000000
vt 0.644444 1.000000
vt 0.655556 1.000000
vt 0.666667 1.000000
vt 0.677778 1.000000
vt 0.688889 1.000000
vt 0.700000 1.000000
vt 0.711111 1.000000
vt 0.722222 1.000000
vt 0.733333 1.000000
vt 0.744444 1.000000
vt 0.755556 1.000000
vt 0.766667 1.000000
vt 0.777778 1.000000
vt 0.788889 1.000000
vt 0.800000 1.000000
vt 0.811111 1.000000
vt 0.822222 1.000000
vt 0.833333 1.000000
vt 0.844444 1.000000
vt 0.855556 1.000000
vt 0.866667 1.000000
vt 0.877778 1.000000
vt 0.888889 1.000000
vt 0.900000 1.000000
vt 0.911111 1.000000
vt 0.922222 1.000000
vt 0.933333 1.000000
vt 0.944444 1.000000
vt 0.955556 1.000000
vt 0.966667 1.000000
vt 0.977778 1.000000
vt 0.988889 1.000000
vt 1.000000 1.000000
vt 0.000000 0.900000
vt 0.011111 0.900000
vt 0.022222 0.900000
vt 0.033333 0.900000
vt 0.044444 0.900000
vt 0.055556 0.900000
vt 0.066667 0.900000
vt 0.077778 0.900000
vt 0.088889 0.900000
vt 0.100000 0.900000
vt 0.111111 0.900000
vt 0.122222 0.900000
vt 0.133333 0.900000
vt 0.144444 0.900000
vt 0.155556 0.900000
vt 0.166667 0.900000
vt 0.177778 0.900000
vt 0.188889 0.900000
vt 0.200000 0.900000
vt 0.211111 0.900000
vt 0.222222 0.900000
vt 0.233333 0.900000
vt 0.244444 0.900000
vt 0.255556 0.900000
vt 0.266667 0.900000
vt 0.277778 0.900000
vt 0.288889 0.900000
vt 0.300000 0.900000
vt 0.311111 0.900000
vt 0.322222 0.900000
vt 0.333333 0.900000
vt 0.344444 0.900000
vt 0.355556 0.900000
vt 0.366667 0.900000
vt 0.377778 0.900000
vt 0.388889 0.900000
vt 0.400000 0.900000
vt 0.411111 0.900000
vt 0.422222 0.900000
vt 0.433333 0.900000
vt 0.444444 0.900000
vt 0.455556 0.900000
vt 0.466667 0.900000
vt 0.477778 0.900000
vt 0.488889 0.900000
vt 0.500000 0.900000
vt 0.511111 0.900000
vt 0.522222 0.900000
vt 0.533333 0.900000
vt 0.544444 0.900000
vt 0.555556 0.900000
vt 0.566667 0.900000
vt 0.577778 0.900000
vt 0.588889 0.900000
vt 0.600000 0.900000
vt 0.611111 0.900000
vt 0.622222 0.900000
vt 0.633333 0.900000
vt 0.644444 0.900000
vt 0.655556 0.900000
vt 0.666667 0.900000
vt 0.677778 0.900000
vt 0.688889 0.900000
vt 0.700000 0.900000
vt 0.711111 0.900000
vt 0.722222 0.900000
vt 0.733333 0.900000
vt 0.744444 0.900000
vt 0.755556 0.900000
vt 0.766667 0.900000
vt 0.777778 0.900000
vt 0.788889 0.900000
vt 0.800000 0.900000
vt 0.811111 0.900000
vt 0.822222 0.900000
vt 0.833333 0.900000
vt 0.844444 0.900000
vt 0.855556 0.900000
vt 0.866667 0.900000
vt 0.877778 0.900000
vt 0.888889 0.900000
vt 0.900000 0.900000
vt 0.911111 0.900000
vt 0.922222 0.900000
vt 0.933333 0.900000
vt 0.944444 0.900000
vt 0.955556 0.900000
vt 0.966667 0.900000
vt 0.977778 0.900000
vt 0.988889 0.900000
vt 1.000000 0.900000
vt 0.000000 0.800000
vt 0.011111 0.800000
vt 0.022222 0.800000
vt 0.033333 0.800000
vt 0.044444 0.800000
vt 0.055556 0.800000
vt 0.066667 0.800000
vt 0.077778 0.800000
vt 0.088889 0.800000
vt 0.100000 0.800000
vt 0.111111 0.800000
vt 0.122222 0.800000
vt 0.133333 0.800000
vt 0.144444 0.800000
vt 0.155556 0.800000
vt 0.166667 0.800000
vt 0.177778 0.800000
vt 0.188889 0.800000
vt 0.200000 0.800000
vt 0.211111 0.800000
vt 0.222222 0.800000
vt 0.233333 0.800000
vt 0.244444 0.800000
vt 0.255556 0.800000
vt 0.266667 0.800000
vt 0.277778 0.800000
vt 0.288889 0.800000
vt 0.300000 0.800000
vt 0.311111 0.800000
vt 0.322222 0.800000
vt 0.333333 0.800000
vt 0.344444 0.800000
vt 0.355556 0.800000
vt 0.366667 0.800000
vt 0.377778 0.800000
vt 0.388889 0.800000
vt 0.400000 0.800000
vt 0.411111 0.800000
vt 0.422222 0.800000
vt 0.433333 0.800000
vt 0.444444 0.800000
vt 0.455556 0.800000
vt 0.466667 0.800000
vt 0.477778 0.800000
vt 0.488889 0.800000
vt 0.500000 0.800000
vt 0.511111 0.800000
vt 0.522222 0.800000
vt 0.533333 0.800000
vt 0.544444 0.800000
vt 0.555556 0.800000
vt 0.566667 0.800000
vt 0.577778 0.800000
vt 0.588889 0.800000
vt 0.600000 0.800000
vt 0.611111 0.800000
vt 0.622222 0.800000
vt 0.633333 0.800000
vt 0.644444 0.800000
vt 0.655556 0.800000
vt 0.666667 0.800000
vt 0.677778 0.800000
vt 0.688889 0.800000
vt 0.700000 0.800000
vt 0.711111 0.800000
vt 0.722222 0.800000
vt 0.733333 0.800000
vt 0.744444 0.800000
vt 0.755556 0.800000
vt 0.766667 0.800000
vt 0.777778 0.800000
vt 0.788889 0.800000
vt 0.800000 0.800000
vt 0.811111 0.800000
vt 0.822222 0.800000
vt 0.833333 0.800000
vt 0.844444 0.800000
vt 0.855556 0.800000
vt 0.866667 0.800000
vt 0.877778 0.800000
vt 0.888889 0.800000
vt 0.900000 0.800000
vt 0.911111 0.800000
vt 0.922222 0.800000
vt 0.933333 0.800000
vt 0.944444 0.800000
vt 0.955556 0.800000
vt 0.966667 0.800000
vt 0.977778 0.800000
vt 0.988889 0.800000
vt 1.000000 0.800000
vt 0.000000 0.700000
vt 0.011111 0.700000
vt 0.022222 0.700000
vt 0.033333 0.700000
vt 0.044444 0.700000
vt 0.055556 0.700000
vt 0.066667 0.700000
vt 0.077778 0.700000
vt 0.088889 0.700000
vt 0.100000 0.700000
vt 0.111111 0.700000
vt 0.122222 0.700000
vt 0.133333 0.700000
vt 0.144444 0.700000
vt 0.155556 0.700000
vt 0.166667 0.700000
vt 0.177778 0.700000
vt 0.188889 0.700000
vt 0.200000 0.700000
vt 0.211111 0.700000
vt 0.222222 0.700000
vt 0.233333 0.700000
vt 0.244444 0.700000
vt 0.255556 0.700000
vt 0.266667 0.700000
vt 0.277778 0.700000
vt 0.288889 0.700000
vt 0.300000 0.700000
vt 0.311111 0.700000
vt 0.322222 0.700000
vt 0.333333 0.700000
vt 0.344444 0.700000
vt 0.355556 0.700000
vt 0.366667 0.700000
vt 0.377778 0.700000
vt 0.388889 0.700000
vt 0.400000 0.700000
vt 0.411111 0.700000
vt 0.422222 0.700000
vt 0.433333 0.700000
vt 0.444444 0.700000
vt 0.455556 0.700000
vt 0.466667 0.700000
vt 0.477778 0.700000
vt 0.488889 0.700000
vt 0.500000 0.700000
vt 0.511111 0.700000
vt 0.522222 0.700000
vt 0.533333 0.700000
vt 0.544444 0.700000
vt 0.555556 0.700000
vt 0.566667 0.700000
vt 0.577778 0.700000
vt 0.588889 0.700000
vt 0.600000 0.700000
vt 0.611111 0.700000
vt 0.622222 0.700000
vt 0.633333 0.700000
vt 0.644444 0.700000
vt 0.655556 0.700000
vt 0.666667 0.700000
vt 0.677778 0.700000
vt 0.688889 0.700000
vt 0.700000 0.700000
vt 0.711111 0.700000
vt 0.722222 0.700000
vt 0.733333 0.700000
vt 0.744444 0.700000
vt 0.755556 0.700000
vt 0.766667 0.700000
vt 0.777778 0.700000
vt 0.788889 0.700000
vt 0.800000 0.700000
vt 0.811111 0.700000
vt 0.822222 0.700000
vt 0.833333 0.700000
vt 0.844444 0.700000
vt 0.855556 0.700000
vt 0.866667 0.700000
vt 0.877778 0.700000
vt 0.888889 0.700000
vt 0.900000 0.700000
vt 0.911111 0.700000
vt 0.922222 0.700000
vt 0.933333 0.700000
vt 0.944444 0.700000
vt 0.955556 0.700000
vt 0.966667 0.700000
vt 0.977778 0.700000
vt 0.988889 0.700000
vt 1.000000 0.700000
vt 0.000000 0.600000
vt 0.011111 0.600000
vt 0.022222 0.600000
vt 0.033333 0.600000
vt 0.044444 0.600000
vt 0.055556 0.600000
vt 0.066667 0.600000
vt 0.077778 0.600000
vt 0.088889 0.600000
vt 0.100000 0.600000
vt 0.111111 0.600000
vt 0.122222 0.600000
vt 0.133333 0.600000
vt 0.144444 0.600000
vt 0.155556 0.600000
vt 0.166667 0.600000
vt 0.177778 0.600000
vt 0.188889 0.600000
vt 0.200000 0.600000
vt 0.211111 0.600000
vt 0.222222 0.600000
vt 0.233333 0.600000
vt 0.244444 0.600000
vt 0.255556 0.600000
vt 0.266667 0.600000
vt 0.277778 0.600000
vt 0.288889 0.600000
vt 0.300000 0.600000
vt 0.311111 0.600000
vt 0.322222 0.600000
vt 0.333333 0.600000
vt 0.344444 0.600000
vt 0.355556 0.600000
vt 0.366667 0.600000
vt 0.377778 0.600000
vt 0.388889 0.600000
vt 0.400000 0.600000
vt 0.411111 0.600000
vt 0.422222 0.600000
vt 0.433333 0.600000
vt 0.444444 0.600000
vt 0.455556 0.600000
vt 0.466667 0.600000
vt 0.477778 0.600000
vt 0.488889 0.600000
vt 0.500000 0.600000
vt 0.511111 0.600000
vt 0.522222 0.600000
vt 0.533333 0.600000
vt 0.544444 0.600000
vt 0.555556 0.600000
vt 0.566667 0.600000
vt 0.577778 0.600000
vt 0.588889 0.600000
vt 0.600000 0.600000
vt 0.611111 0.600000
vt 0.622222 0.600000
vt 0.633333 0.600000
vt 0.644444 0.600000
vt 0.655556 0.600000
vt 0.666667 0.600000
vt 0.677778 0.600000
vt 0.688889 0.600000
vt 0.700000 0.600000
vt 0.711111 0.600000
vt 0.722222 0.600000
vt 0.733333 0.600000
vt 0.744444 0.600000
vt 0.755556 0.600000
vt 0.766667 0.600000
vt 0.777778 0.600000
vt 0.788889 0.600000
vt 0.800000 0.600000
vt 0.811111 0.600000
vt 0.822222 0.600000
vt 0.833333 0.600000
vt 0.844444 0.600000
vt 0.855556 0.600000
vt 0.866667 0.600000
vt 0.877778 0.600000
vt 0.888889 0.600000
vt 0.900000 0.600000
vt 0.911111 0.600000
vt 0.922222 0.600000
vt 0.933333 0.600000
vt 0.944444 0.600000
vt 0.955556 0.600000
vt 0.966667 0.600000
vt 0.977778 0.600000
vt 0.988889 0.600000
vt 1.000000 0.600000
vt 0.000000 0.500000
vt 0.011111 0.500000
vt 0.022222 0.500000
vt 0.033333 0.500000
vt 0.044444 0.500000
vt 0.055556 0.500000
vt 0.066667 0.500000
vt 0.077778 0.500000
vt 0.088889 0.500000
vt 0.100000 0.500000
vt 0.111111 0.500000
vt 0.122222 0.500000
vt 0.133333 0.500000
vt 0.144444 0.500000
vt 0.155556 0.500000
vt 0.166667 0.500000
vt 0.177778 0.500000
vt 0.188889 0.500000
vt 0.200000 0.500000
vt 0.211111 0.500000
vt 0.222222 0.500000
vt 0.233333 0.500000
vt 0.244444 0.500000
vt 0.255556 0.500000
vt 0.266667 0.500000
vt 0.277778 0.500000
vt 0.288889 0.500000
vt 0.300000 0.500000
vt 0.311111 0.500000
vt 0.322222 0.500000
vt 0.333333 0.500000
vt 0.344444 0.500000
vt 0.355556 0.500000
vt 0.366667 0.500000
vt 0.377778 0.500000
vt 0.388889 0.500000
vt 0.400000 0.500000
vt 0.411111 0.500000
vt 0.422222 0.500000
vt 0.433333 0.500000
vt 0.444444 0.500000
vt 0.455556 0.500000
vt 0.466667 0.500000
vt 0.477778 0.500000
vt 0.488889 0.500000
vt 0.500000 0.500000
vt 0.511111 0.500000
vt 0.522222 0.500000
vt 0.533333 0.500000
vt 0.544444 0.500000
vt 0.555556 0.500000
vt 0.566667 0.500000
vt 0.577778 0.500000
vt 0.588889 0.500000
vt 0.600000 0.500000
vt 0.611111 0.500000
vt 0.622222 0.500000
vt 0.633333 0.500000
vt 0.644444 0.500000
vt 0.655556 0.500000
vt 0.666667 0.500000
vt 0.677778 0.500000
vt 0.688889 0.500000
vt 0.700000 0.500000
vt 0.711111 0.500000
vt 0.722222 0.500000
vt 0.733333 0.500000
vt 0.744444 0.500000
vt 0.755556 0.500000
vt 0.766667 0.500000
vt 0.777778 0.500000
vt 0.788889 0.500000
vt 0.800000 0.500000
vt 0.811111 0.500000
vt 0.822222 0.500000
vt 0.833333 0.500000
vt 0.844444 0.500000
vt 0.855556 0.500000
vt 0.866667 0.500000
vt 0.877778 0.500000
vt 0.888889 0.500000
vt 0.900000 0.500000
vt 0.911111 0.500000
vt 0.922222 0.500000
vt 0.933333 0.500000
vt 0.944444 0.500000
vt 0.955556 0.500000
vt 0.966667 0.500000
vt 0.977778 0.500000
vt 0.988889 0.500000
vt 1.000000 0.500000
vt 0.000000 0.400000
vt 0.011111 0.400000
vt 0.022222 0.400000
vt 0.033333 0.400000
vt 0.044444 0.400000
vt 0.055556 0.400000
vt 0.066667 0.400000
vt 0.077778 0.400000
vt 0.088889 0.400000
vt 0.100000 0.400000
vt 0.111111 0.400000
vt 0.122222 0.400000
vt 0.133333 0.400000
vt 0.144444 0.400000
vt 0.155556 0.400000
vt 0.166667 0.400000
vt 0.177778 0.400000
vt 0.188889 0.400000
vt 0.200000 0.400000
vt 0.211111 0.400000
vt 0.222222 0.400000
vt 0.233333 0.400000
vt 0.244444 0.400000
vt 0.255556 0.400000
vt 0.266667 0.400000
vt 0.277778 0.400000
vt 0.288889 0.400000
vt 0.300000 0.400000
vt 0.311111 0.400000
vt 0.322222 0.400000
vt 0.333333 0.400000
vt 0.344444 0.400000
vt 0.355556 0.400000
vt 0.366667 0.400000
vt 0.377778 0.400000
vt 0.388889 0.400000
vt 0.400000 0.400000
vt 0.411111 0.400000
vt 0.422222 0.400000
vt 0.433333 0.400000
vt 0.444444 0.400000
vt 0.455556 0.400000
vt 0.466667 0.400000
vt 0.477778 0.400000
vt 0.488889 0.400000
vt 0.500000 0.400000
vt 0.511111 0.400000
vt 0.522222 0.400000
vt 0.533333 0.400000
vt 0.544444 0.400000
vt 0.555556 0.400000
vt 0.566667 0.400000
vt 0.577778 0.400000
vt 0.588889 0.400000
vt 0.600000 0.400000
vt 0.611111 0.400000
vt 0.622222 0.400000
vt 0.633333 0.400000
vt 0.644444 0.400000
vt 0.655556 0.400000
vt 0.666667 0.400000
vt 0.677778 0.400000
vt 0.688889 0.400000
vt 0.700000 0.400000
vt 0.711111 0.400000
vt 0.722222 0.400000
vt 0.733333 0.400000
vt 0.744444 0.400000
vt 0.755556 0.400000
vt 0.766667 0.400000
vt 0.777778 0.400000
vt 0.788889 0.400000
vt 0.800000 0.400000
vt 0.811111 0.400000
vt 0.822222 0.400000
vt 0.833333 0.400000
vt 0.844444 0.400000
vt 0.855556 0.400000
vt 0.866667 0.400000
vt 0.877778 0.400000
vt 0.888889 0.400000
vt 0.900000 0.400000
vt 0.911111 0.400000
vt 0.922222 0.400000
vt 0.933333 0.400000
vt 0.944444 0.400000
vt 0.955556 0.400000
vt 0.966667 0.400000
vt 0.977778 0.400000
vt 0.988889 0.400000
vt 1.000000 0.400000
vt 0.000000 0.300000
vt 0.011111 0.300000
vt 0.022222 0.300000
vt 0.033333 0.300000
vt 0.044444 0.300000
vt 0.055556 0.300000
vt 0.066667 0.300000
vt 0.077778 0.300000
vt 0.088889 0.300000
vt 0.100000 0.300000
vt 0.111111 0.300000
vt 0.122222 0.300000
vt 0.133333 0.300000
vt 0.144444 0.300000
vt 0.155556 0.300000
vt 0.166667 0.300000
vt 0.177778 0.300000
vt 0.188889 0.300000
vt 0.200000 0.300000
vt 0.211111 0.300000
vt 0.222222 0.300000
vt 0.233333 0.300000
vt 0.244444 0.300000
vt 0.255556 0.300000
vt 0.266667 0.300000
vt 0.277778 0.300000
vt 0.288889 0.300000
vt 0.300000 0.300000
vt 0.311111 0.300000
vt 0.322222 0.300000
vt 0.333333 0.300000
vt 0.344444 0.300000
vt 0.355556 0.300000
vt 0.366667 0.300000
vt 0.377778 0.300000
vt 0.388889 0.300000
vt 0.400000 0.300000
vt 0.411111 0.300000
vt 0.422222 0.300000
vt 0.433333 0.300000
vt 0.444444 0.300000
vt 0.455556 0.300000
vt 0.466667 0.300000
vt 0.477778 0.300000
vt 0.488889 0.300000
vt 0.500000 0.300000
vt 0.511111 0.300000
vt 0.522222 0.300000
vt 0.533333 0.300000
vt 0.544444 0.300000
vt 0.555556 0.300000
vt 0.566667 0.300000
vt 0.577778 0.300000
vt 0.588889 0.300000
vt 0.600000 0.300000
vt 0.611111 0.300000
vt 0.622222 0.300000
vt 0.633333 0.300000
vt 0.644444 0.300000
vt 0.655556 0.300000
vt 0.666667 0.300000
vt 0.677778 0.300000
vt 0.688889 0.300000
vt 0.700000 0.300000
vt 0.711111 0.300000
vt 0.722222 0.300000
vt 0.733333 0.300000
vt 0.744444 0.300000
vt 0.755556 0.300000
vt 0.766667 0.300000
vt 0.777778 0.300000
vt 0.788889 0.300000
vt 0.800000 0.300000
vt 0.811111 0.300000
vt 0.822222 0.300000
vt 0.833333 0.300000
vt 0.844444 0.300000
vt 0.855556 0.300000
vt 0.866667 0.300000
vt 0.877778 0.300000
vt 0.888889 0.300000
vt 0.900000 0.300000
vt 0.911111 0.300000
vt 0.922222 0.300000
vt 0.933333 0.300000
vt 0.944444 0.300000
vt 0.955556 0.300000
vt 0.966667 0.300000
vt 0.977778 0.300000
vt 0.988889 0.300000
vt 1.000000 0.300000
vt 0.000000 0.200000
vt 0.011111 0.200000
vt 0.022222 0.200000
vt 0.033333 0.200000
vt 0.044444 0.200000
vt 0.055556 0.200000
vt 0.066667 0.200000
vt 0.077778 0.200000
vt 0.088889 0.200000
vt 0.100000 0.200000
vt 0.111111 0.200000
vt 0.122222 0.200000
vt 0.133333 0.200000
vt 0.144444 0.200000
vt 0.155556 0.200000
vt 0.166667 0.200000
vt 0.177778 0.200000
vt 0.188889 0.200000
vt 0.200000 0.200000
vt 0.211111 0.200000
vt 0.222222 0.200000
vt 0.233333 0.200000
vt 0.244444 0.200000
vt 0.255556 0.200000
vt 0.266667 0.200000
vt 0.277778 0.200000
vt 0.288889 0.200000
vt 0.300000 0.200000
vt 0.311111 0.200000
vt 0.322222 0.200000
vt 0.333333 0.200000
vt 0.344444 0.200000
vt 0.355556 0.200000
vt 0.366667 0.200000
vt 0.377778 0.200000
vt 0.388889 0.200000
vt 0.400000 0.200000
vt 0.411111 0.200000
vt 0.422222 0.200000
vt 0.433333 0.200000
vt 0.444444 0.200000
vt 0.455556 0.200000
vt 0.466667 0.200000
vt 0.477778 0.200000
vt 0.488889 0.200000
vt 0.500000 0.200000
vt 0.511111 0.200000
vt 0.522222 0.200000
vt 0.533333 0.200000
vt 0.544444 0.200000
vt 0.555556 0.200000
vt 0.566667 0.200000
vt 0.577778 0.200000
vt 0.588889 0.200000
vt 0.600000 0.200000
vt 0.611111 0.200000
vt 0.622222 0.200000
vt 0.633333 0.200000
vt 0.644444 0.200000
vt 0.655556 0.200000
vt 0.666667 0.200000
vt 0.677778 0.200000
vt 0.688889 0.200000
vt 0.700000 0.200000
vt 0.711111 0.200000
vt 0.722222 0.200000
vt 0.733333 0.200000
vt 0.744444 0.200000
vt 0.755556 0.200000
vt 0.766667 0.200000
vt 0.777778 0.200000
vt 0.788889 0.200000
vt 0.800000 0.200000
vt 0.811111 0.200000
vt 0.822222 0.200000
vt 0.833333 0.200000
vt 0.844444 0.200000
vt 0.855556 0.200000
vt 0.866667 0.200000
vt 0.877778 0.200000
vt 0.888889 0.200000
vt 0.900000 0.200000
vt 0.911111 0.200000
vt 0.922222 0.200000
vt 0.933333 0.200000
vt 0.944444 0.200000
vt 0.955556 0.200000
vt 0.966667 0.200000
vt 0.977778 0.200000
vt 0.988889 0.200000
vt 1.000000 0.200000
vt 0.000000 0.100000
vt 0.011111 0.100000
vt 0.022222 0.100000
vt 0.033333 0.100000
vt 0.044444 0.100000
vt 0.055556 0.100000
vt 0.066667 0.100000
vt 0.077778 0.100000
vt 0.088889 0.100000
vt 0.100000 0.100000
vt 0.111111 0.100000
vt 0.122222 0.100000
vt 0.133333 0.100000
vt 0.144444 0.100000
vt 0.155556 0.100000
vt 0.166667 0.100000
vt 0.177778 0.100000
vt 0.188889 0.100000
vt 0.200000 0.100000
vt 0.211111 0.100000
vt 0.222222 0.100000
vt 0.233333 0.100000
vt 0.244444 0.100000
vt 0.255556 0.100000
vt 0.266667 0.100000
vt 0.277778 0.100000
vt 0.288889 0.100000
vt 0.300000 0.100000
vt 0.311111 0.100000
vt 0.322222 0.100000
vt 0.333333 0.100000
vt 0.344444 0.100000
vt 0.355556 0.100000
vt 0.366667 0.100000
vt 0.377778 0.100000
vt 0.388889 0.100000
vt 0.400000 0.100000
vt 0.411111 0.100000
vt 0.422222 0.100000
vt 0.433333 0.100000
vt 0.444444 0.100000
vt 0.455556 0.100000
vt 0.466667 0.100000
vt 0.477778 0.100000
vt 0.488889 0.100000
vt 0.500000 0.100000
vt 0.511111 0.100000
vt 0.522222 0.100000
vt 0.533333 0.100000
vt 0.544444 0.100000
vt 0.555556 0.100000
vt 0.566667 0.100000
vt 0.577778 0.100000
vt 0.588889 0.100000
vt 0.600000 0.100000
vt 0.611111 0.100000
vt 0.622222 0.100000
vt 0.633333 0.100000
vt 0.644444 0.100000
vt 0.655556 0.100000
vt 0.666667 0.100000
vt 0.677778 0.100000
vt 0.688889 0.100000
vt 0.700000 0.100000
vt 0.711111 0.100000
vt 0.722222 0.100000
vt 0.733333 0.100000
vt 0.744444 0.100000
vt 0.755556 0.100000
vt 0.766667 0.100000
vt 0.777778 0.100000
vt 0.788889 0.100000
vt 0.800000 0.100000
vt 0.811111 0.100000
vt 0.822222 0.100000
vt 0.833333 0.100000
vt 0.844444 0.100000
vt 0.855556 0.100000
vt 0.866667 0.100000
vt 0.877778 0.100000
vt 0.888889 0.100000
vt 0.900000 0.100000
vt 0.911111 0.100000
vt 0.922222 0.100000
vt 0.933333 0.100000
vt 0.944444 0.100000
vt 0.955556 0.100000
vt 0.966667 0.100000
vt 0.977778 0.100000
vt 0.988889 0.100000
vt 1.000000 0.100000
vt 0.000000 0.000000
vt 0.011111 0.000000
vt 0.022222 0.000000
vt 0.033333 0.000000
vt 0.044444 0.000000
vt 0.055556 0.000000
vt 0.066667 0.000000
vt 0.077778 0.000000
vt 0.088889 0.000000
vt 0.100000 0.000000
vt 0.111111 0.000000
vt 0.122222 0.000000
vt 0.133333 0.000000
vt 0.144444 0.000000
vt 0.155556 0.000000
vt 0.166667 0.000000
vt 0.177778 0.000000
vt 0.188889 0.000000
vt 0.200000 0.000000
vt 0.211111 0.000000
vt 0.222222 0.000000
vt 0.233333 0.000000
vt 0.244444 0.000000
vt 0.255556 0.000000
vt 0.266667 0.000000
vt 0.277778 0.000000
vt 0.288889 0.000000
vt 0.300000 0.000000
vt 0.311111 0.000000
vt 0.322222 0.000000
vt 0.333333 0.000000
vt 0.344444 0.000000
vt 0.355556 0.000000
vt 0.366667 0.000000
vt 0.377778 0.000000
vt 0.388889 0.000000
vt 0.400000 0.000000
vt 0.411111 0.000000
vt 0.422222 0.000000
vt 0.433333 0.000000
vt 0.444444 0.000000
vt 0.455556 0.000000
vt 0.466667 0.000000
vt 0.477778 0.000000
vt 0.488889 0.000000
vt 0.500000 0.000000
vt 0.511111 0.000000
vt 0.522222 0.000000
vt 0.533333 0.000000
vt 0.544444 0.000000
vt 0.555556 0.000000
vt 0.566667 0.000000
vt 0.577778 0.000000
vt 0.588889 0.000000
vt 0.600000 0.000000
vt 0.611111 0.000000
vt 0.622222 0.000000
vt 0.633333 0.000000
vt 0.644444 0.000000
vt 0.655556 0.000000
vt 0.666667 0.000000
vt 0.677778 0.000000
vt 0.688889 0.000000
vt 0.700000 0.000000
vt 0.711111 0.000000
vt 0.722222 0.000000
vt 0.733333 0.000000
vt 0.744444 0.000000
vt 0.755556 0.000000
vt 0.766667 0.000000
vt 0.777778 0.000000
vt 0.788889 0.000000
vt 0.800000 0.000000
vt 0.811111 0.000000
vt 0.822222 0.000000
vt 0.833333 0.000000
vt 0.844444 0.000000
vt 0.855556 0.000000
vt 0.866667 0.000000
vt 0.877778 0.000000
vt 0.888889 0.000000
vt 0.900000 0.000000
vt 0.911111 0.000000
vt 0.922222 0.000000
vt 0.933333 0.000000
vt 0.944444 0.000000
vt 0.955556 0.000000
vt 0.966667 0.000000
vt 0.977778 0.000000
vt 0.988889 0.000000
vt 1.000000 0.000000
vt 0.000000 1.000000
vt 0.011111 1.000000
vt 0.022222 1.000000
vt 0.033333 1.000000
vt 0.044444 1.000000
vt 0.055556 1.000000
vt 0.066667 1.000000
vt 0.077778 1.000000
vt 0.088889 1.000000
vt 0.100000 1.000000
vt 0.111111 1.000000
vt 0.122222 1.000000
vt 0.133333 1.000000
vt 0.144444 1.000000
vt 0.155556 1.000000
vt 0.166667 1.000000
vt 0.177778 1.000000
vt 0.188889 1.000000
vt 0.200000 1.000000
vt 0.211111 1.000000
vt 0.222222 1.000000
vt 0.233333 1.000000
vt 0.244444 1.000000
vt 0.255556 1.000000
vt 0.266667 1.000000
vt 0.277778 1.000000
vt 0.288889 1.000000
vt 0.300000 1.000000
vt 0.311111 1.000000
vt 0.322222 1.000000
vt 0.333333 1.000000
vt 0.344444 1.000000
vt 0.355556 1.000000
vt 0.366667 1.000000
vt 0.377778 1.000000
vt 0.388889 1.000000
vt 0.400000 1.000000
vt 0.411111 1.000000
vt 0.422222 1.000000
vt 0.433333 1.000000
vt 0.444444 1.000000
vt 0.455556 1.000000
vt 0.466667 1.000000
vt 0.477778 1.000000
vt 0.488889 1.000000
vt 0.500000 1.000000
vt 0.511111 1.000000
vt 0.522222 1.000000
vt 0.533333 1.000000
vt 0.544444 1.000000
vt 0.555556 1.000000
vt 0.566667 1.000000
vt 0.577778 1.000000
vt 0.588889 1.000000
vt 0.600000 1.000000
vt 0.611111 1.000000
vt 0.622222 1.000000
vt 0.633333 1.000000
vt 0.644444 1.000000
vt 0.655556 1.000000
vt 0.666667 1.000000
vt 0.677778 1.000000
vt 0.688889 1.000000
vt 0.700000 1.000000
vt 0.711111 1.000000
vt 0.722222 1.000000
vt 0.733333 1.000000
vt 0.744444 1.000000
vt 0.755556 1.000000
vt 0.766667 1.000000
vt 0.777778 1.000000
vt 0.788889 1.000000
vt 0.800000 1.000000
vt 0.811111 1.000000
vt 0.822222 1.000000
vt 0.833333 1.000000
vt 0.844444 1.000000
vt 0.855556 1.000000
vt 0.866667 1.000000
vt 0.877778 1.000000
vt 0.888889 1.000000
vt 0.900000 1.000000
vt 0.911111 1.000000
vt 0.922222 1.000000
vt 0.933333 1.000000
vt 0.944444 1.000000
vt 0.955556 1.000000
vt 0.966667 1.000000
vt 0.977778 1.000000
vt 0.988889 1.000000
vt 1.000000 1.000000
vt 0.000000 0.750000
vt 0.011111 0.750000
vt 0.022222 0.750000
vt 0.033333 0.750000
vt 0.044444 0.750000
vt 0.055556 0.750000
vt 0.066667 0.750000
vt 0.077778 0.750000
vt 0.088889 0.750000
vt 0.100000 0.750000
vt 0.111111 0.750000
vt 0.122222 0.750000
vt 0.133333 0.750000
vt 0.144444 0.750000
vt 0.155556 0.750000
vt 0.166667 0.750000
vt 0.177778 0.750000
vt 0.188889 0.750000
vt 0.200000 0.750000
vt 0.211111 0.750000
vt 0.222222 0.750000
vt 0.233333 0.750000
vt 0.244444 0.750000
vt 0.255556 0.750000
vt 0.266667 0.750000
vt 0.277778 0.750000
vt 0.288889 0.750000
vt 0.300000 0.750000
vt 0.311111 0.750000
vt 0.322222 0.750000
vt 0.333333 0.750000
vt 0.344444 0.750000
vt 0.355556 0.750000
vt 0.366667 0.750000
vt 0.377778 0.750000
vt 0.388889 0.750000
vt 0.400000 0.750000
vt 0.411111 0.750000
vt 0.422222 0.750000
vt 0.433333 0.750000
vt 0.444444 0.750000
vt 0.455556 0.750000
vt 0.466667 0.750000
vt 0.477778 0.750000
vt 0.488889 0.750000
vt 0.500000 0.750000
vt 0.511111 0.750000
vt 0.522222 0.750000
vt 0.533333 0.750000
vt 0.544444 0.750000
vt 0.555556 0.750000
vt 0.566667 0.750000
vt 0.577778 0.750000
vt 0.588889 0.750000
vt 0.600000 0.750000
vt 0.611111 0.750000
vt 0.622222 0.750000
vt 0.633333 0.750000
vt 0.644444 0.750000
vt 0.655556 0.750000
vt 0.666667 0.750000
vt 0.677778 0.750000
vt 0.688889 0.750000
vt 0.700000 0.750000
vt 0.711111 0.750000
vt 0.722222 0.750000
vt 0.733333 0.750000
vt 0.744444 0.750000
vt 0.755556 0.750000
vt 0.766667 0.750000
vt 0.777778 0.750000
vt 0.788889 0.750000
vt 0.800000 0.750000
vt 0.811111 0.750000
vt 0.822222 0.750000
vt 0.833333 0.750000
vt 0.844444 0.750000
vt 0.855556 0.750000
vt 0.866667 0.750000
vt 0.877778 0.750000
vt 0.888889 0.750000
vt 0.900000 0.750000
vt 0.911111 0.750000
vt 0.922222 0.750000
vt 0.933333 0.750000
vt 0.944444 0.750000
vt 0.955556 0.750000
vt 0.966667 0.750000
vt 0.977778 0.750000
vt 0.988889 0.750000
vt 1.000000 0.750000
vt 0.000000 0.500000
vt 0.011111 0.500000
vt 0.022222 0.500000
vt 0.033333 0.500000
vt 0.044444 0.500000
vt 0.055556 0.500000
vt 0.066667 0.500000
vt 0.077778 0.500000
vt 0.088889 0.500000
vt 0.100000 0.500000
vt 0.111111 0.500000
vt 0.122222 0.500000
vt 0.133333 0.500000
vt 0.144444 0.500000
vt 0.155556 0.500000
vt 0.166667 0.500000
vt 0.177778 0.500000
vt 0.188889 0.500000
vt 0.200000 0.500000
vt 0.211111 0.500000
vt 0.222222 0.500000
vt 0.233333 0.500000
vt 0.244444 0.500000
vt 0.255556 0.500000
vt 0.266667 0.500000
vt 0.277778 0.500000
vt 0.288889 0.500000
vt 0.300000 0.500000
vt 0.311111 0.500000
vt 0.322222 0.500000
vt 0.333333 0.500000
vt 0.344444 0.500000
vt 0.355556 0.500000
vt 0.366667 0.500000
vt 0.377778 0.500000
vt 0.388889 0.500000
vt 0.400000 0.500000
vt 0.411111 0.500000
vt 0.422222 0.500000
vt 0.433333 0.500000
vt 0.444444 0.500000
vt 0.455556 0.500000
vt 0.466667 0.500000
vt 0.477778 0.500000
vt 0.488889 0.500000
vt 0.500000 0.500000
vt 0.511111 0.500000
vt 0.522222 0.500000
vt 0.533333 0.500000
vt 0.544444 0.500000
vt 0.555556 0.500000
vt 0.566667 0.500000
vt 0.577778 0.500000
vt 0.588889 0.500000
vt 0.600000 0.500000
vt 0.611111 0.500000
vt 0.622222 0.500000
vt 0.633333 0.500000
vt 0.644444 0.500000
vt 0.655556 0.500000
vt 0.666667 0.500000
vt 0.677778 0.500000
vt 0.688889 0.500000
vt 0.700000 0.500000
vt 0.711111 0.500000
vt 0.722222 0.500000
vt 0.733333 0.500000
vt 0.744444 0.500000
vt 0.755556 0.500000
vt 0.766667 0.500000
vt 0.777778 0.500000
vt 0.788889 0.500000
vt 0.800000 0.500000
vt 0.811111 0.500000
vt 0.822222 0.500000
vt 0.833333 0.500000
vt 0.844444 0.500000
vt 0.855556 0.500000
vt 0.866667 0.500000
vt 0.877778 0.500000
vt 0.888889 0.500000
vt 0.900000 0.500000
vt 0.911111 0.500000
vt 0.922222 0.500000
vt 0.933333 0.500000
vt 0.944444 0.500000
vt 0.955556 0.500000
vt 0.966667 0.500000
vt 0.977778 0.500000
vt 0.988889 0.500000
vt 1.000000 0.500000
vt 0.000000 0.250000
vt 0.011111 0.250000
vt 0.022222 0.250000
vt 0.033333 0.250000
vt 0.044444 0.250000
vt 0.055556 0.250000
vt 0.066667 0.250000
vt 0.077778 0.250000
vt 0.088889 0.250000
vt 0.100000 0.250000
vt 0.111111 0.250000
vt 0.122222 0.250000
vt 0.133333 0.250000
vt 0.144444 0.250000
vt 0.155556 0.250000
vt 0.166667 0.250000
vt 0.177778 0.250000
vt 0.188889 0.250000
vt 0.200000 0.250000
vt 0.211111 0.250000
vt 0.222222 0.250000
vt 0.233333 0.250000
vt 0.244444 0.250000
vt 0.255556 0.250000
vt 0.266667 0.250000
vt 0.277778 0.250000
vt 0.288889 0.250000
vt 0.300000 0.250000
vt 0.311111 0.250000
vt 0.322222 0.250000
vt 0.333333 0.250000
vt 0.344444 0.250000
vt 0.355556 0.250000
vt 0.366667 0.250000
vt 0.377778 0.250000
vt 0.388889 0.250000
vt 0.400000 0.250000
vt 0.411111 0.250000
vt 0.422222 0.250000
vt 0.433333 0.250000
vt 0.444444 0.250000
vt 0.455556 0.250000
vt 0.466667 0.250000
vt 0.477778 0.250000
vt 0.488889 0.250000
vt 0.500000 0.250000
vt 0.511111 0.250000
vt 0.522222 0.250000
vt 0.533333 0.250000
vt 0.544444 0.250000
vt 0.555556 0.250000
vt 0.566667 0.250000
vt 0.577778 0.250000
vt 0.588889 0.250000
vt 0.600000 0.250000
vt 0.611111 0.250000
vt 0.622222 0.250000
vt 0.633333 0.250000
vt 0.644444 0.250000
vt 0.655556 0.250000
vt 0.666667 0.250000
vt 0.677778 0.250000
vt 0.688889 0.250000
vt 0.700000 0.250000
vt 0.711111 0.250000
vt 0.722222 0.250000
vt 0.733333 0.250000
vt 0.744444 0.250000
vt 0.755556 0.250000
vt 0.766667 0.250000
vt 0.777778 0.250000
vt 0.788889 0.250000
vt 0.800000 0.250000
vt 0.811111 0.250000
vt 0.822222 0.250000
vt 0.833333 0.250000
vt 0.844444 0.250000
vt 0.855556 0.250000
vt 0.866667 0.250000
vt 0.877778 0.250000
vt 0.888889 0.250000
vt 0.900000 0.250000
vt 0.911111 0.250000
vt 0.922222 0.250000
vt 0.933333 0.250000
vt 0.944444 0.250000
vt 0.955556 0.250000
vt 0.966667 0.250000
vt 0.977778 0.250000
vt 0.988889 0.250000
vt 1.000000 0.250000
vt 0.000000 0.000000
vt 0.011111 0.000000
vt 0.022222 0.000000
vt 0.033333 0.000000
vt 0.044444 0.000000
vt 0.055556 0.000000
vt 0.066667 0.000000
vt 0.077778 0.000000
vt 0.088889 0.000000
vt 0.100000 0.000000
vt 0.111111 0.000000
vt 0.122222 0.000000
vt 0.133333 0.000000
vt 0.144444 0.000000
vt 0.155556 0.000000
vt 0.166667 0.000000
vt 0.177778 0.000000
vt 0.188889 0.000000
vt 0.200000 0.000000
vt 0.211111 0.000000
vt 0.222222 0.000000
vt 0.233333 0.000000
vt 0.244444 0.000000
vt 0.255556 0.000000
vt 0.266667 0.000000
vt 0.277778 0.000000
vt 0.288889 0.000000
vt 0.300000 0.000000
vt 0.311111 0.000000
vt 0.322222 0.000000
vt 0.333333 0.000000
vt 0.344444 0.000000
vt 0.355556 0.000000
vt 0.366667 0.000000
vt 0.377778 0.000000
vt 0.388889 0.000000
vt 0.400000 0.000000
vt 0.411111 0.000000
vt 0.422222 0.000000
vt 0.433333 0.000000
vt 0.444444 0.000000
vt 0.455556 0.000000
vt 0.466667 0.000000
vt 0.477778 0.000000
vt 0.488889 0.000000
vt 0.500000 0.000000
vt 0.511111 0.000000
vt 0.522222 0.000000
vt 0.533333 0.000000
vt 0.544444 0.000000
vt 0.555556 0.000000
vt 0.566667 0.000000
vt 0.577778 0.000000
vt 0.588889 0.000000
vt 0.600000 0.000000
vt 0.611111 0.000000
vt 0.622222 0.000000
vt 0.633333 0.000000
vt 0.644444 0.000000
vt 0.655556 0.000000
vt 0.666667 0.000000
vt 0.677778 0.000000
vt 0.688889 0.000000
vt 0.700000 0.000000
vt 0.711111 0.000000
vt 0.722222 0.000000
vt 0.733333 0.000000
vt 0.744444 0.000000
vt 0.755556 0.000000
vt 0.766667 0.000000
vt 0.777778 0.000000
vt 0.788889 0.000000
vt 0.800000 0.000000
vt 0.811111 0.000000
vt 0.822222 0.000000
vt 0.833333 0.000000
vt 0.844444 0.000000
vt 0.855556 0.000000
vt 0.866667 0.000000
vt 0.877778 0.000000
vt 0.888889 0.000000
vt 0.900000 0.000000
vt 0.911111 0.000000
vt 0.922222 0.000000
vt 0.933333 0.000000
vt 0.944444 0.000000
vt 0.955556 0.000000
vt 0.966667 0.000000
vt 0.977778 0.000000
vt 0.988889 0.000000
vt 1.000000 0.000000
vn -0.419926 0.378815 0.824719
vn -0.561313 -0.351943 0.749041
vn -0.578103 -0.079496 0.812082
vn -0.480143 -0.417961 0.771214
vn -0.556070 0.226528 0.799669
vn -0.556191 -0.602606 0.572292
vn -0.520157 0.692383 0.500043
vn -0.228521 0.761255 0.606852
vn -0.056865 0.496884 0.865952
vn -0.290728 0.139047 0.946648
vn -0.683470 -0.073498 0.726269
vn -0.714058 -0.368624 0.595179
vn -0.097221 0.463660 0.880663
vn -0.088561 -0.307690 0.947356
vn -0.615029 -0.061726 0.786085
vn -0.282811 0.002403 0.959173
vn 0.060848 -0.424172 0.903535
vn 0.172741 -0.409228 0.895931
vn 0.071935 0.023984 0.997121
vn -0.289061 -0.403676 0.868038
vn -0.437020 -0.328726 0.837229
vn -0.410494 -0.179210 0.894080
vn 0.320434 0.730717 0.602805
vn 0.262889 -0.765224 0.587641
vn 0.020333 -0.125639 0.991868
vn -0.124035 -0.334581 0.934168
vn -0.063756 0.822986 0.564472
vn 0.625770 0.161118 0.763186
vn -0.022199 -0.821362 0.569975
vn -0.344059 0.126211 0.930427
vn 0.646351 0.315407 0.694802
vn 0.496450 -0.670833 0.550928
vn -0.051409 -0.810133 0.583988
vn -0.079361 -0.609134 0.789087
vn 0.107513 -0.208434 0.972109
vn 0.002143 0.620928 0.783864
vn 0.507856 0.117920 0.853333
vn 0.378904 -0.691264 0.615293
vn 0.169077 -0.684346 0.709284
vn -0.265703 -0.556559 0.787175
vn 0.008353 0.598311 0.801220
vn 0.377551 0.112665 0.919109
vn -0.061410 -0.319877 0.945467
vn -0.145699 -0.556250 0.818143
vn -0.152463 0.515920 0.842960
vn 0.344447 0.096756 0.933806
vn -0.007901 -0.743992 0.668142
vn -0.316906 -0.360387 0.877321
vn 0.034191 0.369373 0.928652
vn -0.426518 -0.442836 0.788656
vn -0.185806 -0.191039 0.963836
vn -0.218340 -0.676591 0.703244
vn -0.444056 0.449965 0.774820
vn -0.246617 0.186892 0.950921
vn -0.463419 0.439330 0.769566
vn 0.112790 -0.437706 0.892016
vn 0.040037 -0.107525 0.993396
vn -0.563390 -0.447867 0.694267
vn -0.598599 0.532920 0.598060
vn -0.536822 0.303131 0.787358
vn -0.137987 0.829533 0.541142
vn -0.388539 -0.086707 0.917344
vn -0.361103 0.506442 0.783020
vn -0.223926 0.771941 0.594949
vn -0.171114 0.665174 0.726818
vn -0.235307 0.473312 0.848886
vn -0.315663 0.738321 0.596020
vn -0.057645 0.661151 0.748035
vn 0.233882 -0.150007 0.960623
vn 0.192946 -0.625623 0.755888
vn -0.215055 -0.657387 0.722214
vn -0.356606 0.068120 0.931768
vn -0.077178 0.420622 0.903947
vn 0.248251 0.654093 0.714517
vn 0.491270 -0.573587 0.655478
vn 0.407842 -0.435006 0.802767
vn -0.061267 -0.590550 0.804672
vn 0.302579 -0.307387 0.902197
vn 0.199972 -0.366082 0.908843
vn 0.188556 0.745012 0.639847
vn 0.557446 -0.020892 0.829950
vn 0.035426 -0.231841 0.972108
vn 0.111705 0.803745 0.584393
vn 0.508066 0.671260 0.539703
vn 0.582207 -0.564562 0.585068
vn 0.601005 -0.067543 0.796386
vn 0.335683 0.189375 0.922743
vn 0.342018 0.799720 0.493429
vn 0.816492 -0.160469 0.554608
vn 0.243253 -0.576636 0.779948
vn -0.381837 0.657845 0.649184
vn -0.751785 0.350144 0.558765
vn -0.702162 -0.118572 0.702075
vn -0.590902 0.143475 0.793883
vn -0.379790 -0.383131 0.842004
vn -0.678931 0.026761 0.733715
vn -0.417855 0.235785 0.877384
vn -0.001820 0.274472 0.961593
vn -0.593269 0.088284 0.800148
vn -0.488221 0.111715 0.865540
vn -0.488496 -0.349117 0.799681
vn -0.714383 -0.425451 0.555562
vn -0.667490 -0.157884 0.727688
vn 0.022151 0.008928 0.999715
vn -0.343429 -0.018171 0.939003
vn -0.511215 0.301270 0.804919
vn -0.414969 -0.225423 0.881468
vn -0.137970 0.018437 0.990265
vn 0.382840 -0.044191 0.922757
vn 0.068125 -0.062076 0.995744
vn -0.452780 -0.195745 0.869870
vn -0.364487 -0.220877 0.904634
vn 0.230078 0.426657 0.874659
vn 0.035205 0.175306 0.983884
vn -0.137756 -0.438661 0.888031
vn 0.399028 -0.194582 0.896055
vn 0.501569 0.037464 0.864306
vn 0.141503 0.062287 0.987976
vn -0.436028 0.018772 0.899737
vn -0.071440 -0.186334 0.979886
vn 0.434546 0.040325 0.899747
vn 0.304486 0.095564 0.947711
vn 0.066568 -0.392867 0.917183
vn 0.105141 -0.340550 0.934329
vn 0.391873 0.070587 0.917308
vn 0.629608 -0.077273 0.773060
vn 0.156043 0.202457 0.966779
vn -0.244135 0.321853 0.914773
vn 0.117774 0.118213 0.985979
vn 0.383785 -0.200557 0.901380
vn 0.381351 -0.278832 0.881377
vn 0.357527 0.064639 0.931663
vn -0.069215 -0.444641 0.893031
vn -0.383936 -0.201435 0.901120
vn 0.235033 0.240648 0.941726
vn 0.166493 -0.179284 0.969607
vn -0.347105 0.393012 0.851505
vn -0.209244 -0.465402 0.860011
vn 0.281532 -0.375680 0.882952
vn -0.030469 -0.183204 0.982603
vn -0.628733 0.026284 0.777177
vn -0.335352 0.281793 0.898962
vn 0.034304 -0.514903 0.856562
vn -0.050568 0.203829 0.977700
vn -0.252673 0.136353 0.957896
vn -0.647298 0.276818 0.710195
vn -0.174299 0.152187 0.972861
vn -0.027076 -0.371571 0.928010
vn -0.338940 -0.086388 0.936833
vn -0.472074 0.073315 0.878505
vn -0.326470 0.450814 0.830773
vn -0.421147 0.149524 0.894582
vn -0.634578 0.042354 0.771698
vn 0.138277 0.529712 0.836830
vn -0.224996 0.417712 0.880280
vn -0.486000 0.180858 0.855041
vn -0.130420 -0.026496 0.991105
vn -0.357438 -0.017899 0.933765
vn -0.524749 0.412623 0.744567
vn -0.404466 0.496719 0.767905
vn -0.083641 -0.058460 0.994780
vn 0.096601 -0.429294 0.897984
vn 0.202044 0.477471 0.855102
vn 0.238693 0.531395 0.812800
vn -0.201315 0.582908 0.787204
vn 0.092682 0.113209 0.989239
vn 0.482623 -0.232580 0.844382
vn 0.013024 -0.424849 0.905170
vn 0.409388 0.343600 0.845187
vn 0.654302 -0.200459 0.729181
vn 0.395874 0.342521 0.852035
vn 0.040162 -0.095197 0.994648
vn 0.554381 -0.034236 0.831558
vn 0.649254 0.077968 0.756565
vn -0.109453 0.169716 0.979396
vn 0.337729 -0.403948 0.850156
vn 0.760802 0.261887 0.593798
vn 0.748003 0.057528 0.661197
vn 0.414588 0.227947 0.880997
vn 0.367431 0.250049 0.895807
vn 0.662452 -0.130646 0.737624
vn 0.688334 0.204969 0.695834
vn -0.886864 0.068791 0.456882
vn -0.726207 0.272646 0.631101
vn -0.651298 0.352731 0.671857
vn -0.556591 0.378130 0.739746
vn -0.043784 -0.086769 0.995266
vn -0.500855 0.548226 0.669771
vn -0.749638 -0.190666 0.633790
vn -0.396996 -0.503415 0.767442
vn -0.429393 -0.472449 0.769684
vn -0.659802 -0.461428 0.593081
vn -0.523778 -0.478824 0.704545
vn -0.377962 0.539758 0.752201
vn 0.066909 -0.108339 0.991860
vn 0.218471 -0.300799 0.928327
vn -0.691453 -0.197752 0.694829
vn -0.511945 0.211799 0.832498
vn 0.245266 -0.102022 0.964073
vn 0.119056 0.023797 0.992602
vn -0.086207 -0.130459 0.987699
vn -0.435284 -0.205818 0.876451
vn 0.118538 -0.054539 0.991451
vn -0.077648 -0.168536 0.982632
vn -0.297475 -0.444293 0.845051
vn 0.086859 0.304317 0.948602
vn 0.432932 -0.273770 0.858848
vn 0.104934 -0.465477 0.878817
vn -0.121933 -0.383303 0.915539
vn 0.507583 -0.085833 0.857317
vn -0.017150 0.164410 0.986243
vn -0.104091 0.241592 0.964779
vn 0.449863 0.047458 0.891836
vn 0.419781 0.257516 0.870327
vn 0.338963 0.175526 0.924281
vn 0.134835 0.142258 0.980603
vn 0.216761 0.251781 0.943197
vn 0.356399 -0.339062 0.870642
vn 0.446937 0.214153 0.868554
vn 0.087779 0.452346 0.887512
vn -0.147660 0.248631 0.957277
vn -0.072244 0.251276 0.965216
vn -0.150104 0.120418 0.981310
vn 0.140673 -0.257571 0.955965
vn 0.517313 0.143347 0.843705
vn -0.124631 0.477716 0.869629
vn 0.004019 -0.466098 0.884724
vn 0.048117 -0.050755 0.997551
vn -0.607345 0.262929 0.749666
vn -0.038283 0.408600 0.911910
vn 0.394409 -0.277304 0.876096
vn -0.082628 -0.408399 0.909056
vn -0.514636 0.530731 0.673404
vn -0.375353 0.001775 0.926880
vn 0.095309 -0.075150 0.992607
vn -0.083364 -0.491645 0.866796
vn -0.507783 0.013955 0.861372
vn -0.450422 0.451342 0.770332
vn -0.170198 -0.332480 0.927626
vn -0.350983 -0.074568 0.933408
vn -0.372656 -0.329268 0.867589
vn -0.501769 -0.252446 0.827344
vn -0.545192 -0.292553 0.785607
vn -0.003921 0.400926 0.916102
vn -0.079563 -0.292609 0.952916
vn -0.597881 -0.128902 0.791153
vn -0.561520 -0.125586 0.817877
vn -0.427370 0.200729 0.881512
vn -0.006331 -0.363803 0.931455
vn 0.462980 -0.008110 0.886332
vn -0.263702 0.445305 0.855667
vn -0.523948 0.496624 0.691985
vn 0.233633 0.351020 0.906753
vn 0.530375 -0.152157 0.833997
vn 0.076798 -0.193061 0.978177
vn -0.127478 -0.360638 0.923953
vn -0.162550 -0.035507 0.986061
vn -0.017233 0.125807 0.991905
vn 0.453359 0.288831 0.843233
vn 0.454455 0.025010 0.890418
vn 0.204648 -0.245023 0.947672
vn 0.414401 -0.047841 0.908836
vn 0.263175 -0.009509 0.964701
vn 0.185943 0.468772 0.863527
vn 0.311343 -0.496222 0.810450
vn 0.336785 -0.496617 0.799967
vn 0.767161 0.162093 0.620637
vn 0.773329 0.160089 0.613461
vn 0.192566 -0.182369 0.964189
vn 0.646892 -0.153668 0.746938
vn 0.722150 -0.177021 0.668703
vn 0.306359 -0.147596 0.940404
vn 0.222604 -0.471383 0.853373
vn -0.619783 -0.264464 0.738869
vn -0.552545 -0.019916 0.833245
vn -0.558380 -0.003503 0.829578
vn -0.707529 0.028769 0.706099
vn -0.526608 0.252368 0.811784
vn -0.480525 -0.502461 0.718769
vn -0.793351 0.119192 0.596982
vn -0.715147 0.000434 0.698974
vn -0.557223 -0.076311 0.826849
vn -0.540262 -0.240960 0.806260
vn 0.053631 0.449725 0.891556
vn -0.371212 -0.132686 0.919019
vn -0.644953 0.295806 0.704652
vn -0.463518 -0.037532 0.885292
vn -0.091134 -0.598689 0.795780
vn -0.274814 0.371378 0.886880
vn -0.327334 -0.039408 0.944086
vn 0.364200 -0.029406 0.930856
vn -0.128820 -0.608464 0.783056
vn -0.410833 -0.044181 0.910639
vn -0.326447 0.053746 0.943686
vn -0.158269 -0.063922 0.985325
vn 0.431878 0.010730 0.901868
vn 0.029518 -0.319805 0.947023
vn -0.261369 0.514785 0.816506
vn 0.437690 -0.108890 0.892508
vn 0.462187 -0.159316 0.872354
vn 0.040630 0.268290 0.962481
vn 0.234812 0.088357 0.968017
vn 0.351514 0.156340 0.923036
vn 0.340124 0.050549 0.939021
vn 0.185068 -0.265626 0.946146
vn -0.023103 -0.088259 0.995830
vn 0.443978 -0.058020 0.894157
vn 0.286540 0.423251 0.859508
vn 0.130755 -0.384128 0.913974
vn 0.476369 -0.038956 0.878382
vn 0.117202 -0.435243 0.892652
vn 0.196502 -0.095316 0.975860
vn 0.295517 0.013171 0.955247
vn -0.091664 -0.144707 0.985220
vn -0.034812 -0.106838 0.993667
vn 0.295568 -0.091699 0.950910
vn -0.353082 -0.020658 0.935364
vn -0.345608 -0.029124 0.937927
vn 0.353819 -0.132875 0.925828
vn 0.194621 0.259606 0.945900
vn -0.270619 0.060916 0.960757
vn -0.641918 -0.044835 0.765461
vn 0.155871 -0.517007 0.841670
vn 0.032794 -0.109530 0.993442
vn -0.545979 0.392063 0.740401
vn -0.490197 -0.063948 0.869262
vn -0.176856 0.120858 0.976788
vn 0.123510 0.171154 0.977472
vn -0.454331 -0.138884 0.879940
vn -0.530970 -0.064038 0.844968
vn -0.350048 -0.179950 0.919285
vn -0.593691 -0.063289 0.802201
vn -0.343099 -0.307376 0.887583
vn 0.176677 0.412691 0.893572
vn -0.605724 0.061059 0.793328
vn -0.351294 0.018067 0.936091
vn -0.115406 -0.144578 0.982740
vn -0.205576 0.242385 0.948150
vn -0.320823 0.178527 0.930162
vn -0.496453 0.244147 0.833023
vn 0.111753 -0.212621 0.970723
vn 0.124595 -0.168944 0.977719
vn -0.192654 -0.267334 0.944149
vn -0.556403 0.251327 0.791992
vn -0.274949 -0.154925 0.948895
vn 0.094627 -0.450272 0.887863
vn -0.103600 -0.332286 0.937472
vn 0.433640 -0.458759 0.775562
vn 0.669661 0.112640 0.734075
vn -0.070111 -0.330187 0.941308
vn -0.052615 -0.364685 0.929643
vn 0.587845 -0.382492 0.712838
vn 0.564511 0.094679 0.819978
vn 0.441858 -0.465794 0.766680
vn 0.119488 0.254152 0.959755
vn -0.184485 0.120231 0.975454
vn 0.557480 -0.076131 0.826692
vn 0.760590 0.116454 0.638703
vn 0.646802 -0.190869 0.738388
vn 0.575237 0.122555 0.808754
vn 0.370418 0.126999 0.920142
vn 0.360351 -0.490253 0.793599
vn 0.527885 -0.198256 0.825852
vn 0.264949 0.133786 0.954936
vn -0.801401 -0.003200 0.598118
vn -0.596618 -0.360936 0.716779
vn -0.665998 -0.149168 0.730887
vn -0.391887 -0.384290 0.835910
vn -0.555630 -0.280225 0.782783
vn -0.571062 -0.469348 0.673499
vn -0.463457 -0.288140 0.837964
vn -0.612513 0.090843 0.785223
vn -0.626658 0.183558 0.757368
vn -0.478472 0.282351 0.831470
vn -0.432284 0.549150 0.715237
vn -0.487788 -0.226829 0.842978
vn 0.151589 0.266144 0.951939
vn -0.629721 -0.114375 0.768355
vn -0.441770 0.474260 0.761523
vn 0.024556 0.034645 0.999098
vn -0.149200 0.010209 0.988754
vn -0.465961 0.208091 0.859988
vn -0.101923 -0.033370 0.994232
vn 0.242898 0.161646 0.956489
vn 0.103490 -0.121862 0.987137
vn -0.116721 0.182948 0.976169
vn -0.512400 0.046480 0.857488
vn 0.528374 -0.237783 0.815034
vn 0.543550 0.313849 0.778493
vn -0.456255 0.486560 0.745044
vn 0.220920 0.090408 0.971093
vn 0.627140 -0.217697 0.747866
vn -0.100397 0.488450 0.866797
vn -0.129705 0.379511 0.916050
vn 0.095014 -0.275132 0.956700
vn 0.328281 0.181128 0.927052
vn 0.483174 0.157354 0.861268
vn 0.550418 0.050065 0.833387
vn -0.089405 0.077802 0.992952
vn -0.073465 0.049054 0.996091
vn 0.391604 0.320381 0.862556
vn 0.046008 -0.425774 0.903659
vn 0.272506 0.289478 0.917575
vn -0.103793 -0.479745 0.871247
vn -0.247454 -0.218338 0.943978
vn 0.172289 -0.411965 0.894763
vn 0.562049 0.143710 0.814523
vn -0.084142 0.026108 0.996112
vn -0.083007 0.604267 0.792446
vn 0.307378 0.031213 0.951075
vn -0.517458 0.210697 0.829363
vn -0.296146 -0.401471 0.866671
vn -0.153442 -0.231120 0.960749
vn -0.118692 0.489645 0.863805
vn 0.197287 -0.638423 0.743972
vn -0.320968 0.390262 0.862946
vn -0.249136 -0.285361 0.925473
vn 0.116706 0.387475 0.914463
vn -0.641745 -0.092297 0.761344
vn -0.619831 -0.176008 0.764743
vn -0.197298 0.372816 0.906687
vn -0.338399 -0.295813 0.893298
vn -0.468062 -0.307734 0.828383
vn -0.114633 0.267440 0.956731
vn -0.297995 0.070450 0.951964
vn -0.343509 -0.392287 0.853295
vn -0.257450 0.344476 0.902804
vn -0.436757 -0.402852 0.804335
vn -0.349974 -0.188654 0.917566
vn -0.408467 -0.115287 0.905463
vn -0.350111 0.115965 0.929502
vn 0.094857 -0.379389 0.920362
vn -0.342452 0.081986 0.935951
vn -0.301283 -0.022140 0.953278
vn 0.315238 -0.396173 0.862364
vn -0.102800 0.224538 0.969028
vn -0.083124 0.451188 0.888549
vn -0.209176 0.002513 0.977875
vn 0.233129 0.556191 0.797686
vn 0.192389 0.176296 0.965353
vn 0.046431 -0.016302 0.998788
vn 0.301529 0.370150 0.878675
vn 0.542809 0.233842 0.806645
vn 0.363063 -0.103889 0.925955
vn 0.362499 -0.275968 0.890189
vn 0.601305 -0.405057 0.688739
vn 0.061575 -0.198509 0.978163
vn 0.420409 0.192713 0.886633
vn 0.731688 0.104738 0.673545
vn 0.745808 -0.278985 0.604928
vn 0.466384 0.283439 0.837943
vn 0.167867 0.194393 0.966453
vn 0.522986 0.475960 0.707070
vn 0.709369 -0.037360 0.703846
vn 0.637002 0.374151 0.673973
vn -0.866373 -0.014756 0.499180
vn -0.607286 0.333175 0.721248
vn -0.533932 0.069846 0.842637
vn -0.751798 0.017286 0.659166
vn -0.636492 -0.223246 0.738267
vn -0.491793 0.442506 0.749885
vn -0.484635 -0.327880 0.810940
vn -0.400316 0.432599 0.807840
vn -0.393302 -0.390116 0.832540
vn -0.177161 0.401915 0.898375
vn -0.431819 0.171374 0.885530
vn -0.577663 0.443944 0.684996
vn -0.608323 -0.248646 0.753736
vn -0.187655 -0.448153 0.874039
vn 0.042928 0.529227 0.847393
vn -0.643436 0.166171 0.747247
vn -0.151166 -0.293742 0.943856
vn 0.313099 -0.331171 0.890110
vn -0.220772 0.177062 0.959119
vn -0.420305 -0.446404 0.789979
vn -0.311165 0.102877 0.944771
vn -0.000723 -0.193674 0.981066
vn 0.047432 -0.076895 0.995910
vn 0.307022 0.338805 0.889353
vn 0.404050 -0.506002 0.762041
vn 0.198352 -0.282758 0.938459
vn -0.249008 0.576353 0.778340
vn 0.384428 -0.412859 0.825689
vn 0.616038 -0.357133 0.702107
vn -0.357401 -0.105945 0.927923
vn 0.149707 0.395326 0.906259
vn 0.523128 -0.108568 0.845311
vn -0.139021 0.247244 0.958928
vn 0.372661 -0.066448 0.925586
vn 0.271909 -0.469216 0.840180
vn 0.339867 0.431966 0.835401
vn 0.072895 -0.151953 0.985696
vn 0.078215 -0.245191 0.966315
vn 0.125242 0.231995 0.964620
vn -0.167157 -0.367837 0.914743
vn -0.009468 0.600197 0.799796
vn 0.251254 0.603217 0.756968
vn 0.597108 0.087003 0.797429
vn 0.120909 -0.579416 0.806014
vn -0.315720 0.376696 0.870874
vn -0.070755 -0.340786 0.937475
vn -0.230300 0.177393 0.956814
vn -0.542492 0.385492 0.746390
vn 0.088094 0.025954 0.995774
vn -0.313506 0.431465 0.845903
vn -0.069293 0.137711 0.988046
vn -0.223054 -0.323880 0.919429
vn -0.470452 0.376821 0.797923
vn -0.012631 -0.064331 0.997849
vn -0.357600 -0.522818 0.773811
vn -0.035757 -0.268783 0.962537
vn -0.578994 -0.129656 0.804957
vn -0.704715 -0.285770 0.649394
vn -0.178873 0.293273 0.939146
vn 0.014104 0.197446 0.980212
vn -0.401637 -0.317788 0.858894
vn -0.435705 -0.093850 0.895184
vn -0.324390 -0.525073 0.786810
vn -0.536260 0.151876 0.830277
vn 0.114621 0.254212 0.960333
vn -0.044897 -0.328284 0.943511
vn -0.648185 0.039628 0.760451
vn 0.079676 0.205074 0.975498
vn 0.421811 -0.204484 0.883324
vn -0.556054 0.230568 0.798525
vn -0.425695 0.095448 0.899818
vn 0.458312 -0.408739 0.789229
vn -0.095175 0.280664 0.955075
vn 0.056028 -0.354088 0.933532
vn 0.570534 0.220516 0.791115
vn 0.250062 -0.282696 0.926041
vn 0.138820 0.039864 0.989515
vn 0.200557 -0.347998 0.915791
vn 0.325594 0.030993 0.945001
vn 0.123541 -0.541236 0.831746
vn 0.115497 0.614540 0.780385
vn 0.212268 0.176763 0.961092
vn 0.467420 -0.143023 0.872389
vn 0.692097 0.197653 0.694216
vn 0.495225 -0.161518 0.853618
vn 0.715277 0.125534 0.687474
vn 0.794281 0.002339 0.607546
vn 0.575523 -0.019891 0.817544
vn 0.214998 0.207163 0.954390
vn 0.449107 0.297191 0.842604
vn 0.776316 -0.278012 0.565724
vn -0.407360 0.181895 0.894970
vn -0.510894 0.500737 0.698749
vn -0.786497 0.131486 0.603435
vn -0.597290 0.326945 0.732360
vn -0.198279 0.016893 0.980000
vn -0.684014 0.046988 0.727954
vn -0.512297 -0.117790 0.850692
vn -0.642240 0.002929 0.766498
vn -0.647077 0.268338 0.713643
vn 0.019638 0.278175 0.960330
vn -0.387555 -0.115441 0.914590
vn -0.719151 -0.116080 0.685089
vn -0.659079 0.107888 0.744295
vn 0.035209 0.447755 0.893463
vn 0.077411 -0.302682 0.949943
vn -0.632890 -0.015573 0.774085
vn -0.565616 0.005914 0.824648
vn -0.095085 0.036443 0.994802
vn -0.235201 -0.468751 0.851442
vn 0.182618 -0.025110 0.982863
vn 0.386834 0.249491 0.887758
vn -0.265171 0.276377 0.923742
vn -0.068101 0.462318 0.884095
vn 0.117019 0.194903 0.973817
vn 0.079098 -0.332817 0.939668
vn 0.509236 -0.360593 0.781442
vn 0.048579 -0.023374 0.998546
vn -0.232815 0.530625 0.815006
vn 0.222759 -0.154744 0.962514
vn 0.575945 -0.089571 0.812567
vn 0.073072 0.529803 0.844967
vn 0.181136 -0.302505 0.935778
vn 0.520199 0.082805 0.850021
vn -0.068008 0.394571 0.916345
vn 0.398346 0.146534 0.905455
vn 0.277874 0.074058 0.957759
vn -0.215672 -0.379628 0.899649
vn 0.342310 0.415138 0.842902
vn 0.145255 -0.434811 0.888730
vn 0.304032 0.327180 0.894717
vn 0.632667 0.004964 0.774408
vn -0.354100 0.164731 0.920585
vn -0.554733 -0.123103 0.822871
vn 0.168258 -0.555530 0.814295
vn 0.209823 -0.064549 0.975606
vn 0.094756 0.326427 0.940461
vn 0.165607 -0.040594 0.985356
vn -0.432057 0.141715 0.890642
vn -0.159029 0.226224 0.961006
vn -0.034683 0.200598 0.979060
vn -0.386080 0.529064 0.755668
vn -0.058228 -0.590796 0.804717
vn -0.010086 0.138889 0.990257
vn -0.637799 -0.311557 0.704376
vn -0.718462 0.055415 0.693356
vn -0.326551 -0.098863 0.939995
vn -0.326543 -0.284899 0.901223
vn 0.046740 0.130118 0.990396
vn 0.012105 0.180644 0.983474
vn -0.564061 0.301761 0.768619
vn -0.499830 0.170999 0.849076
vn -0.545834 -0.196786 0.814457
vn -0.026172 0.012910 0.999574
vn 0.283167 -0.060800 0.957142
vn -0.576704 0.465702 0.671218
vn -0.503816 -0.362205 0.784205
vn 0.124177 -0.091659 0.988017
vn -0.148309 0.168040 0.974560
vn -0.253604 -0.444697 0.859028
vn -0.010435 -0.522299 0.852699
vn -0.301603 0.456952 0.836798
vn 0.062703 0.056270 0.996445
vn 0.031139 -0.046771 0.998420
vn -0.221514 -0.055174 0.973595
vn 0.335317 -0.120673 0.934345
vn -0.013998 -0.405354 0.914053
vn -0.020591 -0.127014 0.991687
vn 0.272239 -0.520626 0.809218
vn 0.393949 0.050964 0.917718
vn 0.724595 -0.132280 0.676361
vn 0.755384 0.064532 0.652097
vn 0.016504 -0.175887 0.984272
vn 0.145730 0.281743 0.948358
vn 0.401967 0.213354 0.890451
vn 0.692942 0.185102 0.696828
vn 0.788780 0.251762 0.560752
vn 0.339846 -0.205980 0.917648
vn 0.326698 -0.307727 0.893629
vn 0.732180 -0.058630 0.678583
vn 0.318028 0.401094 0.859059
vn -0.492122 -0.153340 0.856915
vn -0.627796 -0.085997 0.773613
vn -0.637978 0.021347 0.769758
vn -0.658849 0.036097 0.751409
vn -0.753509 0.326986 0.570355
vn -0.767733 0.072255 0.636682
vn -0.571598 -0.396950 0.718127
vn -0.541867 -0.127532 0.830732
vn -0.032039 -0.166548 0.985513
vn -0.180845 0.510660 0.840549
vn -0.530325 0.226868 0.816876
vn -0.667192 0.079438 0.740638
vn -0.514014 0.006114 0.857760
vn -0.199354 0.032731 0.979381
vn -0.518475 0.240856 0.820470
vn -0.385756 -0.038231 0.921808
vn -0.468155 -0.318031 0.824431
vn -0.108420 0.018281 0.993937
vn -0.132460 0.452299 0.881975
vn -0.270772 0.176776 0.946273
vn 0.211469 -0.008717 0.977346
vn -0.037053 0.021665 0.999078
vn 0.210977 -0.099666 0.972397
vn -0.041244 0.107024 0.993401
vn -0.378163 0.363547 0.851367
vn -0.064437 0.139235 0.988161
vn 0.451635 0.094392 0.887196
vn 0.487711 -0.499753 0.715810
vn 0.320472 0.137905 0.937166
vn 0.188757 0.017322 0.981871
vn 0.307933 0.031643 0.950882
vn -0.024228 -0.407254 0.912993
vn 0.115791 0.569001 0.814144
vn 0.444017 -0.331913 0.832276
vn 0.412464 0.167218 0.895495
vn 0.005690 -0.019211 0.999799
vn -0.117770 0.004406 0.993031
vn 0.383787 0.342898 0.857396
vn 0.020385 -0.019200 0.999608
vn 0.015149 0.259539 0.965614
vn 0.223418 0.479989 0.848348
vn -0.170309 -0.273486 0.946679
vn 0.181284 -0.266633 0.946595
vn -0.025382 0.254489 0.966742
vn 0.219532 -0.026452 0.975247
vn 0.481511 0.197190 0.853969
vn -0.050842 -0.278125 0.959198
vn -0.376045 0.129807 0.917464
vn -0.413284 -0.285076 0.864828
vn 0.127650 0.120513 0.984470
vn 0.040549 -0.523176 0.851259
vn -0.659470 -0.214392 0.720511
vn -0.565123 -0.327899 0.757046
vn -0.270690 -0.491109 0.827973
vn -0.057659 -0.505111 0.861126
vn -0.145376 0.373795 0.916047
vn -0.365073 0.079922 0.927542
vn -0.403839 0.448246 0.797490
vn -0.528907 0.165187 0.832448
vn 0.038998 -0.484969 0.873661
vn 0.029558 -0.222472 0.974491
vn -0.687278 0.299334 0.661852
vn -0.546728 0.085060 0.832979
vn -0.243776 0.069195 0.967360
vn -0.033020 -0.044316 0.998472
vn -0.214237 -0.389453 0.895784
vn -0.600546 -0.086612 0.794885
vn -0.259180 0.291727 0.920718
vn -0.287993 -0.002712 0.957629
vn -0.216609 -0.240457 0.946182
vn 0.248897 0.169670 0.953553
vn 0.114121 -0.452141 0.884616
vn 0.046144 0.193339 0.980046
vn -0.192634 -0.220823 0.956101
vn -0.011456 0.579611 0.814813
vn 0.348907 -0.059602 0.935260
vn 0.250397 -0.289088 0.923975
vn -0.031420 0.608364 0.793036
vn 0.355340 0.136184 0.924764
vn 0.582095 0.234203 0.778662
vn 0.161242 0.485176 0.859421
vn 0.133272 -0.561519 0.816661
vn 0.306291 -0.563397 0.767313
vn 0.656412 0.226675 0.719542
vn 0.682296 0.195743 0.704384
vn 0.590555 0.246685 0.768369
vn 0.496432 -0.259815 0.828282
vn 0.488704 -0.287784 0.823619
vn 0.603024 0.325950 0.728092
vn 0.685810 0.119982 0.717822
vn 0.404626 -0.163487 0.899750
vn 0.193173 0.338179 0.921042
vn -0.197180 -0.193267 0.961128
vn -0.504328 -0.098419 0.857885
vn -0.560103 -0.459237 0.689483
vn -0.540646 -0.444043 0.714512
vn -0.771998 0.028594 0.634982
vn -0.761302 -0.064286 0.645202
vn -0.241858 0.233840 0.941713
vn -0.150659 -0.083453 0.985057
vn -0.393153 -0.488419 0.779023
vn -0.337520 -0.519024 0.785299
vn -0.517213 -0.362918 0.775101
vn -0.744301 0.036721 0.666835
vn -0.528882 -0.102001 0.842543
vn -0.027614 -0.162751 0.986281
vn -0.465553 -0.106608 0.878576
vn -0.606271 0.047420 0.793843
vn 0.121186 0.109679 0.986552
vn 0.051722 -0.379693 0.923665
vn -0.553578 0.377640 0.742253
vn 0.036416 -0.199426 0.979236
vn 0.317209 -0.291688 0.902384
vn -0.201988 -0.175141 0.963601
vn 0.365172 -0.176766 0.914004
vn 0.143901 -0.243236 0.959233
vn -0.188346 0.339556 0.921536
vn -0.102213 0.119401 0.987571
vn 0.079922 -0.341147 0.936606
vn 0.283367 -0.543288 0.790279
vn 0.126707 0.135676 0.982618
vn 0.250831 -0.443228 0.860600
vn 0.529694 -0.349860 0.772672
vn 0.220820 0.276610 0.935268
vn 0.149063 -0.061342 0.986923
vn 0.249217 -0.263330 0.931959
vn 0.212689 -0.600313 0.770965
vn 0.545551 0.184677 0.817477
vn -0.235132 -0.364925 0.900857
vn 0.238942 -0.504908 0.829442
vn 0.530843 0.355281 0.769403
vn -0.159773 0.054238 0.985663
vn 0.052108 0.273035 0.960592
vn 0.108521 0.232308 0.966569
vn -0.406568 -0.012025 0.913542
vn 0.145390 0.555113 0.818969
vn -0.021159 -0.171163 0.985016
vn 0.017149 -0.533035 0.845919
vn 0.119357 -0.415421 0.901764
vn -0.427470 -0.304858 0.851076
vn -0.385198 -0.134960 0.912912
vn -0.377816 -0.148284 0.913929
vn -0.316961 -0.260850 0.911862
vn -0.320116 -0.051169 0.945996
vn -0.138380 0.331574 0.933225
vn -0.003836 0.490402 0.871488
vn -0.395073 0.051949 0.917180
vn -0.204062 0.055123 0.977405
vn -0.245615 0.236774 0.940006
vn -0.690862 -0.054173 0.720955
vn -0.344513 -0.149916 0.926734
vn 0.170042 0.048895 0.984223
vn -0.232239 -0.557204 0.797238
vn -0.700724 0.174205 0.691837
vn -0.155950 -0.043168 0.986821
vn -0.143121 0.421350 0.895534
vn -0.662037 -0.202075 0.721715
vn 0.032600 0.281698 0.958949
vn 0.210278 0.228235 0.950627
vn -0.543904 0.193236 0.816595
vn -0.130732 -0.099444 0.986418
vn -0.236511 -0.028413 0.971213
vn -0.320726 -0.151287 0.935012
vn 0.299985 0.058649 0.952139
vn 0.442427 0.040764 0.895878
vn -0.075561 0.177729 0.981174
vn -0.487303 0.114629 0.865676
vn 0.550987 0.361312 0.752242
vn 0.326381 -0.452810 0.829722
vn -0.078322 0.331309 0.940266
vn 0.604725 -0.264072 0.751381
vn 0.174992 0.206894 0.962586
vn -0.009822 0.356585 0.934211
vn 0.633679 0.350875 0.689447
vn 0.728813 0.012708 0.684595
vn 0.387835 -0.358983 0.848950
vn 0.412819 -0.176571 0.893534
vn 0.626061 0.023192 0.779429
vn 0.723249 0.086268 0.685178
vn 0.614001 0.276411 0.739324
vn 0.411438 -0.431657 0.802740
vn 0.480196 0.088103 0.872726
vn 0.381869 -0.045144 0.923113
vn -0.548508 0.012001 0.836059
vn -0.776667 0.095131 0.622687
vn -0.782707 -0.206233 0.587228
vn -0.522076 -0.374104 0.766475
vn -0.578837 -0.216202 0.786259
vn -0.522243 -0.038147 0.851943
vn -0.503061 0.356167 0.787448
vn -0.633446 0.048730 0.772251
vn -0.589616 -0.081321 0.803579
vn -0.422827 -0.351986 0.835059
vn -0.193557 -0.626767 0.754784
vn -0.272346 0.155371 0.949572
vn -0.371955 -0.062823 0.926123
vn -0.534159 -0.026905 0.844956
vn -0.211293 -0.015892 0.977293
vn -0.337052 0.053950 0.939939
vn -0.467178 0.113693 0.876823
vn 0.192393 -0.323402 0.926497
vn -0.096818 0.207942 0.973338
vn -0.442245 0.338427 0.830594
vn -0.017348 0.056946 0.998227
vn 0.311004 0.187952 0.931639
vn -0.104067 -0.167526 0.980360
vn 0.061313 -0.046557 0.997032
vn 0.262275 -0.014376 0.964886
vn -0.148383 0.065547 0.986755
vn -0.039089 0.531299 0.846282
vn 0.600963 -0.256971 0.756842
vn 0.282453 0.509234 0.812958
vn -0.199186 -0.206779 0.957897
vn 0.567626 0.161720 0.807247
vn 0.430117 -0.237251 0.871040
vn 0.012976 0.079662 0.996737
vn -0.172126 -0.312459 0.934207
vn 0.410090 0.219938 0.885129
vn 0.211728 0.092295 0.972961
vn -0.259111 -0.451963 0.853575
vn 0.544557 0.490667 0.680223
vn 0.508203 -0.233625 0.828945
vn 0.102514 0.100179 0.989674
vn -0.012237 -0.360092 0.932837
vn -0.075266 -0.131831 0.988411
vn 0.316338 -0.398592 0.860846
vn 0.070281 0.483718 0.872398
vn -0.496761 -0.311707 0.809980
vn -0.239337 0.592728 0.769020
vn -0.130581 -0.598098 0.790713
vn -0.191702 0.098831 0.976464
vn 0.275155 -0.340363 0.899135
vn -0.063287 0.562515 0.824362
vn -0.631177 0.078385 0.771668
vn -0.155508 0.362916 0.918754
vn 0.212547 0.295432 0.931420
vn -0.308433 0.246939 0.918635
vn -0.517419 -0.151743 0.842171
vn -0.181493 0.522603 0.833035
vn -0.514707 -0.237438 0.823832
vn -0.703369 0.134272 0.698028
vn 0.152891 0.167248 0.973988
vn -0.402494 0.221153 0.888307
vn -0.604016 -0.371278 0.705208
vn -0.065779 0.151711 0.986234
vn -0.054160 0.182575 0.981699
vn -0.217212 -0.413797 0.884076
vn -0.366265 0.141240 0.919729
vn -0.271628 0.182227 0.944993
vn -0.312149 -0.152910 0.937647
vn -0.513440 0.148938 0.845102
vn -0.412038 0.236316 0.879988
vn 0.192542 -0.300712 0.934077
vn 0.195830 0.313718 0.929103
vn 0.218601 0.277363 0.935566
vn -0.093141 0.085034 0.992015
vn 0.064012 0.024437 0.997650
vn 0.531703 -0.179047 0.827789
vn -0.282728 0.475264 0.833180
vn -0.126035 -0.566636 0.814272
vn 0.416443 0.521342 0.744834
vn 0.521428 0.171989 0.835783
vn 0.635348 -0.185077 0.749720
vn 0.345045 0.479950 0.806593
vn 0.068250 0.324889 0.943286
vn 0.064992 -0.466170 0.882305
vn 0.602951 -0.172442 0.778918
vn 0.744488 0.211936 0.633104
vn 0.649876 -0.212344 0.729775
vn 0.669073 0.058505 0.740890
vn 0.199448 -0.463077 0.863586
vn 0.573886 -0.130043 0.808544
vn 0.652189 0.192970 0.733083
vn -0.059867 -0.031662 0.997704
vn 0.039801 -0.424576 0.904517
vn -0.658989 0.221698 0.718738
vn -0.802036 0.152920 0.577368
vn -0.560479 0.149455 0.814571
vn -0.621112 0.189696 0.760418
vn -0.465102 0.003843 0.885249
vn -0.144455 0.401660 0.904324
vn -0.406399 0.667266 0.624176
vn -0.588284 0.512778 0.625285
vn -0.680094 0.381251 0.626195
vn -0.126372 -0.420640 0.898383
vn -0.309031 0.622646 0.718896
vn -0.534120 -0.522481 0.664627
vn 0.018408 -0.027235 0.999460
vn -0.351358 0.515522 0.781527
vn -0.485319 -0.418921 0.767444
vn -0.235812 0.049693 0.970527
vn 0.129835 0.096915 0.986788
vn -0.064369 -0.116817 0.991065
vn -0.101664 0.171417 0.979939
vn 0.126700 0.635682 0.761483
vn -0.337270 0.474324 0.813183
vn 0.134238 -0.632307 0.762999
vn 0.181899 0.758005 0.626371
vn -0.097228 -0.303361 0.947902
vn 0.405974 0.323262 0.854802
vn -0.187845 0.717451 0.670804
vn 0.333519 -0.132061 0.933448
vn 0.232524 0.095820 0.967859
vn -0.085687 -0.353653 0.931444
vn 0.513102 0.288343 0.808446
vn 0.112064 -0.466626 0.877327
vn 0.086232 -0.413964 0.906200
vn 0.367914 -0.306663 0.877836
vn 0.444480 0.593292 0.671150
vn -0.032661 0.092337 0.995192
vn 0.276554 0.299081 0.913274
vn 0.279778 0.788619 0.547544
vn 0.124732 -0.299000 0.946066
vn -0.233275 0.338147 0.911723
vn -0.104193 -0.740348 0.664100
vn 0.042873 0.051270 0.997764
vn 0.131432 -0.642078 0.755289
vn 0.225856 -0.344861 0.911076
vn 0.154359 -0.426272 0.891328
vn -0.182179 0.794039 0.579926
vn -0.389689 -0.401704 0.828720
vn -0.132252 0.563620 0.815378
vn 0.093165 -0.376831 0.921585
vn 0.018211 0.229501 0.973138
vn -0.511218 -0.165880 0.843291
vn -0.117089 0.572957 0.811178
vn -0.250984 -0.135469 0.958465
vn -0.388933 -0.329269 0.860414
vn -0.099843 -0.369326 0.923921
vn -0.238595 0.578911 0.779702
vn -0.489161 -0.446312 0.749351
vn -0.410416 0.512891 0.753990
vn -0.282316 0.381938 0.880012
vn -0.391672 -0.327967 0.859669
vn -0.327371 0.372121 0.868536
vn -0.293225 0.539878 0.789019
vn -0.571496 -0.198416 0.796256
vn -0.146822 -0.612278 0.776890
vn -0.304853 -0.116428 0.945256
vn -0.208634 -0.515248 0.831259
vn 0.201837 -0.041259 0.978550
vn -0.233659 0.486766 0.841702
vn -0.431176 0.512947 0.742275
vn -0.169789 0.307111 0.936405
vn 0.206007 -0.163957 0.964717
vn 0.083476 0.315794 0.945148
vn 0.218033 -0.431490 0.875373
vn -0.228842 0.719196 0.656040
vn -0.041361 -0.815115 0.577821
vn 0.260780 -0.424910 0.866859
vn 0.454251 0.010626 0.890810
vn 0.460151 0.623666 0.631903
vn -0.044065 0.361122 0.931477
vn 0.429111 -0.406885 0.806417
vn 0.445652 -0.267436 0.854325
vn -0.087816 -0.282711 0.955177
vn 0.417638 -0.509959 0.752011
vn 0.698225 0.438338 0.565987
vn 0.353389 0.303592 0.884844
vn 0.383451 -0.636525 0.669179
vn 0.617412 -0.268054 0.739560
vn 0.381639 -0.684728 0.620886
vn 0.741837 0.295187 0.602115
vn 0.553916 0.048035 0.831186
vn -0.116464 -0.005790 0.993178
vn 0.626652 0.000000 -0.779299
vn 0.625361 0.000000 -0.780336
vn 0.621469 0.000000 -0.783439
vn 0.614924 0.000000 -0.788586
vn 0.605643 0.000000 -0.795737
vn 0.593510 0.000000 -0.804826
vn 0.578387 0.000000 -0.815762
vn 0.560117 0.000000 -0.828414
vn 0.538535 0.000000 -0.842603
vn 0.513484 0.000000 -0.858099
vn 0.484838 0.000000 -0.874604
vn 0.452518 0.000000 -0.891755
vn 0.416531 0.000000 -0.909122
vn 0.376990 0.000000 -0.926217
vn 0.334153 0.000000 -0.942519
vn 0.288431 0.000000 -0.957501
vn 0.240407 0.000000 -0.970672
vn 0.190813 0.000000 -0.981626
vn 0.140506 0.000000 -0.990080
vn 0.090410 0.000000 -0.995905
vn 0.041463 0.000000 -0.999140
vn -0.005452 0.000000 -0.999985
vn -0.049551 0.000000 -0.998772
vn -0.090188 0.000000 -0.995925
vn -0.126867 0.000000 -0.991920
vn -0.159238 0.000000 -0.987240
vn -0.187084 0.000000 -0.982344
vn -0.210289 0.000000 -0.977639
vn -0.228818 0.000000 -0.973469
vn -0.242688 0.000000 -0.970104
vn -0.251947 0.000000 -0.967741
vn -0.256660 0.000000 -0.966502
vn -0.256897 0.000000 -0.966439
vn -0.252732 0.000000 -0.967536
vn -0.244239 0.000000 -0.969715
vn -0.231506 0.000000 -0.972833
vn -0.214639 0.000000 -0.976693
vn -0.193779 0.000000 -0.981045
vn -0.169118 0.000000 -0.985596
vn -0.140913 0.000000 -0.990022
vn -0.109503 0.000000 -0.993986
vn -0.075317 0.000000 -0.997160
vn -0.038874 0.000000 -0.999244
vn -0.000777 0.000000 -1.000000
vn 0.038308 0.000000 -0.999266
vn 0.077676 0.000000 -0.996979
vn 0.116616 0.000000 -0.993177
vn 0.154449 0.000000 -0.988001
vn 0.190553 0.000000 -0.981677
vn 0.224387 0.000000 -0.974500
vn 0.255505 0.000000 -0.966808
vn 0.283556 0.000000 -0.958956
vn 0.308280 0.000000 -0.951296
vn 0.329489 0.000000 -0.944159
vn 0.347059 0.000000 -0.937843
vn 0.360903 0.000000 -0.932603
vn 0.370961 0.000000 -0.928648
vn 0.377181 0.000000 -0.926140
vn 0.379506 0.000000 -0.925189
vn 0.377868 0.000000 -0.925859
vn 0.372182 0.000000 -0.928160
vn 0.362340 0.000000 -0.932046
vn 0.348222 0.000000 -0.937412
vn 0.329696 0.000000 -0.944087
vn 0.306638 0.000000 -0.951826
vn 0.278949 0.000000 -0.960306
vn 0.246584 0.000000 -0.969121
vn 0.209584 0.000000 -0.977791
vn 0.168111 0.000000 -0.985768
vn 0.122480 0.000000 -0.992471
vn 0.073189 0.000000 -0.997318
vn 0.020924 0.000000 -0.999781
vn -0.033456 0.000000 -0.999440
vn -0.088959 0.000000 -0.996035
vn -0.144525 0.000000 -0.989501
vn -0.199103 0.000000 -0.979978
vn -0.251729 0.000000 -0.967798
vn -0.301586 0.000000 -0.953439
vn -0.348047 0.000000 -0.937477
vn -0.390683 0.000000 -0.920525
vn -0.429252 0.000000 -0.903185
vn -0.463673 0.000000 -0.886006
vn -0.493987 0.000000 -0.869469
vn -0.520320 0.000000 -0.853972
vn -0.542851 0.000000 -0.839829
vn -0.561782 0.000000 -0.827285
vn -0.577319 0.000000 -0.816519
vn -0.589653 0.000000 -0.807657
vn -0.598953 0.000000 -0.800784
vn -0.605358 0.000000 -0.795953
vn -0.607848 0.000000 -0.794054
vn 0.626652 0.000000 -0.779299
vn 0.625361 0.000000 -0.780336
vn 0.621469 0.000000 -0.783439
vn 0.614924 0.000000 -0.788586
vn 0.605643 0.000000 -0.795737
vn 0.593510 0.000000 -0.804826
vn 0.578387 0.000000 -0.815762
vn 0.560117 0.000000 -0.828414
vn 0.538535 0.000000 -0.842603
vn 0.513484 0.000000 -0.858099
vn 0.484838 0.000000 -0.874604
vn 0.452518 0.000000 -0.891755
vn 0.416531 0.000000 -0.909122
vn 0.376990 0.000000 -0.926217
vn 0.334153 0.000000 -0.942519
vn 0.288431 0.000000 -0.957501
vn 0.240407 0.000000 -0.970672
vn 0.190813 0.000000 -0.981626
vn 0.140506 0.000000 -0.990080
vn 0.090410 0.000000 -0.995905
vn 0.041463 0.000000 -0.999140
vn -0.005452 0.000000 -0.999985
vn -0.049551 0.000000 -0.998772
vn -0.090188 0.000000 -0.995925
vn -0.126867 0.000000 -0.991920
vn -0.159238 0.000000 -0.987240
vn -0.187084 0.000000 -0.982344
vn -0.210289 0.000000 -0.977639
vn -0.228818 0.000000 -0.973469
vn -0.242688 0.000000 -0.970104
vn -0.251947 0.000000 -0.967741
vn -0.256660 0.000000 -0.966502
vn -0.256897 0.000000 -0.966439
vn -0.252732 0.000000 -0.967536
vn -0.244239 0.000000 -0.969715
vn -0.231506 0.000000 -0.972833
vn -0.214639 0.000000 -0.976693
vn -0.193779 0.000000 -0.981045
vn -0.169118 0.000000 -0.985596
vn -0.140913 0.000000 -0.990022
vn -0.109503 0.000000 -0.993986
vn -0.075317 0.000000 -0.997160
vn -0.038874 0.000000 -0.999244
vn -0.000777 0.000000 -1.000000
vn 0.038308 0.000000 -0.999266
vn 0.077676 0.000000 -0.996979
vn 0.116616 0.000000 -0.993177
vn 0.154449 0.000000 -0.988001
vn 0.190553 0.000000 -0.981677
vn 0.224387 0.000000 -0.974500
vn 0.255505 0.000000 -0.966808
vn 0.283556 0.000000 -0.958956
vn 0.308280 0.000000 -0.951296
vn 0.329489 0.000000 -0.944159
vn 0.347059 0.000000 -0.937843
vn 0.360903 0.000000 -0.932603
vn 0.370961 0.000000 -0.928648
vn 0.377181 0.000000 -0.926140
vn 0.379506 0.000000 -0.925189
vn 0.377868 0.000000 -0.925859
vn 0.372182 0.000000 -0.928160
vn 0.362340 0.000000 -0.932046
vn 0.348222 0.000000 -0.937412
vn 0.329696 0.000000 -0.944087
vn 0.306638 0.000000 -0.951826
vn 0.278949 0.000000 -0.960306
vn 0.246584 0.000000 -0.969121
vn 0.209584 0.000000 -0.977791
vn 0.168111 0.000000 -0.985768
vn 0.122480 0.000000 -0.992471
vn 0.073189 0.000000 -0.997318
vn 0.020924 0.000000 -0.999781
vn -0.033456 0.000000 -0.999440
vn -0.088959 0.000000 -0.996035
vn -0.144525 0.000000 -0.989501
vn -0.199103 0.000000 -0.979978
vn -0.251729 0.000000 -0.967798
vn -0.301586 0.000000 -0.953439
vn -0.348047 0.000000 -0.937477
vn -0.390683 0.000000 -0.920525
vn -0.429252 0.000000 -0.903185
vn -0.463673 0.000000 -0.886006
vn -0.493987 0.000000 -0.869469
vn -0.520320 0.000000 -0.853972
vn -0.542851 0.000000 -0.839829
vn -0.561782 0.000000 -0.827285
vn -0.577319 0.000000 -0.816519
vn -0.589653 0.000000 -0.807657
vn -0.598953 0.000000 -0.800784
vn -0.605358 0.000000 -0.795953
vn -0.607848 0.000000 -0.794054
vn 0.626652 0.000000 -0.779299
vn 0.625361 0.000000 -0.780336
vn 0.621469 0.000000 -0.783439
vn 0.614924 0.000000 -0.788586
vn 0.605643 0.000000 -0.795737
vn 0.593510 0.000000 -0.804826
vn 0.578387 0.000000 -0.815762
vn 0.560117 0.000000 -0.828414
vn 0.538535 0.000000 -0.842603
vn 0.513484 0.000000 -0.858099
vn 0.484838 0.000000 -0.874604
vn 0.452518 0.000000 -0.891755
vn 0.416531 0.000000 -0.909122
vn 0.376990 0.000000 -0.926217
vn 0.334153 0.000000 -0.942519
vn 0.288431 0.000000 -0.957501
vn 0.240407 0.000000 -0.970672
vn 0.190813 0.000000 -0.981626
vn 0.140506 0.000000 -0.990080
vn 0.090410 0.000000 -0.995905
vn 0.041463 0.000000 -0.999140
vn -0.005452 0.000000 -0.999985
vn -0.049551 0.000000 -0.998772
vn -0.090188 0.000000 -0.995925
vn -0.126867 0.000000 -0.991920
vn -0.159238 0.000000 -0.987240
vn -0.187084 0.000000 -0.982344
vn -0.210289 0.000000 -0.977639
vn -0.228818 0.000000 -0.973469
vn -0.242688 0.000000 -0.970104
vn -0.251947 0.000000 -0.967741
vn -0.256660 0.000000 -0.966502
vn -0.256897 0.000000 -0.966439
vn -0.252732 0.000000 -0.967536
vn -0.244239 0.000000 -0.969715
vn -0.231506 0.000000 -0.972833
vn -0.214639 0.000000 -0.976693
vn -0.193779 0.000000 -0.981045
vn -0.169118 0.000000 -0.985596
vn -0.140913 0.000000 -0.990022
vn -0.109503 0.000000 -0.993986
vn -0.075317 0.000000 -0.997160
vn -0.038874 0.000000 -0.999244
vn -0.000777 0.000000 -1.000000
vn 0.038308 0.000000 -0.999266
vn 0.077676 0.000000 -0.996979
vn 0.116616 0.000000 -0.993177
vn 0.154449 0.000000 -0.988001
vn 0.190553 0.000000 -0.981677
vn 0.224387 0.000000 -0.974500
vn 0.255505 0.000000 -0.966808
vn 0.283556 0.000000 -0.958956
vn 0.308280 0.000000 -0.951296
vn 0.329489 0.000000 -0.944159
vn 0.347059 0.000000 -0.937843
vn 0.360903 0.000000 -0.932603
vn 0.370961 0.000000 -0.928648
vn 0.377181 0.000000 -0.926140
vn 0.379506 0.000000 -0.925189
vn 0.377868 0.000000 -0.925859
vn 0.372182 0.000000 -0.928160
vn 0.362340 0.000000 -0.932046
vn 0.348222 0.000000 -0.937412
vn 0.329696 0.000000 -0.944087
vn 0.306638 0.000000 -0.951826
vn 0.278949 0.000000 -0.960306
vn 0.246584 0.000000 -0.969121
vn 0.209584 0.000000 -0.977791
vn 0.168111 0.000000 -0.985768
vn 0.122480 0.000000 -0.992471
vn 0.073189 0.000000 -0.997318
vn 0.020924 0.000000 -0.999781
vn -0.033456 0.000000 -0.999440
vn -0.088959 0.000000 -0.996035
vn -0.144525 0.000000 -0.989501
vn -0.199103 0.000000 -0.979978
vn -0.251729 0.000000 -0.967798
vn -0.301586 0.000000 -0.953439
vn -0.348047 0.000000 -0.937477
vn -0.390683 0.000000 -0.920525
vn -0.429252 0.000000 -0.903185
vn -0.463673 0.000000 -0.886006
vn -0.493987 0.000000 -0.869469
vn -0.520320 0.000000 -0.853972
vn -0.542851 0.000000 -0.839829
vn -0.561782 0.000000 -0.827285
vn -0.577319 0.000000 -0.816519
vn -0.589653 0.000000 -0.807657
vn -0.598953 0.000000 -0.800784
vn -0.605358 0.000000 -0.795953
vn -0.607848 0.000000 -0.794054
vn 0.626652 0.000000 -0.779299
vn 0.625361 0.000000 -0.780336
vn 0.621469 0.000000 -0.783439
vn 0.614924 0.000000 -0.788586
vn 0.605643 0.000000 -0.795737
vn 0.593510 0.000000 -0.804826
vn 0.578387 0.000000 -0.815762
vn 0.560117 0.000000 -0.828414
vn 0.538535 0.000000 -0.842603
vn 0.513484 0.000000 -0.858099
vn 0.484838 0.000000 -0.874604
vn 0.452518 0.000000 -0.891755
vn 0.416531 0.000000 -0.909122
vn 0.376990 0.000000 -0.926217
vn 0.334153 0.000000 -0.942519
vn 0.288431 0.000000 -0.957501
vn 0.240407 0.000000 -0.970672
vn 0.190813 0.000000 -0.981626
vn 0.140506 0.000000 -0.990080
vn 0.090410 0.000000 -0.995905
vn 0.041463 0.000000 -0.999140
vn -0.005452 0.000000 -0.999985
vn -0.049551 0.000000 -0.998772
vn -0.090188 0.000000 -0.995925
vn -0.126867 0.000000 -0.991920
vn -0.159238 0.000000 -0.987240
vn -0.187084 0.000000 -0.982344
vn -0.210289 0.000000 -0.977639
vn -0.228818 0.000000 -0.973469
vn -0.242688 0.000000 -0.970104
vn -0.251947 0.000000 -0.967741
vn -0.256660 0.000000 -0.966502
vn -0.256897 0.000000 -0.966439
vn -0.252732 0.000000 -0.967536
vn -0.244239 0.000000 -0.969715
vn -0.231506 0.000000 -0.972833
vn -0.214639 0.000000 -0.976693
vn -0.193779 0.000000 -0.981045
vn -0.169118 0.000000 -0.985596
vn -0.140913 0.000000 -0.990022
vn -0.109503 0.000000 -0.993986
vn -0.075317 0.000000 -0.997160
vn -0.038874 0.000000 -0.999244
vn -0.000777 0.000000 -1.000000
vn 0.038308 0.000000 -0.999266
vn 0.077676 0.000000 -0.996979
vn 0.116616 0.000000 -0.993177
vn 0.154449 0.000000 -0.988001
vn 0.190553 0.000000 -0.981677
vn 0.224387 0.000000 -0.974500
vn 0.255505 0.000000 -0.966808
vn 0.283556 0.000000 -0.958956
vn 0.308280 0.000000 -0.951296
vn 0.329489 0.000000 -0.944159
vn 0.347059 0.000000 -0.937843
vn 0.360903 0.000000 -0.932603
vn 0.370961 0.000000 -0.928648
vn 0.377181 0.000000 -0.926140
vn 0.379506 0.000000 -0.925189
vn 0.377868 0.000000 -0.925859
vn 0.372182 0.000000 -0.928160
vn 0.362340 0.000000 -0.932046
vn 0.348222 0.000000 -0.937412
vn 0.329696 0.000000 -0.944087
vn 0.306638 0.000000 -0.951826
vn 0.278949 0.000000 -0.960306
vn 0.246584 0.000000 -0.969121
vn 0.209584 0.000000 -0.977791
vn 0.168111 0.000000 -0.985768
vn 0.122480 0.000000 -0.992471
vn 0.073189 0.000000 -0.997318
vn 0.020924 0.000000 -0.999781
vn -0.033456 0.000000 -0.999440
vn -0.088959 0.000000 -0.996035
vn -0.144525 0.000000 -0.989501
vn -0.199103 0.000000 -0.979978
vn -0.251729 0.000000 -0.967798
vn -0.301586 0.000000 -0.953439
vn -0.348047 0.000000 -0.937477
vn -0.390683 0.000000 -0.920525
vn -0.429252 0.000000 -0.903185
vn -0.463673 0.000000 -0.886006
vn -0.493987 0.000000 -0.869469
vn -0.520320 0.000000 -0.853972
vn -0.542851 0.000000 -0.839829
vn -0.561782 0.000000 -0.827285
vn -0.577319 0.000000 -0.816519
vn -0.589653 0.000000 -0.807657
vn -0.598953 0.000000 -0.800784
vn -0.605358 0.000000 -0.795953
vn -0.607848 0.000000 -0.794054
vn 0.626652 0.000000 -0.779299
vn 0.625361 0.000000 -0.780336
vn 0.621469 0.000000 -0.783439
vn 0.614924 0.000000 -0.788586
vn 0.605643 0.000000 -0.795737
vn 0.593510 0.000000 -0.804826
vn 0.578387 0.000000 -0.815762
vn 0.560117 0.000000 -0.828414
vn 0.538535 0.000000 -0.842603
vn 0.513484 0.000000 -0.858099
vn 0.484838 0.000000 -0.874604
vn 0.452518 0.000000 -0.891755
vn 0.416531 0.000000 -0.909122
vn 0.376990 0.000000 -0.926217
vn 0.334153 0.000000 -0.942519
vn 0.288431 0.000000 -0.957501
vn 0.240407 0.000000 -0.970672
vn 0.190813 0.000000 -0.981626
vn 0.140506 0.000000 -0.990080
vn 0.090410 0.000000 -0.995905
vn 0.041463 0.000000 -0.999140
vn -0.005452 0.000000 -0.999985
vn -0.049551 0.000000 -0.998772
vn -0.090188 0.000000 -0.995925
vn -0.126867 0.000000 -0.991920
vn -0.159238 0.000000 -0.987240
vn -0.187084 0.000000 -0.982344
vn -0.210289 0.000000 -0.977639
vn -0.228818 0.000000 -0.973469
vn -0.242688 0.000000 -0.970104
vn -0.251947 0.000000 -0.967741
vn -0.256660 0.000000 -0.966502
vn -0.256897 0.000000 -0.966439
vn -0.252732 0.000000 -0.967536
vn -0.244239 0.000000 -0.969715
vn -0.231506 0.000000 -0.972833
vn -0.214639 0.000000 -0.976693
vn -0.193779 0.000000 -0.981045
vn -0.169118 0.000000 -0.985596
vn -0.140913 0.000000 -0.990022
vn -0.109503 0.000000 -0.993986
vn -0.075317 0.000000 -0.997160
vn -0.038874 0.000000 -0.999244
vn -0.000777 0.000000 -1.000000
vn 0.038308 0.000000 -0.999266
vn 0.077676 0.000000 -0.996979
vn 0.116616 0.000000 -0.993177
vn 0.154449 0.000000 -0.988001
vn 0.190553 0.000000 -0.981677
vn 0.224387 0.000000 -0.974500
vn 0.255505 0.000000 -0.966808
vn 0.283556 0.000000 -0.958956
vn 0.308280 0.000000 -0.951296
vn 0.329489 0.000000 -0.944159
vn 0.347059 0.000000 -0.937843
vn 0.360903 0.000000 -0.932603
vn 0.370961 0.000000 -0.928648
vn 0.377181 0.000000 -0.926140
vn 0.379506 0.000000 -0.925189
vn 0.377868 0.000000 -0.925859
vn 0.372182 0.000000 -0.928160
vn 0.362340 0.000000 -0.932046
vn 0.348222 0.000000 -0.937412
vn 0.329696 0.000000 -0.944087
vn 0.306638 0.000000 -0.951826
vn 0.278949 0.000000 -0.960306
vn 0.246584 0.000000 -0.969121
vn 0.209584 0.000000 -0.977791
vn 0.168111 0.000000 -0.985768
vn 0.122480 0.000000 -0.992471
vn 0.073189 0.000000 -0.997318
vn 0.020924 0.000000 -0.999781
vn -0.033456 0.000000 -0.999440
vn -0.088959 0.000000 -0.996035
vn -0.144525 0.000000 -0.989501
vn -0.199103 0.000000 -0.979978
vn -0.251729 0.000000 -0.967798
vn -0.301586 0.000000 -0.953439
vn -0.348047 0.000000 -0.937477
vn -0.390683 0.000000 -0.920525
vn -0.429252 0.000000 -0.903185
vn -0.463673 0.000000 -0.886006
vn -0.493987 0.000000 -0.869469
vn -0.520320 0.000000 -0.853972
vn -0.542851 0.000000 -0.839829
vn -0.561782 0.000000 -0.827285
vn -0.577319 0.000000 -0.816519
vn -0.589653 0.000000 -0.807657
vn -0.598953 0.000000 -0.800784
vn -0.605358 0.000000 -0.795953
vn -0.607848 0.000000 -0.794054
usemtl root_rock
f 1/1/1 2/2/2 93/93/93
f 1/1/1 93/93/93 92/92/92
f 2/2/2 3/3/3 94/94/94
f 2/2/2 94/94/94 93/93/93
f 3/3/3 4/4/4 95/95/95
f 3/3/3 95/95/95 94/94/94
f 4/4/4 5/5/5 96/96/96
f 4/4/4 96/96/96 95/95/95
f 5/5/5 6/6/6 97/97/97
f 5/5/5 97/97/97 96/96/96
f 6/6/6 7/7/7 98/98/98
f 6/6/6 98/98/98 97/97/97
f 7/7/7 8/8/8 99/99/99
f 7/7/7 99/99/99 98/98/98
f 8/8/8 9/9/9 100/100/100
f 8/8/8 100/100/100 99/99/99
f 9/9/9 10/10/10 101/101/101
f 9/9/9 101/101/101 100/100/100
f 10/10/10 11/11/11 102/102/102
f 10/10/10 102/102/102 101/101/101
f 11/11/11 12/12/12 103/103/103
f 11/11/11 103/103/103 102/102/102
f 12/12/12 13/13/13 104/104/104
f 12/12/12 104/104/104 103/103/103
f 13/13/13 14/14/14 105/105/105
f 13/13/13 105/105/105 104/104/104
f 14/14/14 15/15/15 106/106/106
f 14/14/14 106/106/106 105/105/105
f 15/15/15 16/16/16 107/107/107
f 15/15/15 107/107/107 106/106/106
f 16/16/16 17/17/17 108/108/108
f 16/16/16 108/108/108 107/107/107
f 17/17/17 18/18/18 109/109/109
f 17/17/17 109/109/109 108/108/108
f 18/18/18 19/19/19 110/110/110
f 18/18/18 110/110/110 109/109/109
f 19/19/19 20/20/20 111/111/111
f 19/19/19 111/111/111 110/110/110
f 20/20/20 21/21/21 112/112/112
f 20/20/20 112/112/112 111/111/111
f 21/21/21 22/22/22 113/113/113
f 21/21/21 113/113/113 112/112/112
f 22/22/22 23/23/23 114/114/114
f 22/22/22 114/114/114 113/113/113
f 23/23/23 24/24/24 115/115/115
f 23/23/23 115/115/115 114/114/114
f 24/24/24 25/25/25 116/116/116
f 24/24/24 116/116/116 115/115/115
f 25/25/25 26/26/26 117/117/117
f 25/25/25 117/117/117 116/116/116
f 26/26/26 27/27/27 118/118/118
f 26/26/26 118/118/118 117/117/117
f 27/27/27 28/28/28 119/119/119
f 27/27/27 119/119/119 118/118/118
f 28/28/28 29/29/29 120/120/120
f 28/28/28 120/120/120 119/119/119
f 29/29/29 30/30/30 121/121/121
f 29/29/29 121/121/121 120/120/120
f 30/30/30 31/31/31 122/122/122
f 30/30/30 122/122/122 121/121/121
f 31/31/31 32/32/32 123/123/123
f 31/31/31 123/123/123 122/122/122
f 32/32/32 33/33/33 124/124/124
f 32/32/32 124/124/124 123/123/123
f 33/33/33 34/34/34 125/125/125
f 33/33/33 125/125/125 124/124/124
f 34/34/34 35/35/35 126/126/126
f 34/34/34 126/126/126 125/125/125
f 35/35/35 36/36/36 127/127/127
f 35/35/35 127/127/127 126/126/126
f 36/36/36 37/37/37 128/128/128
f 36/36/36 128/128/128 127/127/127
f 37/37/37 38/38/38 129/129/129
f 37/37/37 129/129/129 128/128/128
f 38/38/38 39/39/39 130/130/130
f 38/38/38 130/130/130 129/129/129
f 39/39/39 40/40/40 131/131/131
f 39/39/39 131/131/131 130/130/130
f 40/40/40 41/41/41 132/132/132
f 40/40/40 132/132/132 131/131/131
f 41/41/41 42/42/42 133/133/133
f 41/41/41 133/133/133 132/132/132
f 42/42/42 43/43/43 134/134/134
f 42/42/42 134/134/134 133/133/133
f 43/43/43 44/44/44 135/135/135
f 43/43/43 135/135/135 134/134/134
f 44/44/44 45/45/45 136/136/136
f 44/44/44 136/136/136 135/135/135
f 45/45/45 46/46/46 137/137/137
f 45/45/45 137/137/137 136/136/136
f 46/46/46 47/47/47 138/138/138
f 46/46/46 138/138/138 137/137/137
f 47/47/47 48/48/48 139/139/139
f 47/47/47 139/139/139 138/138/138
f 48/48/48 49/49/49 140/140/140
f 48/48/48 140/140/140 139/139/139
f 49/49/49 50/50/50 141/141/141
f 49/49/49 141/141/141 140/140/140
f 50/50/50 51/51/51 142/142/142
f 50/50/50 142/142/142 141/141/141
f 51/51/51 52/52/52 143/143/143
f 51/51/51 143/143/143 142/142/142
f 52/52/52 53/53/53 144/144/144
f 52/52/52 144/144/144 143/143/143
f 53/53/53 54/54/54 145/145/145
f 53/53/53 145/145/145 144/144/144
f 54/54/54 55/55/55 146/146/146
f 54/54/54 146/146/146 145/145/145
f 55/55/55 56/56/56 147/147/147
f 55/55/55 147/147/147 146/146/146
f 56/56/56 57/57/57 148/148/148
f 56/56/56 148/148/148 147/147/147
f 57/57/57 58/58/58 149/149/149
f 57/57/57 149/149/149 148/148/148
f 58/58/58 59/59/59 150/150/150
f 58/58/58 150/150/150 149/149/149
f 59/59/59 60/60/60 151/151/151
f 59/59/59 151/151/151 150/150/150
f 60/60/60 61/61/61 152/152/152
f 60/60/60 152/152/152 151/151/151
f 61/61/61 62/62/62 153/153/153
f 61/61/61 153/153/153 152/152/152
f 62/62/62 63/63/63 154/154/154
f 62/62/62 154/154/154 153/153/153
f 63/63/63 64/64/64 155/155/155
f 63/63/63 155/155/155 154/154/154
f 64/64/64 65/65/65 156/156/156
f 64/64/64 156/156/156 155/155/155
f 65/65/65 66/66/66 157/157/157
f 65/65/65 157/157/157 156/156/156
f 66/66/66 67/67/67 158/158/158
f 66/66/66 158/158/158 157/157/157
f 67/67/67 68/68/68 159/159/159
f 67/67/67 159/159/159 158/158/158
f 68/68/68 69/69/69 160/160/160
f 68/68/68 160/160/160 159/159/159
f 69/69/69 70/70/70 161/161/161
f 69/69/69 161/161/161 160/160/160
f 70/70/70 71/71/71 162/162/162
f 70/70/70 162/162/162 161/161/161
f 71/71/71 72/72/72 163/163/163
f 71/71/71 163/163/163 162/162/162
f 72/72/72 73/73/73 164/164/164
f 72/72/72 164/164/164 163/163/163
f 73/73/73 74/74/74 165/165/165
f 73/73/73 165/165/165 164/164/164
f 74/74/74 75/75/75 166/166/166
f 74/74/74 166/166/166 165/165/165
f 75/75/75 76/76/76 167/167/167
f 75/75/75 167/167/167 166/166/166
f 76/76/76 77/77/77 168/168/168
f 76/76/76 168/168/168 167/167/167
f 77/77/77 78/78/78 169/169/169
f 77/77/77 169/169/169 168/168/168
f 78/78/78 79/79/79 170/170/170
f 78/78/78 170/170/170 169/169/169
f 79/79/79 80/80/80 171/171/171
f 79/79/79 171/171/171 170/170/170
f 80/80/80 81/81/81 172/172/172
f 80/80/80 172/172/172 171/171/171
f 81/81/81 82/82/82 173/173/173
f 81/81/81 173/173/173 172/172/172
f 82/82/82 83/83/83 174/174/174
f 82/82/82 174/174/174 173/173/173
f 83/83/83 84/84/84 175/175/175
f 83/83/83 175/175/175 174/174/174
f 84/84/84 85/85/85 176/176/176
f 84/84/84 176/176/176 175/175/175
f 85/85/85 86/86/86 177/177/177
f 85/85/85 177/177/177 176/176/176
f 86/86/86 87/87/87 178/178/178
f 86/86/86 178/178/178 177/177/177
f 87/87/87 88/88/88 179/179/179
f 87/87/87 179/179/179 178/178/178
f 88/88/88 89/89/89 180/180/180
f 88/88/88 180/180/180 179/179/179
f 89/89/89 90/90/90 181/181/181
f 89/89/89 181/181/181 180/180/180
f 90/90/90 91/91/91 182/182/182
f 90/90/90 182/182/182 181/181/181
f 92/92/92 93/93/93 184/184/184
f 92/92/92 184/184/184 183/183/183
f 93/93/93 94/94/94 185/185/185
f 93/93/93 185/185/185 184/184/184
f 94/94/94 95/95/95 186/186/186
f 94/94/94 186/186/186 185/185/185
f 95/95/95 96/96/96 187/187/187
f 95/95/95 187/187/187 186/186/186
f 96/96/96 97/97/97 188/188/188
f 96/96/96 188/188/188 187/187/187
f 97/97/97 98/98/98 189/189/189
f 97/97/97 189/189/189 188/188/188
f 98/98/98 99/99/99 190/190/190
f 98/98/98 190/190/190 189/189/189
f 99/99/99 100/100/100 191/191/191
f 99/99/99 191/191/191 190/190/190
f 100/100/100 101/101/101 192/192/192
f 100/100/100 192/192/192 191/191/191
f 101/101/101 102/102/102 193/193/193
f 101/101/101 193/193/193 192/192/192
f 102/102/102 103/103/103 194/194/194
f 102/102/102 194/194/194 193/193/193
f 103/103/103 104/104/104 195/195/195
f 103/103/103 195/195/195 194/194/194
f 104/104/104 105/105/105 196/196/196
f 104/104/104 196/196/196 195/195/195
f 105/105/105 106/106/106 197/197/197
f 105/105/105 197/197/197 196/196/196
f 106/106/106 107/107/107 198/198/198
f 106/106/106 198/198/198 197/197/197
f 107/107/107 108/108/108 199/199/199
f 107/107/107 199/199/199 198/198/198
f 108/108/108 109/109/109 200/200/200
f 108/108/108 200/200/200 199/199/199
f 109/109/109 110/110/110 201/201/201
f 109/109/109 201/201/201 200/200/200
f 110/110/110 111/111/111 202/202/202
f 110/110/110 202/202/202 201/201/201
f 111/111/111 112/112/112 203/203/203
f 111/111/111 203/203/203 202/202/202
f 112/112/112 113/113/113 204/204/204
f 112/112/112 204/204/204 203/203/203
f 113/113/113 114/114/114 205/205/205
f 113/113/113 205/205/205 204/204/204
f 114/114/114 115/115/115 206/206/206
f 114/114/114 206/206/206 205/205/205
f 115/115/115 116/116/116 207/207/207
f 115/115/115 207/207/207 206/206/206
f 116/116/116 117/117/117 208/208/208
f 116/116/116 208/208/208 207/207/207
f 117/117/117 118/118/118 209/209/209
f 117/117/117 209/209/209 208/208/208
f 118/118/118 119/119/119 210/210/210
f 118/118/118 210/210/210 209/209/209
f 119/119/119 120/120/120 211/211/211
f 119/119/119 211/211/211 210/210/210
f 120/120/120 121/121/121 212/212/212
f 120/120/120 212/212/212 211/211/211
f 121/121/121 122/122/122 213/213/213
f 121/121/121 213/213/213 212/212/212
f 122/122/122 123/123/123 214/214/214
f 122/122/122 214/214/214 213/213/213
f 123/123/123 124/124/124 215/215/215
f 123/123/123 215/215/215 214/214/214
f 124/124/124 125/125/125 216/216/216
f 124/124/124 216/216/216 215/215/215
f 125/125/125 126/126/126 217/217/217
f 125/125/125 217/217/217 216/216/216
f 126/126/126 127/127/127 218/218/218
f 126/126/126 218/218/218 217/217/217
f 127/127/127 128/128/128 219/219/219
f 127/127/127 219/219/219 218/218/218
f 128/128/128 129/129/129 220/220/220
f 128/128/128 220/220/220 219/219/219
f 129/129/129 130/130/130 221/221/221
f 129/129/129 221/221/221 220/220/220
f 130/130/130 131/131/131 222/222/222
f 130/130/130 222/222/222 221/221/221
f 131/131/131 132/132/132 223/223/223
f 131/131/131 223/223/223 222/222/222
f 132/132/132 133/133/133 224/224/224
f 132/132/132 224/224/224 223/223/223
f 133/133/133 134/134/134 225/225/225
f 133/133/133 225/225/225 224/224/224
f 134/134/134 135/135/135 226/226/226
f 134/134/134 226/226/226 225/225/225
f 135/135/135 136/136/136 227/227/227
f 135/135/135 227/227/227 226/226/226
f 136/136/136 137/137/137 228/228/228
f 136/136/136 228/228/228 227/227/227
f 137/137/137 138/138/138 229/229/229
f 137/137/137 229/229/229 228/228/228
f 138/138/138 139/139/139 230/230/230
f 138/138/138 230/230/230 229/229/229
f 139/139/139 140/140/140 231/231/231
f 139/139/139 231/231/231 230/230/230
f 140/140/140 141/141/141 232/232/232
f 140/140/140 232/232/232 231/231/231
f 141/141/141 142/142/142 233/233/233
f 141/141/141 233/233/233 232/232/232
f 142/142/142 143/143/143 234/234/234
f 142/142/142 234/234/234 233/233/233
f 143/143/143 144/144/144 235/235/235
f 143/143/143 235/235/235 234/234/234
f 144/144/144 145/145/145 236/236/236
f 144/144/144 236/236/236 235/235/235
f 145/145/145 146/146/146 237/237/237
f 145/145/145 237/237/237 236/236/236
f 146/146/146 147/147/147 238/238/238
f 146/146/146 238/238/238 237/237/237
f 147/147/147 148/148/148 239/239/239
f 147/147/147 239/239/239 238/238/238
f 148/148/148 149/149/149 240/240/240
f 148/148/148 240/240/240 239/239/239
f 149/149/149 150/150/150 241/241/241
f 149/149/149 241/241/241 240/240/240
f 150/150/150 151/151/151 242/242/242
f 150/150/150 242/242/242 241/241/241
f 151/151/151 152/152/152 243/243/243
f 151/151/151 243/243/243 242/242/242
f 152/152/152 153/153/153 244/244/244
f 152/152/152 244/244/244 243/243/243
f 153/153/153 154/154/154 245/245/245
f 153/153/153 245/245/245 244/244/244
f 154/154/154 155/155/155 246/246/246
f 154/154/154 246/246/246 245/245/245
f 155/155/155 156/156/156 247/247/247
f 155/155/155 247/247/247 246/246/246
f 156/156/156 157/157/157 248/248/248
f 156/156/156 248/248/248 247/247/247
f 157/157/157 158/158/158 249/249/249
f 157/157/157 249/249/249 248/248/248
f 158/158/158 159/159/159 250/250/250
f 158/158/158 250/250/250 249/249/249
f 159/159/159 160/160/160 251/251/251
f 159/159/159 251/251/251 250/250/250
f 160/160/160 161/161/161 252/252/252
f 160/160/160 252/252/252 251/251/251
f 161/161/161 162/162/162 253/253/253
f 161/161/161 253/253/253 252/252/252
f 162/162/162 163/163/163 254/254/254
f 162/162/162 254/254/254 253/253/253
f 163/163/163 164/164/164 255/255/255
f 163/163/163 255/255/255 254/254/254
f 164/164/164 165/165/165 256/256/256
f 164/164/164 256/256/256 255/255/255
f 165/165/165 166/166/166 257/257/257
f 165/165/165 257/257/257 256/256/256
f 166/166/166 167/167/167 258/258/258
f 166/166/166 258/258/258 257/257/257
f 167/167/167 168/168/168 259/259/259
f 167/167/167 259/259/259 258/258/258
f 168/168/168 169/169/169 260/260/260
f 168/168/168 260/260/260 259/259/259
f 169/169/169 170/170/170 261/261/261
f 169/169/169 261/261/261 260/260/260
f 170/170/170 171/171/171 262/262/262
f 170/170/170 262/262/262 261/261/261
f 171/171/171 172/172/172 263/263/263
f 171/171/171 263/263/263 262/262/262
f 172/172/172 173/173/173 264/264/264
f 172/172/172 264/264/264 263/263/263
f 173/173/173 174/174/174 265/265/265
f 173/173/173 265/265/265 264/264/264
f 174/174/174 175/175/175 266/266/266
f 174/174/174 266/266/266 265/265/265
f 175/175/175 176/176/176 267/267/267
f 175/175/175 267/267/267 266/266/266
f 176/176/176 177/177/177 268/268/268
f 176/176/176 268/268/268 267/267/267
f 177/177/177 178/178/178 269/269/269
f 177/177/177 269/269/269 268/268/268
f 178/178/178 179/179/179 270/270/270
f 178/178/178 270/270/270 269/269/269
f 179/179/179 180/180/180 271/271/271
f 179/179/179 271/271/271 270/270/270
f 180/180/180 181/181/181 272/272/272
f 180/180/180 272/272/272 271/271/271
f 181/181/181 182/182/182 273/273/273
f 181/181/181 273/273/273 272/272/272
f 183/183/183 184/184/184 275/275/275
f 183/183/183 275/275/275 274/274/274
f 184/184/184 185/185/185 276/276/276
f 184/184/184 276/276/276 275/275/275
f 185/185/185 186/186/186 277/277/277
f 185/185/185 277/277/277 276/276/276
f 186/186/186 187/187/187 278/278/278
f 186/186/186 278/278/278 277/277/277
f 187/187/187 188/188/188 279/279/279
f 187/187/187 279/279/279 278/278/278
f 188/188/188 189/189/189 280/280/280
f 188/188/188 280/280/280 279/279/279
f 189/189/189 190/190/190 281/281/281
f 189/189/189 281/281/281 280/280/280
f 190/190/190 191/191/191 282/282/282
f 190/190/190 282/282/282 281/281/281
f 191/191/191 192/192/192 283/283/283
f 191/191/191 283/283/283 282/282/282
f 192/192/192 193/193/193 284/284/284
f 192/192/192 284/284/284 283/283/283
f 193/193/193 194/194/194 285/285/285
f 193/193/193 285/285/285 284/284/284
f 194/194/194 195/195/195 286/286/286
f 194/194/194 286/286/286 285/285/285
f 195/195/195 196/196/196 287/287/287
f 195/195/195 287/287/287 286/286/286
f 196/196/196 197/197/197 288/288/288
f 196/196/196 288/288/288 287/287/287
f 197/197/197 198/198/198 289/289/289
f 197/197/197 289/289/289 288/288/288
f 198/198/198 199/199/199 290/290/290
f 198/198/198 290/290/290 289/289/289
f 199/199/199 200/200/200 291/291/291
f 199/199/199 291/291/291 290/290/290
f 200/200/200 201/201/201 292/292/292
f 200/200/200 292/292/292 291/291/291
f 201/201/201 202/202/202 293/293/293
f 201/201/201 293/293/293 292/292/292
f 202/202/202 203/203/203 294/294/294
f 202/202/202 294/294/294 293/293/293
f 203/203/203 204/204/204 295/295/295
f 203/203/203 295/295/295 294/294/294
f 204/204/204 205/205/205 296/296/296
f 204/204/204 296/296/296 295/295/295
f 205/205/205 206/206/206 297/297/297
f 205/205/205 297/297/297 296/296/296
f 206/206/206 207/207/207 298/298/298
f 206/206/206 298/298/298 297/297/297
f 207/207/207 208/208/208 299/299/299
f 207/207/207 299/299/299 298/298/298
f 208/208/208 209/209/209 300/300/300
f 208/208/208 300/300/300 299/299/299
f 209/209/209 210/210/210 301/301/301
f 209/209/209 301/301/301 300/300/300
f 210/210/210 211/211/211 302/302/302
f 210/210/210 302/302/302 301/301/301
f 211/211/211 212/212/212 303/303/303
f 211/211/211 303/303/303 302/302/302
f 212/212/212 213/213/213 304/304/304
f 212/212/212 304/304/304 303/303/303
f 213/213/213 214/214/214 305/305/305
f 213/213/213 305/305/305 304/304/304
f 214/214/214 215/215/215 306/306/306
f 214/214/214 306/306/306 305/305/305
f 215/215/215 216/216/216 307/307/307
f 215/215/215 307/307/307 306/306/306
f 216/216/216 217/217/217 308/308/308
f 216/216/216 308/308/308 307/307/307
f 217/217/217 218/218/218 309/309/309
f 217/217/217 309/309/309 308/308/308
f 218/218/218 219/219/219 310/310/310
f 218/218/218 310/310/310 309/309/309
f 219/219/219 220/220/220 311/311/311
f 219/219/219 311/311/311 310/310/310
f 220/220/220 221/221/221 312/312/312
f 220/220/220 312/312/312 311/311/311
f 221/221/221 222/222/222 313/313/313
f 221/221/221 313/313/313 312/312/312
f 222/222/222 223/223/223 314/314/314
f 222/222/222 314/314/314 313/313/313
f 223/223/223 224/224/224 315/315/315
f 223/223/223 315/315/315 314/314/314
f 224/224/224 225/225/225 316/316/316
f 224/224/224 316/316/316 315/315/315
f 225/225/225 226/226/226 317/317/317
f 225/225/225 317/317/317 316/316/316
f 226/226/226 227/227/227 318/318/318
f 226/226/226 318/318/318 317/317/317
f 227/227/227 228/228/228 319/319/319
f 227/227/227 319/319/319 318/318/318
f 228/228/228 229/229/229 320/320/320
f 228/228/228 320/320/320 319/319/319
f 229/229/229 230/230/230 321/321/321
f 229/229/229 321/321/321 320/320/320
f 230/230/230 231/231/231 322/322/322
f 230/230/230 322/322/322 321/321/321
f 231/231/231 232/232/232 323/323/323
f 231/231/231 323/323/323 322/322/322
f 232/232/232 233/233/233 324/324/324
f 232/232/232 324/324/324 323/323/323
f 233/233/233 234/234/234 325/325/325
f 233/233/233 325/325/325 324/324/324
f 234/234/234 235/235/235 326/326/326
f 234/234/234 326/326/326 325/325/325
f 235/235/235 236/236/236 327/327/327
f 235/235/235 327/327/327 326/326/326
f 236/236/236 237/237/237 328/328/328
f 236/236/236 328/328/328 327/327/327
f 237/237/237 238/238/238 329/329/329
f 237/237/237 329/329/329 328/328/328
f 238/238/238 239/239/239 330/330/330
f 238/238/238 330/330/330 329/329/329
f 239/239/239 240/240/240 331/331/331
f 239/239/239 331/331/331 330/330/330
f 240/240/240 241/241/241 332/332/332
f 240/240/240 332/332/332 331/331/331
f 241/241/241 242/242/242 333/333/333
f 241/241/241 333/333/333 332/332/332
f 242/242/242 243/243/243 334/334/334
f 242/242/242 334/334/334 333/333/333
f 243/243/243 244/244/244 335/335/335
f 243/243/243 335/335/335 334/334/334
f 244/244/244 245/245/245 336/336/336
f 244/244/244 336/336/336 335/335/335
f 245/245/245 246/246/246 337/337/337
f 245/245/245 337/337/337 336/336/336
f 246/246/246 247/247/247 338/338/338
f 246/246/246 338/338/338 337/337/337
f 247/247/247 248/248/248 339/339/339
f 247/247/247 339/339/339 338/338/338
f 248/248/248 249/249/249 340/340/340
f 248/248/248 340/340/340 339/339/339
f 249/249/249 250/250/250 341/341/341
f 249/249/249 341/341/341 340/340/340
f 250/250/250 251/251/251 342/342/342
f 250/250/250 342/342/342 341/341/341
f 251/251/251 252/252/252 343/343/343
f 251/251/251 343/343/343 342/342/342
f 252/252/252 253/253/253 344/344/344
f 252/252/252 344/344/344 343/343/343
f 253/253/253 254/254/254 345/345/345
f 253/253/253 345/345/345 344/344/344
f 254/254/254 255/255/255 346/346/346
f 254/254/254 346/346/346 345/345/345
f 255/255/255 256/256/256 347/347/347
f 255/255/255 347/347/347 346/346/346
f 256/256/256 257/257/257 348/348/348
f 256/256/256 348/348/348 347/347/347
f 257/257/257 258/258/258 349/349/349
f 257/257/257 349/349/349 348/348/348
f 258/258/258 259/259/259 350/350/350
f 258/258/258 350/350/350 349/349/349
f 259/259/259 260/260/260 351/351/351
f 259/259/259 351/351/351 350/350/350
f 260/260/260 261/261/261 352/352/352
f 260/260/260 352/352/352 351/351/351
f 261/261/261 262/262/262 353/353/353
f 261/261/261 353/353/353 352/352/352
f 262/262/262 263/263/263 354/354/354
f 262/262/262 354/354/354 353/353/353
f 263/263/263 264/264/264 355/355/355
f 263/263/263 355/355/355 354/354/354
f 264/264/264 265/265/265 356/356/356
f 264/264/264 356/356/356 355/355/355
f 265/265/265 266/266/266 357/357/357
f 265/265/265 357/357/357 356/356/356
f 266/266/266 267/267/267 358/358/358
f 266/266/266 358/358/358 357/357/357
f 267/267/267 268/268/268 359/359/359
f 267/267/267 359/359/359 358/358/358
f 268/268/268 269/269/269 360/360/360
f 268/268/268 360/360/360 359/359/359
f 269/269/269 270/270/270 361/361/361
f 269/269/269 361/361/361 360/360/360
f 270/270/270 271/271/271 362/362/362
f 270/270/270 362/362/362 361/361/361
f 271/271/271 272/272/272 363/363/363
f 271/271/271 363/363/363 362/362/362
f 272/272/272 273/273/273 364/364/364
f 272/272/272 364/364/364 363/363/363
f 274/274/274 275/275/275 366/366/366
f 274/274/274 366/366/366 365/365/365
f 275/275/275 276/276/276 367/367/367
f 275/275/275 367/367/367 366/366/366
f 276/276/276 277/277/277 368/368/368
f 276/276/276 368/368/368 367/367/367
f 277/277/277 278/278/278 369/369/369
f 277/277/277 369/369/369 368/368/368
f 278/278/278 279/279/279 370/370/370
f 278/278/278 370/370/370 369/369/369
f 279/279/279 280/280/280 371/371/371
f 279/279/279 371/371/371 370/370/370
f 280/280/280 281/281/281 372/372/372
f 280/280/280 372/372/372 371/371/371
f 281/281/281 282/282/282 373/373/373
f 281/281/281 373/373/373 372/372/372
f 282/282/282 283/283/283 374/374/374
f 282/282/282 374/374/374 373/373/373
f 283/283/283 284/284/284 375/375/375
f 283/283/283 375/375/375 374/374/374
f 284/284/284 285/285/285 376/376/376
f 284/284/284 376/376/376 375/375/375
f 285/285/285 286/286/286 377/377/377
f 285/285/285 377/377/377 376/376/376
f 286/286/286 287/287/287 378/378/378
f 286/286/286 378/378/378 377/377/377
f 287/287/287 288/288/288 379/379/379
f 287/287/287 379/379/379 378/378/378
f 288/288/288 289/289/289 380/380/380
f 288/288/288 380/380/380 379/379/379
f 289/289/289 290/290/290 381/381/381
f 289/289/289 381/381/381 380/380/380
f 290/290/290 291/291/291 382/382/382
f 290/290/290 382/382/382 381/381/381
f 291/291/291 292/292/292 383/383/383
f 291/291/291 383/383/383 382/382/382
f 292/292/292 293/293/293 384/384/384
f 292/292/292 384/384/384 383/383/383
f 293/293/293 294/294/294 385/385/385
f 293/293/293 385/385/385 384/384/384
f 294/294/294 295/295/295 386/386/386
f 294/294/294 386/386/386 385/385/385
f 295/295/295 296/296/296 387/387/387
f 295/295/295 387/387/387 386/386/386
f 296/296/296 297/297/297 388/388/388
f 296/296/296 388/388/388 387/387/387
f 297/297/297 298/298/298 389/389/389
f 297/297/297 389/389/389 388/388/388
f 298/298/298 299/299/299 390/390/390
f 298/298/298 390/390/390 389/389/389
f 299/299/299 300/300/300 391/391/391
f 299/299/299 391/391/391 390/390/390
f 300/300/300 301/301/301 392/392/392
f 300/300/300 392/392/392 391/391/391
f 301/301/301 302/302/302 393/393/393
f 301/301/301 393/393/393 392/392/392
f 302/302/302 303/303/303 394/394/394
f 302/302/302 394/394/394 393/393/393
f 303/303/303 304/304/304 395/395/395
f 303/303/303 395/395/395 394/394/394
f 304/304/304 305/305/305 396/396/396
f 304/304/304 396/396/396 395/395/395
f 305/305/305 306/306/306 397/397/397
f 305/305/305 397/397/397 396/396/396
f 306/306/306 307/307/307 398/398/398
f 306/306/306 398/398/398 397/397/397
f 307/307/307 308/308/308 399/399/399
f 307/307/307 399/399/399 398/398/398
f 308/308/308 309/309/309 400/400/400
f 308/308/308 400/400/400 399/399/399
f 309/309/309 310/310/310 401/401/401
f 309/309/309 401/401/401 400/400/400
f 310/310/310 311/311/311 402/402/402
f 310/310/310 402/402/402 401/401/401
f 311/311/311 312/312/312 403/403/403
f 311/311/311 403/403/403 402/402/402
f 312/312/312 313/313/313 404/404/404
f 312/312/312 404/404/404 403/403/403
f 313/313/313 314/314/314 405/405/405
f 313/313/313 405/405/405 404/404/404
f 314/314/314 315/315/315 406/406/406
f 314/314/314 406/406/406 405/405/405
f 315/315/315 316/316/316 407/407/407
f 315/315/315 407/407/407 406/406/406
f 316/316/316 317/317/317 408/408/408
f 316/316/316 408/408/408 407/407/407
f 317/317/317 318/318/318 409/409/409
f 317/317/317 409/409/409 408/408/408
f 318/318/318 319/319/319 410/410/410
f 318/318/318 410/410/410 409/409/409
f 319/319/319 320/320/320 411/411/411
f 319/319/319 411/411/411 410/410/410
f 320/320/320 321/321/321 412/412/412
f 320/320/320 412/412/412 411/411/411
f 321/321/321 322/322/322 413/413/413
f 321/321/321 413/413/413 412/412/412
f 322/322/322 323/323/323 414/414/414
f 322/322/322 414/414/414 413/413/413
f 323/323/323 324/324/324 415/415/415
f 323/323/323 415/415/415 414/414/414
f 324/324/324 325/325/325 416/416/416
f 324/324/324 416/416/416 415/415/415
f 325/325/325 326/326/326 417/417/417
f 325/325/325 417/417/417 416/416/416
f 326/326/326 327/327/327 418/418/418
f 326/326/326 418/418/418 417/417/417
f 327/327/327 328/328/328 419/419/419
f 327/327/327 419/419/419 418/418/418
f 328/328/328 329/329/329 420/420/420
f 328/328/328 420/420/420 419/419/419
f 329/329/329 330/330/330 421/421/421
f 329/329/329 421/421/421 420/420/420
f 330/330/330 331/331/331 422/422/422
f 330/330/330 422/422/422 421/421/421
f 331/331/331 332/332/332 423/423/423
f 331/331/331 423/423/423 422/422/422
f 332/332/332 333/333/333 424/424/424
f 332/332/332 424/424/424 423/423/423
f 333/333/333 334/334/334 425/425/425
f 333/333/333 425/425/425 424/424/424
f 334/334/334 335/335/335 426/426/426
f 334/334/334 426/426/426 425/425/425
f 335/335/335 336/336/336 427/427/427
f 335/335/335 427/427/427 426/426/426
f 336/336/336 337/337/337 428/428/428
f 336/336/336 428/428/428 427/427/427
f 337/337/337 338/338/338 429/429/429
f 337/337/337 429/429/429 428/428/428
f 338/338/338 339/339/339 430/430/430
f 338/338/338 430/430/430 429/429/429
f 339/339/339 340/340/340 431/431/431
f 339/339/339 431/431/431 430/430/430
f 340/340/340 341/341/341 432/432/432
f 340/340/340 432/432/432 431/431/431
f 341/341/341 342/342/342 433/433/433
f 341/341/341 433/433/433 432/432/432
f 342/342/342 343/343/343 434/434/434
f 342/342/342 434/434/434 433/433/433
f 343/343/343 344/344/344 435/435/435
f 343/343/343 435/435/435 434/434/434
f 344/344/344 345/345/345 436/436/436
f 344/344/344 436/436/436 435/435/435
f 345/345/345 346/346/346 437/437/437
f 345/345/345 437/437/437 436/436/436
f 346/346/346 347/347/347 438/438/438
f 346/346/346 438/438/438 437/437/437
f 347/347/347 348/348/348 439/439/439
f 347/347/347 439/439/439 438/438/438
f 348/348/348 349/349/349 440/440/440
f 348/348/348 440/440/440 439/439/439
f 349/349/349 350/350/350 441/441/441
f 349/349/349 441/441/441 440/440/440
f 350/350/350 351/351/351 442/442/442
f 350/350/350 442/442/442 441/441/441
f 351/351/351 352/352/352 443/443/443
f 351/351/351 443/443/443 442/442/442
f 352/352/352 353/353/353 444/444/444
f 352/352/352 444/444/444 443/443/443
f 353/353/353 354/354/354 445/445/445
f 353/353/353 445/445/445 444/444/444
f 354/354/354 355/355/355 446/446/446
f 354/354/354 446/446/446 445/445/445
f 355/355/355 356/356/356 447/447/447
f 355/355/355 447/447/447 446/446/446
f 356/356/356 357/357/357 448/448/448
f 356/356/356 448/448/448 447/447/447
f 357/357/357 358/358/358 449/449/449
f 357/357/357 449/449/449 448/448/448
f 358/358/358 359/359/359 450/450/450
f 358/358/358 450/450/450 449/449/449
f 359/359/359 360/360/360 451/451/451
f 359/359/359 451/451/451 450/450/450
f 360/360/360 361/361/361 452/452/452
f 360/360/360 452/452/452 451/451/451
f 361/361/361 362/362/362 453/453/453
f 361/361/361 453/453/453 452/452/452
f 362/362/362 363/363/363 454/454/454
f 362/362/362 454/454/454 453/453/453
f 363/363/363 364/364/364 455/455/455
f 363/363/363 455/455/455 454/454/454
f 365/365/365 366/366/366 457/457/457
f 365/365/365 457/457/457 456/456/456
f 366/366/366 367/367/367 458/458/458
f 366/366/366 458/458/458 457/457/457
f 367/367/367 368/368/368 459/459/459
f 367/367/367 459/459/459 458/458/458
f 368/368/368 369/369/369 460/460/460
f 368/368/368 460/460/460 459/459/459
f 369/369/369 370/370/370 461/461/461
f 369/369/369 461/461/461 460/460/460
f 370/370/370 371/371/371 462/462/462
f 370/370/370 462/462/462 461/461/461
f 371/371/371 372/372/372 463/463/463
f 371/371/371 463/463/463 462/462/462
f 372/372/372 373/373/373 464/464/464
f 372/372/372 464/464/464 463/463/463
f 373/373/373 374/374/374 465/465/465
f 373/373/373 465/465/465 464/464/464
f 374/374/374 375/375/375 466/466/466
f 374/374/374 466/466/466 465/465/465
f 375/375/375 376/376/376 467/467/467
f 375/375/375 467/467/467 466/466/466
f 376/376/376 377/377/377 468/468/468
f 376/376/376 468/468/468 467/467/467
f 377/377/377 378/378/378 469/469/469
f 377/377/377 469/469/469 468/468/468
f 378/378/378 379/379/379 470/470/470
f 378/378/378 470/470/470 469/469/469
f 379/379/379 380/380/380 471/471/471
f 379/379/379 471/471/471 470/470/470
f 380/380/380 381/381/381 472/472/472
f 380/380/380 472/472/472 471/471/471
f 381/381/381 382/382/382 473/473/473
f 381/381/381 473/473/473 472/472/472
f 382/382/382 383/383/383 474/474/474
f 382/382/382 474/474/474 473/473/473
f 383/383/383 384/384/384 475/475/475
f 383/383/383 475/475/475 474/474/474
f 384/384/384 385/385/385 476/476/476
f 384/384/384 476/476/476 475/475/475
f 385/385/385 386/386/386 477/477/477
f 385/385/385 477/477/477 476/476/476
f 386/386/386 387/387/387 478/478/478
f 386/386/386 478/478/478 477/477/477
f 387/387/387 388/388/388 479/479/479
f 387/387/387 479/479/479 478/478/478
f 388/388/388 389/389/389 480/480/480
f 388/388/388 480/480/480 479/479/479
f 389/389/389 390/390/390 481/481/481
f 389/389/389 481/481/481 480/480/480
f 390/390/390 391/391/391 482/482/482
f 390/390/390 482/482/482 481/481/481
f 391/391/391 392/392/392 483/483/483
f 391/391/391 483/483/483 482/482/482
f 392/392/392 393/393/393 484/484/484
f 392/392/392 484/484/484 483/483/483
f 393/393/393 394/394/394 485/485/485
f 393/393/393 485/485/485 484/484/484
f 394/394/394 395/395/395 486/486/486
f 394/394/394 486/486/486 485/485/485
f 395/395/395 396/396/396 487/487/487
f 395/395/395 487/487/487 486/486/486
f 396/396/396 397/397/397 488/488/488
f 396/396/396 488/488/488 487/487/487
f 397/397/397 398/398/398 489/489/489
f 397/397/397 489/489/489 488/488/488
f 398/398/398 399/399/399 490/490/490
f 398/398/398 490/490/490 489/489/489
f 399/399/399 400/400/400 491/491/491
f 399/399/399 491/491/491 490/490/490
f 400/400/400 401/401/401 492/492/492
f 400/400/400 492/492/492 491/491/491
f 401/401/401 402/402/402 493/493/493
f 401/401/401 493/493/493 492/492/492
f 402/402/402 403/403/403 494/494/494
f 402/402/402 494/494/494 493/493/493
f 403/403/403 404/404/404 495/495/495
f 403/403/403 495/495/495 494/494/494
f 404/404/404 405/405/405 496/496/496
f 404/404/404 496/496/496 495/495/495
f 405/405/405 406/406/406 497/497/497
f 405/405/405 497/497/497 496/496/496
f 406/406/406 407/407/407 498/498/498
f 406/406/406 498/498/498 497/497/497
f 407/407/407 408/408/408 499/499/499
f 407/407/407 499/499/499 498/498/498
f 408/408/408 409/409/409 500/500/500
f 408/408/408 500/500/500 499/499/499
f 409/409/409 410/410/410 501/501/501
f 409/409/409 501/501/501 500/500/500
f 410/410/410 411/411/411 502/502/502
f 410/410/410 502/502/502 501/501/501
f 411/411/411 412/412/412 503/503/503
f 411/411/411 503/503/503 502/502/502
f 412/412/412 413/413/413 504/504/504
f 412/412/412 504/504/504 503/503/503
f 413/413/413 414/414/414 505/505/505
f 413/413/413 505/505/505 504/504/504
f 414/414/414 415/415/415 506/506/506
f 414/414/414 506/506/506 505/505/505
f 415/415/415 416/416/416 507/507/507
f 415/415/415 507/507/507 506/506/506
f 416/416/416 417/417/417 508/508/508
f 416/416/416 508/508/508 507/507/507
f 417/417/417 418/418/418 509/509/509
f 417/417/417 509/509/509 508/508/508
f 418/418/418 419/419/419 510/510/510
f 418/418/418 510/510/510 509/509/509
f 419/419/419 420/420/420 511/511/511
f 419/419/419 511/511/511 510/510/510
f 420/420/420 421/421/421 512/512/512
f 420/420/420 512/512/512 511/511/511
f 421/421/421 422/422/422 513/513/513
f 421/421/421 513/513/513 512/512/512
f 422/422/422 423/423/423 514/514/514
f 422/422/422 514/514/514 513/513/513
f 423/423/423 424/424/424 515/515/515
f 423/423/423 515/515/515 514/514/514
f 424/424/424 425/425/425 516/516/516
f 424/424/424 516/516/516 515/515/515
f 425/425/425 426/426/426 517/517/517
f 425/425/425 517/517/517 516/516/516
f 426/426/426 427/427/427 518/518/518
f 426/426/426 518/518/518 517/517/517
f 427/427/427 428/428/428 519/519/519
f 427/427/427 519/519/519 518/518/518
f 428/428/428 429/429/429 520/520/520
f 428/428/428 520/520/520 519/519/519
f 429/429/429 430/430/430 521/521/521
f 429/429/429 521/521/521 520/520/520
f 430/430/430 431/431/431 522/522/522
f 430/430/430 522/522/522 521/521/521
f 431/431/431 432/432/432 523/523/523
f 431/431/431 523/523/523 522/522/522
f 432/432/432 433/433/433 524/524/524
f 432/432/432 524/524/524 523/523/523
f 433/433/433 434/434/434 525/525/525
f 433/433/433 525/525/525 524/524/524
f 434/434/434 435/435/435 526/526/526
f 434/434/434 526/526/526 525/525/525
f 435/435/435 436/436/436 527/527/527
f 435/435/435 527/527/527 526/526/526
f 436/436/436 437/437/437 528/528/528
f 436/436/436 528/528/528 527/527/527
f 437/437/437 438/438/438 529/529/529
f 437/437/437 529/529/529 528/528/528
f 438/438/438 439/439/439 530/530/530
f 438/438/438 530/530/530 529/529/529
f 439/439/439 440/440/440 531/531/531
f 439/439/439 531/531/531 530/530/530
f 440/440/440 441/441/441 532/532/532
f 440/440/440 532/532/532 531/531/531
f 441/441/441 442/442/442 533/533/533
f 441/441/441 533/533/533 532/532/532
f 442/442/442 443/443/443 534/534/534
f 442/442/442 534/534/534 533/533/533
f 443/443/443 444/444/444 535/535/535
f 443/443/443 535/535/535 534/534/534
f 444/444/444 445/445/445 536/536/536
f 444/444/444 536/536/536 535/535/535
f 445/445/445 446/446/446 537/537/537
f 445/445/445 537/537/537 536/536/536
f 446/446/446 447/447/447 538/538/538
f 446/446/446 538/538/538 537/537/537
f 447/447/447 448/448/448 539/539/539
f 447/447/447 539/539/539 538/538/538
f 448/448/448 449/449/449 540/540/540
f 448/448/448 540/540/540 539/539/539
f 449/449/449 450/450/450 541/541/541
f 449/449/449 541/541/541 540/540/540
f 450/450/450 451/451/451 542/542/542
f 450/450/450 542/542/542 541/541/541
f 451/451/451 452/452/452 543/543/543
f 451/451/451 543/543/543 542/542/542
f 452/452/452 453/453/453 544/544/544
f 452/452/452 544/544/544 543/543/543
f 453/453/453 454/454/454 545/545/545
f 453/453/453 545/545/545 544/544/544
f 454/454/454 455/455/455 546/546/546
f 454/454/454 546/546/546 545/545/545
f 456/456/456 457/457/457 548/548/548
f 456/456/456 548/548/548 547/547/547
f 457/457/457 458/458/458 549/549/549
f 457/457/457 549/549/549 548/548/548
f 458/458/458 459/459/459 550/550/550
f 458/458/458 550/550/550 549/549/549
f 459/459/459 460/460/460 551/551/551
f 459/459/459 551/551/551 550/550/550
f 460/460/460 461/461/461 552/552/552
f 460/460/460 552/552/552 551/551/551
f 461/461/461 462/462/462 553/553/553
f 461/461/461 553/553/553 552/552/552
f 462/462/462 463/463/463 554/554/554
f 462/462/462 554/554/554 553/553/553
f 463/463/463 464/464/464 555/555/555
f 463/463/463 555/555/555 554/554/554
f 464/464/464 465/465/465 556/556/556
f 464/464/464 556/556/556 555/555/555
f 465/465/465 466/466/466 557/557/557
f 465/465/465 557/557/557 556/556/556
f 466/466/466 467/467/467 558/558/558
f 466/466/466 558/558/558 557/557/557
f 467/467/467 468/468/468 559/559/559
f 467/467/467 559/559/559 558/558/558
f 468/468/468 469/469/469 560/560/560
f 468/468/468 560/560/560 559/559/559
f 469/469/469 470/470/470 561/561/561
f 469/469/469 561/561/561 560/560/560
f 470/470/470 471/471/471 562/562/562
f 470/470/470 562/562/562 561/561/561
f 471/471/471 472/472/472 563/563/563
f 471/471/471 563/563/563 562/562/562
f 472/472/472 473/473/473 564/564/564
f 472/472/472 564/564/564 563/563/563
f 473/473/473 474/474/474 565/565/565
f 473/473/473 565/565/565 564/564/564
f 474/474/474 475/475/475 566/566/566
f 474/474/474 566/566/566 565/565/565
f 475/475/475 476/476/476 567/567/567
f 475/475/475 567/567/567 566/566/566
f 476/476/476 477/477/477 568/568/568
f 476/476/476 568/568/568 567/567/567
f 477/477/477 478/478/478 569/569/569
f 477/477/477 569/569/569 568/568/568
f 478/478/478 479/479/479 570/570/570
f 478/478/478 570/570/570 569/569/569
f 479/479/479 480/480/480 571/571/571
f 479/479/479 571/571/571 570/570/570
f 480/480/480 481/481/481 572/572/572
f 480/480/480 572/572/572 571/571/571
f 481/481/481 482/482/482 573/573/573
f 481/481/481 573/573/573 572/572/572
f 482/482/482 483/483/483 574/574/574
f 482/482/482 574/574/574 573/573/573
f 483/483/483 484/484/484 575/575/575
f 483/483/483 575/575/575 574/574/574
f 484/484/484 485/485/485 576/576/576
f 484/484/484 576/576/576 575/575/575
f 485/485/485 486/486/486 577/577/577
f 485/485/485 577/577/577 576/576/576
f 486/486/486 487/487/487 578/578/578
f 486/486/486 578/578/578 577/577/577
f 487/487/487 488/488/488 579/579/579
f 487/487/487 579/579/579 578/578/578
f 488/488/488 489/489/489 580/580/580
f 488/488/488 580/580/580 579/579/579
f 489/489/489 490/490/490 581/581/581
f 489/489/489 581/581/581 580/580/580
f 490/490/490 491/491/491 582/582/582
f 490/490/490 582/582/582 581/581/581
f 491/491/491 492/492/492 583/583/583
f 491/491/491 583/583/583 582/582/582
f 492/492/492 493/493/493 584/584/584
f 492/492/492 584/584/584 583/583/583
f 493/493/493 494/494/494 585/585/585
f 493/493/493 585/585/585 584/584/584
f 494/494/494 495/495/495 586/586/586
f 494/494/494 586/586/586 585/585/585
f 495/495/495 496/496/496 587/587/587
f 495/495/495 587/587/587 586/586/586
f 496/496/496 497/497/497 588/588/588
f 496/496/496 588/588/588 587/587/587
f 497/497/497 498/498/498 589/589/589
f 497/497/497 589/589/589 588/588/588
f 498/498/498 499/499/499 590/590/590
f 498/498/498 590/590/590 589/589/589
f 499/499/499 500/500/500 591/591/591
f 499/499/499 591/591/591 590/590/590
f 500/500/500 501/501/501 592/592/592
f 500/500/500 592/592/592 591/591/591
f 501/501/501 502/502/502 593/593/593
f 501/501/501 593/593/593 592/592/592
f 502/502/502 503/503/503 594/594/594
f 502/502/502 594/594/594 593/593/593
f 503/503/503 504/504/504 595/595/595
f 503/503/503 595/595/595 594/594/594
f 504/504/504 505/505/505 596/596/596
f 504/504/504 596/596/596 595/595/595
f 505/505/505 506/506/506 597/597/597
f 505/505/505 597/597/597 596/596/596
f 506/506/506 507/507/507 598/598/598
f 506/506/506 598/598/598 597/597/597
f 507/507/507 508/508/508 599/599/599
f 507/507/507 599/599/599 598/598/598
f 508/508/508 509/509/509 600/600/600
f 508/508/508 600/600/600 599/599/599
f 509/509/509 510/510/510 601/601/601
f 509/509/509 601/601/601 600/600/600
f 510/510/510 511/511/511 602/602/602
f 510/510/510 602/602/602 601/601/601
f 511/511/511 512/512/512 603/603/603
f 511/511/511 603/603/603 602/602/602
f 512/512/512 513/513/513 604/604/604
f 512/512/512 604/604/604 603/603/603
f 513/513/513 514/514/514 605/605/605
f 513/513/513 605/605/605 604/604/604
f 514/514/514 515/515/515 606/606/606
f 514/514/514 606/606/606 605/605/605
f 515/515/515 516/516/516 607/607/607
f 515/515/515 607/607/607 606/606/606
f 516/516/516 517/517/517 608/608/608
f 516/516/516 608/608/608 607/607/607
f 517/517/517 518/518/518 609/609/609
f 517/517/517 609/609/609 608/608/608
f 518/518/518 519/519/519 610/610/610
f 518/518/518 610/610/610 609/609/609
f 519/519/519 520/520/520 611/611/611
f 519/519/519 611/611/611 610/610/610
f 520/520/520 521/521/521 612/612/612
f 520/520/520 612/612/612 611/611/611
f 521/521/521 522/522/522 613/613/613
f 521/521/521 613/613/613 612/612/612
f 522/522/522 523/523/523 614/614/614
f 522/522/522 614/614/614 613/613/613
f 523/523/523 524/524/524 615/615/615
f 523/523/523 615/615/615 614/614/614
f 524/524/524 525/525/525 616/616/616
f 524/524/524 616/616/616 615/615/615
f 525/525/525 526/526/526 617/617/617
f 525/525/525 617/617/617 616/616/616
f 526/526/526 527/527/527 618/618/618
f 526/526/526 618/618/618 617/617/617
f 527/527/527 528/528/528 619/619/619
f 527/527/527 619/619/619 618/618/618
f 528/528/528 529/529/529 620/620/620
f 528/528/528 620/620/620 619/619/619
f 529/529/529 530/530/530 621/621/621
f 529/529/529 621/621/621 620/620/620
f 530/530/530 531/531/531 622/622/622
f 530/530/530 622/622/622 621/621/621
f 531/531/531 532/532/532 623/623/623
f 531/531/531 623/623/623 622/622/622
f 532/532/532 533/533/533 624/624/624
f 532/532/532 624/624/624 623/623/623
f 533/533/533 534/534/534 625/625/625
f 533/533/533 625/625/625 624/624/624
f 534/534/534 535/535/535 626/626/626
f 534/534/534 626/626/626 625/625/625
f 535/535/535 536/536/536 627/627/627
f 535/535/535 627/627/627 626/626/626
f 536/536/536 537/537/537 628/628/628
f 536/536/536 628/628/628 627/627/627
f 537/537/537 538/538/538 629/629/629
f 537/537/537 629/629/629 628/628/628
f 538/538/538 539/539/539 630/630/630
f 538/538/538 630/630/630 629/629/629
f 539/539/539 540/540/540 631/631/631
f 539/539/539 631/631/631 630/630/630
f 540/540/540 541/541/541 632/632/632
f 540/540/540 632/632/632 631/631/631
f 541/541/541 542/542/542 633/633/633
f 541/541/541 633/633/633 632/632/632
f 542/542/542 543/543/543 634/634/634
f 542/542/542 634/634/634 633/633/633
f 543/543/543 544/544/544 635/635/635
f 543/543/543 635/635/635 634/634/634
f 544/544/544 545/545/545 636/636/636
f 544/544/544 636/636/636 635/635/635
f 545/545/545 546/546/546 637/637/637
f 545/545/545 637/637/637 636/636/636
f 547/547/547 548/548/548 639/639/639
f 547/547/547 639/639/639 638/638/638
f 548/548/548 549/549/549 640/640/640
f 548/548/548 640/640/640 639/639/639
f 549/549/549 550/550/550 641/641/641
f 549/549/549 641/641/641 640/640/640
f 550/550/550 551/551/551 642/642/642
f 550/550/550 642/642/642 641/641/641
f 551/551/551 552/552/552 643/643/643
f 551/551/551 643/643/643 642/642/642
f 552/552/552 553/553/553 644/644/644
f 552/552/552 644/644/644 643/643/643
f 553/553/553 554/554/554 645/645/645
f 553/553/553 645/645/645 644/644/644
f 554/554/554 555/555/555 646/646/646
f 554/554/554 646/646/646 645/645/645
f 555/555/555 556/556/556 647/647/647
f 555/555/555 647/647/647 646/646/646
f 556/556/556 557/557/557 648/648/648
f 556/556/556 648/648/648 647/647/647
f 557/557/557 558/558/558 649/649/649
f 557/557/557 649/649/649 648/648/648
f 558/558/558 559/559/559 650/650/650
f 558/558/558 650/650/650 649/649/649
f 559/559/559 560/560/560 651/651/651
f 559/559/559 651/651/651 650/650/650
f 560/560/560 561/561/561 652/652/652
f 560/560/560 652/652/652 651/651/651
f 561/561/561 562/562/562 653/653/653
f 561/561/561 653/653/653 652/652/652
f 562/562/562 563/563/563 654/654/654
f 562/562/562 654/654/654 653/653/653
f 563/563/563 564/564/564 655/655/655
f 563/563/563 655/655/655 654/654/654
f 564/564/564 565/565/565 656/656/656
f 564/564/564 656/656/656 655/655/655
f 565/565/565 566/566/566 657/657/657
f 565/565/565 657/657/657 656/656/656
f 566/566/566 567/567/567 658/658/658
f 566/566/566 658/658/658 657/657/657
f 567/567/567 568/568/568 659/659/659
f 567/567/567 659/659/659 658/658/658
f 568/568/568 569/569/569 660/660/660
f 568/568/568 660/660/660 659/659/659
f 569/569/569 570/570/570 661/661/661
f 569/569/569 661/661/661 660/660/660
f 570/570/570 571/571/571 662/662/662
f 570/570/570 662/662/662 661/661/661
f 571/571/571 572/572/572 663/663/663
f 571/571/571 663/663/663 662/662/662
f 572/572/572 573/573/573 664/664/664
f 572/572/572 664/664/664 663/663/663
f 573/573/573 574/574/574 665/665/665
f 573/573/573 665/665/665 664/664/664
f 574/574/574 575/575/575 666/666/666
f 574/574/574 666/666/666 665/665/665
f 575/575/575 576/576/576 667/667/667
f 575/575/575 667/667/667 666/666/666
f 576/576/576 577/577/577 668/668/668
f 576/576/576 668/668/668 667/667/667
f 577/577/577 578/578/578 669/669/669
f 577/577/577 669/669/669 668/668/668
f 578/578/578 579/579/579 670/670/670
f 578/578/578 670/670/670 669/669/669
f 579/579/579 580/580/580 671/671/671
f 579/579/579 671/671/671 670/670/670
f 580/580/580 581/581/581 672/672/672
f 580/580/580 672/672/672 671/671/671
f 581/581/581 582/582/582 673/673/673
f 581/581/581 673/673/673 672/672/672
f 582/582/582 583/583/583 674/674/674
f 582/582/582 674/674/674 673/673/673
f 583/583/583 584/584/584 675/675/675
f 583/583/583 675/675/675 674/674/674
f 584/584/584 585/585/585 676/676/676
f 584/584/584 676/676/676 675/675/675
f 585/585/585 586/586/586 677/677/677
f 585/585/585 677/677/677 676/676/676
f 586/586/586 587/587/587 678/678/678
f 586/586/586 678/678/678 677/677/677
f 587/587/587 588/588/588 679/679/679
f 587/587/587 679/679/679 678/678/678
f 588/588/588 589/589/589 680/680/680
f 588/588/588 680/680/680 679/679/679
f 589/589/589 590/590/590 681/681/681
f 589/589/589 681/681/681 680/680/680
f 590/590/590 591/591/591 682/682/682
f 590/590/590 682/682/682 681/681/681
f 591/591/591 592/592/592 683/683/683
f 591/591/591 683/683/683 682/682/682
f 592/592/592 593/593/593 684/684/684
f 592/592/592 684/684/684 683/683/683
f 593/593/593 594/594/594 685/685/685
f 593/593/593 685/685/685 684/684/684
f 594/594/594 595/595/595 686/686/686
f 594/594/594 686/686/686 685/685/685
f 595/595/595 596/596/596 687/687/687
f 595/595/595 687/687/687 686/686/686
f 596/596/596 597/597/597 688/688/688
f 596/596/596 688/688/688 687/687/687
f 597/597/597 598/598/598 689/689/689
f 597/597/597 689/689/689 688/688/688
f 598/598/598 599/599/599 690/690/690
f 598/598/598 690/690/690 689/689/689
f 599/599/599 600/600/600 691/691/691
f 599/599/599 691/691/691 690/690/690
f 600/600/600 601/601/601 692/692/692
f 600/600/600 692/692/692 691/691/691
f 601/601/601 602/602/602 693/693/693
f 601/601/601 693/693/693 692/692/692
f 602/602/602 603/603/603 694/694/694
f 602/602/602 694/694/694 693/693/693
f 603/603/603 604/604/604 695/695/695
f 603/603/603 695/695/695 694/694/694
f 604/604/604 605/605/605 696/696/696
f 604/604/604 696/696/696 695/695/695
f 605/605/605 606/606/606 697/697/697
f 605/605/605 697/697/697 696/696/696
f 606/606/606 607/607/607 698/698/698
f 606/606/606 698/698/698 697/697/697
f 607/607/607 608/608/608 699/699/699
f 607/607/607 699/699/699 698/698/698
f 608/608/608 609/609/609 700/700/700
f 608/608/608 700/700/700 699/699/699
f 609/609/609 610/610/610 701/701/701
f 609/609/609 701/701/701 700/700/700
f 610/610/610 611/611/611 702/702/702
f 610/610/610 702/702/702 701/701/701
f 611/611/611 612/612/612 703/703/703
f 611/611/611 703/703/703 702/702/702
f 612/612/612 613/613/613 704/704/704
f 612/612/612 704/704/704 703/703/703
f 613/613/613 614/614/614 705/705/705
f 613/613/613 705/705/705 704/704/704
f 614/614/614 615/615/615 706/706/706
f 614/614/614 706/706/706 705/705/705
f 615/615/615 616/616/616 707/707/707
f 615/615/615 707/707/707 706/706/706
f 616/616/616 617/617/617 708/708/708
f 616/616/616 708/708/708 707/707/707
f 617/617/617 618/618/618 709/709/709
f 617/617/617 709/709/709 708/708/708
f 618/618/618 619/619/619 710/710/710
f 618/618/618 710/710/710 709/709/709
f 619/619/619 620/620/620 711/711/711
f 619/619/619 711/711/711 710/710/710
f 620/620/620 621/621/621 712/712/712
f 620/620/620 712/712/712 711/711/711
f 621/621/621 622/622/622 713/713/713
f 621/621/621 713/713/713 712/712/712
f 622/622/622 623/623/623 714/714/714
f 622/622/622 714/714/714 713/713/713
f 623/623/623 624/624/624 715/715/715
f 623/623/623 715/715/715 714/714/714
f 624/624/624 625/625/625 716/716/716
f 624/624/624 716/716/716 715/715/715
f 625/625/625 626/626/626 717/717/717
f 625/625/625 717/717/717 716/716/716
f 626/626/626 627/627/627 718/718/718
f 626/626/626 718/718/718 717/717/717
f 627/627/627 628/628/628 719/719/719
f 627/627/627 719/719/719 718/718/718
f 628/628/628 629/629/629 720/720/720
f 628/628/628 720/720/720 719/719/719
f 629/629/629 630/630/630 721/721/721
f 629/629/629 721/721/721 720/720/720
f 630/630/630 631/631/631 722/722/722
f 630/630/630 722/722/722 721/721/721
f 631/631/631 632/632/632 723/723/723
f 631/631/631 723/723/723 722/722/722
f 632/632/632 633/633/633 724/724/724
f 632/632/632 724/724/724 723/723/723
f 633/633/633 634/634/634 725/725/725
f 633/633/633 725/725/725 724/724/724
f 634/634/634 635/635/635 726/726/726
f 634/634/634 726/726/726 725/725/725
f 635/635/635 636/636/636 727/727/727
f 635/635/635 727/727/727 726/726/726
f 636/636/636 637/637/637 728/728/728
f 636/636/636 728/728/728 727/727/727
f 638/638/638 639/639/639 730/730/730
f 638/638/638 730/730/730 729/729/729
f 639/639/639 640/640/640 731/731/731
f 639/639/639 731/731/731 730/730/730
f 640/640/640 641/641/641 732/732/732
f 640/640/640 732/732/732 731/731/731
f 641/641/641 642/642/642 733/733/733
f 641/641/641 733/733/733 732/732/732
f 642/642/642 643/643/643 734/734/734
f 642/642/642 734/734/734 733/733/733
f 643/643/643 644/644/644 735/735/735
f 643/643/643 735/735/735 734/734/734
f 644/644/644 645/645/645 736/736/736
f 644/644/644 736/736/736 735/735/735
f 645/645/645 646/646/646 737/737/737
f 645/645/645 737/737/737 736/736/736
f 646/646/646 647/647/647 738/738/738
f 646/646/646 738/738/738 737/737/737
f 647/647/647 648/648/648 739/739/739
f 647/647/647 739/739/739 738/738/738
f 648/648/648 649/649/649 740/740/740
f 648/648/648 740/740/740 739/739/739
f 649/649/649 650/650/650 741/741/741
f 649/649/649 741/741/741 740/740/740
f 650/650/650 651/651/651 742/742/742
f 650/650/650 742/742/742 741/741/741
f 651/651/651 652/652/652 743/743/743
f 651/651/651 743/743/743 742/742/742
f 652/652/652 653/653/653 744/744/744
f 652/652/652 744/744/744 743/743/743
f 653/653/653 654/654/654 745/745/745
f 653/653/653 745/745/745 744/744/744
f 654/654/654 655/655/655 746/746/746
f 654/654/654 746/746/746 745/745/745
f 655/655/655 656/656/656 747/747/747
f 655/655/655 747/747/747 746/746/746
f 656/656/656 657/657/657 748/748/748
f 656/656/656 748/748/748 747/747/747
f 657/657/657 658/658/658 749/749/749
f 657/657/657 749/749/749 748/748/748
f 658/658/658 659/659/659 750/750/750
f 658/658/658 750/750/750 749/749/749
f 659/659/659 660/660/660 751/751/751
f 659/659/659 751/751/751 750/750/750
f 660/660/660 661/661/661 752/752/752
f 660/660/660 752/752/752 751/751/751
f 661/661/661 662/662/662 753/753/753
f 661/661/661 753/753/753 752/752/752
f 662/662/662 663/663/663 754/754/754
f 662/662/662 754/754/754 753/753/753
f 663/663/663 664/664/664 755/755/755
f 663/663/663 755/755/755 754/754/754
f 664/664/664 665/665/665 756/756/756
f 664/664/664 756/756/756 755/755/755
f 665/665/665 666/666/666 757/757/757
f 665/665/665 757/757/757 756/756/756
f 666/666/666 667/667/667 758/758/758
f 666/666/666 758/758/758 757/757/757
f 667/667/667 668/668/668 759/759/759
f 667/667/667 759/759/759 758/758/758
f 668/668/668 669/669/669 760/760/760
f 668/668/668 760/760/760 759/759/759
f 669/669/669 670/670/670 761/761/761
f 669/669/669 761/761/761 760/760/760
f 670/670/670 671/671/671 762/762/762
f 670/670/670 762/762/762 761/761/761
f 671/671/671 672/672/672 763/763/763
f 671/671/671 763/763/763 762/762/762
f 672/672/672 673/673/673 764/764/764
f 672/672/672 764/764/764 763/763/763
f 673/673/673 674/674/674 765/765/765
f 673/673/673 765/765/765 764/764/764
f 674/674/674 675/675/675 766/766/766
f 674/674/674 766/766/766 765/765/765
f 675/675/675 676/676/676 767/767/767
f 675/675/675 767/767/767 766/766/766
f 676/676/676 677/677/677 768/768/768
f 676/676/676 768/768/768 767/767/767
f 677/677/677 678/678/678 769/769/769
f 677/677/677 769/769/769 768/768/768
f 678/678/678 679/679/679 770/770/770
f 678/678/678 770/770/770 769/769/769
f 679/679/679 680/680/680 771/771/771
f 679/679/679 771/771/771 770/770/770
f 680/680/680 681/681/681 772/772/772
f 680/680/680 772/772/772 771/771/771
f 681/681/681 682/682/682 773/773/773
f 681/681/681 773/773/773 772/772/772
f 682/682/682 683/683/683 774/774/774
f 682/682/682 774/774/774 773/773/773
f 683/683/683 684/684/684 775/775/775
f 683/683/683 775/775/775 774/774/774
f 684/684/684 685/685/685 776/776/776
f 684/684/684 776/776/776 775/775/775
f 685/685/685 686/686/686 777/777/777
f 685/685/685 777/777/777 776/776/776
f 686/686/686 687/687/687 778/778/778
f 686/686/686 778/778/778 777/777/777
f 687/687/687 688/688/688 779/779/779
f 687/687/687 779/779/779 778/778/778
f 688/688/688 689/689/689 780/780/780
f 688/688/688 780/780/780 779/779/779
f 689/689/689 690/690/690 781/781/781
f 689/689/689 781/781/781 780/780/780
f 690/690/690 691/691/691 782/782/782
f 690/690/690 782/782/782 781/781/781
f 691/691/691 692/692/692 783/783/783
f 691/691/691 783/783/783 782/782/782
f 692/692/692 693/693/693 784/784/784
f 692/692/692 784/784/784 783/783/783
f 693/693/693 694/694/694 785/785/785
f 693/693/693 785/785/785 784/784/784
f 694/694/694 695/695/695 786/786/786
f 694/694/694 786/786/786 785/785/785
f 695/695/695 696/696/696 787/787/787
f 695/695/695 787/787/787 786/786/786
f 696/696/696 697/697/697 788/788/788
f 696/696/696 788/788/788 787/787/787
f 697/697/697 698/698/698 789/789/789
f 697/697/697 789/789/789 788/788/788
f 698/698/698 699/699/699 790/790/790
f 698/698/698 790/790/790 789/789/789
f 699/699/699 700/700/700 791/791/791
f 699/699/699 791/791/791 790/790/790
f 700/700/700 701/701/701 792/792/792
f 700/700/700 792/792/792 791/791/791
f 701/701/701 702/702/702 793/793/793
f 701/701/701 793/793/793 792/792/792
f 702/702/702 703/703/703 794/794/794
f 702/702/702 794/794/794 793/793/793
f 703/703/703 704/704/704 795/795/795
f 703/703/703 795/795/795 794/794/794
f 704/704/704 705/705/705 796/796/796
f 704/704/704 796/796/796 795/795/795
f 705/705/705 706/706/706 797/797/797
f 705/705/705 797/797/797 796/796/796
f 706/706/706 707/707/707 798/798/798
f 706/706/706 798/798/798 797/797/797
f 707/707/707 708/708/708 799/799/799
f 707/707/707 799/799/799 798/798/798
f 708/708/708 709/709/709 800/800/800
f 708/708/708 800/800/800 799/799/799
f 709/709/709 710/710/710 801/801/801
f 709/709/709 801/801/801 800/800/800
f 710/710/710 711/711/711 802/802/802
f 710/710/710 802/802/802 801/801/801
f 711/711/711 712/712/712 803/803/803
f 711/711/711 803/803/803 802/802/802
f 712/712/712 713/713/713 804/804/804
f 712/712/712 804/804/804 803/803/803
f 713/713/713 714/714/714 805/805/805
f 713/713/713 805/805/805 804/804/804
f 714/714/714 715/715/715 806/806/806
f 714/714/714 806/806/806 805/805/805
f 715/715/715 716/716/716 807/807/807
f 715/715/715 807/807/807 806/806/806
f 716/716/716 717/717/717 808/808/808
f 716/716/716 808/808/808 807/807/807
f 717/717/717 718/718/718 809/809/809
f 717/717/717 809/809/809 808/808/808
f 718/718/718 719/719/719 810/810/810
f 718/718/718 810/810/810 809/809/809
f 719/719/719 720/720/720 811/811/811
f 719/719/719 811/811/811 810/810/810
f 720/720/720 721/721/721 812/812/812
f 720/720/720 812/812/812 811/811/811
f 721/721/721 722/722/722 813/813/813
f 721/721/721 813/813/813 812/812/812
f 722/722/722 723/723/723 814/814/814
f 722/722/722 814/814/814 813/813/813
f 723/723/723 724/724/724 815/815/815
f 723/723/723 815/815/815 814/814/814
f 724/724/724 725/725/725 816/816/816
f 724/724/724 816/816/816 815/815/815
f 725/725/725 726/726/726 817/817/817
f 725/725/725 817/817/817 816/816/816
f 726/726/726 727/727/727 818/818/818
f 726/726/726 818/818/818 817/817/817
f 727/727/727 728/728/728 819/819/819
f 727/727/727 819/819/819 818/818/818
f 729/729/729 730/730/730 821/821/821
f 729/729/729 821/821/821 820/820/820
f 730/730/730 731/731/731 822/822/822
f 730/730/730 822/822/822 821/821/821
f 731/731/731 732/732/732 823/823/823
f 731/731/731 823/823/823 822/822/822
f 732/732/732 733/733/733 824/824/824
f 732/732/732 824/824/824 823/823/823
f 733/733/733 734/734/734 825/825/825
f 733/733/733 825/825/825 824/824/824
f 734/734/734 735/735/735 826/826/826
f 734/734/734 826/826/826 825/825/825
f 735/735/735 736/736/736 827/827/827
f 735/735/735 827/827/827 826/826/826
f 736/736/736 737/737/737 828/828/828
f 736/736/736 828/828/828 827/827/827
f 737/737/737 738/738/738 829/829/829
f 737/737/737 829/829/829 828/828/828
f 738/738/738 739/739/739 830/830/830
f 738/738/738 830/830/830 829/829/829
f 739/739/739 740/740/740 831/831/831
f 739/739/739 831/831/831 830/830/830
f 740/740/740 741/741/741 832/832/832
f 740/740/740 832/832/832 831/831/831
f 741/741/741 742/742/742 833/833/833
f 741/741/741 833/833/833 832/832/832
f 742/742/742 743/743/743 834/834/834
f 742/742/742 834/834/834 833/833/833
f 743/743/743 744/744/744 835/835/835
f 743/743/743 835/835/835 834/834/834
f 744/744/744 745/745/745 836/836/836
f 744/744/744 836/836/836 835/835/835
f 745/745/745 746/746/746 837/837/837
f 745/745/745 837/837/837 836/836/836
f 746/746/746 747/747/747 838/838/838
f 746/746/746 838/838/838 837/837/837
f 747/747/747 748/748/748 839/839/839
f 747/747/747 839/839/839 838/838/838
f 748/748/748 749/749/749 840/840/840
f 748/748/748 840/840/840 839/839/839
f 749/749/749 750/750/750 841/841/841
f 749/749/749 841/841/841 840/840/840
f 750/750/750 751/751/751 842/842/842
f 750/750/750 842/842/842 841/841/841
f 751/751/751 752/752/752 843/843/843
f 751/751/751 843/843/843 842/842/842
f 752/752/752 753/753/753 844/844/844
f 752/752/752 844/844/844 843/843/843
f 753/753/753 754/754/754 845/845/845
f 753/753/753 845/845/845 844/844/844
f 754/754/754 755/755/755 846/846/846
f 754/754/754 846/846/846 845/845/845
f 755/755/755 756/756/756 847/847/847
f 755/755/755 847/847/847 846/846/846
f 756/756/756 757/757/757 848/848/848
f 756/756/756 848/848/848 847/847/847
f 757/757/757 758/758/758 849/849/849
f 757/757/757 849/849/849 848/848/848
f 758/758/758 759/759/759 850/850/850
f 758/758/758 850/850/850 849/849/849
f 759/759/759 760/760/760 851/851/851
f 759/759/759 851/851/851 850/850/850
f 760/760/760 761/761/761 852/852/852
f 760/760/760 852/852/852 851/851/851
f 761/761/761 762/762/762 853/853/853
f 761/761/761 853/853/853 852/852/852
f 762/762/762 763/763/763 854/854/854
f 762/762/762 854/854/854 853/853/853
f 763/763/763 764/764/764 855/855/855
f 763/763/763 855/855/855 854/854/854
f 764/764/764 765/765/765 856/856/856
f 764/764/764 856/856/856 855/855/855
f 765/765/765 766/766/766 857/857/857
f 765/765/765 857/857/857 856/856/856
f 766/766/766 767/767/767 858/858/858
f 766/766/766 858/858/858 857/857/857
f 767/767/767 768/768/768 859/859/859
f 767/767/767 859/859/859 858/858/858
f 768/768/768 769/769/769 860/860/860
f 768/768/768 860/860/860 859/859/859
f 769/769/769 770/770/770 861/861/861
f 769/769/769 861/861/861 860/860/860
f 770/770/770 771/771/771 862/862/862
f 770/770/770 862/862/862 861/861/861
f 771/771/771 772/772/772 863/863/863
f 771/771/771 863/863/863 862/862/862
f 772/772/772 773/773/773 864/864/864
f 772/772/772 864/864/864 863/863/863
f 773/773/773 774/774/774 865/865/865
f 773/773/773 865/865/865 864/864/864
f 774/774/774 775/775/775 866/866/866
f 774/774/774 866/866/866 865/865/865
f 775/775/775 776/776/776 867/867/867
f 775/775/775 867/867/867 866/866/866
f 776/776/776 777/777/777 868/868/868
f 776/776/776 868/868/868 867/867/867
f 777/777/777 778/778/778 869/869/869
f 777/777/777 869/869/869 868/868/868
f 778/778/778 779/779/779 870/870/870
f 778/778/778 870/870/870 869/869/869
f 779/779/779 780/780/780 871/871/871
f 779/779/779 871/871/871 870/870/870
f 780/780/780 781/781/781 872/872/872
f 780/780/780 872/872/872 871/871/871
f 781/781/781 782/782/782 873/873/873
f 781/781/781 873/873/873 872/872/872
f 782/782/782 783/783/783 874/874/874
f 782/782/782 874/874/874 873/873/873
f 783/783/783 784/784/784 875/875/875
f 783/783/783 875/875/875 874/874/874
f 784/784/784 785/785/785 876/876/876
f 784/784/784 876/876/876 875/875/875
f 785/785/785 786/786/786 877/877/877
f 785/785/785 877/877/877 876/876/876
f 786/786/786 787/787/787 878/878/878
f 786/786/786 878/878/878 877/877/877
f 787/787/787 788/788/788 879/879/879
f 787/787/787 879/879/879 878/878/878
f 788/788/788 789/789/789 880/880/880
f 788/788/788 880/880/880 879/879/879
f 789/789/789 790/790/790 881/881/881
f 789/789/789 881/881/881 880/880/880
f 790/790/790 791/791/791 882/882/882
f 790/790/790 882/882/882 881/881/881
f 791/791/791 792/792/792 883/883/883
f 791/791/791 883/883/883 882/882/882
f 792/792/792 793/793/793 884/884/884
f 792/792/792 884/884/884 883/883/883
f 793/793/793 794/794/794 885/885/885
f 793/793/793 885/885/885 884/884/884
f 794/794/794 795/795/795 886/886/886
f 794/794/794 886/886/886 885/885/885
f 795/795/795 796/796/796 887/887/887
f 795/795/795 887/887/887 886/886/886
f 796/796/796 797/797/797 888/888/888
f 796/796/796 888/888/888 887/887/887
f 797/797/797 798/798/798 889/889/889
f 797/797/797 889/889/889 888/888/888
f 798/798/798 799/799/799 890/890/890
f 798/798/798 890/890/890 889/889/889
f 799/799/799 800/800/800 891/891/891
f 799/799/799 891/891/891 890/890/890
f 800/800/800 801/801/801 892/892/892
f 800/800/800 892/892/892 891/891/891
f 801/801/801 802/802/802 893/893/893
f 801/801/801 893/893/893 892/892/892
f 802/802/802 803/803/803 894/894/894
f 802/802/802 894/894/894 893/893/893
f 803/803/803 804/804/804 895/895/895
f 803/803/803 895/895/895 894/894/894
f 804/804/804 805/805/805 896/896/896
f 804/804/804 896/896/896 895/895/895
f 805/805/805 806/806/806 897/897/897
f 805/805/805 897/897/897 896/896/896
f 806/806/806 807/807/807 898/898/898
f 806/806/806 898/898/898 897/897/897
f 807/807/807 808/808/808 899/899/899
f 807/807/807 899/899/899 898/898/898
f 808/808/808 809/809/809 900/900/900
f 808/808/808 900/900/900 899/899/899
f 809/809/809 810/810/810 901/901/901
f 809/809/809 901/901/901 900/900/900
f 810/810/810 811/811/811 902/902/902
f 810/810/810 902/902/902 901/901/901
f 811/811/811 812/812/812 903/903/903
f 811/811/811 903/903/903 902/902/902
f 812/812/812 813/813/813 904/904/904
f 812/812/812 904/904/904 903/903/903
f 813/813/813 814/814/814 905/905/905
f 813/813/813 905/905/905 904/904/904
f 814/814/814 815/815/815 906/906/906
f 814/814/814 906/906/906 905/905/905
f 815/815/815 816/816/816 907/907/907
f 815/815/815 907/907/907 906/906/906
f 816/816/816 817/817/817 908/908/908
f 816/816/816 908/908/908 907/907/907
f 817/817/817 818/818/818 909/909/909
f 817/817/817 909/909/909 908/908/908
f 818/818/818 819/819/819 910/910/910
f 818/818/818 910/910/910 909/909/909
f 820/820/820 821/821/821 912/912/912
f 820/820/820 912/912/912 911/911/911
f 821/821/821 822/822/822 913/913/913
f 821/821/821 913/913/913 912/912/912
f 822/822/822 823/823/823 914/914/914
f 822/822/822 914/914/914 913/913/913
f 823/823/823 824/824/824 915/915/915
f 823/823/823 915/915/915 914/914/914
f 824/824/824 825/825/825 916/916/916
f 824/824/824 916/916/916 915/915/915
f 825/825/825 826/826/826 917/917/917
f 825/825/825 917/917/917 916/916/916
f 826/826/826 827/827/827 918/918/918
f 826/826/826 918/918/918 917/917/917
f 827/827/827 828/828/828 919/919/919
f 827/827/827 919/919/919 918/918/918
f 828/828/828 829/829/829 920/920/920
f 828/828/828 920/920/920 919/919/919
f 829/829/829 830/830/830 921/921/921
f 829/829/829 921/921/921 920/920/920
f 830/830/830 831/831/831 922/922/922
f 830/830/830 922/922/922 921/921/921
f 831/831/831 832/832/832 923/923/923
f 831/831/831 923/923/923 922/922/922
f 832/832/832 833/833/833 924/924/924
f 832/832/832 924/924/924 923/923/923
f 833/833/833 834/834/834 925/925/925
f 833/833/833 925/925/925 924/924/924
f 834/834/834 835/835/835 926/926/926
f 834/834/834 926/926/926 925/925/925
f 835/835/835 836/836/836 927/927/927
f 835/835/835 927/927/927 926/926/926
f 836/836/836 837/837/837 928/928/928
f 836/836/836 928/928/928 927/927/927
f 837/837/837 838/838/838 929/929/929
f 837/837/837 929/929/929 928/928/928
f 838/838/838 839/839/839 930/930/930
f 838/838/838 930/930/930 929/929/929
f 839/839/839 840/840/840 931/931/931
f 839/839/839 931/931/931 930/930/930
f 840/840/840 841/841/841 932/932/932
f 840/840/840 932/932/932 931/931/931
f 841/841/841 842/842/842 933/933/933
f 841/841/841 933/933/933 932/932/932
f 842/842/842 843/843/843 934/934/934
f 842/842/842 934/934/934 933/933/933
f 843/843/843 844/844/844 935/935/935
f 843/843/843 935/935/935 934/934/934
f 844/844/844 845/845/845 936/936/936
f 844/844/844 936/936/936 935/935/935
f 845/845/845 846/846/846 937/937/937
f 845/845/845 937/937/937 936/936/936
f 846/846/846 847/847/847 938/938/938
f 846/846/846 938/938/938 937/937/937
f 847/847/847 848/848/848 939/939/939
f 847/847/847 939/939/939 938/938/938
f 848/848/848 849/849/849 940/940/940
f 848/848/848 940/940/940 939/939/939
f 849/849/849 850/850/850 941/941/941
f 849/849/849 941/941/941 940/940/940
f 850/850/850 851/851/851 942/942/942
f 850/850/850 942/942/942 941/941/941
f 851/851/851 852/852/852 943/943/943
f 851/851/851 943/943/943 942/942/942
f 852/852/852 853/853/853 944/944/944
f 852/852/852 944/944/944 943/943/943
f 853/853/853 854/854/854 945/945/945
f 853/853/853 945/945/945 944/944/944
f 854/854/854 855/855/855 946/946/946
f 854/854/854 946/946/946 945/945/945
f 855/855/855 856/856/856 947/947/947
f 855/855/855 947/947/947 946/946/946
f 856/856/856 857/857/857 948/948/948
f 856/856/856 948/948/948 947/947/947
f 857/857/857 858/858/858 949/949/949
f 857/857/857 949/949/949 948/948/948
f 858/858/858 859/859/859 950/950/950
f 858/858/858 950/950/950 949/949/949
f 859/859/859 860/860/860 951/951/951
f 859/859/859 951/951/951 950/950/950
f 860/860/860 861/861/861 952/952/952
f 860/860/860 952/952/952 951/951/951
f 861/861/861 862/862/862 953/953/953
f 861/861/861 953/953/953 952/952/952
f 862/862/862 863/863/863 954/954/954
f 862/862/862 954/954/954 953/953/953
f 863/863/863 864/864/864 955/955/955
f 863/863/863 955/955/955 954/954/954
f 864/864/864 865/865/865 956/956/956
f 864/864/864 956/956/956 955/955/955
f 865/865/865 866/866/866 957/957/957
f 865/865/865 957/957/957 956/956/956
f 866/866/866 867/867/867 958/958/958
f 866/866/866 958/958/958 957/957/957
f 867/867/867 868/868/868 959/959/959
f 867/867/867 959/959/959 958/958/958
f 868/868/868 869/869/869 960/960/960
f 868/868/868 960/960/960 959/959/959
f 869/869/869 870/870/870 961/961/961
f 869/869/869 961/961/961 960/960/960
f 870/870/870 871/871/871 962/962/962
f 870/870/870 962/962/962 961/961/961
f 871/871/871 872/872/872 963/963/963
f 871/871/871 963/963/963 962/962/962
f 872/872/872 873/873/873 964/964/964
f 872/872/872 964/964/964 963/963/963
f 873/873/873 874/874/874 965/965/965
f 873/873/873 965/965/965 964/964/964
f 874/874/874 875/875/875 966/966/966
f 874/874/874 966/966/966 965/965/965
f 875/875/875 876/876/876 967/967/967
f 875/875/875 967/967/967 966/966/966
f 876/876/876 877/877/877 968/968/968
f 876/876/876 968/968/968 967/967/967
f 877/877/877 878/878/878 969/969/969
f 877/877/877 969/969/969 968/968/968
f 878/878/878 879/879/879 970/970/970
f 878/878/878 970/970/970 969/969/969
f 879/879/879 880/880/880 971/971/971
f 879/879/879 971/971/971 970/970/970
f 880/880/880 881/881/881 972/972/972
f 880/880/880 972/972/972 971/971/971
f 881/881/881 882/882/882 973/973/973
f 881/881/881 973/973/973 972/972/972
f 882/882/882 883/883/883 974/974/974
f 882/882/882 974/974/974 973/973/973
f 883/883/883 884/884/884 975/975/975
f 883/883/883 975/975/975 974/974/974
f 884/884/884 885/885/885 976/976/976
f 884/884/884 976/976/976 975/975/975
f 885/885/885 886/886/886 977/977/977
f 885/885/885 977/977/977 976/976/976
f 886/886/886 887/887/887 978/978/978
f 886/886/886 978/978/978 977/977/977
f 887/887/887 888/888/888 979/979/979
f 887/887/887 979/979/979 978/978/978
f 888/888/888 889/889/889 980/980/980
f 888/888/888 980/980/980 979/979/979
f 889/889/889 890/890/890 981/981/981
f 889/889/889 981/981/981 980/980/980
f 890/890/890 891/891/891 982/982/982
f 890/890/890 982/982/982 981/981/981
f 891/891/891 892/892/892 983/983/983
f 891/891/891 983/983/983 982/982/982
f 892/892/892 893/893/893 984/984/984
f 892/892/892 984/984/984 983/983/983
f 893/893/893 894/894/894 985/985/985
f 893/893/893 985/985/985 984/984/984
f 894/894/894 895/895/895 986/986/986
f 894/894/894 986/986/986 985/985/985
f 895/895/895 896/896/896 987/987/987
f 895/895/895 987/987/987 986/986/986
f 896/896/896 897/897/897 988/988/988
f 896/896/896 988/988/988 987/987/987
f 897/897/897 898/898/898 989/989/989
f 897/897/897 989/989/989 988/988/988
f 898/898/898 899/899/899 990/990/990
f 898/898/898 990/990/990 989/989/989
f 899/899/899 900/900/900 991/991/991
f 899/899/899 991/991/991 990/990/990
f 900/900/900 901/901/901 992/992/992
f 900/900/900 992/992/992 991/991/991
f 901/901/901 902/902/902 993/993/993
f 901/901/901 993/993/993 992/992/992
f 902/902/902 903/903/903 994/994/994
f 902/902/902 994/994/994 993/993/993
f 903/903/903 904/904/904 995/995/995
f 903/903/903 995/995/995 994/994/994
f 904/904/904 905/905/905 996/996/996
f 904/904/904 996/996/996 995/995/995
f 905/905/905 906/906/906 997/997/997
f 905/905/905 997/997/997 996/996/996
f 906/906/906 907/907/907 998/998/998
f 906/906/906 998/998/998 997/997/997
f 907/907/907 908/908/908 999/999/999
f 907/907/907 999/999/999 998/998/998
f 908/908/908 909/909/909 1000/1000/1000
f 908/908/908 1000/1000/1000 999/999/999
f 909/909/909 910/910/910 1001/1001/1001
f 909/909/909 1001/1001/1001 1000/1000/1000
f 1002/1002/1002 1094/1094/1094 1003/1003/1003
f 1002/1002/1002 1093/1093/1093 1094/1094/1094
f 1003/1003/1003 1095/1095/1095 1004/1004/1004
f 1003/1003/1003 1094/1094/1094 1095/1095/1095
f 1004/1004/1004 1096/1096/1096 1005/1005/1005
f 1004/1004/1004 1095/1095/1095 1096/1096/1096
f 1005/1005/1005 1097/1097/1097 1006/1006/1006
f 1005/1005/1005 1096/1096/1096 1097/1097/1097
f 1006/1006/1006 1098/1098/1098 1007/1007/1007
f 1006/1006/1006 1097/1097/1097 1098/1098/1098
f 1007/1007/1007 1099/1099/1099 1008/1008/1008
f 1007/1007/1007 1098/1098/1098 1099/1099/1099
f 1008/1008/1008 1100/1100/1100 1009/1009/1009
f 1008/1008/1008 1099/1099/1099 1100/1100/1100
f 1009/1009/1009 1101/1101/1101 1010/1010/1010
f 1009/1009/1009 1100/1100/1100 1101/1101/1101
f 1010/1010/1010 1102/1102/1102 1011/1011/1011
f 1010/1010/1010 1101/1101/1101 1102/1102/1102
f 1011/1011/1011 1103/1103/1103 1012/1012/1012
f 1011/1011/1011 1102/1102/1102 1103/1103/1103
f 1012/1012/1012 1104/1104/1104 1013/1013/1013
f 1012/1012/1012 1103/1103/1103 1104/1104/1104
f 1013/1013/1013 1105/1105/1105 1014/1014/1014
f 1013/1013/1013 1104/1104/1104 1105/1105/1105
f 1014/1014/1014 1106/1106/1106 1015/1015/1015
f 1014/1014/1014 1105/1105/1105 1106/1106/1106
f 1015/1015/1015 1107/1107/1107 1016/1016/1016
f 1015/1015/1015 1106/1106/1106 1107/1107/1107
f 1016/1016/1016 1108/1108/1108 1017/1017/1017
f 1016/1016/1016 1107/1107/1107 1108/1108/1108
f 1017/1017/1017 1109/1109/1109 1018/1018/1018
f 1017/1017/1017 1108/1108/1108 1109/1109/1109
f 1018/1018/1018 1110/1110/1110 1019/1019/1019
f 1018/1018/1018 1109/1109/1109 1110/1110/1110
f 1019/1019/1019 1111/1111/1111 1020/1020/1020
f 1019/1019/1019 1110/1110/1110 1111/1111/1111
f 1020/1020/1020 1112/1112/1112 1021/1021/1021
f 1020/1020/1020 1111/1111/1111 1112/1112/1112
f 1021/1021/1021 1113/1113/1113 1022/1022/1022
f 1021/1021/1021 1112/1112/1112 1113/1113/1113
f 1022/1022/1022 1114/1114/1114 1023/1023/1023
f 1022/1022/1022 1113/1113/1113 1114/1114/1114
f 1023/1023/1023 1115/1115/1115 1024/1024/1024
f 1023/1023/1023 1114/1114/1114 1115/1115/1115
f 1024/1024/1024 1116/1116/1116 1025/1025/1025
f 1024/1024/1024 1115/1115/1115 1116/1116/1116
f 1025/1025/1025 1117/1117/1117 1026/1026/1026
f 1025/1025/1025 1116/1116/1116 1117/1117/1117
f 1026/1026/1026 1118/1118/1118 1027/1027/1027
f 1026/1026/1026 1117/1117/1117 1118/1118/1118
f 1027/1027/1027 1119/1119/1119 1028/1028/1028
f 1027/1027/1027 1118/1118/1118 1119/1119/1119
f 1028/1028/1028 1120/1120/1120 1029/1029/1029
f 1028/1028/1028 1119/1119/1119 1120/1120/1120
f 1029/1029/1029 1121/1121/1121 1030/1030/1030
f 1029/1029/1029 1120/1120/1120 1121/1121/1121
f 1030/1030/1030 1122/1122/1122 1031/1031/1031
f 1030/1030/1030 1121/1121/1121 1122/1122/1122
f 1031/1031/1031 1123/1123/1123 1032/1032/1032
f 1031/1031/1031 1122/1122/1122 1123/1123/1123
f 1032/1032/1032 1124/1124/1124 1033/1033/1033
f 1032/1032/1032 1123/1123/1123 1124/1124/1124
f 1033/1033/1033 1125/1125/1125 1034/1034/1034
f 1033/1033/1033 1124/1124/1124 1125/1125/1125
f 1034/1034/1034 1126/1126/1126 1035/1035/1035
f 1034/1034/1034 1125/1125/1125 1126/1126/1126
f 1035/1035/1035 1127/1127/1127 1036/1036/1036
f 1035/1035/1035 1126/1126/1126 1127/1127/1127
f 1036/1036/1036 1128/1128/1128 1037/1037/1037
f 1036/1036/1036 1127/1127/1127 1128/1128/1128
f 1037/1037/1037 1129/1129/1129 1038/1038/1038
f 1037/1037/1037 1128/1128/1128 1129/1129/1129
f 1038/1038/1038 1130/1130/1130 1039/1039/1039
f 1038/1038/1038 1129/1129/1129 1130/1130/1130
f 1039/1039/1039 1131/1131/1131 1040/1040/1040
f 1039/1039/1039 1130/1130/1130 1131/1131/1131
f 1040/1040/1040 1132/1132/1132 1041/1041/1041
f 1040/1040/1040 1131/1131/1131 1132/1132/1132
f 1041/1041/1041 1133/1133/1133 1042/1042/1042
f 1041/1041/1041 1132/1132/1132 1133/1133/1133
f 1042/1042/1042 1134/1134/1134 1043/1043/1043
f 1042/1042/1042 1133/1133/1133 1134/1134/1134
f 1043/1043/1043 1135/1135/1135 1044/1044/1044
f 1043/1043/1043 1134/1134/1134 1135/1135/1135
f 1044/1044/1044 1136/1136/1136 1045/1045/1045
f 1044/1044/1044 1135/1135/1135 1136/1136/1136
f 1045/1045/1045 1137/1137/1137 1046/1046/1046
f 1045/1045/1045 1136/1136/1136 1137/1137/1137
f 1046/1046/1046 1138/1138/1138 1047/1047/1047
f 1046/1046/1046 1137/1137/1137 1138/1138/1138
f 1047/1047/1047 1139/1139/1139 1048/1048/1048
f 1047/1047/1047 1138/1138/1138 1139/1139/1139
f 1048/1048/1048 1140/1140/1140 1049/1049/1049
f 1048/1048/1048 1139/1139/1139 1140/1140/1140
f 1049/1049/1049 1141/1141/1141 1050/1050/1050
f 1049/1049/1049 1140/1140/1140 1141/1141/1141
f 1050/1050/1050 1142/1142/1142 1051/1051/1051
f 1050/1050/1050 1141/1141/1141 1142/1142/1142
f 1051/1051/1051 1143/1143/1143 1052/1052/1052
f 1051/1051/1051 1142/1142/1142 1143/1143/1143
f 1052/1052/1052 1144/1144/1144 1053/1053/1053
f 1052/1052/1052 1143/1143/1143 1144/1144/1144
f 1053/1053/1053 1145/1145/1145 1054/1054/1054
f 1053/1053/1053 1144/1144/1144 1145/1145/1145
f 1054/1054/1054 1146/1146/1146 1055/1055/1055
f 1054/1054/1054 1145/1145/1145 1146/1146/1146
f 1055/1055/1055 1147/1147/1147 1056/1056/1056
f 1055/1055/1055 1146/1146/1146 1147/1147/1147
f 1056/1056/1056 1148/1148/1148 1057/1057/1057
f 1056/1056/1056 1147/1147/1147 1148/1148/1148
f 1057/1057/1057 1149/1149/1149 1058/1058/1058
f 1057/1057/1057 1148/1148/1148 1149/1149/1149
f 1058/1058/1058 1150/1150/1150 1059/1059/1059
f 1058/1058/1058 1149/1149/1149 1150/1150/1150
f 1059/1059/1059 1151/1151/1151 1060/1060/1060
f 1059/1059/1059 1150/1150/1150 1151/1151/1151
f 1060/1060/1060 1152/1152/1152 1061/1061/1061
f 1060/1060/1060 1151/1151/1151 1152/1152/1152
f 1061/1061/1061 1153/1153/1153 1062/1062/1062
f 1061/1061/1061 1152/1152/1152 1153/1153/1153
f 1062/1062/1062 1154/1154/1154 1063/1063/1063
f 1062/1062/1062 1153/1153/1153 1154/1154/1154
f 1063/1063/1063 1155/1155/1155 1064/1064/1064
f 1063/1063/1063 1154/1154/1154 1155/1155/1155
f 1064/1064/1064 1156/1156/1156 1065/1065/1065
f 1064/1064/1064 1155/1155/1155 1156/1156/1156
f 1065/1065/1065 1157/1157/1157 1066/1066/1066
f 1065/1065/1065 1156/1156/1156 1157/1157/1157
f 1066/1066/1066 1158/1158/1158 1067/1067/1067
f 1066/1066/1066 1157/1157/1157 1158/1158/1158
f 1067/1067/1067 1159/1159/1159 1068/1068/1068
f 1067/1067/1067 1158/1158/1158 1159/1159/1159
f 1068/1068/1068 1160/1160/1160 1069/1069/1069
f 1068/1068/1068 1159/1159/1159 1160/1160/1160
f 1069/1069/1069 1161/1161/1161 1070/1070/1070
f 1069/1069/1069 1160/1160/1160 1161/1161/1161
f 1070/1070/1070 1162/1162/1162 1071/1071/1071
f 1070/1070/1070 1161/1161/1161 1162/1162/1162
f 1071/1071/1071 1163/1163/1163 1072/1072/1072
f 1071/1071/1071 1162/1162/1162 1163/1163/1163
f 1072/1072/1072 1164/1164/1164 1073/1073/1073
f 1072/1072/1072 1163/1163/1163 1164/1164/1164
f 1073/1073/1073 1165/1165/1165 1074/1074/1074
f 1073/1073/1073 1164/1164/1164 1165/1165/1165
f 1074/1074/1074 1166/1166/1166 1075/1075/1075
f 1074/1074/1074 1165/1165/1165 1166/1166/1166
f 1075/1075/1075 1167/1167/1167 1076/1076/1076
f 1075/1075/1075 1166/1166/1166 1167/1167/1167
f 1076/1076/1076 1168/1168/1168 1077/1077/1077
f 1076/1076/1076 1167/1167/1167 1168/1168/1168
f 1077/1077/1077 1169/1169/1169 1078/1078/1078
f 1077/1077/1077 1168/1168/1168 1169/1169/1169
f 1078/1078/1078 1170/1170/1170 1079/1079/1079
f 1078/1078/1078 1169/1169/1169 1170/1170/1170
f 1079/1079/1079 1171/1171/1171 1080/1080/1080
f 1079/1079/1079 1170/1170/1170 1171/1171/1171
f 1080/1080/1080 1172/1172/1172 1081/1081/1081
f 1080/1080/1080 1171/1171/1171 1172/1172/1172
f 1081/1081/1081 1173/1173/1173 1082/1082/1082
f 1081/1081/1081 1172/1172/1172 1173/1173/1173
f 1082/1082/1082 1174/1174/1174 1083/1083/1083
f 1082/1082/1082 1173/1173/1173 1174/1174/1174
f 1083/1083/1083 1175/1175/1175 1084/1084/1084
f 1083/1083/1083 1174/1174/1174 1175/1175/1175
f 1084/1084/1084 1176/1176/1176 1085/1085/1085
f 1084/1084/1084 1175/1175/1175 1176/1176/1176
f 1085/1085/1085 1177/1177/1177 1086/1086/1086
f 1085/1085/1085 1176/1176/1176 1177/1177/1177
f 1086/1086/1086 1178/1178/1178 1087/1087/1087
f 1086/1086/1086 1177/1177/1177 1178/1178/1178
f 1087/1087/1087 1179/1179/1179 1088/1088/1088
f 1087/1087/1087 1178/1178/1178 1179/1179/1179
f 1088/1088/1088 1180/1180/1180 1089/1089/1089
f 1088/1088/1088 1179/1179/1179 1180/1180/1180
f 1089/1089/1089 1181/1181/1181 1090/1090/1090
f 1089/1089/1089 1180/1180/1180 1181/1181/1181
f 1090/1090/1090 1182/1182/1182 1091/1091/1091
f 1090/1090/1090 1181/1181/1181 1182/1182/1182
f 1091/1091/1091 1183/1183/1183 1092/1092/1092
f 1091/1091/1091 1182/1182/1182 1183/1183/1183
f 1093/1093/1093 1185/1185/1185 1094/1094/1094
f 1093/1093/1093 1184/1184/1184 1185/1185/1185
f 1094/1094/1094 1186/1186/1186 1095/1095/1095
f 1094/1094/1094 1185/1185/1185 1186/1186/1186
f 1095/1095/1095 1187/1187/1187 1096/1096/1096
f 1095/1095/1095 1186/1186/1186 1187/1187/1187
f 1096/1096/1096 1188/1188/1188 1097/1097/1097
f 1096/1096/1096 1187/1187/1187 1188/1188/1188
f 1097/1097/1097 1189/1189/1189 1098/1098/1098
f 1097/1097/1097 1188/1188/1188 1189/1189/1189
f 1098/1098/1098 1190/1190/1190 1099/1099/1099
f 1098/1098/1098 1189/1189/1189 1190/1190/1190
f 1099/1099/1099 1191/1191/1191 1100/1100/1100
f 1099/1099/1099 1190/1190/1190 1191/1191/1191
f 1100/1100/1100 1192/1192/1192 1101/1101/1101
f 1100/1100/1100 1191/1191/1191 1192/1192/1192
f 1101/1101/1101 1193/1193/1193 1102/1102/1102
f 1101/1101/1101 1192/1192/1192 1193/1193/1193
f 1102/1102/1102 1194/1194/1194 1103/1103/1103
f 1102/1102/1102 1193/1193/1193 1194/1194/1194
f 1103/1103/1103 1195/1195/1195 1104/1104/1104
f 1103/1103/1103 1194/1194/1194 1195/1195/1195
f 1104/1104/1104 1196/1196/1196 1105/1105/1105
f 1104/1104/1104 1195/1195/1195 1196/1196/1196
f 1105/1105/1105 1197/1197/1197 1106/1106/1106
f 1105/1105/1105 1196/1196/1196 1197/1197/1197
f 1106/1106/1106 1198/1198/1198 1107/1107/1107
f 1106/1106/1106 1197/1197/1197 1198/1198/1198
f 1107/1107/1107 1199/1199/1199 1108/1108/1108
f 1107/1107/1107 1198/1198/1198 1199/1199/1199
f 1108/1108/1108 1200/1200/1200 1109/1109/1109
f 1108/1108/1108 1199/1199/1199 1200/1200/1200
f 1109/1109/1109 1201/1201/1201 1110/1110/1110
f 1109/1109/1109 1200/1200/1200 1201/1201/1201
f 1110/1110/1110 1202/1202/1202 1111/1111/1111
f 1110/1110/1110 1201/1201/1201 1202/1202/1202
f 1111/1111/1111 1203/1203/1203 1112/1112/1112
f 1111/1111/1111 1202/1202/1202 1203/1203/1203
f 1112/1112/1112 1204/1204/1204 1113/1113/1113
f 1112/1112/1112 1203/1203/1203 1204/1204/1204
f 1113/1113/1113 1205/1205/1205 1114/1114/1114
f 1113/1113/1113 1204/1204/1204 1205/1205/1205
f 1114/1114/1114 1206/1206/1206 1115/1115/1115
f 1114/1114/1114 1205/1205/1205 1206/1206/1206
f 1115/1115/1115 1207/1207/1207 1116/1116/1116
f 1115/1115/1115 1206/1206/1206 1207/1207/1207
f 1116/1116/1116 1208/1208/1208 1117/1117/1117
f 1116/1116/1116 1207/1207/1207 1208/1208/1208
f 1117/1117/1117 1209/1209/1209 1118/1118/1118
f 1117/1117/1117 1208/1208/1208 1209/1209/1209
f 1118/1118/1118 1210/1210/1210 1119/1119/1119
f 1118/1118/1118 1209/1209/1209 1210/1210/1210
f 1119/1119/1119 1211/1211/1211 1120/1120/1120
f 1119/1119/1119 1210/1210/1210 1211/1211/1211
f 1120/1120/1120 1212/1212/1212 1121/1121/1121
f 1120/1120/1120 1211/1211/1211 1212/1212/1212
f 1121/1121/1121 1213/1213/1213 1122/1122/1122
f 1121/1121/1121 1212/1212/1212 1213/1213/1213
f 1122/1122/1122 1214/1214/1214 1123/1123/1123
f 1122/1122/1122 1213/1213/1213 1214/1214/1214
f 1123/1123/1123 1215/1215/1215 1124/1124/1124
f 1123/1123/1123 1214/1214/1214 1215/1215/1215
f 1124/1124/1124 1216/1216/1216 1125/1125/1125
f 1124/1124/1124 1215/1215/1215 1216/1216/1216
f 1125/1125/1125 1217/1217/1217 1126/1126/1126
f 1125/1125/1125 1216/1216/1216 1217/1217/1217
f 1126/1126/1126 1218/1218/1218 1127/1127/1127
f 1126/1126/1126 1217/1217/1217 1218/1218/1218
f 1127/1127/1127 1219/1219/1219 1128/1128/1128
f 1127/1127/1127 1218/1218/1218 1219/1219/1219
f 1128/1128/1128 1220/1220/1220 1129/1129/1129
f 1128/1128/1128 1219/1219/1219 1220/1220/1220
f 1129/1129/1129 1221/1221/1221 1130/1130/1130
f 1129/1129/1129 1220/1220/1220 1221/1221/1221
f 1130/1130/1130 1222/1222/1222 1131/1131/1131
f 1130/1130/1130 1221/1221/1221 1222/1222/1222
f 1131/1131/1131 1223/1223/1223 1132/1132/1132
f 1131/1131/1131 1222/1222/1222 1223/1223/1223
f 1132/1132/1132 1224/1224/1224 1133/1133/1133
f 1132/1132/1132 1223/1223/1223 1224/1224/1224
f 1133/1133/1133 1225/1225/1225 1134/1134/1134
f 1133/1133/1133 1224/1224/1224 1225/1225/1225
f 1134/1134/1134 1226/1226/1226 1135/1135/1135
f 1134/1134/1134 1225/1225/1225 1226/1226/1226
f 1135/1135/1135 1227/1227/1227 1136/1136/1136
f 1135/1135/1135 1226/1226/1226 1227/1227/1227
f 1136/1136/1136 1228/1228/1228 1137/1137/1137
f 1136/1136/1136 1227/1227/1227 1228/1228/1228
f 1137/1137/1137 1229/1229/1229 1138/1138/1138
f 1137/1137/1137 1228/1228/1228 1229/1229/1229
f 1138/1138/1138 1230/1230/1230 1139/1139/1139
f 1138/1138/1138 1229/1229/1229 1230/1230/1230
f 1139/1139/1139 1231/1231/1231 1140/1140/1140
f 1139/1139/1139 1230/1230/1230 1231/1231/1231
f 1140/1140/1140 1232/1232/1232 1141/1141/1141
f 1140/1140/1140 1231/1231/1231 1232/1232/1232
f 1141/1141/1141 1233/1233/1233 1142/1142/1142
f 1141/1141/1141 1232/1232/1232 1233/1233/1233
f 1142/1142/1142 1234/1234/1234 1143/1143/1143
f 1142/1142/1142 1233/1233/1233 1234/1234/1234
f 1143/1143/1143 1235/1235/1235 1144/1144/1144
f 1143/1143/1143 1234/1234/1234 1235/1235/1235
f 1144/1144/1144 1236/1236/1236 1145/1145/1145
f 1144/1144/1144 1235/1235/1235 1236/1236/1236
f 1145/1145/1145 1237/1237/1237 1146/1146/1146
f 1145/1145/1145 1236/1236/1236 1237/1237/1237
f 1146/1146/1146 1238/1238/1238 1147/1147/1147
f 1146/1146/1146 1237/1237/1237 1238/1238/1238
f 1147/1147/1147 1239/1239/1239 1148/1148/1148
f 1147/1147/1147 1238/1238/1238 1239/1239/1239
f 1148/1148/1148 1240/1240/1240 1149/1149/1149
f 1148/1148/1148 1239/1239/1239 1240/1240/1240
f 1149/1149/1149 1241/1241/1241 1150/1150/1150
f 1149/1149/1149 1240/1240/1240 1241/1241/1241
f 1150/1150/1150 1242/1242/1242 1151/1151/1151
f 1150/1150/1150 1241/1241/1241 1242/1242/1242
f 1151/1151/1151 1243/1243/1243 1152/1152/1152
f 1151/1151/1151 1242/1242/1242 1243/1243/1243
f 1152/1152/1152 1244/1244/1244 1153/1153/1153
f 1152/1152/1152 1243/1243/1243 1244/1244/1244
f 1153/1153/1153 1245/1245/1245 1154/1154/1154
f 1153/1153/1153 1244/1244/1244 1245/1245/1245
f 1154/1154/1154 1246/1246/1246 1155/1155/1155
f 1154/1154/1154 1245/1245/1245 1246/1246/1246
f 1155/1155/1155 1247/1247/1247 1156/1156/1156
f 1155/1155/1155 1246/1246/1246 1247/1247/1247
f 1156/1156/1156 1248/1248/1248 1157/1157/1157
f 1156/1156/1156 1247/1247/1247 1248/1248/1248
f 1157/1157/1157 1249/1249/1249 1158/1158/1158
f 1157/1157/1157 1248/1248/1248 1249/1249/1249
f 1158/1158/1158 1250/1250/1250 1159/1159/1159
f 1158/1158/1158 1249/1249/1249 1250/1250/1250
f 1159/1159/1159 1251/1251/1251 1160/1160/1160
f 1159/1159/1159 1250/1250/1250 1251/1251/1251
f 1160/1160/1160 1252/1252/1252 1161/1161/1161
f 1160/1160/1160 1251/1251/1251 1252/1252/1252
f 1161/1161/1161 1253/1253/1253 1162/1162/1162
f 1161/1161/1161 1252/1252/1252 1253/1253/1253
f 1162/1162/1162 1254/1254/1254 1163/1163/1163
f 1162/1162/1162 1253/1253/1253 1254/1254/1254
f 1163/1163/1163 1255/1255/1255 1164/1164/1164
f 1163/1163/1163 1254/1254/1254 1255/1255/1255
f 1164/1164/1164 1256/1256/1256 1165/1165/1165
f 1164/1164/1164 1255/1255/1255 1256/1256/1256
f 1165/1165/1165 1257/1257/1257 1166/1166/1166
f 1165/1165/1165 1256/1256/1256 1257/1257/1257
f 1166/1166/1166 1258/1258/1258 1167/1167/1167
f 1166/1166/1166 1257/1257/1257 1258/1258/1258
f 1167/1167/1167 1259/1259/1259 1168/1168/1168
f 1167/1167/1167 1258/1258/1258 1259/1259/1259
f 1168/1168/1168 1260/1260/1260 1169/1169/1169
f 1168/1168/1168 1259/1259/1259 1260/1260/1260
f 1169/1169/1169 1261/1261/1261 1170/1170/1170
f 1169/1169/1169 1260/1260/1260 1261/1261/1261
f 1170/1170/1170 1262/1262/1262 1171/1171/1171
f 1170/1170/1170 1261/1261/1261 1262/1262/1262
f 1171/1171/1171 1263/1263/1263 1172/1172/1172
f 1171/1171/1171 1262/1262/1262 1263/1263/1263
f 1172/1172/1172 1264/1264/1264 1173/1173/1173
f 1172/1172/1172 1263/1263/1263 1264/1264/1264
f 1173/1173/1173 1265/1265/1265 1174/1174/1174
f 1173/1173/1173 1264/1264/1264 1265/1265/1265
f 1174/1174/1174 1266/1266/1266 1175/1175/1175
f 1174/1174/1174 1265/1265/1265 1266/1266/1266
f 1175/1175/1175 1267/1267/1267 1176/1176/1176
f 1175/1175/1175 1266/1266/1266 1267/1267/1267
f 1176/1176/1176 1268/1268/1268 1177/1177/1177
f 1176/1176/1176 1267/1267/1267 1268/1268/1268
f 1177/1177/1177 1269/1269/1269 1178/1178/1178
f 1177/1177/1177 1268/1268/1268 1269/1269/1269
f 1178/1178/1178 1270/1270/1270 1179/1179/1179
f 1178/1178/1178 1269/1269/1269 1270/1270/1270
f 1179/1179/1179 1271/1271/1271 1180/1180/1180
f 1179/1179/1179 1270/1270/1270 1271/1271/1271
f 1180/1180/1180 1272/1272/1272 1181/1181/1181
f 1180/1180/1180 1271/1271/1271 1272/1272/1272
f 1181/1181/1181 1273/1273/1273 1182/1182/1182
f 1181/1181/1181 1272/1272/1272 1273/1273/1273
f 1182/1182/1182 1274/1274/1274 1183/1183/1183
f 1182/1182/1182 1273/1273/1273 1274/1274/1274
f 1184/1184/1184 1276/1276/1276 1185/1185/1185
f 1184/1184/1184 1275/1275/1275 1276/1276/1276
f 1185/1185/1185 1277/1277/1277 1186/1186/1186
f 1185/1185/1185 1276/1276/1276 1277/1277/1277
f 1186/1186/1186 1278/1278/1278 1187/1187/1187
f 1186/1186/1186 1277/1277/1277 1278/1278/1278
f 1187/1187/1187 1279/1279/1279 1188/1188/1188
f 1187/1187/1187 1278/1278/1278 1279/1279/1279
f 1188/1188/1188 1280/1280/1280 1189/1189/1189
f 1188/1188/1188 1279/1279/1279 1280/1280/1280
f 1189/1189/1189 1281/1281/1281 1190/1190/1190
f 1189/1189/1189 1280/1280/1280 1281/1281/1281
f 1190/1190/1190 1282/1282/1282 1191/1191/1191
f 1190/1190/1190 1281/1281/1281 1282/1282/1282
f 1191/1191/1191 1283/1283/1283 1192/1192/1192
f 1191/1191/1191 1282/1282/1282 1283/1283/1283
f 1192/1192/1192 1284/1284/1284 1193/1193/1193
f 1192/1192/1192 1283/1283/1283 1284/1284/1284
f 1193/1193/1193 1285/1285/1285 1194/1194/1194
f 1193/1193/1193 1284/1284/1284 1285/1285/1285
f 1194/1194/1194 1286/1286/1286 1195/1195/1195
f 1194/1194/1194 1285/1285/1285 1286/1286/1286
f 1195/1195/1195 1287/1287/1287 1196/1196/1196
f 1195/1195/1195 1286/1286/1286 1287/1287/1287
f 1196/1196/1196 1288/1288/1288 1197/1197/1197
f 1196/1196/1196 1287/1287/1287 1288/1288/1288
f 1197/1197/1197 1289/1289/1289 1198/1198/1198
f 1197/1197/1197 1288/1288/1288 1289/1289/1289
f 1198/1198/1198 1290/1290/1290 1199/1199/1199
f 1198/1198/1198 1289/1289/1289 1290/1290/1290
f 1199/1199/1199 1291/1291/1291 1200/1200/1200
f 1199/1199/1199 1290/1290/1290 1291/1291/1291
f 1200/1200/1200 1292/1292/1292 1201/1201/1201
f 1200/1200/1200 1291/1291/1291 1292/1292/1292
f 1201/1201/1201 1293/1293/1293 1202/1202/1202
f 1201/1201/1201 1292/1292/1292 1293/1293/1293
f 1202/1202/1202 1294/1294/1294 1203/1203/1203
f 1202/1202/1202 1293/1293/1293 1294/1294/1294
f 1203/1203/1203 1295/1295/1295 1204/1204/1204
f 1203/1203/1203 1294/1294/1294 1295/1295/1295
f 1204/1204/1204 1296/1296/1296 1205/1205/1205
f 1204/1204/1204 1295/1295/1295 1296/1296/1296
f 1205/1205/1205 1297/1297/1297 1206/1206/1206
f 1205/1205/1205 1296/1296/1296 1297/1297/1297
f 1206/1206/1206 1298/1298/1298 1207/1207/1207
f 1206/1206/1206 1297/1297/1297 1298/1298/1298
f 1207/1207/1207 1299/1299/1299 1208/1208/1208
f 1207/1207/1207 1298/1298/1298 1299/1299/1299
f 1208/1208/1208 1300/1300/1300 1209/1209/1209
f 1208/1208/1208 1299/1299/1299 1300/1300/1300
f 1209/1209/1209 1301/1301/1301 1210/1210/1210
f 1209/1209/1209 1300/1300/1300 1301/1301/1301
f 1210/1210/1210 1302/1302/1302 1211/1211/1211
f 1210/1210/1210 1301/1301/1301 1302/1302/1302
f 1211/1211/1211 1303/1303/1303 1212/1212/1212
f 1211/1211/1211 1302/1302/1302 1303/1303/1303
f 1212/1212/1212 1304/1304/1304 1213/1213/1213
f 1212/1212/1212 1303/1303/1303 1304/1304/1304
f 1213/1213/1213 1305/1305/1305 1214/1214/1214
f 1213/1213/1213 1304/1304/1304 1305/1305/1305
f 1214/1214/1214 1306/1306/1306 1215/1215/1215
f 1214/1214/1214 1305/1305/1305 1306/1306/1306
f 1215/1215/1215 1307/1307/1307 1216/1216/1216
f 1215/1215/1215 1306/1306/1306 1307/1307/1307
f 1216/1216/1216 1308/1308/1308 1217/1217/1217
f 1216/1216/1216 1307/1307/1307 1308/1308/1308
f 1217/1217/1217 1309/1309/1309 1218/1218/1218
f 1217/1217/1217 1308/1308/1308 1309/1309/1309
f 1218/1218/1218 1310/1310/1310 1219/1219/1219
f 1218/1218/1218 1309/1309/1309 1310/1310/1310
f 1219/1219/1219 1311/1311/1311 1220/1220/1220
f 1219/1219/1219 1310/1310/1310 1311/1311/1311
f 1220/1220/1220 1312/1312/1312 1221/1221/1221
f 1220/1220/1220 1311/1311/1311 1312/1312/1312
f 1221/1221/1221 1313/1313/1313 1222/1222/1222
f 1221/1221/1221 1312/1312/1312 1313/1313/1313
f 1222/1222/1222 1314/1314/1314 1223/1223/1223
f 1222/1222/1222 1313/1313/1313 1314/1314/1314
f 1223/1223/1223 1315/1315/1315 1224/1224/1224
f 1223/1223/1223 1314/1314/1314 1315/1315/1315
f 1224/1224/1224 1316/1316/1316 1225/1225/1225
f 1224/1224/1224 1315/1315/1315 1316/1316/1316
f 1225/1225/1225 1317/1317/1317 1226/1226/1226
f 1225/1225/1225 1316/1316/1316 1317/1317/1317
f 1226/1226/1226 1318/1318/1318 1227/1227/1227
f 1226/1226/1226 1317/1317/1317 1318/1318/1318
f 1227/1227/1227 1319/1319/1319 1228/1228/1228
f 1227/1227/1227 1318/1318/1318 1319/1319/1319
f 1228/1228/1228 1320/1320/1320 1229/1229/1229
f 1228/1228/1228 1319/1319/1319 1320/1320/1320
f 1229/1229/1229 1321/1321/1321 1230/1230/1230
f 1229/1229/1229 1320/1320/1320 1321/1321/1321
f 1230/1230/1230 1322/1322/1322 1231/1231/1231
f 1230/1230/1230 1321/1321/1321 1322/1322/1322
f 1231/1231/1231 1323/1323/1323 1232/1232/1232
f 1231/1231/1231 1322/1322/1322 1323/1323/1323
f 1232/1232/1232 1324/1324/1324 1233/1233/1233
f 1232/1232/1232 1323/1323/1323 1324/1324/1324
f 1233/1233/1233 1325/1325/1325 1234/1234/1234
f 1233/1233/1233 1324/1324/1324 1325/1325/1325
f 1234/1234/1234 1326/1326/1326 1235/1235/1235
f 1234/1234/1234 1325/1325/1325 1326/1326/1326
f 1235/1235/1235 1327/1327/1327 1236/1236/1236
f 1235/1235/1235 1326/1326/1326 1327/1327/1327
f 1236/1236/1236 1328/1328/1328 1237/1237/1237
f 1236/1236/1236 1327/1327/1327 1328/1328/1328
f 1237/1237/1237 1329/1329/1329 1238/1238/1238
f 1237/1237/1237 1328/1328/1328 1329/1329/1329
f 1238/1238/1238 1330/1330/1330 1239/1239/1239
f 1238/1238/1238 1329/1329/1329 1330/1330/1330
f 1239/1239/1239 1331/1331/1331 1240/1240/1240
f 1239/1239/1239 1330/1330/1330 1331/1331/1331
f 1240/1240/1240 1332/1332/1332 1241/1241/1241
f 1240/1240/1240 1331/1331/1331 1332/1332/1332
f 1241/1241/1241 1333/1333/1333 1242/1242/1242
f 1241/1241/1241 1332/1332/1332 1333/1333/1333
f 1242/1242/1242 1334/1334/1334 1243/1243/1243
f 1242/1242/1242 1333/1333/1333 1334/1334/1334
f 1243/1243/1243 1335/1335/1335 1244/1244/1244
f 1243/1243/1243 1334/1334/1334 1335/1335/1335
f 1244/1244/1244 1336/1336/1336 1245/1245/1245
f 1244/1244/1244 1335/1335/1335 1336/1336/1336
f 1245/1245/1245 1337/1337/1337 1246/1246/1246
f 1245/1245/1245 1336/1336/1336 1337/1337/1337
f 1246/1246/1246 1338/1338/1338 1247/1247/1247
f 1246/1246/1246 1337/1337/1337 1338/1338/1338
f 1247/1247/1247 1339/1339/1339 1248/1248/1248
f 1247/1247/1247 1338/1338/1338 1339/1339/1339
f 1248/1248/1248 1340/1340/1340 1249/1249/1249
f 1248/1248/1248 1339/1339/1339 1340/1340/1340
f 1249/1249/1249 1341/1341/1341 1250/1250/1250
f 1249/1249/1249 1340/1340/1340 1341/1341/1341
f 1250/1250/1250 1342/1342/1342 1251/1251/1251
f 1250/1250/1250 1341/1341/1341 1342/1342/1342
f 1251/1251/1251 1343/1343/1343 1252/1252/1252
f 1251/1251/1251 1342/1342/1342 1343/1343/1343
f 1252/1252/1252 1344/1344/1344 1253/1253/1253
f 1252/1252/1252 1343/1343/1343 1344/1344/1344
f 1253/1253/1253 1345/1345/1345 1254/1254/1254
f 1253/1253/1253 1344/1344/1344 1345/1345/1345
f 1254/1254/1254 1346/1346/1346 1255/1255/1255
f 1254/1254/1254 1345/1345/1345 1346/1346/1346
f 1255/1255/1255 1347/1347/1347 1256/1256/1256
f 1255/1255/1255 1346/1346/1346 1347/1347/1347
f 1256/1256/1256 1348/1348/1348 1257/1257/1257
f 1256/1256/1256 1347/1347/1347 1348/1348/1348
f 1257/1257/1257 1349/1349/1349 1258/1258/1258
f 1257/1257/1257 1348/1348/1348 1349/1349/1349
f 1258/1258/1258 1350/1350/1350 1259/1259/1259
f 1258/1258/1258 1349/1349/1349 1350/1350/1350
f 1259/1259/1259 1351/1351/1351 1260/1260/1260
f 1259/1259/1259 1350/1350/1350 1351/1351/1351
f 1260/1260/1260 1352/1352/1352 1261/1261/1261
f 1260/1260/1260 1351/1351/1351 1352/1352/1352
f 1261/1261/1261 1353/1353/1353 1262/1262/1262
f 1261/1261/1261 1352/1352/1352 1353/1353/1353
f 1262/1262/1262 1354/1354/1354 1263/1263/1263
f 1262/1262/1262 1353/1353/1353 1354/1354/1354
f 1263/1263/1263 1355/1355/1355 1264/1264/1264
f 1263/1263/1263 1354/1354/1354 1355/1355/1355
f 1264/1264/1264 1356/1356/1356 1265/1265/1265
f 1264/1264/1264 1355/1355/1355 1356/1356/1356
f 1265/1265/1265 1357/1357/1357 1266/1266/1266
f 1265/1265/1265 1356/1356/1356 1357/1357/1357
f 1266/1266/1266 1358/1358/1358 1267/1267/1267
f 1266/1266/1266 1357/1357/1357 1358/1358/1358
f 1267/1267/1267 1359/1359/1359 1268/1268/1268
f 1267/1267/1267 1358/1358/1358 1359/1359/1359
f 1268/1268/1268 1360/1360/1360 1269/1269/1269
f 1268/1268/1268 1359/1359/1359 1360/1360/1360
f 1269/1269/1269 1361/1361/1361 1270/1270/1270
f 1269/1269/1269 1360/1360/1360 1361/1361/1361
f 1270/1270/1270 1362/1362/1362 1271/1271/1271
f 1270/1270/1270 1361/1361/1361 1362/1362/1362
f 1271/1271/1271 1363/1363/1363 1272/1272/1272
f 1271/1271/1271 1362/1362/1362 1363/1363/1363
f 1272/1272/1272 1364/1364/1364 1273/1273/1273
f 1272/1272/1272 1363/1363/1363 1364/1364/1364
f 1273/1273/1273 1365/1365/1365 1274/1274/1274
f 1273/1273/1273 1364/1364/1364 1365/1365/1365
f 1275/1275/1275 1367/1367/1367 1276/1276/1276
f 1275/1275/1275 1366/1366/1366 1367/1367/1367
f 1276/1276/1276 1368/1368/1368 1277/1277/1277
f 1276/1276/1276 1367/1367/1367 1368/1368/1368
f 1277/1277/1277 1369/1369/1369 1278/1278/1278
f 1277/1277/1277 1368/1368/1368 1369/1369/1369
f 1278/1278/1278 1370/1370/1370 1279/1279/1279
f 1278/1278/1278 1369/1369/1369 1370/1370/1370
f 1279/1279/1279 1371/1371/1371 1280/1280/1280
f 1279/1279/1279 1370/1370/1370 1371/1371/1371
f 1280/1280/1280 1372/1372/1372 1281/1281/1281
f 1280/1280/1280 1371/1371/1371 1372/1372/1372
f 1281/1281/1281 1373/1373/1373 1282/1282/1282
f 1281/1281/1281 1372/1372/1372 1373/1373/1373
f 1282/1282/1282 1374/1374/1374 1283/1283/1283
f 1282/1282/1282 1373/1373/1373 1374/1374/1374
f 1283/1283/1283 1375/1375/1375 1284/1284/1284
f 1283/1283/1283 1374/1374/1374 1375/1375/1375
f 1284/1284/1284 1376/1376/1376 1285/1285/1285
f 1284/1284/1284 1375/1375/1375 1376/1376/1376
f 1285/1285/1285 1377/1377/1377 1286/1286/1286
f 1285/1285/1285 1376/1376/1376 1377/1377/1377
f 1286/1286/1286 1378/1378/1378 1287/1287/1287
f 1286/1286/1286 1377/1377/1377 1378/1378/1378
f 1287/1287/1287 1379/1379/1379 1288/1288/1288
f 1287/1287/1287 1378/1378/1378 1379/1379/1379
f 1288/1288/1288 1380/1380/1380 1289/1289/1289
f 1288/1288/1288 1379/1379/1379 1380/1380/1380
f 1289/1289/1289 1381/1381/1381 1290/1290/1290
f 1289/1289/1289 1380/1380/1380 1381/1381/1381
f 1290/1290/1290 1382/1382/1382 1291/1291/1291
f 1290/1290/1290 1381/1381/1381 1382/1382/1382
f 1291/1291/1291 1383/1383/1383 1292/1292/1292
f 1291/1291/1291 1382/1382/1382 1383/1383/1383
f 1292/1292/1292 1384/1384/1384 1293/1293/1293
f 1292/1292/1292 1383/1383/1383 1384/1384/1384
f 1293/1293/1293 1385/1385/1385 1294/1294/1294
f 1293/1293/1293 1384/1384/1384 1385/1385/1385
f 1294/1294/1294 1386/1386/1386 1295/1295/1295
f 1294/1294/1294 1385/1385/1385 1386/1386/1386
f 1295/1295/1295 1387/1387/1387 1296/1296/1296
f 1295/1295/1295 1386/1386/1386 1387/1387/1387
f 1296/1296/1296 1388/1388/1388 1297/1297/1297
f 1296/1296/1296 1387/1387/1387 1388/1388/1388
f 1297/1297/1297 1389/1389/1389 1298/1298/1298
f 1297/1297/1297 1388/1388/1388 1389/1389/1389
f 1298/1298/1298 1390/1390/1390 1299/1299/1299
f 1298/1298/1298 1389/1389/1389 1390/1390/1390
f 1299/1299/1299 1391/1391/1391 1300/1300/1300
f 1299/1299/1299 1390/1390/1390 1391/1391/1391
f 1300/1300/1300 1392/1392/1392 1301/1301/1301
f 1300/1300/1300 1391/1391/1391 1392/1392/1392
f 1301/1301/1301 1393/1393/1393 1302/1302/1302
f 1301/1301/1301 1392/1392/1392 1393/1393/1393
f 1302/1302/1302 1394/1394/1394 1303/1303/1303
f 1302/1302/1302 1393/1393/1393 1394/1394/1394
f 1303/1303/1303 1395/1395/1395 1304/1304/1304
f 1303/1303/1303 1394/1394/1394 1395/1395/1395
f 1304/1304/1304 1396/1396/1396 1305/1305/1305
f 1304/1304/1304 1395/1395/1395 1396/1396/1396
f 1305/1305/1305 1397/1397/1397 1306/1306/1306
f 1305/1305/1305 1396/1396/1396 1397/1397/1397
f 1306/1306/1306 1398/1398/1398 1307/1307/1307
f 1306/1306/1306 1397/1397/1397 1398/1398/1398
f 1307/1307/1307 1399/1399/1399 1308/1308/1308
f 1307/1307/1307 1398/1398/1398 1399/1399/1399
f 1308/1308/1308 1400/1400/1400 1309/1309/1309
f 1308/1308/1308 1399/1399/1399 1400/1400/1400
f 1309/1309/1309 1401/1401/1401 1310/1310/1310
f 1309/1309/1309 1400/1400/1400 1401/1401/1401
f 1310/1310/1310 1402/1402/1402 1311/1311/1311
f 1310/1310/1310 1401/1401/1401 1402/1402/1402
f 1311/1311/1311 1403/1403/1403 1312/1312/1312
f 1311/1311/1311 1402/1402/1402 1403/1403/1403
f 1312/1312/1312 1404/1404/1404 1313/1313/1313
f 1312/1312/1312 1403/1403/1403 1404/1404/1404
f 1313/1313/1313 1405/1405/1405 1314/1314/1314
f 1313/1313/1313 1404/1404/1404 1405/1405/1405
f 1314/1314/1314 1406/1406/1406 1315/1315/1315
f 1314/1314/1314 1405/1405/1405 1406/1406/1406
f 1315/1315/1315 1407/1407/1407 1316/1316/1316
f 1315/1315/1315 1406/1406/1406 1407/1407/1407
f 1316/1316/1316 1408/1408/1408 1317/1317/1317
f 1316/1316/1316 1407/1407/1407 1408/1408/1408
f 1317/1317/1317 1409/1409/1409 1318/1318/1318
f 1317/1317/1317 1408/1408/1408 1409/1409/1409
f 1318/1318/1318 1410/1410/1410 1319/1319/1319
f 1318/1318/1318 1409/1409/1409 1410/1410/1410
f 1319/1319/1319 1411/1411/1411 1320/1320/1320
f 1319/1319/1319 1410/1410/1410 1411/1411/1411
f 1320/1320/1320 1412/1412/1412 1321/1321/1321
f 1320/1320/1320 1411/1411/1411 1412/1412/1412
f 1321/1321/1321 1413/1413/1413 1322/1322/1322
f 1321/1321/1321 1412/1412/1412 1413/1413/1413
f 1322/1322/1322 1414/1414/1414 1323/1323/1323
f 1322/1322/1322 1413/1413/1413 1414/1414/1414
f 1323/1323/1323 1415/1415/1415 1324/1324/1324
f 1323/1323/1323 1414/1414/1414 1415/1415/1415
f 1324/1324/1324 1416/1416/1416 1325/1325/1325
f 1324/1324/1324 1415/1415/1415 1416/1416/1416
f 1325/1325/1325 1417/1417/1417 1326/1326/1326
f 1325/1325/1325 1416/1416/1416 1417/1417/1417
f 1326/1326/1326 1418/1418/1418 1327/1327/1327
f 1326/1326/1326 1417/1417/1417 1418/1418/1418
f 1327/1327/1327 1419/1419/1419 1328/1328/1328
f 1327/1327/1327 1418/1418/1418 1419/1419/1419
f 1328/1328/1328 1420/1420/1420 1329/1329/1329
f 1328/1328/1328 1419/1419/1419 1420/1420/1420
f 1329/1329/1329 1421/1421/1421 1330/1330/1330
f 1329/1329/1329 1420/1420/1420 1421/1421/1421
f 1330/1330/1330 1422/1422/1422 1331/1331/1331
f 1330/1330/1330 1421/1421/1421 1422/1422/1422
f 1331/1331/1331 1423/1423/1423 1332/1332/1332
f 1331/1331/1331 1422/1422/1422 1423/1423/1423
f 1332/1332/1332 1424/1424/1424 1333/1333/1333
f 1332/1332/1332 1423/1423/1423 1424/1424/1424
f 1333/1333/1333 1425/1425/1425 1334/1334/1334
f 1333/1333/1333 1424/1424/1424 1425/1425/1425
f 1334/1334/1334 1426/1426/1426 1335/1335/1335
f 1334/1334/1334 1425/1425/1425 1426/1426/1426
f 1335/1335/1335 1427/1427/1427 1336/1336/1336
f 1335/1335/1335 1426/1426/1426 1427/1427/1427
f 1336/1336/1336 1428/1428/1428 1337/1337/1337
f 1336/1336/1336 1427/1427/1427 1428/1428/1428
f 1337/1337/1337 1429/1429/1429 1338/1338/1338
f 1337/1337/1337 1428/1428/1428 1429/1429/1429
f 1338/1338/1338 1430/1430/1430 1339/1339/1339
f 1338/1338/1338 1429/1429/1429 1430/1430/1430
f 1339/1339/1339 1431/1431/1431 1340/1340/1340
f 1339/1339/1339 1430/1430/1430 1431/1431/1431
f 1340/1340/1340 1432/1432/1432 1341/1341/1341
f 1340/1340/1340 1431/1431/1431 1432/1432/1432
f 1341/1341/1341 1433/1433/1433 1342/1342/1342
f 1341/1341/1341 1432/1432/1432 1433/1433/1433
f 1342/1342/1342 1434/1434/1434 1343/1343/1343
f 1342/1342/1342 1433/1433/1433 1434/1434/1434
f 1343/1343/1343 1435/1435/1435 1344/1344/1344
f 1343/1343/1343 1434/1434/1434 1435/1435/1435
f 1344/1344/1344 1436/1436/1436 1345/1345/1345
f 1344/1344/1344 1435/1435/1435 1436/1436/1436
f 1345/1345/1345 1437/1437/1437 1346/1346/1346
f 1345/1345/1345 1436/1436/1436 1437/1437/1437
f 1346/1346/1346 1438/1438/1438 1347/1347/1347
f 1346/1346/1346 1437/1437/1437 1438/1438/1438
f 1347/1347/1347 1439/1439/1439 1348/1348/1348
f 1347/1347/1347 1438/1438/1438 1439/1439/1439
f 1348/1348/1348 1440/1440/1440 1349/1349/1349
f 1348/1348/1348 1439/1439/1439 1440/1440/1440
f 1349/1349/1349 1441/1441/1441 1350/1350/1350
f 1349/1349/1349 1440/1440/1440 1441/1441/1441
f 1350/1350/1350 1442/1442/1442 1351/1351/1351
f 1350/1350/1350 1441/1441/1441 1442/1442/1442
f 1351/1351/1351 1443/1443/1443 1352/1352/1352
f 1351/1351/1351 1442/1442/1442 1443/1443/1443
f 1352/1352/1352 1444/1444/1444 1353/1353/1353
f 1352/1352/1352 1443/1443/1443 1444/1444/1444
f 1353/1353/1353 1445/1445/1445 1354/1354/1354
f 1353/1353/1353 1444/1444/1444 1445/1445/1445
f 1354/1354/1354 1446/1446/1446 1355/1355/1355
f 1354/1354/1354 1445/1445/1445 1446/1446/1446
f 1355/1355/1355 1447/1447/1447 1356/1356/1356
f 1355/1355/1355 1446/1446/1446 1447/1447/1447
f 1356/1356/1356 1448/1448/1448 1357/1357/1357
f 1356/1356/1356 1447/1447/1447 1448/1448/1448
f 1357/1357/1357 1449/1449/1449 1358/1358/1358
f 1357/1357/1357 1448/1448/1448 1449/1449/1449
f 1358/1358/1358 1450/1450/1450 1359/1359/1359
f 1358/1358/1358 1449/1449/1449 1450/1450/1450
f 1359/1359/1359 1451/1451/1451 1360/1360/1360
f 1359/1359/1359 1450/1450/1450 1451/1451/1451
f 1360/1360/1360 1452/1452/1452 1361/1361/1361
f 1360/1360/1360 1451/1451/1451 1452/1452/1452
f 1361/1361/1361 1453/1453/1453 1362/1362/1362
f 1361/1361/1361 1452/1452/1452 1453/1453/1453
f 1362/1362/1362 1454/1454/1454 1363/1363/1363
f 1362/1362/1362 1453/1453/1453 1454/1454/1454
f 1363/1363/1363 1455/1455/1455 1364/1364/1364
f 1363/1363/1363 1454/1454/1454 1455/1455/1455
f 1364/1364/1364 1456/1456/1456 1365/1365/1365
f 1364/1364/1364 1455/1455/1455 1456/1456/1456
