mtllib root_rock.mtl
o RootSpireColumn_HD
v 0.300000 -1.000000 0.000000
v 0.332700 -1.000000 0.037486
v 0.348701 -1.000000 0.079589
v 0.342341 -1.000000 0.119790
v 0.317723 -1.000000 0.153007
v 0.285083 -1.000000 0.179130
v 0.253823 -1.000000 0.202417
v 0.227132 -1.000000 0.227132
v 0.201655 -1.000000 0.252868
v 0.171855 -1.000000 0.273506
v 0.135365 -1.000000 0.281088
v 0.095200 -1.000000 0.272066
v 0.057362 -1.000000 0.251318
v 0.025982 -1.000000 0.230601
v 0.000000 -1.000000 0.222000
v -0.025982 -1.000000 0.230601
v -0.057362 -1.000000 0.251318
v -0.095200 -1.000000 0.272066
v -0.135365 -1.000000 0.281088
v -0.171855 -1.000000 0.273506
v -0.201655 -1.000000 0.252868
v -0.227132 -1.000000 0.227132
v -0.253823 -1.000000 0.202417
v -0.285083 -1.000000 0.179130
v -0.317723 -1.000000 0.153007
v -0.342341 -1.000000 0.119790
v -0.348701 -1.000000 0.079589
v -0.332700 -1.000000 0.037486
v -0.300000 -1.000000 0.000000
v -0.263527 -1.000000 -0.029692
v -0.236256 -1.000000 -0.053924
v -0.223989 -1.000000 -0.078377
v -0.222858 -1.000000 -0.107323
v -0.222951 -1.000000 -0.140089
v -0.215275 -1.000000 -0.171676
v -0.197132 -1.000000 -0.197132
v -0.172439 -1.000000 -0.216231
v -0.147364 -1.000000 -0.234529
v -0.124966 -1.000000 -0.259494
v -0.102968 -1.000000 -0.294264
v -0.076151 -1.000000 -0.333639
v -0.041196 -1.000000 -0.365627
v -0.000000 -1.000000 -0.378000
v 0.041196 -1.000000 -0.365627
v 0.076151 -1.000000 -0.333639
v 0.102968 -1.000000 -0.294264
v 0.124966 -1.000000 -0.259494
v 0.147364 -1.000000 -0.234529
v 0.172439 -1.000000 -0.216231
v 0.197132 -1.000000 -0.197132
v 0.215275 -1.000000 -0.171676
v 0.222951 -1.000000 -0.140089
v 0.222858 -1.000000 -0.107323
v 0.223989 -1.000000 -0.078377
v 0.236256 -1.000000 -0.053924
v 0.263527 -1.000000 -0.029692
v 0.325644 -0.976744 0.009090
v 0.355614 -0.976744 0.050153
v 0.365317 -0.976744 0.094179
v 0.351630 -0.976744 0.134167
v 0.321209 -0.976744 0.165882
v 0.285410 -0.976744 0.190646
v 0.252957 -0.976744 0.213541
v 0.225426 -0.976744 0.238373
v 0.198290 -0.976744 0.263402
v 0.166115 -0.976744 0.281514
v 0.127652 -0.976744 0.285164
v 0.086962 -0.976744 0.272706
v 0.050021 -0.976744 0.251286
v 0.019749 -0.976744 0.233738
v -0.006452 -0.976744 0.231129
v -0.034675 -0.976744 0.245870
v -0.069626 -0.976744 0.270079
v -0.110788 -0.976744 0.290359
v -0.152724 -0.976744 0.295730
v -0.189326 -0.976744 0.283434
v -0.218619 -0.976744 0.258972
v -0.244172 -0.976744 0.230910
v -0.271731 -0.976744 0.204559
v -0.303492 -0.976744 0.179084
v -0.334513 -0.976744 0.149742
v -0.354454 -0.976744 0.113030
v -0.353953 -0.976744 0.070458
v -0.331378 -0.976744 0.027999
v -0.295083 -0.976744 -0.008237
v -0.259270 -0.976744 -0.036565
v -0.235991 -0.976744 -0.060839
v -0.228541 -0.976744 -0.087201
v -0.230529 -0.976744 -0.119052
v -0.230956 -0.976744 -0.154272
v -0.221544 -0.976744 -0.187023
v -0.201242 -0.976744 -0.212800
v -0.175180 -0.976744 -0.232705
v -0.149460 -0.976744 -0.253289
v -0.126060 -0.976744 -0.281610
v -0.101696 -0.976744 -0.318911
v -0.071211 -0.976744 -0.357734
v -0.032532 -0.976744 -0.385026
v 0.010875 -0.976744 -0.389597
v 0.052042 -0.976744 -0.369014
v 0.085391 -0.976744 -0.331229
v 0.110580 -0.976744 -0.289812
v 0.132210 -0.976744 -0.256008
v 0.155592 -0.976744 -0.232932
v 0.181945 -0.976744 -0.215528
v 0.207000 -0.976744 -0.195758
v 0.224376 -0.976744 -0.168911
v 0.231311 -0.976744 -0.136492
v 0.232261 -0.976744 -0.103970
v 0.237163 -0.976744 -0.075628
v 0.255067 -0.976744 -0.050774
v 0.287386 -0.976744 -0.024282
v 0.349717 -0.953488 0.019539
v 0.375228 -0.953488 0.063643
v 0.377549 -0.953488 0.108653
v 0.356403 -0.953488 0.147508
v 0.320798 -0.953488 0.177179
v 0.282689 -0.953488 0.200457
v 0.249662 -0.953488 0.222984
v 0.221566 -0.953488 0.247789
v 0.192921 -0.953488 0.271732
v 0.158711 -0.953488 0.286972
v 0.118902 -0.953488 0.286824
v 0.078383 -0.953488 0.271781
v 0.042731 -0.953488 0.251060
v 0.013433 -0.953488 0.237975
v -0.013517 -0.953488 0.241923
v -0.044496 -0.953488 0.262338
v -0.083108 -0.953488 0.288784
v -0.127130 -0.953488 0.307167
v -0.170051 -0.953488 0.307892
v -0.206045 -0.953488 0.290569
v -0.234413 -0.953488 0.262459
v -0.259828 -0.953488 0.232330
v -0.287913 -0.953488 0.204409
v -0.319446 -0.953488 0.176671
v -0.347821 -0.953488 0.144189
v -0.362216 -0.953488 0.104465
v -0.354701 -0.953488 0.060370
v -0.326380 -0.953488 0.018423
v -0.288052 -0.953488 -0.016094
v -0.254542 -0.953488 -0.043174
v -0.236301 -0.953488 -0.068004
v -0.233807 -0.953488 -0.096768
v -0.238352 -0.953488 -0.131643
v -0.238368 -0.953488 -0.169028
v -0.226749 -0.953488 -0.202518
v -0.204209 -0.953488 -0.228378
v -0.176863 -0.953488 -0.249114
v -0.150431 -0.953488 -0.272001
v -0.125711 -0.953488 -0.303248
v -0.098625 -0.953488 -0.341968
v -0.064446 -0.953488 -0.378648
v -0.022565 -0.953488 -0.399774
v 0.022117 -0.953488 -0.395847
v 0.062321 -0.953488 -0.367431
v 0.093549 -0.953488 -0.325066
v 0.117146 -0.953488 -0.283044
v 0.138771 -0.953488 -0.251257
v 0.163441 -0.953488 -0.230487
v 0.191089 -0.953488 -0.213952
v 0.216340 -0.953488 -0.193444
v 0.232932 -0.953488 -0.165374
v 0.239527 -0.953488 -0.132471
v 0.242251 -0.953488 -0.100425
v 0.251533 -0.953488 -0.072543
v 0.275008 -0.953488 -0.046807
v 0.311369 -0.953488 -0.017575
v 0.369762 -0.930233 0.031029
v 0.389160 -0.930233 0.077235
v 0.383393 -0.930233 0.122017
v 0.355158 -0.930233 0.158740
v 0.315412 -0.930233 0.185874
v 0.276092 -0.930233 0.207595
v 0.243222 -0.930233 0.229749
v 0.214920 -0.930233 0.254295
v 0.185072 -0.930233 0.276724
v 0.149383 -0.930233 0.288855
v 0.109041 -0.930233 0.285289
v 0.069454 -0.930233 0.268774
v 0.035433 -0.930233 0.250206
v 0.006913 -0.930233 0.242669
v -0.021255 -0.930233 0.253286
v -0.055254 -0.930233 0.278406
v -0.097225 -0.930233 0.305494
v -0.143251 -0.930233 0.320504
v -0.186104 -0.930233 0.315802
v -0.220654 -0.930233 0.293460
v -0.247636 -0.930233 0.262158
v -0.272618 -0.930233 0.230406
v -0.300730 -0.930233 0.201128
v -0.331146 -0.930233 0.171254
v -0.355833 -0.930233 0.136003
v -0.364050 -0.930233 0.094074
v -0.349818 -0.930233 0.049539
v -0.317070 -0.930233 0.009032
v -0.278580 -0.930233 -0.023378
v -0.249013 -0.930233 -0.049421
v -0.236586 -0.930233 -0.075295
v -0.238831 -0.930233 -0.106747
v -0.245117 -0.930233 -0.144449
v -0.243928 -0.930233 -0.183411
v -0.229749 -0.930233 -0.217022
v -0.205055 -0.930233 -0.242623
v -0.176625 -0.930233 -0.264092
v -0.149488 -0.930233 -0.289058
v -0.123245 -0.930233 -0.322453
v -0.093326 -0.930233 -0.361154
v -0.055794 -0.930233 -0.393987
v -0.011614 -0.930233 -0.407688
v 0.033152 -0.930233 -0.395056
v 0.071402 -0.930233 -0.359767
v 0.100087 -0.930233 -0.314486
v 0.122236 -0.930233 -0.273485
v 0.144219 -0.930233 -0.244727
v 0.170352 -0.930233 -0.226560
v 0.199135 -0.930233 -0.210813
v 0.224300 -0.930233 -0.189569
v 0.240086 -0.930233 -0.160570
v 0.246766 -0.930233 -0.127617
v 0.251909 -0.930233 -0.096283
v 0.265878 -0.930233 -0.068706
v 0.294374 -0.930233 -0.041688
v 0.333286 -0.930233 -0.009494
v 0.383608 -0.906977 0.043000
v 0.395561 -0.906977 0.090046
v 0.381549 -0.906977 0.133265
v 0.347142 -0.906977 0.166930
v 0.304661 -0.906977 0.191188
v 0.265370 -0.906977 0.211377
v 0.233408 -0.906977 0.233142
v 0.205302 -0.906977 0.257138
v 0.174683 -0.906977 0.277655
v 0.138229 -0.906977 0.286617
v 0.098253 -0.906977 0.280278
v 0.060318 -0.906977 0.263575
v 0.028146 -0.906977 0.248522
v 0.000141 -0.906977 0.247224
v -0.029600 -0.906977 0.264065
v -0.066572 -0.906977 0.292442
v -0.111203 -0.906977 0.318385
v -0.158057 -0.906977 0.328690
v -0.199643 -0.906977 0.318134
v -0.231917 -0.906977 0.291156
v -0.257086 -0.906977 0.257380
v -0.281303 -0.906977 0.224595
v -0.308838 -0.906977 0.194302
v -0.337200 -0.906977 0.162625
v -0.357304 -0.906977 0.125256
v -0.359100 -0.906977 0.082178
v -0.338963 -0.906977 0.038388
v -0.303519 -0.906977 0.000174
v -0.266853 -0.906977 -0.029913
v -0.242647 -0.906977 -0.055237
v -0.236380 -0.906977 -0.082561
v -0.242736 -0.906977 -0.116725
v -0.249749 -0.906977 -0.156728
v -0.246600 -0.906977 -0.196426
v -0.229682 -0.906977 -0.229420
v -0.203087 -0.906977 -0.254365
v -0.173867 -0.906977 -0.276357
v -0.146100 -0.906977 -0.302937
v -0.118279 -0.906977 -0.337403
v -0.085695 -0.906977 -0.374466
v -0.045511 -0.906977 -0.401856
v -0.000233 -0.906977 -0.407312
v 0.043313 -0.906977 -0.386397
v 0.078711 -0.906977 -0.345766
v 0.104623 -0.906977 -0.299543
v 0.125598 -0.906977 -0.261188
v 0.148274 -0.906977 -0.236276
v 0.175886 -0.906977 -0.220813
v 0.205476 -0.906977 -0.205711
v 0.230200 -0.906977 -0.183793
v 0.245174 -0.906977 -0.154249
v 0.252353 -0.906977 -0.121705
v 0.260377 -0.906977 -0.091277
v 0.278942 -0.906977 -0.063834
v 0.311415 -0.906977 -0.035268
v 0.351016 -0.906977 -0.000201
v 0.389740 -0.883721 0.054738
v 0.393444 -0.883721 0.101190
v 0.371658 -0.883721 0.141565
v 0.332482 -0.883721 0.171464
v 0.288891 -0.883721 0.192732
v 0.250861 -0.883721 0.211526
v 0.220483 -0.883721 0.232879
v 0.192963 -0.883721 0.256021
v 0.162081 -0.883721 0.274319
v 0.125653 -0.883721 0.280268
v 0.086914 -0.883721 0.272019
v 0.051199 -0.883721 0.256439
v 0.020926 -0.883721 0.245985
v -0.006865 -0.883721 0.251090
v -0.038363 -0.883721 0.273151
v -0.077928 -0.883721 0.302997
v -0.124185 -0.883721 0.326030
v -0.170505 -0.883721 0.330624
v -0.209637 -0.883721 0.314229
v -0.238929 -0.883721 0.283360
v -0.261962 -0.883721 0.248018
v -0.285093 -0.883721 0.214874
v -0.311419 -0.883721 0.184002
v -0.336865 -0.883721 0.151027
v -0.351782 -0.883721 0.112400
v -0.347383 -0.883721 0.069357
v -0.322624 -0.883721 0.027445
v -0.286455 -0.883721 -0.007832
v -0.253474 -0.883721 -0.035600
v -0.235612 -0.883721 -0.060597
v -0.235328 -0.883721 -0.089637
v -0.244800 -0.883721 -0.126245
v -0.251429 -0.883721 -0.167740
v -0.245702 -0.883721 -0.207176
v -0.226078 -0.883721 -0.238788
v -0.197980 -0.883721 -0.262678
v -0.168327 -0.883721 -0.284891
v -0.140067 -0.883721 -0.312420
v -0.110774 -0.883721 -0.346694
v -0.075972 -0.883721 -0.380517
v -0.034130 -0.883721 -0.401205
v 0.010887 -0.883721 -0.398195
v 0.051975 -0.883721 -0.370064
v 0.083859 -0.883721 -0.326058
v 0.107016 -0.883721 -0.280956
v 0.127204 -0.883721 -0.246659
v 0.150835 -0.883721 -0.226091
v 0.179773 -0.883721 -0.213203
v 0.209705 -0.883721 -0.198542
v 0.233607 -0.883721 -0.176069
v 0.247791 -0.883721 -0.146407
v 0.255823 -0.883721 -0.114693
v 0.266931 -0.883721 -0.085289
v 0.289573 -0.883721 -0.057815
v 0.324566 -0.883721 -0.027611
v 0.362830 -0.883721 0.009920
v 0.387575 -0.860465 0.065510
v 0.382870 -0.860465 0.109947
v 0.354370 -0.860465 0.146429
v 0.312153 -0.860465 0.172172
v 0.269096 -0.860465 0.190587
v 0.233402 -0.860465 0.208221
v 0.205123 -0.860465 0.229137
v 0.178521 -0.860465 0.251145
v 0.147896 -0.860465 0.267057
v 0.112257 -0.860465 0.270357
v 0.075486 -0.860465 0.261177
v 0.042338 -0.860465 0.247897
v 0.013839 -0.860465 0.242705
v -0.014036 -0.860465 0.253816
v -0.047266 -0.860465 0.279641
v -0.088747 -0.860465 0.309044
v -0.135384 -0.860465 0.327639
v -0.179796 -0.860465 0.325977
v -0.215457 -0.860465 0.304211
v -0.241287 -0.860465 0.270467
v -0.262013 -0.860465 0.234554
v -0.283788 -0.860465 0.201725
v -0.308325 -0.860465 0.170751
v -0.330182 -0.860465 0.137098
v -0.339686 -0.860465 0.098178
v -0.329784 -0.860465 0.056324
v -0.302013 -0.860465 0.017221
v -0.267091 -0.860465 -0.014770
v -0.239296 -0.860465 -0.040447
v -0.228196 -0.860465 -0.065530
v -0.233206 -0.860465 -0.096363
v -0.244544 -0.860465 -0.134881
v -0.249723 -0.860465 -0.176866
v -0.241013 -0.860465 -0.215011
v -0.218922 -0.860465 -0.244551
v -0.189821 -0.860465 -0.267042
v -0.160111 -0.860465 -0.289113
v -0.131542 -0.860465 -0.316802
v -0.101039 -0.860465 -0.349587
v -0.064694 -0.860465 -0.378791
v -0.022353 -0.860465 -0.392026
v 0.021067 -0.860465 -0.380977
v 0.058690 -0.860465 -0.347230
v 0.086731 -0.860465 -0.302022
v 0.107408 -0.860465 -0.259937
v 0.127256 -0.860465 -0.230720
v 0.151995 -0.860465 -0.214607
v 0.181945 -0.860465 -0.203948
v 0.211675 -0.860465 -0.189491
v 0.234399 -0.860465 -0.166618
v 0.247845 -0.860465 -0.137257
v 0.256977 -0.860465 -0.106702
v 0.271078 -0.860465 -0.078348
v 0.296904 -0.860465 -0.050708
v 0.332718 -0.860465 -0.018971
v 0.367702 -0.860465 0.020333
v 0.377578 -0.837209 0.074712
v 0.364943 -0.837209 0.115916
v 0.331222 -0.837209 0.147815
v 0.287790 -0.837209 0.169375
v 0.246731 -0.837209 0.185298
v 0.214167 -0.837209 0.202072
v 0.188289 -0.837209 0.222526
v 0.162840 -0.837209 0.243180
v 0.132937 -0.837209 0.256694
v 0.098729 -0.837209 0.257869
v 0.064427 -0.837209 0.248735
v 0.033937 -0.837209 0.238660
v 0.006942 -0.837209 0.238907
v -0.021263 -0.837209 0.255132
v -0.056000 -0.837209 0.283013
v -0.098519 -0.837209 0.310171
v -0.144243 -0.837209 0.323218
v -0.185542 -0.837209 0.315259
v -0.217012 -0.837209 0.288959
v -0.239178 -0.837209 0.253495
v -0.257594 -0.837209 0.217960
v -0.277826 -0.837209 0.186040
v -0.300116 -0.837209 0.155424
v -0.317980 -0.837209 0.121744
v -0.322243 -0.837209 0.083467
v -0.307893 -0.837209 0.043782
v -0.278843 -0.837209 0.008103
v -0.246902 -0.837209 -0.020577
v -0.225265 -0.837209 -0.044574
v -0.220753 -0.837209 -0.070117
v -0.229963 -0.837209 -0.102626
v -0.241826 -0.837209 -0.142323
v -0.244655 -0.837209 -0.183739
v -0.232811 -0.837209 -0.219662
v -0.208659 -0.837209 -0.246601
v -0.179086 -0.837209 -0.267442
v -0.149668 -0.837209 -0.289001
v -0.121000 -0.837209 -0.316037
v -0.089663 -0.837209 -0.346164
v -0.052578 -0.837209 -0.369751
v -0.010908 -0.837209 -0.375365
v 0.029776 -0.837209 -0.357276
v 0.063285 -0.837209 -0.319830
v 0.087514 -0.837209 -0.275525
v 0.106197 -0.837209 -0.237966
v 0.126157 -0.837209 -0.214357
v 0.152025 -0.837209 -0.202427
v 0.182556 -0.837209 -0.193483
v 0.211534 -0.837209 -0.178988
v 0.232796 -0.837209 -0.155887
v 0.245579 -0.837209 -0.127181
v 0.255925 -0.837209 -0.097985
v 0.272656 -0.837209 -0.070623
v 0.300518 -0.837209 -0.042733
v 0.335429 -0.837209 -0.009747
v 0.365506 -0.837209 0.030462
v 0.361192 -0.813953 0.082005
v 0.341613 -0.813953 0.119097
v 0.304363 -0.813953 0.146145
v 0.261404 -0.813953 0.163834
v 0.223466 -0.813953 0.177791
v 0.194476 -0.813953 0.194031
v 0.171067 -0.813953 0.214009
v 0.146884 -0.813953 0.233172
v 0.118053 -0.813953 0.244424
v 0.085722 -0.813953 0.244083
v 0.054116 -0.813953 0.235855
v 0.026129 -0.813953 0.229540
v 0.000269 -0.813953 0.234948
v -0.028443 -0.813953 0.255064
v -0.064314 -0.813953 0.283269
v -0.106924 -0.813953 0.306697
v -0.150572 -0.813953 0.313582
v -0.187856 -0.813953 0.299732
v -0.214780 -0.813953 0.269958
v -0.233366 -0.813953 0.233901
v -0.249624 -0.813953 0.199536
v -0.268229 -0.813953 0.168967
v -0.287982 -0.813953 0.139091
v -0.301742 -0.813953 0.105972
v -0.301273 -0.813953 0.069126
v -0.283732 -0.813953 0.032298
v -0.255039 -0.813953 0.000292
v -0.227392 -0.813953 -0.025358
v -0.212297 -0.813953 -0.048200
v -0.213691 -0.813953 -0.074500
v -0.225774 -0.813953 -0.108409
v -0.236899 -0.813953 -0.148476
v -0.236735 -0.813953 -0.188348
v -0.221838 -0.813953 -0.221331
v -0.196123 -0.813953 -0.245354
v -0.166565 -0.813953 -0.264415
v -0.137713 -0.813953 -0.285129
v -0.109145 -0.813953 -0.310777
v -0.077400 -0.813953 -0.337335
v -0.040384 -0.813953 -0.354771
v -0.000404 -0.813953 -0.353136
v 0.036733 -0.813953 -0.329398
v 0.065892 -0.813953 -0.290220
v 0.086673 -0.813953 -0.248608
v 0.103983 -0.813953 -0.216555
v 0.124454 -0.813953 -0.198571
v 0.151359 -0.813953 -0.190244
v 0.181996 -0.813953 -0.182413
v 0.209739 -0.813953 -0.167654
v 0.229358 -0.813953 -0.144481
v 0.241571 -0.813953 -0.116675
v 0.253118 -0.813953 -0.088895
v 0.271916 -0.813953 -0.062390
v 0.300579 -0.813953 -0.034215
v 0.333045 -0.813953 -0.000381
v 0.357069 -0.813953 0.039819
v 0.340573 -0.790698 0.087384
v 0.315324 -0.790698 0.119901
v 0.276186 -0.790698 0.142231
v 0.235060 -0.790698 0.156625
v 0.200936 -0.790698 0.169233
v 0.175606 -0.790698 0.185267
v 0.154520 -0.790698 0.204772
v 0.131583 -0.790698 0.222410
v 0.104017 -0.790698 0.231655
v 0.073765 -0.790698 0.230412
v 0.044807 -0.790698 0.223755
v 0.018962 -0.790698 0.221403
v -0.006193 -0.790698 0.231352
v -0.035527 -0.790698 0.254007
v -0.072097 -0.790698 0.280990
v -0.113934 -0.790698 0.299632
v -0.154606 -0.790698 0.300216
v -0.187360 -0.790698 0.281187
v -0.209744 -0.790698 0.249036
v -0.225076 -0.790698 0.213340
v -0.239455 -0.790698 0.180691
v -0.256453 -0.790698 0.151723
v -0.273565 -0.790698 0.122835
v -0.283372 -0.790698 0.090721
v -0.278904 -0.790698 0.055851
v -0.259448 -0.790698 0.022220
v -0.232469 -0.790698 -0.006223
v -0.209924 -0.790698 -0.029361
v -0.201220 -0.790698 -0.051629
v -0.207497 -0.790698 -0.078900
v -0.221089 -0.790698 -0.113857
v -0.230416 -0.790698 -0.153531
v -0.226887 -0.790698 -0.191089
v -0.209183 -0.790698 -0.220691
v -0.182397 -0.790698 -0.241715
v -0.153225 -0.790698 -0.258992
v -0.125100 -0.790698 -0.278609
v -0.096779 -0.790698 -0.302297
v -0.065021 -0.790698 -0.324699
v -0.028768 -0.790698 -0.335899
v 0.008775 -0.790698 -0.327791
v 0.041951 -0.790698 -0.299944
v 0.066917 -0.790698 -0.260802
v 0.084867 -0.790698 -0.223190
v 0.101483 -0.790698 -0.197060
v 0.122795 -0.790698 -0.184289
v 0.150578 -0.790698 -0.178786
v 0.180882 -0.790698 -0.171450
v 0.207033 -0.790698 -0.156226
v 0.224950 -0.790698 -0.133085
v 0.236700 -0.790698 -0.106282
v 0.249337 -0.790698 -0.079824
v 0.269550 -0.790698 -0.053977
v 0.297855 -0.790698 -0.025510
v 0.326674 -0.790698 0.008745
v 0.344026 -0.790698 0.048117
v 0.318193 -0.767442 0.091177
v 0.288596 -0.767442 0.119057
v 0.248956 -0.767442 0.137129
v 0.210585 -0.767442 0.148966
v 0.180533 -0.767442 0.160871
v 0.158643 -0.767442 0.177012
v 0.139558 -0.767442 0.196094
v 0.117714 -0.767442 0.212271
v 0.091427 -0.767442 0.219834
v 0.063214 -0.767442 0.218247
v 0.036608 -0.767442 0.213612
v 0.012391 -0.767442 0.215142
v -0.012523 -0.767442 0.228832
v -0.042570 -0.767442 0.252736
v -0.079450 -0.767442 0.277268
v -0.119844 -0.767442 0.290504
v -0.156983 -0.767442 0.285001
v -0.185071 -0.767442 0.261625
v -0.203224 -0.767442 0.228063
v -0.215796 -0.767442 0.193403
v -0.228659 -0.767442 0.162734
v -0.244168 -0.767442 0.135403
v -0.258699 -0.767442 0.107590
v -0.264896 -0.767442 0.076725
v -0.257249 -0.767442 0.044087
v -0.237017 -0.767442 0.013651
v -0.212738 -0.767442 -0.011642
v -0.195622 -0.767442 -0.032950
v -0.192767 -0.767442 -0.055237
v -0.202757 -0.767442 -0.083645
v -0.216612 -0.767442 -0.119313
v -0.223344 -0.767442 -0.157991
v -0.216298 -0.767442 -0.192741
v -0.196101 -0.767442 -0.218807
v -0.168638 -0.767442 -0.236955
v -0.140058 -0.767442 -0.252562
v -0.112680 -0.767442 -0.270937
v -0.084661 -0.767442 -0.292292
v -0.053174 -0.767442 -0.310273
v -0.018171 -0.767442 -0.315502
v 0.016521 -0.767442 -0.301897
v 0.045714 -0.767442 -0.271403
v 0.066964 -0.767442 -0.233691
v 0.082858 -0.767442 -0.200849
v 0.099459 -0.767442 -0.180567
v 0.121886 -0.767442 -0.172304
v 0.150387 -0.767442 -0.168768
v 0.180023 -0.767442 -0.161342
v 0.204390 -0.767442 -0.145462
v 0.220665 -0.767442 -0.122369
v 0.232072 -0.767442 -0.096516
v 0.245643 -0.767442 -0.071149
v 0.266636 -0.767442 -0.045696
v 0.293626 -0.767442 -0.016911
v 0.317991 -0.767442 0.017402
v 0.328518 -0.767442 0.055334
v 0.296407 -0.744186 0.093960
v 0.263626 -0.744186 0.117468
v 0.224496 -0.744186 0.131951
v 0.189360 -0.744186 0.142042
v 0.163275 -0.744186 0.153878
v 0.144381 -0.744186 0.170438
v 0.126849 -0.744186 0.189198
v 0.105828 -0.744186 0.204062
v 0.080656 -0.744186 0.210302
v 0.054221 -0.744186 0.208839
v 0.029483 -0.744186 0.206489
v 0.006271 -0.744186 0.211647
v -0.018892 -0.744186 0.228255
v -0.049775 -0.744186 0.252309
v -0.086700 -0.744186 0.273504
v -0.125235 -0.744186 0.281058
v -0.158615 -0.744186 0.269861
v -0.182211 -0.744186 0.242911
v -0.196647 -0.744186 0.208657
v -0.207045 -0.744186 0.175393
v -0.218802 -0.744186 0.146697
v -0.233016 -0.744186 0.120844
v -0.245148 -0.744186 0.094020
v -0.248172 -0.744186 0.064433
v -0.238129 -0.744186 0.034000
v -0.218033 -0.744186 0.006461
v -0.197069 -0.744186 -0.016311
v -0.185338 -0.744186 -0.036563
v -0.187580 -0.744186 -0.059462
v -0.200139 -0.744186 -0.089179
v -0.213216 -0.744186 -0.125321
v -0.216794 -0.744186 -0.162621
v -0.206214 -0.744186 -0.194345
v -0.183796 -0.744186 -0.216965
v -0.155890 -0.744186 -0.232513
v -0.127916 -0.744186 -0.246654
v -0.101155 -0.744186 -0.263751
v -0.073369 -0.744186 -0.282590
v -0.042282 -0.744186 -0.296135
v -0.008766 -0.744186 -0.295852
v 0.022987 -0.744186 -0.277737
v 0.048493 -0.744186 -0.245812
v 0.066722 -0.744186 -0.210483
v 0.081412 -0.744186 -0.182708
v 0.098657 -0.744186 -0.167851
v 0.122452 -0.744186 -0.163244
v 0.151576 -0.744186 -0.160833
v 0.180357 -0.744186 -0.152785
v 0.202909 -0.744186 -0.136042
v 0.217700 -0.744186 -0.112900
v 0.228905 -0.744186 -0.087790
v 0.243256 -0.744186 -0.063157
v 0.264495 -0.744186 -0.037765
v 0.289466 -0.744186 -0.008577
v 0.308922 -0.744186 0.025568
v 0.312783 -0.744186 0.061705
v 0.277061 -0.720930 0.096415
v 0.241988 -0.720930 0.116024
v 0.203998 -0.720930 0.127693
v 0.172219 -0.720930 0.136858
v 0.149748 -0.720930 0.149235
v 0.133275 -0.720930 0.166535
v 0.116770 -0.720930 0.185132
v 0.096201 -0.720930 0.198891
v 0.071832 -0.720930 0.204159
v 0.046746 -0.720930 0.203200
v 0.023257 -0.720930 0.203275
v 0.000363 -0.720930 0.211748
v -0.025574 -0.720930 0.230534
v -0.057485 -0.720930 0.253863
v -0.094344 -0.720930 0.271110
v -0.130843 -0.720930 0.272896
v -0.160498 -0.720930 0.256406
v -0.179974 -0.720930 0.226476
v -0.191303 -0.720930 0.191960
v -0.200139 -0.720930 0.160168
v -0.211214 -0.720930 0.133220
v -0.224376 -0.720930 0.108528
v -0.234353 -0.720930 0.082455
v -0.234651 -0.720930 0.053981
v -0.222882 -0.720930 0.025500
v -0.203592 -0.720930 0.000349
v -0.186270 -0.720930 -0.020664
v -0.179669 -0.720930 -0.040684
v -0.186211 -0.720930 -0.064800
v -0.200321 -0.720930 -0.096046
v -0.211785 -0.720930 -0.132567
v -0.211809 -0.720930 -0.168319
v -0.197697 -0.720930 -0.197020
v -0.173217 -0.720930 -0.216444
v -0.144915 -0.720930 -0.229755
v -0.117385 -0.720930 -0.242687
v -0.090971 -0.720930 -0.258556
v -0.063225 -0.720930 -0.274834
v -0.032500 -0.720930 -0.284066
v -0.000478 -0.720930 -0.278772
v 0.028510 -0.720930 -0.256996
v 0.050846 -0.720930 -0.224546
v 0.066870 -0.720930 -0.192161
v 0.081227 -0.720930 -0.169413
v 0.099762 -0.720930 -0.159376
v 0.125203 -0.720930 -0.157553
v 0.154952 -0.720930 -0.155485
v 0.182840 -0.720930 -0.146324
v 0.203674 -0.720930 -0.128464
v 0.217202 -0.720930 -0.105059
v 0.228362 -0.720930 -0.080347
v 0.243384 -0.720930 -0.055990
v 0.264459 -0.720930 -0.030257
v 0.286928 -0.720930 -0.000492
v 0.301259 -0.720930 0.033421
v 0.298740 -0.720930 0.067647
v 0.261235 -0.697674 0.099163
v 0.224484 -0.697674 0.115443
v 0.187975 -0.697674 0.125096
v 0.159451 -0.697674 0.134137
v 0.140117 -0.697674 0.147656
v 0.125438 -0.697674 0.166035
v 0.109396 -0.697674 0.184669
v 0.088839 -0.697674 0.197550
v 0.064853 -0.697674 0.202174
v 0.040577 -0.697674 0.202033
v 0.017643 -0.697674 0.204620
v -0.005662 -0.697674 0.216114
v -0.032933 -0.697674 0.236450
v -0.066130 -0.697674 0.258350
v -0.102938 -0.697674 0.271181
v -0.137381 -0.697674 0.267143
v -0.163480 -0.697674 0.245652
v -0.179286 -0.697674 0.213119
v -0.188136 -0.697674 0.178530
v -0.196009 -0.697674 0.148084
v -0.206820 -0.697674 0.122519
v -0.219185 -0.697674 0.098568
v -0.227258 -0.697674 0.072899
v -0.225225 -0.697674 0.045235
v -0.212269 -0.697674 0.018302
v -0.194274 -0.697674 -0.005089
v -0.180760 -0.697674 -0.025177
v -0.178965 -0.697674 -0.045810
v -0.189067 -0.697674 -0.071768
v -0.203848 -0.697674 -0.104831
v -0.213001 -0.697674 -0.141751
v -0.209126 -0.697674 -0.175927
v -0.191427 -0.697674 -0.201726
v -0.164902 -0.697674 -0.218271
v -0.136090 -0.697674 -0.229729
v -0.108706 -0.697674 -0.241728
v -0.082266 -0.697674 -0.256460
v -0.054266 -0.697674 -0.270189
v -0.023732 -0.697674 -0.275252
v 0.006952 -0.697674 -0.265373
v 0.033511 -0.697674 -0.240597
v 0.053308 -0.697674 -0.208258
v 0.067993 -0.697674 -0.179121
v 0.082893 -0.697674 -0.161189
v 0.103367 -0.697674 -0.155323
v 0.130778 -0.697674 -0.155458
v 0.161246 -0.697674 -0.153013
v 0.188297 -0.697674 -0.142257
v 0.207578 -0.697674 -0.122968
v 0.220093 -0.697674 -0.098977
v 0.231376 -0.697674 -0.074220
v 0.246997 -0.697674 -0.049608
v 0.267603 -0.697674 -0.023073
v 0.287213 -0.697674 0.007524
v 0.296287 -0.697674 0.041267
v 0.287644 -0.697674 0.073629
v 0.249161 -0.674419 0.102622
v 0.211167 -0.674419 0.116157
v 0.176333 -0.674419 0.124585
v 0.150881 -0.674419 0.134293
v 0.134182 -0.674419 0.149546
v 0.120671 -0.674419 0.169351
v 0.104519 -0.674419 0.188223
v 0.083496 -0.674419 0.200440
v 0.059421 -0.674419 0.204713
v 0.035369 -0.674419 0.205673
v 0.012265 -0.674419 0.210851
v -0.012190 -0.674419 0.225107
v -0.041363 -0.674419 0.246432
v -0.076129 -0.674419 0.266253
v -0.112936 -0.674419 0.274202
v -0.145335 -0.674419 0.264211
v -0.168066 -0.674419 0.237874
v -0.180643 -0.674419 0.202955
v -0.187615 -0.674419 0.168339
v -0.195094 -0.674419 0.139015
v -0.206039 -0.674419 0.114413
v -0.217844 -0.674419 0.090745
v -0.224224 -0.674419 0.065084
v -0.220187 -0.674419 0.037865
v -0.206492 -0.674419 0.012011
v -0.190195 -0.674419 -0.010299
v -0.180612 -0.674419 -0.030316
v -0.183321 -0.674419 -0.052417
v -0.196312 -0.674419 -0.080855
v -0.210962 -0.674419 -0.116044
v -0.217143 -0.674419 -0.153419
v -0.208995 -0.674419 -0.186018
v -0.187568 -0.674419 -0.209045
v -0.158906 -0.674419 -0.223009
v -0.129369 -0.674419 -0.232974
v -0.101763 -0.674419 -0.244295
v -0.074879 -0.674419 -0.257968
v -0.046282 -0.674419 -0.269136
v -0.015712 -0.674419 -0.270114
v 0.013861 -0.674419 -0.255966
v 0.038387 -0.674419 -0.228699
v 0.056317 -0.674419 -0.196962
v 0.070542 -0.674419 -0.171271
v 0.086866 -0.674419 -0.157918
v 0.109938 -0.674419 -0.155603
v 0.139669 -0.674419 -0.156920
v 0.170976 -0.674419 -0.153410
v 0.197266 -0.674419 -0.140562
v 0.215157 -0.674419 -0.119476
v 0.226891 -0.674419 -0.094514
v 0.238457 -0.674419 -0.069215
v 0.254621 -0.674419 -0.043786
v 0.274473 -0.674419 -0.015965
v 0.290878 -0.674419 0.015751
v 0.294519 -0.674419 0.049435
v 0.279894 -0.674419 0.080030
v 0.240323 -0.651163 0.106920
v 0.201492 -0.651163 0.118276
v 0.168535 -0.651163 0.126271
v 0.145995 -0.651163 0.137435
v 0.131457 -0.651163 0.155001
v 0.118510 -0.651163 0.176543
v 0.101687 -0.651163 0.195803
v 0.079726 -0.651163 0.207523
v 0.055094 -0.651163 0.211706
v 0.030685 -0.651163 0.214034
v 0.006702 -0.651163 0.221883
v -0.019613 -0.651163 0.238630
v -0.051206 -0.651163 0.260345
v -0.087751 -0.651163 0.277371
v -0.124520 -0.651163 0.279883
v -0.154805 -0.651163 0.263723
v -0.174285 -0.651163 0.232621
v -0.184028 -0.651163 0.195491
v -0.189694 -0.651163 0.160881
v -0.197326 -0.651163 0.132462
v -0.208769 -0.651163 0.108420
v -0.220199 -0.651163 0.084596
v -0.225041 -0.651163 0.058565
v -0.219281 -0.651163 0.031437
v -0.205272 -0.651163 0.006200
v -0.191087 -0.651163 -0.015705
v -0.185587 -0.651163 -0.036502
v -0.192523 -0.651163 -0.060908
v -0.207738 -0.651163 -0.092423
v -0.221432 -0.651163 -0.129980
v -0.223934 -0.651163 -0.167777
v -0.211083 -0.651163 -0.198706
v -0.185740 -0.651163 -0.219006
v -0.154817 -0.651163 -0.230628
v -0.124333 -0.651163 -0.239410
v -0.096145 -0.651163 -0.250260
v -0.068415 -0.651163 -0.262890
v -0.038910 -0.651163 -0.271406
v -0.008104 -0.651163 -0.268297
v 0.020558 -0.651163 -0.250125
v 0.043436 -0.651163 -0.220840
v 0.060171 -0.651163 -0.190192
v 0.074822 -0.651163 -0.168178
v 0.093451 -0.651163 -0.159202
v 0.119762 -0.651163 -0.159848
v 0.152113 -0.651163 -0.161587
v 0.184313 -0.651163 -0.156317
v 0.209844 -0.651163 -0.140865
v 0.226445 -0.651163 -0.117600
v 0.237585 -0.651163 -0.091275
v 0.249555 -0.651163 -0.064944
v 0.266160 -0.651163 -0.038158
v 0.284908 -0.651163 -0.008605
v 0.297669 -0.651163 0.024465
v 0.295598 -0.651163 0.058139
v 0.275040 -0.651163 0.087014
v 0.233690 -0.627907 0.111881
v 0.194556 -0.627907 0.121628
v 0.163785 -0.627907 0.130003
v 0.144066 -0.627907 0.143408
v 0.131249 -0.627907 0.163811
v 0.118285 -0.627907 0.187297
v 0.100267 -0.627907 0.206994
v 0.076951 -0.627907 0.218309
v 0.051350 -0.627907 0.222632
v 0.026055 -0.627907 0.226582
v 0.000542 -0.627907 0.237135
v -0.028252 -0.627907 0.256001
v -0.062638 -0.627907 0.277359
v -0.100984 -0.627907 0.290727
v -0.137479 -0.627907 0.287157
v -0.165417 -0.627907 0.264602
v -0.181673 -0.627907 0.228883
v -0.188950 -0.627907 0.189816
v -0.193881 -0.627907 0.155342
v -0.202191 -0.627907 0.127691
v -0.214440 -0.627907 0.103874
v -0.225608 -0.627907 0.079523
v -0.229017 -0.627907 0.052823
v -0.221816 -0.627907 0.025507
v -0.207973 -0.627907 0.000476
v -0.196374 -0.627907 -0.021671
v -0.195131 -0.627907 -0.044068
v -0.205974 -0.627907 -0.071545
v -0.222649 -0.627907 -0.106596
v -0.234452 -0.627907 -0.146569
v -0.232497 -0.627907 -0.184542
v -0.214507 -0.627907 -0.213528
v -0.185105 -0.627907 -0.231029
v -0.151872 -0.627907 -0.240480
v -0.120295 -0.627907 -0.248341
v -0.091243 -0.627907 -0.258858
v -0.062360 -0.627907 -0.270367
v -0.031743 -0.627907 -0.276048
v -0.000615 -0.627907 -0.268807
v 0.027246 -0.627907 -0.246889
v 0.048816 -0.627907 -0.216154
v 0.065025 -0.627907 -0.187205
v 0.080998 -0.627907 -0.169182
v 0.102780 -0.627907 -0.164406
v 0.132871 -0.627907 -0.167399
v 0.167986 -0.627907 -0.168757
v 0.200958 -0.627907 -0.161012
v 0.225586 -0.627907 -0.142466
v 0.240895 -0.627907 -0.116689
v 0.251559 -0.627907 -0.088671
v 0.263982 -0.627907 -0.060888
v 0.280815 -0.627907 -0.032291
v 0.297968 -0.627907 -0.000682
v 0.306515 -0.627907 0.033826
v 0.298383 -0.627907 0.067386
v 0.271958 -0.627907 0.094464
v 0.228024 -0.604651 0.117099
v 0.189344 -0.604651 0.125851
v 0.161203 -0.604651 0.135454
v 0.144257 -0.604651 0.151844
v 0.132724 -0.604651 0.175469
v 0.119187 -0.604651 0.200933
v 0.099519 -0.604651 0.220961
v 0.074529 -0.604651 0.231883
v 0.047650 -0.604651 0.236545
v 0.021033 -0.604651 0.242323
v -0.006547 -0.604651 0.255490
v -0.038267 -0.604651 0.275903
v -0.075573 -0.604651 0.295944
v -0.115444 -0.604651 0.304652
v -0.151164 -0.604651 0.294358
v -0.176354 -0.604651 0.265325
v -0.189361 -0.604651 0.225358
v -0.194567 -0.604651 0.184845
v -0.199364 -0.604651 0.150797
v -0.208853 -0.604651 0.123885
v -0.222134 -0.604651 0.100047
v -0.233068 -0.604651 0.074910
v -0.235122 -0.604651 0.047363
v -0.226820 -0.604651 0.019687
v -0.213715 -0.604651 -0.005477
v -0.205229 -0.604651 -0.028465
v -0.208363 -0.604651 -0.053208
v -0.222635 -0.604651 -0.084365
v -0.239811 -0.604651 -0.123152
v -0.248650 -0.604651 -0.165270
v -0.241442 -0.604651 -0.202876
v -0.217975 -0.604651 -0.229441
v -0.184540 -0.604651 -0.243975
v -0.149120 -0.604651 -0.251396
v -0.116455 -0.604651 -0.258565
v -0.086397 -0.604651 -0.268809
v -0.056205 -0.604651 -0.279018
v -0.024444 -0.604651 -0.281625
v 0.006925 -0.604651 -0.270256
v 0.033985 -0.604651 -0.245028
v 0.054551 -0.604651 -0.213622
v 0.070915 -0.604651 -0.187141
v 0.089087 -0.604651 -0.173477
v 0.114767 -0.604651 -0.172669
v 0.148969 -0.604651 -0.177287
v 0.186718 -0.604651 -0.177387
v 0.220080 -0.604651 -0.166467
v 0.243476 -0.604651 -0.144422
v 0.257392 -0.604651 -0.115927
v 0.267625 -0.604651 -0.086017
v 0.280440 -0.604651 -0.056492
v 0.297129 -0.604651 -0.025790
v 0.312031 -0.604651 0.007996
v 0.315702 -0.604651 0.043788
v 0.301204 -0.604651 0.076916
v 0.269158 -0.604651 0.101994
v 0.222173 -0.581395 0.122045
v 0.184934 -0.581395 0.130503
v 0.159944 -0.581395 0.142196
v 0.145697 -0.581395 0.162193
v 0.134979 -0.581395 0.189201
v 0.120345 -0.581395 0.216430
v 0.098682 -0.581395 0.236515
v 0.071842 -0.581395 0.246979
v 0.043507 -0.581395 0.252134
v 0.015264 -0.581395 0.259846
v -0.014752 -0.581395 0.275336
v -0.049587 -0.581395 0.296463
v -0.089592 -0.581395 0.314016
v -0.130361 -0.581395 0.317025
v -0.164541 -0.581395 0.299533
v -0.186480 -0.581395 0.264257
v -0.196259 -0.581395 0.220754
v -0.199883 -0.581395 0.179553
v -0.205189 -0.581395 0.146385
v -0.216301 -0.581395 0.120273
v -0.230725 -0.581395 0.096266
v -0.241369 -0.581395 0.070210
v -0.242160 -0.581395 0.041786
v -0.233187 -0.581395 0.013697
v -0.221477 -0.581395 -0.011866
v -0.216605 -0.581395 -0.036229
v -0.224061 -0.581395 -0.063927
v -0.241017 -0.581395 -0.099107
v -0.257504 -0.581395 -0.141454
v -0.262224 -0.581395 -0.185046
v -0.249072 -0.581395 -0.221435
v -0.220034 -0.581395 -0.244947
v -0.182867 -0.581395 -0.256327
v -0.145620 -0.581395 -0.261885
v -0.112056 -0.581395 -0.268570
v -0.081019 -0.581395 -0.278526
v -0.049555 -0.581395 -0.287181
v -0.016829 -0.581395 -0.286498
v 0.014528 -0.581395 -0.271166
v 0.040699 -0.581395 -0.243324
v 0.060562 -0.581395 -0.212268
v 0.077774 -0.581395 -0.189138
v 0.098958 -0.581395 -0.180144
v 0.129069 -0.581395 -0.182901
v 0.167372 -0.581395 -0.188262
v 0.207257 -0.581395 -0.186177
v 0.240339 -0.581395 -0.171461
v 0.262014 -0.581395 -0.145691
v 0.274360 -0.581395 -0.114472
v 0.284136 -0.581395 -0.082651
v 0.297156 -0.581395 -0.051276
v 0.313157 -0.581395 -0.018395
v 0.325025 -0.581395 0.017414
v 0.323182 -0.581395 0.054056
v 0.302224 -0.581395 0.086228
v 0.265146 -0.581395 0.109029
v 0.215295 -0.558140 0.126212
v 0.180624 -0.558140 0.135167
v 0.159265 -0.558140 0.149755
v 0.147533 -0.558140 0.173754
v 0.137106 -0.558140 0.203992
v 0.120913 -0.558140 0.232498
v 0.097059 -0.558140 0.252210
v 0.068367 -0.558140 0.262092
v 0.038554 -0.558140 0.267836
v 0.008538 -0.558140 0.277432
v -0.024051 -0.558140 0.294695
v -0.061855 -0.558140 0.315442
v -0.103950 -0.558140 0.329228
v -0.144650 -0.558140 0.325631
v -0.176353 -0.558140 0.300826
v -0.194562 -0.558140 0.259995
v -0.201278 -0.558140 0.214060
v -0.203946 -0.558140 0.173168
v -0.210423 -0.558140 0.141428
v -0.223498 -0.558140 0.116232
v -0.239035 -0.558140 0.091989
v -0.249261 -0.558140 0.065020
v -0.248922 -0.558140 0.035832
v -0.239803 -0.558140 0.007380
v -0.230167 -0.558140 -0.018785
v -0.229266 -0.558140 -0.044957
v -0.240696 -0.558140 -0.075997
v -0.259272 -0.558140 -0.115173
v -0.273695 -0.558140 -0.160448
v -0.273195 -0.558140 -0.204440
v -0.253676 -0.558140 -0.238528
v -0.219339 -0.558140 -0.258322
v -0.179082 -0.558140 -0.266445
v -0.140614 -0.558140 -0.270382
v -0.106518 -0.558140 -0.276790
v -0.074701 -0.558140 -0.286375
v -0.042206 -0.558140 -0.293201
v -0.008898 -0.558140 -0.289120
v 0.022056 -0.558140 -0.270246
v 0.047216 -0.558140 -0.240785
v 0.066712 -0.558140 -0.211290
v 0.085458 -0.558140 -0.192380
v 0.110307 -0.558140 -0.188164
v 0.145045 -0.558140 -0.193824
v 0.187006 -0.558140 -0.198882
v 0.228131 -0.558140 -0.193703
v 0.260014 -0.558140 -0.174759
v 0.279383 -0.558140 -0.145295
v 0.289965 -0.558140 -0.111589
v 0.299206 -0.558140 -0.078048
v 0.312116 -0.558140 -0.044928
v 0.326749 -0.558140 -0.010056
v 0.334774 -0.558140 0.027322
v 0.326961 -0.558140 0.064114
v 0.299822 -0.558140 0.094666
v 0.258738 -0.558140 0.114935
v 0.206964 -0.534884 0.129220
v 0.175969 -0.534884 0.139509
v 0.158542 -0.534884 0.157638
v 0.148967 -0.534884 0.185707
v 0.138265 -0.534884 0.218657
v 0.120159 -0.534884 0.247698
v 0.094107 -0.534884 0.266497
v 0.063743 -0.534884 0.275642
v 0.032590 -0.534884 0.281991
v 0.000838 -0.534884 0.293225
v -0.034190 -0.534884 0.311450
v -0.074451 -0.534884 0.330547
v -0.117654 -0.534884 0.339344
v -0.157076 -0.534884 0.328571
v -0.185341 -0.534884 0.296849
v -0.199511 -0.534884 0.251651
v -0.203556 -0.534884 0.204724
v -0.206024 -0.534884 0.165264
v -0.214292 -0.534884 0.135505
v -0.229506 -0.534884 0.111334
v -0.245969 -0.534884 0.086858
v -0.255604 -0.534884 0.059109
v -0.254328 -0.534884 0.029392
v -0.245646 -0.534884 0.000702
v -0.238684 -0.534884 -0.026202
v -0.241846 -0.534884 -0.054473
v -0.256533 -0.534884 -0.088942
v -0.275379 -0.534884 -0.131647
v -0.286316 -0.534884 -0.178764
v -0.279726 -0.534884 -0.221769
v -0.253837 -0.534884 -0.252389
v -0.214910 -0.534884 -0.267914
v -0.172535 -0.534884 -0.272853
v -0.133656 -0.534884 -0.275521
v -0.099529 -0.534884 -0.281850
v -0.067280 -0.534884 -0.290937
v -0.034173 -0.534884 -0.295695
v -0.000824 -0.534884 -0.288305
v 0.029268 -0.534884 -0.266609
v 0.053330 -0.534884 -0.236773
v 0.072844 -0.534884 -0.210101
v 0.093742 -0.534884 -0.196091
v 0.122644 -0.534884 -0.196431
v 0.161767 -0.534884 -0.204043
v 0.206472 -0.534884 -0.207656
v 0.247598 -0.534884 -0.198613
v 0.277218 -0.534884 -0.175295
v 0.293712 -0.534884 -0.142480
v 0.302378 -0.534884 -0.106778
v 0.310976 -0.534884 -0.071914
v 0.323359 -0.534884 -0.037370
v 0.335883 -0.534884 -0.000960
v 0.339375 -0.534884 0.037256
v 0.325474 -0.534884 0.073309
v 0.292912 -0.534884 0.101555
v 0.249282 -0.534884 0.119171
v 0.197172 -0.511628 0.130891
v 0.170748 -0.511628 0.143308
v 0.157267 -0.511628 0.165350
v 0.149306 -0.511628 0.197158
v 0.137766 -0.511628 0.231953
v 0.117549 -0.511628 0.260596
v 0.089498 -0.511628 0.277910
v 0.057815 -0.511628 0.286162
v 0.025604 -0.511628 0.293042
v -0.007653 -0.511628 0.305464
v -0.044700 -0.511628 0.323638
v -0.086562 -0.511628 0.339788
v -0.129612 -0.511628 0.342631
v -0.166467 -0.511628 0.324614
v -0.190487 -0.511628 0.286945
v -0.200598 -0.511628 0.239007
v -0.202618 -0.511628 0.192714
v -0.205713 -0.511628 0.155784
v -0.216269 -0.511628 0.128451
v -0.233588 -0.511628 0.105367
v -0.250638 -0.511628 0.080715
v -0.259491 -0.511628 0.052426
v -0.257530 -0.511628 0.022501
v -0.249859 -0.511628 -0.006260
v -0.245979 -0.511628 -0.033974
v -0.252944 -0.511628 -0.064438
v -0.269818 -0.511628 -0.102068
v -0.287417 -0.511628 -0.147391
v -0.293588 -0.511628 -0.194897
v -0.280448 -0.511628 -0.235379
v -0.248693 -0.511628 -0.261474
v -0.206313 -0.511628 -0.272436
v -0.163039 -0.511628 -0.274505
v -0.124659 -0.511628 -0.276357
v -0.091068 -0.511628 -0.282785
v -0.058838 -0.511628 -0.291224
v -0.025668 -0.511628 -0.293774
v 0.007100 -0.511628 -0.283403
v 0.035893 -0.511628 -0.259875
v 0.058856 -0.511628 -0.231033
v 0.078804 -0.511628 -0.208319
v 0.102325 -0.511628 -0.199536
v 0.135301 -0.511628 -0.203814
v 0.178089 -0.511628 -0.212189
v 0.224206 -0.511628 -0.213247
v 0.263881 -0.511628 -0.199834
v 0.290188 -0.511628 -0.172354
v 0.303365 -0.511628 -0.136842
v 0.310057 -0.511628 -0.099850
v 0.317895 -0.511628 -0.064226
v 0.329287 -0.511628 -0.028771
v 0.339009 -0.511628 0.008493
v 0.337534 -0.511628 0.046619
v 0.317877 -0.511628 0.080980
v 0.281131 -0.511628 0.106348
v 0.236734 -0.511628 0.121401
v 0.186235 -0.488372 0.131262
v 0.164910 -0.488372 0.146442
v 0.155048 -0.488372 0.172405
v 0.148011 -0.488372 0.207217
v 0.135145 -0.488372 0.242720
v 0.112818 -0.488372 0.269961
v 0.083157 -0.488372 0.285268
v 0.050645 -0.488372 0.292499
v 0.017779 -0.488372 0.299746
v -0.016577 -0.488372 0.312740
v -0.054962 -0.488372 0.329761
v -0.097313 -0.488372 0.341818
v -0.138831 -0.488372 0.338173
v -0.171942 -0.488372 0.313430
v -0.191219 -0.488372 0.271302
v -0.197602 -0.488372 0.222522
v -0.198451 -0.488372 0.178472
v -0.202973 -0.488372 0.144979
v -0.216106 -0.488372 0.120327
v -0.235263 -0.488372 0.098317
v -0.252447 -0.488372 0.073589
v -0.260344 -0.488372 0.045077
v -0.257985 -0.488372 0.015302
v -0.251807 -0.488372 -0.013347
v -0.251144 -0.488372 -0.041859
v -0.261285 -0.488372 -0.074386
v -0.279011 -0.488372 -0.114544
v -0.293866 -0.488372 -0.161209
v -0.294331 -0.488372 -0.207450
v -0.274710 -0.488372 -0.243946
v -0.238098 -0.488372 -0.264751
v -0.193718 -0.488372 -0.271208
v -0.150868 -0.488372 -0.270959
v -0.113883 -0.488372 -0.272510
v -0.081381 -0.488372 -0.279176
v -0.049661 -0.488372 -0.286817
v -0.017033 -0.488372 -0.287159
v 0.014543 -0.488372 -0.274372
v 0.041697 -0.488372 -0.250175
v 0.063671 -0.488372 -0.223649
v 0.084453 -0.488372 -0.205714
v 0.110834 -0.488372 -0.202037
v 0.147493 -0.488372 -0.209263
v 0.192786 -0.488372 -0.217098
v 0.238705 -0.488372 -0.214674
v 0.275452 -0.488372 -0.196749
v 0.297572 -0.488372 -0.165686
v 0.307209 -0.488372 -0.128384
v 0.311996 -0.488372 -0.090948
v 0.318973 -0.488372 -0.055228
v 0.328920 -0.488372 -0.019510
v 0.335305 -0.488372 0.017773
v 0.328792 -0.488372 0.054801
v 0.304183 -0.488372 0.086598
v 0.264876 -0.488372 0.108740
v 0.221602 -0.488372 0.121567
v 0.174666 -0.465116 0.130552
v 0.158508 -0.465116 0.148872
v 0.151629 -0.465116 0.178371
v 0.144766 -0.465116 0.215122
v 0.130227 -0.465116 0.250060
v 0.105994 -0.465116 0.274958
v 0.075265 -0.465116 0.287861
v 0.042491 -0.465116 0.293992
v 0.009447 -0.465116 0.301367
v -0.025464 -0.465116 0.314222
v -0.064327 -0.465116 0.329045
v -0.105934 -0.465116 0.336180
v -0.144610 -0.465116 0.326043
v -0.173088 -0.465116 0.295644
v -0.187530 -0.465116 0.250897
v -0.190851 -0.465116 0.203204
v -0.191488 -0.465116 0.162779
v -0.198099 -0.465116 0.133310
v -0.213836 -0.465116 0.111363
v -0.234355 -0.465116 0.090342
v -0.251159 -0.465116 0.065669
v -0.257965 -0.465116 0.037284
v -0.255500 -0.465116 0.008009
v -0.251137 -0.465116 -0.020352
v -0.253514 -0.465116 -0.049561
v -0.265897 -0.465116 -0.083787
v -0.283044 -0.465116 -0.125539
v -0.293880 -0.465116 -0.172055
v -0.288181 -0.465116 -0.215398
v -0.262695 -0.465116 -0.246725
v -0.222633 -0.465116 -0.261899
v -0.177848 -0.465116 -0.264283
v -0.136681 -0.465116 -0.262453
v -0.101853 -0.465116 -0.264216
v -0.070907 -0.465116 -0.271194
v -0.040167 -0.465116 -0.277914
v -0.008658 -0.465116 -0.276198
v 0.021211 -0.465116 -0.261738
v 0.046541 -0.465116 -0.238068
v 0.067734 -0.465116 -0.214954
v 0.089673 -0.465116 -0.202180
v 0.118864 -0.465116 -0.203027
v 0.158420 -0.465116 -0.211950
v 0.204746 -0.465116 -0.217999
v 0.248782 -0.465116 -0.211483
v 0.281307 -0.465116 -0.189304
v 0.298676 -0.465116 -0.155546
v 0.304819 -0.465116 -0.117505
v 0.307897 -0.465116 -0.080503
v 0.313941 -0.465116 -0.045374
v 0.322065 -0.465116 -0.010096
v 0.324824 -0.465116 0.026323
v 0.313599 -0.465116 0.061307
v 0.285237 -0.465116 0.089881
v 0.245180 -0.465116 0.108745
v 0.204792 -0.465116 0.119898
v 0.163051 -0.441860 0.129116
v 0.151673 -0.441860 0.150635
v 0.146920 -0.441860 0.182941
v 0.139525 -0.441860 0.220371
v 0.123155 -0.441860 0.253504
v 0.097393 -0.441860 0.275300
v 0.066214 -0.441860 0.285584
v 0.033752 -0.441860 0.290593
v 0.001022 -0.441860 0.297814
v -0.033832 -0.441860 0.309819
v -0.072241 -0.441860 0.321590
v -0.111917 -0.441860 0.323395
v -0.146685 -0.441860 0.307288
v -0.170052 -0.441860 0.272709
v -0.179987 -0.441860 0.227292
v -0.181156 -0.441860 0.182403
v -0.182518 -0.441860 0.146581
v -0.191650 -0.441860 0.121341
v -0.209753 -0.441860 0.101900
v -0.231011 -0.441860 0.081725
v -0.246926 -0.441860 0.057251
v -0.252571 -0.441860 0.029336
v -0.250252 -0.441860 0.000859
v -0.247828 -0.441860 -0.027063
v -0.252786 -0.441860 -0.056785
v -0.266296 -0.441860 -0.092157
v -0.281519 -0.441860 -0.134384
v -0.287446 -0.441860 -0.179242
v -0.275663 -0.441860 -0.218291
v -0.245386 -0.441860 -0.243708
v -0.203489 -0.441860 -0.253379
v -0.159829 -0.441860 -0.252439
v -0.121379 -0.441860 -0.249849
v -0.089245 -0.441860 -0.252267
v -0.060181 -0.441860 -0.259563
v -0.030812 -0.441860 -0.265279
v -0.000898 -0.441860 -0.261791
v 0.026916 -0.441860 -0.246482
v 0.050411 -0.441860 -0.224412
v 0.071097 -0.441860 -0.205442
v 0.094388 -0.441860 -0.197732
v 0.126050 -0.441860 -0.202144
v 0.167420 -0.441860 -0.211422
v 0.213187 -0.441860 -0.214655
v 0.253802 -0.441860 -0.203829
v 0.281159 -0.441860 -0.178013
v 0.293601 -0.441860 -0.142634
v 0.296557 -0.441860 -0.104913
v 0.298222 -0.441860 -0.069145
v 0.303301 -0.441860 -0.035228
v 0.309353 -0.441860 -0.001061
v 0.308474 -0.441860 0.033685
v 0.293216 -0.441860 0.065867
v 0.262540 -0.441860 0.090857
v 0.223501 -0.441860 0.106689
v 0.187406 -0.441860 0.116860
v 0.151960 -0.418605 0.127391
v 0.144610 -0.418605 0.151868
v 0.141041 -0.418605 0.186023
v 0.132535 -0.418605 0.222855
v 0.114359 -0.418605 0.253136
v 0.087554 -0.418605 0.271342
v 0.056530 -0.418605 0.278982
v 0.024881 -0.418605 0.282903
v -0.007092 -0.418605 0.289688
v -0.041290 -0.418605 0.300220
v -0.078370 -0.418605 0.308370
v -0.115130 -0.418605 0.304875
v -0.145298 -0.418605 0.283733
v -0.163523 -0.418605 0.246633
v -0.169629 -0.418605 0.202344
v -0.169668 -0.418605 0.161559
v -0.172553 -0.418605 0.130828
v -0.184371 -0.418605 0.109648
v -0.204384 -0.418605 0.092334
v -0.225704 -0.418605 0.072828
v -0.240295 -0.418605 0.048691
v -0.244771 -0.418605 0.021527
v -0.242790 -0.418605 -0.005944
v -0.242228 -0.418605 -0.033314
v -0.249103 -0.418605 -0.063308
v -0.262603 -0.418605 -0.099167
v -0.274810 -0.418605 -0.140728
v -0.275405 -0.418605 -0.182599
v -0.258093 -0.418605 -0.216365
v -0.224377 -0.418605 -0.235638
v -0.182238 -0.418605 -0.240360
v -0.140973 -0.418605 -0.237043
v -0.105936 -0.418605 -0.234493
v -0.076759 -0.418605 -0.237887
v -0.049734 -0.418605 -0.245441
v -0.021998 -0.418605 -0.250121
v 0.006004 -0.418605 -0.245234
v 0.031615 -0.418605 -0.229872
v 0.053428 -0.418605 -0.210226
v 0.073904 -0.418605 -0.195703
v 0.098595 -0.418605 -0.192533
v 0.132160 -0.418605 -0.199330
v 0.174127 -0.418605 -0.207709
v 0.217839 -0.418605 -0.207428
v 0.253831 -0.418605 -0.192452
v 0.275527 -0.418605 -0.163859
v 0.283245 -0.418605 -0.127961
v 0.283524 -0.418605 -0.091485
v 0.284129 -0.418605 -0.057573
v 0.288253 -0.418605 -0.025352
v 0.292131 -0.418605 0.007152
v 0.287864 -0.418605 0.039591
v 0.269493 -0.418605 0.068490
v 0.237975 -0.418605 0.089867
v 0.201455 -0.418605 0.103164
v 0.170559 -0.418605 0.113084
v 0.141915 -0.395349 0.125878
v 0.137620 -0.395349 0.152850
v 0.134327 -0.395349 0.187832
v 0.124301 -0.395349 0.222945
v 0.104489 -0.395349 0.249630
v 0.077136 -0.395349 0.264053
v 0.046769 -0.395349 0.269199
v 0.016296 -0.395349 0.272110
v -0.014587 -0.395349 0.278209
v -0.047633 -0.395349 0.286801
v -0.082686 -0.395349 0.291073
v -0.115858 -0.395349 0.282674
v -0.141155 -0.395349 0.257657
v -0.154612 -0.395349 0.219630
v -0.157794 -0.395349 0.177898
v -0.157699 -0.395349 0.141986
v -0.162689 -0.395349 0.116346
v -0.177116 -0.395349 0.098749
v -0.198466 -0.395349 0.083073
v -0.219214 -0.395349 0.064038
v -0.232167 -0.395349 0.040335
v -0.235528 -0.395349 0.014105
v -0.233996 -0.395349 -0.012269
v -0.235057 -0.395349 -0.039039
v -0.243096 -0.395349 -0.069057
v -0.255568 -0.395349 -0.104749
v -0.264018 -0.395349 -0.144639
v -0.259295 -0.395349 -0.182534
v -0.237335 -0.395349 -0.210514
v -0.201582 -0.395349 -0.223890
v -0.160561 -0.395349 -0.224517
v -0.122563 -0.395349 -0.219828
v -0.091249 -0.395349 -0.217999
v -0.065013 -0.395349 -0.222551
v -0.040004 -0.395349 -0.230262
v -0.014009 -0.395349 -0.233925
v 0.011956 -0.395349 -0.228038
v 0.035424 -0.395349 -0.213291
v 0.055842 -0.395349 -0.196574
v 0.076398 -0.395349 -0.186398
v 0.102412 -0.395349 -0.186939
v 0.137202 -0.395349 -0.194899
v 0.178598 -0.395349 -0.201352
v 0.219040 -0.395349 -0.197216
v 0.249660 -0.395349 -0.178542
v 0.265658 -0.395349 -0.148115
v 0.269163 -0.395349 -0.112665
v 0.267390 -0.395349 -0.078111
v 0.267293 -0.395349 -0.046438
v 0.270508 -0.395349 -0.016200
v 0.272251 -0.395349 0.014274
v 0.265035 -0.395349 0.044018
v 0.244551 -0.395349 0.069471
v 0.213503 -0.395349 0.087508
v 0.180578 -0.395349 0.098927
v 0.155235 -0.395349 0.109280
v 0.133387 -0.372093 0.125135
v 0.131105 -0.372093 0.154049
v 0.127302 -0.372093 0.188938
v 0.115511 -0.372093 0.221493
v 0.094291 -0.372093 0.244183
v 0.066802 -0.372093 0.254897
v 0.037413 -0.372093 0.257815
v 0.008294 -0.372093 0.259826
v -0.021326 -0.372093 0.265046
v -0.052898 -0.372093 0.271406
v -0.085481 -0.372093 0.271814
v -0.114753 -0.372093 0.259126
v -0.135301 -0.372093 0.231405
v -0.144656 -0.372093 0.193767
v -0.145906 -0.372093 0.155528
v -0.146549 -0.372093 0.124722
v -0.154004 -0.372093 0.103764
v -0.170799 -0.372093 0.089073
v -0.192907 -0.372093 0.074491
v -0.212576 -0.372093 0.055710
v -0.223719 -0.372093 0.032465
v -0.226059 -0.372093 0.007216
v -0.225009 -0.372093 -0.018105
v -0.227356 -0.372093 -0.044312
v -0.235826 -0.372093 -0.074163
v -0.246468 -0.372093 -0.109148
v -0.250773 -0.372093 -0.146626
v -0.241073 -0.372093 -0.179972
v -0.215462 -0.372093 -0.202132
v -0.178908 -0.372093 -0.210218
v -0.139976 -0.372093 -0.207749
v -0.105671 -0.372093 -0.202625
v -0.078015 -0.372093 -0.202033
v -0.054460 -0.372093 -0.207806
v -0.031280 -0.372093 -0.215555
v -0.006967 -0.372093 -0.218259
v 0.017037 -0.372093 -0.211742
v 0.038608 -0.372093 -0.198089
v 0.058017 -0.372093 -0.184483
v 0.078931 -0.372093 -0.178236
v 0.106134 -0.372093 -0.181520
v 0.141494 -0.372093 -0.189530
v 0.181361 -0.372093 -0.193321
v 0.217718 -0.372093 -0.185291
v 0.242683 -0.372093 -0.163514
v 0.253320 -0.372093 -0.132109
v 0.253310 -0.372093 -0.097815
v 0.250127 -0.372093 -0.065552
v 0.249651 -0.372093 -0.036228
v 0.252026 -0.372093 -0.008045
v 0.251779 -0.372093 0.020259
v 0.242138 -0.372093 0.047193
v 0.220471 -0.372093 0.069334
v 0.190893 -0.372093 0.084536
v 0.162152 -0.372093 0.094809
v 0.142225 -0.372093 0.106178
v 0.126804 -0.348837 0.125793
v 0.125547 -0.348837 0.156145
v 0.120600 -0.348837 0.190239
v 0.106901 -0.348837 0.219728
v 0.084469 -0.348837 0.238334
v 0.057092 -0.348837 0.245600
v 0.028787 -0.348837 0.246613
v 0.000992 -0.348837 0.247836
v -0.027378 -0.348837 0.252047
v -0.057361 -0.348837 0.256036
v -0.087311 -0.348837 0.252762
v -0.112706 -0.348837 0.236454
v -0.128929 -0.348837 0.207024
v -0.135005 -0.348837 0.170688
v -0.135282 -0.348837 0.136369
v -0.137371 -0.348837 0.110452
v -0.147483 -0.348837 0.093495
v -0.166351 -0.348837 0.080932
v -0.188731 -0.348837 0.066889
v -0.206983 -0.348837 0.048115
v -0.216274 -0.348837 0.025245
v -0.217706 -0.348837 0.000871
v -0.217111 -0.348837 -0.023583
v -0.220373 -0.348837 -0.049371
v -0.228637 -0.348837 -0.078978
v -0.236885 -0.348837 -0.112912
v -0.236932 -0.348837 -0.147555
v -0.222748 -0.348837 -0.176181
v -0.194399 -0.348837 -0.192848
v -0.157959 -0.348837 -0.196456
v -0.121645 -0.348837 -0.191887
v -0.091036 -0.348837 -0.187118
v -0.066671 -0.348837 -0.188116
v -0.045351 -0.348837 -0.195091
v -0.023670 -0.348837 -0.202777
v -0.000819 -0.348837 -0.204601
v 0.021480 -0.348837 -0.197749
v 0.041550 -0.348837 -0.185461
v 0.060410 -0.348837 -0.174884
v 0.081967 -0.348837 -0.171964
v 0.110249 -0.348837 -0.177029
v 0.145669 -0.348837 -0.184171
v 0.183360 -0.348837 -0.184833
v 0.215230 -0.348837 -0.173054
v 0.234643 -0.348837 -0.148749
v 0.240495 -0.348837 -0.117005
v 0.237720 -0.348837 -0.084251
v 0.233708 -0.348837 -0.054328
v 0.233116 -0.348837 -0.027211
v 0.234732 -0.348837 -0.000940
v 0.232685 -0.348837 0.025274
v 0.221124 -0.348837 0.049540
v 0.199010 -0.348837 0.068744
v 0.171533 -0.348837 0.081762
v 0.147121 -0.348837 0.091623
v 0.132112 -0.348837 0.104493
v 0.122546 -0.325581 0.128550
v 0.121441 -0.325581 0.159982
v 0.114837 -0.325581 0.192845
v 0.099111 -0.325581 0.219052
v 0.075555 -0.325581 0.233697
v 0.048340 -0.325581 0.237863
v 0.021006 -0.325581 0.237286
v -0.005686 -0.325581 0.237820
v -0.032996 -0.325581 0.240935
v -0.061484 -0.325581 0.242507
v -0.088886 -0.325581 0.235785
v -0.110675 -0.325581 0.216427
v -0.123167 -0.325581 0.185997
v -0.126825 -0.325581 0.151461
v -0.126996 -0.325581 0.121065
v -0.131100 -0.325581 0.099517
v -0.143982 -0.325581 0.085739
v -0.164675 -0.325581 0.074508
v -0.186988 -0.325581 0.060453
v -0.203648 -0.325581 0.041386
v -0.211133 -0.325581 0.018691
v -0.211764 -0.325581 -0.005063
v -0.211555 -0.325581 -0.028973
v -0.215376 -0.325581 -0.054605
v -0.222921 -0.325581 -0.084036
v -0.228402 -0.325581 -0.116798
v -0.224222 -0.325581 -0.148480
v -0.206027 -0.325581 -0.172516
v -0.175624 -0.325581 -0.184228
v -0.139835 -0.325581 -0.184213
v -0.106258 -0.325581 -0.178439
v -0.079023 -0.325581 -0.174653
v -0.057379 -0.325581 -0.177477
v -0.037721 -0.325581 -0.185609
v -0.017100 -0.325581 -0.193159
v 0.004643 -0.325581 -0.194185
v 0.025637 -0.325581 -0.187197
v 0.044716 -0.325581 -0.176369
v 0.063546 -0.325581 -0.168566
v 0.086071 -0.325581 -0.168315
v 0.115419 -0.325581 -0.174297
v 0.150601 -0.325581 -0.179855
v 0.185782 -0.325581 -0.177105
v 0.213095 -0.325581 -0.161759
v 0.227302 -0.325581 -0.135356
v 0.229029 -0.325581 -0.103626
v 0.224186 -0.325581 -0.072480
v 0.219825 -0.325581 -0.044674
v 0.219312 -0.325581 -0.019415
v 0.220241 -0.325581 0.005266
v 0.216577 -0.325581 0.029660
v 0.203500 -0.325581 0.051594
v 0.181430 -0.325581 0.068395
v 0.156339 -0.325581 0.079947
v 0.136072 -0.325581 0.090106
v 0.125289 -0.325581 0.104910
v 0.120899 -0.302326 0.134124
v 0.119182 -0.302326 0.166454
v 0.110470 -0.302326 0.197871
v 0.092554 -0.302326 0.220761
v 0.067817 -0.302326 0.231660
v 0.040628 -0.302326 0.233063
v 0.013976 -0.302326 0.231161
v -0.011983 -0.302326 0.231076
v -0.038565 -0.302326 0.233023
v -0.065803 -0.302326 0.232146
v -0.090905 -0.302326 0.222154
v -0.109494 -0.302326 0.200137
v -0.118908 -0.302326 0.169117
v -0.120971 -0.302326 0.136541
v -0.121811 -0.302326 0.109800
v -0.128425 -0.302326 0.091953
v -0.144201 -0.302326 0.080506
v -0.166574 -0.302326 0.069835
v -0.188624 -0.302326 0.055219
v -0.203625 -0.302326 0.035497
v -0.209384 -0.302326 0.012660
v -0.209295 -0.302326 -0.010854
v -0.209379 -0.302326 -0.034652
v -0.213438 -0.302326 -0.060500
v -0.219847 -0.302326 -0.089961
v -0.222285 -0.302326 -0.121611
v -0.213915 -0.302326 -0.150406
v -0.192039 -0.302326 -0.170140
v -0.159988 -0.302326 -0.177488
v -0.125049 -0.302326 -0.174649
v -0.094034 -0.302326 -0.168432
v -0.069652 -0.302326 -0.166136
v -0.050049 -0.302326 -0.170966
v -0.031418 -0.302326 -0.180228
v -0.011343 -0.302326 -0.187598
v 0.009743 -0.302326 -0.187885
v 0.029934 -0.302326 -0.180871
v 0.048606 -0.302326 -0.171476
v 0.067976 -0.302326 -0.166120
v 0.091861 -0.302326 -0.167907
v 0.122389 -0.302326 -0.174068
v 0.157233 -0.302326 -0.177469
v 0.189801 -0.302326 -0.171087
v 0.212677 -0.302326 -0.152278
v 0.222102 -0.302326 -0.123998
v 0.220323 -0.302326 -0.092370
v 0.214002 -0.302326 -0.062648
v 0.209665 -0.302326 -0.036549
v 0.209374 -0.302326 -0.012659
v 0.209665 -0.302326 0.010873
v 0.204515 -0.302326 0.033847
v 0.190184 -0.302326 0.053909
v 0.168427 -0.302326 0.068920
v 0.145758 -0.302326 0.079744
v 0.129270 -0.302326 0.090891
v 0.121972 -0.302326 0.108063
v 0.121975 -0.279070 0.143156
v 0.118948 -0.279070 0.176321
v 0.107674 -0.279070 0.206178
v 0.087326 -0.279070 0.225762
v 0.061232 -0.279070 0.233100
v 0.033804 -0.279070 0.232010
v 0.007440 -0.279070 0.228979
v -0.018239 -0.279070 0.228304
v -0.044494 -0.279070 0.228987
v -0.070801 -0.279070 0.225585
v -0.093911 -0.279070 0.212389
v -0.109731 -0.279070 0.187919
v -0.116699 -0.279070 0.156505
v -0.117938 -0.279070 0.125860
v -0.120177 -0.279070 0.102396
v -0.129797 -0.279070 0.087562
v -0.148647 -0.279070 0.077630
v -0.172644 -0.279070 0.066780
v -0.194315 -0.279070 0.051043
v -0.207623 -0.279070 0.030251
v -0.211714 -0.279070 0.006879
v -0.210946 -0.279070 -0.016852
v -0.211212 -0.279070 -0.041040
v -0.215211 -0.279070 -0.067545
v -0.220102 -0.279070 -0.097321
v -0.219215 -0.279070 -0.128006
v -0.206602 -0.279070 -0.154055
v -0.181194 -0.279070 -0.169790
v -0.147672 -0.279070 -0.173314
v -0.113570 -0.279070 -0.168350
v -0.084791 -0.279070 -0.162360
v -0.062666 -0.279070 -0.162008
v -0.044400 -0.279070 -0.169025
v -0.026140 -0.279070 -0.179413
v -0.006062 -0.279070 -0.186569
v 0.014871 -0.279070 -0.186143
v 0.034810 -0.279070 -0.179147
v 0.053701 -0.279070 -0.171104
v 0.074224 -0.279070 -0.167865
v 0.099921 -0.279070 -0.171120
v 0.131835 -0.279070 -0.176803
v 0.166351 -0.279070 -0.177525
v 0.196293 -0.279070 -0.167250
v 0.214874 -0.279070 -0.144956
v 0.219890 -0.279070 -0.114835
v 0.215126 -0.279070 -0.083212
v 0.207810 -0.279070 -0.054589
v 0.203801 -0.279070 -0.029694
v 0.203835 -0.279070 -0.006623
v 0.203501 -0.279070 0.016257
v 0.196923 -0.279070 0.038264
v 0.181478 -0.279070 0.056957
v 0.160152 -0.279070 0.070813
v 0.139823 -0.279070 0.081647
v 0.126705 -0.279070 0.094479
v 0.122190 -0.279070 0.114499
v 0.125618 -0.255814 0.156051
v 0.120592 -0.255814 0.189986
v 0.106273 -0.255814 0.218120
v 0.083199 -0.255814 0.234324
v 0.055513 -0.255814 0.238192
v 0.027544 -0.255814 0.234797
v 0.001056 -0.255814 0.230775
v -0.024795 -0.255814 0.229497
v -0.051116 -0.255814 0.228772
v -0.076782 -0.255814 0.222693
v -0.098169 -0.255814 0.206258
v -0.111605 -0.255814 0.179435
v -0.116717 -0.255814 0.147739
v -0.117884 -0.255814 0.118968
v -0.122265 -0.255814 0.098421
v -0.135424 -0.255814 0.085959
v -0.157569 -0.255814 0.076771
v -0.183150 -0.255814 0.065029
v -0.204303 -0.255814 0.047615
v -0.215831 -0.255814 0.025319
v -0.218254 -0.255814 0.000998
v -0.216807 -0.255814 -0.023424
v -0.217124 -0.255814 -0.048513
v -0.220750 -0.255814 -0.076112
v -0.223708 -0.255814 -0.106474
v -0.219141 -0.255814 -0.136301
v -0.202123 -0.255814 -0.159681
v -0.173211 -0.255814 -0.171634
v -0.138290 -0.255814 -0.171792
v -0.104950 -0.255814 -0.165344
v -0.078067 -0.255814 -0.160228
v -0.057620 -0.255814 -0.162284
v -0.040014 -0.255814 -0.171690
v -0.021491 -0.255814 -0.183202
v -0.000870 -0.255814 -0.190086
v 0.020413 -0.255814 -0.188933
v 0.040658 -0.255814 -0.181965
v 0.060403 -0.255814 -0.175187
v 0.082701 -0.255814 -0.173760
v 0.110677 -0.255814 -0.177943
v 0.144181 -0.255814 -0.182504
v 0.178348 -0.255814 -0.179987
v 0.205578 -0.255814 -0.165487
v 0.219905 -0.255814 -0.139583
v 0.220779 -0.255814 -0.107569
v 0.213458 -0.255814 -0.075790
v 0.205578 -0.255814 -0.047912
v 0.202169 -0.255814 -0.023716
v 0.202607 -0.255814 -0.000927
v 0.201624 -0.255814 0.021784
v 0.193614 -0.255814 0.043260
v 0.177130 -0.255814 0.061072
v 0.156311 -0.255814 0.074396
v 0.138237 -0.255814 0.085981
v 0.128120 -0.255814 0.101217
v 0.125744 -0.255814 0.124599
v 0.131335 -0.232558 0.172810
v 0.123598 -0.232558 0.207288
v 0.105745 -0.232558 0.233359
v 0.079673 -0.232558 0.245955
v 0.050210 -0.232558 0.246344
v 0.021454 -0.232558 0.240782
v -0.005505 -0.232558 0.235881
v -0.031903 -0.232558 0.233951
v -0.058582 -0.232558 0.231617
v -0.083788 -0.232558 0.222649
v -0.103617 -0.232558 0.202912
v -0.114985 -0.232558 0.173857
v -0.118817 -0.232558 0.142062
v -0.120699 -0.232558 0.115194
v -0.128008 -0.232558 0.097286
v -0.145252 -0.232558 0.086608
v -0.170864 -0.232558 0.077426
v -0.197887 -0.232558 0.064102
v -0.218261 -0.232558 0.044486
v -0.227816 -0.232558 0.020299
v -0.228505 -0.232558 -0.005333
v -0.226342 -0.232558 -0.030866
v -0.226547 -0.232558 -0.057300
v -0.229432 -0.232558 -0.086341
v -0.229963 -0.232558 -0.117431
v -0.221284 -0.232558 -0.146352
v -0.199654 -0.232558 -0.166985
v -0.167272 -0.232558 -0.175265
v -0.131079 -0.232558 -0.172474
v -0.098506 -0.232558 -0.165206
v -0.073256 -0.232558 -0.161661
v -0.053975 -0.232558 -0.166623
v -0.036403 -0.232558 -0.178604
v -0.017036 -0.232558 -0.191191
v 0.004613 -0.232558 -0.197685
v 0.026695 -0.232558 -0.195756
v 0.047759 -0.232558 -0.188827
v 0.068960 -0.232558 -0.183245
v 0.093616 -0.232558 -0.183328
v 0.124254 -0.232558 -0.187871
v 0.159417 -0.232558 -0.190605
v 0.193033 -0.232558 -0.184229
v 0.217276 -0.232558 -0.165128
v 0.227242 -0.232558 -0.135496
v 0.224156 -0.232558 -0.101575
v 0.214690 -0.232558 -0.069545
v 0.206686 -0.232558 -0.042127
v 0.204157 -0.232558 -0.018191
v 0.205061 -0.232558 0.004785
v 0.203365 -0.232558 0.027733
v 0.193897 -0.232558 0.049042
v 0.176462 -0.232558 0.066407
v 0.156276 -0.232558 0.079803
v 0.140443 -0.232558 0.092886
v 0.133014 -0.232558 0.111249
v 0.132151 -0.232558 0.138467
v 0.138273 -0.209302 0.192885
v 0.127117 -0.209302 0.227384
v 0.105317 -0.209302 0.250803
v 0.076106 -0.209302 0.259422
v 0.044827 -0.209302 0.256283
v 0.015180 -0.209302 0.248706
v -0.012464 -0.209302 0.243046
v -0.039643 -0.209302 0.240390
v -0.066810 -0.209302 0.236212
v -0.091572 -0.209302 0.224150
v -0.109886 -0.209302 0.201127
v -0.119463 -0.209302 0.170114
v -0.122635 -0.209302 0.138578
v -0.126085 -0.209302 0.113784
v -0.137131 -0.209302 0.098305
v -0.158922 -0.209302 0.088844
v -0.187991 -0.209302 0.078941
v -0.216090 -0.209302 0.063394
v -0.235230 -0.209302 0.041144
v -0.242503 -0.209302 0.014801
v -0.241349 -0.209302 -0.012377
v -0.238412 -0.209302 -0.039316
v -0.238296 -0.209302 -0.067399
v -0.239996 -0.209302 -0.098046
v -0.237535 -0.209302 -0.129778
v -0.224302 -0.209302 -0.157517
v -0.197934 -0.209302 -0.175162
v -0.162278 -0.209302 -0.179822
v -0.125131 -0.209302 -0.174552
v -0.093491 -0.209302 -0.167234
v -0.069721 -0.209302 -0.166034
v -0.051161 -0.209302 -0.174393
v -0.033068 -0.209302 -0.189053
v -0.012363 -0.209302 -0.202551
v 0.010691 -0.209302 -0.208458
v 0.033919 -0.209302 -0.205682
v 0.056234 -0.209302 -0.198819
v 0.079406 -0.209302 -0.194369
v 0.106876 -0.209302 -0.195617
v 0.140357 -0.209302 -0.199866
v 0.176977 -0.209302 -0.199985
v 0.209549 -0.209302 -0.189105
v 0.230306 -0.209302 -0.165100
v 0.235697 -0.209302 -0.131765
v 0.228846 -0.209302 -0.096097
v 0.217724 -0.209302 -0.063873
v 0.210107 -0.209302 -0.036750
v 0.208754 -0.209302 -0.012742
v 0.210154 -0.209302 0.010778
v 0.207661 -0.209302 0.034245
v 0.196736 -0.209302 0.055644
v 0.178523 -0.209302 0.072932
v 0.159209 -0.209302 0.086984
v 0.145678 -0.209302 0.102303
v 0.140629 -0.209302 0.124450
v 0.140610 -0.209302 0.155812
v 0.145291 -0.186047 0.215105
v 0.130088 -0.186047 0.248749
v 0.104115 -0.186047 0.268709
v 0.071860 -0.186047 0.272926
v 0.038952 -0.186047 0.266274
v 0.008495 -0.186047 0.256920
v -0.019880 -0.186047 0.250657
v -0.047885 -0.186047 0.247194
v -0.075470 -0.186047 0.240946
v -0.099632 -0.186047 0.225678
v -0.116389 -0.186047 0.199583
v -0.124475 -0.186047 0.167133
v -0.127690 -0.186047 0.136423
v -0.133616 -0.186047 0.113979
v -0.149134 -0.186047 0.100731
v -0.175712 -0.186047 0.091891
v -0.207910 -0.186047 0.080558
v -0.236413 -0.186047 0.062247
v -0.253663 -0.186047 0.037107
v -0.258277 -0.186047 0.008540
v -0.255170 -0.186047 -0.020238
v -0.251397 -0.186047 -0.048700
v -0.250703 -0.186047 -0.078527
v -0.250708 -0.186047 -0.110682
v -0.244682 -0.186047 -0.142689
v -0.226563 -0.186047 -0.168737
v -0.195567 -0.186047 -0.183047
v -0.157127 -0.186047 -0.184198
v -0.119604 -0.186047 -0.177075
v -0.089231 -0.186047 -0.170624
v -0.066870 -0.186047 -0.172584
v -0.048640 -0.186047 -0.184736
v -0.029549 -0.186047 -0.202001
v -0.007145 -0.186047 -0.216082
v 0.017538 -0.186047 -0.221121
v 0.042119 -0.186047 -0.217428
v 0.065990 -0.186047 -0.210677
v 0.091504 -0.186047 -0.207267
v 0.122020 -0.186047 -0.209239
v 0.158208 -0.186047 -0.212426
v 0.195713 -0.186047 -0.209099
v 0.226440 -0.186047 -0.193160
v 0.243046 -0.186047 -0.164163
v 0.243662 -0.186047 -0.127427
v 0.233382 -0.186047 -0.090427
v 0.221249 -0.186047 -0.058254
v 0.214612 -0.186047 -0.031394
v 0.214724 -0.186047 -0.007100
v 0.216608 -0.186047 0.017180
v 0.213225 -0.186047 0.041305
v 0.200920 -0.186047 0.062933
v 0.182237 -0.186047 0.080454
v 0.164141 -0.186047 0.095720
v 0.152996 -0.186047 0.113947
v 0.149955 -0.186047 0.140356
v 0.150013 -0.186047 0.175858
v 0.151094 -0.162791 0.237739
v 0.131416 -0.162791 0.269333
v 0.101348 -0.162791 0.284923
v 0.066456 -0.162791 0.284407
v 0.032352 -0.162791 0.274428
v 0.001357 -0.162791 0.263666
v -0.027619 -0.162791 0.257009
v -0.056304 -0.162791 0.252671
v -0.084039 -0.162791 0.244194
v -0.107308 -0.162791 0.225793
v -0.122446 -0.162791 0.197116
v -0.129425 -0.162791 0.164018
v -0.133480 -0.162791 0.134861
v -0.142768 -0.162791 0.115061
v -0.163282 -0.162791 0.103773
v -0.194511 -0.162791 0.094908
v -0.229097 -0.162791 0.081490
v -0.257020 -0.162791 0.060056
v -0.271593 -0.162791 0.032018
v -0.273178 -0.162791 0.001406
v -0.268069 -0.162791 -0.028808
v -0.263416 -0.162791 -0.058698
v -0.261851 -0.162791 -0.090116
v -0.259632 -0.162791 -0.123390
v -0.249563 -0.162791 -0.155025
v -0.226479 -0.162791 -0.178712
v -0.191325 -0.162791 -0.189366
v -0.150943 -0.162791 -0.187291
v -0.113865 -0.162791 -0.179161
v -0.085199 -0.162791 -0.174613
v -0.064199 -0.162791 -0.180484
v -0.045941 -0.162791 -0.196609
v -0.025481 -0.162791 -0.216148
v -0.001185 -0.162791 -0.230300
v 0.025161 -0.162791 -0.234136
v 0.051136 -0.162791 -0.229477
v 0.076708 -0.162791 -0.222893
v 0.104726 -0.162791 -0.220359
v 0.138208 -0.162791 -0.222490
v 0.176571 -0.162791 -0.223765
v 0.214009 -0.162791 -0.216224
v 0.241846 -0.162791 -0.194910
v 0.253619 -0.162791 -0.161186
v 0.249435 -0.162791 -0.121707
v 0.236310 -0.162791 -0.084056
v 0.223996 -0.162791 -0.052340
v 0.218983 -0.162791 -0.025815
v 0.220789 -0.162791 -0.001136
v 0.223077 -0.162791 0.023973
v 0.218731 -0.162791 0.048741
v 0.205235 -0.162791 0.070631
v 0.186519 -0.162791 0.088643
v 0.170043 -0.162791 0.105629
v 0.161305 -0.162791 0.127284
v 0.159760 -0.162791 0.158124
v 0.159028 -0.162791 0.197323
v 0.154440 -0.139535 0.258677
v 0.130181 -0.139535 0.286847
v 0.096475 -0.139535 0.297242
v 0.059670 -0.139535 0.291905
v 0.025023 -0.139535 0.279035
v -0.006087 -0.139535 0.267382
v -0.035383 -0.139535 0.260580
v -0.064424 -0.139535 0.255328
v -0.091886 -0.139535 0.244590
v -0.113906 -0.139535 0.223376
v -0.127421 -0.139535 0.192899
v -0.133795 -0.139535 0.160156
v -0.139533 -0.139535 0.133322
v -0.152919 -0.139535 0.116356
v -0.178585 -0.139535 0.106622
v -0.213850 -0.139535 0.097053
v -0.249660 -0.139535 0.081031
v -0.275792 -0.139535 0.056377
v -0.286888 -0.139535 0.025728
v -0.285190 -0.139535 -0.006492
v -0.278137 -0.139535 -0.037767
v -0.272595 -0.139535 -0.068781
v -0.269859 -0.139535 -0.101379
v -0.264950 -0.139535 -0.135106
v -0.250578 -0.139535 -0.165521
v -0.222821 -0.139535 -0.186146
v -0.184391 -0.139535 -0.192982
v -0.143229 -0.139535 -0.188237
v -0.107561 -0.139535 -0.180157
v -0.081038 -0.139535 -0.178563
v -0.061307 -0.139535 -0.188891
v -0.042690 -0.139535 -0.208837
v -0.020628 -0.139535 -0.230019
v 0.005545 -0.139535 -0.243583
v 0.033386 -0.139535 -0.245870
v 0.060617 -0.139535 -0.240238
v 0.087854 -0.139535 -0.233859
v 0.118273 -0.139535 -0.231941
v 0.154278 -0.139535 -0.233558
v 0.193881 -0.139535 -0.232080
v 0.229998 -0.139535 -0.219760
v 0.253821 -0.139535 -0.193132
v 0.260249 -0.139535 -0.155379
v 0.251560 -0.139535 -0.114167
v 0.236473 -0.139535 -0.076751
v 0.224950 -0.139535 -0.045984
v 0.222167 -0.139535 -0.019924
v 0.225775 -0.139535 0.005140
v 0.228313 -0.139535 0.031002
v 0.222971 -0.139535 0.056260
v 0.208590 -0.139535 0.078361
v 0.190366 -0.139535 0.097073
v 0.175879 -0.139535 0.116178
v 0.169415 -0.139535 0.141530
v 0.168690 -0.139535 0.176550
v 0.166258 -0.139535 0.218503
v 0.154356 -0.116279 0.275738
v 0.125820 -0.116279 0.299149
v 0.089314 -0.116279 0.303801
v 0.051582 -0.116279 0.293913
v 0.017180 -0.116279 0.278857
v -0.013537 -0.116279 0.266941
v -0.042766 -0.116279 0.260256
v -0.071712 -0.116279 0.254100
v -0.098391 -0.116279 0.241235
v -0.118829 -0.116279 0.217790
v -0.130834 -0.116279 0.186533
v -0.137210 -0.116279 0.155227
v -0.145421 -0.116279 0.131384
v -0.163347 -0.116279 0.117240
v -0.193841 -0.116279 0.108511
v -0.232025 -0.116279 0.097588
v -0.267561 -0.116279 0.078660
v -0.290620 -0.116279 0.051004
v -0.297579 -0.116279 0.018334
v -0.292549 -0.116279 -0.014835
v -0.283749 -0.116279 -0.046626
v -0.277351 -0.116279 -0.078274
v -0.273184 -0.116279 -0.111422
v -0.265272 -0.116279 -0.144735
v -0.246658 -0.116279 -0.173006
v -0.214938 -0.116279 -0.189990
v -0.174488 -0.116279 -0.193131
v -0.133902 -0.116279 -0.186561
v -0.100600 -0.116279 -0.179709
v -0.076539 -0.116279 -0.181980
v -0.057904 -0.116279 -0.196960
v -0.038642 -0.116279 -0.220182
v -0.014916 -0.116279 -0.242107
v 0.012898 -0.116279 -0.254341
v 0.041868 -0.116279 -0.254789
v 0.070056 -0.116279 -0.248231
v 0.098729 -0.116279 -0.242064
v 0.131164 -0.116279 -0.240399
v 0.168888 -0.116279 -0.240786
v 0.208472 -0.116279 -0.235846
v 0.241874 -0.116279 -0.218526
v 0.260689 -0.116279 -0.187106
v 0.261606 -0.116279 -0.146445
v 0.249104 -0.116279 -0.104771
v 0.233200 -0.116279 -0.068558
v 0.223475 -0.116279 -0.039220
v 0.223386 -0.116279 -0.013763
v 0.228733 -0.116279 0.011599
v 0.231296 -0.116279 0.038007
v 0.224979 -0.116279 0.063494
v 0.210115 -0.116279 0.085698
v 0.192918 -0.116279 0.105258
v 0.180661 -0.116279 0.126716
v 0.176136 -0.116279 0.155692
v 0.175422 -0.116279 0.194164
v 0.170445 -0.116279 0.237476
v 0.150317 -0.093023 0.287031
v 0.118228 -0.093023 0.304617
v 0.080073 -0.093023 0.303412
v 0.042539 -0.093023 0.289642
v 0.009194 -0.093023 0.273325
v -0.020614 -0.093023 0.261813
v -0.049340 -0.093023 0.255486
v -0.077677 -0.093023 0.248489
v -0.103062 -0.093023 0.233808
v -0.121681 -0.093023 0.208933
v -0.132433 -0.093023 0.178031
v -0.139463 -0.093023 0.149172
v -0.150757 -0.093023 0.128750
v -0.173252 -0.093023 0.117166
v -0.207729 -0.093023 0.108787
v -0.247300 -0.093023 0.095982
v -0.280913 -0.093023 0.074135
v -0.299743 -0.093023 0.044023
v -0.302184 -0.093023 0.010165
v -0.294032 -0.093023 -0.023151
v -0.283819 -0.093023 -0.054812
v -0.276647 -0.093023 -0.086479
v -0.270871 -0.093023 -0.119399
v -0.259867 -0.093023 -0.151345
v -0.237439 -0.093023 -0.176626
v -0.202852 -0.093023 -0.189649
v -0.161881 -0.093023 -0.189551
v -0.123237 -0.093023 -0.182230
v -0.093090 -0.093023 -0.177755
v -0.071608 -0.093023 -0.184500
v -0.053807 -0.093023 -0.203885
v -0.033699 -0.093023 -0.229454
v -0.008445 -0.093023 -0.251043
v 0.020569 -0.093023 -0.261233
v 0.050146 -0.093023 -0.259660
v 0.078862 -0.093023 -0.252279
v 0.108561 -0.093023 -0.246285
v 0.142364 -0.093023 -0.244447
v 0.180715 -0.093023 -0.242935
v 0.218850 -0.093023 -0.234085
v 0.248213 -0.093023 -0.211979
v 0.261359 -0.093023 -0.176750
v 0.257057 -0.093023 -0.134620
v 0.241817 -0.093023 -0.093854
v 0.226384 -0.093023 -0.059744
v 0.219353 -0.093023 -0.032216
v 0.222185 -0.093023 -0.007474
v 0.229015 -0.093023 0.018032
v 0.231328 -0.093023 0.044675
v 0.224121 -0.093023 0.070060
v 0.209222 -0.093023 0.092224
v 0.193513 -0.093023 0.112701
v 0.183526 -0.093023 0.136522
v 0.180405 -0.093023 0.168663
v 0.178848 -0.093023 0.209419
v 0.170679 -0.093023 0.252382
v 0.142344 -0.069767 0.291308
v 0.107781 -0.069767 0.302462
v 0.069294 -0.069767 0.295788
v 0.033070 -0.069767 0.279151
v 0.001502 -0.069767 0.262608
v -0.026947 -0.069767 0.252115
v -0.054743 -0.069767 0.246330
v -0.081964 -0.069767 0.238607
v -0.105621 -0.069767 0.222571
v -0.122337 -0.069767 0.197192
v -0.132212 -0.069767 0.167747
v -0.140499 -0.069767 0.142115
v -0.155199 -0.069767 0.125226
v -0.181827 -0.069767 0.115705
v -0.218992 -0.069767 0.107008
v -0.258183 -0.069767 0.092002
v -0.288297 -0.069767 0.067539
v -0.302054 -0.069767 0.035784
v -0.299963 -0.069767 0.001715
v -0.289155 -0.069767 -0.030907
v -0.277968 -0.069767 -0.061774
v -0.270148 -0.069767 -0.092798
v -0.262704 -0.069767 -0.124666
v -0.248785 -0.069767 -0.154345
v -0.223313 -0.069767 -0.176006
v -0.187218 -0.069767 -0.185089
v -0.147269 -0.069767 -0.182519
v -0.111753 -0.069767 -0.175617
v -0.085252 -0.069767 -0.174468
v -0.066234 -0.069767 -0.185868
v -0.048951 -0.069767 -0.208955
v -0.027918 -0.069767 -0.235658
v -0.001463 -0.069767 -0.255792
v 0.028149 -0.069767 -0.263358
v 0.057722 -0.069767 -0.259732
v 0.086455 -0.069767 -0.251681
v 0.116634 -0.069767 -0.245778
v 0.150959 -0.069767 -0.243327
v 0.188688 -0.069767 -0.239403
v 0.223969 -0.069767 -0.226545
v 0.248254 -0.069767 -0.200309
v 0.255538 -0.069767 -0.162611
v 0.246784 -0.069767 -0.120588
v 0.230148 -0.069767 -0.082012
v 0.216446 -0.069767 -0.050706
v 0.212755 -0.069767 -0.025205
v 0.218437 -0.069767 -0.001249
v 0.226318 -0.069767 0.024190
v 0.228095 -0.069767 0.050691
v 0.220141 -0.069767 0.075620
v 0.205645 -0.069767 0.097589
v 0.191734 -0.069767 0.118951
v 0.183837 -0.069767 0.144893
v 0.181442 -0.069767 0.179379
v 0.178266 -0.069767 0.220935
v 0.166562 -0.069767 0.261748
v 0.130997 -0.046512 0.288207
v 0.095245 -0.046512 0.292883
v 0.057730 -0.046512 0.281592
v 0.023766 -0.046512 0.263317
v -0.005494 -0.046512 0.247552
v -0.032254 -0.046512 0.238557
v -0.058754 -0.046512 0.233417
v -0.084426 -0.046512 0.225125
v -0.106061 -0.046512 0.208287
v -0.120951 -0.046512 0.183333
v -0.130393 -0.046512 0.156265
v -0.140402 -0.046512 0.134306
v -0.158478 -0.046512 0.120729
v -0.188378 -0.046512 0.112615
v -0.226649 -0.046512 0.103018
v -0.263698 -0.046512 0.085754
v -0.289035 -0.046512 0.059256
v -0.297313 -0.046512 0.026834
v -0.291055 -0.046512 -0.006459
v -0.278258 -0.046512 -0.037621
v -0.266584 -0.046512 -0.067102
v -0.258270 -0.046512 -0.096856
v -0.249234 -0.046512 -0.126912
v -0.232824 -0.046512 -0.153602
v -0.205322 -0.046512 -0.171327
v -0.169161 -0.046512 -0.176839
v -0.131618 -0.046512 -0.172772
v -0.100070 -0.046512 -0.167393
v -0.077348 -0.046512 -0.170174
v -0.060468 -0.046512 -0.185944
v -0.043393 -0.046512 -0.211658
v -0.021495 -0.046512 -0.238154
v 0.005678 -0.046512 -0.255833
v 0.035209 -0.046512 -0.260412
v 0.064151 -0.046512 -0.254861
v 0.092376 -0.046512 -0.246322
v 0.122414 -0.046512 -0.240401
v 0.156325 -0.046512 -0.236952
v 0.192197 -0.046512 -0.230332
v 0.223444 -0.046512 -0.213742
v 0.242049 -0.046512 -0.184393
v 0.243794 -0.046512 -0.145743
v 0.231732 -0.046512 -0.105328
v 0.215128 -0.046512 -0.069959
v 0.204215 -0.046512 -0.041867
v 0.204158 -0.046512 -0.018426
v 0.212330 -0.046512 0.004712
v 0.220711 -0.046512 0.029841
v 0.221694 -0.046512 0.055803
v 0.213177 -0.046512 0.079946
v 0.199453 -0.046512 0.101563
v 0.187460 -0.046512 0.123674
v 0.181275 -0.046512 0.151262
v 0.178887 -0.046512 0.187007
v 0.173503 -0.046512 0.227755
v 0.158288 -0.046512 0.264778
v 0.117259 -0.023256 0.278349
v 0.081619 -0.023256 0.277041
v 0.046191 -0.023256 0.262312
v 0.015152 -0.023256 0.243665
v -0.011508 -0.023256 0.229520
v -0.036400 -0.023256 0.222308
v -0.061341 -0.023256 0.217828
v -0.085162 -0.023256 0.209142
v -0.104653 -0.023256 0.192071
v -0.117937 -0.023256 0.168349
v -0.127389 -0.023256 0.144283
v -0.139381 -0.023256 0.126072
v -0.160465 -0.023256 0.115311
v -0.192484 -0.023256 0.107896
v -0.230218 -0.023256 0.096983
v -0.263607 -0.023256 0.077661
v -0.283346 -0.023256 0.049895
v -0.286211 -0.023256 0.017798
v -0.276464 -0.023256 -0.013861
v -0.262444 -0.023256 -0.042971
v -0.250752 -0.023256 -0.070613
v -0.242109 -0.023256 -0.098586
v -0.231676 -0.023256 -0.126233
v -0.213378 -0.023256 -0.149482
v -0.184954 -0.023256 -0.163298
v -0.150050 -0.023256 -0.165891
v -0.115960 -0.023256 -0.161369
v -0.088789 -0.023256 -0.158397
v -0.069633 -0.023256 -0.165294
v -0.054426 -0.023256 -0.184738
v -0.037295 -0.023256 -0.211796
v -0.014726 -0.023256 -0.236810
v 0.012598 -0.023256 -0.251279
v 0.041387 -0.023256 -0.252769
v 0.069148 -0.023256 -0.245552
v 0.096389 -0.023256 -0.236714
v 0.125676 -0.023256 -0.230654
v 0.158275 -0.023256 -0.225929
v 0.191231 -0.023256 -0.216591
v 0.217640 -0.023256 -0.196858
v 0.230468 -0.023256 -0.165615
v 0.227445 -0.023256 -0.127493
v 0.213425 -0.023256 -0.089909
v 0.198173 -0.023256 -0.058384
v 0.190762 -0.023256 -0.033591
v 0.194264 -0.023256 -0.012080
v 0.204334 -0.023256 0.010245
v 0.212632 -0.023256 0.034815
v 0.212628 -0.023256 0.059877
v 0.203747 -0.023256 0.082965
v 0.191049 -0.023256 0.104097
v 0.180900 -0.023256 0.126729
v 0.175920 -0.023256 0.155322
v 0.172880 -0.023256 0.191130
v 0.164966 -0.023256 0.229565
v 0.146600 -0.023256 0.261532
v 0.102341 0.000000 0.263236
v 0.067943 0.000000 0.256855
v 0.035388 0.000000 0.239996
v 0.007598 0.000000 0.222108
v -0.016427 0.000000 0.210166
v -0.039433 0.000000 0.204815
v -0.062684 0.000000 0.200929
v -0.084510 0.000000 0.192018
v -0.101911 0.000000 0.175217
v -0.113912 0.000000 0.153315
v -0.123760 0.000000 0.132528
v -0.137781 0.000000 0.117804
v -0.161257 0.000000 0.109188
v -0.194140 0.000000 0.101812
v -0.229866 0.000000 0.089367
v -0.258499 0.000000 0.068378
v -0.272338 0.000000 0.040157
v -0.270267 0.000000 0.009246
v -0.257891 0.000000 -0.020157
v -0.243401 0.000000 -0.046862
v -0.232079 0.000000 -0.072402
v -0.223257 0.000000 -0.098258
v -0.211699 0.000000 -0.123130
v -0.192188 0.000000 -0.142794
v -0.163878 0.000000 -0.153036
v -0.131269 0.000000 -0.153529
v -0.101236 0.000000 -0.149512
v -0.078412 0.000000 -0.149520
v -0.062334 0.000000 -0.160331
v -0.048271 0.000000 -0.182487
v -0.030905 0.000000 -0.209596
v -0.007940 0.000000 -0.232079
v 0.018986 0.000000 -0.242905
v 0.046485 0.000000 -0.241442
v 0.072659 0.000000 -0.232903
v 0.098556 0.000000 -0.223932
v 0.126575 0.000000 -0.217621
v 0.157121 0.000000 -0.211470
v 0.186412 0.000000 -0.199618
v 0.207629 0.000000 -0.177525
v 0.215047 0.000000 -0.145610
v 0.208327 0.000000 -0.109252
v 0.193702 0.000000 -0.075307
v 0.180843 0.000000 -0.047836
v 0.177254 0.000000 -0.026136
v 0.183920 0.000000 -0.006292
v 0.195180 0.000000 0.015255
v 0.202856 0.000000 0.039056
v 0.201753 0.000000 0.062941
v 0.192693 0.000000 0.084807
v 0.181139 0.000000 0.105355
v 0.172598 0.000000 0.128239
v 0.168268 0.000000 0.157136
v 0.164060 0.000000 0.191881
v 0.153563 0.000000 0.226793
v 0.132651 0.000000 0.252946
v 0.087458 0.023256 0.244987
v 0.055115 0.023256 0.234662
v 0.025823 0.023256 0.216910
v 0.001262 0.023256 0.200647
v -0.020326 0.023256 0.191203
v -0.041581 0.023256 0.187609
v -0.063154 0.023256 0.184191
v -0.083012 0.023256 0.175187
v -0.098532 0.023256 0.159025
v -0.109631 0.023256 0.139260
v -0.120176 0.023256 0.121697
v -0.136106 0.023256 0.109948
v -0.161254 0.023256 0.102743
v -0.193848 0.023256 0.094859
v -0.226446 0.023256 0.080839
v -0.249731 0.023256 0.058655
v -0.257831 0.023256 0.030694
v -0.251569 0.023256 0.001582
v -0.237454 0.023256 -0.025243
v -0.223125 0.023256 -0.049452
v -0.212439 0.023256 -0.072839
v -0.203550 0.023256 -0.096452
v -0.191153 0.023256 -0.118439
v -0.171057 0.023256 -0.134662
v -0.143681 0.023256 -0.141885
v -0.114011 0.023256 -0.141135
v -0.088181 0.023256 -0.138399
v -0.069311 0.023256 -0.141639
v -0.055648 0.023256 -0.155880
v -0.042208 0.023256 -0.179708
v -0.024494 0.023256 -0.205750
v -0.001415 0.023256 -0.224990
v 0.024669 0.023256 -0.232058
v 0.050522 0.023256 -0.227952
v 0.074898 0.023256 -0.218445
v 0.099252 0.023256 -0.209460
v 0.125653 0.023256 -0.202797
v 0.153656 0.023256 -0.195185
v 0.178902 0.023256 -0.181166
v 0.195001 0.023256 -0.157525
v 0.197719 0.023256 -0.125977
v 0.188476 0.023256 -0.092230
v 0.174422 0.023256 -0.062267
v 0.164638 0.023256 -0.038669
v 0.164830 0.023256 -0.019623
v 0.174068 0.023256 -0.001095
v 0.185807 0.023256 0.019753
v 0.192436 0.023256 0.042650
v 0.190197 0.023256 0.065213
v 0.181098 0.023256 0.085813
v 0.170668 0.023256 0.105746
v 0.163389 0.023256 0.128625
v 0.159183 0.023256 0.157193
v 0.153462 0.023256 0.189972
v 0.140538 0.023256 0.220573
v 0.117778 0.023256 0.240685
v 0.073624 0.046512 0.225957
v 0.043758 0.046512 0.212822
v 0.017730 0.046512 0.195193
v -0.003915 0.046512 0.181102
v -0.023450 0.046512 0.174192
v -0.043222 0.046512 0.172128
v -0.063274 0.046512 0.169014
v -0.081352 0.046512 0.159988
v -0.095319 0.046512 0.144661
v -0.105918 0.046512 0.127081
v -0.117391 0.046512 0.112423
v -0.135035 0.046512 0.102992
v -0.161188 0.046512 0.096486
v -0.192603 0.046512 0.087676
v -0.221383 0.046512 0.072133
v -0.239190 0.046512 0.049180
v -0.242036 0.046512 0.021984
v -0.232417 0.046512 -0.005025
v -0.217342 0.046512 -0.029259
v -0.203622 0.046512 -0.051130
v -0.193695 0.046512 -0.072513
v -0.184789 0.046512 -0.093963
v -0.171791 0.046512 -0.113195
v -0.151588 0.046512 -0.126343
v -0.125661 0.046512 -0.131215
v -0.099162 0.046512 -0.130014
v -0.077286 0.046512 -0.129114
v -0.061722 0.046512 -0.135588
v -0.049740 0.046512 -0.152656
v -0.036439 0.046512 -0.177223
v -0.018292 0.046512 -0.201379
v 0.004692 0.046512 -0.217010
v 0.029678 0.046512 -0.220452
v 0.053758 0.046512 -0.214087
v 0.076339 0.046512 -0.203914
v 0.099137 0.046512 -0.194964
v 0.123777 0.046512 -0.187850
v 0.149030 0.046512 -0.178808
v 0.170202 0.046512 -0.162998
v 0.181587 0.046512 -0.138497
v 0.180482 0.046512 -0.108035
v 0.169818 0.046512 -0.077304
v 0.157231 0.046512 -0.051230
v 0.150855 0.046512 -0.031017
v 0.154536 0.046512 -0.014037
v 0.165695 0.046512 0.003582
v 0.177303 0.046512 0.023869
v 0.182593 0.046512 0.045850
v 0.179233 0.046512 0.067099
v 0.170163 0.046512 0.086526
v 0.160720 0.046512 0.105901
v 0.154302 0.046512 0.128605
v 0.149760 0.046512 0.156379
v 0.142327 0.046512 0.186609
v 0.127234 0.046512 0.212556
v 0.103258 0.046512 0.226833
v 0.061505 0.069767 0.208329
v 0.034163 0.069767 0.193359
v 0.011081 0.069767 0.176572
v -0.008174 0.069767 0.164915
v -0.026169 0.069767 0.160400
v -0.044839 0.069767 0.159576
v -0.063656 0.069767 0.156583
v -0.080272 0.069767 0.147524
v -0.093098 0.069767 0.133055
v -0.103607 0.069767 0.117483
v -0.116213 0.069767 0.105237
v -0.135407 0.069767 0.097421
v -0.162072 0.069767 0.090971
v -0.191747 0.069767 0.080906
v -0.216424 0.069767 0.063895
v -0.228947 0.069767 0.040451
v -0.227158 0.069767 0.014256
v -0.214942 0.069767 -0.010653
v -0.199485 0.069767 -0.032546
v -0.186615 0.069767 -0.052436
v -0.177441 0.069767 -0.072135
v -0.168492 0.069767 -0.091681
v -0.155026 0.069767 -0.108472
v -0.134986 0.069767 -0.119043
v -0.110701 0.069767 -0.122247
v -0.087246 0.069767 -0.121265
v -0.068798 0.069767 -0.122570
v -0.055762 0.069767 -0.132158
v -0.044726 0.069767 -0.151497
v -0.031113 0.069767 -0.176098
v -0.012418 0.069767 -0.197870
v 0.010399 0.069767 -0.209805
v 0.034242 0.069767 -0.209884
v 0.056651 0.069767 -0.201615
v 0.077637 0.069767 -0.190974
v 0.099046 0.069767 -0.182028
v 0.121991 0.069767 -0.174348
v 0.144547 0.069767 -0.163905
v 0.161887 0.069767 -0.146597
v 0.169140 0.069767 -0.121692
v 0.165093 0.069767 -0.092666
v 0.153922 0.069767 -0.064946
v 0.143402 0.069767 -0.042337
v 0.140510 0.069767 -0.024825
v 0.147285 0.069767 -0.009243
v 0.159777 0.069767 0.007919
v 0.170799 0.069767 0.027866
v 0.174577 0.069767 0.049054
v 0.170116 0.069767 0.069157
v 0.161061 0.069767 0.087637
v 0.152376 0.069767 0.106617
v 0.146402 0.069767 0.129111
v 0.141133 0.069767 0.155853
v 0.131867 0.069767 0.183283
v 0.114839 0.069767 0.204595
v 0.090089 0.069767 0.213511
v 0.051373 0.093023 0.193765
v 0.026305 0.093023 0.177695
v 0.005642 0.093023 0.162201
v -0.011874 0.093023 0.153042
v -0.028925 0.093023 0.150700
v -0.046958 0.093023 0.150825
v -0.064928 0.093023 0.147755
v -0.080491 0.093023 0.138571
v -0.092638 0.093023 0.124831
v -0.103481 0.093023 0.110939
v -0.117448 0.093023 0.100535
v -0.138138 0.093023 0.093649
v -0.165048 0.093023 0.086676
v -0.192723 0.093023 0.075054
v -0.213279 0.093023 0.056547
v -0.220851 0.093023 0.032694
v -0.215004 0.093023 0.007478
v -0.200771 0.093023 -0.015577
v -0.185289 0.093023 -0.035564
v -0.173335 0.093023 -0.053967
v -0.164803 0.093023 -0.072420
v -0.155706 0.093023 -0.090444
v -0.141779 0.093023 -0.105215
v -0.121955 0.093023 -0.113756
v -0.099232 0.093023 -0.115926
v -0.078450 0.093023 -0.115718
v -0.062757 0.093023 -0.119501
v -0.051440 0.093023 -0.132089
v -0.040643 0.093023 -0.153295
v -0.026274 0.093023 -0.177486
v -0.006839 0.093023 -0.196633
v 0.015900 0.093023 -0.204934
v 0.038755 0.093023 -0.201915
v 0.059776 0.093023 -0.191995
v 0.079519 0.093023 -0.180959
v 0.099852 0.093023 -0.171903
v 0.121333 0.093023 -0.163499
v 0.141427 0.093023 -0.151620
v 0.155318 0.093023 -0.132952
v 0.159056 0.093023 -0.107830
v 0.152835 0.093023 -0.080262
v 0.141853 0.093023 -0.055243
v 0.133781 0.093023 -0.035470
v 0.134329 0.093023 -0.019886
v 0.143831 0.093023 -0.005003
v 0.157205 0.093023 0.012197
v 0.167326 0.093023 0.032116
v 0.169485 0.093023 0.052768
v 0.163911 0.093023 0.072028
v 0.154768 0.093023 0.089899
v 0.146551 0.093023 0.108756
v 0.140605 0.093023 0.131153
v 0.134255 0.093023 0.156840
v 0.123029 0.093023 0.181475
v 0.104181 0.093023 0.198382
v 0.078856 0.093023 0.202487
v 0.043136 0.116279 0.183189
v 0.019922 0.116279 0.166534
v 0.001047 0.116279 0.152611
v -0.015430 0.116279 0.145935
v -0.032171 0.116279 0.145548
v -0.050085 0.116279 0.146350
v -0.067656 0.116279 0.142991
v -0.082622 0.116279 0.133516
v -0.094575 0.116279 0.120277
v -0.106199 0.116279 0.107667
v -0.121820 0.116279 0.098523
v -0.144082 0.116279 0.091918
v -0.171154 0.116279 0.083875
v -0.196742 0.116279 0.070362
v -0.213252 0.116279 0.050215
v -0.216165 0.116279 0.025859
v -0.206682 0.116279 0.001418
v -0.190807 0.116279 -0.020174
v -0.175480 0.116279 -0.038787
v -0.164399 0.116279 -0.056263
v -0.156334 0.116279 -0.073969
v -0.146916 0.116279 -0.090913
v -0.132412 0.116279 -0.104117
v -0.112689 0.116279 -0.111153
v -0.091277 0.116279 -0.112860
v -0.072677 0.116279 -0.113921
v -0.059028 0.116279 -0.120451
v -0.048646 0.116279 -0.136022
v -0.037410 0.116279 -0.158870
v -0.021819 0.116279 -0.182393
v -0.001364 0.116279 -0.198796
v 0.021519 0.116279 -0.203532
v 0.043673 0.116279 -0.197585
v 0.063701 0.116279 -0.186134
v 0.082641 0.116279 -0.174662
v 0.102296 0.116279 -0.165311
v 0.122638 0.116279 -0.155967
v 0.140578 0.116279 -0.142520
v 0.151417 0.116279 -0.122460
v 0.152180 0.116279 -0.097084
v 0.144406 0.116279 -0.070767
v 0.134148 0.116279 -0.047976
v 0.128807 0.116279 -0.030331
v 0.132762 0.116279 -0.015882
v 0.144725 0.116279 -0.000993
v 0.158660 0.116279 0.016775
v 0.167652 0.116279 0.037057
v 0.168084 0.116279 0.057524
v 0.161318 0.116279 0.076328
v 0.151912 0.116279 0.094005
v 0.143832 0.116279 0.113097
v 0.137498 0.116279 0.135624
v 0.129707 0.116279 0.160377
v 0.116325 0.116279 0.182340
v 0.095614 0.116279 0.195109
v 0.069692 0.116279 0.194868
v 0.036444 0.139535 0.176735
v 0.014615 0.139535 0.159891
v -0.003110 0.139535 0.147772
v -0.019246 0.139535 0.143587
v -0.036315 0.139535 0.144975
v -0.054638 0.139535 0.146203
v -0.072266 0.139535 0.142320
v -0.087091 0.139535 0.132339
v -0.099342 0.139535 0.119331
v -0.112219 0.139535 0.107593
v -0.129848 0.139535 0.099153
v -0.153841 0.139535 0.092207
v -0.181057 0.139535 0.082545
v -0.204476 0.139535 0.066754
v -0.216931 0.139535 0.044732
v -0.215324 0.139535 0.019682
v -0.202452 0.139535 -0.004261
v -0.185166 0.139535 -0.024819
v -0.170089 0.139535 -0.042606
v -0.159798 0.139535 -0.059719
v -0.152000 0.139535 -0.077181
v -0.142037 0.139535 -0.093473
v -0.126764 0.139535 -0.105531
v -0.106942 0.139535 -0.111540
v -0.086532 0.139535 -0.113319
v -0.069614 0.139535 -0.116146
v -0.057332 0.139535 -0.125755
v -0.047141 0.139535 -0.144399
v -0.034801 0.139535 -0.168769
v -0.017497 0.139535 -0.191418
v 0.004313 0.139535 -0.204923
v 0.027620 0.139535 -0.206059
v 0.049404 0.139535 -0.197226
v 0.068856 0.139535 -0.184248
v 0.087451 0.139535 -0.172227
v 0.106839 0.139535 -0.162347
v 0.126364 0.139535 -0.151789
v 0.142423 0.139535 -0.136551
v 0.150529 0.139535 -0.114945
v 0.148744 0.139535 -0.089152
v 0.139931 0.139535 -0.063795
v 0.130879 0.139535 -0.042727
v 0.128573 0.139535 -0.026512
v 0.135985 0.139535 -0.012430
v 0.150243 0.139535 0.003162
v 0.164480 0.139535 0.022047
v 0.172111 0.139535 0.043113
v 0.170653 0.139535 0.063776
v 0.162547 0.139535 0.082536
v 0.152649 0.139535 0.100457
v 0.144355 0.139535 0.120175
v 0.137202 0.139535 0.143102
v 0.127566 0.139535 0.167057
v 0.111745 0.139535 0.186439
v 0.089008 0.139535 0.195233
v 0.062340 0.139535 0.190955
v 0.030819 0.162791 0.173856
v 0.009958 0.162791 0.157236
v -0.007213 0.162791 0.147222
v -0.023669 0.162791 0.145599
v -0.041668 0.162791 0.148618
v -0.060885 0.162791 0.150014
v -0.078977 0.162791 0.145342
v -0.094080 0.162791 0.134622
v -0.107101 0.162791 0.121585
v -0.121711 0.162791 0.110342
v -0.141706 0.162791 0.102077
v -0.167558 0.162791 0.094176
v -0.194806 0.162791 0.082327
v -0.215816 0.162791 0.063850
v -0.224022 0.162791 0.039712
v -0.217870 0.162791 0.013798
v -0.201754 0.162791 -0.009884
v -0.183257 0.162791 -0.029790
v -0.168537 0.162791 -0.047253
v -0.158978 0.162791 -0.064523
v -0.151248 0.162791 -0.082186
v -0.140503 0.162791 -0.098190
v -0.124255 0.162791 -0.109454
v -0.104143 0.162791 -0.114873
v -0.084468 0.162791 -0.117261
v -0.068794 0.162791 -0.122399
v -0.057256 0.162791 -0.135482
v -0.046544 0.162791 -0.157320
v -0.032450 0.162791 -0.183053
v -0.012952 0.162791 -0.204512
v 0.010524 0.162791 -0.214817
v 0.034492 0.162791 -0.212178
v 0.056185 0.162791 -0.200397
v 0.075430 0.162791 -0.185851
v 0.094086 0.162791 -0.173148
v 0.113554 0.162791 -0.162488
v 0.132493 0.162791 -0.150410
v 0.146831 0.162791 -0.133116
v 0.152406 0.162791 -0.109784
v 0.148426 0.162791 -0.083422
v 0.139076 0.162791 -0.058775
v 0.131765 0.162791 -0.038983
v 0.132887 0.162791 -0.023557
v 0.143879 0.162791 -0.009112
v 0.160286 0.162791 0.007853
v 0.174520 0.162791 0.028370
v 0.180478 0.162791 0.050601
v 0.176887 0.162791 0.071792
v 0.167242 0.162791 0.090877
v 0.156608 0.162791 0.109445
v 0.147740 0.162791 0.130141
v 0.139315 0.162791 0.153669
v 0.127393 0.162791 0.176851
v 0.108804 0.162791 0.193585
v 0.083846 0.162791 0.198400
v 0.056289 0.162791 0.190261
v 0.025793 0.186047 0.173548
v 0.005576 0.186047 0.157703
v -0.011567 0.186047 0.150206
v -0.028944 0.186047 0.151267
v -0.048395 0.186047 0.155753
v -0.068889 0.186047 0.157013
v -0.087752 0.186047 0.151270
v -0.103474 0.186047 0.139599
v -0.117692 0.186047 0.126319
v -0.134466 0.186047 0.115237
v -0.157095 0.186047 0.106633
v -0.184762 0.186047 0.097163
v -0.211687 0.186047 0.082578
v -0.229796 0.186047 0.061067
v -0.233370 0.186047 0.034684
v -0.222572 0.186047 0.007869
v -0.203390 0.186047 -0.015663
v -0.183975 0.186047 -0.035202
v -0.169814 0.186047 -0.052764
v -0.160980 0.186047 -0.070630
v -0.153145 0.186047 -0.088839
v -0.141402 0.186047 -0.104810
v -0.124029 0.186047 -0.115558
v -0.103529 0.186047 -0.120805
v -0.084422 0.186047 -0.124374
v -0.069632 0.186047 -0.132410
v -0.058260 0.186047 -0.149349
v -0.046343 0.186047 -0.174390
v -0.029892 0.186047 -0.201127
v -0.007808 0.186047 -0.220851
v 0.017517 0.186047 -0.227466
v 0.042244 0.186047 -0.220775
v 0.064001 0.186047 -0.205978
v 0.083301 0.186047 -0.189859
v 0.102319 0.186047 -0.176382
v 0.122087 0.186047 -0.164711
v 0.140522 0.186047 -0.150823
v 0.153154 0.186047 -0.131252
v 0.156315 0.186047 -0.106103
v 0.150496 0.186047 -0.079144
v 0.141204 0.186047 -0.055083
v 0.136289 0.186047 -0.036218
v 0.141305 0.186047 -0.021001
v 0.155982 0.186047 -0.005515
v 0.174282 0.186047 0.013422
v 0.188067 0.186047 0.035985
v 0.191917 0.186047 0.059632
v 0.185892 0.186047 0.081560
v 0.174507 0.186047 0.101231
v 0.162908 0.186047 0.120751
v 0.153113 0.186047 0.142656
v 0.142960 0.186047 0.166816
v 0.128313 0.186047 0.189036
v 0.106675 0.186047 0.202848
v 0.079401 0.186047 0.203542
v 0.050942 0.186047 0.191695
v 0.020991 0.209302 0.174621
v 0.001192 0.209302 0.160287
v -0.016383 0.209302 0.155805
v -0.035190 0.209302 0.159638
v -0.056479 0.209302 0.165341
v -0.078472 0.209302 0.166097
v -0.098264 0.209302 0.158998
v -0.114840 0.209302 0.146221
v -0.130597 0.209302 0.132553
v -0.149846 0.209302 0.121332
v -0.175163 0.209302 0.111887
v -0.204298 0.209302 0.100263
v -0.230223 0.209302 0.082484
v -0.244695 0.209302 0.057767
v -0.243171 0.209302 0.029231
v -0.227708 0.209302 0.001693
v -0.205821 0.209302 -0.021642
v -0.185965 0.209302 -0.040993
v -0.172684 0.209302 -0.058988
v -0.164620 0.209302 -0.077774
v -0.156531 0.209302 -0.096739
v -0.143638 0.209302 -0.112811
v -0.125104 0.209302 -0.123257
v -0.104256 0.209302 -0.128758
v -0.085665 0.209302 -0.134112
v -0.071460 0.209302 -0.145609
v -0.059702 0.209302 -0.166635
v -0.045944 0.209302 -0.194615
v -0.026647 0.209302 -0.221676
v -0.001776 0.209302 -0.238851
v 0.025358 0.209302 -0.241156
v 0.050734 0.209302 -0.230154
v 0.072547 0.209302 -0.212379
v 0.092034 0.209302 -0.194802
v 0.111578 0.209302 -0.180541
v 0.131699 0.209302 -0.167688
v 0.149539 0.209302 -0.151779
v 0.160363 0.209302 -0.129847
v 0.161219 0.209302 -0.102980
v 0.154026 0.209302 -0.075590
v 0.145538 0.209302 -0.052143
v 0.143775 0.209302 -0.033942
v 0.153126 0.209302 -0.018407
v 0.171430 0.209302 -0.001274
v 0.191140 0.209302 0.020099
v 0.203826 0.209302 0.044931
v 0.205036 0.209302 0.070039
v 0.196279 0.209302 0.092732
v 0.183008 0.209302 0.113103
v 0.170271 0.209302 0.133728
v 0.159228 0.209302 0.156878
v 0.146922 0.209302 0.181451
v 0.129201 0.209302 0.202269
v 0.104393 0.209302 0.212714
v 0.074926 0.209302 0.209125
v 0.045765 0.209302 0.193856
v 0.016185 0.232558 0.175949
v -0.003358 0.232558 0.164010
v -0.021756 0.232558 0.163018
v -0.042374 0.232558 0.169574
v -0.065696 0.232558 0.176098
v -0.089199 0.232558 0.175917
v -0.109906 0.232558 0.167215
v -0.127444 0.232558 0.153265
v -0.144949 0.232558 0.139132
v -0.166775 0.232558 0.127502
v -0.194517 0.232558 0.116738
v -0.224404 0.232558 0.102462
v -0.248342 0.232558 0.081232
v -0.258316 0.232558 0.053420
v -0.251320 0.232558 0.023118
v -0.231431 0.232558 -0.004739
v -0.207490 0.232558 -0.027691
v -0.187882 0.232558 -0.046949
v -0.175889 0.232558 -0.065618
v -0.168655 0.232558 -0.085517
v -0.160192 0.232558 -0.105290
v -0.146090 0.232558 -0.121478
v -0.126508 0.232558 -0.131797
v -0.105496 0.232558 -0.137991
v -0.087452 0.232558 -0.145718
v -0.073555 0.232558 -0.161095
v -0.060884 0.232558 -0.186137
v -0.044751 0.232558 -0.216395
v -0.022328 0.232558 -0.242738
v 0.005249 0.232558 -0.256356
v 0.033863 0.232558 -0.253741
v 0.059557 0.232558 -0.238337
v 0.081267 0.232558 -0.217836
v 0.100946 0.232558 -0.199085
v 0.121030 0.232558 -0.184140
v 0.141380 0.232558 -0.170024
v 0.158381 0.232558 -0.152025
v 0.167247 0.232558 -0.127863
v 0.165997 0.232558 -0.099622
v 0.158068 0.232558 -0.072173
v 0.151277 0.232558 -0.049482
v 0.153426 0.232558 -0.031729
v 0.167367 0.232558 -0.015395
v 0.188935 0.232558 0.003869
v 0.209269 0.232558 0.027928
v 0.220029 0.232558 0.054983
v 0.218044 0.232558 0.081345
v 0.206347 0.232558 0.104629
v 0.191163 0.232558 0.125646
v 0.177199 0.232558 0.147346
v 0.164650 0.232558 0.171533
v 0.149868 0.232558 0.196031
v 0.128908 0.232558 0.214796
v 0.101080 0.232558 0.221377
v 0.069829 0.232558 0.213483
v 0.040398 0.232558 0.195347
v 0.011289 0.255814 0.176646
v -0.008135 0.255814 0.168009
v -0.027668 0.255814 0.170815
v -0.050303 0.255814 0.179812
v -0.075608 0.255814 0.186594
v -0.100400 0.255814 0.185019
v -0.121834 0.255814 0.174549
v -0.140304 0.255814 0.159461
v -0.159590 0.255814 0.144849
v -0.183812 0.255814 0.132567
v -0.213348 0.255814 0.120072
v -0.242918 0.255814 0.102824
v -0.263699 0.255814 0.078180
v -0.268378 0.255814 0.047734
v -0.255831 0.255814 0.016349
v -0.232138 0.255814 -0.011240
v -0.207113 0.255814 -0.033547
v -0.188596 0.255814 -0.052760
v -0.178314 0.255814 -0.072252
v -0.171938 0.255814 -0.093301
v -0.163008 0.255814 -0.113778
v -0.147750 0.255814 -0.130000
v -0.127383 0.255814 -0.140346
v -0.106498 0.255814 -0.147666
v -0.089061 0.255814 -0.158246
v -0.075193 0.255814 -0.177641
v -0.061135 0.255814 -0.206207
v -0.042268 0.255814 -0.237648
v -0.016740 0.255814 -0.261948
v 0.013120 0.255814 -0.270966
v 0.042602 0.255814 -0.263020
v 0.068100 0.255814 -0.243427
v 0.089438 0.255814 -0.220727
v 0.109214 0.255814 -0.201262
v 0.129711 0.255814 -0.185834
v 0.150010 0.255814 -0.170492
v 0.165841 0.255814 -0.150524
v 0.172644 0.255814 -0.124512
v 0.169651 0.255814 -0.095480
v 0.161806 0.255814 -0.068490
v 0.157662 0.255814 -0.046743
v 0.164320 0.255814 -0.029226
v 0.182763 0.255814 -0.011680
v 0.206836 0.255814 0.010015
v 0.226722 0.255814 0.036723
v 0.234644 0.255814 0.065642
v 0.229007 0.255814 0.092793
v 0.214343 0.255814 0.116312
v 0.197375 0.255814 0.137767
v 0.182202 0.255814 0.160313
v 0.167990 0.255814 0.185085
v 0.150581 0.255814 0.208790
v 0.126491 0.255814 0.224753
v 0.096121 0.255814 0.227083
v 0.063788 0.255814 0.215154
v 0.034692 0.255814 0.195050
v 0.006328 0.279070 0.176143
v -0.013113 0.279070 0.171560
v -0.033986 0.279070 0.178171
v -0.058621 0.279070 0.189045
v -0.085596 0.279070 0.195395
v -0.111234 0.279070 0.192003
v -0.133056 0.279070 0.179724
v -0.152292 0.279070 0.163642
v -0.173183 0.279070 0.148588
v -0.199311 0.279070 0.135454
v -0.229661 0.279070 0.120943
v -0.257612 0.279070 0.100663
v -0.274074 0.279070 0.073001
v -0.272945 0.279070 0.040725
v -0.255215 0.279070 0.009169
v -0.228766 0.279070 -0.017486
v -0.203871 0.279070 -0.038889
v -0.187324 0.279070 -0.058087
v -0.179089 0.279070 -0.078453
v -0.173529 0.279070 -0.100531
v -0.164065 0.279070 -0.121463
v -0.147823 0.279070 -0.137569
v -0.127052 0.279070 -0.148082
v -0.106631 0.279070 -0.156900
v -0.089841 0.279070 -0.170601
v -0.075716 0.279070 -0.193767
v -0.059903 0.279070 -0.224899
v -0.038206 0.279070 -0.256066
v -0.009948 0.279070 -0.276893
v 0.021436 0.279070 -0.280450
v 0.050955 0.279070 -0.267128
v 0.075644 0.279070 -0.243944
v 0.096304 0.279070 -0.219839
v 0.116013 0.279070 -0.200253
v 0.136682 0.279070 -0.184622
v 0.156544 0.279070 -0.168212
v 0.170867 0.279070 -0.146601
v 0.175626 0.279070 -0.119357
v 0.171448 0.279070 -0.090287
v 0.164625 0.279070 -0.064328
v 0.163982 0.279070 -0.043677
v 0.175419 0.279070 -0.026173
v 0.197821 0.279070 -0.007107
v 0.223243 0.279070 0.017064
v 0.241428 0.279070 0.046053
v 0.245665 0.279070 0.076178
v 0.236144 0.279070 0.103447
v 0.218727 0.279070 0.126716
v 0.200281 0.279070 0.148275
v 0.184031 0.279070 0.171266
v 0.168137 0.279070 0.195968
v 0.148180 0.279070 0.218037
v 0.121389 0.279070 0.230508
v 0.089276 0.279070 0.228470
v 0.056775 0.279070 0.213156
v 0.028692 0.279070 0.192299
v 0.001394 0.302326 0.174178
v -0.018203 0.302326 0.174074
v -0.040475 0.302326 0.184113
v -0.066842 0.302326 0.196043
v -0.094926 0.302326 0.201221
v -0.120796 0.302326 0.195706
v -0.142559 0.302326 0.181729
v -0.162274 0.302326 0.164893
v -0.184386 0.302326 0.149473
v -0.211641 0.302326 0.135358
v -0.241583 0.302326 0.118732
v -0.266566 0.302326 0.095677
v -0.277783 0.302326 0.065746
v -0.270796 0.302326 0.032709
v -0.248754 0.302326 0.001991
v -0.220946 0.302326 -0.023105
v -0.197492 0.302326 -0.043416
v -0.183679 0.302326 -0.062626
v -0.177651 0.302326 -0.083807
v -0.172770 0.302326 -0.106639
v -0.162744 0.302326 -0.127666
v -0.145788 0.302326 -0.143472
v -0.125060 0.302326 -0.154270
v -0.105422 0.302326 -0.164834
v -0.089264 0.302326 -0.181624
v -0.074613 0.302326 -0.207879
v -0.056856 0.302326 -0.240219
v -0.032549 0.302326 -0.269469
v -0.002286 0.302326 -0.285522
v 0.029610 0.302326 -0.283148
v 0.058230 0.302326 -0.264880
v 0.081514 0.302326 -0.239076
v 0.101215 0.302326 -0.214552
v 0.120663 0.302326 -0.195492
v 0.141182 0.302326 -0.179974
v 0.160181 0.302326 -0.162767
v 0.172728 0.302326 -0.140023
v 0.175640 0.302326 -0.112333
v 0.170996 0.302326 -0.084040
v 0.166122 0.302326 -0.059626
v 0.169573 0.302326 -0.040135
v 0.185602 0.302326 -0.022418
v 0.210946 0.302326 -0.001689
v 0.236276 0.302326 0.024708
v 0.251502 0.302326 0.055289
v 0.251440 0.302326 0.085729
v 0.238122 0.302326 0.112334
v 0.218427 0.302326 0.134820
v 0.198959 0.302326 0.156075
v 0.181872 0.302326 0.178983
v 0.164436 0.302326 0.202844
v 0.142269 0.302326 0.222447
v 0.113509 0.302326 0.230955
v 0.080690 0.302326 0.224809
v 0.049025 0.302326 0.207136
v 0.022579 0.302326 0.186929
v -0.003398 0.325581 0.170729
v -0.023265 0.325581 0.175087
v -0.046814 0.325581 0.187798
v -0.074408 0.325581 0.199799
v -0.102851 0.325581 0.203129
v -0.128246 0.325581 0.195361
v -0.149461 0.325581 0.179952
v -0.169279 0.325581 0.162672
v -0.192049 0.325581 0.146998
v -0.219453 0.325581 0.131874
v -0.247685 0.325581 0.113263
v -0.268520 0.325581 0.088002
v -0.273996 0.325581 0.056826
v -0.261641 0.325581 0.024218
v -0.236605 0.325581 -0.004709
v -0.209015 0.325581 -0.027773
v -0.188209 0.325581 -0.046917
v -0.177642 0.325581 -0.066156
v -0.173755 0.325581 -0.087978
v -0.169333 0.325581 -0.111160
v -0.158758 0.325581 -0.131858
v -0.141429 0.325581 -0.147174
v -0.121193 0.325581 -0.158335
v -0.102584 0.325581 -0.170711
v -0.086983 0.325581 -0.190216
v -0.071607 0.325581 -0.218494
v -0.051941 0.325581 -0.250442
v -0.025565 0.325581 -0.276190
v 0.005703 0.325581 -0.286531
v 0.036976 0.325581 -0.278279
v 0.063809 0.325581 -0.255972
v 0.085206 0.325581 -0.228795
v 0.103747 0.325581 -0.204899
v 0.122737 0.325581 -0.186970
v 0.142751 0.325581 -0.171873
v 0.160488 0.325581 -0.154224
v 0.171126 0.325581 -0.130983
v 0.172562 0.325581 -0.103696
v 0.168241 0.325581 -0.076935
v 0.166086 0.325581 -0.054431
v 0.173825 0.325581 -0.036051
v 0.193763 0.325581 -0.017935
v 0.220655 0.325581 0.004392
v 0.244351 0.325581 0.032468
v 0.255561 0.325581 0.063706
v 0.250952 0.325581 0.093458
v 0.234273 0.325581 0.118620
v 0.212998 0.325581 0.139823
v 0.193068 0.325581 0.160355
v 0.175467 0.325581 0.182594
v 0.156789 0.325581 0.204840
v 0.132987 0.325581 0.221305
v 0.103214 0.325581 0.225710
v 0.070826 0.325581 0.216112
v 0.040936 0.325581 0.197379
v 0.016588 0.325581 0.179214
v -0.007939 0.348837 0.165941
v -0.028126 0.348837 0.174275
v -0.052651 0.348837 0.188619
v -0.080780 0.348837 0.199687
v -0.108741 0.348837 0.200664
v -0.132962 0.348837 0.190724
v -0.153163 0.348837 0.174277
v -0.172665 0.348837 0.156897
v -0.195420 0.348837 0.141108
v -0.221924 0.348837 0.125066
v -0.247255 0.348837 0.104826
v -0.263126 0.348837 0.078174
v -0.262894 0.348837 0.046913
v -0.246168 0.348837 0.015873
v -0.219726 0.348837 -0.010513
v -0.193884 0.348837 -0.031291
v -0.176651 0.348837 -0.049310
v -0.169499 0.348837 -0.068568
v -0.167464 0.348837 -0.090750
v -0.163230 0.348837 -0.113795
v -0.152169 0.348837 -0.133734
v -0.134837 0.348837 -0.148388
v -0.115481 0.348837 -0.159929
v -0.098043 0.348837 -0.173972
v -0.082887 0.348837 -0.195507
v -0.066695 0.348837 -0.224489
v -0.045403 0.348837 -0.254431
v -0.017757 0.348837 -0.275391
v 0.013378 0.348837 -0.279610
v 0.042943 0.348837 -0.266087
v 0.067277 0.348837 -0.241017
v 0.086497 0.348837 -0.213820
v 0.103782 0.348837 -0.191514
v 0.122135 0.348837 -0.175193
v 0.141299 0.348837 -0.160777
v 0.157461 0.348837 -0.143081
v 0.166217 0.348837 -0.120021
v 0.166676 0.348837 -0.093931
v 0.163422 0.348837 -0.069284
v 0.164462 0.348837 -0.048861
v 0.176230 0.348837 -0.031448
v 0.198967 0.348837 -0.012830
v 0.225824 0.348837 0.010805
v 0.246478 0.348837 0.039779
v 0.252985 0.348837 0.070617
v 0.244009 0.348837 0.098709
v 0.224714 0.348837 0.121774
v 0.202687 0.348837 0.141302
v 0.182886 0.348837 0.160729
v 0.165141 0.348837 0.181737
v 0.145648 0.348837 0.201707
v 0.120955 0.348837 0.214628
v 0.091224 0.348837 0.215170
v 0.060340 0.348837 0.203100
v 0.032958 0.348837 0.184693
v 0.010945 0.348837 0.169745
v -0.012143 0.372093 0.160073
v -0.032615 0.372093 0.171516
v -0.057661 0.372093 0.186327
v -0.085546 0.372093 0.195584
v -0.112214 0.372093 0.193951
v -0.134667 0.372093 0.182119
v -0.153473 0.372093 0.165101
v -0.172248 0.372093 0.147957
v -0.194298 0.372093 0.132210
v -0.218932 0.372093 0.115452
v -0.240455 0.372093 0.094118
v -0.251020 0.372093 0.067014
v -0.245634 0.372093 0.036793
v -0.225887 0.372093 0.008245
v -0.199667 0.372093 -0.015147
v -0.176840 0.372093 -0.033628
v -0.163689 0.372093 -0.050656
v -0.159770 0.372093 -0.069881
v -0.159127 0.372093 -0.092066
v -0.154805 0.372093 -0.114470
v -0.143366 0.372093 -0.133268
v -0.126381 0.372093 -0.147130
v -0.108189 0.372093 -0.158997
v -0.091952 0.372093 -0.174367
v -0.077122 0.372093 -0.197033
v -0.060158 0.372093 -0.225339
v -0.037729 0.372093 -0.251881
v -0.009755 0.372093 -0.267252
v 0.020142 0.372093 -0.265521
v 0.047119 0.372093 -0.247787
v 0.068519 0.372093 -0.221412
v 0.085493 0.372093 -0.195463
v 0.101532 0.372093 -0.175488
v 0.119099 0.372093 -0.161065
v 0.137123 0.372093 -0.147512
v 0.151522 0.372093 -0.130154
v 0.158574 0.372093 -0.107901
v 0.158606 0.372093 -0.083640
v 0.157000 0.372093 -0.061452
v 0.161354 0.372093 -0.043076
v 0.176473 0.372093 -0.026434
v 0.200646 0.372093 -0.007324
v 0.225927 0.372093 0.017139
v 0.242463 0.372093 0.046106
v 0.244050 0.372093 0.075524
v 0.231278 0.372093 0.101158
v 0.210311 0.372093 0.121680
v 0.188379 0.372093 0.139296
v 0.169247 0.372093 0.157327
v 0.151730 0.372093 0.176640
v 0.131922 0.372093 0.193876
v 0.107141 0.372093 0.203171
v 0.078448 0.372093 0.200422
v 0.049932 0.372093 0.187035
v 0.025498 0.372093 0.170227
v 0.005814 0.372093 0.159281
v -0.015963 0.395349 0.153501
v -0.036604 0.395349 0.166959
v -0.061641 0.395349 0.181128
v -0.088532 0.395349 0.187945
v -0.113242 0.395349 0.183703
v -0.133514 0.395349 0.170399
v -0.150673 0.395349 0.153280
v -0.168378 0.395349 0.136656
v -0.189116 0.395349 0.121104
v -0.211121 0.395349 0.103911
v -0.228319 0.395349 0.082097
v -0.233723 0.395349 0.055459
v -0.224135 0.395349 0.027203
v -0.202843 0.395349 0.001740
v -0.178275 0.395349 -0.018540
v -0.159306 0.395349 -0.034926
v -0.150304 0.395349 -0.051151
v -0.149142 0.395349 -0.070254
v -0.149346 0.395349 -0.092063
v -0.144697 0.395349 -0.113375
v -0.133015 0.395349 -0.130752
v -0.116660 0.395349 -0.143740
v -0.099784 0.395349 -0.155822
v -0.084680 0.395349 -0.172050
v -0.070074 0.395349 -0.194880
v -0.052505 0.395349 -0.221274
v -0.029544 0.395349 -0.243424
v -0.002170 0.395349 -0.252963
v 0.025579 0.395349 -0.245960
v 0.049403 0.395349 -0.225339
v 0.067748 0.395349 -0.199074
v 0.082613 0.395349 -0.175380
v 0.097506 0.395349 -0.158175
v 0.114187 0.395349 -0.145733
v 0.130866 0.395349 -0.133130
v 0.143458 0.395349 -0.116431
v 0.149097 0.395349 -0.095477
v 0.149214 0.395349 -0.073441
v 0.149607 0.395349 -0.053795
v 0.157042 0.395349 -0.037264
v 0.174555 0.395349 -0.021185
v 0.198758 0.395349 -0.001705
v 0.221187 0.395349 0.023002
v 0.232993 0.395349 0.051081
v 0.229898 0.395349 0.078238
v 0.214182 0.395349 0.100891
v 0.192532 0.395349 0.118684
v 0.171435 0.395349 0.134325
v 0.153396 0.395349 0.150787
v 0.136427 0.395349 0.168096
v 0.116797 0.395349 0.182390
v 0.092671 0.395349 0.188285
v 0.065818 0.395349 0.183046
v 0.040218 0.395349 0.169491
v 0.018844 0.395349 0.155266
v 0.001275 0.395349 0.148637
v -0.019413 0.418605 0.146739
v -0.040059 0.418605 0.161090
v -0.064582 0.418605 0.173719
v -0.089878 0.418605 0.177760
v -0.112197 0.418605 0.171126
v -0.130100 0.418605 0.156823
v -0.145518 0.418605 0.139998
v -0.161923 0.418605 0.124086
v -0.180904 0.418605 0.108850
v -0.199821 0.418605 0.091514
v -0.212588 0.418605 0.069806
v -0.213369 0.418605 0.044379
v -0.200726 0.418605 0.018695
v -0.179259 0.418605 -0.003465
v -0.157394 0.418605 -0.020822
v -0.142646 0.418605 -0.035472
v -0.137475 0.418605 -0.051108
v -0.138419 0.418605 -0.069986
v -0.138929 0.418605 -0.091087
v -0.133776 0.418605 -0.110980
v -0.121981 0.418605 -0.126790
v -0.106434 0.418605 -0.138889
v -0.090884 0.418605 -0.151046
v -0.076768 0.418605 -0.167624
v -0.062304 0.418605 -0.189742
v -0.044364 0.418605 -0.213296
v -0.021473 0.418605 -0.230553
v 0.004534 0.418605 -0.234526
v 0.029535 0.418605 -0.223255
v 0.050007 0.418605 -0.201097
v 0.065470 0.418605 -0.176106
v 0.078524 0.418605 -0.155305
v 0.092438 0.418605 -0.140989
v 0.108194 0.418605 -0.130418
v 0.123438 0.418605 -0.118756
v 0.134313 0.418605 -0.102928
v 0.138888 0.418605 -0.083569
v 0.139504 0.418605 -0.063890
v 0.142002 0.418605 -0.046628
v 0.152028 0.418605 -0.031621
v 0.170884 0.418605 -0.015916
v 0.193889 0.418605 0.003748
v 0.212600 0.418605 0.028125
v 0.219541 0.418605 0.054594
v 0.212351 0.418605 0.078944
v 0.194646 0.418605 0.098416
v 0.173187 0.418605 0.113548
v 0.153465 0.418605 0.127314
v 0.136774 0.418605 0.142166
v 0.120580 0.418605 0.157348
v 0.101534 0.418605 0.168745
v 0.078635 0.418605 0.171701
v 0.054130 0.418605 0.164848
v 0.031636 0.418605 0.152102
v 0.013138 0.418605 0.141056
v -0.002680 0.418605 0.138622
v -0.022588 0.441860 0.140474
v -0.043100 0.441860 0.154747
v -0.066730 0.441860 0.165228
v -0.090064 0.441860 0.166427
v -0.109831 0.441860 0.157736
v -0.125403 0.441860 0.142854
v -0.139141 0.441860 0.126580
v -0.154157 0.441860 0.111447
v -0.171150 0.441860 0.096581
v -0.186832 0.441860 0.079336
v -0.195408 0.441860 0.058177
v -0.192331 0.441860 0.034435
v -0.177760 0.441860 0.011564
v -0.157194 0.441860 -0.007431
v -0.138630 0.441860 -0.022292
v -0.128036 0.441860 -0.035660
v -0.126119 0.441860 -0.050935
v -0.128470 0.441860 -0.069524
v -0.128818 0.441860 -0.089695
v -0.123044 0.441860 -0.108012
v -0.111221 0.441860 -0.122258
v -0.096531 0.441860 -0.133524
v -0.082183 0.441860 -0.145635
v -0.068842 0.441860 -0.162121
v -0.054443 0.441860 -0.182867
v -0.036352 0.441860 -0.203041
v -0.014010 0.441860 -0.215362
v 0.010134 0.441860 -0.214386
v 0.032152 0.441860 -0.199947
v 0.049411 0.441860 -0.177405
v 0.062388 0.441860 -0.154478
v 0.074038 0.441860 -0.136812
v 0.087192 0.441860 -0.125223
v 0.102062 0.441860 -0.116266
v 0.115906 0.441860 -0.105443
v 0.125265 0.441860 -0.090560
v 0.129132 0.441860 -0.072870
v 0.130535 0.441860 -0.055430
v 0.135052 0.441860 -0.040208
v 0.147067 0.441860 -0.026331
v 0.166308 0.441860 -0.010819
v 0.187216 0.441860 0.008850
v 0.201792 0.441860 0.032448
v 0.204117 0.441860 0.056851
v 0.193586 0.441860 0.078183
v 0.174768 0.441860 0.094579
v 0.154140 0.441860 0.107327
v 0.136076 0.441860 0.119453
v 0.120801 0.441860 0.132788
v 0.105476 0.441860 0.145898
v 0.087269 0.441860 0.154647
v 0.065923 0.441860 0.155246
v 0.043941 0.441860 0.147594
v 0.024413 0.441860 0.136357
v 0.008373 0.441860 0.128705
v -0.006146 0.441860 0.130024
v -0.025699 0.465116 0.135566
v -0.046029 0.465116 0.149039
v -0.068585 0.465116 0.157052
v -0.089859 0.465116 0.155516
v -0.107166 0.465116 0.145100
v -0.120633 0.465116 0.129922
v -0.132889 0.465116 0.114280
v -0.146574 0.465116 0.099859
v -0.161561 0.465116 0.085316
v -0.174123 0.465116 0.068269
v -0.178958 0.465116 0.047886
v -0.172825 0.465116 0.025988
v -0.157255 0.465116 0.005830
v -0.138284 0.465116 -0.010411
v -0.123199 0.465116 -0.023354
v -0.116393 0.465116 -0.035946
v -0.117060 0.465116 -0.051121
v -0.120180 0.465116 -0.069441
v -0.119997 0.465116 -0.088626
v -0.113508 0.465116 -0.105393
v -0.101665 0.465116 -0.118219
v -0.087736 0.465116 -0.128781
v -0.074347 0.465116 -0.140789
v -0.061510 0.465116 -0.156885
v -0.047061 0.465116 -0.175875
v -0.028947 0.465116 -0.192497
v -0.007421 0.465116 -0.200168
v 0.014680 0.465116 -0.194997
v 0.033812 0.465116 -0.178365
v 0.048257 0.465116 -0.156255
v 0.059290 0.465116 -0.135766
v 0.069997 0.465116 -0.121143
v 0.082661 0.465116 -0.111921
v 0.096777 0.465116 -0.104229
v 0.109371 0.465116 -0.094056
v 0.117489 0.465116 -0.080044
v 0.120984 0.465116 -0.063889
v 0.123351 0.465116 -0.048363
v 0.129705 0.465116 -0.034707
v 0.143144 0.465116 -0.021525
v 0.162047 0.465116 -0.006008
v 0.180336 0.465116 0.013577
v 0.190732 0.465116 0.036156
v 0.188900 0.465116 0.058339
v 0.175758 0.465116 0.076754
v 0.156479 0.465116 0.090415
v 0.137024 0.465116 0.101201
v 0.120643 0.465116 0.112017
v 0.106672 0.465116 0.124041
v 0.092166 0.465116 0.135282
v 0.074858 0.465116 0.141756
v 0.055122 0.465116 0.140590
v 0.035532 0.465116 0.132788
v 0.018567 0.465116 0.123472
v 0.004417 0.465116 0.119134
v -0.009307 0.465116 0.123623
v -0.029073 0.488372 0.132974
v -0.049318 0.488372 0.145190
v -0.070841 0.488372 0.150613
v -0.090191 0.488372 0.146497
v -0.105324 0.488372 0.134580
v -0.117040 0.488372 0.119202
v -0.128107 0.488372 0.104093
v -0.140643 0.488372 0.090177
v -0.153772 0.488372 0.075794
v -0.163488 0.488372 0.058891
v -0.165085 0.488372 0.039272
v -0.156578 0.488372 0.019094
v -0.140650 0.488372 0.001287
v -0.123609 0.488372 -0.012783
v -0.111889 0.488372 -0.024463
v -0.108379 0.488372 -0.036814
v -0.110993 0.488372 -0.052206
v -0.114361 0.488372 -0.070406
v -0.113362 0.488372 -0.088719
v -0.106048 0.488372 -0.104125
v -0.094079 0.488372 -0.115782
v -0.080687 0.488372 -0.125841
v -0.067912 0.488372 -0.137783
v -0.055245 0.488372 -0.153366
v -0.040554 0.488372 -0.170475
v -0.022394 0.488372 -0.183634
v -0.001712 0.488372 -0.187076
v 0.018449 0.488372 -0.178394
v 0.035041 0.488372 -0.160268
v 0.047225 0.488372 -0.139029
v 0.056918 0.488372 -0.121011
v 0.067176 0.488372 -0.109114
v 0.079673 0.488372 -0.101804
v 0.093261 0.488372 -0.094983
v 0.104853 0.488372 -0.085198
v 0.112046 0.488372 -0.071841
v 0.115468 0.488372 -0.056914
v 0.118918 0.488372 -0.042836
v 0.126935 0.488372 -0.030196
v 0.141383 0.488372 -0.017241
v 0.159506 0.488372 -0.001459
v 0.174968 0.488372 0.018095
v 0.181353 0.488372 0.039650
v 0.175841 0.488372 0.059729
v 0.160630 0.488372 0.075553
v 0.141250 0.488372 0.086961
v 0.123022 0.488372 0.096279
v 0.108136 0.488372 0.106176
v 0.095213 0.488372 0.117177
v 0.081332 0.488372 0.126847
v 0.064795 0.488372 0.131457
v 0.046483 0.488372 0.129040
v 0.028914 0.488372 0.121544
v 0.013942 0.488372 0.114327
v 0.001035 0.488372 0.113081
v -0.012429 0.488372 0.120182
v -0.033143 0.511628 0.133607
v -0.053550 0.511628 0.144297
v -0.074258 0.511628 0.147076
v -0.091976 0.511628 0.140460
v -0.105317 0.511628 0.127097
v -0.115688 0.511628 0.111427
v -0.125912 0.511628 0.096604
v -0.137558 0.511628 0.082876
v -0.149062 0.511628 0.068370
v -0.156237 0.511628 0.051401
v -0.155024 0.511628 0.032336
v -0.144619 0.511628 0.013553
v -0.128696 0.511628 -0.002414
v -0.113676 0.511628 -0.014972
v -0.105087 0.511628 -0.026069
v -0.104404 0.511628 -0.038745
v -0.108444 0.511628 -0.054753
v -0.111650 0.511628 -0.073110
v -0.109583 0.511628 -0.090804
v -0.101272 0.511628 -0.105144
v -0.088959 0.511628 -0.115948
v -0.075767 0.511628 -0.125758
v -0.063187 0.511628 -0.137761
v -0.050290 0.511628 -0.152859
v -0.035070 0.511628 -0.168129
v -0.016682 0.511628 -0.178008
v 0.003332 0.511628 -0.177594
v 0.021848 0.511628 -0.165876
v 0.036377 0.511628 -0.146645
v 0.046912 0.511628 -0.126408
v 0.055882 0.511628 -0.110680
v 0.066205 0.511628 -0.101104
v 0.078916 0.511628 -0.095237
v 0.092280 0.511628 -0.088881
v 0.103176 0.511628 -0.079160
v 0.109769 0.511628 -0.066134
v 0.113393 0.511628 -0.052010
v 0.118046 0.511628 -0.038837
v 0.127638 0.511628 -0.026624
v 0.142867 0.511628 -0.013389
v 0.159999 0.511628 0.003002
v 0.172597 0.511628 0.022733
v 0.175164 0.511628 0.043452
v 0.166302 0.511628 0.061717
v 0.149311 0.511628 0.075387
v 0.129914 0.511628 0.085070
v 0.112751 0.511628 0.093429
v 0.099037 0.511628 0.102824
v 0.086805 0.511628 0.113140
v 0.073242 0.511628 0.121568
v 0.057193 0.511628 0.124694
v 0.039948 0.511628 0.121424
v 0.023890 0.511628 0.114533
v 0.010260 0.511628 0.109478
v -0.002084 0.511628 0.111101
v -0.015858 0.511628 0.120398
v -0.038385 0.534884 0.138123
v -0.059299 0.534884 0.147071
v -0.079492 0.534884 0.147091
v -0.095909 0.534884 0.137910
v -0.107841 0.534884 0.122990
v -0.117265 0.534884 0.106801
v -0.126995 0.534884 0.091921
v -0.138024 0.534884 0.077992
v -0.148128 0.534884 0.063001
v -0.152997 0.534884 0.045645
v -0.149246 0.534884 0.026809
v -0.137223 0.534884 0.009006
v -0.121496 0.534884 -0.005674
v -0.108508 0.534884 -0.017385
v -0.102848 0.534884 -0.028582
v -0.104632 0.534884 -0.042188
v -0.109696 0.534884 -0.059283
v -0.112387 0.534884 -0.078159
v -0.108975 0.534884 -0.095552
v -0.099410 0.534884 -0.109149
v -0.086443 0.534884 -0.119426
v -0.073045 0.534884 -0.129268
v -0.060190 0.534884 -0.141521
v -0.046611 0.534884 -0.156232
v -0.030489 0.534884 -0.169734
v -0.011581 0.534884 -0.176454
v 0.008050 0.534884 -0.172383
v 0.025291 0.534884 -0.157855
v 0.038258 0.534884 -0.137667
v 0.047741 0.534884 -0.118404
v 0.056599 0.534884 -0.104730
v 0.067521 0.534884 -0.097091
v 0.080873 0.534884 -0.092234
v 0.094361 0.534884 -0.085941
v 0.104880 0.534884 -0.075914
v 0.111185 0.534884 -0.062826
v 0.115280 0.534884 -0.049030
v 0.121298 0.534884 -0.036188
v 0.132487 0.534884 -0.023799
v 0.148405 0.534884 -0.009740
v 0.164434 0.534884 0.007679
v 0.174130 0.534884 0.027898
v 0.172943 0.534884 0.048061
v 0.160843 0.534884 0.064852
v 0.142125 0.534884 0.076808
v 0.122613 0.534884 0.085271
v 0.106250 0.534884 0.093162
v 0.093332 0.534884 0.102476
v 0.081392 0.534884 0.112448
v 0.067774 0.534884 0.119940
v 0.051840 0.534884 0.121887
v 0.035223 0.534884 0.118063
v 0.020118 0.534884 0.111998
v 0.007165 0.534884 0.109174
v -0.005302 0.534884 0.113547
v -0.019992 0.534884 0.124783
v -0.045217 0.558140 0.146710
v -0.066980 0.558140 0.153616
v -0.086918 0.558140 0.150625
v -0.102294 0.558140 0.138670
v -0.113128 0.558140 0.121979
v -0.121944 0.558140 0.104990
v -0.131491 0.558140 0.089693
v -0.142128 0.558140 0.075158
v -0.150971 0.558140 0.059291
v -0.153634 0.558140 0.041204
v -0.147473 0.558140 0.022262
v -0.134002 0.558140 0.005045
v -0.118640 0.558140 -0.008864
v -0.107762 0.558140 -0.020364
v -0.104951 0.558140 -0.032347
v -0.108961 0.558140 -0.047509
v -0.114701 0.558140 -0.066188
v -0.116508 0.558140 -0.085945
v -0.111406 0.558140 -0.103322
v -0.100261 0.558140 -0.116452
v -0.086282 0.558140 -0.126490
v -0.072250 0.558140 -0.136629
v -0.058640 0.558140 -0.149312
v -0.043904 0.558140 -0.163701
v -0.026479 0.558140 -0.175405
v -0.006735 0.558140 -0.178914
v 0.012789 0.558140 -0.171182
v 0.029083 0.558140 -0.153900
v 0.040935 0.558140 -0.132816
v 0.049927 0.558140 -0.114506
v 0.059275 0.558140 -0.102722
v 0.071345 0.558140 -0.096716
v 0.085775 0.558140 -0.092485
v 0.099720 0.558140 -0.085855
v 0.110147 0.558140 -0.075134
v 0.116446 0.558140 -0.061578
v 0.121287 0.558140 -0.047634
v 0.128883 0.558140 -0.034566
v 0.141752 0.558140 -0.021399
v 0.158293 0.558140 -0.005959
v 0.173049 0.558140 0.012928
v 0.179653 0.558140 0.033950
v 0.174575 0.558140 0.053806
v 0.159162 0.558140 0.069398
v 0.138646 0.558140 0.080005
v 0.118878 0.558140 0.087694
v 0.103058 0.558140 0.095580
v 0.090584 0.558140 0.105212
v 0.078545 0.558140 0.115148
v 0.064485 0.558140 0.121945
v 0.048285 0.558140 0.122945
v 0.031866 0.558140 0.118817
v 0.017182 0.558140 0.113820
v 0.004268 0.558140 0.113381
v -0.009003 0.558140 0.120506
v -0.025231 0.558140 0.133515
v -0.053880 0.581395 0.158918
v -0.076704 0.581395 0.163320
v -0.096487 0.581395 0.156924
v -0.110936 0.581395 0.141918
v -0.120872 0.581395 0.123245
v -0.129347 0.581395 0.105224
v -0.138947 0.581395 0.089202
v -0.149317 0.581395 0.073704
v -0.156904 0.581395 0.056621
v -0.157336 0.581395 0.037524
v -0.148821 0.581395 0.018235
v -0.134100 0.581395 0.001304
v -0.119388 0.581395 -0.012278
v -0.110854 0.581395 -0.024170
v -0.110935 0.581395 -0.037611
v -0.116968 0.581395 -0.054935
v -0.123000 0.581395 -0.075629
v -0.123475 0.581395 -0.096519
v -0.116275 0.581395 -0.114036
v -0.103202 0.581395 -0.126861
v -0.087869 0.581395 -0.136871
v -0.072813 0.581395 -0.147512
v -0.058000 0.581395 -0.160725
v -0.041668 0.581395 -0.174714
v -0.022594 0.581395 -0.184401
v -0.001793 0.581395 -0.184458
v 0.017784 0.581395 -0.172935
v 0.033346 0.581395 -0.152938
v 0.044451 0.581395 -0.131107
v 0.053481 0.581395 -0.113872
v 0.063914 0.581395 -0.103949
v 0.077665 0.581395 -0.099355
v 0.093558 0.581395 -0.095395
v 0.108215 0.581395 -0.088033
v 0.118758 0.581395 -0.076241
v 0.125292 0.581395 -0.061845
v 0.131155 0.581395 -0.047329
v 0.140550 0.581395 -0.033520
v 0.155146 0.581395 -0.019010
v 0.172126 0.581395 -0.001673
v 0.185246 0.581395 0.019050
v 0.188357 0.581395 0.041069
v 0.179090 0.581395 0.060719
v 0.160224 0.581395 0.075250
v 0.137873 0.581395 0.084773
v 0.117799 0.581395 0.092083
v 0.102365 0.581395 0.100394
v 0.090055 0.581395 0.110700
v 0.077574 0.581395 0.120835
v 0.062736 0.581395 0.127097
v 0.045950 0.581395 0.127334
v 0.029376 0.581395 0.123172
v 0.014650 0.581395 0.119567
v 0.001184 0.581395 0.121769
v -0.013544 0.581395 0.131699
v -0.031893 0.581395 0.146273
v -0.064314 0.604651 0.173606
v -0.088168 0.604651 0.174874
v -0.107667 0.604651 0.164628
v -0.121132 0.604651 0.146354
v -0.130265 0.604651 0.125611
v -0.138589 0.604651 0.106456
v -0.148389 0.604651 0.089517
v -0.158487 0.604651 0.072803
v -0.164695 0.604651 0.054288
v -0.162805 0.604651 0.034057
v -0.152044 0.604651 0.014337
v -0.136427 0.604651 -0.002481
v -0.122847 0.604651 -0.016109
v -0.117036 0.604651 -0.028962
v -0.120087 0.604651 -0.044488
v -0.127871 0.604651 -0.064470
v -0.133689 0.604651 -0.087433
v -0.132292 0.604651 -0.109493
v -0.122568 0.604651 -0.127109
v -0.107270 0.604651 -0.139649
v -0.090332 0.604651 -0.149740
v -0.073951 0.604651 -0.160986
v -0.057577 0.604651 -0.174672
v -0.039324 0.604651 -0.187983
v -0.018409 0.604651 -0.195234
v 0.003483 0.604651 -0.191483
v 0.023088 0.604651 -0.176068
v 0.037999 0.604651 -0.153557
v 0.048662 0.604651 -0.131356
v 0.058243 0.604651 -0.115521
v 0.070337 0.604651 -0.107549
v 0.086227 0.604651 -0.104181
v 0.103842 0.604651 -0.100132
v 0.119321 0.604651 -0.091655
v 0.130081 0.604651 -0.078473
v 0.137040 0.604651 -0.062951
v 0.144174 0.604651 -0.047524
v 0.155521 0.604651 -0.032533
v 0.171736 0.604651 -0.016193
v 0.188735 0.604651 0.003433
v 0.199609 0.604651 0.026175
v 0.198658 0.604651 0.049160
v 0.184875 0.604651 0.068489
v 0.162524 0.604651 0.081941
v 0.138488 0.604651 0.090571
v 0.118243 0.604651 0.097866
v 0.103175 0.604651 0.106998
v 0.090841 0.604651 0.118261
v 0.077657 0.604651 0.128729
v 0.061804 0.604651 0.134542
v 0.044235 0.604651 0.134197
v 0.027266 0.604651 0.130343
v 0.012121 0.604651 0.128547
v -0.002431 0.604651 0.133679
v -0.019196 0.604651 0.146387
v -0.040122 0.604651 0.162137
v -0.076092 0.627907 0.189030
v -0.100630 0.627907 0.186459
v -0.119477 0.627907 0.172009
v -0.131765 0.627907 0.150449
v -0.140127 0.627907 0.127770
v -0.148431 0.627907 0.107567
v -0.158474 0.627907 0.089667
v -0.168172 0.627907 0.071639
v -0.172798 0.627907 0.051660
v -0.168530 0.627907 0.030373
v -0.155795 0.627907 0.010314
v -0.139869 0.627907 -0.006452
v -0.128090 0.627907 -0.020447
v -0.125432 0.627907 -0.034781
v -0.131432 0.627907 -0.052906
v -0.140512 0.627907 -0.075833
v -0.145456 0.627907 -0.101033
v -0.141600 0.627907 -0.124015
v -0.128995 0.627907 -0.141470
v -0.111317 0.627907 -0.153606
v -0.092673 0.627907 -0.163786
v -0.074803 0.627907 -0.175600
v -0.056657 0.627907 -0.189512
v -0.036343 0.627907 -0.201657
v -0.013633 0.627907 -0.205928
v 0.009135 0.627907 -0.198050
v 0.028549 0.627907 -0.178847
v 0.042793 0.627907 -0.154327
v 0.053302 0.627907 -0.132415
v 0.063940 0.627907 -0.118477
v 0.078201 0.627907 -0.112584
v 0.096534 0.627907 -0.110221
v 0.115922 0.627907 -0.105700
v 0.132148 0.627907 -0.095767
v 0.143108 0.627907 -0.080973
v 0.150619 0.627907 -0.064162
v 0.159194 0.627907 -0.047593
v 0.172487 0.627907 -0.031086
v 0.189959 0.627907 -0.012576
v 0.206274 0.627907 0.009514
v 0.214089 0.627907 0.034175
v 0.208479 0.627907 0.057809
v 0.190013 0.627907 0.076487
v 0.164424 0.627907 0.088738
v 0.139137 0.627907 0.096644
v 0.119071 0.627907 0.104284
v 0.104475 0.627907 0.114579
v 0.092016 0.627907 0.126973
v 0.077967 0.627907 0.137796
v 0.060997 0.627907 0.143191
v 0.042596 0.627907 0.142480
v 0.025115 0.627907 0.139360
v 0.009257 0.627907 0.139826
v -0.006831 0.627907 0.148093
v -0.026072 0.627907 0.163332
v -0.049797 0.627907 0.179585
v -0.088406 0.651163 0.203072
v -0.112980 0.651163 0.196049
v -0.130630 0.651163 0.177294
v -0.141494 0.651163 0.152739
v -0.149107 0.651163 0.128525
v -0.157479 0.651163 0.107552
v -0.167711 0.651163 0.088810
v -0.176785 0.651163 0.069546
v -0.179623 0.651163 0.048284
v -0.173061 0.651163 0.026226
v -0.158865 0.651163 0.006072
v -0.143442 0.651163 -0.010634
v -0.134217 0.651163 -0.025284
v -0.135040 0.651163 -0.041536
v -0.143731 0.651163 -0.062573
v -0.153419 0.651163 -0.088413
v -0.156712 0.651163 -0.115465
v -0.149859 0.651163 -0.138826
v -0.134189 0.651163 -0.155678
v -0.114186 0.651163 -0.167192
v -0.093926 0.651163 -0.177373
v -0.074578 0.651163 -0.189575
v -0.054641 0.651163 -0.203274
v -0.032374 0.651163 -0.213626
v -0.008193 0.651163 -0.214383
v 0.014995 0.651163 -0.202267
v 0.033858 0.651163 -0.179731
v 0.047388 0.651163 -0.154066
v 0.058048 0.651163 -0.133339
v 0.070220 0.651163 -0.121849
v 0.087011 0.651163 -0.118093
v 0.107851 0.651163 -0.116423
v 0.128807 0.651163 -0.111027
v 0.145509 0.651163 -0.099377
v 0.156541 0.651163 -0.082894
v 0.164652 0.651163 -0.064773
v 0.174707 0.651163 -0.046962
v 0.189705 0.651163 -0.028749
v 0.207775 0.651163 -0.007941
v 0.222462 0.651163 0.016492
v 0.226349 0.651163 0.042640
v 0.215654 0.651163 0.066331
v 0.192680 0.651163 0.083882
v 0.164480 0.651163 0.094787
v 0.138676 0.651163 0.102176
v 0.119303 0.651163 0.110520
v 0.105363 0.651163 0.122236
v 0.092743 0.651163 0.135796
v 0.077778 0.651163 0.146879
v 0.059742 0.651163 0.151863
v 0.040605 0.651163 0.151056
v 0.022601 0.651163 0.149140
v 0.005819 0.651163 0.152257
v -0.012131 0.651163 0.163637
v -0.034066 0.651163 0.180835
v -0.060479 0.651163 0.196628
v -0.100164 0.674419 0.213589
v -0.123902 0.674419 0.201770
v -0.139752 0.674419 0.178992
v -0.148986 0.674419 0.152085
v -0.155912 0.674419 0.126983
v -0.164407 0.674419 0.105680
v -0.174694 0.674419 0.086354
v -0.182878 0.674419 0.066112
v -0.183805 0.674419 0.043947
v -0.175244 0.674419 0.021574
v -0.160343 0.674419 0.001650
v -0.146363 0.674419 -0.014967
v -0.140370 0.674419 -0.030522
v -0.144741 0.674419 -0.048981
v -0.155552 0.674419 -0.072947
v -0.164945 0.674419 -0.101289
v -0.165800 0.674419 -0.129452
v -0.155584 0.674419 -0.152414
v -0.136925 0.674419 -0.168119
v -0.114903 0.674419 -0.178756
v -0.093319 0.674419 -0.188783
v -0.072685 0.674419 -0.201058
v -0.051161 0.674419 -0.213973
v -0.027315 0.674419 -0.221880
v -0.002252 0.674419 -0.218764
v 0.020724 0.674419 -0.202653
v 0.038628 0.674419 -0.177650
v 0.051440 0.674419 -0.152007
v 0.062584 0.674419 -0.133454
v 0.076679 0.674419 -0.124869
v 0.096140 0.674419 -0.123135
v 0.119250 0.674419 -0.121731
v 0.141296 0.674419 -0.115079
v 0.158033 0.674419 -0.101583
v 0.168926 0.674419 -0.083503
v 0.177598 0.674419 -0.064204
v 0.188996 0.674419 -0.045189
v 0.205193 0.674419 -0.025261
v 0.222945 0.674419 -0.002295
v 0.234957 0.674419 0.024027
v 0.234186 0.674419 0.050921
v 0.218342 0.674419 0.073888
v 0.191490 0.674419 0.089801
v 0.161694 0.674419 0.099293
v 0.136327 0.674419 0.106440
v 0.118231 0.674419 0.115822
v 0.105136 0.674419 0.129088
v 0.092360 0.674419 0.143685
v 0.076539 0.674419 0.154837
v 0.057631 0.674419 0.159418
v 0.037976 0.674419 0.158828
v 0.019520 0.674419 0.158557
v 0.001694 0.674419 0.164525
v -0.018271 0.674419 0.178667
v -0.042815 0.674419 0.196907
v -0.071429 0.674419 0.211075
v -0.110149 0.697674 0.218784
v -0.132105 0.697674 0.202247
v -0.145631 0.697674 0.176159
v -0.153156 0.697674 0.147854
v -0.159520 0.697674 0.122679
v -0.168165 0.697674 0.101578
v -0.178312 0.697674 0.082034
v -0.185360 0.697674 0.061218
v -0.184403 0.697674 0.038685
v -0.174367 0.697674 0.016542
v -0.159684 0.697674 -0.002813
v -0.148064 0.697674 -0.019329
v -0.145732 0.697674 -0.035974
v -0.153347 0.697674 -0.056709
v -0.165397 0.697674 -0.083271
v -0.173488 0.697674 -0.113320
v -0.171249 0.697674 -0.141572
v -0.157590 0.697674 -0.163242
v -0.136325 0.697674 -0.177263
v -0.112830 0.697674 -0.186792
v -0.090389 0.697674 -0.196474
v -0.068834 0.697674 -0.208420
v -0.046139 0.697674 -0.219933
v -0.021332 0.697674 -0.224863
v 0.003837 0.697674 -0.217828
v 0.025899 0.697674 -0.198387
v 0.042493 0.697674 -0.172141
v 0.054672 0.697674 -0.147837
v 0.066634 0.697674 -0.132352
v 0.082881 0.697674 -0.126888
v 0.104855 0.697674 -0.126835
v 0.129680 0.697674 -0.125190
v 0.152108 0.697674 -0.116980
v 0.168337 0.697674 -0.101682
v 0.178832 0.697674 -0.082273
v 0.187935 0.697674 -0.062068
v 0.200349 0.697674 -0.042030
v 0.217002 0.697674 -0.020587
v 0.233382 0.697674 0.004111
v 0.241755 0.697674 0.031561
v 0.235938 0.697674 0.058242
v 0.215374 0.697674 0.079648
v 0.185738 0.697674 0.093512
v 0.155647 0.697674 0.101666
v 0.131745 0.697674 0.108914
v 0.115453 0.697674 0.119594
v 0.103334 0.697674 0.134365
v 0.090431 0.697674 0.149710
v 0.073917 0.697674 0.160670
v 0.054452 0.697674 0.164875
v 0.034576 0.697674 0.164818
v 0.015796 0.697674 0.166506
v -0.003087 0.697674 0.175238
v -0.024991 0.697674 0.191432
v -0.051723 0.697674 0.209529
v -0.081685 0.697674 0.220885
v -0.117245 0.720930 0.217543
v -0.136567 0.720930 0.196854
v -0.147447 0.720930 0.168549
v -0.153358 0.720930 0.139995
v -0.159344 0.720930 0.115614
v -0.168128 0.720930 0.095257
v -0.177912 0.720930 0.075908
v -0.183649 0.720930 0.055019
v -0.181016 0.720930 0.032730
v -0.170210 0.720930 0.011366
v -0.156700 0.720930 -0.007138
v -0.148155 0.720930 -0.023563
v -0.149538 0.720930 -0.041373
v -0.159710 0.720930 -0.064183
v -0.171905 0.720930 -0.092648
v -0.177742 0.720930 -0.123309
v -0.172027 0.720930 -0.150490
v -0.155194 0.720930 -0.170007
v -0.131997 0.720930 -0.181924
v -0.107759 0.720930 -0.190195
v -0.085049 0.720930 -0.199337
v -0.063069 0.720930 -0.210519
v -0.039793 0.720930 -0.220080
v -0.014807 0.720930 -0.221742
v 0.009618 0.720930 -0.211132
v 0.030124 0.720930 -0.189410
v 0.045194 0.720930 -0.163350
v 0.056920 0.720930 -0.141638
v 0.069977 0.720930 -0.129839
v 0.088371 0.720930 -0.127382
v 0.112380 0.720930 -0.128463
v 0.138090 0.720930 -0.126058
v 0.160060 0.720930 -0.116134
v 0.175215 0.720930 -0.099272
v 0.185053 0.720930 -0.078955
v 0.194373 0.720930 -0.058232
v 0.207309 0.720930 -0.037484
v 0.223535 0.720930 -0.014927
v 0.237513 0.720930 0.010819
v 0.241568 0.720930 0.038419
v 0.230795 0.720930 0.063855
v 0.206450 0.720930 0.082967
v 0.175477 0.720930 0.094573
v 0.146493 0.720930 0.101630
v 0.124985 0.720930 0.109337
v 0.110859 0.720930 0.121441
v 0.099751 0.720930 0.137480
v 0.086770 0.720930 0.153148
v 0.069814 0.720930 0.163628
v 0.050182 0.720930 0.167503
v 0.030421 0.720930 0.168245
v 0.011486 0.720930 0.172002
v -0.008340 0.720930 0.183081
v -0.031858 0.720930 0.200313
v -0.060033 0.720930 0.216983
v -0.090229 0.720930 0.224522
v -0.120655 0.744186 0.209644
v -0.136742 0.744186 0.185811
v -0.144926 0.744186 0.156623
v -0.149486 0.744186 0.129001
v -0.155307 0.744186 0.106199
v -0.164176 0.744186 0.087058
v -0.173374 0.744186 0.068319
v -0.177735 0.744186 0.047885
v -0.173796 0.744186 0.026439
v -0.163006 0.744186 0.006323
v -0.151501 0.744186 -0.011144
v -0.146413 0.744186 -0.027495
v -0.151143 0.744186 -0.046394
v -0.162878 0.744186 -0.070797
v -0.174081 0.744186 -0.100187
v -0.176934 0.744186 -0.130209
v -0.167727 0.744186 -0.155200
v -0.148332 0.744186 -0.171887
v -0.124091 0.744186 -0.181472
v -0.099927 0.744186 -0.188445
v -0.077579 0.744186 -0.196873
v -0.055742 0.744186 -0.206896
v -0.032574 0.744186 -0.214118
v -0.008245 0.744186 -0.212541
v 0.014644 0.744186 -0.199069
v 0.033120 0.744186 -0.176367
v 0.046631 0.744186 -0.151915
v 0.058147 0.744186 -0.133775
v 0.072446 0.744186 -0.125879
v 0.092712 0.744186 -0.125982
v 0.117995 0.744186 -0.127519
v 0.143595 0.744186 -0.123917
v 0.164250 0.744186 -0.112314
v 0.177837 0.744186 -0.094302
v 0.186794 0.744186 -0.073607
v 0.196059 0.744186 -0.052822
v 0.208923 0.744186 -0.031783
v 0.223826 0.744186 -0.008682
v 0.234579 0.744186 0.017256
v 0.234059 0.744186 0.043954
v 0.218937 0.744186 0.067204
v 0.192156 0.744186 0.083523
v 0.161443 0.744186 0.092914
v 0.134859 0.744186 0.099245
v 0.116415 0.744186 0.107721
v 0.104586 0.744186 0.121194
v 0.094422 0.744186 0.138084
v 0.081433 0.744186 0.153568
v 0.064347 0.744186 0.163295
v 0.044966 0.744186 0.166898
v 0.025649 0.744186 0.168601
v 0.006761 0.744186 0.174291
v -0.013756 0.744186 0.187010
v -0.038329 0.744186 0.204105
v -0.066967 0.744186 0.218165
v -0.096173 0.744186 0.221259
v -0.120081 0.767442 0.195798
v -0.132673 0.767442 0.170126
v -0.138390 0.767442 0.141430
v -0.141985 0.767442 0.115775
v -0.147834 0.767442 0.095146
v -0.156689 0.767442 0.077566
v -0.165111 0.767442 0.059796
v -0.168149 0.767442 0.040306
v -0.163384 0.767442 0.020209
v -0.153351 0.767442 0.001666
v -0.144426 0.767442 -0.014686
v -0.142775 0.767442 -0.030959
v -0.150122 0.767442 -0.050706
v -0.162281 0.767442 -0.075990
v -0.171494 0.767442 -0.105176
v -0.170984 0.767442 -0.133342
v -0.158649 0.767442 -0.155239
v -0.137562 0.767442 -0.168705
v -0.113249 0.767442 -0.175961
v -0.089949 0.767442 -0.181704
v -0.068554 0.767442 -0.189292
v -0.047427 0.767442 -0.197857
v -0.025057 0.767442 -0.202582
v -0.002153 0.767442 -0.198115
v 0.018584 0.767442 -0.182765
v 0.034788 0.767442 -0.160433
v 0.046875 0.767442 -0.138781
v 0.058424 0.767442 -0.124768
v 0.073939 0.767442 -0.120561
v 0.095548 0.767442 -0.122521
v 0.121162 0.767442 -0.123824
v 0.145634 0.767442 -0.118751
v 0.164235 0.767442 -0.105702
v 0.175905 0.767442 -0.087078
v 0.183826 0.767442 -0.066574
v 0.192744 0.767442 -0.046201
v 0.204925 0.767442 -0.025347
v 0.217743 0.767442 -0.002366
v 0.224786 0.767442 0.022857
v 0.219912 0.767442 0.047686
v 0.201479 0.767442 0.068053
v 0.173812 0.767442 0.081389
v 0.144865 0.767442 0.088844
v 0.121663 0.767442 0.094879
v 0.106605 0.767442 0.104313
v 0.096963 0.767442 0.118914
v 0.087599 0.767442 0.136108
v 0.074695 0.767442 0.150890
v 0.057817 0.767442 0.159645
v 0.039080 0.767442 0.163035
v 0.020499 0.767442 0.165727
v 0.001879 0.767442 0.172979
v -0.018959 0.767442 0.186447
v -0.043857 0.767442 0.202254
v -0.071883 0.767442 0.212820
v -0.098955 0.767442 0.211326
v -0.115801 0.790698 0.177507
v -0.125000 0.790698 0.151379
v -0.128700 0.790698 0.124386
v -0.131757 0.790698 0.101448
v -0.137776 0.790698 0.083330
v -0.146485 0.790698 0.067493
v -0.153997 0.790698 0.050957
v -0.155867 0.790698 0.032791
v -0.150778 0.790698 0.014391
v -0.142091 0.790698 -0.002422
v -0.135991 0.790698 -0.017674
v -0.137386 0.790698 -0.033831
v -0.146396 0.790698 -0.054044
v -0.157885 0.790698 -0.079376
v -0.164407 0.790698 -0.107254
v -0.160544 0.790698 -0.132568
v -0.145754 0.790698 -0.150808
v -0.123958 0.790698 -0.160991
v -0.100481 0.790698 -0.166133
v -0.078697 0.790698 -0.170803
v -0.058729 0.790698 -0.177483
v -0.038800 0.790698 -0.184428
v -0.017823 0.790698 -0.186737
v 0.003068 0.790698 -0.179979
v 0.021293 0.790698 -0.163835
v 0.035230 0.790698 -0.143067
v 0.046149 0.790698 -0.125011
v 0.057917 0.790698 -0.115201
v 0.074439 0.790698 -0.114106
v 0.096695 0.790698 -0.117100
v 0.121661 0.790698 -0.117583
v 0.144121 0.790698 -0.110968
v 0.160151 0.790698 -0.096862
v 0.169743 0.790698 -0.078209
v 0.176557 0.790698 -0.058422
v 0.184855 0.790698 -0.038890
v 0.195827 0.790698 -0.018691
v 0.206038 0.790698 0.003512
v 0.209286 0.790698 0.027200
v 0.200695 0.790698 0.049420
v 0.180238 0.790698 0.066537
v 0.153194 0.790698 0.077018
v 0.127206 0.790698 0.082986
v 0.107935 0.790698 0.089126
v 0.096216 0.790698 0.099552
v 0.088459 0.790698 0.114887
v 0.079711 0.790698 0.131793
v 0.067004 0.790698 0.145425
v 0.050651 0.790698 0.153070
v 0.032881 0.790698 0.156293
v 0.015259 0.790698 0.159868
v -0.002866 0.790698 0.168150
v -0.023581 0.790698 0.181441
v -0.048021 0.790698 0.195013
v -0.074431 0.790698 0.201623
v -0.098477 0.790698 0.195878
v -0.108632 0.813953 0.156778
v -0.114844 0.813953 0.131432
v -0.117097 0.813953 0.107016
v -0.120015 0.813953 0.087184
v -0.126272 0.813953 0.071638
v -0.134696 0.813953 0.057561
v -0.141235 0.813953 0.042400
v -0.142161 0.813953 0.025788
v -0.137196 0.813953 0.009240
v -0.130214 0.813953 -0.005857
v -0.126855 0.813953 -0.020101
v -0.130644 0.813953 -0.036065
v -0.140320 0.813953 -0.056298
v -0.150262 0.813953 -0.080873
v -0.153758 0.813953 -0.106540
v -0.146895 0.813953 -0.128356
v -0.130481 0.813953 -0.142771
v -0.108901 0.813953 -0.149912
v -0.086973 0.813953 -0.153303
v -0.067140 0.813953 -0.157111
v -0.048897 0.813953 -0.162877
v -0.030510 0.813953 -0.168188
v -0.011340 0.813953 -0.168362
v 0.007199 0.813953 -0.160040
v 0.022834 0.813953 -0.144105
v 0.034720 0.813953 -0.125770
v 0.044789 0.813953 -0.111635
v 0.056877 0.813953 -0.105678
v 0.074068 0.813953 -0.106895
v 0.096229 0.813953 -0.110128
v 0.119696 0.813953 -0.109392
v 0.139518 0.813953 -0.101351
v 0.152739 0.813953 -0.086653
v 0.160284 0.813953 -0.068495
v 0.166004 0.813953 -0.049836
v 0.173473 0.813953 -0.031468
v 0.182864 0.813953 -0.012316
v 0.190247 0.813953 0.008557
v 0.189977 0.813953 0.030103
v 0.178575 0.813953 0.049297
v 0.157397 0.813953 0.063149
v 0.132210 0.813953 0.071157
v 0.109915 0.813953 0.076161
v 0.094664 0.813953 0.082717
v 0.085927 0.813953 0.094021
v 0.079633 0.813953 0.109622
v 0.071318 0.813953 0.125708
v 0.058917 0.813953 0.137869
v 0.043339 0.813953 0.144362
v 0.026747 0.813953 0.147446
v 0.010217 0.813953 0.151698
v -0.007216 0.813953 0.160422
v -0.027370 0.813953 0.172727
v -0.050642 0.813953 0.183449
v -0.074658 0.813953 0.186082
v -0.095153 0.813953 0.176794
v -0.099791 0.837209 0.135764
v -0.103612 0.837209 0.112103
v -0.105002 0.837209 0.090717
v -0.108099 0.837209 0.074009
v -0.114603 0.837209 0.060855
v -0.122628 0.837209 0.048403
v -0.128209 0.837209 0.034621
v -0.128436 0.837209 0.019614
v -0.123928 0.837209 0.004878
v -0.118768 0.837209 -0.008668
v -0.117817 0.837209 -0.022055
v -0.123245 0.837209 -0.037754
v -0.132717 0.837209 -0.057597
v -0.140545 0.837209 -0.080780
v -0.141028 0.837209 -0.103660
v -0.131721 0.837209 -0.121744
v -0.114494 0.837209 -0.132523
v -0.093847 0.837209 -0.137076
v -0.073891 0.837209 -0.139153
v -0.056178 0.837209 -0.142324
v -0.039757 0.837209 -0.147230
v -0.023063 0.837209 -0.151019
v -0.005883 0.837209 -0.149460
v 0.010239 0.837209 -0.140282
v 0.023462 0.837209 -0.125330
v 0.033662 0.837209 -0.109889
v 0.043210 0.837209 -0.099565
v 0.055647 0.837209 -0.096817
v 0.073132 0.837209 -0.099495
v 0.094565 0.837209 -0.102314
v 0.115936 0.837209 -0.100164
v 0.132821 0.837209 -0.090935
v 0.143270 0.837209 -0.076077
v 0.148955 0.837209 -0.058795
v 0.153669 0.837209 -0.041496
v 0.160193 0.837209 -0.024464
v 0.167821 0.837209 -0.006606
v 0.172432 0.837209 0.012585
v 0.169172 0.837209 0.031669
v 0.155925 0.837209 0.047765
v 0.135122 0.837209 0.058641
v 0.112595 0.837209 0.064716
v 0.094231 0.837209 0.069263
v 0.082696 0.837209 0.076433
v 0.076387 0.837209 0.088415
v 0.071096 0.837209 0.103845
v 0.063041 0.837209 0.118720
v 0.051021 0.837209 0.129259
v 0.036359 0.837209 0.134648
v 0.021015 0.837209 0.137609
v 0.005601 0.837209 0.142289
v -0.011015 0.837209 0.150917
v -0.030262 0.837209 0.161659
v -0.051856 0.837209 0.169280
v -0.073028 0.837209 0.168274
v -0.089849 0.837209 0.156323
v -0.090665 0.860465 0.116397
v -0.092753 0.860465 0.094899
v -0.093800 0.860465 0.076574
v -0.097303 0.860465 0.062703
v -0.104043 0.860465 0.051579
v -0.111615 0.860465 0.040494
v -0.116319 0.860465 0.027952
v -0.116074 0.860465 0.014424
v -0.112216 0.860465 0.001283
v -0.108798 0.860465 -0.011000
v -0.109795 0.860465 -0.023742
v -0.116154 0.860465 -0.039159
v -0.124789 0.860465 -0.058347
v -0.130253 0.860465 -0.079780
v -0.127965 0.860465 -0.099676
v -0.116803 0.860465 -0.114161
v -0.099391 0.860465 -0.121749
v -0.080079 0.860465 -0.124268
v -0.062197 0.860465 -0.125463
v -0.046516 0.860465 -0.128212
v -0.031807 0.860465 -0.132360
v -0.016754 0.860465 -0.134822
v -0.001509 0.860465 -0.131950
v 0.012384 0.860465 -0.122489
v 0.023566 0.860465 -0.108980
v 0.032534 0.860465 -0.096502
v 0.041877 0.860465 -0.089565
v 0.054676 0.860465 -0.089266
v 0.072163 0.860465 -0.092643
v 0.092456 0.860465 -0.094595
v 0.111461 0.860465 -0.090992
v 0.125428 0.860465 -0.080827
v 0.133358 0.860465 -0.066111
v 0.137471 0.860465 -0.049875
v 0.141319 0.860465 -0.033960
v 0.146876 0.860465 -0.018252
v 0.152739 0.860465 -0.001747
v 0.154830 0.860465 0.015654
v 0.149192 0.860465 0.032261
v 0.134933 0.860465 0.045490
v 0.115242 0.860465 0.053883
v 0.095703 0.860465 0.058618
v 0.081074 0.860465 0.063151
v 0.072691 0.860465 0.071047
v 0.068175 0.860465 0.083512
v 0.063451 0.860465 0.098464
v 0.055492 0.860465 0.111938
v 0.043853 0.860465 0.120873
v 0.030105 0.860465 0.125278
v 0.015922 0.860465 0.128127
v 0.001521 0.860465 0.133005
v -0.014270 0.860465 0.141139
v -0.032438 0.860465 0.150006
v -0.052115 0.860465 0.154585
v -0.070352 0.860465 0.150466
v -0.083723 0.860465 0.136689
v -0.082569 0.883721 0.100111
v -0.083539 0.883721 0.080832
v -0.084663 0.883721 0.065265
v -0.088744 0.883721 0.053743
v -0.095733 0.883721 0.044175
v -0.102874 0.883721 0.034106
v -0.106831 0.883721 0.022539
v -0.106297 0.883721 0.010207
v -0.103158 0.883721 -0.001699
v -0.101287 0.883721 -0.013105
v -0.103771 0.883721 -0.025490
v -0.110514 0.883721 -0.040725
v -0.117935 0.883721 -0.059207
v -0.121011 0.883721 -0.078845
v -0.116265 0.883721 -0.095893
v -0.103697 0.883721 -0.107171
v -0.086436 0.883721 -0.112127
v -0.068527 0.883721 -0.113155
v -0.052532 0.883721 -0.113844
v -0.038578 0.883721 -0.116364
v -0.025293 0.883721 -0.119886
v -0.011642 0.883721 -0.121244
v 0.001934 0.883721 -0.117411
v 0.013977 0.883721 -0.108028
v 0.023609 0.883721 -0.096115
v 0.031833 0.883721 -0.086381
v 0.041297 0.883721 -0.082260
v 0.054530 0.883721 -0.083692
v 0.071901 0.883721 -0.087176
v 0.090930 0.883721 -0.087983
v 0.107610 0.883721 -0.082954
v 0.118916 0.883721 -0.072016
v 0.124701 0.883721 -0.057542
v 0.127563 0.883721 -0.042291
v 0.130711 0.883721 -0.027577
v 0.135363 0.883721 -0.012998
v 0.139580 0.883721 0.002299
v 0.139477 0.883721 0.018046
v 0.131992 0.883721 0.032422
v 0.117283 0.883721 0.043220
v 0.099030 0.883721 0.049716
v 0.082394 0.883721 0.053685
v 0.071023 0.883721 0.058578
v 0.065117 0.883721 0.067299
v 0.061783 0.883721 0.080147
v 0.057232 0.883721 0.094505
v 0.049185 0.883721 0.106591
v 0.037819 0.883721 0.114073
v 0.024823 0.883721 0.117656
v 0.011563 0.883721 0.120416
v -0.002064 0.883721 0.125328
v -0.017174 0.883721 0.132737
v -0.034303 0.883721 0.139648
v -0.052113 0.883721 0.141415
v -0.067626 0.883721 0.134705
v -0.078000 0.883721 0.119714
v -0.076531 0.906977 0.087686
v -0.076900 0.906977 0.070361
v -0.078443 0.906977 0.057052
v -0.083265 0.906977 0.047301
v -0.090584 0.906977 0.038771
v -0.097395 0.906977 0.029300
v -0.100754 0.906977 0.018336
v -0.100060 0.906977 0.006797
v -0.097628 0.906977 -0.004335
v -0.097087 0.906977 -0.015327
v -0.100690 0.906977 -0.027734
v -0.107458 0.906977 -0.043042
v -0.113483 0.906977 -0.060994
v -0.114228 0.906977 -0.079053
v -0.107245 0.906977 -0.093602
v -0.093478 0.906977 -0.102166
v -0.076390 0.906977 -0.105031
v -0.059664 0.906977 -0.105028
v -0.045161 0.906977 -0.105512
v -0.032483 0.906977 -0.107977
v -0.020204 0.906977 -0.111017
v -0.007571 0.906977 -0.111464
v 0.004747 0.906977 -0.106901
v 0.015431 0.906977 -0.097744
v 0.024061 0.906977 -0.087353
v 0.032046 0.906977 -0.080007
v 0.041998 0.906977 -0.078140
v 0.055865 0.906977 -0.080723
v 0.073226 0.906977 -0.083899
v 0.091127 0.906977 -0.083377
v 0.105741 0.906977 -0.076906
v 0.114760 0.906977 -0.065193
v 0.118790 0.906977 -0.050844
v 0.120697 0.906977 -0.036310
v 0.123313 0.906977 -0.022442
v 0.127164 0.906977 -0.008638
v 0.129895 0.906977 0.005768
v 0.127874 0.906977 0.020187
v 0.118879 0.906977 0.032744
v 0.103960 0.906977 0.041641
v 0.087124 0.906977 0.046827
v 0.073045 0.906977 0.050551
v 0.064340 0.906977 0.056155
v 0.060261 0.906977 0.065861
v 0.057569 0.906977 0.079153
v 0.052830 0.906977 0.092997
v 0.044455 0.906977 0.103862
v 0.033126 0.906977 0.110115
v 0.020574 0.906977 0.113050
v 0.007863 0.906977 0.115759
v -0.005356 0.906977 0.120622
v -0.020084 0.906977 0.127216
v -0.036418 0.906977 0.132217
v -0.052636 0.906977 0.131411
v -0.065823 0.906977 0.122467
v -0.073739 0.906977 0.106551
v -0.073150 0.930233 0.079236
v -0.073346 0.930233 0.063441
v -0.075620 0.930233 0.051836
v -0.081393 0.930233 0.043280
v -0.089201 0.930233 0.035268
v -0.095832 0.930233 0.025937
v -0.098735 0.930233 0.015136
v -0.097962 0.930233 0.003912
v -0.096201 0.930233 -0.006966
v -0.096824 0.930233 -0.018068
v -0.101306 0.930233 -0.030970
v -0.107881 0.930233 -0.046745
v -0.112394 0.930233 -0.064515
v -0.110805 0.930233 -0.081348
v -0.101609 0.930233 -0.093805
v -0.086583 0.930233 -0.100101
v -0.069445 0.930233 -0.101309
v -0.053507 0.930233 -0.100626
v -0.039993 0.930233 -0.101151
v -0.028072 0.930233 -0.103723
v -0.016313 0.930233 -0.106414
v -0.004237 0.930233 -0.106081
v 0.007305 0.930233 -0.100887
v 0.017158 0.930233 -0.091950
v 0.025344 0.930233 -0.082903
v 0.033623 0.930233 -0.077597
v 0.044508 0.930233 -0.077540
v 0.059356 0.930233 -0.080850
v 0.076999 0.930233 -0.083405
v 0.094069 0.930233 -0.081366
v 0.106955 0.930233 -0.073316
v 0.114046 0.930233 -0.060643
v 0.116645 0.930233 -0.046119
v 0.117832 0.930233 -0.031891
v 0.120061 0.930233 -0.018405
v 0.123213 0.930233 -0.004921
v 0.124572 0.930233 0.009020
v 0.120772 0.930233 0.022537
v 0.110375 0.930233 0.033742
v 0.095224 0.930233 0.041261
v 0.079580 0.930233 0.045679
v 0.067624 0.930233 0.049647
v 0.061031 0.930233 0.056344
v 0.058223 0.930233 0.067313
v 0.055707 0.930233 0.081267
v 0.050416 0.930233 0.094814
v 0.041394 0.930233 0.104695
v 0.029755 0.930233 0.109941
v 0.017228 0.930233 0.112382
v 0.004596 0.930233 0.115094
v -0.008681 0.930233 0.119887
v -0.023446 0.930233 0.125646
v -0.039368 0.930233 0.128778
v -0.054383 0.930233 0.125508
v -0.065685 0.930233 0.114434
v -0.071638 0.930233 0.097579
v -0.072558 0.953488 0.074322
v -0.072968 0.953488 0.059637
v -0.076320 0.953488 0.049243
v -0.083325 0.953488 0.041367
v -0.091833 0.953488 0.033377
v -0.098440 0.953488 0.023715
v -0.100993 0.953488 0.012609
v -0.100193 0.953488 0.001203
v -0.099088 0.953488 -0.009961
v -0.100785 0.953488 -0.021734
v -0.105997 0.953488 -0.035667
v -0.112201 0.953488 -0.052383
v -0.115027 0.953488 -0.070364
v -0.110933 0.953488 -0.086307
v -0.099338 0.953488 -0.096980
v -0.082805 0.953488 -0.101314
v -0.065272 0.953488 -0.101162
v -0.049682 0.953488 -0.100074
v -0.036658 0.953488 -0.100861
v -0.024983 0.953488 -0.103701
v -0.013252 0.953488 -0.106145
v -0.001262 0.953488 -0.105087
v 0.009979 0.953488 -0.099264
v 0.019512 0.953488 -0.090483
v 0.027805 0.953488 -0.082631
v 0.036940 0.953488 -0.079123
v 0.049288 0.953488 -0.080573
v 0.065574 0.953488 -0.084284
v 0.083872 0.953488 -0.085911
v 0.100418 0.953488 -0.082073
v 0.111843 0.953488 -0.072163
v 0.117248 0.953488 -0.058208
v 0.118627 0.953488 -0.043115
v 0.119262 0.953488 -0.028732
v 0.121212 0.953488 -0.015133
v 0.123721 0.953488 -0.001486
v 0.123718 0.953488 0.012437
v 0.118113 0.953488 0.025470
v 0.106239 0.953488 0.035749
v 0.090704 0.953488 0.042347
v 0.075996 0.953488 0.046488
v 0.065806 0.953488 0.051198
v 0.060894 0.953488 0.059449
v 0.058905 0.953488 0.072072
v 0.056134 0.953488 0.087000
v 0.049893 0.953488 0.100499
v 0.039834 0.953488 0.109599
v 0.027464 0.953488 0.114001
v 0.014490 0.953488 0.116059
v 0.001427 0.953488 0.118826
v -0.012419 0.953488 0.123542
v -0.027692 0.953488 0.128415
v -0.043611 0.953488 0.129606
v -0.057790 0.953488 0.123783
v -0.067565 0.953488 0.110451
v -0.071931 0.953488 0.092455
v -0.074474 0.976744 0.072143
v -0.075514 0.976744 0.058281
v -0.080354 0.976744 0.048725
v -0.088917 0.976744 0.041092
v -0.098332 0.976744 0.032663
v -0.105019 0.976744 0.022220
v -0.107277 0.976744 0.010363
v -0.106494 0.976744 -0.001693
v -0.106071 0.976744 -0.013662
v -0.108807 0.976744 -0.026661
v -0.114609 0.976744 -0.042160
v -0.120191 0.976744 -0.060253
v -0.121000 0.976744 -0.078740
v -0.114055 0.976744 -0.093960
v -0.099739 0.976744 -0.102962
v -0.081401 0.976744 -0.105471
v -0.063165 0.976744 -0.104167
v -0.047564 0.976744 -0.102923
v -0.034614 0.976744 -0.104206
v -0.022737 0.976744 -0.107467
v -0.010599 0.976744 -0.109724
v 0.001716 0.976744 -0.107934
v 0.013068 0.976744 -0.101458
v 0.022742 0.976744 -0.092813
v 0.031679 0.976744 -0.086117
v 0.042262 0.976744 -0.084302
v 0.056641 0.976744 -0.087041
v 0.074827 0.976744 -0.090830
v 0.094081 0.976744 -0.091136
v 0.110262 0.976744 -0.085099
v 0.120308 0.976744 -0.072953
v 0.124106 0.976744 -0.057354
v 0.124374 0.976744 -0.041313
v 0.124570 0.976744 -0.026356
v 0.126306 0.976744 -0.012201
v 0.128147 0.976744 0.002038
v 0.126677 0.976744 0.016316
v 0.119121 0.976744 0.029189
v 0.105633 0.976744 0.038858
v 0.089595 0.976744 0.044915
v 0.075692 0.976744 0.049256
v 0.067070 0.976744 0.055253
v 0.063540 0.976744 0.065593
v 0.061978 0.976744 0.080305
v 0.058513 0.976744 0.096495
v 0.050881 0.976744 0.110101
v 0.039362 0.976744 0.118501
v 0.025838 0.976744 0.122122
v 0.011965 0.976744 0.123860
v -0.002015 0.976744 0.126708
v -0.016911 0.976744 0.131290
v -0.033108 0.976744 0.135115
v -0.049340 0.976744 0.134125
v -0.062907 0.976744 0.125484
v -0.071354 0.976744 0.109651
v -0.074386 0.976744 0.090294
v -0.078326 1.000000 0.071747
v -0.080485 1.000000 0.058608
v -0.087272 1.000000 0.049644
v -0.097698 1.000000 0.041882
v -0.108140 1.000000 0.032600
v -0.114915 1.000000 0.020982
v -0.116877 1.000000 0.008006
v -0.116157 1.000000 -0.005092
v -0.116469 1.000000 -0.018319
v -0.120202 1.000000 -0.033035
v -0.126369 1.000000 -0.050533
v -0.130917 1.000000 -0.070268
v -0.129215 1.000000 -0.089315
v -0.118976 1.000000 -0.103721
v -0.101633 1.000000 -0.110951
v -0.081311 1.000000 -0.111663
v -0.062231 1.000000 -0.109399
v -0.046423 1.000000 -0.108290
v -0.033258 1.000000 -0.110325
v -0.020840 1.000000 -0.114140
v -0.007961 1.000000 -0.116217
v 0.004982 1.000000 -0.113662
v 0.016759 1.000000 -0.106554
v 0.026972 1.000000 -0.098141
v 0.037069 1.000000 -0.092700
v 0.049679 1.000000 -0.092557
v 0.066605 1.000000 -0.096360
v 0.087007 1.000000 -0.099804
v 0.107289 1.000000 -0.098278
v 0.122999 1.000000 -0.089566
v 0.131524 1.000000 -0.074816
v 0.133656 1.000000 -0.057297
v 0.132864 1.000000 -0.040053
v 0.132709 1.000000 -0.024230
v 0.134252 1.000000 -0.009196
v 0.135319 1.000000 0.005932
v 0.132191 1.000000 0.020791
v 0.122516 1.000000 0.033671
v 0.107355 1.000000 0.042929
v 0.090872 1.000000 0.048774
v 0.077851 1.000000 0.053811
v 0.070763 1.000000 0.061690
v 0.068393 1.000000 0.074663
v 0.066863 1.000000 0.091821
v 0.062229 1.000000 0.109396
v 0.052757 1.000000 0.123065
v 0.039394 1.000000 0.130679
v 0.024372 1.000000 0.133484
v 0.009242 1.000000 0.134912
v -0.006041 1.000000 0.137814
v -0.022351 1.000000 0.142107
v -0.039734 1.000000 0.144577
v -0.056393 1.000000 0.141023
v -0.069364 1.000000 0.129232
v -0.076522 1.000000 0.110706
v -0.078404 1.000000 0.089935
v 0.187875 -0.920000 0.068580
v 0.187003 -0.904722 0.070923
v 0.186102 -0.889444 0.073255
v 0.185171 -0.874167 0.075575
v 0.184212 -0.858889 0.077884
v 0.183224 -0.843611 0.080180
v 0.182208 -0.828333 0.082464
v 0.181163 -0.813056 0.084735
v 0.180089 -0.797778 0.086993
v 0.178988 -0.782500 0.089237
v 0.177859 -0.767222 0.091468
v 0.176701 -0.751944 0.093684
v 0.175517 -0.736667 0.095885
v 0.174304 -0.721389 0.098072
v 0.173065 -0.706111 0.100243
v 0.171798 -0.690833 0.102398
v 0.170505 -0.675556 0.104537
v 0.169185 -0.660278 0.106661
v 0.167838 -0.645000 0.108767
v 0.166466 -0.629722 0.110856
v 0.165067 -0.614444 0.112928
v 0.163643 -0.599167 0.114983
v 0.162193 -0.583889 0.117019
v 0.160717 -0.568611 0.119038
v 0.159217 -0.553333 0.121037
v 0.157691 -0.538056 0.123018
v 0.156141 -0.522778 0.124979
v 0.154567 -0.507500 0.126921
v 0.152968 -0.492222 0.128844
v 0.151346 -0.476944 0.130746
v 0.149700 -0.461667 0.132627
v 0.148030 -0.446389 0.134488
v 0.146338 -0.431111 0.136328
v 0.144622 -0.415833 0.138146
v 0.142884 -0.400556 0.139943
v 0.141124 -0.385278 0.141718
v 0.139341 -0.370000 0.143471
v 0.334417 -0.920000 0.122072
v 0.332865 -0.904722 0.126242
v 0.331261 -0.889444 0.130393
v 0.329605 -0.874167 0.134523
v 0.327898 -0.858889 0.138633
v 0.326139 -0.843611 0.142721
v 0.324330 -0.828333 0.146786
v 0.322470 -0.813056 0.150829
v 0.320559 -0.797778 0.154848
v 0.318599 -0.782500 0.158843
v 0.316588 -0.767222 0.162812
v 0.314528 -0.751944 0.166757
v 0.312419 -0.736667 0.170675
v 0.310262 -0.721389 0.174567
v 0.308055 -0.706111 0.178432
v 0.305801 -0.690833 0.182268
v 0.303499 -0.675556 0.186077
v 0.301149 -0.660278 0.189856
v 0.298752 -0.645000 0.193605
v 0.296309 -0.629722 0.197324
v 0.293819 -0.614444 0.201013
v 0.291284 -0.599167 0.204670
v 0.288703 -0.583889 0.208295
v 0.286077 -0.568611 0.211887
v 0.283406 -0.553333 0.215446
v 0.280691 -0.538056 0.218972
v 0.277932 -0.522778 0.222463
v 0.275129 -0.507500 0.225920
v 0.272284 -0.492222 0.229341
v 0.269396 -0.476944 0.232727
v 0.266466 -0.461667 0.236076
v 0.263494 -0.446389 0.239389
v 0.260481 -0.431111 0.242663
v 0.257428 -0.415833 0.245900
v 0.254334 -0.400556 0.249099
v 0.251200 -0.385278 0.252259
v 0.248028 -0.370000 0.255379
v 0.480959 -0.920000 0.175564
v 0.478727 -0.904722 0.181562
v 0.476420 -0.889444 0.187532
v 0.474039 -0.874167 0.193472
v 0.471583 -0.858889 0.199382
v 0.469054 -0.843611 0.205261
v 0.466452 -0.828333 0.211108
v 0.463777 -0.813056 0.216922
v 0.461029 -0.797778 0.222702
v 0.458209 -0.782500 0.228448
v 0.455318 -0.767222 0.234157
v 0.452355 -0.751944 0.239830
v 0.449322 -0.736667 0.245466
v 0.446219 -0.721389 0.251063
v 0.443046 -0.706111 0.256621
v 0.439804 -0.690833 0.262139
v 0.436493 -0.675556 0.267616
v 0.433113 -0.660278 0.273051
v 0.429666 -0.645000 0.278443
v 0.426152 -0.629722 0.283792
v 0.422572 -0.614444 0.289097
v 0.418925 -0.599167 0.294356
v 0.415213 -0.583889 0.299570
v 0.411436 -0.568611 0.304736
v 0.407595 -0.553333 0.309855
v 0.403690 -0.538056 0.314926
v 0.399722 -0.522778 0.319947
v 0.395691 -0.507500 0.324919
v 0.391599 -0.492222 0.329839
v 0.387446 -0.476944 0.334709
v 0.383232 -0.461667 0.339525
v 0.378958 -0.446389 0.344289
v 0.374625 -0.431111 0.348999
v 0.370233 -0.415833 0.353654
v 0.365784 -0.400556 0.358255
v 0.361277 -0.385278 0.362799
v 0.356714 -0.370000 0.367286
v 0.627501 -0.920000 0.229056
v 0.624589 -0.904722 0.236881
v 0.621579 -0.889444 0.244670
v 0.618472 -0.874167 0.252420
v 0.615269 -0.858889 0.260131
v 0.611969 -0.843611 0.267802
v 0.608574 -0.828333 0.275430
v 0.605084 -0.813056 0.283016
v 0.601499 -0.797778 0.290557
v 0.597820 -0.782500 0.298053
v 0.594048 -0.767222 0.305502
v 0.590182 -0.751944 0.312904
v 0.586225 -0.736667 0.320256
v 0.582176 -0.721389 0.327559
v 0.578036 -0.706111 0.334810
v 0.573806 -0.690833 0.342009
v 0.569486 -0.675556 0.349155
v 0.565078 -0.660278 0.356246
v 0.560580 -0.645000 0.363282
v 0.555996 -0.629722 0.370260
v 0.551324 -0.614444 0.377181
v 0.546566 -0.599167 0.384043
v 0.541723 -0.583889 0.390845
v 0.536796 -0.568611 0.397586
v 0.531784 -0.553333 0.404265
v 0.526689 -0.538056 0.410880
v 0.521512 -0.522778 0.417431
v 0.516254 -0.507500 0.423918
v 0.510915 -0.492222 0.430337
v 0.505496 -0.476944 0.436690
v 0.499998 -0.461667 0.442974
v 0.494422 -0.446389 0.449190
v 0.488768 -0.431111 0.455335
v 0.483038 -0.415833 0.461409
v 0.477233 -0.400556 0.467410
v 0.471353 -0.385278 0.473339
v 0.465400 -0.370000 0.479194
v 0.774043 -0.920000 0.282548
v 0.770451 -0.904722 0.292201
v 0.766738 -0.889444 0.301809
v 0.762906 -0.874167 0.311369
v 0.758954 -0.858889 0.320881
v 0.754884 -0.843611 0.330342
v 0.750696 -0.828333 0.339752
v 0.746390 -0.813056 0.349109
v 0.741968 -0.797778 0.358412
v 0.737430 -0.782500 0.367658
v 0.732777 -0.767222 0.376847
v 0.728009 -0.751944 0.385977
v 0.723128 -0.736667 0.395047
v 0.718134 -0.721389 0.404055
v 0.713027 -0.706111 0.413000
v 0.707809 -0.690833 0.421880
v 0.702480 -0.675556 0.430694
v 0.697042 -0.660278 0.439441
v 0.691494 -0.645000 0.448120
v 0.685839 -0.629722 0.456728
v 0.680077 -0.614444 0.465265
v 0.674208 -0.599167 0.473730
v 0.668234 -0.583889 0.482120
v 0.662155 -0.568611 0.490435
v 0.655973 -0.553333 0.498674
v 0.649689 -0.538056 0.506834
v 0.643303 -0.522778 0.514915
v 0.636816 -0.507500 0.522916
v 0.630230 -0.492222 0.530835
v 0.623545 -0.476944 0.538672
v 0.616764 -0.461667 0.546424
v 0.609885 -0.446389 0.554090
v 0.602912 -0.431111 0.561670
v 0.595844 -0.415833 0.569163
v 0.588683 -0.400556 0.576566
v 0.581430 -0.385278 0.583879
v 0.574086 -0.370000 0.591101
v 0.920585 -0.920000 0.336040
v 0.916313 -0.904722 0.347521
v 0.911897 -0.889444 0.358947
v 0.907340 -0.874167 0.370317
v 0.902640 -0.858889 0.381630
v 0.897799 -0.843611 0.392883
v 0.892818 -0.828333 0.404074
v 0.887697 -0.813056 0.415203
v 0.882438 -0.797778 0.426266
v 0.877041 -0.782500 0.437263
v 0.871507 -0.767222 0.448192
v 0.865837 -0.751944 0.459050
v 0.860031 -0.736667 0.469837
v 0.854091 -0.721389 0.480550
v 0.848017 -0.706111 0.491189
v 0.841812 -0.690833 0.501750
v 0.835474 -0.675556 0.512233
v 0.829006 -0.660278 0.522637
v 0.822408 -0.645000 0.532958
v 0.815682 -0.629722 0.543196
v 0.808829 -0.614444 0.553350
v 0.801849 -0.599167 0.563416
v 0.794744 -0.583889 0.573395
v 0.787515 -0.568611 0.583285
v 0.780162 -0.553333 0.593083
v 0.772688 -0.538056 0.602788
v 0.765093 -0.522778 0.612399
v 0.757378 -0.507500 0.621915
v 0.749545 -0.492222 0.631333
v 0.741595 -0.476944 0.640653
v 0.733529 -0.461667 0.649873
v 0.725349 -0.446389 0.658991
v 0.717055 -0.431111 0.668006
v 0.708649 -0.415833 0.676917
v 0.700133 -0.400556 0.685722
v 0.691507 -0.385278 0.694420
v 0.682773 -0.370000 0.703009
v -0.154046 -0.920000 0.127553
v -0.155629 -0.904722 0.125617
v -0.157187 -0.889444 0.123662
v -0.158720 -0.874167 0.121688
v -0.160229 -0.858889 0.119694
v -0.161712 -0.843611 0.117682
v -0.163171 -0.828333 0.115652
v -0.164604 -0.813056 0.113603
v -0.166011 -0.797778 0.111537
v -0.167392 -0.782500 0.109453
v -0.168747 -0.767222 0.107352
v -0.170076 -0.751944 0.105234
v -0.171378 -0.736667 0.103100
v -0.172653 -0.721389 0.100950
v -0.173901 -0.706111 0.098784
v -0.175123 -0.690833 0.096603
v -0.176316 -0.675556 0.094406
v -0.177483 -0.660278 0.092195
v -0.178621 -0.645000 0.089969
v -0.179732 -0.629722 0.087729
v -0.180814 -0.614444 0.085476
v -0.181869 -0.599167 0.083209
v -0.182895 -0.583889 0.080929
v -0.183892 -0.568611 0.078637
v -0.184860 -0.553333 0.076332
v -0.185800 -0.538056 0.074016
v -0.186711 -0.522778 0.071687
v -0.187592 -0.507500 0.069348
v -0.188444 -0.492222 0.066998
v -0.189267 -0.476944 0.064637
v -0.190060 -0.461667 0.062266
v -0.190824 -0.446389 0.059886
v -0.191557 -0.431111 0.057496
v -0.192261 -0.415833 0.055097
v -0.192935 -0.400556 0.052689
v -0.193578 -0.385278 0.050273
v -0.194192 -0.370000 0.047850
v -0.274202 -0.920000 0.227044
v -0.277019 -0.904722 0.223599
v -0.279792 -0.889444 0.220119
v -0.282522 -0.874167 0.216604
v -0.285207 -0.858889 0.213056
v -0.287848 -0.843611 0.209474
v -0.290444 -0.828333 0.205860
v -0.292994 -0.813056 0.202214
v -0.295499 -0.797778 0.198535
v -0.297958 -0.782500 0.194826
v -0.300370 -0.767222 0.191087
v -0.302735 -0.751944 0.187317
v -0.305052 -0.736667 0.183518
v -0.307322 -0.721389 0.179691
v -0.309545 -0.706111 0.175836
v -0.311718 -0.690833 0.171953
v -0.313843 -0.675556 0.168043
v -0.315919 -0.660278 0.164107
v -0.317946 -0.645000 0.160145
v -0.319923 -0.629722 0.156158
v -0.321850 -0.614444 0.152147
v -0.323726 -0.599167 0.148112
v -0.325552 -0.583889 0.144054
v -0.327328 -0.568611 0.139974
v -0.329052 -0.553333 0.135871
v -0.330724 -0.538056 0.131748
v -0.332345 -0.522778 0.127603
v -0.333914 -0.507500 0.123439
v -0.335431 -0.492222 0.119256
v -0.336896 -0.476944 0.115054
v -0.338307 -0.461667 0.110834
v -0.339666 -0.446389 0.106596
v -0.340972 -0.431111 0.102342
v -0.342225 -0.415833 0.098072
v -0.343424 -0.400556 0.093787
v -0.344569 -0.385278 0.089487
v -0.345661 -0.370000 0.085173
v -0.394358 -0.920000 0.326536
v -0.398409 -0.904722 0.321581
v -0.402398 -0.889444 0.316576
v -0.406323 -0.874167 0.311521
v -0.410186 -0.858889 0.306418
v -0.413984 -0.843611 0.301267
v -0.417717 -0.828333 0.296068
v -0.421385 -0.813056 0.290824
v -0.424987 -0.797778 0.285534
v -0.428523 -0.782500 0.280200
v -0.431992 -0.767222 0.274821
v -0.435394 -0.751944 0.269400
v -0.438727 -0.736667 0.263937
v -0.441992 -0.721389 0.258432
v -0.445188 -0.706111 0.252887
v -0.448314 -0.690833 0.247303
v -0.451370 -0.675556 0.241680
v -0.454356 -0.660278 0.236019
v -0.457270 -0.645000 0.230321
v -0.460114 -0.629722 0.224587
v -0.462885 -0.614444 0.218818
v -0.465584 -0.599167 0.213015
v -0.468210 -0.583889 0.207179
v -0.470763 -0.568611 0.201311
v -0.473243 -0.553333 0.195410
v -0.475648 -0.538056 0.189480
v -0.477980 -0.522778 0.183520
v -0.480236 -0.507500 0.177531
v -0.482418 -0.492222 0.171514
v -0.484524 -0.476944 0.165470
v -0.486554 -0.461667 0.159401
v -0.488509 -0.446389 0.153307
v -0.490387 -0.431111 0.147189
v -0.492189 -0.415833 0.141048
v -0.493913 -0.400556 0.134884
v -0.495561 -0.385278 0.128700
v -0.497131 -0.370000 0.122496
v -0.514514 -0.920000 0.426027
v -0.519799 -0.904722 0.419562
v -0.525003 -0.889444 0.413032
v -0.530125 -0.874167 0.406438
v -0.535164 -0.858889 0.399779
v -0.540119 -0.843611 0.393059
v -0.544990 -0.828333 0.386277
v -0.549776 -0.813056 0.379434
v -0.554476 -0.797778 0.372533
v -0.559089 -0.782500 0.365573
v -0.563615 -0.767222 0.358556
v -0.568053 -0.751944 0.351483
v -0.572402 -0.736667 0.344355
v -0.576661 -0.721389 0.337173
v -0.580831 -0.706111 0.329939
v -0.584910 -0.690833 0.322653
v -0.588897 -0.675556 0.315316
v -0.592792 -0.660278 0.307931
v -0.596595 -0.645000 0.300497
v -0.600304 -0.629722 0.293016
v -0.603920 -0.614444 0.285490
v -0.607442 -0.599167 0.277919
v -0.610868 -0.583889 0.270304
v -0.614199 -0.568611 0.262647
v -0.617434 -0.553333 0.254950
v -0.620573 -0.538056 0.247212
v -0.623614 -0.522778 0.239436
v -0.626558 -0.507500 0.231622
v -0.629405 -0.492222 0.223772
v -0.632152 -0.476944 0.215887
v -0.634802 -0.461667 0.207969
v -0.637352 -0.446389 0.200018
v -0.639802 -0.431111 0.192035
v -0.642152 -0.415833 0.184023
v -0.644402 -0.400556 0.175982
v -0.646552 -0.385278 0.167913
v -0.648600 -0.370000 0.159819
v -0.634671 -0.920000 0.525518
v -0.641190 -0.904722 0.517544
v -0.647609 -0.889444 0.509489
v -0.653927 -0.874167 0.501354
v -0.660142 -0.858889 0.493141
v -0.666255 -0.843611 0.484851
v -0.672263 -0.828333 0.476485
v -0.678167 -0.813056 0.468045
v -0.683964 -0.797778 0.459531
v -0.689655 -0.782500 0.450946
v -0.695237 -0.767222 0.442290
v -0.700712 -0.751944 0.433566
v -0.706076 -0.736667 0.424773
v -0.711331 -0.721389 0.415914
v -0.716474 -0.706111 0.406990
v -0.721505 -0.690833 0.398003
v -0.726424 -0.675556 0.388953
v -0.731229 -0.660278 0.379843
v -0.735920 -0.645000 0.370673
v -0.740495 -0.629722 0.361445
v -0.744955 -0.614444 0.352161
v -0.749299 -0.599167 0.342822
v -0.753526 -0.583889 0.333429
v -0.757635 -0.568611 0.323984
v -0.761625 -0.553333 0.314489
v -0.765497 -0.538056 0.304944
v -0.769249 -0.522778 0.295352
v -0.772880 -0.507500 0.285713
v -0.776391 -0.492222 0.276030
v -0.779781 -0.476944 0.266304
v -0.783049 -0.461667 0.256536
v -0.786194 -0.446389 0.246728
v -0.789217 -0.431111 0.236882
v -0.792116 -0.415833 0.226998
v -0.794891 -0.400556 0.217079
v -0.797543 -0.385278 0.207127
v -0.800070 -0.370000 0.197141
v -0.754827 -0.920000 0.625009
v -0.762580 -0.904722 0.615525
v -0.770214 -0.889444 0.605945
v -0.777728 -0.874167 0.596271
v -0.785121 -0.858889 0.586503
v -0.792390 -0.843611 0.576643
v -0.799536 -0.828333 0.566693
v -0.806557 -0.813056 0.556655
v -0.813452 -0.797778 0.546530
v -0.820220 -0.782500 0.536319
v -0.826860 -0.767222 0.526025
v -0.833371 -0.751944 0.515648
v -0.839751 -0.736667 0.505191
v -0.846000 -0.721389 0.494655
v -0.852117 -0.706111 0.484042
v -0.858101 -0.690833 0.473353
v -0.863951 -0.675556 0.462590
v -0.869665 -0.660278 0.451755
v -0.875244 -0.645000 0.440849
v -0.880686 -0.629722 0.429874
v -0.885991 -0.614444 0.418832
v -0.891157 -0.599167 0.407725
v -0.896184 -0.583889 0.396554
v -0.901070 -0.568611 0.385321
v -0.905816 -0.553333 0.374028
v -0.910421 -0.538056 0.362676
v -0.914883 -0.522778 0.351268
v -0.919202 -0.507500 0.339805
v -0.923378 -0.492222 0.328288
v -0.927409 -0.476944 0.316721
v -0.931296 -0.461667 0.305104
v -0.935037 -0.446389 0.293439
v -0.938631 -0.431111 0.281728
v -0.942080 -0.415833 0.269974
v -0.945381 -0.400556 0.258177
v -0.948534 -0.385278 0.246340
v -0.951539 -0.370000 0.234464
v -0.070902 -0.920000 -0.187011
v -0.068559 -0.904722 -0.187882
v -0.066205 -0.889444 -0.188724
v -0.063841 -0.874167 -0.189537
v -0.061467 -0.858889 -0.190320
v -0.059083 -0.843611 -0.191074
v -0.056690 -0.828333 -0.191797
v -0.054288 -0.813056 -0.192491
v -0.051878 -0.797778 -0.193155
v -0.049459 -0.782500 -0.193788
v -0.047033 -0.767222 -0.194391
v -0.044600 -0.751944 -0.194964
v -0.042159 -0.736667 -0.195506
v -0.039712 -0.721389 -0.196018
v -0.037259 -0.706111 -0.196499
v -0.034800 -0.690833 -0.196949
v -0.032335 -0.675556 -0.197369
v -0.029866 -0.660278 -0.197758
v -0.027391 -0.645000 -0.198115
v -0.024913 -0.629722 -0.198442
v -0.022431 -0.614444 -0.198738
v -0.019945 -0.599167 -0.199003
v -0.017456 -0.583889 -0.199237
v -0.014964 -0.568611 -0.199439
v -0.012470 -0.553333 -0.199611
v -0.009974 -0.538056 -0.199751
v -0.007476 -0.522778 -0.199860
v -0.004977 -0.507500 -0.199938
v -0.002478 -0.492222 -0.199985
v 0.000022 -0.476944 -0.200000
v 0.002522 -0.461667 -0.199984
v 0.005022 -0.446389 -0.199937
v 0.007520 -0.431111 -0.199859
v 0.010018 -0.415833 -0.199749
v 0.012514 -0.400556 -0.199608
v 0.015008 -0.385278 -0.199436
v 0.017500 -0.370000 -0.199233
v -0.126205 -0.920000 -0.332879
v -0.122034 -0.904722 -0.334430
v -0.117845 -0.889444 -0.335930
v -0.113636 -0.874167 -0.337376
v -0.109411 -0.858889 -0.338770
v -0.105167 -0.843611 -0.340111
v -0.100908 -0.828333 -0.341399
v -0.096633 -0.813056 -0.342634
v -0.092342 -0.797778 -0.343815
v -0.088038 -0.782500 -0.344943
v -0.083719 -0.767222 -0.346016
v -0.079387 -0.751944 -0.347036
v -0.075043 -0.736667 -0.348001
v -0.070688 -0.721389 -0.348912
v -0.066321 -0.706111 -0.349768
v -0.061944 -0.690833 -0.350570
v -0.057557 -0.675556 -0.351316
v -0.053161 -0.660278 -0.352008
v -0.048757 -0.645000 -0.352645
v -0.044345 -0.629722 -0.353227
v -0.039926 -0.614444 -0.353754
v -0.035501 -0.599167 -0.354225
v -0.031071 -0.583889 -0.354642
v -0.026636 -0.568611 -0.355002
v -0.022196 -0.553333 -0.355307
v -0.017753 -0.538056 -0.355557
v -0.013307 -0.522778 -0.355751
v -0.008860 -0.507500 -0.355890
v -0.004410 -0.492222 -0.355973
v 0.000040 -0.476944 -0.356000
v 0.004489 -0.461667 -0.355972
v 0.008939 -0.446389 -0.355888
v 0.013386 -0.431111 -0.355748
v 0.017832 -0.415833 -0.355553
v 0.022275 -0.400556 -0.355302
v 0.026714 -0.385278 -0.354996
v 0.031150 -0.370000 -0.354635
v -0.181509 -0.920000 -0.478747
v -0.175510 -0.904722 -0.480978
v -0.169484 -0.889444 -0.483135
v -0.163432 -0.874167 -0.485215
v -0.157354 -0.858889 -0.487220
v -0.151252 -0.843611 -0.489149
v -0.145126 -0.828333 -0.491001
v -0.138977 -0.813056 -0.492777
v -0.132807 -0.797778 -0.494476
v -0.126616 -0.782500 -0.496097
v -0.120405 -0.767222 -0.497641
v -0.114175 -0.751944 -0.499107
v -0.107927 -0.736667 -0.500495
v -0.101663 -0.721389 -0.501805
v -0.095383 -0.706111 -0.503037
v -0.089087 -0.690833 -0.504190
v -0.082778 -0.675556 -0.505264
v -0.076456 -0.660278 -0.506259
v -0.070122 -0.645000 -0.507175
v -0.063777 -0.629722 -0.508012
v -0.057422 -0.614444 -0.508770
v -0.051058 -0.599167 -0.509448
v -0.044686 -0.583889 -0.510046
v -0.038307 -0.568611 -0.510565
v -0.031922 -0.553333 -0.511004
v -0.025533 -0.538056 -0.511363
v -0.019139 -0.522778 -0.511642
v -0.012742 -0.507500 -0.511841
v -0.006343 -0.492222 -0.511961
v 0.000057 -0.476944 -0.512000
v 0.006457 -0.461667 -0.511959
v 0.012855 -0.446389 -0.511839
v 0.019252 -0.431111 -0.511638
v 0.025646 -0.415833 -0.511357
v 0.032036 -0.400556 -0.510997
v 0.038421 -0.385278 -0.510556
v 0.044799 -0.370000 -0.510036
v -0.236812 -0.920000 -0.624615
v -0.228986 -0.904722 -0.627526
v -0.221124 -0.889444 -0.630340
v -0.213228 -0.874167 -0.633054
v -0.205298 -0.858889 -0.635670
v -0.197337 -0.843611 -0.638187
v -0.189344 -0.828333 -0.640603
v -0.181322 -0.813056 -0.642920
v -0.173272 -0.797778 -0.645136
v -0.165194 -0.782500 -0.647252
v -0.157091 -0.767222 -0.649266
v -0.148963 -0.751944 -0.651179
v -0.140812 -0.736667 -0.652990
v -0.132638 -0.721389 -0.654699
v -0.124445 -0.706111 -0.656306
v -0.116231 -0.690833 -0.657810
v -0.108000 -0.675556 -0.659212
v -0.099751 -0.660278 -0.660510
v -0.091487 -0.645000 -0.661705
v -0.083209 -0.629722 -0.662797
v -0.074918 -0.614444 -0.663786
v -0.066615 -0.599167 -0.664670
v -0.058302 -0.583889 -0.665451
v -0.049979 -0.568611 -0.666128
v -0.041649 -0.553333 -0.666700
v -0.033312 -0.538056 -0.667169
v -0.024970 -0.522778 -0.667533
v -0.016624 -0.507500 -0.667793
v -0.008276 -0.492222 -0.667949
v 0.000074 -0.476944 -0.668000
v 0.008424 -0.461667 -0.667947
v 0.016772 -0.446389 -0.667789
v 0.025118 -0.431111 -0.667528
v 0.033460 -0.415833 -0.667161
v 0.041797 -0.400556 -0.666691
v 0.050127 -0.385278 -0.666117
v 0.058449 -0.370000 -0.665438
v -0.292115 -0.920000 -0.770483
v -0.282462 -0.904722 -0.774074
v -0.272764 -0.889444 -0.777545
v -0.263024 -0.874167 -0.780893
v -0.253242 -0.858889 -0.784120
v -0.243421 -0.843611 -0.787224
v -0.233562 -0.828333 -0.790205
v -0.223667 -0.813056 -0.793063
v -0.213736 -0.797778 -0.795797
v -0.203772 -0.782500 -0.798406
v -0.193776 -0.767222 -0.800891
v -0.183750 -0.751944 -0.803251
v -0.173696 -0.736667 -0.805485
v -0.163614 -0.721389 -0.807593
v -0.153506 -0.706111 -0.809575
v -0.143375 -0.690833 -0.811431
v -0.133221 -0.675556 -0.813159
v -0.123047 -0.660278 -0.814761
v -0.112853 -0.645000 -0.816235
v -0.102641 -0.629722 -0.817582
v -0.092414 -0.614444 -0.818801
v -0.082172 -0.599167 -0.819893
v -0.071917 -0.583889 -0.820856
v -0.061651 -0.568611 -0.821690
v -0.051375 -0.553333 -0.822397
v -0.041091 -0.538056 -0.822975
v -0.030801 -0.522778 -0.823424
v -0.020506 -0.507500 -0.823745
v -0.010208 -0.492222 -0.823937
v 0.000091 -0.476944 -0.824000
v 0.010391 -0.461667 -0.823934
v 0.020689 -0.446389 -0.823740
v 0.030984 -0.431111 -0.823417
v 0.041274 -0.415833 -0.822966
v 0.051558 -0.400556 -0.822385
v 0.061833 -0.385278 -0.821677
v 0.072099 -0.370000 -0.820840
v -0.347419 -0.920000 -0.916352
v -0.335938 -0.904722 -0.920623
v -0.324404 -0.889444 -0.924750
v -0.312820 -0.874167 -0.928732
v -0.301186 -0.858889 -0.932570
v -0.289506 -0.843611 -0.936262
v -0.277780 -0.828333 -0.939807
v -0.266011 -0.813056 -0.943206
v -0.254201 -0.797778 -0.946458
v -0.242350 -0.782500 -0.949561
v -0.230462 -0.767222 -0.952516
v -0.218538 -0.751944 -0.955322
v -0.206580 -0.736667 -0.957980
v -0.194589 -0.721389 -0.960487
v -0.182568 -0.706111 -0.962844
v -0.170519 -0.690833 -0.965051
v -0.158443 -0.675556 -0.967107
v -0.146342 -0.660278 -0.969012
v -0.134218 -0.645000 -0.970765
v -0.122073 -0.629722 -0.972367
v -0.109909 -0.614444 -0.973817
v -0.097728 -0.599167 -0.975115
v -0.085532 -0.583889 -0.976260
v -0.073323 -0.568611 -0.977253
v -0.061102 -0.553333 -0.978093
v -0.048871 -0.538056 -0.978781
v -0.036633 -0.522778 -0.979315
v -0.024389 -0.507500 -0.979696
v -0.012141 -0.492222 -0.979925
v 0.000109 -0.476944 -0.980000
v 0.012358 -0.461667 -0.979922
v 0.024606 -0.446389 -0.979691
v 0.036850 -0.431111 -0.979307
v 0.049088 -0.415833 -0.978770
v 0.061319 -0.400556 -0.978080
v 0.073540 -0.385278 -0.977237
v 0.085749 -0.370000 -0.976241
vt 0.000000 1.000000
vt 0.017857 1.000000
vt 0.035714 1.000000
vt 0.053571 1.000000
vt 0.071429 1.000000
vt 0.089286 1.000000
vt 0.107143 1.000000
vt 0.125000 1.000000
vt 0.142857 1.000000
vt 0.160714 1.000000
vt 0.178571 1.000000
vt 0.196429 1.000000
vt 0.214286 1.000000
vt 0.232143 1.000000
vt 0.250000 1.000000
vt 0.267857 1.000000
vt 0.285714 1.000000
vt 0.303571 1.000000
vt 0.321429 1.000000
vt 0.339286 1.000000
vt 0.357143 1.000000
vt 0.375000 1.000000
vt 0.392857 1.000000
vt 0.410714 1.000000
vt 0.428571 1.000000
vt 0.446429 1.000000
vt 0.464286 1.000000
vt 0.482143 1.000000
vt 0.500000 1.000000
vt 0.517857 1.000000
vt 0.535714 1.000000
vt 0.553571 1.000000
vt 0.571429 1.000000
vt 0.589286 1.000000
vt 0.607143 1.000000
vt 0.625000 1.000000
vt 0.642857 1.000000
vt 0.660714 1.000000
vt 0.678571 1.000000
vt 0.696429 1.000000
vt 0.714286 1.000000
vt 0.732143 1.000000
vt 0.750000 1.000000
vt 0.767857 1.000000
vt 0.785714 1.000000
vt 0.803571 1.000000
vt 0.821429 1.000000
vt 0.839286 1.000000
vt 0.857143 1.000000
vt 0.875000 1.000000
vt 0.892857 1.000000
vt 0.910714 1.000000
vt 0.928571 1.000000
vt 0.946429 1.000000
vt 0.964286 1.000000
vt 0.982143 1.000000
vt 0.000000 0.988372
vt 0.017857 0.988372
vt 0.035714 0.988372
vt 0.053571 0.988372
vt 0.071429 0.988372
vt 0.089286 0.988372
vt 0.107143 0.988372
vt 0.125000 0.988372
vt 0.142857 0.988372
vt 0.160714 0.988372
vt 0.178571 0.988372
vt 0.196429 0.988372
vt 0.214286 0.988372
vt 0.232143 0.988372
vt 0.250000 0.988372
vt 0.267857 0.988372
vt 0.285714 0.988372
vt 0.303571 0.988372
vt 0.321429 0.988372
vt 0.339286 0.988372
vt 0.357143 0.988372
vt 0.375000 0.988372
vt 0.392857 0.988372
vt 0.410714 0.988372
vt 0.428571 0.988372
vt 0.446429 0.988372
vt 0.464286 0.988372
vt 0.482143 0.988372
vt 0.500000 0.988372
vt 0.517857 0.988372
vt 0.535714 0.988372
vt 0.553571 0.988372
vt 0.571429 0.988372
vt 0.589286 0.988372
vt 0.607143 0.988372
vt 0.625000 0.988372
vt 0.642857 0.988372
vt 0.660714 0.988372
vt 0.678571 0.988372
vt 0.696429 0.988372
vt 0.714286 0.988372
vt 0.732143 0.988372
vt 0.750000 0.988372
vt 0.767857 0.988372
vt 0.785714 0.988372
vt 0.803571 0.988372
vt 0.821429 0.988372
vt 0.839286 0.988372
vt 0.857143 0.988372
vt 0.875000 0.988372
vt 0.892857 0.988372
vt 0.910714 0.988372
vt 0.928571 0.988372
vt 0.946429 0.988372
vt 0.964286 0.988372
vt 0.982143 0.988372
vt 0.000000 0.976744
vt 0.017857 0.976744
vt 0.035714 0.976744
vt 0.053571 0.976744
vt 0.071429 0.976744
vt 0.089286 0.976744
vt 0.107143 0.976744
vt 0.125000 0.976744
vt 0.142857 0.976744
vt 0.160714 0.976744
vt 0.178571 0.976744
vt 0.196429 0.976744
vt 0.214286 0.976744
vt 0.232143 0.976744
vt 0.250000 0.976744
vt 0.267857 0.976744
vt 0.285714 0.976744
vt 0.303571 0.976744
vt 0.321429 0.976744
vt 0.339286 0.976744
vt 0.357143 0.976744
vt 0.375000 0.976744
vt 0.392857 0.976744
vt 0.410714 0.976744
vt 0.428571 0.976744
vt 0.446429 0.976744
vt 0.464286 0.976744
vt 0.482143 0.976744
vt 0.500000 0.976744
vt 0.517857 0.976744
vt 0.535714 0.976744
vt 0.553571 0.976744
vt 0.571429 0.976744
vt 0.589286 0.976744
vt 0.607143 0.976744
vt 0.625000 0.976744
vt 0.642857 0.976744
vt 0.660714 0.976744
vt 0.678571 0.976744
vt 0.696429 0.976744
vt 0.714286 0.976744
vt 0.732143 0.976744
vt 0.750000 0.976744
vt 0.767857 0.976744
vt 0.785714 0.976744
vt 0.803571 0.976744
vt 0.821429 0.976744
vt 0.839286 0.976744
vt 0.857143 0.976744
vt 0.875000 0.976744
vt 0.892857 0.976744
vt 0.910714 0.976744
vt 0.928571 0.976744
vt 0.946429 0.976744
vt 0.964286 0.976744
vt 0.982143 0.976744
vt 0.000000 0.965116
vt 0.017857 0.965116
vt 0.035714 0.965116
vt 0.053571 0.965116
vt 0.071429 0.965116
vt 0.089286 0.965116
vt 0.107143 0.965116
vt 0.125000 0.965116
vt 0.142857 0.965116
vt 0.160714 0.965116
vt 0.178571 0.965116
vt 0.196429 0.965116
vt 0.214286 0.965116
vt 0.232143 0.965116
vt 0.250000 0.965116
vt 0.267857 0.965116
vt 0.285714 0.965116
vt 0.303571 0.965116
vt 0.321429 0.965116
vt 0.339286 0.965116
vt 0.357143 0.965116
vt 0.375000 0.965116
vt 0.392857 0.965116
vt 0.410714 0.965116
vt 0.428571 0.965116
vt 0.446429 0.965116
vt 0.464286 0.965116
vt 0.482143 0.965116
vt 0.500000 0.965116
vt 0.517857 0.965116
vt 0.535714 0.965116
vt 0.553571 0.965116
vt 0.571429 0.965116
vt 0.589286 0.965116
vt 0.607143 0.965116
vt 0.625000 0.965116
vt 0.642857 0.965116
vt 0.660714 0.965116
vt 0.678571 0.965116
vt 0.696429 0.965116
vt 0.714286 0.965116
vt 0.732143 0.965116
vt 0.750000 0.965116
vt 0.767857 0.965116
vt 0.785714 0.965116
vt 0.803571 0.965116
vt 0.821429 0.965116
vt 0.839286 0.965116
vt 0.857143 0.965116
vt 0.875000 0.965116
vt 0.892857 0.965116
vt 0.910714 0.965116
vt 0.928571 0.965116
vt 0.946429 0.965116
vt 0.964286 0.965116
vt 0.982143 0.965116
vt 0.000000 0.953488
vt 0.017857 0.953488
vt 0.035714 0.953488
vt 0.053571 0.953488
vt 0.071429 0.953488
vt 0.089286 0.953488
vt 0.107143 0.953488
vt 0.125000 0.953488
vt 0.142857 0.953488
vt 0.160714 0.953488
vt 0.178571 0.953488
vt 0.196429 0.953488
vt 0.214286 0.953488
vt 0.232143 0.953488
vt 0.250000 0.953488
vt 0.267857 0.953488
vt 0.285714 0.953488
vt 0.303571 0.953488
vt 0.321429 0.953488
vt 0.339286 0.953488
vt 0.357143 0.953488
vt 0.375000 0.953488
vt 0.392857 0.953488
vt 0.410714 0.953488
vt 0.428571 0.953488
vt 0.446429 0.953488
vt 0.464286 0.953488
vt 0.482143 0.953488
vt 0.500000 0.953488
vt 0.517857 0.953488
vt 0.535714 0.953488
vt 0.553571 0.953488
vt 0.571429 0.953488
vt 0.589286 0.953488
vt 0.607143 0.953488
vt 0.625000 0.953488
vt 0.642857 0.953488
vt 0.660714 0.953488
vt 0.678571 0.953488
vt 0.696429 0.953488
vt 0.714286 0.953488
vt 0.732143 0.953488
vt 0.750000 0.953488
vt 0.767857 0.953488
vt 0.785714 0.953488
vt 0.803571 0.953488
vt 0.821429 0.953488
vt 0.839286 0.953488
vt 0.857143 0.953488
vt 0.875000 0.953488
vt 0.892857 0.953488
vt 0.910714 0.953488
vt 0.928571 0.953488
vt 0.946429 0.953488
vt 0.964286 0.953488
vt 0.982143 0.953488
vt 0.000000 0.941860
vt 0.017857 0.941860
vt 0.035714 0.941860
vt 0.053571 0.941860
vt 0.071429 0.941860
vt 0.089286 0.941860
vt 0.107143 0.941860
vt 0.125000 0.941860
vt 0.142857 0.941860
vt 0.160714 0.941860
vt 0.178571 0.941860
vt 0.196429 0.941860
vt 0.214286 0.941860
vt 0.232143 0.941860
vt 0.250000 0.941860
vt 0.267857 0.941860
vt 0.285714 0.941860
vt 0.303571 0.941860
vt 0.321429 0.941860
vt 0.339286 0.941860
vt 0.357143 0.941860
vt 0.375000 0.941860
vt 0.392857 0.941860
vt 0.410714 0.941860
vt 0.428571 0.941860
vt 0.446429 0.941860
vt 0.464286 0.941860
vt 0.482143 0.941860
vt 0.500000 0.941860
vt 0.517857 0.941860
vt 0.535714 0.941860
vt 0.553571 0.941860
vt 0.571429 0.941860
vt 0.589286 0.941860
vt 0.607143 0.941860
vt 0.625000 0.941860
vt 0.642857 0.941860
vt 0.660714 0.941860
vt 0.678571 0.941860
vt 0.696429 0.941860
vt 0.714286 0.941860
vt 0.732143 0.941860
vt 0.750000 0.941860
vt 0.767857 0.941860
vt 0.785714 0.941860
vt 0.803571 0.941860
vt 0.821429 0.941860
vt 0.839286 0.941860
vt 0.857143 0.941860
vt 0.875000 0.941860
vt 0.892857 0.941860
vt 0.910714 0.941860
vt 0.928571 0.941860
vt 0.946429 0.941860
vt 0.964286 0.941860
vt 0.982143 0.941860
vt 0.000000 0.930233
vt 0.017857 0.930233
vt 0.035714 0.930233
vt 0.053571 0.930233
vt 0.071429 0.930233
vt 0.089286 0.930233
vt 0.107143 0.930233
vt 0.125000 0.930233
vt 0.142857 0.930233
vt 0.160714 0.930233
vt 0.178571 0.930233
vt 0.196429 0.930233
vt 0.214286 0.930233
vt 0.232143 0.930233
vt 0.250000 0.930233
vt 0.267857 0.930233
vt 0.285714 0.930233
vt 0.303571 0.930233
vt 0.321429 0.930233
vt 0.339286 0.930233
vt 0.357143 0.930233
vt 0.375000 0.930233
vt 0.392857 0.930233
vt 0.410714 0.930233
vt 0.428571 0.930233
vt 0.446429 0.930233
vt 0.464286 0.930233
vt 0.482143 0.930233
vt 0.500000 0.930233
vt 0.517857 0.930233
vt 0.535714 0.930233
vt 0.553571 0.930233
vt 0.571429 0.930233
vt 0.589286 0.930233
vt 0.607143 0.930233
vt 0.625000 0.930233
vt 0.642857 0.930233
vt 0.660714 0.930233
vt 0.678571 0.930233
vt 0.696429 0.930233
vt 0.714286 0.930233
vt 0.732143 0.930233
vt 0.750000 0.930233
vt 0.767857 0.930233
vt 0.785714 0.930233
vt 0.803571 0.930233
vt 0.821429 0.930233
vt 0.839286 0.930233
vt 0.857143 0.930233
vt 0.875000 0.930233
vt 0.892857 0.930233
vt 0.910714 0.930233
vt 0.928571 0.930233
vt 0.946429 0.930233
vt 0.964286 0.930233
vt 0.982143 0.930233
vt 0.000000 0.918605
vt 0.017857 0.918605
vt 0.035714 0.918605
vt 0.053571 0.918605
vt 0.071429 0.918605
vt 0.089286 0.918605
vt 0.107143 0.918605
vt 0.125000 0.918605
vt 0.142857 0.918605
vt 0.160714 0.918605
vt 0.178571 0.918605
vt 0.196429 0.918605
vt 0.214286 0.918605
vt 0.232143 0.918605
vt 0.250000 0.918605
vt 0.267857 0.918605
vt 0.285714 0.918605
vt 0.303571 0.918605
vt 0.321429 0.918605
vt 0.339286 0.918605
vt 0.357143 0.918605
vt 0.375000 0.918605
vt 0.392857 0.918605
vt 0.410714 0.918605
vt 0.428571 0.918605
vt 0.446429 0.918605
vt 0.464286 0.918605
vt 0.482143 0.918605
vt 0.500000 0.918605
vt 0.517857 0.918605
vt 0.535714 0.918605
vt 0.553571 0.918605
vt 0.571429 0.918605
vt 0.589286 0.918605
vt 0.607143 0.918605
vt 0.625000 0.918605
vt 0.642857 0.918605
vt 0.660714 0.918605
vt 0.678571 0.918605
vt 0.696429 0.918605
vt 0.714286 0.918605
vt 0.732143 0.918605
vt 0.750000 0.918605
vt 0.767857 0.918605
vt 0.785714 0.918605
vt 0.803571 0.918605
vt 0.821429 0.918605
vt 0.839286 0.918605
vt 0.857143 0.918605
vt 0.875000 0.918605
vt 0.892857 0.918605
vt 0.910714 0.918605
vt 0.928571 0.918605
vt 0.946429 0.918605
vt 0.964286 0.918605
vt 0.982143 0.918605
vt 0.000000 0.906977
vt 0.017857 0.906977
vt 0.035714 0.906977
vt 0.053571 0.906977
vt 0.071429 0.906977
vt 0.089286 0.906977
vt 0.107143 0.906977
vt 0.125000 0.906977
vt 0.142857 0.906977
vt 0.160714 0.906977
vt 0.178571 0.906977
vt 0.196429 0.906977
vt 0.214286 0.906977
vt 0.232143 0.906977
vt 0.250000 0.906977
vt 0.267857 0.906977
vt 0.285714 0.906977
vt 0.303571 0.906977
vt 0.321429 0.906977
vt 0.339286 0.906977
vt 0.357143 0.906977
vt 0.375000 0.906977
vt 0.392857 0.906977
vt 0.410714 0.906977
vt 0.428571 0.906977
vt 0.446429 0.906977
vt 0.464286 0.906977
vt 0.482143 0.906977
vt 0.500000 0.906977
vt 0.517857 0.906977
vt 0.535714 0.906977
vt 0.553571 0.906977
vt 0.571429 0.906977
vt 0.589286 0.906977
vt 0.607143 0.906977
vt 0.625000 0.906977
vt 0.642857 0.906977
vt 0.660714 0.906977
vt 0.678571 0.906977
vt 0.696429 0.906977
vt 0.714286 0.906977
vt 0.732143 0.906977
vt 0.750000 0.906977
vt 0.767857 0.906977
vt 0.785714 0.906977
vt 0.803571 0.906977
vt 0.821429 0.906977
vt 0.839286 0.906977
vt 0.857143 0.906977
vt 0.875000 0.906977
vt 0.892857 0.906977
vt 0.910714 0.906977
vt 0.928571 0.906977
vt 0.946429 0.906977
vt 0.964286 0.906977
vt 0.982143 0.906977
vt 0.000000 0.895349
vt 0.017857 0.895349
vt 0.035714 0.895349
vt 0.053571 0.895349
vt 0.071429 0.895349
vt 0.089286 0.895349
vt 0.107143 0.895349
vt 0.125000 0.895349
vt 0.142857 0.895349
vt 0.160714 0.895349
vt 0.178571 0.895349
vt 0.196429 0.895349
vt 0.214286 0.895349
vt 0.232143 0.895349
vt 0.250000 0.895349
vt 0.267857 0.895349
vt 0.285714 0.895349
vt 0.303571 0.895349
vt 0.321429 0.895349
vt 0.339286 0.895349
vt 0.357143 0.895349
vt 0.375000 0.895349
vt 0.392857 0.895349
vt 0.410714 0.895349
vt 0.428571 0.895349
vt 0.446429 0.895349
vt 0.464286 0.895349
vt 0.482143 0.895349
vt 0.500000 0.895349
vt 0.517857 0.895349
vt 0.535714 0.895349
vt 0.553571 0.895349
vt 0.571429 0.895349
vt 0.589286 0.895349
vt 0.607143 0.895349
vt 0.625000 0.895349
vt 0.642857 0.895349
vt 0.660714 0.895349
vt 0.678571 0.895349
vt 0.696429 0.895349
vt 0.714286 0.895349
vt 0.732143 0.895349
vt 0.750000 0.895349
vt 0.767857 0.895349
vt 0.785714 0.895349
vt 0.803571 0.895349
vt 0.821429 0.895349
vt 0.839286 0.895349
vt 0.857143 0.895349
vt 0.875000 0.895349
vt 0.892857 0.895349
vt 0.910714 0.895349
vt 0.928571 0.895349
vt 0.946429 0.895349
vt 0.964286 0.895349
vt 0.982143 0.895349
vt 0.000000 0.883721
vt 0.017857 0.883721
vt 0.035714 0.883721
vt 0.053571 0.883721
vt 0.071429 0.883721
vt 0.089286 0.883721
vt 0.107143 0.883721
vt 0.125000 0.883721
vt 0.142857 0.883721
vt 0.160714 0.883721
vt 0.178571 0.883721
vt 0.196429 0.883721
vt 0.214286 0.883721
vt 0.232143 0.883721
vt 0.250000 0.883721
vt 0.267857 0.883721
vt 0.285714 0.883721
vt 0.303571 0.883721
vt 0.321429 0.883721
vt 0.339286 0.883721
vt 0.357143 0.883721
vt 0.375000 0.883721
vt 0.392857 0.883721
vt 0.410714 0.883721
vt 0.428571 0.883721
vt 0.446429 0.883721
vt 0.464286 0.883721
vt 0.482143 0.883721
vt 0.500000 0.883721
vt 0.517857 0.883721
vt 0.535714 0.883721
vt 0.553571 0.883721
vt 0.571429 0.883721
vt 0.589286 0.883721
vt 0.607143 0.883721
vt 0.625000 0.883721
vt 0.642857 0.883721
vt 0.660714 0.883721
vt 0.678571 0.883721
vt 0.696429 0.883721
vt 0.714286 0.883721
vt 0.732143 0.883721
vt 0.750000 0.883721
vt 0.767857 0.883721
vt 0.785714 0.883721
vt 0.803571 0.883721
vt 0.821429 0.883721
vt 0.839286 0.883721
vt 0.857143 0.883721
vt 0.875000 0.883721
vt 0.892857 0.883721
vt 0.910714 0.883721
vt 0.928571 0.883721
vt 0.946429 0.883721
vt 0.964286 0.883721
vt 0.982143 0.883721
vt 0.000000 0.872093
vt 0.017857 0.872093
vt 0.035714 0.872093
vt 0.053571 0.872093
vt 0.071429 0.872093
vt 0.089286 0.872093
vt 0.107143 0.872093
vt 0.125000 0.872093
vt 0.142857 0.872093
vt 0.160714 0.872093
vt 0.178571 0.872093
vt 0.196429 0.872093
vt 0.214286 0.872093
vt 0.232143 0.872093
vt 0.250000 0.872093
vt 0.267857 0.872093
vt 0.285714 0.872093
vt 0.303571 0.872093
vt 0.321429 0.872093
vt 0.339286 0.872093
vt 0.357143 0.872093
vt 0.375000 0.872093
vt 0.392857 0.872093
vt 0.410714 0.872093
vt 0.428571 0.872093
vt 0.446429 0.872093
vt 0.464286 0.872093
vt 0.482143 0.872093
vt 0.500000 0.872093
vt 0.517857 0.872093
vt 0.535714 0.872093
vt 0.553571 0.872093
vt 0.571429 0.872093
vt 0.589286 0.872093
vt 0.607143 0.872093
vt 0.625000 0.872093
vt 0.642857 0.872093
vt 0.660714 0.872093
vt 0.678571 0.872093
vt 0.696429 0.872093
vt 0.714286 0.872093
vt 0.732143 0.872093
vt 0.750000 0.872093
vt 0.767857 0.872093
vt 0.785714 0.872093
vt 0.803571 0.872093
vt 0.821429 0.872093
vt 0.839286 0.872093
vt 0.857143 0.872093
vt 0.875000 0.872093
vt 0.892857 0.872093
vt 0.910714 0.872093
vt 0.928571 0.872093
vt 0.946429 0.872093
vt 0.964286 0.872093
vt 0.982143 0.872093
vt 0.000000 0.860465
vt 0.017857 0.860465
vt 0.035714 0.860465
vt 0.053571 0.860465
vt 0.071429 0.860465
vt 0.089286 0.860465
vt 0.107143 0.860465
vt 0.125000 0.860465
vt 0.142857 0.860465
vt 0.160714 0.860465
vt 0.178571 0.860465
vt 0.196429 0.860465
vt 0.214286 0.860465
vt 0.232143 0.860465
vt 0.250000 0.860465
vt 0.267857 0.860465
vt 0.285714 0.860465
vt 0.303571 0.860465
vt 0.321429 0.860465
vt 0.339286 0.860465
vt 0.357143 0.860465
vt 0.375000 0.860465
vt 0.392857 0.860465
vt 0.410714 0.860465
vt 0.428571 0.860465
vt 0.446429 0.860465
vt 0.464286 0.860465
vt 0.482143 0.860465
vt 0.500000 0.860465
vt 0.517857 0.860465
vt 0.535714 0.860465
vt 0.553571 0.860465
vt 0.571429 0.860465
vt 0.589286 0.860465
vt 0.607143 0.860465
vt 0.625000 0.860465
vt 0.642857 0.860465
vt 0.660714 0.860465
vt 0.678571 0.860465
vt 0.696429 0.860465
vt 0.714286 0.860465
vt 0.732143 0.860465
vt 0.750000 0.860465
vt 0.767857 0.860465
vt 0.785714 0.860465
vt 0.803571 0.860465
vt 0.821429 0.860465
vt 0.839286 0.860465
vt 0.857143 0.860465
vt 0.875000 0.860465
vt 0.892857 0.860465
vt 0.910714 0.860465
vt 0.928571 0.860465
vt 0.946429 0.860465
vt 0.964286 0.860465
vt 0.982143 0.860465
vt 0.000000 0.848837
vt 0.017857 0.848837
vt 0.035714 0.848837
vt 0.053571 0.848837
vt 0.071429 0.848837
vt 0.089286 0.848837
vt 0.107143 0.848837
vt 0.125000 0.848837
vt 0.142857 0.848837
vt 0.160714 0.848837
vt 0.178571 0.848837
vt 0.196429 0.848837
vt 0.214286 0.848837
vt 0.232143 0.848837
vt 0.250000 0.848837
vt 0.267857 0.848837
vt 0.285714 0.848837
vt 0.303571 0.848837
vt 0.321429 0.848837
vt 0.339286 0.848837
vt 0.357143 0.848837
vt 0.375000 0.848837
vt 0.392857 0.848837
vt 0.410714 0.848837
vt 0.428571 0.848837
vt 0.446429 0.848837
vt 0.464286 0.848837
vt 0.482143 0.848837
vt 0.500000 0.848837
vt 0.517857 0.848837
vt 0.535714 0.848837
vt 0.553571 0.848837
vt 0.571429 0.848837
vt 0.589286 0.848837
vt 0.607143 0.848837
vt 0.625000 0.848837
vt 0.642857 0.848837
vt 0.660714 0.848837
vt 0.678571 0.848837
vt 0.696429 0.848837
vt 0.714286 0.848837
vt 0.732143 0.848837
vt 0.750000 0.848837
vt 0.767857 0.848837
vt 0.785714 0.848837
vt 0.803571 0.848837
vt 0.821429 0.848837
vt 0.839286 0.848837
vt 0.857143 0.848837
vt 0.875000 0.848837
vt 0.892857 0.848837
vt 0.910714 0.848837
vt 0.928571 0.848837
vt 0.946429 0.848837
vt 0.964286 0.848837
vt 0.982143 0.848837
vt 0.000000 0.837209
vt 0.017857 0.837209
vt 0.035714 0.837209
vt 0.053571 0.837209
vt 0.071429 0.837209
vt 0.089286 0.837209
vt 0.107143 0.837209
vt 0.125000 0.837209
vt 0.142857 0.837209
vt 0.160714 0.837209
vt 0.178571 0.837209
vt 0.196429 0.837209
vt 0.214286 0.837209
vt 0.232143 0.837209
vt 0.250000 0.837209
vt 0.267857 0.837209
vt 0.285714 0.837209
vt 0.303571 0.837209
vt 0.321429 0.837209
vt 0.339286 0.837209
vt 0.357143 0.837209
vt 0.375000 0.837209
vt 0.392857 0.837209
vt 0.410714 0.837209
vt 0.428571 0.837209
vt 0.446429 0.837209
vt 0.464286 0.837209
vt 0.482143 0.837209
vt 0.500000 0.837209
vt 0.517857 0.837209
vt 0.535714 0.837209
vt 0.553571 0.837209
vt 0.571429 0.837209
vt 0.589286 0.837209
vt 0.607143 0.837209
vt 0.625000 0.837209
vt 0.642857 0.837209
vt 0.660714 0.837209
vt 0.678571 0.837209
vt 0.696429 0.837209
vt 0.714286 0.837209
vt 0.732143 0.837209
vt 0.750000 0.837209
vt 0.767857 0.837209
vt 0.785714 0.837209
vt 0.803571 0.837209
vt 0.821429 0.837209
vt 0.839286 0.837209
vt 0.857143 0.837209
vt 0.875000 0.837209
vt 0.892857 0.837209
vt 0.910714 0.837209
vt 0.928571 0.837209
vt 0.946429 0.837209
vt 0.964286 0.837209
vt 0.982143 0.837209
vt 0.000000 0.825581
vt 0.017857 0.825581
vt 0.035714 0.825581
vt 0.053571 0.825581
vt 0.071429 0.825581
vt 0.089286 0.825581
vt 0.107143 0.825581
vt 0.125000 0.825581
vt 0.142857 0.825581
vt 0.160714 0.825581
vt 0.178571 0.825581
vt 0.196429 0.825581
vt 0.214286 0.825581
vt 0.232143 0.825581
vt 0.250000 0.825581
vt 0.267857 0.825581
vt 0.285714 0.825581
vt 0.303571 0.825581
vt 0.321429 0.825581
vt 0.339286 0.825581
vt 0.357143 0.825581
vt 0.375000 0.825581
vt 0.392857 0.825581
vt 0.410714 0.825581
vt 0.428571 0.825581
vt 0.446429 0.825581
vt 0.464286 0.825581
vt 0.482143 0.825581
vt 0.500000 0.825581
vt 0.517857 0.825581
vt 0.535714 0.825581
vt 0.553571 0.825581
vt 0.571429 0.825581
vt 0.589286 0.825581
vt 0.607143 0.825581
vt 0.625000 0.825581
vt 0.642857 0.825581
vt 0.660714 0.825581
vt 0.678571 0.825581
vt 0.696429 0.825581
vt 0.714286 0.825581
vt 0.732143 0.825581
vt 0.750000 0.825581
vt 0.767857 0.825581
vt 0.785714 0.825581
vt 0.803571 0.825581
vt 0.821429 0.825581
vt 0.839286 0.825581
vt 0.857143 0.825581
vt 0.875000 0.825581
vt 0.892857 0.825581
vt 0.910714 0.825581
vt 0.928571 0.825581
vt 0.946429 0.825581
vt 0.964286 0.825581
vt 0.982143 0.825581
vt 0.000000 0.813953
vt 0.017857 0.813953
vt 0.035714 0.813953
vt 0.053571 0.813953
vt 0.071429 0.813953
vt 0.089286 0.813953
vt 0.107143 0.813953
vt 0.125000 0.813953
vt 0.142857 0.813953
vt 0.160714 0.813953
vt 0.178571 0.813953
vt 0.196429 0.813953
vt 0.214286 0.813953
vt 0.232143 0.813953
vt 0.250000 0.813953
vt 0.267857 0.813953
vt 0.285714 0.813953
vt 0.303571 0.813953
vt 0.321429 0.813953
vt 0.339286 0.813953
vt 0.357143 0.813953
vt 0.375000 0.813953
vt 0.392857 0.813953
vt 0.410714 0.813953
vt 0.428571 0.813953
vt 0.446429 0.813953
vt 0.464286 0.813953
vt 0.482143 0.813953
vt 0.500000 0.813953
vt 0.517857 0.813953
vt 0.535714 0.813953
vt 0.553571 0.813953
vt 0.571429 0.813953
vt 0.589286 0.813953
vt 0.607143 0.813953
vt 0.625000 0.813953
vt 0.642857 0.813953
vt 0.660714 0.813953
vt 0.678571 0.813953
vt 0.696429 0.813953
vt 0.714286 0.813953
vt 0.732143 0.813953
vt 0.750000 0.813953
vt 0.767857 0.813953
vt 0.785714 0.813953
vt 0.803571 0.813953
vt 0.821429 0.813953
vt 0.839286 0.813953
vt 0.857143 0.813953
vt 0.875000 0.813953
vt 0.892857 0.813953
vt 0.910714 0.813953
vt 0.928571 0.813953
vt 0.946429 0.813953
vt 0.964286 0.813953
vt 0.982143 0.813953
vt 0.000000 0.802326
vt 0.017857 0.802326
vt 0.035714 0.802326
vt 0.053571 0.802326
vt 0.071429 0.802326
vt 0.089286 0.802326
vt 0.107143 0.802326
vt 0.125000 0.802326
vt 0.142857 0.802326
vt 0.160714 0.802326
vt 0.178571 0.802326
vt 0.196429 0.802326
vt 0.214286 0.802326
vt 0.232143 0.802326
vt 0.250000 0.802326
vt 0.267857 0.802326
vt 0.285714 0.802326
vt 0.303571 0.802326
vt 0.321429 0.802326
vt 0.339286 0.802326
vt 0.357143 0.802326
vt 0.375000 0.802326
vt 0.392857 0.802326
vt 0.410714 0.802326
vt 0.428571 0.802326
vt 0.446429 0.802326
vt 0.464286 0.802326
vt 0.482143 0.802326
vt 0.500000 0.802326
vt 0.517857 0.802326
vt 0.535714 0.802326
vt 0.553571 0.802326
vt 0.571429 0.802326
vt 0.589286 0.802326
vt 0.607143 0.802326
vt 0.625000 0.802326
vt 0.642857 0.802326
vt 0.660714 0.802326
vt 0.678571 0.802326
vt 0.696429 0.802326
vt 0.714286 0.802326
vt 0.732143 0.802326
vt 0.750000 0.802326
vt 0.767857 0.802326
vt 0.785714 0.802326
vt 0.803571 0.802326
vt 0.821429 0.802326
vt 0.839286 0.802326
vt 0.857143 0.802326
vt 0.875000 0.802326
vt 0.892857 0.802326
vt 0.910714 0.802326
vt 0.928571 0.802326
vt 0.946429 0.802326
vt 0.964286 0.802326
vt 0.982143 0.802326
vt 0.000000 0.790698
vt 0.017857 0.790698
vt 0.035714 0.790698
vt 0.053571 0.790698
vt 0.071429 0.790698
vt 0.089286 0.790698
vt 0.107143 0.790698
vt 0.125000 0.790698
vt 0.142857 0.790698
vt 0.160714 0.790698
vt 0.178571 0.790698
vt 0.196429 0.790698
vt 0.214286 0.790698
vt 0.232143 0.790698
vt 0.250000 0.790698
vt 0.267857 0.790698
vt 0.285714 0.790698
vt 0.303571 0.790698
vt 0.321429 0.790698
vt 0.339286 0.790698
vt 0.357143 0.790698
vt 0.375000 0.790698
vt 0.392857 0.790698
vt 0.410714 0.790698
vt 0.428571 0.790698
vt 0.446429 0.790698
vt 0.464286 0.790698
vt 0.482143 0.790698
vt 0.500000 0.790698
vt 0.517857 0.790698
vt 0.535714 0.790698
vt 0.553571 0.790698
vt 0.571429 0.790698
vt 0.589286 0.790698
vt 0.607143 0.790698
vt 0.625000 0.790698
vt 0.642857 0.790698
vt 0.660714 0.790698
vt 0.678571 0.790698
vt 0.696429 0.790698
vt 0.714286 0.790698
vt 0.732143 0.790698
vt 0.750000 0.790698
vt 0.767857 0.790698
vt 0.785714 0.790698
vt 0.803571 0.790698
vt 0.821429 0.790698
vt 0.839286 0.790698
vt 0.857143 0.790698
vt 0.875000 0.790698
vt 0.892857 0.790698
vt 0.910714 0.790698
vt 0.928571 0.790698
vt 0.946429 0.790698
vt 0.964286 0.790698
vt 0.982143 0.790698
vt 0.000000 0.779070
vt 0.017857 0.779070
vt 0.035714 0.779070
vt 0.053571 0.779070
vt 0.071429 0.779070
vt 0.089286 0.779070
vt 0.107143 0.779070
vt 0.125000 0.779070
vt 0.142857 0.779070
vt 0.160714 0.779070
vt 0.178571 0.779070
vt 0.196429 0.779070
vt 0.214286 0.779070
vt 0.232143 0.779070
vt 0.250000 0.779070
vt 0.267857 0.779070
vt 0.285714 0.779070
vt 0.303571 0.779070
vt 0.321429 0.779070
vt 0.339286 0.779070
vt 0.357143 0.779070
vt 0.375000 0.779070
vt 0.392857 0.779070
vt 0.410714 0.779070
vt 0.428571 0.779070
vt 0.446429 0.779070
vt 0.464286 0.779070
vt 0.482143 0.779070
vt 0.500000 0.779070
vt 0.517857 0.779070
vt 0.535714 0.779070
vt 0.553571 0.779070
vt 0.571429 0.779070
vt 0.589286 0.779070
vt 0.607143 0.779070
vt 0.625000 0.779070
vt 0.642857 0.779070
vt 0.660714 0.779070
vt 0.678571 0.779070
vt 0.696429 0.779070
vt 0.714286 0.779070
vt 0.732143 0.779070
vt 0.750000 0.779070
vt 0.767857 0.779070
vt 0.785714 0.779070
vt 0.803571 0.779070
vt 0.821429 0.779070
vt 0.839286 0.779070
vt 0.857143 0.779070
vt 0.875000 0.779070
vt 0.892857 0.779070
vt 0.910714 0.779070
vt 0.928571 0.779070
vt 0.946429 0.779070
vt 0.964286 0.779070
vt 0.982143 0.779070
vt 0.000000 0.767442
vt 0.017857 0.767442
vt 0.035714 0.767442
vt 0.053571 0.767442
vt 0.071429 0.767442
vt 0.089286 0.767442
vt 0.107143 0.767442
vt 0.125000 0.767442
vt 0.142857 0.767442
vt 0.160714 0.767442
vt 0.178571 0.767442
vt 0.196429 0.767442
vt 0.214286 0.767442
vt 0.232143 0.767442
vt 0.250000 0.767442
vt 0.267857 0.767442
vt 0.285714 0.767442
vt 0.303571 0.767442
vt 0.321429 0.767442
vt 0.339286 0.767442
vt 0.357143 0.767442
vt 0.375000 0.767442
vt 0.392857 0.767442
vt 0.410714 0.767442
vt 0.428571 0.767442
vt 0.446429 0.767442
vt 0.464286 0.767442
vt 0.482143 0.767442
vt 0.500000 0.767442
vt 0.517857 0.767442
vt 0.535714 0.767442
vt 0.553571 0.767442
vt 0.571429 0.767442
vt 0.589286 0.767442
vt 0.607143 0.767442
vt 0.625000 0.767442
vt 0.642857 0.767442
vt 0.660714 0.767442
vt 0.678571 0.767442
vt 0.696429 0.767442
vt 0.714286 0.767442
vt 0.732143 0.767442
vt 0.750000 0.767442
vt 0.767857 0.767442
vt 0.785714 0.767442
vt 0.803571 0.767442
vt 0.821429 0.767442
vt 0.839286 0.767442
vt 0.857143 0.767442
vt 0.875000 0.767442
vt 0.892857 0.767442
vt 0.910714 0.767442
vt 0.928571 0.767442
vt 0.946429 0.767442
vt 0.964286 0.767442
vt 0.982143 0.767442
vt 0.000000 0.755814
vt 0.017857 0.755814
vt 0.035714 0.755814
vt 0.053571 0.755814
vt 0.071429 0.755814
vt 0.089286 0.755814
vt 0.107143 0.755814
vt 0.125000 0.755814
vt 0.142857 0.755814
vt 0.160714 0.755814
vt 0.178571 0.755814
vt 0.196429 0.755814
vt 0.214286 0.755814
vt 0.232143 0.755814
vt 0.250000 0.755814
vt 0.267857 0.755814
vt 0.285714 0.755814
vt 0.303571 0.755814
vt 0.321429 0.755814
vt 0.339286 0.755814
vt 0.357143 0.755814
vt 0.375000 0.755814
vt 0.392857 0.755814
vt 0.410714 0.755814
vt 0.428571 0.755814
vt 0.446429 0.755814
vt 0.464286 0.755814
vt 0.482143 0.755814
vt 0.500000 0.755814
vt 0.517857 0.755814
vt 0.535714 0.755814
vt 0.553571 0.755814
vt 0.571429 0.755814
vt 0.589286 0.755814
vt 0.607143 0.755814
vt 0.625000 0.755814
vt 0.642857 0.755814
vt 0.660714 0.755814
vt 0.678571 0.755814
vt 0.696429 0.755814
vt 0.714286 0.755814
vt 0.732143 0.755814
vt 0.750000 0.755814
vt 0.767857 0.755814
vt 0.785714 0.755814
vt 0.803571 0.755814
vt 0.821429 0.755814
vt 0.839286 0.755814
vt 0.857143 0.755814
vt 0.875000 0.755814
vt 0.892857 0.755814
vt 0.910714 0.755814
vt 0.928571 0.755814
vt 0.946429 0.755814
vt 0.964286 0.755814
vt 0.982143 0.755814
vt 0.000000 0.744186
vt 0.017857 0.744186
vt 0.035714 0.744186
vt 0.053571 0.744186
vt 0.071429 0.744186
vt 0.089286 0.744186
vt 0.107143 0.744186
vt 0.125000 0.744186
vt 0.142857 0.744186
vt 0.160714 0.744186
vt 0.178571 0.744186
vt 0.196429 0.744186
vt 0.214286 0.744186
vt 0.232143 0.744186
vt 0.250000 0.744186
vt 0.267857 0.744186
vt 0.285714 0.744186
vt 0.303571 0.744186
vt 0.321429 0.744186
vt 0.339286 0.744186
vt 0.357143 0.744186
vt 0.375000 0.744186
vt 0.392857 0.744186
vt 0.410714 0.744186
vt 0.428571 0.744186
vt 0.446429 0.744186
vt 0.464286 0.744186
vt 0.482143 0.744186
vt 0.500000 0.744186
vt 0.517857 0.744186
vt 0.535714 0.744186
vt 0.553571 0.744186
vt 0.571429 0.744186
vt 0.589286 0.744186
vt 0.607143 0.744186
vt 0.625000 0.744186
vt 0.642857 0.744186
vt 0.660714 0.744186
vt 0.678571 0.744186
vt 0.696429 0.744186
vt 0.714286 0.744186
vt 0.732143 0.744186
vt 0.750000 0.744186
vt 0.767857 0.744186
vt 0.785714 0.744186
vt 0.803571 0.744186
vt 0.821429 0.744186
vt 0.839286 0.744186
vt 0.857143 0.744186
vt 0.875000 0.744186
vt 0.892857 0.744186
vt 0.910714 0.744186
vt 0.928571 0.744186
vt 0.946429 0.744186
vt 0.964286 0.744186
vt 0.982143 0.744186
vt 0.000000 0.732558
vt 0.017857 0.732558
vt 0.035714 0.732558
vt 0.053571 0.732558
vt 0.071429 0.732558
vt 0.089286 0.732558
vt 0.107143 0.732558
vt 0.125000 0.732558
vt 0.142857 0.732558
vt 0.160714 0.732558
vt 0.178571 0.732558
vt 0.196429 0.732558
vt 0.214286 0.732558
vt 0.232143 0.732558
vt 0.250000 0.732558
vt 0.267857 0.732558
vt 0.285714 0.732558
vt 0.303571 0.732558
vt 0.321429 0.732558
vt 0.339286 0.732558
vt 0.357143 0.732558
vt 0.375000 0.732558
vt 0.392857 0.732558
vt 0.410714 0.732558
vt 0.428571 0.732558
vt 0.446429 0.732558
vt 0.464286 0.732558
vt 0.482143 0.732558
vt 0.500000 0.732558
vt 0.517857 0.732558
vt 0.535714 0.732558
vt 0.553571 0.732558
vt 0.571429 0.732558
vt 0.589286 0.732558
vt 0.607143 0.732558
vt 0.625000 0.732558
vt 0.642857 0.732558
vt 0.660714 0.732558
vt 0.678571 0.732558
vt 0.696429 0.732558
vt 0.714286 0.732558
vt 0.732143 0.732558
vt 0.750000 0.732558
vt 0.767857 0.732558
vt 0.785714 0.732558
vt 0.803571 0.732558
vt 0.821429 0.732558
vt 0.839286 0.732558
vt 0.857143 0.732558
vt 0.875000 0.732558
vt 0.892857 0.732558
vt 0.910714 0.732558
vt 0.928571 0.732558
vt 0.946429 0.732558
vt 0.964286 0.732558
vt 0.982143 0.732558
vt 0.000000 0.720930
vt 0.017857 0.720930
vt 0.035714 0.720930
vt 0.053571 0.720930
vt 0.071429 0.720930
vt 0.089286 0.720930
vt 0.107143 0.720930
vt 0.125000 0.720930
vt 0.142857 0.720930
vt 0.160714 0.720930
vt 0.178571 0.720930
vt 0.196429 0.720930
vt 0.214286 0.720930
vt 0.232143 0.720930
vt 0.250000 0.720930
vt 0.267857 0.720930
vt 0.285714 0.720930
vt 0.303571 0.720930
vt 0.321429 0.720930
vt 0.339286 0.720930
vt 0.357143 0.720930
vt 0.375000 0.720930
vt 0.392857 0.720930
vt 0.410714 0.720930
vt 0.428571 0.720930
vt 0.446429 0.720930
vt 0.464286 0.720930
vt 0.482143 0.720930
vt 0.500000 0.720930
vt 0.517857 0.720930
vt 0.535714 0.720930
vt 0.553571 0.720930
vt 0.571429 0.720930
vt 0.589286 0.720930
vt 0.607143 0.720930
vt 0.625000 0.720930
vt 0.642857 0.720930
vt 0.660714 0.720930
vt 0.678571 0.720930
vt 0.696429 0.720930
vt 0.714286 0.720930
vt 0.732143 0.720930
vt 0.750000 0.720930
vt 0.767857 0.720930
vt 0.785714 0.720930
vt 0.803571 0.720930
vt 0.821429 0.720930
vt 0.839286 0.720930
vt 0.857143 0.720930
vt 0.875000 0.720930
vt 0.892857 0.720930
vt 0.910714 0.720930
vt 0.928571 0.720930
vt 0.946429 0.720930
vt 0.964286 0.720930
vt 0.982143 0.720930
vt 0.000000 0.709302
vt 0.017857 0.709302
vt 0.035714 0.709302
vt 0.053571 0.709302
vt 0.071429 0.709302
vt 0.089286 0.709302
vt 0.107143 0.709302
vt 0.125000 0.709302
vt 0.142857 0.709302
vt 0.160714 0.709302
vt 0.178571 0.709302
vt 0.196429 0.709302
vt 0.214286 0.709302
vt 0.232143 0.709302
vt 0.250000 0.709302
vt 0.267857 0.709302
vt 0.285714 0.709302
vt 0.303571 0.709302
vt 0.321429 0.709302
vt 0.339286 0.709302
vt 0.357143 0.709302
vt 0.375000 0.709302
vt 0.392857 0.709302
vt 0.410714 0.709302
vt 0.428571 0.709302
vt 0.446429 0.709302
vt 0.464286 0.709302
vt 0.482143 0.709302
vt 0.500000 0.709302
vt 0.517857 0.709302
vt 0.535714 0.709302
vt 0.553571 0.709302
vt 0.571429 0.709302
vt 0.589286 0.709302
vt 0.607143 0.709302
vt 0.625000 0.709302
vt 0.642857 0.709302
vt 0.660714 0.709302
vt 0.678571 0.709302
vt 0.696429 0.709302
vt 0.714286 0.709302
vt 0.732143 0.709302
vt 0.750000 0.709302
vt 0.767857 0.709302
vt 0.785714 0.709302
vt 0.803571 0.709302
vt 0.821429 0.709302
vt 0.839286 0.709302
vt 0.857143 0.709302
vt 0.875000 0.709302
vt 0.892857 0.709302
vt 0.910714 0.709302
vt 0.928571 0.709302
vt 0.946429 0.709302
vt 0.964286 0.709302
vt 0.982143 0.709302
vt 0.000000 0.697674
vt 0.017857 0.697674
vt 0.035714 0.697674
vt 0.053571 0.697674
vt 0.071429 0.697674
vt 0.089286 0.697674
vt 0.107143 0.697674
vt 0.125000 0.697674
vt 0.142857 0.697674
vt 0.160714 0.697674
vt 0.178571 0.697674
vt 0.196429 0.697674
vt 0.214286 0.697674
vt 0.232143 0.697674
vt 0.250000 0.697674
vt 0.267857 0.697674
vt 0.285714 0.697674
vt 0.303571 0.697674
vt 0.321429 0.697674
vt 0.339286 0.697674
vt 0.357143 0.697674
vt 0.375000 0.697674
vt 0.392857 0.697674
vt 0.410714 0.697674
vt 0.428571 0.697674
vt 0.446429 0.697674
vt 0.464286 0.697674
vt 0.482143 0.697674
vt 0.500000 0.697674
vt 0.517857 0.697674
vt 0.535714 0.697674
vt 0.553571 0.697674
vt 0.571429 0.697674
vt 0.589286 0.697674
vt 0.607143 0.697674
vt 0.625000 0.697674
vt 0.642857 0.697674
vt 0.660714 0.697674
vt 0.678571 0.697674
vt 0.696429 0.697674
vt 0.714286 0.697674
vt 0.732143 0.697674
vt 0.750000 0.697674
vt 0.767857 0.697674
vt 0.785714 0.697674
vt 0.803571 0.697674
vt 0.821429 0.697674
vt 0.839286 0.697674
vt 0.857143 0.697674
vt 0.875000 0.697674
vt 0.892857 0.697674
vt 0.910714 0.697674
vt 0.928571 0.697674
vt 0.946429 0.697674
vt 0.964286 0.697674
vt 0.982143 0.697674
vt 0.000000 0.686047
vt 0.017857 0.686047
vt 0.035714 0.686047
vt 0.053571 0.686047
vt 0.071429 0.686047
vt 0.089286 0.686047
vt 0.107143 0.686047
vt 0.125000 0.686047
vt 0.142857 0.686047
vt 0.160714 0.686047
vt 0.178571 0.686047
vt 0.196429 0.686047
vt 0.214286 0.686047
vt 0.232143 0.686047
vt 0.250000 0.686047
vt 0.267857 0.686047
vt 0.285714 0.686047
vt 0.303571 0.686047
vt 0.321429 0.686047
vt 0.339286 0.686047
vt 0.357143 0.686047
vt 0.375000 0.686047
vt 0.392857 0.686047
vt 0.410714 0.686047
vt 0.428571 0.686047
vt 0.446429 0.686047
vt 0.464286 0.686047
vt 0.482143 0.686047
vt 0.500000 0.686047
vt 0.517857 0.686047
vt 0.535714 0.686047
vt 0.553571 0.686047
vt 0.571429 0.686047
vt 0.589286 0.686047
vt 0.607143 0.686047
vt 0.625000 0.686047
vt 0.642857 0.686047
vt 0.660714 0.686047
vt 0.678571 0.686047
vt 0.696429 0.686047
vt 0.714286 0.686047
vt 0.732143 0.686047
vt 0.750000 0.686047
vt 0.767857 0.686047
vt 0.785714 0.686047
vt 0.803571 0.686047
vt 0.821429 0.686047
vt 0.839286 0.686047
vt 0.857143 0.686047
vt 0.875000 0.686047
vt 0.892857 0.686047
vt 0.910714 0.686047
vt 0.928571 0.686047
vt 0.946429 0.686047
vt 0.964286 0.686047
vt 0.982143 0.686047
vt 0.000000 0.674419
vt 0.017857 0.674419
vt 0.035714 0.674419
vt 0.053571 0.674419
vt 0.071429 0.674419
vt 0.089286 0.674419
vt 0.107143 0.674419
vt 0.125000 0.674419
vt 0.142857 0.674419
vt 0.160714 0.674419
vt 0.178571 0.674419
vt 0.196429 0.674419
vt 0.214286 0.674419
vt 0.232143 0.674419
vt 0.250000 0.674419
vt 0.267857 0.674419
vt 0.285714 0.674419
vt 0.303571 0.674419
vt 0.321429 0.674419
vt 0.339286 0.674419
vt 0.357143 0.674419
vt 0.375000 0.674419
vt 0.392857 0.674419
vt 0.410714 0.674419
vt 0.428571 0.674419
vt 0.446429 0.674419
vt 0.464286 0.674419
vt 0.482143 0.674419
vt 0.500000 0.674419
vt 0.517857 0.674419
vt 0.535714 0.674419
vt 0.553571 0.674419
vt 0.571429 0.674419
vt 0.589286 0.674419
vt 0.607143 0.674419
vt 0.625000 0.674419
vt 0.642857 0.674419
vt 0.660714 0.674419
vt 0.678571 0.674419
vt 0.696429 0.674419
vt 0.714286 0.674419
vt 0.732143 0.674419
vt 0.750000 0.674419
vt 0.767857 0.674419
vt 0.785714 0.674419
vt 0.803571 0.674419
vt 0.821429 0.674419
vt 0.839286 0.674419
vt 0.857143 0.674419
vt 0.875000 0.674419
vt 0.892857 0.674419
vt 0.910714 0.674419
vt 0.928571 0.674419
vt 0.946429 0.674419
vt 0.964286 0.674419
vt 0.982143 0.674419
vt 0.000000 0.662791
vt 0.017857 0.662791
vt 0.035714 0.662791
vt 0.053571 0.662791
vt 0.071429 0.662791
vt 0.089286 0.662791
vt 0.107143 0.662791
vt 0.125000 0.662791
vt 0.142857 0.662791
vt 0.160714 0.662791
vt 0.178571 0.662791
vt 0.196429 0.662791
vt 0.214286 0.662791
vt 0.232143 0.662791
vt 0.250000 0.662791
vt 0.267857 0.662791
vt 0.285714 0.662791
vt 0.303571 0.662791
vt 0.321429 0.662791
vt 0.339286 0.662791
vt 0.357143 0.662791
vt 0.375000 0.662791
vt 0.392857 0.662791
vt 0.410714 0.662791
vt 0.428571 0.662791
vt 0.446429 0.662791
vt 0.464286 0.662791
vt 0.482143 0.662791
vt 0.500000 0.662791
vt 0.517857 0.662791
vt 0.535714 0.662791
vt 0.553571 0.662791
vt 0.571429 0.662791
vt 0.589286 0.662791
vt 0.607143 0.662791
vt 0.625000 0.662791
vt 0.642857 0.662791
vt 0.660714 0.662791
vt 0.678571 0.662791
vt 0.696429 0.662791
vt 0.714286 0.662791
vt 0.732143 0.662791
vt 0.750000 0.662791
vt 0.767857 0.662791
vt 0.785714 0.662791
vt 0.803571 0.662791
vt 0.821429 0.662791
vt 0.839286 0.662791
vt 0.857143 0.662791
vt 0.875000 0.662791
vt 0.892857 0.662791
vt 0.910714 0.662791
vt 0.928571 0.662791
vt 0.946429 0.662791
vt 0.964286 0.662791
vt 0.982143 0.662791
vt 0.000000 0.651163
vt 0.017857 0.651163
vt 0.035714 0.651163
vt 0.053571 0.651163
vt 0.071429 0.651163
vt 0.089286 0.651163
vt 0.107143 0.651163
vt 0.125000 0.651163
vt 0.142857 0.651163
vt 0.160714 0.651163
vt 0.178571 0.651163
vt 0.196429 0.651163
vt 0.214286 0.651163
vt 0.232143 0.651163
vt 0.250000 0.651163
vt 0.267857 0.651163
vt 0.285714 0.651163
vt 0.303571 0.651163
vt 0.321429 0.651163
vt 0.339286 0.651163
vt 0.357143 0.651163
vt 0.375000 0.651163
vt 0.392857 0.651163
vt 0.410714 0.651163
vt 0.428571 0.651163
vt 0.446429 0.651163
vt 0.464286 0.651163
vt 0.482143 0.651163
vt 0.500000 0.651163
vt 0.517857 0.651163
vt 0.535714 0.651163
vt 0.553571 0.651163
vt 0.571429 0.651163
vt 0.589286 0.651163
vt 0.607143 0.651163
vt 0.625000 0.651163
vt 0.642857 0.651163
vt 0.660714 0.651163
vt 0.678571 0.651163
vt 0.696429 0.651163
vt 0.714286 0.651163
vt 0.732143 0.651163
vt 0.750000 0.651163
vt 0.767857 0.651163
vt 0.785714 0.651163
vt 0.803571 0.651163
vt 0.821429 0.651163
vt 0.839286 0.651163
vt 0.857143 0.651163
vt 0.875000 0.651163
vt 0.892857 0.651163
vt 0.910714 0.651163
vt 0.928571 0.651163
vt 0.946429 0.651163
vt 0.964286 0.651163
vt 0.982143 0.651163
vt 0.000000 0.639535
vt 0.017857 0.639535
vt 0.035714 0.639535
vt 0.053571 0.639535
vt 0.071429 0.639535
vt 0.089286 0.639535
vt 0.107143 0.639535
vt 0.125000 0.639535
vt 0.142857 0.639535
vt 0.160714 0.639535
vt 0.178571 0.639535
vt 0.196429 0.639535
vt 0.214286 0.639535
vt 0.232143 0.639535
vt 0.250000 0.639535
vt 0.267857 0.639535
vt 0.285714 0.639535
vt 0.303571 0.639535
vt 0.321429 0.639535
vt 0.339286 0.639535
vt 0.357143 0.639535
vt 0.375000 0.639535
vt 0.392857 0.639535
vt 0.410714 0.639535
vt 0.428571 0.639535
vt 0.446429 0.639535
vt 0.464286 0.639535
vt 0.482143 0.639535
vt 0.500000 0.639535
vt 0.517857 0.639535
vt 0.535714 0.639535
vt 0.553571 0.639535
vt 0.571429 0.639535
vt 0.589286 0.639535
vt 0.607143 0.639535
vt 0.625000 0.639535
vt 0.642857 0.639535
vt 0.660714 0.639535
vt 0.678571 0.639535
vt 0.696429 0.639535
vt 0.714286 0.639535
vt 0.732143 0.639535
vt 0.750000 0.639535
vt 0.767857 0.639535
vt 0.785714 0.639535
vt 0.803571 0.639535
vt 0.821429 0.639535
vt 0.839286 0.639535
vt 0.857143 0.639535
vt 0.875000 0.639535
vt 0.892857 0.639535
vt 0.910714 0.639535
vt 0.928571 0.639535
vt 0.946429 0.639535
vt 0.964286 0.639535
vt 0.982143 0.639535
vt 0.000000 0.627907
vt 0.017857 0.627907
vt 0.035714 0.627907
vt 0.053571 0.627907
vt 0.071429 0.627907
vt 0.089286 0.627907
vt 0.107143 0.627907
vt 0.125000 0.627907
vt 0.142857 0.627907
vt 0.160714 0.627907
vt 0.178571 0.627907
vt 0.196429 0.627907
vt 0.214286 0.627907
vt 0.232143 0.627907
vt 0.250000 0.627907
vt 0.267857 0.627907
vt 0.285714 0.627907
vt 0.303571 0.627907
vt 0.321429 0.627907
vt 0.339286 0.627907
vt 0.357143 0.627907
vt 0.375000 0.627907
vt 0.392857 0.627907
vt 0.410714 0.627907
vt 0.428571 0.627907
vt 0.446429 0.627907
vt 0.464286 0.627907
vt 0.482143 0.627907
vt 0.500000 0.627907
vt 0.517857 0.627907
vt 0.535714 0.627907
vt 0.553571 0.627907
vt 0.571429 0.627907
vt 0.589286 0.627907
vt 0.607143 0.627907
vt 0.625000 0.627907
vt 0.642857 0.627907
vt 0.660714 0.627907
vt 0.678571 0.627907
vt 0.696429 0.627907
vt 0.714286 0.627907
vt 0.732143 0.627907
vt 0.750000 0.627907
vt 0.767857 0.627907
vt 0.785714 0.627907
vt 0.803571 0.627907
vt 0.821429 0.627907
vt 0.839286 0.627907
vt 0.857143 0.627907
vt 0.875000 0.627907
vt 0.892857 0.627907
vt 0.910714 0.627907
vt 0.928571 0.627907
vt 0.946429 0.627907
vt 0.964286 0.627907
vt 0.982143 0.627907
vt 0.000000 0.616279
vt 0.017857 0.616279
vt 0.035714 0.616279
vt 0.053571 0.616279
vt 0.071429 0.616279
vt 0.089286 0.616279
vt 0.107143 0.616279
vt 0.125000 0.616279
vt 0.142857 0.616279
vt 0.160714 0.616279
vt 0.178571 0.616279
vt 0.196429 0.616279
vt 0.214286 0.616279
vt 0.232143 0.616279
vt 0.250000 0.616279
vt 0.267857 0.616279
vt 0.285714 0.616279
vt 0.303571 0.616279
vt 0.321429 0.616279
vt 0.339286 0.616279
vt 0.357143 0.616279
vt 0.375000 0.616279
vt 0.392857 0.616279
vt 0.410714 0.616279
vt 0.428571 0.616279
vt 0.446429 0.616279
vt 0.464286 0.616279
vt 0.482143 0.616279
vt 0.500000 0.616279
vt 0.517857 0.616279
vt 0.535714 0.616279
vt 0.553571 0.616279
vt 0.571429 0.616279
vt 0.589286 0.616279
vt 0.607143 0.616279
vt 0.625000 0.616279
vt 0.642857 0.616279
vt 0.660714 0.616279
vt 0.678571 0.616279
vt 0.696429 0.616279
vt 0.714286 0.616279
vt 0.732143 0.616279
vt 0.750000 0.616279
vt 0.767857 0.616279
vt 0.785714 0.616279
vt 0.803571 0.616279
vt 0.821429 0.616279
vt 0.839286 0.616279
vt 0.857143 0.616279
vt 0.875000 0.616279
vt 0.892857 0.616279
vt 0.910714 0.616279
vt 0.928571 0.616279
vt 0.946429 0.616279
vt 0.964286 0.616279
vt 0.982143 0.616279
vt 0.000000 0.604651
vt 0.017857 0.604651
vt 0.035714 0.604651
vt 0.053571 0.604651
vt 0.071429 0.604651
vt 0.089286 0.604651
vt 0.107143 0.604651
vt 0.125000 0.604651
vt 0.142857 0.604651
vt 0.160714 0.604651
vt 0.178571 0.604651
vt 0.196429 0.604651
vt 0.214286 0.604651
vt 0.232143 0.604651
vt 0.250000 0.604651
vt 0.267857 0.604651
vt 0.285714 0.604651
vt 0.303571 0.604651
vt 0.321429 0.604651
vt 0.339286 0.604651
vt 0.357143 0.604651
vt 0.375000 0.604651
vt 0.392857 0.604651
vt 0.410714 0.604651
vt 0.428571 0.604651
vt 0.446429 0.604651
vt 0.464286 0.604651
vt 0.482143 0.604651
vt 0.500000 0.604651
vt 0.517857 0.604651
vt 0.535714 0.604651
vt 0.553571 0.604651
vt 0.571429 0.604651
vt 0.589286 0.604651
vt 0.607143 0.604651
vt 0.625000 0.604651
vt 0.642857 0.604651
vt 0.660714 0.604651
vt 0.678571 0.604651
vt 0.696429 0.604651
vt 0.714286 0.604651
vt 0.732143 0.604651
vt 0.750000 0.604651
vt 0.767857 0.604651
vt 0.785714 0.604651
vt 0.803571 0.604651
vt 0.821429 0.604651
vt 0.839286 0.604651
vt 0.857143 0.604651
vt 0.875000 0.604651
vt 0.892857 0.604651
vt 0.910714 0.604651
vt 0.928571 0.604651
vt 0.946429 0.604651
vt 0.964286 0.604651
vt 0.982143 0.604651
vt 0.000000 0.593023
vt 0.017857 0.593023
vt 0.035714 0.593023
vt 0.053571 0.593023
vt 0.071429 0.593023
vt 0.089286 0.593023
vt 0.107143 0.593023
vt 0.125000 0.593023
vt 0.142857 0.593023
vt 0.160714 0.593023
vt 0.178571 0.593023
vt 0.196429 0.593023
vt 0.214286 0.593023
vt 0.232143 0.593023
vt 0.250000 0.593023
vt 0.267857 0.593023
vt 0.285714 0.593023
vt 0.303571 0.593023
vt 0.321429 0.593023
vt 0.339286 0.593023
vt 0.357143 0.593023
vt 0.375000 0.593023
vt 0.392857 0.593023
vt 0.410714 0.593023
vt 0.428571 0.593023
vt 0.446429 0.593023
vt 0.464286 0.593023
vt 0.482143 0.593023
vt 0.500000 0.593023
vt 0.517857 0.593023
vt 0.535714 0.593023
vt 0.553571 0.593023
vt 0.571429 0.593023
vt 0.589286 0.593023
vt 0.607143 0.593023
vt 0.625000 0.593023
vt 0.642857 0.593023
vt 0.660714 0.593023
vt 0.678571 0.593023
vt 0.696429 0.593023
vt 0.714286 0.593023
vt 0.732143 0.593023
vt 0.750000 0.593023
vt 0.767857 0.593023
vt 0.785714 0.593023
vt 0.803571 0.593023
vt 0.821429 0.593023
vt 0.839286 0.593023
vt 0.857143 0.593023
vt 0.875000 0.593023
vt 0.892857 0.593023
vt 0.910714 0.593023
vt 0.928571 0.593023
vt 0.946429 0.593023
vt 0.964286 0.593023
vt 0.982143 0.593023
vt 0.000000 0.581395
vt 0.017857 0.581395
vt 0.035714 0.581395
vt 0.053571 0.581395
vt 0.071429 0.581395
vt 0.089286 0.581395
vt 0.107143 0.581395
vt 0.125000 0.581395
vt 0.142857 0.581395
vt 0.160714 0.581395
vt 0.178571 0.581395
vt 0.196429 0.581395
vt 0.214286 0.581395
vt 0.232143 0.581395
vt 0.250000 0.581395
vt 0.267857 0.581395
vt 0.285714 0.581395
vt 0.303571 0.581395
vt 0.321429 0.581395
vt 0.339286 0.581395
vt 0.357143 0.581395
vt 0.375000 0.581395
vt 0.392857 0.581395
vt 0.410714 0.581395
vt 0.428571 0.581395
vt 0.446429 0.581395
vt 0.464286 0.581395
vt 0.482143 0.581395
vt 0.500000 0.581395
vt 0.517857 0.581395
vt 0.535714 0.581395
vt 0.553571 0.581395
vt 0.571429 0.581395
vt 0.589286 0.581395
vt 0.607143 0.581395
vt 0.625000 0.581395
vt 0.642857 0.581395
vt 0.660714 0.581395
vt 0.678571 0.581395
vt 0.696429 0.581395
vt 0.714286 0.581395
vt 0.732143 0.581395
vt 0.750000 0.581395
vt 0.767857 0.581395
vt 0.785714 0.581395
vt 0.803571 0.581395
vt 0.821429 0.581395
vt 0.839286 0.581395
vt 0.857143 0.581395
vt 0.875000 0.581395
vt 0.892857 0.581395
vt 0.910714 0.581395
vt 0.928571 0.581395
vt 0.946429 0.581395
vt 0.964286 0.581395
vt 0.982143 0.581395
vt 0.000000 0.569767
vt 0.017857 0.569767
vt 0.035714 0.569767
vt 0.053571 0.569767
vt 0.071429 0.569767
vt 0.089286 0.569767
vt 0.107143 0.569767
vt 0.125000 0.569767
vt 0.142857 0.569767
vt 0.160714 0.569767
vt 0.178571 0.569767
vt 0.196429 0.569767
vt 0.214286 0.569767
vt 0.232143 0.569767
vt 0.250000 0.569767
vt 0.267857 0.569767
vt 0.285714 0.569767
vt 0.303571 0.569767
vt 0.321429 0.569767
vt 0.339286 0.569767
vt 0.357143 0.569767
vt 0.375000 0.569767
vt 0.392857 0.569767
vt 0.410714 0.569767
vt 0.428571 0.569767
vt 0.446429 0.569767
vt 0.464286 0.569767
vt 0.482143 0.569767
vt 0.500000 0.569767
vt 0.517857 0.569767
vt 0.535714 0.569767
vt 0.553571 0.569767
vt 0.571429 0.569767
vt 0.589286 0.569767
vt 0.607143 0.569767
vt 0.625000 0.569767
vt 0.642857 0.569767
vt 0.660714 0.569767
vt 0.678571 0.569767
vt 0.696429 0.569767
vt 0.714286 0.569767
vt 0.732143 0.569767
vt 0.750000 0.569767
vt 0.767857 0.569767
vt 0.785714 0.569767
vt 0.803571 0.569767
vt 0.821429 0.569767
vt 0.839286 0.569767
vt 0.857143 0.569767
vt 0.875000 0.569767
vt 0.892857 0.569767
vt 0.910714 0.569767
vt 0.928571 0.569767
vt 0.946429 0.569767
vt 0.964286 0.569767
vt 0.982143 0.569767
vt 0.000000 0.558140
vt 0.017857 0.558140
vt 0.035714 0.558140
vt 0.053571 0.558140
vt 0.071429 0.558140
vt 0.089286 0.558140
vt 0.107143 0.558140
vt 0.125000 0.558140
vt 0.142857 0.558140
vt 0.160714 0.558140
vt 0.178571 0.558140
vt 0.196429 0.558140
vt 0.214286 0.558140
vt 0.232143 0.558140
vt 0.250000 0.558140
vt 0.267857 0.558140
vt 0.285714 0.558140
vt 0.303571 0.558140
vt 0.321429 0.558140
vt 0.339286 0.558140
vt 0.357143 0.558140
vt 0.375000 0.558140
vt 0.392857 0.558140
vt 0.410714 0.558140
vt 0.428571 0.558140
vt 0.446429 0.558140
vt 0.464286 0.558140
vt 0.482143 0.558140
vt 0.500000 0.558140
vt 0.517857 0.558140
vt 0.535714 0.558140
vt 0.553571 0.558140
vt 0.571429 0.558140
vt 0.589286 0.558140
vt 0.607143 0.558140
vt 0.625000 0.558140
vt 0.642857 0.558140
vt 0.660714 0.558140
vt 0.678571 0.558140
vt 0.696429 0.558140
vt 0.714286 0.558140
vt 0.732143 0.558140
vt 0.750000 0.558140
vt 0.767857 0.558140
vt 0.785714 0.558140
vt 0.803571 0.558140
vt 0.821429 0.558140
vt 0.839286 0.558140
vt 0.857143 0.558140
vt 0.875000 0.558140
vt 0.892857 0.558140
vt 0.910714 0.558140
vt 0.928571 0.558140
vt 0.946429 0.558140
vt 0.964286 0.558140
vt 0.982143 0.558140
vt 0.000000 0.546512
vt 0.017857 0.546512
vt 0.035714 0.546512
vt 0.053571 0.546512
vt 0.071429 0.546512
vt 0.089286 0.546512
vt 0.107143 0.546512
vt 0.125000 0.546512
vt 0.142857 0.546512
vt 0.160714 0.546512
vt 0.178571 0.546512
vt 0.196429 0.546512
vt 0.214286 0.546512
vt 0.232143 0.546512
vt 0.250000 0.546512
vt 0.267857 0.546512
vt 0.285714 0.546512
vt 0.303571 0.546512
vt 0.321429 0.546512
vt 0.339286 0.546512
vt 0.357143 0.546512
vt 0.375000 0.546512
vt 0.392857 0.546512
vt 0.410714 0.546512
vt 0.428571 0.546512
vt 0.446429 0.546512
vt 0.464286 0.546512
vt 0.482143 0.546512
vt 0.500000 0.546512
vt 0.517857 0.546512
vt 0.535714 0.546512
vt 0.553571 0.546512
vt 0.571429 0.546512
vt 0.589286 0.546512
vt 0.607143 0.546512
vt 0.625000 0.546512
vt 0.642857 0.546512
vt 0.660714 0.546512
vt 0.678571 0.546512
vt 0.696429 0.546512
vt 0.714286 0.546512
vt 0.732143 0.546512
vt 0.750000 0.546512
vt 0.767857 0.546512
vt 0.785714 0.546512
vt 0.803571 0.546512
vt 0.821429 0.546512
vt 0.839286 0.546512
vt 0.857143 0.546512
vt 0.875000 0.546512
vt 0.892857 0.546512
vt 0.910714 0.546512
vt 0.928571 0.546512
vt 0.946429 0.546512
vt 0.964286 0.546512
vt 0.982143 0.546512
vt 0.000000 0.534884
vt 0.017857 0.534884
vt 0.035714 0.534884
vt 0.053571 0.534884
vt 0.071429 0.534884
vt 0.089286 0.534884
vt 0.107143 0.534884
vt 0.125000 0.534884
vt 0.142857 0.534884
vt 0.160714 0.534884
vt 0.178571 0.534884
vt 0.196429 0.534884
vt 0.214286 0.534884
vt 0.232143 0.534884
vt 0.250000 0.534884
vt 0.267857 0.534884
vt 0.285714 0.534884
vt 0.303571 0.534884
vt 0.321429 0.534884
vt 0.339286 0.534884
vt 0.357143 0.534884
vt 0.375000 0.534884
vt 0.392857 0.534884
vt 0.410714 0.534884
vt 0.428571 0.534884
vt 0.446429 0.534884
vt 0.464286 0.534884
vt 0.482143 0.534884
vt 0.500000 0.534884
vt 0.517857 0.534884
vt 0.535714 0.534884
vt 0.553571 0.534884
vt 0.571429 0.534884
vt 0.589286 0.534884
vt 0.607143 0.534884
vt 0.625000 0.534884
vt 0.642857 0.534884
vt 0.660714 0.534884
vt 0.678571 0.534884
vt 0.696429 0.534884
vt 0.714286 0.534884
vt 0.732143 0.534884
vt 0.750000 0.534884
vt 0.767857 0.534884
vt 0.785714 0.534884
vt 0.803571 0.534884
vt 0.821429 0.534884
vt 0.839286 0.534884
vt 0.857143 0.534884
vt 0.875000 0.534884
vt 0.892857 0.534884
vt 0.910714 0.534884
vt 0.928571 0.534884
vt 0.946429 0.534884
vt 0.964286 0.534884
vt 0.982143 0.534884
vt 0.000000 0.523256
vt 0.017857 0.523256
vt 0.035714 0.523256
vt 0.053571 0.523256
vt 0.071429 0.523256
vt 0.089286 0.523256
vt 0.107143 0.523256
vt 0.125000 0.523256
vt 0.142857 0.523256
vt 0.160714 0.523256
vt 0.178571 0.523256
vt 0.196429 0.523256
vt 0.214286 0.523256
vt 0.232143 0.523256
vt 0.250000 0.523256
vt 0.267857 0.523256
vt 0.285714 0.523256
vt 0.303571 0.523256
vt 0.321429 0.523256
vt 0.339286 0.523256
vt 0.357143 0.523256
vt 0.375000 0.523256
vt 0.392857 0.523256
vt 0.410714 0.523256
vt 0.428571 0.523256
vt 0.446429 0.523256
vt 0.464286 0.523256
vt 0.482143 0.523256
vt 0.500000 0.523256
vt 0.517857 0.523256
vt 0.535714 0.523256
vt 0.553571 0.523256
vt 0.571429 0.523256
vt 0.589286 0.523256
vt 0.607143 0.523256
vt 0.625000 0.523256
vt 0.642857 0.523256
vt 0.660714 0.523256
vt 0.678571 0.523256
vt 0.696429 0.523256
vt 0.714286 0.523256
vt 0.732143 0.523256
vt 0.750000 0.523256
vt 0.767857 0.523256
vt 0.785714 0.523256
vt 0.803571 0.523256
vt 0.821429 0.523256
vt 0.839286 0.523256
vt 0.857143 0.523256
vt 0.875000 0.523256
vt 0.892857 0.523256
vt 0.910714 0.523256
vt 0.928571 0.523256
vt 0.946429 0.523256
vt 0.964286 0.523256
vt 0.982143 0.523256
vt 0.000000 0.511628
vt 0.017857 0.511628
vt 0.035714 0.511628
vt 0.053571 0.511628
vt 0.071429 0.511628
vt 0.089286 0.511628
vt 0.107143 0.511628
vt 0.125000 0.511628
vt 0.142857 0.511628
vt 0.160714 0.511628
vt 0.178571 0.511628
vt 0.196429 0.511628
vt 0.214286 0.511628
vt 0.232143 0.511628
vt 0.250000 0.511628
vt 0.267857 0.511628
vt 0.285714 0.511628
vt 0.303571 0.511628
vt 0.321429 0.511628
vt 0.339286 0.511628
vt 0.357143 0.511628
vt 0.375000 0.511628
vt 0.392857 0.511628
vt 0.410714 0.511628
vt 0.428571 0.511628
vt 0.446429 0.511628
vt 0.464286 0.511628
vt 0.482143 0.511628
vt 0.500000 0.511628
vt 0.517857 0.511628
vt 0.535714 0.511628
vt 0.553571 0.511628
vt 0.571429 0.511628
vt 0.589286 0.511628
vt 0.607143 0.511628
vt 0.625000 0.511628
vt 0.642857 0.511628
vt 0.660714 0.511628
vt 0.678571 0.511628
vt 0.696429 0.511628
vt 0.714286 0.511628
vt 0.732143 0.511628
vt 0.750000 0.511628
vt 0.767857 0.511628
vt 0.785714 0.511628
vt 0.803571 0.511628
vt 0.821429 0.511628
vt 0.839286 0.511628
vt 0.857143 0.511628
vt 0.875000 0.511628
vt 0.892857 0.511628
vt 0.910714 0.511628
vt 0.928571 0.511628
vt 0.946429 0.511628
vt 0.964286 0.511628
vt 0.982143 0.511628
vt 0.000000 0.500000
vt 0.017857 0.500000
vt 0.035714 0.500000
vt 0.053571 0.500000
vt 0.071429 0.500000
vt 0.089286 0.500000
vt 0.107143 0.500000
vt 0.125000 0.500000
vt 0.142857 0.500000
vt 0.160714 0.500000
vt 0.178571 0.500000
vt 0.196429 0.500000
vt 0.214286 0.500000
vt 0.232143 0.500000
vt 0.250000 0.500000
vt 0.267857 0.500000
vt 0.285714 0.500000
vt 0.303571 0.500000
vt 0.321429 0.500000
vt 0.339286 0.500000
vt 0.357143 0.500000
vt 0.375000 0.500000
vt 0.392857 0.500000
vt 0.410714 0.500000
vt 0.428571 0.500000
vt 0.446429 0.500000
vt 0.464286 0.500000
vt 0.482143 0.500000
vt 0.500000 0.500000
vt 0.517857 0.500000
vt 0.535714 0.500000
vt 0.553571 0.500000
vt 0.571429 0.500000
vt 0.589286 0.500000
vt 0.607143 0.500000
vt 0.625000 0.500000
vt 0.642857 0.500000
vt 0.660714 0.500000
vt 0.678571 0.500000
vt 0.696429 0.500000
vt 0.714286 0.500000
vt 0.732143 0.500000
vt 0.750000 0.500000
vt 0.767857 0.500000
vt 0.785714 0.500000
vt 0.803571 0.500000
vt 0.821429 0.500000
vt 0.839286 0.500000
vt 0.857143 0.500000
vt 0.875000 0.500000
vt 0.892857 0.500000
vt 0.910714 0.500000
vt 0.928571 0.500000
vt 0.946429 0.500000
vt 0.964286 0.500000
vt 0.982143 0.500000
vt 0.000000 0.488372
vt 0.017857 0.488372
vt 0.035714 0.488372
vt 0.053571 0.488372
vt 0.071429 0.488372
vt 0.089286 0.488372
vt 0.107143 0.488372
vt 0.125000 0.488372
vt 0.142857 0.488372
vt 0.160714 0.488372
vt 0.178571 0.488372
vt 0.196429 0.488372
vt 0.214286 0.488372
vt 0.232143 0.488372
vt 0.250000 0.488372
vt 0.267857 0.488372
vt 0.285714 0.488372
vt 0.303571 0.488372
vt 0.321429 0.488372
vt 0.339286 0.488372
vt 0.357143 0.488372
vt 0.375000 0.488372
vt 0.392857 0.488372
vt 0.410714 0.488372
vt 0.428571 0.488372
vt 0.446429 0.488372
vt 0.464286 0.488372
vt 0.482143 0.488372
vt 0.500000 0.488372
vt 0.517857 0.488372
vt 0.535714 0.488372
vt 0.553571 0.488372
vt 0.571429 0.488372
vt 0.589286 0.488372
vt 0.607143 0.488372
vt 0.625000 0.488372
vt 0.642857 0.488372
vt 0.660714 0.488372
vt 0.678571 0.488372
vt 0.696429 0.488372
vt 0.714286 0.488372
vt 0.732143 0.488372
vt 0.750000 0.488372
vt 0.767857 0.488372
vt 0.785714 0.488372
vt 0.803571 0.488372
vt 0.821429 0.488372
vt 0.839286 0.488372
vt 0.857143 0.488372
vt 0.875000 0.488372
vt 0.892857 0.488372
vt 0.910714 0.488372
vt 0.928571 0.488372
vt 0.946429 0.488372
vt 0.964286 0.488372
vt 0.982143 0.488372
vt 0.000000 0.476744
vt 0.017857 0.476744
vt 0.035714 0.476744
vt 0.053571 0.476744
vt 0.071429 0.476744
vt 0.089286 0.476744
vt 0.107143 0.476744
vt 0.125000 0.476744
vt 0.142857 0.476744
vt 0.160714 0.476744
vt 0.178571 0.476744
vt 0.196429 0.476744
vt 0.214286 0.476744
vt 0.232143 0.476744
vt 0.250000 0.476744
vt 0.267857 0.476744
vt 0.285714 0.476744
vt 0.303571 0.476744
vt 0.321429 0.476744
vt 0.339286 0.476744
vt 0.357143 0.476744
vt 0.375000 0.476744
vt 0.392857 0.476744
vt 0.410714 0.476744
vt 0.428571 0.476744
vt 0.446429 0.476744
vt 0.464286 0.476744
vt 0.482143 0.476744
vt 0.500000 0.476744
vt 0.517857 0.476744
vt 0.535714 0.476744
vt 0.553571 0.476744
vt 0.571429 0.476744
vt 0.589286 0.476744
vt 0.607143 0.476744
vt 0.625000 0.476744
vt 0.642857 0.476744
vt 0.660714 0.476744
vt 0.678571 0.476744
vt 0.696429 0.476744
vt 0.714286 0.476744
vt 0.732143 0.476744
vt 0.750000 0.476744
vt 0.767857 0.476744
vt 0.785714 0.476744
vt 0.803571 0.476744
vt 0.821429 0.476744
vt 0.839286 0.476744
vt 0.857143 0.476744
vt 0.875000 0.476744
vt 0.892857 0.476744
vt 0.910714 0.476744
vt 0.928571 0.476744
vt 0.946429 0.476744
vt 0.964286 0.476744
vt 0.982143 0.476744
vt 0.000000 0.465116
vt 0.017857 0.465116
vt 0.035714 0.465116
vt 0.053571 0.465116
vt 0.071429 0.465116
vt 0.089286 0.465116
vt 0.107143 0.465116
vt 0.125000 0.465116
vt 0.142857 0.465116
vt 0.160714 0.465116
vt 0.178571 0.465116
vt 0.196429 0.465116
vt 0.214286 0.465116
vt 0.232143 0.465116
vt 0.250000 0.465116
vt 0.267857 0.465116
vt 0.285714 0.465116
vt 0.303571 0.465116
vt 0.321429 0.465116
vt 0.339286 0.465116
vt 0.357143 0.465116
vt 0.375000 0.465116
vt 0.392857 0.465116
vt 0.410714 0.465116
vt 0.428571 0.465116
vt 0.446429 0.465116
vt 0.464286 0.465116
vt 0.482143 0.465116
vt 0.500000 0.465116
vt 0.517857 0.465116
vt 0.535714 0.465116
vt 0.553571 0.465116
vt 0.571429 0.465116
vt 0.589286 0.465116
vt 0.607143 0.465116
vt 0.625000 0.465116
vt 0.642857 0.465116
vt 0.660714 0.465116
vt 0.678571 0.465116
vt 0.696429 0.465116
vt 0.714286 0.465116
vt 0.732143 0.465116
vt 0.750000 0.465116
vt 0.767857 0.465116
vt 0.785714 0.465116
vt 0.803571 0.465116
vt 0.821429 0.465116
vt 0.839286 0.465116
vt 0.857143 0.465116
vt 0.875000 0.465116
vt 0.892857 0.465116
vt 0.910714 0.465116
vt 0.928571 0.465116
vt 0.946429 0.465116
vt 0.964286 0.465116
vt 0.982143 0.465116
vt 0.000000 0.453488
vt 0.017857 0.453488
vt 0.035714 0.453488
vt 0.053571 0.453488
vt 0.071429 0.453488
vt 0.089286 0.453488
vt 0.107143 0.453488
vt 0.125000 0.453488
vt 0.142857 0.453488
vt 0.160714 0.453488
vt 0.178571 0.453488
vt 0.196429 0.453488
vt 0.214286 0.453488
vt 0.232143 0.453488
vt 0.250000 0.453488
vt 0.267857 0.453488
vt 0.285714 0.453488
vt 0.303571 0.453488
vt 0.321429 0.453488
vt 0.339286 0.453488
vt 0.357143 0.453488
vt 0.375000 0.453488
vt 0.392857 0.453488
vt 0.410714 0.453488
vt 0.428571 0.453488
vt 0.446429 0.453488
vt 0.464286 0.453488
vt 0.482143 0.453488
vt 0.500000 0.453488
vt 0.517857 0.453488
vt 0.535714 0.453488
vt 0.553571 0.453488
vt 0.571429 0.453488
vt 0.589286 0.453488
vt 0.607143 0.453488
vt 0.625000 0.453488
vt 0.642857 0.453488
vt 0.660714 0.453488
vt 0.678571 0.453488
vt 0.696429 0.453488
vt 0.714286 0.453488
vt 0.732143 0.453488
vt 0.750000 0.453488
vt 0.767857 0.453488
vt 0.785714 0.453488
vt 0.803571 0.453488
vt 0.821429 0.453488
vt 0.839286 0.453488
vt 0.857143 0.453488
vt 0.875000 0.453488
vt 0.892857 0.453488
vt 0.910714 0.453488
vt 0.928571 0.453488
vt 0.946429 0.453488
vt 0.964286 0.453488
vt 0.982143 0.453488
vt 0.000000 0.441860
vt 0.017857 0.441860
vt 0.035714 0.441860
vt 0.053571 0.441860
vt 0.071429 0.441860
vt 0.089286 0.441860
vt 0.107143 0.441860
vt 0.125000 0.441860
vt 0.142857 0.441860
vt 0.160714 0.441860
vt 0.178571 0.441860
vt 0.196429 0.441860
vt 0.214286 0.441860
vt 0.232143 0.441860
vt 0.250000 0.441860
vt 0.267857 0.441860
vt 0.285714 0.441860
vt 0.303571 0.441860
vt 0.321429 0.441860
vt 0.339286 0.441860
vt 0.357143 0.441860
vt 0.375000 0.441860
vt 0.392857 0.441860
vt 0.410714 0.441860
vt 0.428571 0.441860
vt 0.446429 0.441860
vt 0.464286 0.441860
vt 0.482143 0.441860
vt 0.500000 0.441860
vt 0.517857 0.441860
vt 0.535714 0.441860
vt 0.553571 0.441860
vt 0.571429 0.441860
vt 0.589286 0.441860
vt 0.607143 0.441860
vt 0.625000 0.441860
vt 0.642857 0.441860
vt 0.660714 0.441860
vt 0.678571 0.441860
vt 0.696429 0.441860
vt 0.714286 0.441860
vt 0.732143 0.441860
vt 0.750000 0.441860
vt 0.767857 0.441860
vt 0.785714 0.441860
vt 0.803571 0.441860
vt 0.821429 0.441860
vt 0.839286 0.441860
vt 0.857143 0.441860
vt 0.875000 0.441860
vt 0.892857 0.441860
vt 0.910714 0.441860
vt 0.928571 0.441860
vt 0.946429 0.441860
vt 0.964286 0.441860
vt 0.982143 0.441860
vt 0.000000 0.430233
vt 0.017857 0.430233
vt 0.035714 0.430233
vt 0.053571 0.430233
vt 0.071429 0.430233
vt 0.089286 0.430233
vt 0.107143 0.430233
vt 0.125000 0.430233
vt 0.142857 0.430233
vt 0.160714 0.430233
vt 0.178571 0.430233
vt 0.196429 0.430233
vt 0.214286 0.430233
vt 0.232143 0.430233
vt 0.250000 0.430233
vt 0.267857 0.430233
vt 0.285714 0.430233
vt 0.303571 0.430233
vt 0.321429 0.430233
vt 0.339286 0.430233
vt 0.357143 0.430233
vt 0.375000 0.430233
vt 0.392857 0.430233
vt 0.410714 0.430233
vt 0.428571 0.430233
vt 0.446429 0.430233
vt 0.464286 0.430233
vt 0.482143 0.430233
vt 0.500000 0.430233
vt 0.517857 0.430233
vt 0.535714 0.430233
vt 0.553571 0.430233
vt 0.571429 0.430233
vt 0.589286 0.430233
vt 0.607143 0.430233
vt 0.625000 0.430233
vt 0.642857 0.430233
vt 0.660714 0.430233
vt 0.678571 0.430233
vt 0.696429 0.430233
vt 0.714286 0.430233
vt 0.732143 0.430233
vt 0.750000 0.430233
vt 0.767857 0.430233
vt 0.785714 0.430233
vt 0.803571 0.430233
vt 0.821429 0.430233
vt 0.839286 0.430233
vt 0.857143 0.430233
vt 0.875000 0.430233
vt 0.892857 0.430233
vt 0.910714 0.430233
vt 0.928571 0.430233
vt 0.946429 0.430233
vt 0.964286 0.430233
vt 0.982143 0.430233
vt 0.000000 0.418605
vt 0.017857 0.418605
vt 0.035714 0.418605
vt 0.053571 0.418605
vt 0.071429 0.418605
vt 0.089286 0.418605
vt 0.107143 0.418605
vt 0.125000 0.418605
vt 0.142857 0.418605
vt 0.160714 0.418605
vt 0.178571 0.418605
vt 0.196429 0.418605
vt 0.214286 0.418605
vt 0.232143 0.418605
vt 0.250000 0.418605
vt 0.267857 0.418605
vt 0.285714 0.418605
vt 0.303571 0.418605
vt 0.321429 0.418605
vt 0.339286 0.418605
vt 0.357143 0.418605
vt 0.375000 0.418605
vt 0.392857 0.418605
vt 0.410714 0.418605
vt 0.428571 0.418605
vt 0.446429 0.418605
vt 0.464286 0.418605
vt 0.482143 0.418605
vt 0.500000 0.418605
vt 0.517857 0.418605
vt 0.535714 0.418605
vt 0.553571 0.418605
vt 0.571429 0.418605
vt 0.589286 0.418605
vt 0.607143 0.418605
vt 0.625000 0.418605
vt 0.642857 0.418605
vt 0.660714 0.418605
vt 0.678571 0.418605
vt 0.696429 0.418605
vt 0.714286 0.418605
vt 0.732143 0.418605
vt 0.750000 0.418605
vt 0.767857 0.418605
vt 0.785714 0.418605
vt 0.803571 0.418605
vt 0.821429 0.418605
vt 0.839286 0.418605
vt 0.857143 0.418605
vt 0.875000 0.418605
vt 0.892857 0.418605
vt 0.910714 0.418605
vt 0.928571 0.418605
vt 0.946429 0.418605
vt 0.964286 0.418605
vt 0.982143 0.418605
vt 0.000000 0.406977
vt 0.017857 0.406977
vt 0.035714 0.406977
vt 0.053571 0.406977
vt 0.071429 0.406977
vt 0.089286 0.406977
vt 0.107143 0.406977
vt 0.125000 0.406977
vt 0.142857 0.406977
vt 0.160714 0.406977
vt 0.178571 0.406977
vt 0.196429 0.406977
vt 0.214286 0.406977
vt 0.232143 0.406977
vt 0.250000 0.406977
vt 0.267857 0.406977
vt 0.285714 0.406977
vt 0.303571 0.406977
vt 0.321429 0.406977
vt 0.339286 0.406977
vt 0.357143 0.406977
vt 0.375000 0.406977
vt 0.392857 0.406977
vt 0.410714 0.406977
vt 0.428571 0.406977
vt 0.446429 0.406977
vt 0.464286 0.406977
vt 0.482143 0.406977
vt 0.500000 0.406977
vt 0.517857 0.406977
vt 0.535714 0.406977
vt 0.553571 0.406977
vt 0.571429 0.406977
vt 0.589286 0.406977
vt 0.607143 0.406977
vt 0.625000 0.406977
vt 0.642857 0.406977
vt 0.660714 0.406977
vt 0.678571 0.406977
vt 0.696429 0.406977
vt 0.714286 0.406977
vt 0.732143 0.406977
vt 0.750000 0.406977
vt 0.767857 0.406977
vt 0.785714 0.406977
vt 0.803571 0.406977
vt 0.821429 0.406977
vt 0.839286 0.406977
vt 0.857143 0.406977
vt 0.875000 0.406977
vt 0.892857 0.406977
vt 0.910714 0.406977
vt 0.928571 0.406977
vt 0.946429 0.406977
vt 0.964286 0.406977
vt 0.982143 0.406977
vt 0.000000 0.395349
vt 0.017857 0.395349
vt 0.035714 0.395349
vt 0.053571 0.395349
vt 0.071429 0.395349
vt 0.089286 0.395349
vt 0.107143 0.395349
vt 0.125000 0.395349
vt 0.142857 0.395349
vt 0.160714 0.395349
vt 0.178571 0.395349
vt 0.196429 0.395349
vt 0.214286 0.395349
vt 0.232143 0.395349
vt 0.250000 0.395349
vt 0.267857 0.395349
vt 0.285714 0.395349
vt 0.303571 0.395349
vt 0.321429 0.395349
vt 0.339286 0.395349
vt 0.357143 0.395349
vt 0.375000 0.395349
vt 0.392857 0.395349
vt 0.410714 0.395349
vt 0.428571 0.395349
vt 0.446429 0.395349
vt 0.464286 0.395349
vt 0.482143 0.395349
vt 0.500000 0.395349
vt 0.517857 0.395349
vt 0.535714 0.395349
vt 0.553571 0.395349
vt 0.571429 0.395349
vt 0.589286 0.395349
vt 0.607143 0.395349
vt 0.625000 0.395349
vt 0.642857 0.395349
vt 0.660714 0.395349
vt 0.678571 0.395349
vt 0.696429 0.395349
vt 0.714286 0.395349
vt 0.732143 0.395349
vt 0.750000 0.395349
vt 0.767857 0.395349
vt 0.785714 0.395349
vt 0.803571 0.395349
vt 0.821429 0.395349
vt 0.839286 0.395349
vt 0.857143 0.395349
vt 0.875000 0.395349
vt 0.892857 0.395349
vt 0.910714 0.395349
vt 0.928571 0.395349
vt 0.946429 0.395349
vt 0.964286 0.395349
vt 0.982143 0.395349
vt 0.000000 0.383721
vt 0.017857 0.383721
vt 0.035714 0.383721
vt 0.053571 0.383721
vt 0.071429 0.383721
vt 0.089286 0.383721
vt 0.107143 0.383721
vt 0.125000 0.383721
vt 0.142857 0.383721
vt 0.160714 0.383721
vt 0.178571 0.383721
vt 0.196429 0.383721
vt 0.214286 0.383721
vt 0.232143 0.383721
vt 0.250000 0.383721
vt 0.267857 0.383721
vt 0.285714 0.383721
vt 0.303571 0.383721
vt 0.321429 0.383721
vt 0.339286 0.383721
vt 0.357143 0.383721
vt 0.375000 0.383721
vt 0.392857 0.383721
vt 0.410714 0.383721
vt 0.428571 0.383721
vt 0.446429 0.383721
vt 0.464286 0.383721
vt 0.482143 0.383721
vt 0.500000 0.383721
vt 0.517857 0.383721
vt 0.535714 0.383721
vt 0.553571 0.383721
vt 0.571429 0.383721
vt 0.589286 0.383721
vt 0.607143 0.383721
vt 0.625000 0.383721
vt 0.642857 0.383721
vt 0.660714 0.383721
vt 0.678571 0.383721
vt 0.696429 0.383721
vt 0.714286 0.383721
vt 0.732143 0.383721
vt 0.750000 0.383721
vt 0.767857 0.383721
vt 0.785714 0.383721
vt 0.803571 0.383721
vt 0.821429 0.383721
vt 0.839286 0.383721
vt 0.857143 0.383721
vt 0.875000 0.383721
vt 0.892857 0.383721
vt 0.910714 0.383721
vt 0.928571 0.383721
vt 0.946429 0.383721
vt 0.964286 0.383721
vt 0.982143 0.383721
vt 0.000000 0.372093
vt 0.017857 0.372093
vt 0.035714 0.372093
vt 0.053571 0.372093
vt 0.071429 0.372093
vt 0.089286 0.372093
vt 0.107143 0.372093
vt 0.125000 0.372093
vt 0.142857 0.372093
vt 0.160714 0.372093
vt 0.178571 0.372093
vt 0.196429 0.372093
vt 0.214286 0.372093
vt 0.232143 0.372093
vt 0.250000 0.372093
vt 0.267857 0.372093
vt 0.285714 0.372093
vt 0.303571 0.372093
vt 0.321429 0.372093
vt 0.339286 0.372093
vt 0.357143 0.372093
vt 0.375000 0.372093
vt 0.392857 0.372093
vt 0.410714 0.372093
vt 0.428571 0.372093
vt 0.446429 0.372093
vt 0.464286 0.372093
vt 0.482143 0.372093
vt 0.500000 0.372093
vt 0.517857 0.372093
vt 0.535714 0.372093
vt 0.553571 0.372093
vt 0.571429 0.372093
vt 0.589286 0.372093
vt 0.607143 0.372093
vt 0.625000 0.372093
vt 0.642857 0.372093
vt 0.660714 0.372093
vt 0.678571 0.372093
vt 0.696429 0.372093
vt 0.714286 0.372093
vt 0.732143 0.372093
vt 0.750000 0.372093
vt 0.767857 0.372093
vt 0.785714 0.372093
vt 0.803571 0.372093
vt 0.821429 0.372093
vt 0.839286 0.372093
vt 0.857143 0.372093
vt 0.875000 0.372093
vt 0.892857 0.372093
vt 0.910714 0.372093
vt 0.928571 0.372093
vt 0.946429 0.372093
vt 0.964286 0.372093
vt 0.982143 0.372093
vt 0.000000 0.360465
vt 0.017857 0.360465
vt 0.035714 0.360465
vt 0.053571 0.360465
vt 0.071429 0.360465
vt 0.089286 0.360465
vt 0.107143 0.360465
vt 0.125000 0.360465
vt 0.142857 0.360465
vt 0.160714 0.360465
vt 0.178571 0.360465
vt 0.196429 0.360465
vt 0.214286 0.360465
vt 0.232143 0.360465
vt 0.250000 0.360465
vt 0.267857 0.360465
vt 0.285714 0.360465
vt 0.303571 0.360465
vt 0.321429 0.360465
vt 0.339286 0.360465
vt 0.357143 0.360465
vt 0.375000 0.360465
vt 0.392857 0.360465
vt 0.410714 0.360465
vt 0.428571 0.360465
vt 0.446429 0.360465
vt 0.464286 0.360465
vt 0.482143 0.360465
vt 0.500000 0.360465
vt 0.517857 0.360465
vt 0.535714 0.360465
vt 0.553571 0.360465
vt 0.571429 0.360465
vt 0.589286 0.360465
vt 0.607143 0.360465
vt 0.625000 0.360465
vt 0.642857 0.360465
vt 0.660714 0.360465
vt 0.678571 0.360465
vt 0.696429 0.360465
vt 0.714286 0.360465
vt 0.732143 0.360465
vt 0.750000 0.360465
vt 0.767857 0.360465
vt 0.785714 0.360465
vt 0.803571 0.360465
vt 0.821429 0.360465
vt 0.839286 0.360465
vt 0.857143 0.360465
vt 0.875000 0.360465
vt 0.892857 0.360465
vt 0.910714 0.360465
vt 0.928571 0.360465
vt 0.946429 0.360465
vt 0.964286 0.360465
vt 0.982143 0.360465
vt 0.000000 0.348837
vt 0.017857 0.348837
vt 0.035714 0.348837
vt 0.053571 0.348837
vt 0.071429 0.348837
vt 0.089286 0.348837
vt 0.107143 0.348837
vt 0.125000 0.348837
vt 0.142857 0.348837
vt 0.160714 0.348837
vt 0.178571 0.348837
vt 0.196429 0.348837
vt 0.214286 0.348837
vt 0.232143 0.348837
vt 0.250000 0.348837
vt 0.267857 0.348837
vt 0.285714 0.348837
vt 0.303571 0.348837
vt 0.321429 0.348837
vt 0.339286 0.348837
vt 0.357143 0.348837
vt 0.375000 0.348837
vt 0.392857 0.348837
vt 0.410714 0.348837
vt 0.428571 0.348837
vt 0.446429 0.348837
vt 0.464286 0.348837
vt 0.482143 0.348837
vt 0.500000 0.348837
vt 0.517857 0.348837
vt 0.535714 0.348837
vt 0.553571 0.348837
vt 0.571429 0.348837
vt 0.589286 0.348837
vt 0.607143 0.348837
vt 0.625000 0.348837
vt 0.642857 0.348837
vt 0.660714 0.348837
vt 0.678571 0.348837
vt 0.696429 0.348837
vt 0.714286 0.348837
vt 0.732143 0.348837
vt 0.750000 0.348837
vt 0.767857 0.348837
vt 0.785714 0.348837
vt 0.803571 0.348837
vt 0.821429 0.348837
vt 0.839286 0.348837
vt 0.857143 0.348837
vt 0.875000 0.348837
vt 0.892857 0.348837
vt 0.910714 0.348837
vt 0.928571 0.348837
vt 0.946429 0.348837
vt 0.964286 0.348837
vt 0.982143 0.348837
vt 0.000000 0.337209
vt 0.017857 0.337209
vt 0.035714 0.337209
vt 0.053571 0.337209
vt 0.071429 0.337209
vt 0.089286 0.337209
vt 0.107143 0.337209
vt 0.125000 0.337209
vt 0.142857 0.337209
vt 0.160714 0.337209
vt 0.178571 0.337209
vt 0.196429 0.337209
vt 0.214286 0.337209
vt 0.232143 0.337209
vt 0.250000 0.337209
vt 0.267857 0.337209
vt 0.285714 0.337209
vt 0.303571 0.337209
vt 0.321429 0.337209
vt 0.339286 0.337209
vt 0.357143 0.337209
vt 0.375000 0.337209
vt 0.392857 0.337209
vt 0.410714 0.337209
vt 0.428571 0.337209
vt 0.446429 0.337209
vt 0.464286 0.337209
vt 0.482143 0.337209
vt 0.500000 0.337209
vt 0.517857 0.337209
vt 0.535714 0.337209
vt 0.553571 0.337209
vt 0.571429 0.337209
vt 0.589286 0.337209
vt 0.607143 0.337209
vt 0.625000 0.337209
vt 0.642857 0.337209
vt 0.660714 0.337209
vt 0.678571 0.337209
vt 0.696429 0.337209
vt 0.714286 0.337209
vt 0.732143 0.337209
vt 0.750000 0.337209
vt 0.767857 0.337209
vt 0.785714 0.337209
vt 0.803571 0.337209
vt 0.821429 0.337209
vt 0.839286 0.337209
vt 0.857143 0.337209
vt 0.875000 0.337209
vt 0.892857 0.337209
vt 0.910714 0.337209
vt 0.928571 0.337209
vt 0.946429 0.337209
vt 0.964286 0.337209
vt 0.982143 0.337209
vt 0.000000 0.325581
vt 0.017857 0.325581
vt 0.035714 0.325581
vt 0.053571 0.325581
vt 0.071429 0.325581
vt 0.089286 0.325581
vt 0.107143 0.325581
vt 0.125000 0.325581
vt 0.142857 0.325581
vt 0.160714 0.325581
vt 0.178571 0.325581
vt 0.196429 0.325581
vt 0.214286 0.325581
vt 0.232143 0.325581
vt 0.250000 0.325581
vt 0.267857 0.325581
vt 0.285714 0.325581
vt 0.303571 0.325581
vt 0.321429 0.325581
vt 0.339286 0.325581
vt 0.357143 0.325581
vt 0.375000 0.325581
vt 0.392857 0.325581
vt 0.410714 0.325581
vt 0.428571 0.325581
vt 0.446429 0.325581
vt 0.464286 0.325581
vt 0.482143 0.325581
vt 0.500000 0.325581
vt 0.517857 0.325581
vt 0.535714 0.325581
vt 0.553571 0.325581
vt 0.571429 0.325581
vt 0.589286 0.325581
vt 0.607143 0.325581
vt 0.625000 0.325581
vt 0.642857 0.325581
vt 0.660714 0.325581
vt 0.678571 0.325581
vt 0.696429 0.325581
vt 0.714286 0.325581
vt 0.732143 0.325581
vt 0.750000 0.325581
vt 0.767857 0.325581
vt 0.785714 0.325581
vt 0.803571 0.325581
vt 0.821429 0.325581
vt 0.839286 0.325581
vt 0.857143 0.325581
vt 0.875000 0.325581
vt 0.892857 0.325581
vt 0.910714 0.325581
vt 0.928571 0.325581
vt 0.946429 0.325581
vt 0.964286 0.325581
vt 0.982143 0.325581
vt 0.000000 0.313953
vt 0.017857 0.313953
vt 0.035714 0.313953
vt 0.053571 0.313953
vt 0.071429 0.313953
vt 0.089286 0.313953
vt 0.107143 0.313953
vt 0.125000 0.313953
vt 0.142857 0.313953
vt 0.160714 0.313953
vt 0.178571 0.313953
vt 0.196429 0.313953
vt 0.214286 0.313953
vt 0.232143 0.313953
vt 0.250000 0.313953
vt 0.267857 0.313953
vt 0.285714 0.313953
vt 0.303571 0.313953
vt 0.321429 0.313953
vt 0.339286 0.313953
vt 0.357143 0.313953
vt 0.375000 0.313953
vt 0.392857 0.313953
vt 0.410714 0.313953
vt 0.428571 0.313953
vt 0.446429 0.313953
vt 0.464286 0.313953
vt 0.482143 0.313953
vt 0.500000 0.313953
vt 0.517857 0.313953
vt 0.535714 0.313953
vt 0.553571 0.313953
vt 0.571429 0.313953
vt 0.589286 0.313953
vt 0.607143 0.313953
vt 0.625000 0.313953
vt 0.642857 0.313953
vt 0.660714 0.313953
vt 0.678571 0.313953
vt 0.696429 0.313953
vt 0.714286 0.313953
vt 0.732143 0.313953
vt 0.750000 0.313953
vt 0.767857 0.313953
vt 0.785714 0.313953
vt 0.803571 0.313953
vt 0.821429 0.313953
vt 0.839286 0.313953
vt 0.857143 0.313953
vt 0.875000 0.313953
vt 0.892857 0.313953
vt 0.910714 0.313953
vt 0.928571 0.313953
vt 0.946429 0.313953
vt 0.964286 0.313953
vt 0.982143 0.313953
vt 0.000000 0.302326
vt 0.017857 0.302326
vt 0.035714 0.302326
vt 0.053571 0.302326
vt 0.071429 0.302326
vt 0.089286 0.302326
vt 0.107143 0.302326
vt 0.125000 0.302326
vt 0.142857 0.302326
vt 0.160714 0.302326
vt 0.178571 0.302326
vt 0.196429 0.302326
vt 0.214286 0.302326
vt 0.232143 0.302326
vt 0.250000 0.302326
vt 0.267857 0.302326
vt 0.285714 0.302326
vt 0.303571 0.302326
vt 0.321429 0.302326
vt 0.339286 0.302326
vt 0.357143 0.302326
vt 0.375000 0.302326
vt 0.392857 0.302326
vt 0.410714 0.302326
vt 0.428571 0.302326
vt 0.446429 0.302326
vt 0.464286 0.302326
vt 0.482143 0.302326
vt 0.500000 0.302326
vt 0.517857 0.302326
vt 0.535714 0.302326
vt 0.553571 0.302326
vt 0.571429 0.302326
vt 0.589286 0.302326
vt 0.607143 0.302326
vt 0.625000 0.302326
vt 0.642857 0.302326
vt 0.660714 0.302326
vt 0.678571 0.302326
vt 0.696429 0.302326
vt 0.714286 0.302326
vt 0.732143 0.302326
vt 0.750000 0.302326
vt 0.767857 0.302326
vt 0.785714 0.302326
vt 0.803571 0.302326
vt 0.821429 0.302326
vt 0.839286 0.302326
vt 0.857143 0.302326
vt 0.875000 0.302326
vt 0.892857 0.302326
vt 0.910714 0.302326
vt 0.928571 0.302326
vt 0.946429 0.302326
vt 0.964286 0.302326
vt 0.982143 0.302326
vt 0.000000 0.290698
vt 0.017857 0.290698
vt 0.035714 0.290698
vt 0.053571 0.290698
vt 0.071429 0.290698
vt 0.089286 0.290698
vt 0.107143 0.290698
vt 0.125000 0.290698
vt 0.142857 0.290698
vt 0.160714 0.290698
vt 0.178571 0.290698
vt 0.196429 0.290698
vt 0.214286 0.290698
vt 0.232143 0.290698
vt 0.250000 0.290698
vt 0.267857 0.290698
vt 0.285714 0.290698
vt 0.303571 0.290698
vt 0.321429 0.290698
vt 0.339286 0.290698
vt 0.357143 0.290698
vt 0.375000 0.290698
vt 0.392857 0.290698
vt 0.410714 0.290698
vt 0.428571 0.290698
vt 0.446429 0.290698
vt 0.464286 0.290698
vt 0.482143 0.290698
vt 0.500000 0.290698
vt 0.517857 0.290698
vt 0.535714 0.290698
vt 0.553571 0.290698
vt 0.571429 0.290698
vt 0.589286 0.290698
vt 0.607143 0.290698
vt 0.625000 0.290698
vt 0.642857 0.290698
vt 0.660714 0.290698
vt 0.678571 0.290698
vt 0.696429 0.290698
vt 0.714286 0.290698
vt 0.732143 0.290698
vt 0.750000 0.290698
vt 0.767857 0.290698
vt 0.785714 0.290698
vt 0.803571 0.290698
vt 0.821429 0.290698
vt 0.839286 0.290698
vt 0.857143 0.290698
vt 0.875000 0.290698
vt 0.892857 0.290698
vt 0.910714 0.290698
vt 0.928571 0.290698
vt 0.946429 0.290698
vt 0.964286 0.290698
vt 0.982143 0.290698
vt 0.000000 0.279070
vt 0.017857 0.279070
vt 0.035714 0.279070
vt 0.053571 0.279070
vt 0.071429 0.279070
vt 0.089286 0.279070
vt 0.107143 0.279070
vt 0.125000 0.279070
vt 0.142857 0.279070
vt 0.160714 0.279070
vt 0.178571 0.279070
vt 0.196429 0.279070
vt 0.214286 0.279070
vt 0.232143 0.279070
vt 0.250000 0.279070
vt 0.267857 0.279070
vt 0.285714 0.279070
vt 0.303571 0.279070
vt 0.321429 0.279070
vt 0.339286 0.279070
vt 0.357143 0.279070
vt 0.375000 0.279070
vt 0.392857 0.279070
vt 0.410714 0.279070
vt 0.428571 0.279070
vt 0.446429 0.279070
vt 0.464286 0.279070
vt 0.482143 0.279070
vt 0.500000 0.279070
vt 0.517857 0.279070
vt 0.535714 0.279070
vt 0.553571 0.279070
vt 0.571429 0.279070
vt 0.589286 0.279070
vt 0.607143 0.279070
vt 0.625000 0.279070
vt 0.642857 0.279070
vt 0.660714 0.279070
vt 0.678571 0.279070
vt 0.696429 0.279070
vt 0.714286 0.279070
vt 0.732143 0.279070
vt 0.750000 0.279070
vt 0.767857 0.279070
vt 0.785714 0.279070
vt 0.803571 0.279070
vt 0.821429 0.279070
vt 0.839286 0.279070
vt 0.857143 0.279070
vt 0.875000 0.279070
vt 0.892857 0.279070
vt 0.910714 0.279070
vt 0.928571 0.279070
vt 0.946429 0.279070
vt 0.964286 0.279070
vt 0.982143 0.279070
vt 0.000000 0.267442
vt 0.017857 0.267442
vt 0.035714 0.267442
vt 0.053571 0.267442
vt 0.071429 0.267442
vt 0.089286 0.267442
vt 0.107143 0.267442
vt 0.125000 0.267442
vt 0.142857 0.267442
vt 0.160714 0.267442
vt 0.178571 0.267442
vt 0.196429 0.267442
vt 0.214286 0.267442
vt 0.232143 0.267442
vt 0.250000 0.267442
vt 0.267857 0.267442
vt 0.285714 0.267442
vt 0.303571 0.267442
vt 0.321429 0.267442
vt 0.339286 0.267442
vt 0.357143 0.267442
vt 0.375000 0.267442
vt 0.392857 0.267442
vt 0.410714 0.267442
vt 0.428571 0.267442
vt 0.446429 0.267442
vt 0.464286 0.267442
vt 0.482143 0.267442
vt 0.500000 0.267442
vt 0.517857 0.267442
vt 0.535714 0.267442
vt 0.553571 0.267442
vt 0.571429 0.267442
vt 0.589286 0.267442
vt 0.607143 0.267442
vt 0.625000 0.267442
vt 0.642857 0.267442
vt 0.660714 0.267442
vt 0.678571 0.267442
vt 0.696429 0.267442
vt 0.714286 0.267442
vt 0.732143 0.267442
vt 0.750000 0.267442
vt 0.767857 0.267442
vt 0.785714 0.267442
vt 0.803571 0.267442
vt 0.821429 0.267442
vt 0.839286 0.267442
vt 0.857143 0.267442
vt 0.875000 0.267442
vt 0.892857 0.267442
vt 0.910714 0.267442
vt 0.928571 0.267442
vt 0.946429 0.267442
vt 0.964286 0.267442
vt 0.982143 0.267442
vt 0.000000 0.255814
vt 0.017857 0.255814
vt 0.035714 0.255814
vt 0.053571 0.255814
vt 0.071429 0.255814
vt 0.089286 0.255814
vt 0.107143 0.255814
vt 0.125000 0.255814
vt 0.142857 0.255814
vt 0.160714 0.255814
vt 0.178571 0.255814
vt 0.196429 0.255814
vt 0.214286 0.255814
vt 0.232143 0.255814
vt 0.250000 0.255814
vt 0.267857 0.255814
vt 0.285714 0.255814
vt 0.303571 0.255814
vt 0.321429 0.255814
vt 0.339286 0.255814
vt 0.357143 0.255814
vt 0.375000 0.255814
vt 0.392857 0.255814
vt 0.410714 0.255814
vt 0.428571 0.255814
vt 0.446429 0.255814
vt 0.464286 0.255814
vt 0.482143 0.255814
vt 0.500000 0.255814
vt 0.517857 0.255814
vt 0.535714 0.255814
vt 0.553571 0.255814
vt 0.571429 0.255814
vt 0.589286 0.255814
vt 0.607143 0.255814
vt 0.625000 0.255814
vt 0.642857 0.255814
vt 0.660714 0.255814
vt 0.678571 0.255814
vt 0.696429 0.255814
vt 0.714286 0.255814
vt 0.732143 0.255814
vt 0.750000 0.255814
vt 0.767857 0.255814
vt 0.785714 0.255814
vt 0.803571 0.255814
vt 0.821429 0.255814
vt 0.839286 0.255814
vt 0.857143 0.255814
vt 0.875000 0.255814
vt 0.892857 0.255814
vt 0.910714 0.255814
vt 0.928571 0.255814
vt 0.946429 0.255814
vt 0.964286 0.255814
vt 0.982143 0.255814
vt 0.000000 0.244186
vt 0.017857 0.244186
vt 0.035714 0.244186
vt 0.053571 0.244186
vt 0.071429 0.244186
vt 0.089286 0.244186
vt 0.107143 0.244186
vt 0.125000 0.244186
vt 0.142857 0.244186
vt 0.160714 0.244186
vt 0.178571 0.244186
vt 0.196429 0.244186
vt 0.214286 0.244186
vt 0.232143 0.244186
vt 0.250000 0.244186
vt 0.267857 0.244186
vt 0.285714 0.244186
vt 0.303571 0.244186
vt 0.321429 0.244186
vt 0.339286 0.244186
vt 0.357143 0.244186
vt 0.375000 0.244186
vt 0.392857 0.244186
vt 0.410714 0.244186
vt 0.428571 0.244186
vt 0.446429 0.244186
vt 0.464286 0.244186
vt 0.482143 0.244186
vt 0.500000 0.244186
vt 0.517857 0.244186
vt 0.535714 0.244186
vt 0.553571 0.244186
vt 0.571429 0.244186
vt 0.589286 0.244186
vt 0.607143 0.244186
vt 0.625000 0.244186
vt 0.642857 0.244186
vt 0.660714 0.244186
vt 0.678571 0.244186
vt 0.696429 0.244186
vt 0.714286 0.244186
vt 0.732143 0.244186
vt 0.750000 0.244186
vt 0.767857 0.244186
vt 0.785714 0.244186
vt 0.803571 0.244186
vt 0.821429 0.244186
vt 0.839286 0.244186
vt 0.857143 0.244186
vt 0.875000 0.244186
vt 0.892857 0.244186
vt 0.910714 0.244186
vt 0.928571 0.244186
vt 0.946429 0.244186
vt 0.964286 0.244186
vt 0.982143 0.244186
vt 0.000000 0.232558
vt 0.017857 0.232558
vt 0.035714 0.232558
vt 0.053571 0.232558
vt 0.071429 0.232558
vt 0.089286 0.232558
vt 0.107143 0.232558
vt 0.125000 0.232558
vt 0.142857 0.232558
vt 0.160714 0.232558
vt 0.178571 0.232558
vt 0.196429 0.232558
vt 0.214286 0.232558
vt 0.232143 0.232558
vt 0.250000 0.232558
vt 0.267857 0.232558
vt 0.285714 0.232558
vt 0.303571 0.232558
vt 0.321429 0.232558
vt 0.339286 0.232558
vt 0.357143 0.232558
vt 0.375000 0.232558
vt 0.392857 0.232558
vt 0.410714 0.232558
vt 0.428571 0.232558
vt 0.446429 0.232558
vt 0.464286 0.232558
vt 0.482143 0.232558
vt 0.500000 0.232558
vt 0.517857 0.232558
vt 0.535714 0.232558
vt 0.553571 0.232558
vt 0.571429 0.232558
vt 0.589286 0.232558
vt 0.607143 0.232558
vt 0.625000 0.232558
vt 0.642857 0.232558
vt 0.660714 0.232558
vt 0.678571 0.232558
vt 0.696429 0.232558
vt 0.714286 0.232558
vt 0.732143 0.232558
vt 0.750000 0.232558
vt 0.767857 0.232558
vt 0.785714 0.232558
vt 0.803571 0.232558
vt 0.821429 0.232558
vt 0.839286 0.232558
vt 0.857143 0.232558
vt 0.875000 0.232558
vt 0.892857 0.232558
vt 0.910714 0.232558
vt 0.928571 0.232558
vt 0.946429 0.232558
vt 0.964286 0.232558
vt 0.982143 0.232558
vt 0.000000 0.220930
vt 0.017857 0.220930
vt 0.035714 0.220930
vt 0.053571 0.220930
vt 0.071429 0.220930
vt 0.089286 0.220930
vt 0.107143 0.220930
vt 0.125000 0.220930
vt 0.142857 0.220930
vt 0.160714 0.220930
vt 0.178571 0.220930
vt 0.196429 0.220930
vt 0.214286 0.220930
vt 0.232143 0.220930
vt 0.250000 0.220930
vt 0.267857 0.220930
vt 0.285714 0.220930
vt 0.303571 0.220930
vt 0.321429 0.220930
vt 0.339286 0.220930
vt 0.357143 0.220930
vt 0.375000 0.220930
vt 0.392857 0.220930
vt 0.410714 0.220930
vt 0.428571 0.220930
vt 0.446429 0.220930
vt 0.464286 0.220930
vt 0.482143 0.220930
vt 0.500000 0.220930
vt 0.517857 0.220930
vt 0.535714 0.220930
vt 0.553571 0.220930
vt 0.571429 0.220930
vt 0.589286 0.220930
vt 0.607143 0.220930
vt 0.625000 0.220930
vt 0.642857 0.220930
vt 0.660714 0.220930
vt 0.678571 0.220930
vt 0.696429 0.220930
vt 0.714286 0.220930
vt 0.732143 0.220930
vt 0.750000 0.220930
vt 0.767857 0.220930
vt 0.785714 0.220930
vt 0.803571 0.220930
vt 0.821429 0.220930
vt 0.839286 0.220930
vt 0.857143 0.220930
vt 0.875000 0.220930
vt 0.892857 0.220930
vt 0.910714 0.220930
vt 0.928571 0.220930
vt 0.946429 0.220930
vt 0.964286 0.220930
vt 0.982143 0.220930
vt 0.000000 0.209302
vt 0.017857 0.209302
vt 0.035714 0.209302
vt 0.053571 0.209302
vt 0.071429 0.209302
vt 0.089286 0.209302
vt 0.107143 0.209302
vt 0.125000 0.209302
vt 0.142857 0.209302
vt 0.160714 0.209302
vt 0.178571 0.209302
vt 0.196429 0.209302
vt 0.214286 0.209302
vt 0.232143 0.209302
vt 0.250000 0.209302
vt 0.267857 0.209302
vt 0.285714 0.209302
vt 0.303571 0.209302
vt 0.321429 0.209302
vt 0.339286 0.209302
vt 0.357143 0.209302
vt 0.375000 0.209302
vt 0.392857 0.209302
vt 0.410714 0.209302
vt 0.428571 0.209302
vt 0.446429 0.209302
vt 0.464286 0.209302
vt 0.482143 0.209302
vt 0.500000 0.209302
vt 0.517857 0.209302
vt 0.535714 0.209302
vt 0.553571 0.209302
vt 0.571429 0.209302
vt 0.589286 0.209302
vt 0.607143 0.209302
vt 0.625000 0.209302
vt 0.642857 0.209302
vt 0.660714 0.209302
vt 0.678571 0.209302
vt 0.696429 0.209302
vt 0.714286 0.209302
vt 0.732143 0.209302
vt 0.750000 0.209302
vt 0.767857 0.209302
vt 0.785714 0.209302
vt 0.803571 0.209302
vt 0.821429 0.209302
vt 0.839286 0.209302
vt 0.857143 0.209302
vt 0.875000 0.209302
vt 0.892857 0.209302
vt 0.910714 0.209302
vt 0.928571 0.209302
vt 0.946429 0.209302
vt 0.964286 0.209302
vt 0.982143 0.209302
vt 0.000000 0.197674
vt 0.017857 0.197674
vt 0.035714 0.197674
vt 0.053571 0.197674
vt 0.071429 0.197674
vt 0.089286 0.197674
vt 0.107143 0.197674
vt 0.125000 0.197674
vt 0.142857 0.197674
vt 0.160714 0.197674
vt 0.178571 0.197674
vt 0.196429 0.197674
vt 0.214286 0.197674
vt 0.232143 0.197674
vt 0.250000 0.197674
vt 0.267857 0.197674
vt 0.285714 0.197674
vt 0.303571 0.197674
vt 0.321429 0.197674
vt 0.339286 0.197674
vt 0.357143 0.197674
vt 0.375000 0.197674
vt 0.392857 0.197674
vt 0.410714 0.197674
vt 0.428571 0.197674
vt 0.446429 0.197674
vt 0.464286 0.197674
vt 0.482143 0.197674
vt 0.500000 0.197674
vt 0.517857 0.197674
vt 0.535714 0.197674
vt 0.553571 0.197674
vt 0.571429 0.197674
vt 0.589286 0.197674
vt 0.607143 0.197674
vt 0.625000 0.197674
vt 0.642857 0.197674
vt 0.660714 0.197674
vt 0.678571 0.197674
vt 0.696429 0.197674
vt 0.714286 0.197674
vt 0.732143 0.197674
vt 0.750000 0.197674
vt 0.767857 0.197674
vt 0.785714 0.197674
vt 0.803571 0.197674
vt 0.821429 0.197674
vt 0.839286 0.197674
vt 0.857143 0.197674
vt 0.875000 0.197674
vt 0.892857 0.197674
vt 0.910714 0.197674
vt 0.928571 0.197674
vt 0.946429 0.197674
vt 0.964286 0.197674
vt 0.982143 0.197674
vt 0.000000 0.186047
vt 0.017857 0.186047
vt 0.035714 0.186047
vt 0.053571 0.186047
vt 0.071429 0.186047
vt 0.089286 0.186047
vt 0.107143 0.186047
vt 0.125000 0.186047
vt 0.142857 0.186047
vt 0.160714 0.186047
vt 0.178571 0.186047
vt 0.196429 0.186047
vt 0.214286 0.186047
vt 0.232143 0.186047
vt 0.250000 0.186047
vt 0.267857 0.186047
vt 0.285714 0.186047
vt 0.303571 0.186047
vt 0.321429 0.186047
vt 0.339286 0.186047
vt 0.357143 0.186047
vt 0.375000 0.186047
vt 0.392857 0.186047
vt 0.410714 0.186047
vt 0.428571 0.186047
vt 0.446429 0.186047
vt 0.464286 0.186047
vt 0.482143 0.186047
vt 0.500000 0.186047
vt 0.517857 0.186047
vt 0.535714 0.186047
vt 0.553571 0.186047
vt 0.571429 0.186047
vt 0.589286 0.186047
vt 0.607143 0.186047
vt 0.625000 0.186047
vt 0.642857 0.186047
vt 0.660714 0.186047
vt 0.678571 0.186047
vt 0.696429 0.186047
vt 0.714286 0.186047
vt 0.732143 0.186047
vt 0.750000 0.186047
vt 0.767857 0.186047
vt 0.785714 0.186047
vt 0.803571 0.186047
vt 0.821429 0.186047
vt 0.839286 0.186047
vt 0.857143 0.186047
vt 0.875000 0.186047
vt 0.892857 0.186047
vt 0.910714 0.186047
vt 0.928571 0.186047
vt 0.946429 0.186047
vt 0.964286 0.186047
vt 0.982143 0.186047
vt 0.000000 0.174419
vt 0.017857 0.174419
vt 0.035714 0.174419
vt 0.053571 0.174419
vt 0.071429 0.174419
vt 0.089286 0.174419
vt 0.107143 0.174419
vt 0.125000 0.174419
vt 0.142857 0.174419
vt 0.160714 0.174419
vt 0.178571 0.174419
vt 0.196429 0.174419
vt 0.214286 0.174419
vt 0.232143 0.174419
vt 0.250000 0.174419
vt 0.267857 0.174419
vt 0.285714 0.174419
vt 0.303571 0.174419
vt 0.321429 0.174419
vt 0.339286 0.174419
vt 0.357143 0.174419
vt 0.375000 0.174419
vt 0.392857 0.174419
vt 0.410714 0.174419
vt 0.428571 0.174419
vt 0.446429 0.174419
vt 0.464286 0.174419
vt 0.482143 0.174419
vt 0.500000 0.174419
vt 0.517857 0.174419
vt 0.535714 0.174419
vt 0.553571 0.174419
vt 0.571429 0.174419
vt 0.589286 0.174419
vt 0.607143 0.174419
vt 0.625000 0.174419
vt 0.642857 0.174419
vt 0.660714 0.174419
vt 0.678571 0.174419
vt 0.696429 0.174419
vt 0.714286 0.174419
vt 0.732143 0.174419
vt 0.750000 0.174419
vt 0.767857 0.174419
vt 0.785714 0.174419
vt 0.803571 0.174419
vt 0.821429 0.174419
vt 0.839286 0.174419
vt 0.857143 0.174419
vt 0.875000 0.174419
vt 0.892857 0.174419
vt 0.910714 0.174419
vt 0.928571 0.174419
vt 0.946429 0.174419
vt 0.964286 0.174419
vt 0.982143 0.174419
vt 0.000000 0.162791
vt 0.017857 0.162791
vt 0.035714 0.162791
vt 0.053571 0.162791
vt 0.071429 0.162791
vt 0.089286 0.162791
vt 0.107143 0.162791
vt 0.125000 0.162791
vt 0.142857 0.162791
vt 0.160714 0.162791
vt 0.178571 0.162791
vt 0.196429 0.162791
vt 0.214286 0.162791
vt 0.232143 0.162791
vt 0.250000 0.162791
vt 0.267857 0.162791
vt 0.285714 0.162791
vt 0.303571 0.162791
vt 0.321429 0.162791
vt 0.339286 0.162791
vt 0.357143 0.162791
vt 0.375000 0.162791
vt 0.392857 0.162791
vt 0.410714 0.162791
vt 0.428571 0.162791
vt 0.446429 0.162791
vt 0.464286 0.162791
vt 0.482143 0.162791
vt 0.500000 0.162791
vt 0.517857 0.162791
vt 0.535714 0.162791
vt 0.553571 0.162791
vt 0.571429 0.162791
vt 0.589286 0.162791
vt 0.607143 0.162791
vt 0.625000 0.162791
vt 0.642857 0.162791
vt 0.660714 0.162791
vt 0.678571 0.162791
vt 0.696429 0.162791
vt 0.714286 0.162791
vt 0.732143 0.162791
vt 0.750000 0.162791
vt 0.767857 0.162791
vt 0.785714 0.162791
vt 0.803571 0.162791
vt 0.821429 0.162791
vt 0.839286 0.162791
vt 0.857143 0.162791
vt 0.875000 0.162791
vt 0.892857 0.162791
vt 0.910714 0.162791
vt 0.928571 0.162791
vt 0.946429 0.162791
vt 0.964286 0.162791
vt 0.982143 0.162791
vt 0.000000 0.151163
vt 0.017857 0.151163
vt 0.035714 0.151163
vt 0.053571 0.151163
vt 0.071429 0.151163
vt 0.089286 0.151163
vt 0.107143 0.151163
vt 0.125000 0.151163
vt 0.142857 0.151163
vt 0.160714 0.151163
vt 0.178571 0.151163
vt 0.196429 0.151163
vt 0.214286 0.151163
vt 0.232143 0.151163
vt 0.250000 0.151163
vt 0.267857 0.151163
vt 0.285714 0.151163
vt 0.303571 0.151163
vt 0.321429 0.151163
vt 0.339286 0.151163
vt 0.357143 0.151163
vt 0.375000 0.151163
vt 0.392857 0.151163
vt 0.410714 0.151163
vt 0.428571 0.151163
vt 0.446429 0.151163
vt 0.464286 0.151163
vt 0.482143 0.151163
vt 0.500000 0.151163
vt 0.517857 0.151163
vt 0.535714 0.151163
vt 0.553571 0.151163
vt 0.571429 0.151163
vt 0.589286 0.151163
vt 0.607143 0.151163
vt 0.625000 0.151163
vt 0.642857 0.151163
vt 0.660714 0.151163
vt 0.678571 0.151163
vt 0.696429 0.151163
vt 0.714286 0.151163
vt 0.732143 0.151163
vt 0.750000 0.151163
vt 0.767857 0.151163
vt 0.785714 0.151163
vt 0.803571 0.151163
vt 0.821429 0.151163
vt 0.839286 0.151163
vt 0.857143 0.151163
vt 0.875000 0.151163
vt 0.892857 0.151163
vt 0.910714 0.151163
vt 0.928571 0.151163
vt 0.946429 0.151163
vt 0.964286 0.151163
vt 0.982143 0.151163
vt 0.000000 0.139535
vt 0.017857 0.139535
vt 0.035714 0.139535
vt 0.053571 0.139535
vt 0.071429 0.139535
vt 0.089286 0.139535
vt 0.107143 0.139535
vt 0.125000 0.139535
vt 0.142857 0.139535
vt 0.160714 0.139535
vt 0.178571 0.139535
vt 0.196429 0.139535
vt 0.214286 0.139535
vt 0.232143 0.139535
vt 0.250000 0.139535
vt 0.267857 0.139535
vt 0.285714 0.139535
vt 0.303571 0.139535
vt 0.321429 0.139535
vt 0.339286 0.139535
vt 0.357143 0.139535
vt 0.375000 0.139535
vt 0.392857 0.139535
vt 0.410714 0.139535
vt 0.428571 0.139535
vt 0.446429 0.139535
vt 0.464286 0.139535
vt 0.482143 0.139535
vt 0.500000 0.139535
vt 0.517857 0.139535
vt 0.535714 0.139535
vt 0.553571 0.139535
vt 0.571429 0.139535
vt 0.589286 0.139535
vt 0.607143 0.139535
vt 0.625000 0.139535
vt 0.642857 0.139535
vt 0.660714 0.139535
vt 0.678571 0.139535
vt 0.696429 0.139535
vt 0.714286 0.139535
vt 0.732143 0.139535
vt 0.750000 0.139535
vt 0.767857 0.139535
vt 0.785714 0.139535
vt 0.803571 0.139535
vt 0.821429 0.139535
vt 0.839286 0.139535
vt 0.857143 0.139535
vt 0.875000 0.139535
vt 0.892857 0.139535
vt 0.910714 0.139535
vt 0.928571 0.139535
vt 0.946429 0.139535
vt 0.964286 0.139535
vt 0.982143 0.139535
vt 0.000000 0.127907
vt 0.017857 0.127907
vt 0.035714 0.127907
vt 0.053571 0.127907
vt 0.071429 0.127907
vt 0.089286 0.127907
vt 0.107143 0.127907
vt 0.125000 0.127907
vt 0.142857 0.127907
vt 0.160714 0.127907
vt 0.178571 0.127907
vt 0.196429 0.127907
vt 0.214286 0.127907
vt 0.232143 0.127907
vt 0.250000 0.127907
vt 0.267857 0.127907
vt 0.285714 0.127907
vt 0.303571 0.127907
vt 0.321429 0.127907
vt 0.339286 0.127907
vt 0.357143 0.127907
vt 0.375000 0.127907
vt 0.392857 0.127907
vt 0.410714 0.127907
vt 0.428571 0.127907
vt 0.446429 0.127907
vt 0.464286 0.127907
vt 0.482143 0.127907
vt 0.500000 0.127907
vt 0.517857 0.127907
vt 0.535714 0.127907
vt 0.553571 0.127907
vt 0.571429 0.127907
vt 0.589286 0.127907
vt 0.607143 0.127907
vt 0.625000 0.127907
vt 0.642857 0.127907
vt 0.660714 0.127907
vt 0.678571 0.127907
vt 0.696429 0.127907
vt 0.714286 0.127907
vt 0.732143 0.127907
vt 0.750000 0.127907
vt 0.767857 0.127907
vt 0.785714 0.127907
vt 0.803571 0.127907
vt 0.821429 0.127907
vt 0.839286 0.127907
vt 0.857143 0.127907
vt 0.875000 0.127907
vt 0.892857 0.127907
vt 0.910714 0.127907
vt 0.928571 0.127907
vt 0.946429 0.127907
vt 0.964286 0.127907
vt 0.982143 0.127907
vt 0.000000 0.116279
vt 0.017857 0.116279
vt 0.035714 0.116279
vt 0.053571 0.116279
vt 0.071429 0.116279
vt 0.089286 0.116279
vt 0.107143 0.116279
vt 0.125000 0.116279
vt 0.142857 0.116279
vt 0.160714 0.116279
vt 0.178571 0.116279
vt 0.196429 0.116279
vt 0.214286 0.116279
vt 0.232143 0.116279
vt 0.250000 0.116279
vt 0.267857 0.116279
vt 0.285714 0.116279
vt 0.303571 0.116279
vt 0.321429 0.116279
vt 0.339286 0.116279
vt 0.357143 0.116279
vt 0.375000 0.116279
vt 0.392857 0.116279
vt 0.410714 0.116279
vt 0.428571 0.116279
vt 0.446429 0.116279
vt 0.464286 0.116279
vt 0.482143 0.116279
vt 0.500000 0.116279
vt 0.517857 0.116279
vt 0.535714 0.116279
vt 0.553571 0.116279
vt 0.571429 0.116279
vt 0.589286 0.116279
vt 0.607143 0.116279
vt 0.625000 0.116279
vt 0.642857 0.116279
vt 0.660714 0.116279
vt 0.678571 0.116279
vt 0.696429 0.116279
vt 0.714286 0.116279
vt 0.732143 0.116279
vt 0.750000 0.116279
vt 0.767857 0.116279
vt 0.785714 0.116279
vt 0.803571 0.116279
vt 0.821429 0.116279
vt 0.839286 0.116279
vt 0.857143 0.116279
vt 0.875000 0.116279
vt 0.892857 0.116279
vt 0.910714 0.116279
vt 0.928571 0.116279
vt 0.946429 0.116279
vt 0.964286 0.116279
vt 0.982143 0.116279
vt 0.000000 0.104651
vt 0.017857 0.104651
vt 0.035714 0.104651
vt 0.053571 0.104651
vt 0.071429 0.104651
vt 0.089286 0.104651
vt 0.107143 0.104651
vt 0.125000 0.104651
vt 0.142857 0.104651
vt 0.160714 0.104651
vt 0.178571 0.104651
vt 0.196429 0.104651
vt 0.214286 0.104651
vt 0.232143 0.104651
vt 0.250000 0.104651
vt 0.267857 0.104651
vt 0.285714 0.104651
vt 0.303571 0.104651
vt 0.321429 0.104651
vt 0.339286 0.104651
vt 0.357143 0.104651
vt 0.375000 0.104651
vt 0.392857 0.104651
vt 0.410714 0.104651
vt 0.428571 0.104651
vt 0.446429 0.104651
vt 0.464286 0.104651
vt 0.482143 0.104651
vt 0.500000 0.104651
vt 0.517857 0.104651
vt 0.535714 0.104651
vt 0.553571 0.104651
vt 0.571429 0.104651
vt 0.589286 0.104651
vt 0.607143 0.104651
vt 0.625000 0.104651
vt 0.642857 0.104651
vt 0.660714 0.104651
vt 0.678571 0.104651
vt 0.696429 0.104651
vt 0.714286 0.104651
vt 0.732143 0.104651
vt 0.750000 0.104651
vt 0.767857 0.104651
vt 0.785714 0.104651
vt 0.803571 0.104651
vt 0.821429 0.104651
vt 0.839286 0.104651
vt 0.857143 0.104651
vt 0.875000 0.104651
vt 0.892857 0.104651
vt 0.910714 0.104651
vt 0.928571 0.104651
vt 0.946429 0.104651
vt 0.964286 0.104651
vt 0.982143 0.104651
vt 0.000000 0.093023
vt 0.017857 0.093023
vt 0.035714 0.093023
vt 0.053571 0.093023
vt 0.071429 0.093023
vt 0.089286 0.093023
vt 0.107143 0.093023
vt 0.125000 0.093023
vt 0.142857 0.093023
vt 0.160714 0.093023
vt 0.178571 0.093023
vt 0.196429 0.093023
vt 0.214286 0.093023
vt 0.232143 0.093023
vt 0.250000 0.093023
vt 0.267857 0.093023
vt 0.285714 0.093023
vt 0.303571 0.093023
vt 0.321429 0.093023
vt 0.339286 0.093023
vt 0.357143 0.093023
vt 0.375000 0.093023
vt 0.392857 0.093023
vt 0.410714 0.093023
vt 0.428571 0.093023
vt 0.446429 0.093023
vt 0.464286 0.093023
vt 0.482143 0.093023
vt 0.500000 0.093023
vt 0.517857 0.093023
vt 0.535714 0.093023
vt 0.553571 0.093023
vt 0.571429 0.093023
vt 0.589286 0.093023
vt 0.607143 0.093023
vt 0.625000 0.093023
vt 0.642857 0.093023
vt 0.660714 0.093023
vt 0.678571 0.093023
vt 0.696429 0.093023
vt 0.714286 0.093023
vt 0.732143 0.093023
vt 0.750000 0.093023
vt 0.767857 0.093023
vt 0.785714 0.093023
vt 0.803571 0.093023
vt 0.821429 0.093023
vt 0.839286 0.093023
vt 0.857143 0.093023
vt 0.875000 0.093023
vt 0.892857 0.093023
vt 0.910714 0.093023
vt 0.928571 0.093023
vt 0.946429 0.093023
vt 0.964286 0.093023
vt 0.982143 0.093023
vt 0.000000 0.081395
vt 0.017857 0.081395
vt 0.035714 0.081395
vt 0.053571 0.081395
vt 0.071429 0.081395
vt 0.089286 0.081395
vt 0.107143 0.081395
vt 0.125000 0.081395
vt 0.142857 0.081395
vt 0.160714 0.081395
vt 0.178571 0.081395
vt 0.196429 0.081395
vt 0.214286 0.081395
vt 0.232143 0.081395
vt 0.250000 0.081395
vt 0.267857 0.081395
vt 0.285714 0.081395
vt 0.303571 0.081395
vt 0.321429 0.081395
vt 0.339286 0.081395
vt 0.357143 0.081395
vt 0.375000 0.081395
vt 0.392857 0.081395
vt 0.410714 0.081395
vt 0.428571 0.081395
vt 0.446429 0.081395
vt 0.464286 0.081395
vt 0.482143 0.081395
vt 0.500000 0.081395
vt 0.517857 0.081395
vt 0.535714 0.081395
vt 0.553571 0.081395
vt 0.571429 0.081395
vt 0.589286 0.081395
vt 0.607143 0.081395
vt 0.625000 0.081395
vt 0.642857 0.081395
vt 0.660714 0.081395
vt 0.678571 0.081395
vt 0.696429 0.081395
vt 0.714286 0.081395
vt 0.732143 0.081395
vt 0.750000 0.081395
vt 0.767857 0.081395
vt 0.785714 0.081395
vt 0.803571 0.081395
vt 0.821429 0.081395
vt 0.839286 0.081395
vt 0.857143 0.081395
vt 0.875000 0.081395
vt 0.892857 0.081395
vt 0.910714 0.081395
vt 0.928571 0.081395
vt 0.946429 0.081395
vt 0.964286 0.081395
vt 0.982143 0.081395
vt 0.000000 0.069767
vt 0.017857 0.069767
vt 0.035714 0.069767
vt 0.053571 0.069767
vt 0.071429 0.069767
vt 0.089286 0.069767
vt 0.107143 0.069767
vt 0.125000 0.069767
vt 0.142857 0.069767
vt 0.160714 0.069767
vt 0.178571 0.069767
vt 0.196429 0.069767
vt 0.214286 0.069767
vt 0.232143 0.069767
vt 0.250000 0.069767
vt 0.267857 0.069767
vt 0.285714 0.069767
vt 0.303571 0.069767
vt 0.321429 0.069767
vt 0.339286 0.069767
vt 0.357143 0.069767
vt 0.375000 0.069767
vt 0.392857 0.069767
vt 0.410714 0.069767
vt 0.428571 0.069767
vt 0.446429 0.069767
vt 0.464286 0.069767
vt 0.482143 0.069767
vt 0.500000 0.069767
vt 0.517857 0.069767
vt 0.535714 0.069767
vt 0.553571 0.069767
vt 0.571429 0.069767
vt 0.589286 0.069767
vt 0.607143 0.069767
vt 0.625000 0.069767
vt 0.642857 0.069767
vt 0.660714 0.069767
vt 0.678571 0.069767
vt 0.696429 0.069767
vt 0.714286 0.069767
vt 0.732143 0.069767
vt 0.750000 0.069767
vt 0.767857 0.069767
vt 0.785714 0.069767
vt 0.803571 0.069767
vt 0.821429 0.069767
vt 0.839286 0.069767
vt 0.857143 0.069767
vt 0.875000 0.069767
vt 0.892857 0.069767
vt 0.910714 0.069767
vt 0.928571 0.069767
vt 0.946429 0.069767
vt 0.964286 0.069767
vt 0.982143 0.069767
vt 0.000000 0.058140
vt 0.017857 0.058140
vt 0.035714 0.058140
vt 0.053571 0.058140
vt 0.071429 0.058140
vt 0.089286 0.058140
vt 0.107143 0.058140
vt 0.125000 0.058140
vt 0.142857 0.058140
vt 0.160714 0.058140
vt 0.178571 0.058140
vt 0.196429 0.058140
vt 0.214286 0.058140
vt 0.232143 0.058140
vt 0.250000 0.058140
vt 0.267857 0.058140
vt 0.285714 0.058140
vt 0.303571 0.058140
vt 0.321429 0.058140
vt 0.339286 0.058140
vt 0.357143 0.058140
vt 0.375000 0.058140
vt 0.392857 0.058140
vt 0.410714 0.058140
vt 0.428571 0.058140
vt 0.446429 0.058140
vt 0.464286 0.058140
vt 0.482143 0.058140
vt 0.500000 0.058140
vt 0.517857 0.058140
vt 0.535714 0.058140
vt 0.553571 0.058140
vt 0.571429 0.058140
vt 0.589286 0.058140
vt 0.607143 0.058140
vt 0.625000 0.058140
vt 0.642857 0.058140
vt 0.660714 0.058140
vt 0.678571 0.058140
vt 0.696429 0.058140
vt 0.714286 0.058140
vt 0.732143 0.058140
vt 0.750000 0.058140
vt 0.767857 0.058140
vt 0.785714 0.058140
vt 0.803571 0.058140
vt 0.821429 0.058140
vt 0.839286 0.058140
vt 0.857143 0.058140
vt 0.875000 0.058140
vt 0.892857 0.058140
vt 0.910714 0.058140
vt 0.928571 0.058140
vt 0.946429 0.058140
vt 0.964286 0.058140
vt 0.982143 0.058140
vt 0.000000 0.046512
vt 0.017857 0.046512
vt 0.035714 0.046512
vt 0.053571 0.046512
vt 0.071429 0.046512
vt 0.089286 0.046512
vt 0.107143 0.046512
vt 0.125000 0.046512
vt 0.142857 0.046512
vt 0.160714 0.046512
vt 0.178571 0.046512
vt 0.196429 0.046512
vt 0.214286 0.046512
vt 0.232143 0.046512
vt 0.250000 0.046512
vt 0.267857 0.046512
vt 0.285714 0.046512
vt 0.303571 0.046512
vt 0.321429 0.046512
vt 0.339286 0.046512
vt 0.357143 0.046512
vt 0.375000 0.046512
vt 0.392857 0.046512
vt 0.410714 0.046512
vt 0.428571 0.046512
vt 0.446429 0.046512
vt 0.464286 0.046512
vt 0.482143 0.046512
vt 0.500000 0.046512
vt 0.517857 0.046512
vt 0.535714 0.046512
vt 0.553571 0.046512
vt 0.571429 0.046512
vt 0.589286 0.046512
vt 0.607143 0.046512
vt 0.625000 0.046512
vt 0.642857 0.046512
vt 0.660714 0.046512
vt 0.678571 0.046512
vt 0.696429 0.046512
vt 0.714286 0.046512
vt 0.732143 0.046512
vt 0.750000 0.046512
vt 0.767857 0.046512
vt 0.785714 0.046512
vt 0.803571 0.046512
vt 0.821429 0.046512
vt 0.839286 0.046512
vt 0.857143 0.046512
vt 0.875000 0.046512
vt 0.892857 0.046512
vt 0.910714 0.046512
vt 0.928571 0.046512
vt 0.946429 0.046512
vt 0.964286 0.046512
vt 0.982143 0.046512
vt 0.000000 0.034884
vt 0.017857 0.034884
vt 0.035714 0.034884
vt 0.053571 0.034884
vt 0.071429 0.034884
vt 0.089286 0.034884
vt 0.107143 0.034884
vt 0.125000 0.034884
vt 0.142857 0.034884
vt 0.160714 0.034884
vt 0.178571 0.034884
vt 0.196429 0.034884
vt 0.214286 0.034884
vt 0.232143 0.034884
vt 0.250000 0.034884
vt 0.267857 0.034884
vt 0.285714 0.034884
vt 0.303571 0.034884
vt 0.321429 0.034884
vt 0.339286 0.034884
vt 0.357143 0.034884
vt 0.375000 0.034884
vt 0.392857 0.034884
vt 0.410714 0.034884
vt 0.428571 0.034884
vt 0.446429 0.034884
vt 0.464286 0.034884
vt 0.482143 0.034884
vt 0.500000 0.034884
vt 0.517857 0.034884
vt 0.535714 0.034884
vt 0.553571 0.034884
vt 0.571429 0.034884
vt 0.589286 0.034884
vt 0.607143 0.034884
vt 0.625000 0.034884
vt 0.642857 0.034884
vt 0.660714 0.034884
vt 0.678571 0.034884
vt 0.696429 0.034884
vt 0.714286 0.034884
vt 0.732143 0.034884
vt 0.750000 0.034884
vt 0.767857 0.034884
vt 0.785714 0.034884
vt 0.803571 0.034884
vt 0.821429 0.034884
vt 0.839286 0.034884
vt 0.857143 0.034884
vt 0.875000 0.034884
vt 0.892857 0.034884
vt 0.910714 0.034884
vt 0.928571 0.034884
vt 0.946429 0.034884
vt 0.964286 0.034884
vt 0.982143 0.034884
vt 0.000000 0.023256
vt 0.017857 0.023256
vt 0.035714 0.023256
vt 0.053571 0.023256
vt 0.071429 0.023256
vt 0.089286 0.023256
vt 0.107143 0.023256
vt 0.125000 0.023256
vt 0.142857 0.023256
vt 0.160714 0.023256
vt 0.178571 0.023256
vt 0.196429 0.023256
vt 0.214286 0.023256
vt 0.232143 0.023256
vt 0.250000 0.023256
vt 0.267857 0.023256
vt 0.285714 0.023256
vt 0.303571 0.023256
vt 0.321429 0.023256
vt 0.339286 0.023256
vt 0.357143 0.023256
vt 0.375000 0.023256
vt 0.392857 0.023256
vt 0.410714 0.023256
vt 0.428571 0.023256
vt 0.446429 0.023256
vt 0.464286 0.023256
vt 0.482143 0.023256
vt 0.500000 0.023256
vt 0.517857 0.023256
vt 0.535714 0.023256
vt 0.553571 0.023256
vt 0.571429 0.023256
vt 0.589286 0.023256
vt 0.607143 0.023256
vt 0.625000 0.023256
vt 0.642857 0.023256
vt 0.660714 0.023256
vt 0.678571 0.023256
vt 0.696429 0.023256
vt 0.714286 0.023256
vt 0.732143 0.023256
vt 0.750000 0.023256
vt 0.767857 0.023256
vt 0.785714 0.023256
vt 0.803571 0.023256
vt 0.821429 0.023256
vt 0.839286 0.023256
vt 0.857143 0.023256
vt 0.875000 0.023256
vt 0.892857 0.023256
vt 0.910714 0.023256
vt 0.928571 0.023256
vt 0.946429 0.023256
vt 0.964286 0.023256
vt 0.982143 0.023256
vt 0.000000 0.011628
vt 0.017857 0.011628
vt 0.035714 0.011628
vt 0.053571 0.011628
vt 0.071429 0.011628
vt 0.089286 0.011628
vt 0.107143 0.011628
vt 0.125000 0.011628
vt 0.142857 0.011628
vt 0.160714 0.011628
vt 0.178571 0.011628
vt 0.196429 0.011628
vt 0.214286 0.011628
vt 0.232143 0.011628
vt 0.250000 0.011628
vt 0.267857 0.011628
vt 0.285714 0.011628
vt 0.303571 0.011628
vt 0.321429 0.011628
vt 0.339286 0.011628
vt 0.357143 0.011628
vt 0.375000 0.011628
vt 0.392857 0.011628
vt 0.410714 0.011628
vt 0.428571 0.011628
vt 0.446429 0.011628
vt 0.464286 0.011628
vt 0.482143 0.011628
vt 0.500000 0.011628
vt 0.517857 0.011628
vt 0.535714 0.011628
vt 0.553571 0.011628
vt 0.571429 0.011628
vt 0.589286 0.011628
vt 0.607143 0.011628
vt 0.625000 0.011628
vt 0.642857 0.011628
vt 0.660714 0.011628
vt 0.678571 0.011628
vt 0.696429 0.011628
vt 0.714286 0.011628
vt 0.732143 0.011628
vt 0.750000 0.011628
vt 0.767857 0.011628
vt 0.785714 0.011628
vt 0.803571 0.011628
vt 0.821429 0.011628
vt 0.839286 0.011628
vt 0.857143 0.011628
vt 0.875000 0.011628
vt 0.892857 0.011628
vt 0.910714 0.011628
vt 0.928571 0.011628
vt 0.946429 0.011628
vt 0.964286 0.011628
vt 0.982143 0.011628
vt 0.000000 0.000000
vt 0.017857 0.000000
vt 0.035714 0.000000
vt 0.053571 0.000000
vt 0.071429 0.000000
vt 0.089286 0.000000
vt 0.107143 0.000000
vt 0.125000 0.000000
vt 0.142857 0.000000
vt 0.160714 0.000000
vt 0.178571 0.000000
vt 0.196429 0.000000
vt 0.214286 0.000000
vt 0.232143 0.000000
vt 0.250000 0.000000
vt 0.267857 0.000000
vt 0.285714 0.000000
vt 0.303571 0.000000
vt 0.321429 0.000000
vt 0.339286 0.000000
vt 0.357143 0.000000
vt 0.375000 0.000000
vt 0.392857 0.000000
vt 0.410714 0.000000
vt 0.428571 0.000000
vt 0.446429 0.000000
vt 0.464286 0.000000
vt 0.482143 0.000000
vt 0.500000 0.000000
vt 0.517857 0.000000
vt 0.535714 0.000000
vt 0.553571 0.000000
vt 0.571429 0.000000
vt 0.589286 0.000000
vt 0.607143 0.000000
vt 0.625000 0.000000
vt 0.642857 0.000000
vt 0.660714 0.000000
vt 0.678571 0.000000
vt 0.696429 0.000000
vt 0.714286 0.000000
vt 0.732143 0.000000
vt 0.750000 0.000000
vt 0.767857 0.000000
vt 0.785714 0.000000
vt 0.803571 0.000000
vt 0.821429 0.000000
vt 0.839286 0.000000
vt 0.857143 0.000000
vt 0.875000 0.000000
vt 0.892857 0.000000
vt 0.910714 0.000000
vt 0.928571 0.000000
vt 0.946429 0.000000
vt 0.964286 0.000000
vt 0.982143 0.000000
vt 0.000000 1.000000
vt 0.027778 1.000000
vt 0.055556 1.000000
vt 0.083333 1.000000
vt 0.111111 1.000000
vt 0.138889 1.000000
vt 0.166667 1.000000
vt 0.194444 1.000000
vt 0.222222 1.000000
vt 0.250000 1.000000
vt 0.277778 1.000000
vt 0.305556 1.000000
vt 0.333333 1.000000
vt 0.361111 1.000000
vt 0.388889 1.000000
vt 0.416667 1.000000
vt 0.444444 1.000000
vt 0.472222 1.000000
vt 0.500000 1.000000
vt 0.527778 1.000000
vt 0.555556 1.000000
vt 0.583333 1.000000
vt 0.611111 1.000000
vt 0.638889 1.000000
vt 0.666667 1.000000
vt 0.694444 1.000000
vt 0.722222 1.000000
vt 0.750000 1.000000
vt 0.777778 1.000000
vt 0.805556 1.000000
vt 0.833333 1.000000
vt 0.861111 1.000000
vt 0.888889 1.000000
vt 0.916667 1.000000
vt 0.944444 1.000000
vt 0.972222 1.000000
vt 1.000000 1.000000
vt 0.000000 0.800000
vt 0.027778 0.800000
vt 0.055556 0.800000
vt 0.083333 0.800000
vt 0.111111 0.800000
vt 0.138889 0.800000
vt 0.166667 0.800000
vt 0.194444 0.800000
vt 0.222222 0.800000
vt 0.250000 0.800000
vt 0.277778 0.800000
vt 0.305556 0.800000
vt 0.333333 0.800000
vt 0.361111 0.800000
vt 0.388889 0.800000
vt 0.416667 0.800000
vt 0.444444 0.800000
vt 0.472222 0.800000
vt 0.500000 0.800000
vt 0.527778 0.800000
vt 0.555556 0.800000
vt 0.583333 0.800000
vt 0.611111 0.800000
vt 0.638889 0.800000
vt 0.666667 0.800000
vt 0.694444 0.800000
vt 0.722222 0.800000
vt 0.750000 0.800000
vt 0.777778 0.800000
vt 0.805556 0.800000
vt 0.833333 0.800000
vt 0.861111 0.800000
vt 0.888889 0.800000
vt 0.916667 0.800000
vt 0.944444 0.800000
vt 0.972222 0.800000
vt 1.000000 0.800000
vt 0.000000 0.600000
vt 0.027778 0.600000
vt 0.055556 0.600000
vt 0.083333 0.600000
vt 0.111111 0.600000
vt 0.138889 0.600000
vt 0.166667 0.600000
vt 0.194444 0.600000
vt 0.222222 0.600000
vt 0.250000 0.600000
vt 0.277778 0.600000
vt 0.305556 0.600000
vt 0.333333 0.600000
vt 0.361111 0.600000
vt 0.388889 0.600000
vt 0.416667 0.600000
vt 0.444444 0.600000
vt 0.472222 0.600000
vt 0.500000 0.600000
vt 0.527778 0.600000
vt 0.555556 0.600000
vt 0.583333 0.600000
vt 0.611111 0.600000
vt 0.638889 0.600000
vt 0.666667 0.600000
vt 0.694444 0.600000
vt 0.722222 0.600000
vt 0.750000 0.600000
vt 0.777778 0.600000
vt 0.805556 0.600000
vt 0.833333 0.600000
vt 0.861111 0.600000
vt 0.888889 0.600000
vt 0.916667 0.600000
vt 0.944444 0.600000
vt 0.972222 0.600000
vt 1.000000 0.600000
vt 0.000000 0.400000
vt 0.027778 0.400000
vt 0.055556 0.400000
vt 0.083333 0.400000
vt 0.111111 0.400000
vt 0.138889 0.400000
vt 0.166667 0.400000
vt 0.194444 0.400000
vt 0.222222 0.400000
vt 0.250000 0.400000
vt 0.277778 0.400000
vt 0.305556 0.400000
vt 0.333333 0.400000
vt 0.361111 0.400000
vt 0.388889 0.400000
vt 0.416667 0.400000
vt 0.444444 0.400000
vt 0.472222 0.400000
vt 0.500000 0.400000
vt 0.527778 0.400000
vt 0.555556 0.400000
vt 0.583333 0.400000
vt 0.611111 0.400000
vt 0.638889 0.400000
vt 0.666667 0.400000
vt 0.694444 0.400000
vt 0.722222 0.400000
vt 0.750000 0.400000
vt 0.777778 0.400000
vt 0.805556 0.400000
vt 0.833333 0.400000
vt 0.861111 0.400000
vt 0.888889 0.400000
vt 0.916667 0.400000
vt 0.944444 0.400000
vt 0.972222 0.400000
vt 1.000000 0.400000
vt 0.000000 0.200000
vt 0.027778 0.200000
vt 0.055556 0.200000
vt 0.083333 0.200000
vt 0.111111 0.200000
vt 0.138889 0.200000
vt 0.166667 0.200000
vt 0.194444 0.200000
vt 0.222222 0.200000
vt 0.250000 0.200000
vt 0.277778 0.200000
vt 0.305556 0.200000
vt 0.333333 0.200000
vt 0.361111 0.200000
vt 0.388889 0.200000
vt 0.416667 0.200000
vt 0.444444 0.200000
vt 0.472222 0.200000
vt 0.500000 0.200000
vt 0.527778 0.200000
vt 0.555556 0.200000
vt 0.583333 0.200000
vt 0.611111 0.200000
vt 0.638889 0.200000
vt 0.666667 0.200000
vt 0.694444 0.200000
vt 0.722222 0.200000
vt 0.750000 0.200000
vt 0.777778 0.200000
vt 0.805556 0.200000
vt 0.833333 0.200000
vt 0.861111 0.200000
vt 0.888889 0.200000
vt 0.916667 0.200000
vt 0.944444 0.200000
vt 0.972222 0.200000
vt 1.000000 0.200000
vt 0.000000 0.000000
vt 0.027778 0.000000
vt 0.055556 0.000000
vt 0.083333 0.000000
vt 0.111111 0.000000
vt 0.138889 0.000000
vt 0.166667 0.000000
vt 0.194444 0.000000
vt 0.222222 0.000000
vt 0.250000 0.000000
vt 0.277778 0.000000
vt 0.305556 0.000000
vt 0.333333 0.000000
vt 0.361111 0.000000
vt 0.388889 0.000000
vt 0.416667 0.000000
vt 0.444444 0.000000
vt 0.472222 0.000000
vt 0.500000 0.000000
vt 0.527778 0.000000
vt 0.555556 0.000000
vt 0.583333 0.000000
vt 0.611111 0.000000
vt 0.638889 0.000000
vt 0.666667 0.000000
vt 0.694444 0.000000
vt 0.722222 0.000000
vt 0.750000 0.000000
vt 0.777778 0.000000
vt 0.805556 0.000000
vt 0.833333 0.000000
vt 0.861111 0.000000
vt 0.888889 0.000000
vt 0.916667 0.000000
vt 0.944444 0.000000
vt 0.972222 0.000000
vt 1.000000 0.000000
vt 0.000000 1.000000
vt 0.027778 1.000000
vt 0.055556 1.000000
vt 0.083333 1.000000
vt 0.111111 1.000000
vt 0.138889 1.000000
vt 0.166667 1.000000
vt 0.194444 1.000000
vt 0.222222 1.000000
vt 0.250000 1.000000
vt 0.277778 1.000000
vt 0.305556 1.000000
vt 0.333333 1.000000
vt 0.361111 1.000000
vt 0.388889 1.000000
vt 0.416667 1.000000
vt 0.444444 1.000000
vt 0.472222 1.000000
vt 0.500000 1.000000
vt 0.527778 1.000000
vt 0.555556 1.000000
vt 0.583333 1.000000
vt 0.611111 1.000000
vt 0.638889 1.000000
vt 0.666667 1.000000
vt 0.694444 1.000000
vt 0.722222 1.000000
vt 0.750000 1.000000
vt 0.777778 1.000000
vt 0.805556 1.000000
vt 0.833333 1.000000
vt 0.861111 1.000000
vt 0.888889 1.000000
vt 0.916667 1.000000
vt 0.944444 1.000000
vt 0.972222 1.000000
vt 1.000000 1.000000
vt 0.000000 0.800000
vt 0.027778 0.800000
vt 0.055556 0.800000
vt 0.083333 0.800000
vt 0.111111 0.800000
vt 0.138889 0.800000
vt 0.166667 0.800000
vt 0.194444 0.800000
vt 0.222222 0.800000
vt 0.250000 0.800000
vt 0.277778 0.800000
vt 0.305556 0.800000
vt 0.333333 0.800000
vt 0.361111 0.800000
vt 0.388889 0.800000
vt 0.416667 0.800000
vt 0.444444 0.800000
vt 0.472222 0.800000
vt 0.500000 0.800000
vt 0.527778 0.800000
vt 0.555556 0.800000
vt 0.583333 0.800000
vt 0.611111 0.800000
vt 0.638889 0.800000
vt 0.666667 0.800000
vt 0.694444 0.800000
vt 0.722222 0.800000
vt 0.750000 0.800000
vt 0.777778 0.800000
vt 0.805556 0.800000
vt 0.833333 0.800000
vt 0.861111 0.800000
vt 0.888889 0.800000
vt 0.916667 0.800000
vt 0.944444 0.800000
vt 0.972222 0.800000
vt 1.000000 0.800000
vt 0.000000 0.600000
vt 0.027778 0.600000
vt 0.055556 0.600000
vt 0.083333 0.600000
vt 0.111111 0.600000
vt 0.138889 0.600000
vt 0.166667 0.600000
vt 0.194444 0.600000
vt 0.222222 0.600000
vt 0.250000 0.600000
vt 0.277778 0.600000
vt 0.305556 0.600000
vt 0.333333 0.600000
vt 0.361111 0.600000
vt 0.388889 0.600000
vt 0.416667 0.600000
vt 0.444444 0.600000
vt 0.472222 0.600000
vt 0.500000 0.600000
vt 0.527778 0.600000
vt 0.555556 0.600000
vt 0.583333 0.600000
vt 0.611111 0.600000
vt 0.638889 0.600000
vt 0.666667 0.600000
vt 0.694444 0.600000
vt 0.722222 0.600000
vt 0.750000 0.600000
vt 0.777778 0.600000
vt 0.805556 0.600000
vt 0.833333 0.600000
vt 0.861111 0.600000
vt 0.888889 0.600000
vt 0.916667 0.600000
vt 0.944444 0.600000
vt 0.972222 0.600000
vt 1.000000 0.600000
vt 0.000000 0.400000
vt 0.027778 0.400000
vt 0.055556 0.400000
vt 0.083333 0.400000
vt 0.111111 0.400000
vt 0.138889 0.400000
vt 0.166667 0.400000
vt 0.194444 0.400000
vt 0.222222 0.400000
vt 0.250000 0.400000
vt 0.277778 0.400000
vt 0.305556 0.400000
vt 0.333333 0.400000
vt 0.361111 0.400000
vt 0.388889 0.400000
vt 0.416667 0.400000
vt 0.444444 0.400000
vt 0.472222 0.400000
vt 0.500000 0.400000
vt 0.527778 0.400000
vt 0.555556 0.400000
vt 0.583333 0.400000
vt 0.611111 0.400000
vt 0.638889 0.400000
vt 0.666667 0.400000
vt 0.694444 0.400000
vt 0.722222 0.400000
vt 0.750000 0.400000
vt 0.777778 0.400000
vt 0.805556 0.400000
vt 0.833333 0.400000
vt 0.861111 0.400000
vt 0.888889 0.400000
vt 0.916667 0.400000
vt 0.944444 0.400000
vt 0.972222 0.400000
vt 1.000000 0.400000
vt 0.000000 0.200000
vt 0.027778 0.200000
vt 0.055556 0.200000
vt 0.083333 0.200000
vt 0.111111 0.200000
vt 0.138889 0.200000
vt 0.166667 0.200000
vt 0.194444 0.200000
vt 0.222222 0.200000
vt 0.250000 0.200000
vt 0.277778 0.200000
vt 0.305556 0.200000
vt 0.333333 0.200000
vt 0.361111 0.200000
vt 0.388889 0.200000
vt 0.416667 0.200000
vt 0.444444 0.200000
vt 0.472222 0.200000
vt 0.500000 0.200000
vt 0.527778 0.200000
vt 0.555556 0.200000
vt 0.583333 0.200000
vt 0.611111 0.200000
vt 0.638889 0.200000
vt 0.666667 0.200000
vt 0.694444 0.200000
vt 0.722222 0.200000
vt 0.750000 0.200000
vt 0.777778 0.200000
vt 0.805556 0.200000
vt 0.833333 0.200000
vt 0.861111 0.200000
vt 0.888889 0.200000
vt 0.916667 0.200000
vt 0.944444 0.200000
vt 0.972222 0.200000
vt 1.000000 0.200000
vt 0.000000 0.000000
vt 0.027778 0.000000
vt 0.055556 0.000000
vt 0.083333 0.000000
vt 0.111111 0.000000
vt 0.138889 0.000000
vt 0.166667 0.000000
vt 0.194444 0.000000
vt 0.222222 0.000000
vt 0.250000 0.000000
vt 0.277778 0.000000
vt 0.305556 0.000000
vt 0.333333 0.000000
vt 0.361111 0.000000
vt 0.388889 0.000000
vt 0.416667 0.000000
vt 0.444444 0.000000
vt 0.472222 0.000000
vt 0.500000 0.000000
vt 0.527778 0.000000
vt 0.555556 0.000000
vt 0.583333 0.000000
vt 0.611111 0.000000
vt 0.638889 0.000000
vt 0.666667 0.000000
vt 0.694444 0.000000
vt 0.722222 0.000000
vt 0.750000 0.000000
vt 0.777778 0.000000
vt 0.805556 0.000000
vt 0.833333 0.000000
vt 0.861111 0.000000
vt 0.888889 0.000000
vt 0.916667 0.000000
vt 0.944444 0.000000
vt 0.972222 0.000000
vt 1.000000 0.000000
vt 0.000000 1.000000
vt 0.027778 1.000000
vt 0.055556 1.000000
vt 0.083333 1.000000
vt 0.111111 1.000000
vt 0.138889 1.000000
vt 0.166667 1.000000
vt 0.194444 1.000000
vt 0.222222 1.000000
vt 0.250000 1.000000
vt 0.277778 1.000000
vt 0.305556 1.000000
vt 0.333333 1.000000
vt 0.361111 1.000000
vt 0.388889 1.000000
vt 0.416667 1.000000
vt 0.444444 1.000000
vt 0.472222 1.000000
vt 0.500000 1.000000
vt 0.527778 1.000000
vt 0.555556 1.000000
vt 0.583333 1.000000
vt 0.611111 1.000000
vt 0.638889 1.000000
vt 0.666667 1.000000
vt 0.694444 1.000000
vt 0.722222 1.000000
vt 0.750000 1.000000
vt 0.777778 1.000000
vt 0.805556 1.000000
vt 0.833333 1.000000
vt 0.861111 1.000000
vt 0.888889 1.000000
vt 0.916667 1.000000
vt 0.944444 1.000000
vt 0.972222 1.000000
vt 1.000000 1.000000
vt 0.000000 0.800000
vt 0.027778 0.800000
vt 0.055556 0.800000
vt 0.083333 0.800000
vt 0.111111 0.800000
vt 0.138889 0.800000
vt 0.166667 0.800000
vt 0.194444 0.800000
vt 0.222222 0.800000
vt 0.250000 0.800000
vt 0.277778 0.800000
vt 0.305556 0.800000
vt 0.333333 0.800000
vt 0.361111 0.800000
vt 0.388889 0.800000
vt 0.416667 0.800000
vt 0.444444 0.800000
vt 0.472222 0.800000
vt 0.500000 0.800000
vt 0.527778 0.800000
vt 0.555556 0.800000
vt 0.583333 0.800000
vt 0.611111 0.800000
vt 0.638889 0.800000
vt 0.666667 0.800000
vt 0.694444 0.800000
vt 0.722222 0.800000
vt 0.750000 0.800000
vt 0.777778 0.800000
vt 0.805556 0.800000
vt 0.833333 0.800000
vt 0.861111 0.800000
vt 0.888889 0.800000
vt 0.916667 0.800000
vt 0.944444 0.800000
vt 0.972222 0.800000
vt 1.000000 0.800000
vt 0.000000 0.600000
vt 0.027778 0.600000
vt 0.055556 0.600000
vt 0.083333 0.600000
vt 0.111111 0.600000
vt 0.138889 0.600000
vt 0.166667 0.600000
vt 0.194444 0.600000
vt 0.222222 0.600000
vt 0.250000 0.600000
vt 0.277778 0.600000
vt 0.305556 0.600000
vt 0.333333 0.600000
vt 0.361111 0.600000
vt 0.388889 0.600000
vt 0.416667 0.600000
vt 0.444444 0.600000
vt 0.472222 0.600000
vt 0.500000 0.600000
vt 0.527778 0.600000
vt 0.555556 0.600000
vt 0.583333 0.600000
vt 0.611111 0.600000
vt 0.638889 0.600000
vt 0.666667 0.600000
vt 0.694444 0.600000
vt 0.722222 0.600000
vt 0.750000 0.600000
vt 0.777778 0.600000
vt 0.805556 0.600000
vt 0.833333 0.600000
vt 0.861111 0.600000
vt 0.888889 0.600000
vt 0.916667 0.600000
vt 0.944444 0.600000
vt 0.972222 0.600000
vt 1.000000 0.600000
vt 0.000000 0.400000
vt 0.027778 0.400000
vt 0.055556 0.400000
vt 0.083333 0.400000
vt 0.111111 0.400000
vt 0.138889 0.400000
vt 0.166667 0.400000
vt 0.194444 0.400000
vt 0.222222 0.400000
vt 0.250000 0.400000
vt 0.277778 0.400000
vt 0.305556 0.400000
vt 0.333333 0.400000
vt 0.361111 0.400000
vt 0.388889 0.400000
vt 0.416667 0.400000
vt 0.444444 0.400000
vt 0.472222 0.400000
vt 0.500000 0.400000
vt 0.527778 0.400000
vt 0.555556 0.400000
vt 0.583333 0.400000
vt 0.611111 0.400000
vt 0.638889 0.400000
vt 0.666667 0.400000
vt 0.694444 0.400000
vt 0.722222 0.400000
vt 0.750000 0.400000
vt 0.777778 0.400000
vt 0.805556 0.400000
vt 0.833333 0.400000
vt 0.861111 0.400000
vt 0.888889 0.400000
vt 0.916667 0.400000
vt 0.944444 0.400000
vt 0.972222 0.400000
vt 1.000000 0.400000
vt 0.000000 0.200000
vt 0.027778 0.200000
vt 0.055556 0.200000
vt 0.083333 0.200000
vt 0.111111 0.200000
vt 0.138889 0.200000
vt 0.166667 0.200000
vt 0.194444 0.200000
vt 0.222222 0.200000
vt 0.250000 0.200000
vt 0.277778 0.200000
vt 0.305556 0.200000
vt 0.333333 0.200000
vt 0.361111 0.200000
vt 0.388889 0.200000
vt 0.416667 0.200000
vt 0.444444 0.200000
vt 0.472222 0.200000
vt 0.500000 0.200000
vt 0.527778 0.200000
vt 0.555556 0.200000
vt 0.583333 0.200000
vt 0.611111 0.200000
vt 0.638889 0.200000
vt 0.666667 0.200000
vt 0.694444 0.200000
vt 0.722222 0.200000
vt 0.750000 0.200000
vt 0.777778 0.200000
vt 0.805556 0.200000
vt 0.833333 0.200000
vt 0.861111 0.200000
vt 0.888889 0.200000
vt 0.916667 0.200000
vt 0.944444 0.200000
vt 0.972222 0.200000
vt 1.000000 0.200000
vt 0.000000 0.000000
vt 0.027778 0.000000
vt 0.055556 0.000000
vt 0.083333 0.000000
vt 0.111111 0.000000
vt 0.138889 0.000000
vt 0.166667 0.000000
vt 0.194444 0.000000
vt 0.222222 0.000000
vt 0.250000 0.000000
vt 0.277778 0.000000
vt 0.305556 0.000000
vt 0.333333 0.000000
vt 0.361111 0.000000
vt 0.388889 0.000000
vt 0.416667 0.000000
vt 0.444444 0.000000
vt 0.472222 0.000000
vt 0.500000 0.000000
vt 0.527778 0.000000
vt 0.555556 0.000000
vt 0.583333 0.000000
vt 0.611111 0.000000
vt 0.638889 0.000000
vt 0.666667 0.000000
vt 0.694444 0.000000
vt 0.722222 0.000000
vt 0.750000 0.000000
vt 0.777778 0.000000
vt 0.805556 0.000000
vt 0.833333 0.000000
vt 0.861111 0.000000
vt 0.888889 0.000000
vt 0.916667 0.000000
vt 0.944444 0.000000
vt 0.972222 0.000000
vt 1.000000 0.000000
vn 1.000000 0.000000 0.000000
vn 0.993712 0.000000 0.111964
vn 0.974928 0.000000 0.222521
vn 0.943883 0.000000 0.330279
vn 0.900969 0.000000 0.433884
vn 0.846724 0.000000 0.532032
vn 0.781831 0.000000 0.623490
vn 0.707107 0.000000 0.707107
vn 0.623490 0.000000 0.781831
vn 0.532032 0.000000 0.846724
vn 0.433884 0.000000 0.900969
vn 0.330279 0.000000 0.943883
vn 0.222521 0.000000 0.974928
vn 0.111964 0.000000 0.993712
vn 0.000000 0.000000 1.000000
vn -0.111964 0.000000 0.993712
vn -0.222521 0.000000 0.974928
vn -0.330279 0.000000 0.943883
vn -0.433884 0.000000 0.900969
vn -0.532032 0.000000 0.846724
vn -0.623490 0.000000 0.781831
vn -0.707107 0.000000 0.707107
vn -0.781831 0.000000 0.623490
vn -0.846724 0.000000 0.532032
vn -0.900969 0.000000 0.433884
vn -0.943883 0.000000 0.330279
vn -0.974928 0.000000 0.222521
vn -0.993712 0.000000 0.111964
vn -1.000000 0.000000 0.000000
vn -0.993712 0.000000 -0.111964
vn -0.974928 0.000000 -0.222521
vn -0.943883 0.000000 -0.330279
vn -0.900969 0.000000 -0.433884
vn -0.846724 0.000000 -0.532032
vn -0.781831 0.000000 -0.623490
vn -0.707107 0.000000 -0.707107
vn -0.623490 0.000000 -0.781831
vn -0.532032 0.000000 -0.846724
vn -0.433884 0.000000 -0.900969
vn -0.330279 0.000000 -0.943883
vn -0.222521 0.000000 -0.974928
vn -0.111964 0.000000 -0.993712
vn -0.000000 0.000000 -1.000000
vn 0.111964 0.000000 -0.993712
vn 0.222521 0.000000 -0.974928
vn 0.330279 0.000000 -0.943883
vn 0.433884 0.000000 -0.900969
vn 0.532032 0.000000 -0.846724
vn 0.623490 0.000000 -0.781831
vn 0.707107 0.000000 -0.707107
vn 0.781831 0.000000 -0.623490
vn 0.846724 0.000000 -0.532032
vn 0.900969 0.000000 -0.433884
vn 0.943883 0.000000 -0.330279
vn 0.974928 0.000000 -0.222521
vn 0.993712 0.000000 -0.111964
vn 0.999601 0.004383 0.027903
vn 0.990192 0.004383 0.139647
vn 0.968330 0.004383 0.249636
vn 0.934291 0.004383 0.356485
vn 0.888503 0.004383 0.458850
vn 0.831541 0.004383 0.555446
vn 0.764122 0.004383 0.645057
vn 0.687094 0.004383 0.726555
vn 0.601426 0.004383 0.798917
vn 0.508194 0.004383 0.861232
vn 0.408571 0.004383 0.912716
vn 0.303810 0.004383 0.952723
vn 0.195229 0.004383 0.980748
vn 0.084192 0.004383 0.996440
vn -0.027903 0.004383 0.999601
vn -0.139647 0.004383 0.990192
vn -0.249636 0.004383 0.968330
vn -0.356485 0.004383 0.934291
vn -0.458850 0.004383 0.888503
vn -0.555446 0.004383 0.831541
vn -0.645057 0.004383 0.764122
vn -0.726555 0.004383 0.687094
vn -0.798917 0.004383 0.601426
vn -0.861232 0.004383 0.508194
vn -0.912716 0.004383 0.408571
vn -0.952723 0.004383 0.303810
vn -0.980748 0.004383 0.195229
vn -0.996440 0.004383 0.084192
vn -0.999601 0.004383 -0.027903
vn -0.990192 0.004383 -0.139647
vn -0.968330 0.004383 -0.249636
vn -0.934291 0.004383 -0.356485
vn -0.888503 0.004383 -0.458850
vn -0.831541 0.004383 -0.555446
vn -0.764122 0.004383 -0.645057
vn -0.687094 0.004383 -0.726555
vn -0.601426 0.004383 -0.798917
vn -0.508194 0.004383 -0.861232
vn -0.408571 0.004383 -0.912716
vn -0.303810 0.004383 -0.952723
vn -0.195229 0.004383 -0.980748
vn -0.084192 0.004383 -0.996440
vn 0.027903 0.004383 -0.999601
vn 0.139647 0.004383 -0.990192
vn 0.249636 0.004383 -0.968330
vn 0.356485 0.004383 -0.934291
vn 0.458850 0.004383 -0.888503
vn 0.555446 0.004383 -0.831541
vn 0.645057 0.004383 -0.764122
vn 0.726555 0.004383 -0.687094
vn 0.798917 0.004383 -0.601426
vn 0.861232 0.004383 -0.508194
vn 0.912716 0.004383 -0.408571
vn 0.952723 0.004383 -0.303810
vn 0.980748 0.004383 -0.195229
vn 0.996440 0.004383 -0.084192
vn 0.998405 0.008759 0.055783
vn 0.985881 0.008759 0.167218
vn 0.960960 0.008759 0.276550
vn 0.923953 0.008759 0.382405
vn 0.875328 0.008759 0.483450
vn 0.815695 0.008759 0.578416
vn 0.745804 0.008759 0.666108
vn 0.666534 0.008759 0.745423
vn 0.578882 0.008759 0.815364
vn 0.483951 0.008759 0.875052
vn 0.382933 0.008759 0.923735
vn 0.277100 0.008759 0.960801
vn 0.167782 0.008759 0.985785
vn 0.056354 0.008759 0.998372
vn -0.055783 0.008759 0.998405
vn -0.167218 0.008759 0.985881
vn -0.276550 0.008759 0.960960
vn -0.382405 0.008759 0.923953
vn -0.483450 0.008759 0.875328
vn -0.578416 0.008759 0.815695
vn -0.666108 0.008759 0.745804
vn -0.745423 0.008759 0.666534
vn -0.815364 0.008759 0.578882
vn -0.875052 0.008759 0.483951
vn -0.923735 0.008759 0.382933
vn -0.960801 0.008759 0.277100
vn -0.985785 0.008759 0.167782
vn -0.998372 0.008759 0.056354
vn -0.998405 0.008759 -0.055783
vn -0.985881 0.008759 -0.167218
vn -0.960960 0.008759 -0.276550
vn -0.923953 0.008759 -0.382405
vn -0.875328 0.008759 -0.483450
vn -0.815695 0.008759 -0.578416
vn -0.745804 0.008759 -0.666108
vn -0.666534 0.008759 -0.745423
vn -0.578882 0.008759 -0.815364
vn -0.483951 0.008759 -0.875052
vn -0.382933 0.008759 -0.923735
vn -0.277100 0.008759 -0.960801
vn -0.167782 0.008759 -0.985785
vn -0.056354 0.008759 -0.998372
vn 0.055783 0.008759 -0.998405
vn 0.167218 0.008759 -0.985881
vn 0.276550 0.008759 -0.960960
vn 0.382405 0.008759 -0.923953
vn 0.483450 0.008759 -0.875328
vn 0.578416 0.008759 -0.815695
vn 0.666108 0.008759 -0.745804
vn 0.745423 0.008759 -0.666534
vn 0.815364 0.008759 -0.578882
vn 0.875052 0.008759 -0.483951
vn 0.923735 0.008759 -0.382933
vn 0.960801 0.008759 -0.277100
vn 0.985785 0.008759 -0.167782
vn 0.998372 0.008759 -0.056354
vn 0.996412 0.013123 0.083616
vn 0.980784 0.013123 0.194653
vn 0.952823 0.013123 0.303242
vn 0.912880 0.013123 0.408018
vn 0.861456 0.013123 0.507662
vn 0.799199 0.013123 0.600923
vn 0.726892 0.013123 0.686626
vn 0.645444 0.013123 0.763695
vn 0.555879 0.013123 0.831160
vn 0.459323 0.013123 0.888172
vn 0.356991 0.013123 0.934015
vn 0.250170 0.013123 0.968113
vn 0.140203 0.013123 0.990036
vn 0.028473 0.013123 0.999508
vn -0.083616 0.013123 0.996412
vn -0.194653 0.013123 0.980784
vn -0.303242 0.013123 0.952823
vn -0.408018 0.013123 0.912880
vn -0.507662 0.013123 0.861456
vn -0.600923 0.013123 0.799199
vn -0.686626 0.013123 0.726892
vn -0.763695 0.013123 0.645444
vn -0.831160 0.013123 0.555879
vn -0.888172 0.013123 0.459323
vn -0.934015 0.013123 0.356991
vn -0.968113 0.013123 0.250170
vn -0.990036 0.013123 0.140203
vn -0.999508 0.013123 0.028473
vn -0.996412 0.013123 -0.083616
vn -0.980784 0.013123 -0.194653
vn -0.952823 0.013123 -0.303242
vn -0.912880 0.013123 -0.408018
vn -0.861456 0.013123 -0.507662
vn -0.799199 0.013123 -0.600923
vn -0.726892 0.013123 -0.686626
vn -0.645444 0.013123 -0.763695
vn -0.555879 0.013123 -0.831160
vn -0.459323 0.013123 -0.888172
vn -0.356991 0.013123 -0.934015
vn -0.250170 0.013123 -0.968113
vn -0.140203 0.013123 -0.990036
vn -0.028473 0.013123 -0.999508
vn 0.083616 0.013123 -0.996412
vn 0.194653 0.013123 -0.980784
vn 0.303242 0.013123 -0.952823
vn 0.408018 0.013123 -0.912880
vn 0.507662 0.013123 -0.861456
vn 0.600923 0.013123 -0.799199
vn 0.686626 0.013123 -0.726892
vn 0.763695 0.013123 -0.645444
vn 0.831160 0.013123 -0.555879
vn 0.888172 0.013123 -0.459323
vn 0.934015 0.013123 -0.356991
vn 0.968113 0.013123 -0.250170
vn 0.990036 0.013123 -0.140203
vn 0.999508 0.013123 -0.028473
vn 0.993624 0.017469 0.111379
vn 0.974906 0.017469 0.221930
vn 0.943928 0.017469 0.329689
vn 0.901079 0.017469 0.433302
vn 0.846899 0.017469 0.531467
vn 0.782069 0.017469 0.622948
vn 0.707403 0.017469 0.706594
vn 0.623842 0.017469 0.781356
vn 0.532435 0.017469 0.846291
vn 0.434333 0.017469 0.900583
vn 0.330768 0.017469 0.943550
vn 0.223044 0.017469 0.974652
vn 0.112516 0.017469 0.993496
vn 0.000572 0.017469 0.999847
vn -0.111379 0.017469 0.993624
vn -0.221930 0.017469 0.974906
vn -0.329689 0.017469 0.943928
vn -0.433302 0.017469 0.901079
vn -0.531467 0.017469 0.846899
vn -0.622948 0.017469 0.782069
vn -0.706594 0.017469 0.707403
vn -0.781356 0.017469 0.623842
vn -0.846291 0.017469 0.532435
vn -0.900583 0.017469 0.434333
vn -0.943550 0.017469 0.330768
vn -0.974652 0.017469 0.223044
vn -0.993496 0.017469 0.112516
vn -0.999847 0.017469 0.000572
vn -0.993624 0.017469 -0.111379
vn -0.974906 0.017469 -0.221930
vn -0.943928 0.017469 -0.329689
vn -0.901079 0.017469 -0.433302
vn -0.846899 0.017469 -0.531467
vn -0.782069 0.017469 -0.622948
vn -0.707403 0.017469 -0.706594
vn -0.623842 0.017469 -0.781356
vn -0.532435 0.017469 -0.846291
vn -0.434333 0.017469 -0.900583
vn -0.330768 0.017469 -0.943550
vn -0.223044 0.017469 -0.974652
vn -0.112516 0.017469 -0.993496
vn -0.000572 0.017469 -0.999847
vn 0.111379 0.017469 -0.993624
vn 0.221930 0.017469 -0.974906
vn 0.329689 0.017469 -0.943928
vn 0.433302 0.017469 -0.901079
vn 0.531467 0.017469 -0.846899
vn 0.622948 0.017469 -0.782069
vn 0.706594 0.017469 -0.707403
vn 0.781356 0.017469 -0.623842
vn 0.846291 0.017469 -0.532435
vn 0.900583 0.017469 -0.434333
vn 0.943550 0.017469 -0.330768
vn 0.974652 0.017469 -0.223044
vn 0.993496 0.017469 -0.112516
vn 0.999847 0.017469 -0.000572
vn 0.990046 0.021791 0.139050
vn 0.968252 0.021791 0.249025
vn 0.934282 0.021791 0.355869
vn 0.888562 0.021791 0.458238
vn 0.831669 0.021791 0.554844
vn 0.764317 0.021791 0.644473
vn 0.687353 0.021791 0.725997
vn 0.601745 0.021791 0.798391
vn 0.508570 0.021791 0.860745
vn 0.408999 0.021791 0.912274
vn 0.304285 0.021791 0.952332
vn 0.195745 0.021791 0.980413
vn 0.084743 0.021791 0.996165
vn -0.027325 0.021791 0.999389
vn -0.139050 0.021791 0.990046
vn -0.249025 0.021791 0.968252
vn -0.355869 0.021791 0.934282
vn -0.458238 0.021791 0.888562
vn -0.554844 0.021791 0.831669
vn -0.644473 0.021791 0.764317
vn -0.725997 0.021791 0.687353
vn -0.798391 0.021791 0.601745
vn -0.860745 0.021791 0.508570
vn -0.912274 0.021791 0.408999
vn -0.952332 0.021791 0.304285
vn -0.980413 0.021791 0.195745
vn -0.996165 0.021791 0.084743
vn -0.999389 0.021791 -0.027325
vn -0.990046 0.021791 -0.139050
vn -0.968252 0.021791 -0.249025
vn -0.934282 0.021791 -0.355869
vn -0.888562 0.021791 -0.458238
vn -0.831669 0.021791 -0.554844
vn -0.764317 0.021791 -0.644473
vn -0.687353 0.021791 -0.725997
vn -0.601745 0.021791 -0.798391
vn -0.508570 0.021791 -0.860745
vn -0.408999 0.021791 -0.912274
vn -0.304285 0.021791 -0.952332
vn -0.195745 0.021791 -0.980413
vn -0.084743 0.021791 -0.996165
vn 0.027325 0.021791 -0.999389
vn 0.139050 0.021791 -0.990046
vn 0.249025 0.021791 -0.968252
vn 0.355869 0.021791 -0.934282
vn 0.458238 0.021791 -0.888562
vn 0.554844 0.021791 -0.831669
vn 0.644473 0.021791 -0.764317
vn 0.725997 0.021791 -0.687353
vn 0.798391 0.021791 -0.601745
vn 0.860745 0.021791 -0.508570
vn 0.912274 0.021791 -0.408999
vn 0.952332 0.021791 -0.304285
vn 0.980413 0.021791 -0.195745
vn 0.996165 0.021791 -0.084743
vn 0.999389 0.021791 0.027325
vn 0.985679 0.026083 0.166604
vn 0.960827 0.026083 0.275917
vn 0.923893 0.026083 0.381761
vn 0.875340 0.026083 0.482804
vn 0.815779 0.026083 0.577775
vn 0.745960 0.026083 0.665480
vn 0.666759 0.026083 0.744817
vn 0.579174 0.026083 0.814787
vn 0.484305 0.026083 0.874511
vn 0.383345 0.026083 0.923237
vn 0.277565 0.026083 0.960353
vn 0.168295 0.026083 0.985392
vn 0.056907 0.026083 0.998039
vn -0.055195 0.026083 0.998135
vn -0.166604 0.026083 0.985679
vn -0.275917 0.026083 0.960827
vn -0.381761 0.026083 0.923893
vn -0.482804 0.026083 0.875340
vn -0.577775 0.026083 0.815779
vn -0.665480 0.026083 0.745960
vn -0.744817 0.026083 0.666759
vn -0.814787 0.026083 0.579174
vn -0.874511 0.026083 0.484305
vn -0.923237 0.026083 0.383345
vn -0.960353 0.026083 0.277565
vn -0.985392 0.026083 0.168295
vn -0.998039 0.026083 0.056907
vn -0.998135 0.026083 -0.055195
vn -0.985679 0.026083 -0.166604
vn -0.960827 0.026083 -0.275917
vn -0.923893 0.026083 -0.381761
vn -0.875340 0.026083 -0.482804
vn -0.815779 0.026083 -0.577775
vn -0.745960 0.026083 -0.665480
vn -0.666759 0.026083 -0.744817
vn -0.579174 0.026083 -0.814787
vn -0.484305 0.026083 -0.874511
vn -0.383345 0.026083 -0.923237
vn -0.277565 0.026083 -0.960353
vn -0.168295 0.026083 -0.985392
vn -0.056907 0.026083 -0.998039
vn 0.055195 0.026083 -0.998135
vn 0.166604 0.026083 -0.985679
vn 0.275917 0.026083 -0.960827
vn 0.381761 0.026083 -0.923893
vn 0.482804 0.026083 -0.875340
vn 0.577775 0.026083 -0.815779
vn 0.665480 0.026083 -0.745960
vn 0.744817 0.026083 -0.666759
vn 0.814787 0.026083 -0.579174
vn 0.874511 0.026083 -0.484305
vn 0.923237 0.026083 -0.383345
vn 0.960353 0.026083 -0.277565
vn 0.985392 0.026083 -0.168295
vn 0.998039 0.026083 -0.056907
vn 0.998135 0.026083 0.055195
vn 0.980528 0.030338 0.194019
vn 0.952640 0.030338 0.302584
vn 0.912771 0.030338 0.407343
vn 0.861424 0.030338 0.506980
vn 0.799244 0.030338 0.600241
vn 0.727013 0.030338 0.685954
vn 0.645639 0.030338 0.763040
vn 0.556146 0.030338 0.830531
vn 0.459659 0.030338 0.887577
vn 0.357392 0.030338 0.933462
vn 0.250630 0.030338 0.967607
vn 0.140716 0.030338 0.989585
vn 0.029033 0.030338 0.999118
vn -0.083015 0.030338 0.996086
vn -0.194019 0.030338 0.980528
vn -0.302584 0.030338 0.952640
vn -0.407343 0.030338 0.912771
vn -0.506980 0.030338 0.861424
vn -0.600241 0.030338 0.799244
vn -0.685954 0.030338 0.727013
vn -0.763040 0.030338 0.645639
vn -0.830531 0.030338 0.556146
vn -0.887577 0.030338 0.459659
vn -0.933462 0.030338 0.357392
vn -0.967607 0.030338 0.250630
vn -0.989585 0.030338 0.140716
vn -0.999118 0.030338 0.029033
vn -0.996086 0.030338 -0.083015
vn -0.980528 0.030338 -0.194019
vn -0.952640 0.030338 -0.302584
vn -0.912771 0.030338 -0.407343
vn -0.861424 0.030338 -0.506980
vn -0.799244 0.030338 -0.600241
vn -0.727013 0.030338 -0.685954
vn -0.645639 0.030338 -0.763040
vn -0.556146 0.030338 -0.830531
vn -0.459659 0.030338 -0.887577
vn -0.357392 0.030338 -0.933462
vn -0.250630 0.030338 -0.967607
vn -0.140716 0.030338 -0.989585
vn -0.029033 0.030338 -0.999118
vn 0.083015 0.030338 -0.996086
vn 0.194019 0.030338 -0.980528
vn 0.302584 0.030338 -0.952640
vn 0.407343 0.030338 -0.912771
vn 0.506980 0.030338 -0.861424
vn 0.600241 0.030338 -0.799244
vn 0.685954 0.030338 -0.727013
vn 0.763040 0.030338 -0.645639
vn 0.830531 0.030338 -0.556146
vn 0.887577 0.030338 -0.459659
vn 0.933462 0.030338 -0.357392
vn 0.967607 0.030338 -0.250630
vn 0.989585 0.030338 -0.140716
vn 0.999118 0.030338 -0.029033
vn 0.996086 0.030338 0.083015
vn 0.974600 0.034551 0.221274
vn 0.943697 0.034551 0.329003
vn 0.900926 0.034551 0.432595
vn 0.846826 0.034551 0.530746
vn 0.782077 0.034551 0.622224
vn 0.707492 0.034551 0.705876
vn 0.624011 0.034551 0.780652
vn 0.532682 0.034551 0.845610
vn 0.434654 0.034551 0.899934
vn 0.331160 0.034551 0.942942
vn 0.223502 0.034551 0.974091
vn 0.113033 0.034551 0.992990
vn 0.001143 0.034551 0.999402
vn -0.110762 0.034551 0.993246
vn -0.221274 0.034551 0.974600
vn -0.329003 0.034551 0.943697
vn -0.432595 0.034551 0.900926
vn -0.530746 0.034551 0.846826
vn -0.622224 0.034551 0.782077
vn -0.705876 0.034551 0.707492
vn -0.780652 0.034551 0.624011
vn -0.845610 0.034551 0.532682
vn -0.899934 0.034551 0.434654
vn -0.942942 0.034551 0.331160
vn -0.974091 0.034551 0.223502
vn -0.992990 0.034551 0.113033
vn -0.999402 0.034551 0.001143
vn -0.993246 0.034551 -0.110762
vn -0.974600 0.034551 -0.221274
vn -0.943697 0.034551 -0.329003
vn -0.900926 0.034551 -0.432595
vn -0.846826 0.034551 -0.530746
vn -0.782077 0.034551 -0.622224
vn -0.707492 0.034551 -0.705876
vn -0.624011 0.034551 -0.780652
vn -0.532682 0.034551 -0.845610
vn -0.434654 0.034551 -0.899934
vn -0.331160 0.034551 -0.942942
vn -0.223502 0.034551 -0.974091
vn -0.113033 0.034551 -0.992990
vn -0.001143 0.034551 -0.999402
vn 0.110762 0.034551 -0.993246
vn 0.221274 0.034551 -0.974600
vn 0.329003 0.034551 -0.943697
vn 0.432595 0.034551 -0.900926
vn 0.530746 0.034551 -0.846826
vn 0.622224 0.034551 -0.782077
vn 0.705876 0.034551 -0.707492
vn 0.780652 0.034551 -0.624011
vn 0.845610 0.034551 -0.532682
vn 0.899934 0.034551 -0.434654
vn 0.942942 0.034551 -0.331160
vn 0.974091 0.034551 -0.223502
vn 0.992990 0.034551 -0.113033
vn 0.999402 0.034551 -0.001143
vn 0.993246 0.034551 0.110762
vn 0.967898 0.038717 0.248344
vn 0.934006 0.038717 0.355153
vn 0.888369 0.038717 0.457495
vn 0.831560 0.038717 0.554084
vn 0.764293 0.038717 0.643705
vn 0.687416 0.038717 0.725232
vn 0.601893 0.038717 0.797638
vn 0.508801 0.038717 0.860013
vn 0.409311 0.038717 0.911573
vn 0.304674 0.038717 0.951670
vn 0.196205 0.038717 0.979798
vn 0.085269 0.038717 0.995605
vn -0.026740 0.038717 0.998892
vn -0.138412 0.038717 0.989618
vn -0.248344 0.038717 0.967898
vn -0.355153 0.038717 0.934006
vn -0.457495 0.038717 0.888369
vn -0.554084 0.038717 0.831560
vn -0.643705 0.038717 0.764293
vn -0.725232 0.038717 0.687416
vn -0.797638 0.038717 0.601893
vn -0.860013 0.038717 0.508801
vn -0.911573 0.038717 0.409311
vn -0.951670 0.038717 0.304674
vn -0.979798 0.038717 0.196205
vn -0.995605 0.038717 0.085269
vn -0.998892 0.038717 -0.026740
vn -0.989618 0.038717 -0.138412
vn -0.967898 0.038717 -0.248344
vn -0.934006 0.038717 -0.355153
vn -0.888369 0.038717 -0.457495
vn -0.831560 0.038717 -0.554084
vn -0.764293 0.038717 -0.643705
vn -0.687416 0.038717 -0.725232
vn -0.601893 0.038717 -0.797638
vn -0.508801 0.038717 -0.860013
vn -0.409311 0.038717 -0.911573
vn -0.304674 0.038717 -0.951670
vn -0.196205 0.038717 -0.979798
vn -0.085269 0.038717 -0.995605
vn 0.026740 0.038717 -0.998892
vn 0.138412 0.038717 -0.989618
vn 0.248344 0.038717 -0.967898
vn 0.355153 0.038717 -0.934006
vn 0.457495 0.038717 -0.888369
vn 0.554084 0.038717 -0.831560
vn 0.643705 0.038717 -0.764293
vn 0.725232 0.038717 -0.687416
vn 0.797638 0.038717 -0.601893
vn 0.860013 0.038717 -0.508801
vn 0.911573 0.038717 -0.409311
vn 0.951670 0.038717 -0.304674
vn 0.979798 0.038717 -0.196205
vn 0.995605 0.038717 -0.085269
vn 0.998892 0.038717 0.026740
vn 0.989618 0.038717 0.138412
vn 0.960430 0.042828 0.275209
vn 0.923577 0.042828 0.381012
vn 0.875110 0.042828 0.482025
vn 0.815638 0.042828 0.576975
vn 0.745909 0.042828 0.664670
vn 0.666799 0.042828 0.744006
vn 0.579305 0.042828 0.813985
vn 0.484525 0.042828 0.873729
vn 0.383651 0.042828 0.922484
vn 0.277954 0.042828 0.959639
vn 0.168760 0.042828 0.984726
vn 0.057445 0.042828 0.997430
vn -0.054593 0.042828 0.997590
vn -0.165944 0.042828 0.985205
vn -0.275209 0.042828 0.960430
vn -0.381012 0.042828 0.923577
vn -0.482025 0.042828 0.875110
vn -0.576975 0.042828 0.815638
vn -0.664670 0.042828 0.745909
vn -0.744006 0.042828 0.666799
vn -0.813985 0.042828 0.579305
vn -0.873729 0.042828 0.484525
vn -0.922484 0.042828 0.383651
vn -0.959639 0.042828 0.277954
vn -0.984726 0.042828 0.168760
vn -0.997430 0.042828 0.057445
vn -0.997590 0.042828 -0.054593
vn -0.985205 0.042828 -0.165944
vn -0.960430 0.042828 -0.275209
vn -0.923577 0.042828 -0.381012
vn -0.875110 0.042828 -0.482025
vn -0.815638 0.042828 -0.576975
vn -0.745909 0.042828 -0.664670
vn -0.666799 0.042828 -0.744006
vn -0.579305 0.042828 -0.813985
vn -0.484525 0.042828 -0.873729
vn -0.383651 0.042828 -0.922484
vn -0.277954 0.042828 -0.959639
vn -0.168760 0.042828 -0.984726
vn -0.057445 0.042828 -0.997430
vn 0.054593 0.042828 -0.997590
vn 0.165944 0.042828 -0.985205
vn 0.275209 0.042828 -0.960430
vn 0.381012 0.042828 -0.923577
vn 0.482025 0.042828 -0.875110
vn 0.576975 0.042828 -0.815638
vn 0.664670 0.042828 -0.745909
vn 0.744006 0.042828 -0.666799
vn 0.813985 0.042828 -0.579305
vn 0.873729 0.042828 -0.484525
vn 0.922484 0.042828 -0.383651
vn 0.959639 0.042828 -0.277954
vn 0.984726 0.042828 -0.168760
vn 0.997430 0.042828 -0.057445
vn 0.997590 0.042828 0.054593
vn 0.985205 0.042828 0.165944
vn 0.952203 0.046881 0.301846
vn 0.912420 0.046881 0.406561
vn 0.861163 0.046881 0.506163
vn 0.799076 0.046881 0.599400
vn 0.726940 0.046881 0.685099
vn 0.645662 0.046881 0.762183
vn 0.556265 0.046881 0.829682
vn 0.459872 0.046881 0.886747
vn 0.357697 0.046881 0.932660
vn 0.251023 0.046881 0.966845
vn 0.141192 0.046881 0.988872
vn 0.029586 0.046881 0.998462
vn -0.082393 0.046881 0.995497
vn -0.193335 0.046881 0.980012
vn -0.301846 0.046881 0.952203
vn -0.406561 0.046881 0.912420
vn -0.506163 0.046881 0.861163
vn -0.599400 0.046881 0.799076
vn -0.685099 0.046881 0.726940
vn -0.762183 0.046881 0.645662
vn -0.829682 0.046881 0.556265
vn -0.886747 0.046881 0.459872
vn -0.932660 0.046881 0.357697
vn -0.966845 0.046881 0.251023
vn -0.988872 0.046881 0.141192
vn -0.998462 0.046881 0.029586
vn -0.995497 0.046881 -0.082393
vn -0.980012 0.046881 -0.193335
vn -0.952203 0.046881 -0.301846
vn -0.912420 0.046881 -0.406561
vn -0.861163 0.046881 -0.506163
vn -0.799076 0.046881 -0.599400
vn -0.726940 0.046881 -0.685099
vn -0.645662 0.046881 -0.762183
vn -0.556265 0.046881 -0.829682
vn -0.459872 0.046881 -0.886747
vn -0.357697 0.046881 -0.932660
vn -0.251023 0.046881 -0.966845
vn -0.141192 0.046881 -0.988872
vn -0.029586 0.046881 -0.998462
vn 0.082393 0.046881 -0.995497
vn 0.193335 0.046881 -0.980012
vn 0.301846 0.046881 -0.952203
vn 0.406561 0.046881 -0.912420
vn 0.506163 0.046881 -0.861163
vn 0.599400 0.046881 -0.799076
vn 0.685099 0.046881 -0.726940
vn 0.762183 0.046881 -0.645662
vn 0.829682 0.046881 -0.556265
vn 0.886747 0.046881 -0.459872
vn 0.932660 0.046881 -0.357697
vn 0.966845 0.046881 -0.251023
vn 0.988872 0.046881 -0.141192
vn 0.998462 0.046881 -0.029586
vn 0.995497 0.046881 0.082393
vn 0.980012 0.046881 0.193335
vn 0.943226 0.050869 0.328234
vn 0.900544 0.050869 0.431778
vn 0.846538 0.050869 0.529892
vn 0.781886 0.050869 0.621342
vn 0.707402 0.050869 0.704979
vn 0.624021 0.050869 0.779750
vn 0.532793 0.050869 0.844715
vn 0.434865 0.050869 0.899058
vn 0.331468 0.050869 0.942094
vn 0.223903 0.050869 0.973283
vn 0.113522 0.050869 0.992232
vn 0.001713 0.050869 0.998704
vn -0.110117 0.050869 0.992616
vn -0.220562 0.050869 0.974046
vn -0.328234 0.050869 0.943226
vn -0.431778 0.050869 0.900544
vn -0.529892 0.050869 0.846538
vn -0.621342 0.050869 0.781886
vn -0.704979 0.050869 0.707402
vn -0.779750 0.050869 0.624021
vn -0.844715 0.050869 0.532793
vn -0.899058 0.050869 0.434865
vn -0.942094 0.050869 0.331468
vn -0.973283 0.050869 0.223903
vn -0.992232 0.050869 0.113522
vn -0.998704 0.050869 0.001713
vn -0.992616 0.050869 -0.110117
vn -0.974046 0.050869 -0.220562
vn -0.943226 0.050869 -0.328234
vn -0.900544 0.050869 -0.431778
vn -0.846538 0.050869 -0.529892
vn -0.781886 0.050869 -0.621342
vn -0.707402 0.050869 -0.704979
vn -0.624021 0.050869 -0.779750
vn -0.532793 0.050869 -0.844715
vn -0.434865 0.050869 -0.899058
vn -0.331468 0.050869 -0.942094
vn -0.223903 0.050869 -0.973283
vn -0.113522 0.050869 -0.992232
vn -0.001713 0.050869 -0.998704
vn 0.110117 0.050869 -0.992616
vn 0.220562 0.050869 -0.974046
vn 0.328234 0.050869 -0.943226
vn 0.431778 0.050869 -0.900544
vn 0.529892 0.050869 -0.846538
vn 0.621342 0.050869 -0.781886
vn 0.704979 0.050869 -0.707402
vn 0.779750 0.050869 -0.624021
vn 0.844715 0.050869 -0.532793
vn 0.899058 0.050869 -0.434865
vn 0.942094 0.050869 -0.331468
vn 0.973283 0.050869 -0.223903
vn 0.992232 0.050869 -0.113522
vn 0.998704 0.050869 -0.001713
vn 0.992616 0.050869 0.110117
vn 0.974046 0.050869 0.220562
vn 0.933506 0.054787 0.354352
vn 0.887961 0.054787 0.456643
vn 0.831250 0.054787 0.553192
vn 0.764086 0.054787 0.642784
vn 0.687312 0.054787 0.724293
vn 0.601896 0.054787 0.796693
vn 0.508910 0.054787 0.859075
vn 0.409524 0.054787 0.910653
vn 0.304988 0.054787 0.950779
vn 0.196617 0.054787 0.978949
vn 0.085773 0.054787 0.994807
vn -0.026149 0.054787 0.998156
vn -0.137743 0.054787 0.988952
vn -0.247604 0.054787 0.967311
vn -0.354352 0.054787 0.933506
vn -0.456643 0.054787 0.887961
vn -0.553192 0.054787 0.831250
vn -0.642784 0.054787 0.764086
vn -0.724293 0.054787 0.687312
vn -0.796693 0.054787 0.601896
vn -0.859075 0.054787 0.508910
vn -0.910653 0.054787 0.409524
vn -0.950779 0.054787 0.304988
vn -0.978949 0.054787 0.196617
vn -0.994807 0.054787 0.085773
vn -0.998156 0.054787 -0.026149
vn -0.988952 0.054787 -0.137743
vn -0.967311 0.054787 -0.247604
vn -0.933506 0.054787 -0.354352
vn -0.887961 0.054787 -0.456643
vn -0.831250 0.054787 -0.553192
vn -0.764086 0.054787 -0.642784
vn -0.687312 0.054787 -0.724293
vn -0.601896 0.054787 -0.796693
vn -0.508910 0.054787 -0.859075
vn -0.409524 0.054787 -0.910653
vn -0.304988 0.054787 -0.950779
vn -0.196617 0.054787 -0.978949
vn -0.085773 0.054787 -0.994807
vn 0.026149 0.054787 -0.998156
vn 0.137743 0.054787 -0.988952
vn 0.247604 0.054787 -0.967311
vn 0.354352 0.054787 -0.933506
vn 0.456643 0.054787 -0.887961
vn 0.553192 0.054787 -0.831250
vn 0.642784 0.054787 -0.764086
vn 0.724293 0.054787 -0.687312
vn 0.796693 0.054787 -0.601896
vn 0.859075 0.054787 -0.508910
vn 0.910653 0.054787 -0.409524
vn 0.950779 0.054787 -0.304988
vn 0.978949 0.054787 -0.196617
vn 0.994807 0.054787 -0.085773
vn 0.998156 0.054787 0.026149
vn 0.988952 0.054787 0.137743
vn 0.967311 0.054787 0.247604
vn 0.923053 0.058629 0.380179
vn 0.874683 0.058629 0.481137
vn 0.815313 0.058629 0.576045
vn 0.745689 0.058629 0.663709
vn 0.666689 0.058629 0.743027
vn 0.579304 0.058629 0.813000
vn 0.484635 0.058629 0.872750
vn 0.383870 0.058629 0.921524
vn 0.278279 0.058629 0.958709
vn 0.169187 0.058629 0.983839
vn 0.057969 0.058629 0.996595
vn -0.053979 0.058629 0.996819
vn -0.165248 0.058629 0.984508
vn -0.274439 0.058629 0.959816
vn -0.380179 0.058629 0.923053
vn -0.481137 0.058629 0.874683
vn -0.576045 0.058629 0.815313
vn -0.663709 0.058629 0.745689
vn -0.743027 0.058629 0.666689
vn -0.813000 0.058629 0.579304
vn -0.872750 0.058629 0.484635
vn -0.921524 0.058629 0.383870
vn -0.958709 0.058629 0.278279
vn -0.983839 0.058629 0.169187
vn -0.996595 0.058629 0.057969
vn -0.996819 0.058629 -0.053979
vn -0.984508 0.058629 -0.165248
vn -0.959816 0.058629 -0.274439
vn -0.923053 0.058629 -0.380179
vn -0.874683 0.058629 -0.481137
vn -0.815313 0.058629 -0.576045
vn -0.745689 0.058629 -0.663709
vn -0.666689 0.058629 -0.743027
vn -0.579304 0.058629 -0.813000
vn -0.484635 0.058629 -0.872750
vn -0.383870 0.058629 -0.921524
vn -0.278279 0.058629 -0.958709
vn -0.169187 0.058629 -0.983839
vn -0.057969 0.058629 -0.996595
vn 0.053979 0.058629 -0.996819
vn 0.165248 0.058629 -0.984508
vn 0.274439 0.058629 -0.959816
vn 0.380179 0.058629 -0.923053
vn 0.481137 0.058629 -0.874683
vn 0.576045 0.058629 -0.815313
vn 0.663709 0.058629 -0.745689
vn 0.743027 0.058629 -0.666689
vn 0.813000 0.058629 -0.579304
vn 0.872750 0.058629 -0.484635
vn 0.921524 0.058629 -0.383870
vn 0.958709 0.058629 -0.278279
vn 0.983839 0.058629 -0.169187
vn 0.996595 0.058629 -0.057969
vn 0.996819 0.058629 0.053979
vn 0.984508 0.058629 0.165248
vn 0.959816 0.058629 0.274439
vn 0.911877 0.062391 0.405694
vn 0.860720 0.062391 0.505241
vn 0.798739 0.062391 0.598434
vn 0.726713 0.062391 0.684102
vn 0.645549 0.062391 0.761166
vn 0.556266 0.062391 0.828659
vn 0.459988 0.062391 0.885730
vn 0.357925 0.062391 0.931663
vn 0.251362 0.062391 0.965880
vn 0.141637 0.062391 0.987951
vn 0.030131 0.062391 0.997597
vn -0.081754 0.062391 0.994698
vn -0.192611 0.062391 0.979290
vn -0.301045 0.062391 0.951567
vn -0.405694 0.062391 0.911877
vn -0.505241 0.062391 0.860720
vn -0.598434 0.062391 0.798739
vn -0.684102 0.062391 0.726713
vn -0.761166 0.062391 0.645549
vn -0.828659 0.062391 0.556266
vn -0.885730 0.062391 0.459988
vn -0.931663 0.062391 0.357925
vn -0.965880 0.062391 0.251362
vn -0.987951 0.062391 0.141637
vn -0.997597 0.062391 0.030131
vn -0.994698 0.062391 -0.081754
vn -0.979290 0.062391 -0.192611
vn -0.951567 0.062391 -0.301045
vn -0.911877 0.062391 -0.405694
vn -0.860720 0.062391 -0.505241
vn -0.798739 0.062391 -0.598434
vn -0.726713 0.062391 -0.684102
vn -0.645549 0.062391 -0.761166
vn -0.556266 0.062391 -0.828659
vn -0.459988 0.062391 -0.885730
vn -0.357925 0.062391 -0.931663
vn -0.251362 0.062391 -0.965880
vn -0.141637 0.062391 -0.987951
vn -0.030131 0.062391 -0.997597
vn 0.081754 0.062391 -0.994698
vn 0.192611 0.062391 -0.979290
vn 0.301045 0.062391 -0.951567
vn 0.405694 0.062391 -0.911877
vn 0.505241 0.062391 -0.860720
vn 0.598434 0.062391 -0.798739
vn 0.684102 0.062391 -0.726713
vn 0.761166 0.062391 -0.645549
vn 0.828659 0.062391 -0.556266
vn 0.885730 0.062391 -0.459988
vn 0.931663 0.062391 -0.357925
vn 0.965880 0.062391 -0.251362
vn 0.987951 0.062391 -0.141637
vn 0.997597 0.062391 -0.030131
vn 0.994698 0.062391 0.081754
vn 0.979290 0.062391 0.192611
vn 0.951567 0.062391 0.301045
vn 0.899988 0.066067 0.430878
vn 0.846086 0.066067 0.528936
vn 0.781544 0.066067 0.620342
vn 0.707174 0.066067 0.703946
vn 0.623910 0.066067 0.778698
vn 0.532801 0.066067 0.843658
vn 0.434991 0.066067 0.898008
vn 0.331711 0.066067 0.941065
vn 0.224259 0.066067 0.972287
vn 0.113988 0.066067 0.991283
vn 0.002282 0.066067 0.997813
vn -0.109452 0.066067 0.991794
vn -0.219809 0.066067 0.973303
vn -0.327402 0.066067 0.942572
vn -0.430878 0.066067 0.899988
vn -0.528936 0.066067 0.846086
vn -0.620342 0.066067 0.781544
vn -0.703946 0.066067 0.707174
vn -0.778698 0.066067 0.623910
vn -0.843658 0.066067 0.532801
vn -0.898008 0.066067 0.434991
vn -0.941065 0.066067 0.331711
vn -0.972287 0.066067 0.224259
vn -0.991283 0.066067 0.113988
vn -0.997813 0.066067 0.002282
vn -0.991794 0.066067 -0.109452
vn -0.973303 0.066067 -0.219809
vn -0.942572 0.066067 -0.327402
vn -0.899988 0.066067 -0.430878
vn -0.846086 0.066067 -0.528936
vn -0.781544 0.066067 -0.620342
vn -0.707174 0.066067 -0.703946
vn -0.623910 0.066067 -0.778698
vn -0.532801 0.066067 -0.843658
vn -0.434991 0.066067 -0.898008
vn -0.331711 0.066067 -0.941065
vn -0.224259 0.066067 -0.972287
vn -0.113988 0.066067 -0.991283
vn -0.002282 0.066067 -0.997813
vn 0.109452 0.066067 -0.991794
vn 0.219809 0.066067 -0.973303
vn 0.327402 0.066067 -0.942572
vn 0.430878 0.066067 -0.899988
vn 0.528936 0.066067 -0.846086
vn 0.620342 0.066067 -0.781544
vn 0.703946 0.066067 -0.707174
vn 0.778698 0.066067 -0.623910
vn 0.843658 0.066067 -0.532801
vn 0.898008 0.066067 -0.434991
vn 0.941065 0.066067 -0.331711
vn 0.972287 0.066067 -0.224259
vn 0.991283 0.066067 -0.113988
vn 0.997813 0.066067 -0.002282
vn 0.991794 0.066067 0.109452
vn 0.973303 0.066067 0.219809
vn 0.942572 0.066067 0.327402
vn 0.887398 0.069653 0.455712
vn 0.830795 0.069653 0.552203
vn 0.763744 0.069653 0.641751
vn 0.687088 0.069653 0.723228
vn 0.601792 0.069653 0.795610
vn 0.508928 0.069653 0.857986
vn 0.409664 0.069653 0.909573
vn 0.305248 0.069653 0.949722
vn 0.196994 0.069653 0.977927
vn 0.086262 0.069653 0.993835
vn -0.025555 0.069653 0.997244
vn -0.137050 0.069653 0.988112
vn -0.246822 0.069653 0.966554
vn -0.353489 0.069653 0.932842
vn -0.455712 0.069653 0.887398
vn -0.552203 0.069653 0.830795
vn -0.641751 0.069653 0.763744
vn -0.723228 0.069653 0.687088
vn -0.795610 0.069653 0.601792
vn -0.857986 0.069653 0.508928
vn -0.909573 0.069653 0.409664
vn -0.949722 0.069653 0.305248
vn -0.977927 0.069653 0.196994
vn -0.993835 0.069653 0.086262
vn -0.997244 0.069653 -0.025555
vn -0.988112 0.069653 -0.137050
vn -0.966554 0.069653 -0.246822
vn -0.932842 0.069653 -0.353489
vn -0.887398 0.069653 -0.455712
vn -0.830795 0.069653 -0.552203
vn -0.763744 0.069653 -0.641751
vn -0.687088 0.069653 -0.723228
vn -0.601792 0.069653 -0.795610
vn -0.508928 0.069653 -0.857986
vn -0.409664 0.069653 -0.909573
vn -0.305248 0.069653 -0.949722
vn -0.196994 0.069653 -0.977927
vn -0.086262 0.069653 -0.993835
vn 0.025555 0.069653 -0.997244
vn 0.137050 0.069653 -0.988112
vn 0.246822 0.069653 -0.966554
vn 0.353489 0.069653 -0.932842
vn 0.455712 0.069653 -0.887398
vn 0.552203 0.069653 -0.830795
vn 0.641751 0.069653 -0.763744
vn 0.723228 0.069653 -0.687088
vn 0.795610 0.069653 -0.601792
vn 0.857986 0.069653 -0.508928
vn 0.909573 0.069653 -0.409664
vn 0.949722 0.069653 -0.305248
vn 0.977927 0.069653 -0.196994
vn 0.993835 0.069653 -0.086262
vn 0.997244 0.069653 0.025555
vn 0.988112 0.069653 0.137050
vn 0.966554 0.069653 0.246822
vn 0.932842 0.069653 0.353489
vn 0.874118 0.073144 0.480175
vn 0.814859 0.073144 0.575026
vn 0.745352 0.073144 0.662646
vn 0.666473 0.073144 0.741932
vn 0.579212 0.073144 0.811889
vn 0.484668 0.073144 0.871635
vn 0.384028 0.073144 0.920420
vn 0.278559 0.073144 0.957630
vn 0.169587 0.073144 0.982797
vn 0.058482 0.073144 0.995605
vn -0.053358 0.073144 0.995893
vn -0.164527 0.073144 0.983657
vn -0.273627 0.073144 0.959051
vn -0.379286 0.073144 0.922384
vn -0.480175 0.073144 0.874118
vn -0.575026 0.073144 0.814859
vn -0.662646 0.073144 0.745352
vn -0.741932 0.073144 0.666473
vn -0.811889 0.073144 0.579212
vn -0.871635 0.073144 0.484668
vn -0.920420 0.073144 0.384028
vn -0.957630 0.073144 0.278559
vn -0.982797 0.073144 0.169587
vn -0.995605 0.073144 0.058482
vn -0.995893 0.073144 -0.053358
vn -0.983657 0.073144 -0.164527
vn -0.959051 0.073144 -0.273627
vn -0.922384 0.073144 -0.379286
vn -0.874118 0.073144 -0.480175
vn -0.814859 0.073144 -0.575026
vn -0.745352 0.073144 -0.662646
vn -0.666473 0.073144 -0.741932
vn -0.579212 0.073144 -0.811889
vn -0.484668 0.073144 -0.871635
vn -0.384028 0.073144 -0.920420
vn -0.278559 0.073144 -0.957630
vn -0.169587 0.073144 -0.982797
vn -0.058482 0.073144 -0.995605
vn 0.053358 0.073144 -0.995893
vn 0.164527 0.073144 -0.983657
vn 0.273627 0.073144 -0.959051
vn 0.379286 0.073144 -0.922384
vn 0.480175 0.073144 -0.874118
vn 0.575026 0.073144 -0.814859
vn 0.662646 0.073144 -0.745352
vn 0.741932 0.073144 -0.666473
vn 0.811889 0.073144 -0.579212
vn 0.871635 0.073144 -0.484668
vn 0.920420 0.073144 -0.384028
vn 0.957630 0.073144 -0.278559
vn 0.982797 0.073144 -0.169587
vn 0.995605 0.073144 -0.058482
vn 0.995893 0.073144 0.053358
vn 0.983657 0.073144 0.164527
vn 0.959051 0.073144 0.273627
vn 0.922384 0.073144 0.379286
vn 0.860159 0.076536 0.504251
vn 0.798292 0.076536 0.597387
vn 0.726387 0.076536 0.683011
vn 0.645346 0.076536 0.760046
vn 0.556190 0.076536 0.827523
vn 0.460040 0.076536 0.884593
vn 0.358104 0.076536 0.930539
vn 0.251665 0.076536 0.964783
vn 0.142061 0.076536 0.986895
vn 0.030671 0.076536 0.996595
vn -0.081105 0.076536 0.993763
vn -0.191861 0.076536 0.978433
vn -0.300205 0.076536 0.950799
vn -0.404773 0.076536 0.911209
vn -0.504251 0.076536 0.860159
vn -0.597387 0.076536 0.798292
vn -0.683011 0.076536 0.726387
vn -0.760046 0.076536 0.645346
vn -0.827523 0.076536 0.556190
vn -0.884593 0.076536 0.460040
vn -0.930539 0.076536 0.358104
vn -0.964783 0.076536 0.251665
vn -0.986895 0.076536 0.142061
vn -0.996595 0.076536 0.030671
vn -0.993763 0.076536 -0.081105
vn -0.978433 0.076536 -0.191861
vn -0.950799 0.076536 -0.300205
vn -0.911209 0.076536 -0.404773
vn -0.860159 0.076536 -0.504251
vn -0.798292 0.076536 -0.597387
vn -0.726387 0.076536 -0.683011
vn -0.645346 0.076536 -0.760046
vn -0.556190 0.076536 -0.827523
vn -0.460040 0.076536 -0.884593
vn -0.358104 0.076536 -0.930539
vn -0.251665 0.076536 -0.964783
vn -0.142061 0.076536 -0.986895
vn -0.030671 0.076536 -0.996595
vn 0.081105 0.076536 -0.993763
vn 0.191861 0.076536 -0.978433
vn 0.300205 0.076536 -0.950799
vn 0.404773 0.076536 -0.911209
vn 0.504251 0.076536 -0.860159
vn 0.597387 0.076536 -0.798292
vn 0.683011 0.076536 -0.726387
vn 0.760046 0.076536 -0.645346
vn 0.827523 0.076536 -0.556190
vn 0.884593 0.076536 -0.460040
vn 0.930539 0.076536 -0.358104
vn 0.964783 0.076536 -0.251665
vn 0.986895 0.076536 -0.142061
vn 0.996595 0.076536 -0.030671
vn 0.993763 0.076536 0.081105
vn 0.978433 0.076536 0.191861
vn 0.950799 0.076536 0.300205
vn 0.911209 0.076536 0.404773
vn 0.845535 0.079823 0.527919
vn 0.781110 0.079823 0.619270
vn 0.706863 0.079823 0.702832
vn 0.623726 0.079823 0.777557
vn 0.532745 0.079823 0.842503
vn 0.435065 0.079823 0.896854
vn 0.331914 0.079823 0.939926
vn 0.224589 0.079823 0.971179
vn 0.114439 0.079823 0.990218
vn 0.002850 0.079823 0.996805
vn -0.108775 0.079823 0.990856
vn -0.219031 0.079823 0.972447
vn -0.326534 0.079823 0.941809
vn -0.429930 0.079823 0.899327
vn -0.527919 0.079823 0.845535
vn -0.619270 0.079823 0.781110
vn -0.702832 0.079823 0.706863
vn -0.777557 0.079823 0.623726
vn -0.842503 0.079823 0.532745
vn -0.896854 0.079823 0.435065
vn -0.939926 0.079823 0.331914
vn -0.971179 0.079823 0.224589
vn -0.990218 0.079823 0.114439
vn -0.996805 0.079823 0.002850
vn -0.990856 0.079823 -0.108775
vn -0.972447 0.079823 -0.219031
vn -0.941809 0.079823 -0.326534
vn -0.899327 0.079823 -0.429930
vn -0.845535 0.079823 -0.527919
vn -0.781110 0.079823 -0.619270
vn -0.706863 0.079823 -0.702832
vn -0.623726 0.079823 -0.777557
vn -0.532745 0.079823 -0.842503
vn -0.435065 0.079823 -0.896854
vn -0.331914 0.079823 -0.939926
vn -0.224589 0.079823 -0.971179
vn -0.114439 0.079823 -0.990218
vn -0.002850 0.079823 -0.996805
vn 0.108775 0.079823 -0.990856
vn 0.219031 0.079823 -0.972447
vn 0.326534 0.079823 -0.941809
vn 0.429930 0.079823 -0.899327
vn 0.527919 0.079823 -0.845535
vn 0.619270 0.079823 -0.781110
vn 0.702832 0.079823 -0.706863
vn 0.777557 0.079823 -0.623726
vn 0.842503 0.079823 -0.532745
vn 0.896854 0.079823 -0.435065
vn 0.939926 0.079823 -0.331914
vn 0.971179 0.079823 -0.224589
vn 0.990218 0.079823 -0.114439
vn 0.996805 0.079823 -0.002850
vn 0.990856 0.079823 0.108775
vn 0.972447 0.079823 0.219031
vn 0.941809 0.079823 0.326534
vn 0.899327 0.079823 0.429930
vn 0.830259 0.083002 0.551163
vn 0.763328 0.083002 0.640657
vn 0.686797 0.083002 0.722094
vn 0.601630 0.083002 0.794451
vn 0.508897 0.083002 0.856817
vn 0.409764 0.083002 0.908408
vn 0.305478 0.083002 0.948575
vn 0.197351 0.083002 0.976813
vn 0.086741 0.083002 0.992767
vn -0.024959 0.083002 0.996237
vn -0.136345 0.083002 0.987178
vn -0.246017 0.083002 0.965705
vn -0.352594 0.083002 0.932088
vn -0.454738 0.083002 0.886749
vn -0.551163 0.083002 0.830259
vn -0.640657 0.083002 0.763328
vn -0.722094 0.083002 0.686797
vn -0.794451 0.083002 0.601630
vn -0.856817 0.083002 0.508897
vn -0.908408 0.083002 0.409764
vn -0.948575 0.083002 0.305478
vn -0.976813 0.083002 0.197351
vn -0.992767 0.083002 0.086741
vn -0.996237 0.083002 -0.024959
vn -0.987178 0.083002 -0.136345
vn -0.965705 0.083002 -0.246017
vn -0.932088 0.083002 -0.352594
vn -0.886749 0.083002 -0.454738
vn -0.830259 0.083002 -0.551163
vn -0.763328 0.083002 -0.640657
vn -0.686797 0.083002 -0.722094
vn -0.601630 0.083002 -0.794451
vn -0.508897 0.083002 -0.856817
vn -0.409764 0.083002 -0.908408
vn -0.305478 0.083002 -0.948575
vn -0.197351 0.083002 -0.976813
vn -0.086741 0.083002 -0.992767
vn 0.024959 0.083002 -0.996237
vn 0.136345 0.083002 -0.987178
vn 0.246017 0.083002 -0.965705
vn 0.352594 0.083002 -0.932088
vn 0.454738 0.083002 -0.886749
vn 0.551163 0.083002 -0.830259
vn 0.640657 0.083002 -0.763328
vn 0.722094 0.083002 -0.686797
vn 0.794451 0.083002 -0.601630
vn 0.856817 0.083002 -0.508897
vn 0.908408 0.083002 -0.409764
vn 0.948575 0.083002 -0.305478
vn 0.976813 0.083002 -0.197351
vn 0.992767 0.083002 -0.086741
vn 0.996237 0.083002 0.024959
vn 0.987178 0.083002 0.136345
vn 0.965705 0.083002 0.246017
vn 0.932088 0.083002 0.352594
vn 0.886749 0.083002 0.454738
vn 0.814344 0.086068 0.573966
vn 0.744960 0.086068 0.661534
vn 0.666207 0.086068 0.740784
vn 0.579077 0.086068 0.810717
vn 0.484664 0.086068 0.870456
vn 0.384156 0.086068 0.919248
vn 0.278818 0.086068 0.956479
vn 0.169973 0.086068 0.981683
vn 0.058991 0.086068 0.994541
vn -0.052734 0.086068 0.994893
vn -0.163795 0.086068 0.982733
vn -0.272796 0.086068 0.958214
vn -0.378367 0.086068 0.921646
vn -0.479179 0.086068 0.873487
vn -0.573966 0.086068 0.814344
vn -0.661534 0.086068 0.744960
vn -0.740784 0.086068 0.666207
vn -0.810717 0.086068 0.579077
vn -0.870456 0.086068 0.484664
vn -0.919248 0.086068 0.384156
vn -0.956479 0.086068 0.278818
vn -0.981683 0.086068 0.169973
vn -0.994541 0.086068 0.058991
vn -0.994893 0.086068 -0.052734
vn -0.982733 0.086068 -0.163795
vn -0.958214 0.086068 -0.272796
vn -0.921646 0.086068 -0.378367
vn -0.873487 0.086068 -0.479179
vn -0.814344 0.086068 -0.573966
vn -0.744960 0.086068 -0.661534
vn -0.666207 0.086068 -0.740784
vn -0.579077 0.086068 -0.810717
vn -0.484664 0.086068 -0.870456
vn -0.384156 0.086068 -0.919248
vn -0.278818 0.086068 -0.956479
vn -0.169973 0.086068 -0.981683
vn -0.058991 0.086068 -0.994541
vn 0.052734 0.086068 -0.994893
vn 0.163795 0.086068 -0.982733
vn 0.272796 0.086068 -0.958214
vn 0.378367 0.086068 -0.921646
vn 0.479179 0.086068 -0.873487
vn 0.573966 0.086068 -0.814344
vn 0.661534 0.086068 -0.744960
vn 0.740784 0.086068 -0.666207
vn 0.810717 0.086068 -0.579077
vn 0.870456 0.086068 -0.484664
vn 0.919248 0.086068 -0.384156
vn 0.956479 0.086068 -0.278818
vn 0.981683 0.086068 -0.169973
vn 0.994541 0.086068 -0.058991
vn 0.994893 0.086068 0.052734
vn 0.982733 0.086068 0.163795
vn 0.958214 0.086068 0.272796
vn 0.921646 0.086068 0.378367
vn 0.873487 0.086068 0.479179
vn 0.797803 0.089018 0.596310
vn 0.726021 0.089018 0.681886
vn 0.645109 0.089018 0.758887
vn 0.556085 0.089018 0.826345
vn 0.460067 0.089018 0.883411
vn 0.358263 0.089018 0.929367
vn 0.251955 0.089018 0.963636
vn 0.142477 0.089018 0.985787
vn 0.031208 0.089018 0.995541
vn -0.080453 0.089018 0.992775
vn -0.191103 0.089018 0.977525
vn -0.299349 0.089018 0.949982
vn -0.403831 0.089018 0.910492
vn -0.503235 0.089018 0.859553
vn -0.596310 0.089018 0.797803
vn -0.681886 0.089018 0.726021
vn -0.758887 0.089018 0.645109
vn -0.826345 0.089018 0.556085
vn -0.883411 0.089018 0.460067
vn -0.929367 0.089018 0.358263
vn -0.963636 0.089018 0.251955
vn -0.985787 0.089018 0.142477
vn -0.995541 0.089018 0.031208
vn -0.992775 0.089018 -0.080453
vn -0.977525 0.089018 -0.191103
vn -0.949982 0.089018 -0.299349
vn -0.910492 0.089018 -0.403831
vn -0.859553 0.089018 -0.503235
vn -0.797803 0.089018 -0.596310
vn -0.726021 0.089018 -0.681886
vn -0.645109 0.089018 -0.758887
vn -0.556085 0.089018 -0.826345
vn -0.460067 0.089018 -0.883411
vn -0.358263 0.089018 -0.929367
vn -0.251955 0.089018 -0.963636
vn -0.142477 0.089018 -0.985787
vn -0.031208 0.089018 -0.995541
vn 0.080453 0.089018 -0.992775
vn 0.191103 0.089018 -0.977525
vn 0.299349 0.089018 -0.949982
vn 0.403831 0.089018 -0.910492
vn 0.503235 0.089018 -0.859553
vn 0.596310 0.089018 -0.797803
vn 0.681886 0.089018 -0.726021
vn 0.758887 0.089018 -0.645109
vn 0.826345 0.089018 -0.556085
vn 0.883411 0.089018 -0.460067
vn 0.929367 0.089018 -0.358263
vn 0.963636 0.089018 -0.251955
vn 0.985787 0.089018 -0.142477
vn 0.995541 0.089018 -0.031208
vn 0.992775 0.089018 0.080453
vn 0.977525 0.089018 0.191103
vn 0.949982 0.089018 0.299349
vn 0.910492 0.089018 0.403831
vn 0.859553 0.089018 0.503235
vn 0.780652 0.091848 0.618180
vn 0.706530 0.091848 0.701698
vn 0.623522 0.091848 0.776392
vn 0.532673 0.091848 0.841323
vn 0.435125 0.091848 0.895673
vn 0.332106 0.091848 0.938760
vn 0.224910 0.091848 0.970041
vn 0.114886 0.091848 0.989123
vn 0.003416 0.091848 0.995767
vn -0.108096 0.091848 0.989889
vn -0.218248 0.091848 0.971561
vn -0.325656 0.091848 0.941016
vn -0.428969 0.091848 0.898638
vn -0.526887 0.091848 0.844958
vn -0.618180 0.091848 0.780652
vn -0.701698 0.091848 0.706530
vn -0.776392 0.091848 0.623522
vn -0.841323 0.091848 0.532673
vn -0.895673 0.091848 0.435125
vn -0.938760 0.091848 0.332106
vn -0.970041 0.091848 0.224910
vn -0.989123 0.091848 0.114886
vn -0.995767 0.091848 0.003416
vn -0.989889 0.091848 -0.108096
vn -0.971561 0.091848 -0.218248
vn -0.941016 0.091848 -0.325656
vn -0.898638 0.091848 -0.428969
vn -0.844958 0.091848 -0.526887
vn -0.780652 0.091848 -0.618180
vn -0.706530 0.091848 -0.701698
vn -0.623522 0.091848 -0.776392
vn -0.532673 0.091848 -0.841323
vn -0.435125 0.091848 -0.895673
vn -0.332106 0.091848 -0.938760
vn -0.224910 0.091848 -0.970041
vn -0.114886 0.091848 -0.989123
vn -0.003416 0.091848 -0.995767
vn 0.108096 0.091848 -0.989889
vn 0.218248 0.091848 -0.971561
vn 0.325656 0.091848 -0.941016
vn 0.428969 0.091848 -0.898638
vn 0.526887 0.091848 -0.844958
vn 0.618180 0.091848 -0.780652
vn 0.701698 0.091848 -0.706530
vn 0.776392 0.091848 -0.623522
vn 0.841323 0.091848 -0.532673
vn 0.895673 0.091848 -0.435125
vn 0.938760 0.091848 -0.332106
vn 0.970041 0.091848 -0.224910
vn 0.989123 0.091848 -0.114886
vn 0.995767 0.091848 -0.003416
vn 0.989889 0.091848 0.108096
vn 0.971561 0.091848 0.218248
vn 0.941016 0.091848 0.325656
vn 0.898638 0.091848 0.428969
vn 0.844958 0.091848 0.526887
vn 0.762905 0.094554 0.639559
vn 0.686500 0.094554 0.720956
vn 0.601462 0.094554 0.793286
vn 0.508860 0.094554 0.855641
vn 0.409859 0.094554 0.907235
vn 0.305704 0.094554 0.947420
vn 0.197705 0.094554 0.975691
vn 0.087219 0.094554 0.991692
vn -0.024364 0.094554 0.995222
vn -0.135640 0.094554 0.986236
vn -0.245211 0.094554 0.964848
vn -0.351698 0.094554 0.931326
vn -0.453762 0.094554 0.886093
vn -0.550119 0.094554 0.829716
vn -0.639559 0.094554 0.762905
vn -0.720956 0.094554 0.686500
vn -0.793286 0.094554 0.601462
vn -0.855641 0.094554 0.508860
vn -0.907235 0.094554 0.409859
vn -0.947420 0.094554 0.305704
vn -0.975691 0.094554 0.197705
vn -0.991692 0.094554 0.087219
vn -0.995222 0.094554 -0.024364
vn -0.986236 0.094554 -0.135640
vn -0.964848 0.094554 -0.245211
vn -0.931326 0.094554 -0.351698
vn -0.886093 0.094554 -0.453762
vn -0.829716 0.094554 -0.550119
vn -0.762905 0.094554 -0.639559
vn -0.686500 0.094554 -0.720956
vn -0.601462 0.094554 -0.793286
vn -0.508860 0.094554 -0.855641
vn -0.409859 0.094554 -0.907235
vn -0.305704 0.094554 -0.947420
vn -0.197705 0.094554 -0.975691
vn -0.087219 0.094554 -0.991692
vn 0.024364 0.094554 -0.995222
vn 0.135640 0.094554 -0.986236
vn 0.245211 0.094554 -0.964848
vn 0.351698 0.094554 -0.931326
vn 0.453762 0.094554 -0.886093
vn 0.550119 0.094554 -0.829716
vn 0.639559 0.094554 -0.762905
vn 0.720956 0.094554 -0.686500
vn 0.793286 0.094554 -0.601462
vn 0.855641 0.094554 -0.508860
vn 0.907235 0.094554 -0.409859
vn 0.947420 0.094554 -0.305704
vn 0.975691 0.094554 -0.197705
vn 0.991692 0.094554 -0.087219
vn 0.995222 0.094554 0.024364
vn 0.986236 0.094554 0.135640
vn 0.964848 0.094554 0.245211
vn 0.931326 0.094554 0.351698
vn 0.886093 0.094554 0.453762
vn 0.829716 0.094554 0.550119
vn 0.744576 0.097133 0.660433
vn 0.665949 0.097133 0.739646
vn 0.578948 0.097133 0.809558
vn 0.484666 0.097133 0.869289
vn 0.384289 0.097133 0.918089
vn 0.279079 0.097133 0.955343
vn 0.170360 0.097133 0.980583
vn 0.059498 0.097133 0.993491
vn -0.052111 0.097133 0.993906
vn -0.163066 0.097133 0.981822
vn -0.271970 0.097133 0.957391
vn -0.377454 0.097133 0.920920
vn -0.478191 0.097133 0.872868
vn -0.572914 0.097133 0.813839
vn -0.660433 0.097133 0.744576
vn -0.739646 0.097133 0.665949
vn -0.809558 0.097133 0.578948
vn -0.869289 0.097133 0.484666
vn -0.918089 0.097133 0.384289
vn -0.955343 0.097133 0.279079
vn -0.980583 0.097133 0.170360
vn -0.993491 0.097133 0.059498
vn -0.993906 0.097133 -0.052111
vn -0.981822 0.097133 -0.163066
vn -0.957391 0.097133 -0.271970
vn -0.920920 0.097133 -0.377454
vn -0.872868 0.097133 -0.478191
vn -0.813839 0.097133 -0.572914
vn -0.744576 0.097133 -0.660433
vn -0.665949 0.097133 -0.739646
vn -0.578948 0.097133 -0.809558
vn -0.484666 0.097133 -0.869289
vn -0.384289 0.097133 -0.918089
vn -0.279079 0.097133 -0.955343
vn -0.170360 0.097133 -0.980583
vn -0.059498 0.097133 -0.993491
vn 0.052111 0.097133 -0.993906
vn 0.163066 0.097133 -0.981822
vn 0.271970 0.097133 -0.957391
vn 0.377454 0.097133 -0.920920
vn 0.478191 0.097133 -0.872868
vn 0.572914 0.097133 -0.813839
vn 0.660433 0.097133 -0.744576
vn 0.739646 0.097133 -0.665949
vn 0.809558 0.097133 -0.578948
vn 0.869289 0.097133 -0.484666
vn 0.918089 0.097133 -0.384289
vn 0.955343 0.097133 -0.279079
vn 0.980583 0.097133 -0.170360
vn 0.993491 0.097133 -0.059498
vn 0.993906 0.097133 0.052111
vn 0.981822 0.097133 0.163066
vn 0.957391 0.097133 0.271970
vn 0.920920 0.097133 0.377454
vn 0.872868 0.097133 0.478191
vn 0.813839 0.097133 0.572914
vn 0.725681 0.099582 0.680786
vn 0.644895 0.099582 0.757756
vn 0.555998 0.099582 0.825197
vn 0.460109 0.099582 0.882260
vn 0.358434 0.099582 0.928229
vn 0.252252 0.099582 0.962524
vn 0.142897 0.099582 0.984715
vn 0.031746 0.099582 0.994523
vn -0.079805 0.099582 0.991824
vn -0.190352 0.099582 0.976652
vn -0.298506 0.099582 0.949198
vn -0.402905 0.099582 0.909808
vn -0.502238 0.099582 0.858976
vn -0.595255 0.099582 0.797342
vn -0.680786 0.099582 0.725681
vn -0.757756 0.099582 0.644895
vn -0.825197 0.099582 0.555998
vn -0.882260 0.099582 0.460109
vn -0.928229 0.099582 0.358434
vn -0.962524 0.099582 0.252252
vn -0.984715 0.099582 0.142897
vn -0.994523 0.099582 0.031746
vn -0.991824 0.099582 -0.079805
vn -0.976652 0.099582 -0.190352
vn -0.949198 0.099582 -0.298506
vn -0.909808 0.099582 -0.402905
vn -0.858976 0.099582 -0.502238
vn -0.797342 0.099582 -0.595255
vn -0.725681 0.099582 -0.680786
vn -0.644895 0.099582 -0.757756
vn -0.555998 0.099582 -0.825197
vn -0.460109 0.099582 -0.882260
vn -0.358434 0.099582 -0.928229
vn -0.252252 0.099582 -0.962524
vn -0.142897 0.099582 -0.984715
vn -0.031746 0.099582 -0.994523
vn 0.079805 0.099582 -0.991824
vn 0.190352 0.099582 -0.976652
vn 0.298506 0.099582 -0.949198
vn 0.402905 0.099582 -0.909808
vn 0.502238 0.099582 -0.858976
vn 0.595255 0.099582 -0.797342
vn 0.680786 0.099582 -0.725681
vn 0.757756 0.099582 -0.644895
vn 0.825197 0.099582 -0.555998
vn 0.882260 0.099582 -0.460109
vn 0.928229 0.099582 -0.358434
vn 0.962524 0.099582 -0.252252
vn 0.984715 0.099582 -0.142897
vn 0.994523 0.099582 -0.031746
vn 0.991824 0.099582 0.079805
vn 0.976652 0.099582 0.190352
vn 0.949198 0.099582 0.298506
vn 0.909808 0.099582 0.402905
vn 0.858976 0.099582 0.502238
vn 0.797342 0.099582 0.595255
vn 0.706236 0.101898 0.700605
vn 0.623353 0.101898 0.775273
vn 0.532630 0.101898 0.840192
vn 0.435209 0.101898 0.894544
vn 0.332316 0.101898 0.937648
vn 0.225243 0.101898 0.968959
vn 0.115338 0.101898 0.988086
vn 0.003982 0.101898 0.994787
vn -0.107424 0.101898 0.988978
vn -0.217479 0.101898 0.970732
vn -0.324799 0.101898 0.940278
vn -0.428034 0.101898 0.898000
vn -0.525887 0.101898 0.844429
vn -0.617126 0.101898 0.780238
vn -0.700605 0.101898 0.706236
vn -0.775273 0.101898 0.623353
vn -0.840192 0.101898 0.532630
vn -0.894544 0.101898 0.435209
vn -0.937648 0.101898 0.332316
vn -0.968959 0.101898 0.225243
vn -0.988086 0.101898 0.115338
vn -0.994787 0.101898 0.003982
vn -0.988978 0.101898 -0.107424
vn -0.970732 0.101898 -0.217479
vn -0.940278 0.101898 -0.324799
vn -0.898000 0.101898 -0.428034
vn -0.844429 0.101898 -0.525887
vn -0.780238 0.101898 -0.617126
vn -0.706236 0.101898 -0.700605
vn -0.623353 0.101898 -0.775273
vn -0.532630 0.101898 -0.840192
vn -0.435209 0.101898 -0.894544
vn -0.332316 0.101898 -0.937648
vn -0.225243 0.101898 -0.968959
vn -0.115338 0.101898 -0.988086
vn -0.003982 0.101898 -0.994787
vn 0.107424 0.101898 -0.988978
vn 0.217479 0.101898 -0.970732
vn 0.324799 0.101898 -0.940278
vn 0.428034 0.101898 -0.898000
vn 0.525887 0.101898 -0.844429
vn 0.617126 0.101898 -0.780238
vn 0.700605 0.101898 -0.706236
vn 0.775273 0.101898 -0.623353
vn 0.840192 0.101898 -0.532630
vn 0.894544 0.101898 -0.435209
vn 0.937648 0.101898 -0.332316
vn 0.968959 0.101898 -0.225243
vn 0.988086 0.101898 -0.115338
vn 0.994787 0.101898 -0.003982
vn 0.988978 0.101898 0.107424
vn 0.970732 0.101898 0.217479
vn 0.940278 0.101898 0.324799
vn 0.898000 0.101898 0.428034
vn 0.844429 0.101898 0.525887
vn 0.780238 0.101898 0.617126
vn 0.686256 0.104078 0.719875
vn 0.601341 0.104078 0.792185
vn 0.508863 0.104078 0.854533
vn 0.409986 0.104078 0.906134
vn 0.305953 0.104078 0.946340
vn 0.198073 0.104078 0.974646
vn 0.087702 0.104078 0.990695
vn -0.023772 0.104078 0.994285
vn -0.134947 0.104078 0.985372
vn -0.244425 0.104078 0.964066
vn -0.350830 0.104078 0.930638
vn -0.452822 0.104078 0.885506
vn -0.549120 0.104078 0.829238
vn -0.638512 0.104078 0.762542
vn -0.719875 0.104078 0.686256
vn -0.792185 0.104078 0.601341
vn -0.854533 0.104078 0.508863
vn -0.906134 0.104078 0.409986
vn -0.946340 0.104078 0.305953
vn -0.974646 0.104078 0.198073
vn -0.990695 0.104078 0.087702
vn -0.994285 0.104078 -0.023772
vn -0.985372 0.104078 -0.134947
vn -0.964066 0.104078 -0.244425
vn -0.930638 0.104078 -0.350830
vn -0.885506 0.104078 -0.452822
vn -0.829238 0.104078 -0.549120
vn -0.762542 0.104078 -0.638512
vn -0.686256 0.104078 -0.719875
vn -0.601341 0.104078 -0.792185
vn -0.508863 0.104078 -0.854533
vn -0.409986 0.104078 -0.906134
vn -0.305953 0.104078 -0.946340
vn -0.198073 0.104078 -0.974646
vn -0.087702 0.104078 -0.990695
vn 0.023772 0.104078 -0.994285
vn 0.134947 0.104078 -0.985372
vn 0.244425 0.104078 -0.964066
vn 0.350830 0.104078 -0.930638
vn 0.452822 0.104078 -0.885506
vn 0.549120 0.104078 -0.829238
vn 0.638512 0.104078 -0.762542
vn 0.719875 0.104078 -0.686256
vn 0.792185 0.104078 -0.601341
vn 0.854533 0.104078 -0.508863
vn 0.906134 0.104078 -0.409986
vn 0.946340 0.104078 -0.305953
vn 0.974646 0.104078 -0.198073
vn 0.990695 0.104078 -0.087702
vn 0.994285 0.104078 0.023772
vn 0.985372 0.104078 0.134947
vn 0.964066 0.104078 0.244425
vn 0.930638 0.104078 0.350830
vn 0.885506 0.104078 0.452822
vn 0.829238 0.104078 0.549120
vn 0.762542 0.104078 0.638512
vn 0.665758 0.106118 0.738583
vn 0.578876 0.106118 0.808481
vn 0.484716 0.106118 0.868211
vn 0.384459 0.106118 0.917022
vn 0.279368 0.106118 0.954302
vn 0.170763 0.106118 0.979581
vn 0.060011 0.106118 0.992541
vn -0.051496 0.106118 0.993019
vn -0.162355 0.106118 0.981010
vn -0.271172 0.106118 0.956663
vn -0.376579 0.106118 0.920286
vn -0.477251 0.106118 0.872336
vn -0.571921 0.106118 0.813416
vn -0.659398 0.106118 0.744267
vn -0.738583 0.106118 0.665758
vn -0.808481 0.106118 0.578876
vn -0.868211 0.106118 0.484716
vn -0.917022 0.106118 0.384459
vn -0.954302 0.106118 0.279368
vn -0.979581 0.106118 0.170763
vn -0.992541 0.106118 0.060011
vn -0.993019 0.106118 -0.051496
vn -0.981010 0.106118 -0.162355
vn -0.956663 0.106118 -0.271172
vn -0.920286 0.106118 -0.376579
vn -0.872336 0.106118 -0.477251
vn -0.813416 0.106118 -0.571921
vn -0.744267 0.106118 -0.659398
vn -0.665758 0.106118 -0.738583
vn -0.578876 0.106118 -0.808481
vn -0.484716 0.106118 -0.868211
vn -0.384459 0.106118 -0.917022
vn -0.279368 0.106118 -0.954302
vn -0.170763 0.106118 -0.979581
vn -0.060011 0.106118 -0.992541
vn 0.051496 0.106118 -0.993019
vn 0.162355 0.106118 -0.981010
vn 0.271172 0.106118 -0.956663
vn 0.376579 0.106118 -0.920286
vn 0.477251 0.106118 -0.872336
vn 0.571921 0.106118 -0.813416
vn 0.659398 0.106118 -0.744267
vn 0.738583 0.106118 -0.665758
vn 0.808481 0.106118 -0.578876
vn 0.868211 0.106118 -0.484716
vn 0.917022 0.106118 -0.384459
vn 0.954302 0.106118 -0.279368
vn 0.979581 0.106118 -0.170763
vn 0.992541 0.106118 -0.060011
vn 0.993019 0.106118 0.051496
vn 0.981010 0.106118 0.162355
vn 0.956663 0.106118 0.271172
vn 0.920286 0.106118 0.376579
vn 0.872336 0.106118 0.477251
vn 0.813416 0.106118 0.571921
vn 0.744267 0.106118 0.659398
vn 0.644757 0.108018 0.756717
vn 0.555977 0.108018 0.824149
vn 0.460206 0.108018 0.881216
vn 0.358647 0.108018 0.927202
vn 0.252579 0.108018 0.961528
vn 0.143334 0.108018 0.983762
vn 0.032286 0.108018 0.993625
vn -0.079168 0.108018 0.990992
vn -0.189626 0.108018 0.975897
vn -0.297699 0.108018 0.948529
vn -0.402029 0.108018 0.909233
vn -0.501303 0.108018 0.858503
vn -0.594273 0.108018 0.796977
vn -0.679769 0.108018 0.725428
vn -0.756717 0.108018 0.644757
vn -0.824149 0.108018 0.555977
vn -0.881216 0.108018 0.460206
vn -0.927202 0.108018 0.358647
vn -0.961528 0.108018 0.252579
vn -0.983762 0.108018 0.143334
vn -0.993625 0.108018 0.032286
vn -0.990992 0.108018 -0.079168
vn -0.975897 0.108018 -0.189626
vn -0.948529 0.108018 -0.297699
vn -0.909233 0.108018 -0.402029
vn -0.858503 0.108018 -0.501303
vn -0.796977 0.108018 -0.594273
vn -0.725428 0.108018 -0.679769
vn -0.644757 0.108018 -0.756717
vn -0.555977 0.108018 -0.824149
vn -0.460206 0.108018 -0.881216
vn -0.358647 0.108018 -0.927202
vn -0.252579 0.108018 -0.961528
vn -0.143334 0.108018 -0.983762
vn -0.032286 0.108018 -0.993625
vn 0.079168 0.108018 -0.990992
vn 0.189626 0.108018 -0.975897
vn 0.297699 0.108018 -0.948529
vn 0.402029 0.108018 -0.909233
vn 0.501303 0.108018 -0.858503
vn 0.594273 0.108018 -0.796977
vn 0.679769 0.108018 -0.725428
vn 0.756717 0.108018 -0.644757
vn 0.824149 0.108018 -0.555977
vn 0.881216 0.108018 -0.460206
vn 0.927202 0.108018 -0.358647
vn 0.961528 0.108018 -0.252579
vn 0.983762 0.108018 -0.143334
vn 0.993625 0.108018 -0.032286
vn 0.990992 0.108018 0.079168
vn 0.975897 0.108018 0.189626
vn 0.948529 0.108018 0.297699
vn 0.909233 0.108018 0.402029
vn 0.858503 0.108018 0.501303
vn 0.796977 0.108018 0.594273
vn 0.725428 0.108018 0.679769
vn 0.623270 0.109774 0.774263
vn 0.532661 0.109774 0.839179
vn 0.435354 0.109774 0.893542
vn 0.332571 0.109774 0.936667
vn 0.225607 0.109774 0.968014
vn 0.115805 0.109774 0.987187
vn 0.004547 0.109774 0.993946
vn -0.106768 0.109774 0.988206
vn -0.216741 0.109774 0.970038
vn -0.323988 0.109774 0.939671
vn -0.427160 0.109774 0.897487
vn -0.524961 0.109774 0.844017
vn -0.616160 0.109774 0.779933
vn -0.699611 0.109774 0.706041
vn -0.774263 0.109774 0.623270
vn -0.839179 0.109774 0.532661
vn -0.893542 0.109774 0.435354
vn -0.936667 0.109774 0.332571
vn -0.968014 0.109774 0.225607
vn -0.987187 0.109774 0.115805
vn -0.993946 0.109774 0.004547
vn -0.988206 0.109774 -0.106768
vn -0.970038 0.109774 -0.216741
vn -0.939671 0.109774 -0.323988
vn -0.897487 0.109774 -0.427160
vn -0.844017 0.109774 -0.524961
vn -0.779933 0.109774 -0.616160
vn -0.706041 0.109774 -0.699611
vn -0.623270 0.109774 -0.774263
vn -0.532661 0.109774 -0.839179
vn -0.435354 0.109774 -0.893542
vn -0.332571 0.109774 -0.936667
vn -0.225607 0.109774 -0.968014
vn -0.115805 0.109774 -0.987187
vn -0.004547 0.109774 -0.993946
vn 0.106768 0.109774 -0.988206
vn 0.216741 0.109774 -0.970038
vn 0.323988 0.109774 -0.939671
vn 0.427160 0.109774 -0.897487
vn 0.524961 0.109774 -0.844017
vn 0.616160 0.109774 -0.779933
vn 0.699611 0.109774 -0.706041
vn 0.774263 0.109774 -0.623270
vn 0.839179 0.109774 -0.532661
vn 0.893542 0.109774 -0.435354
vn 0.936667 0.109774 -0.332571
vn 0.968014 0.109774 -0.225607
vn 0.987187 0.109774 -0.115805
vn 0.993946 0.109774 -0.004547
vn 0.988206 0.109774 0.106768
vn 0.970038 0.109774 0.216741
vn 0.939671 0.109774 0.323988
vn 0.897487 0.109774 0.427160
vn 0.844017 0.109774 0.524961
vn 0.779933 0.109774 0.616160
vn 0.706041 0.109774 0.699611
vn 0.601315 0.111384 0.791211
vn 0.508946 0.111384 0.853562
vn 0.410177 0.111384 0.905178
vn 0.306251 0.111384 0.945412
vn 0.198472 0.111384 0.973757
vn 0.088198 0.111384 0.989856
vn -0.023185 0.111384 0.993507
vn -0.134277 0.111384 0.984664
vn -0.243680 0.111384 0.963438
vn -0.350018 0.111384 0.930097
vn -0.451955 0.111384 0.885059
vn -0.548209 0.111384 0.828891
vn -0.637568 0.111384 0.762299
vn -0.718910 0.111384 0.686121
vn -0.791211 0.111384 0.601315
vn -0.853562 0.111384 0.508946
vn -0.905178 0.111384 0.410177
vn -0.945412 0.111384 0.306251
vn -0.973757 0.111384 0.198472
vn -0.989856 0.111384 0.088198
vn -0.993507 0.111384 -0.023185
vn -0.984664 0.111384 -0.134277
vn -0.963438 0.111384 -0.243680
vn -0.930097 0.111384 -0.350018
vn -0.885059 0.111384 -0.451955
vn -0.828891 0.111384 -0.548209
vn -0.762299 0.111384 -0.637568
vn -0.686121 0.111384 -0.718910
vn -0.601315 0.111384 -0.791211
vn -0.508946 0.111384 -0.853562
vn -0.410177 0.111384 -0.905178
vn -0.306251 0.111384 -0.945412
vn -0.198472 0.111384 -0.973757
vn -0.088198 0.111384 -0.989856
vn 0.023185 0.111384 -0.993507
vn 0.134277 0.111384 -0.984664
vn 0.243680 0.111384 -0.963438
vn 0.350018 0.111384 -0.930097
vn 0.451955 0.111384 -0.885059
vn 0.548209 0.111384 -0.828891
vn 0.637568 0.111384 -0.762299
vn 0.718910 0.111384 -0.686121
vn 0.791211 0.111384 -0.601315
vn 0.853562 0.111384 -0.508946
vn 0.905178 0.111384 -0.410177
vn 0.945412 0.111384 -0.306251
vn 0.973757 0.111384 -0.198472
vn 0.989856 0.111384 -0.088198
vn 0.993507 0.111384 0.023185
vn 0.984664 0.111384 0.134277
vn 0.963438 0.111384 0.243680
vn 0.930097 0.111384 0.350018
vn 0.885059 0.111384 0.451955
vn 0.828891 0.111384 0.548209
vn 0.762299 0.111384 0.637568
vn 0.686121 0.111384 0.718910
vn 0.578907 0.112847 0.807547
vn 0.484850 0.112847 0.867286
vn 0.384696 0.112847 0.916119
vn 0.279705 0.112847 0.953431
vn 0.171196 0.112847 0.978753
vn 0.060534 0.112847 0.991767
vn -0.050890 0.112847 0.992308
vn -0.161673 0.112847 0.980371
vn -0.270423 0.112847 0.956105
vn -0.375773 0.112847 0.919815
vn -0.476396 0.112847 0.871959
vn -0.571029 0.112847 0.813136
vn -0.658481 0.112847 0.744089
vn -0.737652 0.112847 0.665683
vn -0.807547 0.112847 0.578907
vn -0.867286 0.112847 0.484850
vn -0.916119 0.112847 0.384696
vn -0.953431 0.112847 0.279705
vn -0.978753 0.112847 0.171196
vn -0.991767 0.112847 0.060534
vn -0.992308 0.112847 -0.050890
vn -0.980371 0.112847 -0.161673
vn -0.956105 0.112847 -0.270423
vn -0.919815 0.112847 -0.375773
vn -0.871959 0.112847 -0.476396
vn -0.813136 0.112847 -0.571029
vn -0.744089 0.112847 -0.658481
vn -0.665683 0.112847 -0.737652
vn -0.578907 0.112847 -0.807547
vn -0.484850 0.112847 -0.867286
vn -0.384696 0.112847 -0.916119
vn -0.279705 0.112847 -0.953431
vn -0.171196 0.112847 -0.978753
vn -0.060534 0.112847 -0.991767
vn 0.050890 0.112847 -0.992308
vn 0.161673 0.112847 -0.980371
vn 0.270423 0.112847 -0.956105
vn 0.375773 0.112847 -0.919815
vn 0.476396 0.112847 -0.871959
vn 0.571029 0.112847 -0.813136
vn 0.658481 0.112847 -0.744089
vn 0.737652 0.112847 -0.665683
vn 0.807547 0.112847 -0.578907
vn 0.867286 0.112847 -0.484850
vn 0.916119 0.112847 -0.384696
vn 0.953431 0.112847 -0.279705
vn 0.978753 0.112847 -0.171196
vn 0.991767 0.112847 -0.060534
vn 0.992308 0.112847 0.050890
vn 0.980371 0.112847 0.161673
vn 0.956105 0.112847 0.270423
vn 0.919815 0.112847 0.375773
vn 0.871959 0.112847 0.476396
vn 0.813136 0.112847 0.571029
vn 0.744089 0.112847 0.658481
vn 0.665683 0.112847 0.737652
vn 0.556064 0.114161 0.823262
vn 0.460392 0.114161 0.880345
vn 0.358930 0.114161 0.926357
vn 0.252954 0.114161 0.960719
vn 0.143797 0.114161 0.983000
vn 0.032831 0.114161 0.992920
vn -0.078547 0.114161 0.990352
vn -0.188937 0.114161 0.975331
vn -0.296952 0.114161 0.948044
vn -0.401232 0.114161 0.908835
vn -0.500466 0.114161 0.858196
vn -0.593407 0.114161 0.796766
vn -0.678885 0.114161 0.725316
vn -0.755826 0.114161 0.644744
vn -0.823262 0.114161 0.556064
vn -0.880345 0.114161 0.460392
vn -0.926357 0.114161 0.358930
vn -0.960719 0.114161 0.252954
vn -0.983000 0.114161 0.143797
vn -0.992920 0.114161 0.032831
vn -0.990352 0.114161 -0.078547
vn -0.975331 0.114161 -0.188937
vn -0.948044 0.114161 -0.296952
vn -0.908835 0.114161 -0.401232
vn -0.858196 0.114161 -0.500466
vn -0.796766 0.114161 -0.593407
vn -0.725316 0.114161 -0.678885
vn -0.644744 0.114161 -0.755826
vn -0.556064 0.114161 -0.823262
vn -0.460392 0.114161 -0.880345
vn -0.358930 0.114161 -0.926357
vn -0.252954 0.114161 -0.960719
vn -0.143797 0.114161 -0.983000
vn -0.032831 0.114161 -0.992920
vn 0.078547 0.114161 -0.990352
vn 0.188937 0.114161 -0.975331
vn 0.296952 0.114161 -0.948044
vn 0.401232 0.114161 -0.908835
vn 0.500466 0.114161 -0.858196
vn 0.593407 0.114161 -0.796766
vn 0.678885 0.114161 -0.725316
vn 0.755826 0.114161 -0.644744
vn 0.823262 0.114161 -0.556064
vn 0.880345 0.114161 -0.460392
vn 0.926357 0.114161 -0.358930
vn 0.960719 0.114161 -0.252954
vn 0.983000 0.114161 -0.143797
vn 0.992920 0.114161 -0.032831
vn 0.990352 0.114161 0.078547
vn 0.975331 0.114161 0.188937
vn 0.948044 0.114161 0.296952
vn 0.908835 0.114161 0.401232
vn 0.858196 0.114161 0.500466
vn 0.796766 0.114161 0.593407
vn 0.725316 0.114161 0.678885
vn 0.644744 0.114161 0.755826
vn 0.532804 0.115323 0.838344
vn 0.435589 0.115323 0.892728
vn 0.332896 0.115323 0.935885
vn 0.226017 0.115323 0.967273
vn 0.116296 0.115323 0.986497
vn 0.005112 0.115323 0.993315
vn -0.106136 0.115323 0.987641
vn -0.216049 0.115323 0.969548
vn -0.323246 0.115323 0.939262
vn -0.426377 0.115323 0.897164
vn -0.524147 0.115323 0.843784
vn -0.615325 0.115323 0.779792
vn -0.698765 0.115323 0.705994
vn -0.773417 0.115323 0.623318
vn -0.838344 0.115323 0.532804
vn -0.892728 0.115323 0.435589
vn -0.935885 0.115323 0.332896
vn -0.967273 0.115323 0.226017
vn -0.986497 0.115323 0.116296
vn -0.993315 0.115323 0.005112
vn -0.987641 0.115323 -0.106136
vn -0.969548 0.115323 -0.216049
vn -0.939262 0.115323 -0.323246
vn -0.897164 0.115323 -0.426377
vn -0.843784 0.115323 -0.524147
vn -0.779792 0.115323 -0.615325
vn -0.705994 0.115323 -0.698765
vn -0.623318 0.115323 -0.773417
vn -0.532804 0.115323 -0.838344
vn -0.435589 0.115323 -0.892728
vn -0.332896 0.115323 -0.935885
vn -0.226017 0.115323 -0.967273
vn -0.116296 0.115323 -0.986497
vn -0.005112 0.115323 -0.993315
vn 0.106136 0.115323 -0.987641
vn 0.216049 0.115323 -0.969548
vn 0.323246 0.115323 -0.939262
vn 0.426377 0.115323 -0.897164
vn 0.524147 0.115323 -0.843784
vn 0.615325 0.115323 -0.779792
vn 0.698765 0.115323 -0.705994
vn 0.773417 0.115323 -0.623318
vn 0.838344 0.115323 -0.532804
vn 0.892728 0.115323 -0.435589
vn 0.935885 0.115323 -0.332896
vn 0.967273 0.115323 -0.226017
vn 0.986497 0.115323 -0.116296
vn 0.993315 0.115323 -0.005112
vn 0.987641 0.115323 0.106136
vn 0.969548 0.115323 0.216049
vn 0.939262 0.115323 0.323246
vn 0.897164 0.115323 0.426377
vn 0.843784 0.115323 0.524147
vn 0.779792 0.115323 0.615325
vn 0.705994 0.115323 0.698765
vn 0.623318 0.115323 0.773417
vn 0.509143 0.116334 0.852783
vn 0.410461 0.116334 0.904427
vn 0.306616 0.116334 0.944697
vn 0.198916 0.116334 0.973087
vn 0.088714 0.116334 0.989240
vn -0.022604 0.116334 0.992953
vn -0.133637 0.116334 0.984179
vn -0.242990 0.116334 0.963028
vn -0.349287 0.116334 0.929766
vn -0.451192 0.116334 0.884812
vn -0.547422 0.116334 0.828731
vn -0.636769 0.116334 0.762228
vn -0.718107 0.116334 0.686140
vn -0.790415 0.116334 0.601423
vn -0.852783 0.116334 0.509143
vn -0.904427 0.116334 0.410461
vn -0.944697 0.116334 0.306616
vn -0.973087 0.116334 0.198916
vn -0.989240 0.116334 0.088714
vn -0.992953 0.116334 -0.022604
vn -0.984179 0.116334 -0.133637
vn -0.963028 0.116334 -0.242990
vn -0.929766 0.116334 -0.349287
vn -0.884812 0.116334 -0.451192
vn -0.828731 0.116334 -0.547422
vn -0.762228 0.116334 -0.636769
vn -0.686140 0.116334 -0.718107
vn -0.601423 0.116334 -0.790415
vn -0.509143 0.116334 -0.852783
vn -0.410461 0.116334 -0.904427
vn -0.306616 0.116334 -0.944697
vn -0.198916 0.116334 -0.973087
vn -0.088714 0.116334 -0.989240
vn 0.022604 0.116334 -0.992953
vn 0.133637 0.116334 -0.984179
vn 0.242990 0.116334 -0.963028
vn 0.349287 0.116334 -0.929766
vn 0.451192 0.116334 -0.884812
vn 0.547422 0.116334 -0.828731
vn 0.636769 0.116334 -0.762228
vn 0.718107 0.116334 -0.686140
vn 0.790415 0.116334 -0.601423
vn 0.852783 0.116334 -0.509143
vn 0.904427 0.116334 -0.410461
vn 0.944697 0.116334 -0.306616
vn 0.973087 0.116334 -0.198916
vn 0.989240 0.116334 -0.088714
vn 0.992953 0.116334 0.022604
vn 0.984179 0.116334 0.133637
vn 0.963028 0.116334 0.242990
vn 0.929766 0.116334 0.349287
vn 0.884812 0.116334 0.451192
vn 0.828731 0.116334 0.547422
vn 0.762228 0.116334 0.636769
vn 0.686140 0.116334 0.718107
vn 0.601423 0.116334 0.790415
vn 0.485100 0.117191 0.866570
vn 0.385025 0.117191 0.915435
vn 0.280108 0.117191 0.952788
vn 0.171668 0.117191 0.978160
vn 0.061070 0.117191 0.991230
vn -0.050297 0.117191 0.991835
vn -0.161031 0.117191 0.979967
vn -0.269740 0.117191 0.955775
vn -0.375057 0.117191 0.919564
vn -0.475657 0.117191 0.871789
vn -0.570276 0.117191 0.813051
vn -0.657723 0.117191 0.744088
vn -0.736898 0.117191 0.665768
vn -0.806807 0.117191 0.579075
vn -0.866570 0.117191 0.485100
vn -0.915435 0.117191 0.385025
vn -0.952788 0.117191 0.280108
vn -0.978160 0.117191 0.171668
vn -0.991230 0.117191 0.061070
vn -0.991835 0.117191 -0.050297
vn -0.979967 0.117191 -0.161031
vn -0.955775 0.117191 -0.269740
vn -0.919564 0.117191 -0.375057
vn -0.871789 0.117191 -0.475657
vn -0.813051 0.117191 -0.570276
vn -0.744088 0.117191 -0.657723
vn -0.665768 0.117191 -0.736898
vn -0.579075 0.117191 -0.806807
vn -0.485100 0.117191 -0.866570
vn -0.385025 0.117191 -0.915435
vn -0.280108 0.117191 -0.952788
vn -0.171668 0.117191 -0.978160
vn -0.061070 0.117191 -0.991230
vn 0.050297 0.117191 -0.991835
vn 0.161031 0.117191 -0.979967
vn 0.269740 0.117191 -0.955775
vn 0.375057 0.117191 -0.919564
vn 0.475657 0.117191 -0.871789
vn 0.570276 0.117191 -0.813051
vn 0.657723 0.117191 -0.744088
vn 0.736898 0.117191 -0.665768
vn 0.806807 0.117191 -0.579075
vn 0.866570 0.117191 -0.485100
vn 0.915435 0.117191 -0.385025
vn 0.952788 0.117191 -0.280108
vn 0.978160 0.117191 -0.171668
vn 0.991230 0.117191 -0.061070
vn 0.991835 0.117191 0.050297
vn 0.979967 0.117191 0.161031
vn 0.955775 0.117191 0.269740
vn 0.919564 0.117191 0.375057
vn 0.871789 0.117191 0.475657
vn 0.813051 0.117191 0.570276
vn 0.744088 0.117191 0.657723
vn 0.665768 0.117191 0.736898
vn 0.579075 0.117191 0.806807
vn 0.460693 0.117893 0.879695
vn 0.359301 0.117893 0.925745
vn 0.253392 0.117893 0.960153
vn 0.144295 0.117893 0.982487
vn 0.033384 0.117893 0.992465
vn -0.077946 0.117893 0.989962
vn -0.188297 0.117893 0.975011
vn -0.296279 0.117893 0.947797
vn -0.400536 0.117893 0.908665
vn -0.499756 0.117893 0.858106
vn -0.592691 0.117893 0.796755
vn -0.678172 0.117893 0.725385
vn -0.755125 0.117893 0.644893
vn -0.822582 0.117893 0.556291
vn -0.879695 0.117893 0.460693
vn -0.925745 0.117893 0.359301
vn -0.960153 0.117893 0.253392
vn -0.982487 0.117893 0.144295
vn -0.992465 0.117893 0.033384
vn -0.989962 0.117893 -0.077946
vn -0.975011 0.117893 -0.188297
vn -0.947797 0.117893 -0.296279
vn -0.908665 0.117893 -0.400536
vn -0.858106 0.117893 -0.499756
vn -0.796755 0.117893 -0.592691
vn -0.725385 0.117893 -0.678172
vn -0.644893 0.117893 -0.755125
vn -0.556291 0.117893 -0.822582
vn -0.460693 0.117893 -0.879695
vn -0.359301 0.117893 -0.925745
vn -0.253392 0.117893 -0.960153
vn -0.144295 0.117893 -0.982487
vn -0.033384 0.117893 -0.992465
vn 0.077946 0.117893 -0.989962
vn 0.188297 0.117893 -0.975011
vn 0.296279 0.117893 -0.947797
vn 0.400536 0.117893 -0.908665
vn 0.499756 0.117893 -0.858106
vn 0.592691 0.117893 -0.796755
vn 0.678172 0.117893 -0.725385
vn 0.755125 0.117893 -0.644893
vn 0.822582 0.117893 -0.556291
vn 0.879695 0.117893 -0.460693
vn 0.925745 0.117893 -0.359301
vn 0.960153 0.117893 -0.253392
vn 0.982487 0.117893 -0.144295
vn 0.992465 0.117893 -0.033384
vn 0.989962 0.117893 0.077946
vn 0.975011 0.117893 0.188297
vn 0.947797 0.117893 0.296279
vn 0.908665 0.117893 0.400536
vn 0.858106 0.117893 0.499756
vn 0.796755 0.117893 0.592691
vn 0.725385 0.117893 0.678172
vn 0.644893 0.117893 0.755125
vn 0.556291 0.117893 0.822582
vn 0.435938 0.118441 0.892149
vn 0.333308 0.118441 0.935349
vn 0.226487 0.118441 0.966786
vn 0.116817 0.118441 0.986066
vn 0.005678 0.118441 0.992945
vn -0.105532 0.118441 0.987337
vn -0.215415 0.118441 0.969313
vn -0.322590 0.118441 0.939099
vn -0.425707 0.118441 0.897076
vn -0.523471 0.118441 0.843771
vn -0.614652 0.118441 0.779856
vn -0.698103 0.118441 0.706133
vn -0.772775 0.118441 0.623530
vn -0.837730 0.118441 0.533086
vn -0.892149 0.118441 0.435938
vn -0.935349 0.118441 0.333308
vn -0.966786 0.118441 0.226487
vn -0.986066 0.118441 0.116817
vn -0.992945 0.118441 0.005678
vn -0.987337 0.118441 -0.105532
vn -0.969313 0.118441 -0.215415
vn -0.939099 0.118441 -0.322590
vn -0.897076 0.118441 -0.425707
vn -0.843771 0.118441 -0.523471
vn -0.779856 0.118441 -0.614652
vn -0.706133 0.118441 -0.698103
vn -0.623530 0.118441 -0.772775
vn -0.533086 0.118441 -0.837730
vn -0.435938 0.118441 -0.892149
vn -0.333308 0.118441 -0.935349
vn -0.226487 0.118441 -0.966786
vn -0.116817 0.118441 -0.986066
vn -0.005678 0.118441 -0.992945
vn 0.105532 0.118441 -0.987337
vn 0.215415 0.118441 -0.969313
vn 0.322590 0.118441 -0.939099
vn 0.425707 0.118441 -0.897076
vn 0.523471 0.118441 -0.843771
vn 0.614652 0.118441 -0.779856
vn 0.698103 0.118441 -0.706133
vn 0.772775 0.118441 -0.623530
vn 0.837730 0.118441 -0.533086
vn 0.892149 0.118441 -0.435938
vn 0.935349 0.118441 -0.333308
vn 0.966786 0.118441 -0.226487
vn 0.986066 0.118441 -0.116817
vn 0.992945 0.118441 -0.005678
vn 0.987337 0.118441 0.105532
vn 0.969313 0.118441 0.215415
vn 0.939099 0.118441 0.322590
vn 0.897076 0.118441 0.425707
vn 0.843771 0.118441 0.523471
vn 0.779856 0.118441 0.614652
vn 0.706133 0.118441 0.698103
vn 0.623530 0.118441 0.772775
vn 0.533086 0.118441 0.837730
vn 0.410855 0.118832 0.903923
vn 0.307065 0.118832 0.944241
vn 0.199413 0.118832 0.972684
vn 0.089253 0.118832 0.988895
vn -0.022030 0.118832 0.992670
vn -0.133035 0.118832 0.983962
vn -0.242367 0.118832 0.962880
vn -0.348652 0.118832 0.929689
vn -0.450551 0.118832 0.884806
vn -0.546785 0.118832 0.828797
vn -0.636143 0.118832 0.762365
vn -0.717501 0.118832 0.686346
vn -0.789836 0.118832 0.601696
vn -0.852238 0.118832 0.509479
vn -0.903923 0.118832 0.410855
vn -0.944241 0.118832 0.307065
vn -0.972684 0.118832 0.199413
vn -0.988895 0.118832 0.089253
vn -0.992670 0.118832 -0.022030
vn -0.983962 0.118832 -0.133035
vn -0.962880 0.118832 -0.242367
vn -0.929689 0.118832 -0.348652
vn -0.884806 0.118832 -0.450551
vn -0.828797 0.118832 -0.546785
vn -0.762365 0.118832 -0.636143
vn -0.686346 0.118832 -0.717501
vn -0.601696 0.118832 -0.789836
vn -0.509479 0.118832 -0.852238
vn -0.410855 0.118832 -0.903923
vn -0.307065 0.118832 -0.944241
vn -0.199413 0.118832 -0.972684
vn -0.089253 0.118832 -0.988895
vn 0.022030 0.118832 -0.992670
vn 0.133035 0.118832 -0.983962
vn 0.242367 0.118832 -0.962880
vn 0.348652 0.118832 -0.929689
vn 0.450551 0.118832 -0.884806
vn 0.546785 0.118832 -0.828797
vn 0.636143 0.118832 -0.762365
vn 0.717501 0.118832 -0.686346
vn 0.789836 0.118832 -0.601696
vn 0.852238 0.118832 -0.509479
vn 0.903923 0.118832 -0.410855
vn 0.944241 0.118832 -0.307065
vn 0.972684 0.118832 -0.199413
vn 0.988895 0.118832 -0.089253
vn 0.992670 0.118832 0.022030
vn 0.983962 0.118832 0.133035
vn 0.962880 0.118832 0.242367
vn 0.929689 0.118832 0.348652
vn 0.884806 0.118832 0.450551
vn 0.828797 0.118832 0.546785
vn 0.762365 0.118832 0.636143
vn 0.686346 0.118832 0.717501
vn 0.601696 0.118832 0.789836
vn 0.509479 0.118832 0.852238
vn 0.385462 0.119067 0.915009
vn 0.280590 0.119067 0.952414
vn 0.172189 0.119067 0.977842
vn 0.061623 0.119067 0.990972
vn -0.049718 0.119067 0.991641
vn -0.160434 0.119067 0.979839
vn -0.269133 0.119067 0.955715
vn -0.374447 0.119067 0.919572
vn -0.475052 0.119067 0.871865
vn -0.569682 0.119067 0.813194
vn -0.657149 0.119067 0.744297
vn -0.736352 0.119067 0.666040
vn -0.806295 0.119067 0.579406
vn -0.866098 0.119067 0.485487
vn -0.915009 0.119067 0.385462
vn -0.952414 0.119067 0.280590
vn -0.977842 0.119067 0.172189
vn -0.990972 0.119067 0.061623
vn -0.991641 0.119067 -0.049718
vn -0.979839 0.119067 -0.160434
vn -0.955715 0.119067 -0.269133
vn -0.919572 0.119067 -0.374447
vn -0.871865 0.119067 -0.475052
vn -0.813194 0.119067 -0.569682
vn -0.744297 0.119067 -0.657149
vn -0.666040 0.119067 -0.736352
vn -0.579406 0.119067 -0.806295
vn -0.485487 0.119067 -0.866098
vn -0.385462 0.119067 -0.915009
vn -0.280590 0.119067 -0.952414
vn -0.172189 0.119067 -0.977842
vn -0.061623 0.119067 -0.990972
vn 0.049718 0.119067 -0.991641
vn 0.160434 0.119067 -0.979839
vn 0.269133 0.119067 -0.955715
vn 0.374447 0.119067 -0.919572
vn 0.475052 0.119067 -0.871865
vn 0.569682 0.119067 -0.813194
vn 0.657149 0.119067 -0.744297
vn 0.736352 0.119067 -0.666040
vn 0.806295 0.119067 -0.579406
vn 0.866098 0.119067 -0.485487
vn 0.915009 0.119067 -0.385462
vn 0.952414 0.119067 -0.280590
vn 0.977842 0.119067 -0.172189
vn 0.990972 0.119067 -0.061623
vn 0.991641 0.119067 0.049718
vn 0.979839 0.119067 0.160434
vn 0.955715 0.119067 0.269133
vn 0.919572 0.119067 0.374447
vn 0.871865 0.119067 0.475052
vn 0.813194 0.119067 0.569682
vn 0.744297 0.119067 0.657149
vn 0.666040 0.119067 0.736352
vn 0.579406 0.119067 0.806295
vn 0.485487 0.119067 0.866098
vn 0.359777 0.119145 0.925400
vn 0.253902 0.119145 0.959864
vn 0.144835 0.119145 0.982256
vn 0.033947 0.119145 0.992296
vn -0.077368 0.119145 0.989858
vn -0.187711 0.119145 0.974971
vn -0.295693 0.119145 0.947824
vn -0.399956 0.119145 0.908757
vn -0.499190 0.119145 0.858262
vn -0.592146 0.119145 0.796974
vn -0.677655 0.119145 0.725664
vn -0.754643 0.119145 0.645227
vn -0.822140 0.119145 0.556677
vn -0.879299 0.119145 0.461126
vn -0.925400 0.119145 0.359777
vn -0.959864 0.119145 0.253902
vn -0.982256 0.119145 0.144835
vn -0.992296 0.119145 0.033947
vn -0.989858 0.119145 -0.077368
vn -0.974971 0.119145 -0.187711
vn -0.947824 0.119145 -0.295693
vn -0.908757 0.119145 -0.399956
vn -0.858262 0.119145 -0.499190
vn -0.796974 0.119145 -0.592146
vn -0.725664 0.119145 -0.677655
vn -0.645227 0.119145 -0.754643
vn -0.556677 0.119145 -0.822140
vn -0.461126 0.119145 -0.879299
vn -0.359777 0.119145 -0.925400
vn -0.253902 0.119145 -0.959864
vn -0.144835 0.119145 -0.982256
vn -0.033947 0.119145 -0.992296
vn 0.077368 0.119145 -0.989858
vn 0.187711 0.119145 -0.974971
vn 0.295693 0.119145 -0.947824
vn 0.399956 0.119145 -0.908757
vn 0.499190 0.119145 -0.858262
vn 0.592146 0.119145 -0.796974
vn 0.677655 0.119145 -0.725664
vn 0.754643 0.119145 -0.645227
vn 0.822140 0.119145 -0.556677
vn 0.879299 0.119145 -0.461126
vn 0.925400 0.119145 -0.359777
vn 0.959864 0.119145 -0.253902
vn 0.982256 0.119145 -0.144835
vn 0.992296 0.119145 -0.033947
vn 0.989858 0.119145 0.077368
vn 0.974971 0.119145 0.187711
vn 0.947824 0.119145 0.295693
vn 0.908757 0.119145 0.399956
vn 0.858262 0.119145 0.499190
vn 0.796974 0.119145 0.592146
vn 0.725664 0.119145 0.677655
vn 0.645227 0.119145 0.754643
vn 0.556677 0.119145 0.822140
vn 0.461126 0.119145 0.879299
vn 0.333818 0.119067 0.935088
vn 0.227022 0.119067 0.966584
vn 0.117372 0.119067 0.985924
vn 0.006245 0.119067 0.992867
vn -0.104960 0.119067 0.987323
vn -0.214845 0.119067 0.969363
vn -0.322028 0.119067 0.939213
vn -0.425162 0.119067 0.897252
vn -0.522949 0.119067 0.844007
vn -0.614159 0.119067 0.780148
vn -0.697647 0.119067 0.706479
vn -0.772360 0.119067 0.623925
vn -0.837361 0.119067 0.533525
vn -0.891832 0.119067 0.436416
vn -0.935088 0.119067 0.333818
vn -0.966584 0.119067 0.227022
vn -0.985924 0.119067 0.117372
vn -0.992867 0.119067 0.006245
vn -0.987323 0.119067 -0.104960
vn -0.969363 0.119067 -0.214845
vn -0.939213 0.119067 -0.322028
vn -0.897252 0.119067 -0.425162
vn -0.844007 0.119067 -0.522949
vn -0.780148 0.119067 -0.614159
vn -0.706479 0.119067 -0.697647
vn -0.623925 0.119067 -0.772360
vn -0.533525 0.119067 -0.837361
vn -0.436416 0.119067 -0.891832
vn -0.333818 0.119067 -0.935088
vn -0.227022 0.119067 -0.966584
vn -0.117372 0.119067 -0.985924
vn -0.006245 0.119067 -0.992867
vn 0.104960 0.119067 -0.987323
vn 0.214845 0.119067 -0.969363
vn 0.322028 0.119067 -0.939213
vn 0.425162 0.119067 -0.897252
vn 0.522949 0.119067 -0.844007
vn 0.614159 0.119067 -0.780148
vn 0.697647 0.119067 -0.706479
vn 0.772360 0.119067 -0.623925
vn 0.837361 0.119067 -0.533525
vn 0.891832 0.119067 -0.436416
vn 0.935088 0.119067 -0.333818
vn 0.966584 0.119067 -0.227022
vn 0.985924 0.119067 -0.117372
vn 0.992867 0.119067 -0.006245
vn 0.987323 0.119067 0.104960
vn 0.969363 0.119067 0.214845
vn 0.939213 0.119067 0.322028
vn 0.897252 0.119067 0.425162
vn 0.844007 0.119067 0.522949
vn 0.780148 0.119067 0.614159
vn 0.706479 0.119067 0.697647
vn 0.623925 0.119067 0.772360
vn 0.533525 0.119067 0.837361
vn 0.436416 0.119067 0.891832
vn 0.307605 0.118832 0.944065
vn 0.199969 0.118832 0.972570
vn 0.089818 0.118832 0.988844
vn -0.021462 0.118832 0.992682
vn -0.132472 0.118832 0.984038
vn -0.241817 0.118832 0.963018
vn -0.348120 0.118832 0.929888
vn -0.450045 0.118832 0.885064
vn -0.546311 0.118832 0.829110
vn -0.635707 0.118832 0.762729
vn -0.717108 0.118832 0.686757
vn -0.789492 0.118832 0.602148
vn -0.851947 0.118832 0.509966
vn -0.903688 0.118832 0.411372
vn -0.944065 0.118832 0.307605
vn -0.972570 0.118832 0.199969
vn -0.988844 0.118832 0.089818
vn -0.992682 0.118832 -0.021462
vn -0.984038 0.118832 -0.132472
vn -0.963018 0.118832 -0.241817
vn -0.929888 0.118832 -0.348120
vn -0.885064 0.118832 -0.450045
vn -0.829110 0.118832 -0.546311
vn -0.762729 0.118832 -0.635707
vn -0.686757 0.118832 -0.717108
vn -0.602148 0.118832 -0.789492
vn -0.509966 0.118832 -0.851947
vn -0.411372 0.118832 -0.903688
vn -0.307605 0.118832 -0.944065
vn -0.199969 0.118832 -0.972570
vn -0.089818 0.118832 -0.988844
vn 0.021462 0.118832 -0.992682
vn 0.132472 0.118832 -0.984038
vn 0.241817 0.118832 -0.963018
vn 0.348120 0.118832 -0.929888
vn 0.450045 0.118832 -0.885064
vn 0.546311 0.118832 -0.829110
vn 0.635707 0.118832 -0.762729
vn 0.717108 0.118832 -0.686757
vn 0.789492 0.118832 -0.602148
vn 0.851947 0.118832 -0.509966
vn 0.903688 0.118832 -0.411372
vn 0.944065 0.118832 -0.307605
vn 0.972570 0.118832 -0.199969
vn 0.988844 0.118832 -0.089818
vn 0.992682 0.118832 0.021462
vn 0.984038 0.118832 0.132472
vn 0.963018 0.118832 0.241817
vn 0.929888 0.118832 0.348120
vn 0.885064 0.118832 0.450045
vn 0.829110 0.118832 0.546311
vn 0.762729 0.118832 0.635707
vn 0.686757 0.118832 0.717108
vn 0.602148 0.118832 0.789492
vn 0.509966 0.118832 0.851947
vn 0.411372 0.118832 0.903688
vn 0.281155 0.118441 0.952325
vn 0.172761 0.118441 0.977817
vn 0.062194 0.118441 0.991011
vn -0.049155 0.118441 0.991744
vn -0.159886 0.118441 0.980004
vn -0.268606 0.118441 0.955941
vn -0.373949 0.118441 0.919855
vn -0.474589 0.118441 0.872203
vn -0.569260 0.118441 0.813581
vn -0.656773 0.118441 0.744729
vn -0.736027 0.118441 0.666511
vn -0.806024 0.118441 0.579911
vn -0.865886 0.118441 0.486019
vn -0.914858 0.118441 0.386014
vn -0.952325 0.118441 0.281155
vn -0.977817 0.118441 0.172761
vn -0.991011 0.118441 0.062194
vn -0.991744 0.118441 -0.049155
vn -0.980004 0.118441 -0.159886
vn -0.955941 0.118441 -0.268606
vn -0.919855 0.118441 -0.373949
vn -0.872203 0.118441 -0.474589
vn -0.813581 0.118441 -0.569260
vn -0.744729 0.118441 -0.656773
vn -0.666511 0.118441 -0.736027
vn -0.579911 0.118441 -0.806024
vn -0.486019 0.118441 -0.865886
vn -0.386014 0.118441 -0.914858
vn -0.281155 0.118441 -0.952325
vn -0.172761 0.118441 -0.977817
vn -0.062194 0.118441 -0.991011
vn 0.049155 0.118441 -0.991744
vn 0.159886 0.118441 -0.980004
vn 0.268606 0.118441 -0.955941
vn 0.373949 0.118441 -0.919855
vn 0.474589 0.118441 -0.872203
vn 0.569260 0.118441 -0.813581
vn 0.656773 0.118441 -0.744729
vn 0.736027 0.118441 -0.666511
vn 0.806024 0.118441 -0.579911
vn 0.865886 0.118441 -0.486019
vn 0.914858 0.118441 -0.386014
vn 0.952325 0.118441 -0.281155
vn 0.977817 0.118441 -0.172761
vn 0.991011 0.118441 -0.062194
vn 0.991744 0.118441 0.049155
vn 0.980004 0.118441 0.159886
vn 0.955941 0.118441 0.268606
vn 0.919855 0.118441 0.373949
vn 0.872203 0.118441 0.474589
vn 0.813581 0.118441 0.569260
vn 0.744729 0.118441 0.656773
vn 0.666511 0.118441 0.736027
vn 0.579911 0.118441 0.806024
vn 0.486019 0.118441 0.865886
vn 0.386014 0.118441 0.914858
vn 0.254490 0.117893 0.959863
vn 0.145419 0.117893 0.982321
vn 0.034520 0.117893 0.992426
vn -0.076814 0.117893 0.990051
vn -0.187182 0.117893 0.975225
vn -0.295195 0.117893 0.948136
vn -0.399497 0.117893 0.909122
vn -0.498774 0.117893 0.858677
vn -0.591779 0.117893 0.797433
vn -0.677342 0.117893 0.726160
vn -0.754387 0.117893 0.645756
vn -0.821946 0.117893 0.557231
vn -0.879168 0.117893 0.461699
vn -0.925333 0.117893 0.360360
vn -0.959863 0.117893 0.254490
vn -0.982321 0.117893 0.145419
vn -0.992426 0.117893 0.034520
vn -0.990051 0.117893 -0.076814
vn -0.975225 0.117893 -0.187182
vn -0.948136 0.117893 -0.295195
vn -0.909122 0.117893 -0.399497
vn -0.858677 0.117893 -0.498774
vn -0.797433 0.117893 -0.591779
vn -0.726160 0.117893 -0.677342
vn -0.645756 0.117893 -0.754387
vn -0.557231 0.117893 -0.821946
vn -0.461699 0.117893 -0.879168
vn -0.360360 0.117893 -0.925333
vn -0.254490 0.117893 -0.959863
vn -0.145419 0.117893 -0.982321
vn -0.034520 0.117893 -0.992426
vn 0.076814 0.117893 -0.990051
vn 0.187182 0.117893 -0.975225
vn 0.295195 0.117893 -0.948136
vn 0.399497 0.117893 -0.909122
vn 0.498774 0.117893 -0.858677
vn 0.591779 0.117893 -0.797433
vn 0.677342 0.117893 -0.726160
vn 0.754387 0.117893 -0.645756
vn 0.821946 0.117893 -0.557231
vn 0.879168 0.117893 -0.461699
vn 0.925333 0.117893 -0.360360
vn 0.959863 0.117893 -0.254490
vn 0.982321 0.117893 -0.145419
vn 0.992426 0.117893 -0.034520
vn 0.990051 0.117893 0.076814
vn 0.975225 0.117893 0.187182
vn 0.948136 0.117893 0.295195
vn 0.909122 0.117893 0.399497
vn 0.858677 0.117893 0.498774
vn 0.797433 0.117893 0.591779
vn 0.726160 0.117893 0.677342
vn 0.645756 0.117893 0.754387
vn 0.557231 0.117893 0.821946
vn 0.461699 0.117893 0.879168
vn 0.360360 0.117893 0.925333
vn 0.227626 0.117191 0.966671
vn 0.117962 0.117191 0.986079
vn 0.006815 0.117191 0.993086
vn -0.104419 0.117191 0.987605
vn -0.214339 0.117191 0.969704
vn -0.321563 0.117191 0.939608
vn -0.424744 0.117191 0.897696
vn -0.522584 0.117191 0.844496
vn -0.613851 0.117191 0.780675
vn -0.697399 0.117191 0.707037
vn -0.772177 0.117191 0.624507
vn -0.837244 0.117191 0.534124
vn -0.891783 0.117191 0.437024
vn -0.935107 0.117191 0.334428
vn -0.966671 0.117191 0.227626
vn -0.986079 0.117191 0.117962
vn -0.993086 0.117191 0.006815
vn -0.987605 0.117191 -0.104419
vn -0.969704 0.117191 -0.214339
vn -0.939608 0.117191 -0.321563
vn -0.897696 0.117191 -0.424744
vn -0.844496 0.117191 -0.522584
vn -0.780675 0.117191 -0.613851
vn -0.707037 0.117191 -0.697399
vn -0.624507 0.117191 -0.772177
vn -0.534124 0.117191 -0.837244
vn -0.437024 0.117191 -0.891783
vn -0.334428 0.117191 -0.935107
vn -0.227626 0.117191 -0.966671
vn -0.117962 0.117191 -0.986079
vn -0.006815 0.117191 -0.993086
vn 0.104419 0.117191 -0.987605
vn 0.214339 0.117191 -0.969704
vn 0.321563 0.117191 -0.939608
vn 0.424744 0.117191 -0.897696
vn 0.522584 0.117191 -0.844496
vn 0.613851 0.117191 -0.780675
vn 0.697399 0.117191 -0.707037
vn 0.772177 0.117191 -0.624507
vn 0.837244 0.117191 -0.534124
vn 0.891783 0.117191 -0.437024
vn 0.935107 0.117191 -0.334428
vn 0.966671 0.117191 -0.227626
vn 0.986079 0.117191 -0.117962
vn 0.993086 0.117191 -0.006815
vn 0.987605 0.117191 0.104419
vn 0.969704 0.117191 0.214339
vn 0.939608 0.117191 0.321563
vn 0.897696 0.117191 0.424744
vn 0.844496 0.117191 0.522584
vn 0.780675 0.117191 0.613851
vn 0.707037 0.117191 0.697399
vn 0.624507 0.117191 0.772177
vn 0.534124 0.117191 0.837244
vn 0.437024 0.117191 0.891783
vn 0.334428 0.117191 0.935107
vn 0.200585 0.116334 0.972745
vn 0.090410 0.116334 0.989087
vn -0.020901 0.116334 0.992990
vn -0.131949 0.116334 0.984406
vn -0.241338 0.116334 0.963443
vn -0.347692 0.116334 0.930364
vn -0.449673 0.116334 0.885585
vn -0.546000 0.116334 0.829669
vn -0.635460 0.116334 0.763320
vn -0.716929 0.116334 0.687371
vn -0.789382 0.116334 0.602779
vn -0.851909 0.116334 0.510606
vn -0.903722 0.116334 0.412012
vn -0.944170 0.116334 0.308236
vn -0.972745 0.116334 0.200585
vn -0.989087 0.116334 0.090410
vn -0.992990 0.116334 -0.020901
vn -0.984406 0.116334 -0.131949
vn -0.963443 0.116334 -0.241338
vn -0.930364 0.116334 -0.347692
vn -0.885585 0.116334 -0.449673
vn -0.829669 0.116334 -0.546000
vn -0.763320 0.116334 -0.635460
vn -0.687371 0.116334 -0.716929
vn -0.602779 0.116334 -0.789382
vn -0.510606 0.116334 -0.851909
vn -0.412012 0.116334 -0.903722
vn -0.308236 0.116334 -0.944170
vn -0.200585 0.116334 -0.972745
vn -0.090410 0.116334 -0.989087
vn 0.020901 0.116334 -0.992990
vn 0.131949 0.116334 -0.984406
vn 0.241338 0.116334 -0.963443
vn 0.347692 0.116334 -0.930364
vn 0.449673 0.116334 -0.885585
vn 0.546000 0.116334 -0.829669
vn 0.635460 0.116334 -0.763320
vn 0.716929 0.116334 -0.687371
vn 0.789382 0.116334 -0.602779
vn 0.851909 0.116334 -0.510606
vn 0.903722 0.116334 -0.412012
vn 0.944170 0.116334 -0.308236
vn 0.972745 0.116334 -0.200585
vn 0.989087 0.116334 -0.090410
vn 0.992990 0.116334 0.020901
vn 0.984406 0.116334 0.131949
vn 0.963443 0.116334 0.241338
vn 0.930364 0.116334 0.347692
vn 0.885585 0.116334 0.449673
vn 0.829669 0.116334 0.546000
vn 0.763320 0.116334 0.635460
vn 0.687371 0.116334 0.716929
vn 0.602779 0.116334 0.789382
vn 0.510606 0.116334 0.851909
vn 0.412012 0.116334 0.903722
vn 0.308236 0.116334 0.944170
vn 0.173384 0.115323 0.978079
vn 0.062784 0.115323 0.991342
vn -0.048606 0.115323 0.992138
vn -0.159385 0.115323 0.980458
vn -0.268159 0.115323 0.956447
vn -0.373561 0.115323 0.920409
vn -0.474265 0.115323 0.872796
vn -0.569005 0.115323 0.814207
vn -0.656590 0.115323 0.745379
vn -0.735917 0.115323 0.667178
vn -0.805990 0.115323 0.580586
vn -0.865927 0.115323 0.486693
vn -0.914975 0.115323 0.386680
vn -0.952516 0.115323 0.281804
vn -0.978079 0.115323 0.173384
vn -0.991342 0.115323 0.062784
vn -0.992138 0.115323 -0.048606
vn -0.980458 0.115323 -0.159385
vn -0.956447 0.115323 -0.268159
vn -0.920409 0.115323 -0.373561
vn -0.872796 0.115323 -0.474265
vn -0.814207 0.115323 -0.569005
vn -0.745379 0.115323 -0.656590
vn -0.667178 0.115323 -0.735917
vn -0.580586 0.115323 -0.805990
vn -0.486693 0.115323 -0.865927
vn -0.386680 0.115323 -0.914975
vn -0.281804 0.115323 -0.952516
vn -0.173384 0.115323 -0.978079
vn -0.062784 0.115323 -0.991342
vn 0.048606 0.115323 -0.992138
vn 0.159385 0.115323 -0.980458
vn 0.268159 0.115323 -0.956447
vn 0.373561 0.115323 -0.920409
vn 0.474265 0.115323 -0.872796
vn 0.569005 0.115323 -0.814207
vn 0.656590 0.115323 -0.745379
vn 0.735917 0.115323 -0.667178
vn 0.805990 0.115323 -0.580586
vn 0.865927 0.115323 -0.486693
vn 0.914975 0.115323 -0.386680
vn 0.952516 0.115323 -0.281804
vn 0.978079 0.115323 -0.173384
vn 0.991342 0.115323 -0.062784
vn 0.992138 0.115323 0.048606
vn 0.980458 0.115323 0.159385
vn 0.956447 0.115323 0.268159
vn 0.920409 0.115323 0.373561
vn 0.872796 0.115323 0.474265
vn 0.814207 0.115323 0.569005
vn 0.745379 0.115323 0.656590
vn 0.667178 0.115323 0.735917
vn 0.580586 0.115323 0.805990
vn 0.486693 0.115323 0.865927
vn 0.386680 0.115323 0.914975
vn 0.281804 0.115323 0.952516
vn 0.146045 0.114161 0.982669
vn 0.035102 0.114161 0.992842
vn -0.076281 0.114161 0.990529
vn -0.186706 0.114161 0.975760
vn -0.294782 0.114161 0.948721
vn -0.399152 0.114161 0.909750
vn -0.498502 0.114161 0.859339
vn -0.591583 0.114161 0.798121
vn -0.677224 0.114161 0.726866
vn -0.754349 0.114161 0.646471
vn -0.821988 0.114161 0.557946
vn -0.879289 0.114161 0.462404
vn -0.925533 0.114161 0.361047
vn -0.960138 0.114161 0.255150
vn -0.982669 0.114161 0.146045
vn -0.992842 0.114161 0.035102
vn -0.990529 0.114161 -0.076281
vn -0.975760 0.114161 -0.186706
vn -0.948721 0.114161 -0.294782
vn -0.909750 0.114161 -0.399152
vn -0.859339 0.114161 -0.498502
vn -0.798121 0.114161 -0.591583
vn -0.726866 0.114161 -0.677224
vn -0.646471 0.114161 -0.754349
vn -0.557946 0.114161 -0.821988
vn -0.462404 0.114161 -0.879289
vn -0.361047 0.114161 -0.925533
vn -0.255150 0.114161 -0.960138
vn -0.146045 0.114161 -0.982669
vn -0.035102 0.114161 -0.992842
vn 0.076281 0.114161 -0.990529
vn 0.186706 0.114161 -0.975760
vn 0.294782 0.114161 -0.948721
vn 0.399152 0.114161 -0.909750
vn 0.498502 0.114161 -0.859339
vn 0.591583 0.114161 -0.798121
vn 0.677224 0.114161 -0.726866
vn 0.754349 0.114161 -0.646471
vn 0.821988 0.114161 -0.557946
vn 0.879289 0.114161 -0.462404
vn 0.925533 0.114161 -0.361047
vn 0.960138 0.114161 -0.255150
vn 0.982669 0.114161 -0.146045
vn 0.992842 0.114161 -0.035102
vn 0.990529 0.114161 0.076281
vn 0.975760 0.114161 0.186706
vn 0.948721 0.114161 0.294782
vn 0.909750 0.114161 0.399152
vn 0.859339 0.114161 0.498502
vn 0.798121 0.114161 0.591583
vn 0.726866 0.114161 0.677224
vn 0.646471 0.114161 0.754349
vn 0.557946 0.114161 0.821988
vn 0.462404 0.114161 0.879289
vn 0.361047 0.114161 0.925533
vn 0.255150 0.114161 0.960138
vn 0.118586 0.112847 0.986510
vn 0.007386 0.112847 0.993585
vn -0.103906 0.112847 0.988164
vn -0.213892 0.112847 0.970317
vn -0.321189 0.112847 0.940268
vn -0.424446 0.112847 0.898394
vn -0.522365 0.112847 0.845222
vn -0.613715 0.112847 0.781421
vn -0.697348 0.112847 0.707793
vn -0.772211 0.112847 0.625265
vn -0.837363 0.112847 0.534873
vn -0.891984 0.112847 0.437755
vn -0.935389 0.112847 0.335132
vn -0.967030 0.112847 0.228294
vn -0.986510 0.112847 0.118586
vn -0.993585 0.112847 0.007386
vn -0.988164 0.112847 -0.103906
vn -0.970317 0.112847 -0.213892
vn -0.940268 0.112847 -0.321189
vn -0.898394 0.112847 -0.424446
vn -0.845222 0.112847 -0.522365
vn -0.781421 0.112847 -0.613715
vn -0.707793 0.112847 -0.697348
vn -0.625265 0.112847 -0.772211
vn -0.534873 0.112847 -0.837363
vn -0.437755 0.112847 -0.891984
vn -0.335132 0.112847 -0.935389
vn -0.228294 0.112847 -0.967030
vn -0.118586 0.112847 -0.986510
vn -0.007386 0.112847 -0.993585
vn 0.103906 0.112847 -0.988164
vn 0.213892 0.112847 -0.970317
vn 0.321189 0.112847 -0.940268
vn 0.424446 0.112847 -0.898394
vn 0.522365 0.112847 -0.845222
vn 0.613715 0.112847 -0.781421
vn 0.697348 0.112847 -0.707793
vn 0.772211 0.112847 -0.625265
vn 0.837363 0.112847 -0.534873
vn 0.891984 0.112847 -0.437755
vn 0.935389 0.112847 -0.335132
vn 0.967030 0.112847 -0.228294
vn 0.986510 0.112847 -0.118586
vn 0.993585 0.112847 -0.007386
vn 0.988164 0.112847 0.103906
vn 0.970317 0.112847 0.213892
vn 0.940268 0.112847 0.321189
vn 0.898394 0.112847 0.424446
vn 0.845222 0.112847 0.522365
vn 0.781421 0.112847 0.613715
vn 0.707793 0.112847 0.697348
vn 0.625265 0.112847 0.772211
vn 0.534873 0.112847 0.837363
vn 0.437755 0.112847 0.891984
vn 0.335132 0.112847 0.935389
vn 0.228294 0.112847 0.967030
vn 0.091028 0.111384 0.989600
vn -0.020344 0.111384 0.993569
vn -0.131461 0.111384 0.985044
vn -0.240924 0.111384 0.964131
vn -0.347358 0.111384 0.931094
vn -0.449423 0.111384 0.886348
vn -0.545837 0.111384 0.830455
vn -0.635386 0.111384 0.764119
vn -0.716945 0.111384 0.688174
vn -0.789488 0.111384 0.603574
vn -0.852103 0.111384 0.511385
vn -0.904002 0.111384 0.412764
vn -0.944533 0.111384 0.308952
vn -0.973185 0.111384 0.201256
vn -0.989600 0.111384 0.091028
vn -0.993569 0.111384 -0.020344
vn -0.985044 0.111384 -0.131461
vn -0.964131 0.111384 -0.240924
vn -0.931094 0.111384 -0.347358
vn -0.886348 0.111384 -0.449423
vn -0.830455 0.111384 -0.545837
vn -0.764119 0.111384 -0.635386
vn -0.688174 0.111384 -0.716945
vn -0.603574 0.111384 -0.789488
vn -0.511385 0.111384 -0.852103
vn -0.412764 0.111384 -0.904002
vn -0.308952 0.111384 -0.944533
vn -0.201256 0.111384 -0.973185
vn -0.091028 0.111384 -0.989600
vn 0.020344 0.111384 -0.993569
vn 0.131461 0.111384 -0.985044
vn 0.240924 0.111384 -0.964131
vn 0.347358 0.111384 -0.931094
vn 0.449423 0.111384 -0.886348
vn 0.545837 0.111384 -0.830455
vn 0.635386 0.111384 -0.764119
vn 0.716945 0.111384 -0.688174
vn 0.789488 0.111384 -0.603574
vn 0.852103 0.111384 -0.511385
vn 0.904002 0.111384 -0.412764
vn 0.944533 0.111384 -0.308952
vn 0.973185 0.111384 -0.201256
vn 0.989600 0.111384 -0.091028
vn 0.993569 0.111384 0.020344
vn 0.985044 0.111384 0.131461
vn 0.964131 0.111384 0.240924
vn 0.931094 0.111384 0.347358
vn 0.886348 0.111384 0.449423
vn 0.830455 0.111384 0.545837
vn 0.764119 0.111384 0.635386
vn 0.688174 0.111384 0.716945
vn 0.603574 0.111384 0.789488
vn 0.511385 0.111384 0.852103
vn 0.412764 0.111384 0.904002
vn 0.308952 0.111384 0.944533
vn 0.201256 0.111384 0.973185
vn 0.063391 0.109774 0.991933
vn -0.048069 0.109774 0.992794
vn -0.158924 0.109774 0.981169
vn -0.267781 0.109774 0.957206
vn -0.373270 0.109774 0.921205
vn -0.474066 0.109774 0.873620
vn -0.568899 0.109774 0.815048
vn -0.656579 0.109774 0.746227
vn -0.736001 0.109774 0.668021
vn -0.806168 0.109774 0.581415
vn -0.866197 0.109774 0.487497
vn -0.915332 0.109774 0.387448
vn -0.952957 0.109774 0.282527
vn -0.978598 0.109774 0.174054
vn -0.991933 0.109774 0.063391
vn -0.992794 0.109774 -0.048069
vn -0.981169 0.109774 -0.158924
vn -0.957206 0.109774 -0.267781
vn -0.921205 0.109774 -0.373270
vn -0.873620 0.109774 -0.474066
vn -0.815048 0.109774 -0.568899
vn -0.746227 0.109774 -0.656579
vn -0.668021 0.109774 -0.736001
vn -0.581415 0.109774 -0.806168
vn -0.487497 0.109774 -0.866197
vn -0.387448 0.109774 -0.915332
vn -0.282527 0.109774 -0.952957
vn -0.174054 0.109774 -0.978598
vn -0.063391 0.109774 -0.991933
vn 0.048069 0.109774 -0.992794
vn 0.158924 0.109774 -0.981169
vn 0.267781 0.109774 -0.957206
vn 0.373270 0.109774 -0.921205
vn 0.474066 0.109774 -0.873620
vn 0.568899 0.109774 -0.815048
vn 0.656579 0.109774 -0.746227
vn 0.736001 0.109774 -0.668021
vn 0.806168 0.109774 -0.581415
vn 0.866197 0.109774 -0.487497
vn 0.915332 0.109774 -0.387448
vn 0.952957 0.109774 -0.282527
vn 0.978598 0.109774 -0.174054
vn 0.991933 0.109774 -0.063391
vn 0.992794 0.109774 0.048069
vn 0.981169 0.109774 0.158924
vn 0.957206 0.109774 0.267781
vn 0.921205 0.109774 0.373270
vn 0.873620 0.109774 0.474066
vn 0.815048 0.109774 0.568899
vn 0.746227 0.109774 0.656579
vn 0.668021 0.109774 0.736001
vn 0.581415 0.109774 0.806168
vn 0.487497 0.109774 0.866197
vn 0.387448 0.109774 0.915332
vn 0.282527 0.109774 0.952957
vn 0.174054 0.109774 0.978598
vn 0.035695 0.108018 0.993508
vn -0.075767 0.108018 0.991257
vn -0.186276 0.108018 0.976541
vn -0.294443 0.108018 0.949545
vn -0.398907 0.108018 0.910607
vn -0.498354 0.108018 0.860218
vn -0.591535 0.108018 0.799011
vn -0.677276 0.108018 0.727756
vn -0.754500 0.108018 0.647349
vn -0.822236 0.108018 0.558802
vn -0.879632 0.108018 0.463227
vn -0.925966 0.108018 0.361827
vn -0.960656 0.108018 0.255876
vn -0.983264 0.108018 0.146708
vn -0.993508 0.108018 0.035695
vn -0.991257 0.108018 -0.075767
vn -0.976541 0.108018 -0.186276
vn -0.949545 0.108018 -0.294443
vn -0.910607 0.108018 -0.398907
vn -0.860218 0.108018 -0.498354
vn -0.799011 0.108018 -0.591535
vn -0.727756 0.108018 -0.677276
vn -0.647349 0.108018 -0.754500
vn -0.558802 0.108018 -0.822236
vn -0.463227 0.108018 -0.879632
vn -0.361827 0.108018 -0.925966
vn -0.255876 0.108018 -0.960656
vn -0.146708 0.108018 -0.983264
vn -0.035695 0.108018 -0.993508
vn 0.075767 0.108018 -0.991257
vn 0.186276 0.108018 -0.976541
vn 0.294443 0.108018 -0.949545
vn 0.398907 0.108018 -0.910607
vn 0.498354 0.108018 -0.860218
vn 0.591535 0.108018 -0.799011
vn 0.677276 0.108018 -0.727756
vn 0.754500 0.108018 -0.647349
vn 0.822236 0.108018 -0.558802
vn 0.879632 0.108018 -0.463227
vn 0.925966 0.108018 -0.361827
vn 0.960656 0.108018 -0.255876
vn 0.983264 0.108018 -0.146708
vn 0.993508 0.108018 -0.035695
vn 0.991257 0.108018 0.075767
vn 0.976541 0.108018 0.186276
vn 0.949545 0.108018 0.294443
vn 0.910607 0.108018 0.398907
vn 0.860218 0.108018 0.498354
vn 0.799011 0.108018 0.591535
vn 0.727756 0.108018 0.677276
vn 0.647349 0.108018 0.754500
vn 0.558802 0.108018 0.822236
vn 0.463227 0.108018 0.879632
vn 0.361827 0.108018 0.925966
vn 0.255876 0.108018 0.960656
vn 0.146708 0.108018 0.983264
vn 0.007960 0.106118 0.994322
vn -0.103418 0.106118 0.988961
vn -0.213497 0.106118 0.971163
vn -0.320890 0.106118 0.941153
vn -0.424248 0.106118 0.899307
vn -0.522271 0.106118 0.846151
vn -0.613726 0.106118 0.782355
vn -0.697463 0.106118 0.708720
vn -0.772429 0.106118 0.626173
vn -0.837681 0.106118 0.535751
vn -0.892399 0.106118 0.438592
vn -0.935894 0.106118 0.335917
vn -0.967621 0.106118 0.229018
vn -0.987178 0.106118 0.119239
vn -0.994322 0.106118 0.007960
vn -0.988961 0.106118 -0.103418
vn -0.971163 0.106118 -0.213497
vn -0.941153 0.106118 -0.320890
vn -0.899307 0.106118 -0.424248
vn -0.846151 0.106118 -0.522271
vn -0.782355 0.106118 -0.613726
vn -0.708720 0.106118 -0.697463
vn -0.626173 0.106118 -0.772429
vn -0.535751 0.106118 -0.837681
vn -0.438592 0.106118 -0.892399
vn -0.335917 0.106118 -0.935894
vn -0.229018 0.106118 -0.967621
vn -0.119239 0.106118 -0.987178
vn -0.007960 0.106118 -0.994322
vn 0.103418 0.106118 -0.988961
vn 0.213497 0.106118 -0.971163
vn 0.320890 0.106118 -0.941153
vn 0.424248 0.106118 -0.899307
vn 0.522271 0.106118 -0.846151
vn 0.613726 0.106118 -0.782355
vn 0.697463 0.106118 -0.708720
vn 0.772429 0.106118 -0.626173
vn 0.837681 0.106118 -0.535751
vn 0.892399 0.106118 -0.438592
vn 0.935894 0.106118 -0.335917
vn 0.967621 0.106118 -0.229018
vn 0.987178 0.106118 -0.119239
vn 0.994322 0.106118 -0.007960
vn 0.988961 0.106118 0.103418
vn 0.971163 0.106118 0.213497
vn 0.941153 0.106118 0.320890
vn 0.899307 0.106118 0.424248
vn 0.846151 0.106118 0.522271
vn 0.782355 0.106118 0.613726
vn 0.708720 0.106118 0.697463
vn 0.626173 0.106118 0.772429
vn 0.535751 0.106118 0.837681
vn 0.438592 0.106118 0.892399
vn 0.335917 0.106118 0.935894
vn 0.229018 0.106118 0.967621
vn 0.119239 0.106118 0.987178
vn -0.019792 0.104078 0.994372
vn -0.131002 0.104078 0.985904
vn -0.240564 0.104078 0.965037
vn -0.347102 0.104078 0.932035
vn -0.449274 0.104078 0.887311
vn -0.545796 0.104078 0.831429
vn -0.635455 0.104078 0.765091
vn -0.717122 0.104078 0.689132
vn -0.789772 0.104078 0.604507
vn -0.852489 0.104078 0.512280
vn -0.904486 0.104078 0.413610
vn -0.945108 0.104078 0.309739
vn -0.973845 0.104078 0.201973
vn -0.990336 0.104078 0.091667
vn -0.994372 0.104078 -0.019792
vn -0.985904 0.104078 -0.131002
vn -0.965037 0.104078 -0.240564
vn -0.932035 0.104078 -0.347102
vn -0.887311 0.104078 -0.449274
vn -0.831429 0.104078 -0.545796
vn -0.765091 0.104078 -0.635455
vn -0.689132 0.104078 -0.717122
vn -0.604507 0.104078 -0.789772
vn -0.512280 0.104078 -0.852489
vn -0.413610 0.104078 -0.904486
vn -0.309739 0.104078 -0.945108
vn -0.201973 0.104078 -0.973845
vn -0.091667 0.104078 -0.990336
vn 0.019792 0.104078 -0.994372
vn 0.131002 0.104078 -0.985904
vn 0.240564 0.104078 -0.965037
vn 0.347102 0.104078 -0.932035
vn 0.449274 0.104078 -0.887311
vn 0.545796 0.104078 -0.831429
vn 0.635455 0.104078 -0.765091
vn 0.717122 0.104078 -0.689132
vn 0.789772 0.104078 -0.604507
vn 0.852489 0.104078 -0.512280
vn 0.904486 0.104078 -0.413610
vn 0.945108 0.104078 -0.309739
vn 0.973845 0.104078 -0.201973
vn 0.990336 0.104078 -0.091667
vn 0.994372 0.104078 0.019792
vn 0.985904 0.104078 0.131002
vn 0.965037 0.104078 0.240564
vn 0.932035 0.104078 0.347102
vn 0.887311 0.104078 0.449274
vn 0.831429 0.104078 0.545796
vn 0.765091 0.104078 0.635455
vn 0.689132 0.104078 0.717122
vn 0.604507 0.104078 0.789772
vn 0.512280 0.104078 0.852489
vn 0.413610 0.104078 0.904486
vn 0.309739 0.104078 0.945108
vn 0.201973 0.104078 0.973845
vn 0.091667 0.104078 0.990336
vn -0.047541 0.101898 0.993658
vn -0.158497 0.101898 0.982087
vn -0.267459 0.101898 0.958166
vn -0.373058 0.101898 0.922195
vn -0.473965 0.101898 0.874628
vn -0.568912 0.101898 0.816061
vn -0.656705 0.101898 0.747232
vn -0.736239 0.101898 0.669006
vn -0.806515 0.101898 0.582366
vn -0.866648 0.101898 0.488404
vn -0.915883 0.101898 0.388299
vn -0.953599 0.101898 0.283311
vn -0.979324 0.101898 0.174760
vn -0.992733 0.101898 0.064012
vn -0.993658 0.101898 -0.047541
vn -0.982087 0.101898 -0.158497
vn -0.958166 0.101898 -0.267459
vn -0.922195 0.101898 -0.373058
vn -0.874628 0.101898 -0.473965
vn -0.816061 0.101898 -0.568912
vn -0.747232 0.101898 -0.656705
vn -0.669006 0.101898 -0.736239
vn -0.582366 0.101898 -0.806515
vn -0.488404 0.101898 -0.866648
vn -0.388299 0.101898 -0.915883
vn -0.283311 0.101898 -0.953599
vn -0.174760 0.101898 -0.979324
vn -0.064012 0.101898 -0.992733
vn 0.047541 0.101898 -0.993658
vn 0.158497 0.101898 -0.982087
vn 0.267459 0.101898 -0.958166
vn 0.373058 0.101898 -0.922195
vn 0.473965 0.101898 -0.874628
vn 0.568912 0.101898 -0.816061
vn 0.656705 0.101898 -0.747232
vn 0.736239 0.101898 -0.669006
vn 0.806515 0.101898 -0.582366
vn 0.866648 0.101898 -0.488404
vn 0.915883 0.101898 -0.388299
vn 0.953599 0.101898 -0.283311
vn 0.979324 0.101898 -0.174760
vn 0.992733 0.101898 -0.064012
vn 0.993658 0.101898 0.047541
vn 0.982087 0.101898 0.158497
vn 0.958166 0.101898 0.267459
vn 0.922195 0.101898 0.373058
vn 0.874628 0.101898 0.473965
vn 0.816061 0.101898 0.568912
vn 0.747232 0.101898 0.656705
vn 0.669006 0.101898 0.736239
vn 0.582366 0.101898 0.806515
vn 0.488404 0.101898 0.866648
vn 0.388299 0.101898 0.915883
vn 0.283311 0.101898 0.953599
vn 0.174760 0.101898 0.979324
vn 0.064012 0.101898 0.992733
vn -0.075267 0.099582 0.992179
vn -0.185882 0.099582 0.977513
vn -0.294160 0.099582 0.950554
vn -0.398739 0.099582 0.911642
vn -0.498303 0.099582 0.861265
vn -0.591601 0.099582 0.800057
vn -0.677459 0.099582 0.728788
vn -0.754798 0.099582 0.648354
vn -0.822645 0.099582 0.559767
vn -0.880146 0.099582 0.464140
vn -0.926579 0.099582 0.362677
vn -0.961360 0.099582 0.256653
vn -0.984051 0.099582 0.147401
vn -0.994367 0.099582 0.036295
vn -0.992179 0.099582 -0.075267
vn -0.977513 0.099582 -0.185882
vn -0.950554 0.099582 -0.294160
vn -0.911642 0.099582 -0.398739
vn -0.861265 0.099582 -0.498303
vn -0.800057 0.099582 -0.591601
vn -0.728788 0.099582 -0.677459
vn -0.648354 0.099582 -0.754798
vn -0.559767 0.099582 -0.822645
vn -0.464140 0.099582 -0.880146
vn -0.362677 0.099582 -0.926579
vn -0.256653 0.099582 -0.961360
vn -0.147401 0.099582 -0.984051
vn -0.036295 0.099582 -0.994367
vn 0.075267 0.099582 -0.992179
vn 0.185882 0.099582 -0.977513
vn 0.294160 0.099582 -0.950554
vn 0.398739 0.099582 -0.911642
vn 0.498303 0.099582 -0.861265
vn 0.591601 0.099582 -0.800057
vn 0.677459 0.099582 -0.728788
vn 0.754798 0.099582 -0.648354
vn 0.822645 0.099582 -0.559767
vn 0.880146 0.099582 -0.464140
vn 0.926579 0.099582 -0.362677
vn 0.961360 0.099582 -0.256653
vn 0.984051 0.099582 -0.147401
vn 0.994367 0.099582 -0.036295
vn 0.992179 0.099582 0.075267
vn 0.977513 0.099582 0.185882
vn 0.950554 0.099582 0.294160
vn 0.911642 0.099582 0.398739
vn 0.861265 0.099582 0.498303
vn 0.800057 0.099582 0.591601
vn 0.728788 0.099582 0.677459
vn 0.648354 0.099582 0.754798
vn 0.559767 0.099582 0.822645
vn 0.464140 0.099582 0.880146
vn 0.362677 0.099582 0.926579
vn 0.256653 0.099582 0.961360
vn 0.147401 0.099582 0.984051
vn 0.036295 0.099582 0.994367
vn -0.102948 0.097133 0.989933
vn -0.213138 0.097133 0.972182
vn -0.320647 0.097133 0.942205
vn -0.424125 0.097133 0.900380
vn -0.522269 0.097133 0.847231
vn -0.613844 0.097133 0.783428
vn -0.697701 0.097133 0.709774
vn -0.772783 0.097133 0.627193
vn -0.838148 0.097133 0.536725
vn -0.892972 0.097133 0.439508
vn -0.936566 0.097133 0.336763
vn -0.968383 0.097133 0.229783
vn -0.988021 0.097133 0.119914
vn -0.995235 0.097133 0.008537
vn -0.989933 0.097133 -0.102948
vn -0.972182 0.097133 -0.213138
vn -0.942205 0.097133 -0.320647
vn -0.900380 0.097133 -0.424125
vn -0.847231 0.097133 -0.522269
vn -0.783428 0.097133 -0.613844
vn -0.709774 0.097133 -0.697701
vn -0.627193 0.097133 -0.772783
vn -0.536725 0.097133 -0.838148
vn -0.439508 0.097133 -0.892972
vn -0.336763 0.097133 -0.936566
vn -0.229783 0.097133 -0.968383
vn -0.119914 0.097133 -0.988021
vn -0.008537 0.097133 -0.995235
vn 0.102948 0.097133 -0.989933
vn 0.213138 0.097133 -0.972182
vn 0.320647 0.097133 -0.942205
vn 0.424125 0.097133 -0.900380
vn 0.522269 0.097133 -0.847231
vn 0.613844 0.097133 -0.783428
vn 0.697701 0.097133 -0.709774
vn 0.772783 0.097133 -0.627193
vn 0.838148 0.097133 -0.536725
vn 0.892972 0.097133 -0.439508
vn 0.936566 0.097133 -0.336763
vn 0.968383 0.097133 -0.229783
vn 0.988021 0.097133 -0.119914
vn 0.995235 0.097133 -0.008537
vn 0.989933 0.097133 0.102948
vn 0.972182 0.097133 0.213138
vn 0.942205 0.097133 0.320647
vn 0.900380 0.097133 0.424125
vn 0.847231 0.097133 0.522269
vn 0.783428 0.097133 0.613844
vn 0.709774 0.097133 0.697701
vn 0.627193 0.097133 0.772783
vn 0.536725 0.097133 0.838148
vn 0.439508 0.097133 0.892972
vn 0.336763 0.097133 0.936566
vn 0.229783 0.097133 0.968383
vn 0.119914 0.097133 0.988021
vn 0.008537 0.097133 0.995235
vn -0.130563 0.094554 0.986921
vn -0.240242 0.094554 0.966097
vn -0.346900 0.094554 0.933124
vn -0.449195 0.094554 0.888416
vn -0.545842 0.094554 0.832536
vn -0.635624 0.094554 0.766186
vn -0.717413 0.094554 0.690201
vn -0.790180 0.094554 0.605537
vn -0.853010 0.094554 0.513257
vn -0.905113 0.094554 0.414523
vn -0.945834 0.094554 0.310576
vn -0.974660 0.094554 0.202723
vn -0.991230 0.094554 0.092321
vn -0.995334 0.094554 -0.019242
vn -0.986921 0.094554 -0.130563
vn -0.966097 0.094554 -0.240242
vn -0.933124 0.094554 -0.346900
vn -0.888416 0.094554 -0.449195
vn -0.832536 0.094554 -0.545842
vn -0.766186 0.094554 -0.635624
vn -0.690201 0.094554 -0.717413
vn -0.605537 0.094554 -0.790180
vn -0.513257 0.094554 -0.853010
vn -0.414523 0.094554 -0.905113
vn -0.310576 0.094554 -0.945834
vn -0.202723 0.094554 -0.974660
vn -0.092321 0.094554 -0.991230
vn 0.019242 0.094554 -0.995334
vn 0.130563 0.094554 -0.986921
vn 0.240242 0.094554 -0.966097
vn 0.346900 0.094554 -0.933124
vn 0.449195 0.094554 -0.888416
vn 0.545842 0.094554 -0.832536
vn 0.635624 0.094554 -0.766186
vn 0.717413 0.094554 -0.690201
vn 0.790180 0.094554 -0.605537
vn 0.853010 0.094554 -0.513257
vn 0.905113 0.094554 -0.414523
vn 0.945834 0.094554 -0.310576
vn 0.974660 0.094554 -0.202723
vn 0.991230 0.094554 -0.092321
vn 0.995334 0.094554 0.019242
vn 0.986921 0.094554 0.130563
vn 0.966097 0.094554 0.240242
vn 0.933124 0.094554 0.346900
vn 0.888416 0.094554 0.449195
vn 0.832536 0.094554 0.545842
vn 0.766186 0.094554 0.635624
vn 0.690201 0.094554 0.717413
vn 0.605537 0.094554 0.790180
vn 0.513257 0.094554 0.853010
vn 0.414523 0.094554 0.905113
vn 0.310576 0.094554 0.945834
vn 0.202723 0.094554 0.974660
vn 0.092321 0.094554 0.991230
vn -0.019242 0.094554 0.995334
vn -0.158091 0.091848 0.983144
vn -0.267174 0.091848 0.959261
vn -0.372897 0.091848 0.923316
vn -0.473931 0.091848 0.875759
vn -0.569005 0.091848 0.817189
vn -0.656923 0.091848 0.748342
vn -0.736580 0.091848 0.670085
vn -0.806974 0.091848 0.583401
vn -0.867220 0.091848 0.489380
vn -0.916561 0.091848 0.389205
vn -0.954375 0.091848 0.284135
vn -0.980187 0.091848 0.175493
vn -0.993673 0.091848 0.064643
vn -0.994662 0.091848 -0.047019
vn -0.983144 0.091848 -0.158091
vn -0.959261 0.091848 -0.267174
vn -0.923316 0.091848 -0.372897
vn -0.875759 0.091848 -0.473931
vn -0.817189 0.091848 -0.569005
vn -0.748342 0.091848 -0.656923
vn -0.670085 0.091848 -0.736580
vn -0.583401 0.091848 -0.806974
vn -0.489380 0.091848 -0.867220
vn -0.389205 0.091848 -0.916561
vn -0.284135 0.091848 -0.954375
vn -0.175493 0.091848 -0.980187
vn -0.064643 0.091848 -0.993673
vn 0.047019 0.091848 -0.994662
vn 0.158091 0.091848 -0.983144
vn 0.267174 0.091848 -0.959261
vn 0.372897 0.091848 -0.923316
vn 0.473931 0.091848 -0.875759
vn 0.569005 0.091848 -0.817189
vn 0.656923 0.091848 -0.748342
vn 0.736580 0.091848 -0.670085
vn 0.806974 0.091848 -0.583401
vn 0.867220 0.091848 -0.489380
vn 0.916561 0.091848 -0.389205
vn 0.954375 0.091848 -0.284135
vn 0.980187 0.091848 -0.175493
vn 0.993673 0.091848 -0.064643
vn 0.994662 0.091848 0.047019
vn 0.983144 0.091848 0.158091
vn 0.959261 0.091848 0.267174
vn 0.923316 0.091848 0.372897
vn 0.875759 0.091848 0.473931
vn 0.817189 0.091848 0.569005
vn 0.748342 0.091848 0.656923
vn 0.670085 0.091848 0.736580
vn 0.583401 0.091848 0.806974
vn 0.489380 0.091848 0.867220
vn 0.389205 0.091848 0.916561
vn 0.284135 0.091848 0.954375
vn 0.175493 0.091848 0.980187
vn 0.064643 0.091848 0.993673
vn -0.047019 0.091848 0.994662
vn -0.185510 0.089018 0.978602
vn -0.293912 0.089018 0.951678
vn -0.398618 0.089018 0.912787
vn -0.498311 0.089018 0.862416
vn -0.591738 0.089018 0.801200
vn -0.677723 0.089018 0.729909
vn -0.755186 0.089018 0.649438
vn -0.823151 0.089018 0.560801
vn -0.880765 0.089018 0.465111
vn -0.927303 0.089018 0.363572
vn -0.962180 0.089018 0.257461
vn -0.984956 0.089018 0.148112
vn -0.995346 0.089018 0.036901
vn -0.993219 0.089018 -0.074775
vn -0.978602 0.089018 -0.185510
vn -0.951678 0.089018 -0.293912
vn -0.912787 0.089018 -0.398618
vn -0.862416 0.089018 -0.498311
vn -0.801200 0.089018 -0.591738
vn -0.729909 0.089018 -0.677723
vn -0.649438 0.089018 -0.755186
vn -0.560801 0.089018 -0.823151
vn -0.465111 0.089018 -0.880765
vn -0.363572 0.089018 -0.927303
vn -0.257461 0.089018 -0.962180
vn -0.148112 0.089018 -0.984956
vn -0.036901 0.089018 -0.995346
vn 0.074775 0.089018 -0.993219
vn 0.185510 0.089018 -0.978602
vn 0.293912 0.089018 -0.951678
vn 0.398618 0.089018 -0.912787
vn 0.498311 0.089018 -0.862416
vn 0.591738 0.089018 -0.801200
vn 0.677723 0.089018 -0.729909
vn 0.755186 0.089018 -0.649438
vn 0.823151 0.089018 -0.560801
vn 0.880765 0.089018 -0.465111
vn 0.927303 0.089018 -0.363572
vn 0.962180 0.089018 -0.257461
vn 0.984956 0.089018 -0.148112
vn 0.995346 0.089018 -0.036901
vn 0.993219 0.089018 0.074775
vn 0.978602 0.089018 0.185510
vn 0.951678 0.089018 0.293912
vn 0.912787 0.089018 0.398618
vn 0.862416 0.089018 0.498311
vn 0.801200 0.089018 0.591738
vn 0.729909 0.089018 0.677723
vn 0.649438 0.089018 0.755186
vn 0.560801 0.089018 0.823151
vn 0.465111 0.089018 0.880765
vn 0.363572 0.089018 0.927303
vn 0.257461 0.089018 0.962180
vn 0.148112 0.089018 0.984956
vn 0.036901 0.089018 0.995346
vn -0.074775 0.089018 0.993219
vn -0.212799 0.086068 0.973298
vn -0.320436 0.086068 0.943352
vn -0.424043 0.086068 0.901543
vn -0.522318 0.086068 0.848397
vn -0.614024 0.086068 0.784581
vn -0.698008 0.086068 0.710899
vn -0.773214 0.086068 0.628277
vn -0.838697 0.086068 0.537754
vn -0.893633 0.086068 0.440468
vn -0.937331 0.086068 0.337643
vn -0.969241 0.086068 0.230573
vn -0.988963 0.086068 0.120602
vn -0.996248 0.086068 0.009115
vn -0.991004 0.086068 -0.102486
vn -0.973298 0.086068 -0.212799
vn -0.943352 0.086068 -0.320436
vn -0.901543 0.086068 -0.424043
vn -0.848397 0.086068 -0.522318
vn -0.784581 0.086068 -0.614024
vn -0.710899 0.086068 -0.698008
vn -0.628277 0.086068 -0.773214
vn -0.537754 0.086068 -0.838697
vn -0.440468 0.086068 -0.893633
vn -0.337643 0.086068 -0.937331
vn -0.230573 0.086068 -0.969241
vn -0.120602 0.086068 -0.988963
vn -0.009115 0.086068 -0.996248
vn 0.102486 0.086068 -0.991004
vn 0.212799 0.086068 -0.973298
vn 0.320436 0.086068 -0.943352
vn 0.424043 0.086068 -0.901543
vn 0.522318 0.086068 -0.848397
vn 0.614024 0.086068 -0.784581
vn 0.698008 0.086068 -0.710899
vn 0.773214 0.086068 -0.628277
vn 0.838697 0.086068 -0.537754
vn 0.893633 0.086068 -0.440468
vn 0.937331 0.086068 -0.337643
vn 0.969241 0.086068 -0.230573
vn 0.988963 0.086068 -0.120602
vn 0.996248 0.086068 -0.009115
vn 0.991004 0.086068 0.102486
vn 0.973298 0.086068 0.212799
vn 0.943352 0.086068 0.320436
vn 0.901543 0.086068 0.424043
vn 0.848397 0.086068 0.522318
vn 0.784581 0.086068 0.614024
vn 0.710899 0.086068 0.698008
vn 0.628277 0.086068 0.773214
vn 0.537754 0.086068 0.838697
vn 0.440468 0.086068 0.893633
vn 0.337643 0.086068 0.937331
vn 0.230573 0.086068 0.969241
vn 0.120602 0.086068 0.988963
vn 0.009115 0.086068 0.996248
vn -0.102486 0.086068 0.991004
vn -0.239937 0.083002 0.967234
vn -0.346724 0.083002 0.934287
vn -0.449151 0.083002 0.889592
vn -0.545930 0.083002 0.833709
vn -0.635843 0.083002 0.767342
vn -0.717760 0.083002 0.691326
vn -0.790651 0.083002 0.606615
vn -0.853599 0.083002 0.514276
vn -0.905812 0.083002 0.415470
vn -0.946634 0.083002 0.311439
vn -0.975552 0.083002 0.203491
vn -0.992202 0.083002 0.092984
vn -0.996374 0.083002 -0.018692
vn -0.988016 0.083002 -0.130133
vn -0.967234 0.083002 -0.239937
vn -0.934287 0.083002 -0.346724
vn -0.889592 0.083002 -0.449151
vn -0.833709 0.083002 -0.545930
vn -0.767342 0.083002 -0.635843
vn -0.691326 0.083002 -0.717760
vn -0.606615 0.083002 -0.790651
vn -0.514276 0.083002 -0.853599
vn -0.415470 0.083002 -0.905812
vn -0.311439 0.083002 -0.946634
vn -0.203491 0.083002 -0.975552
vn -0.092984 0.083002 -0.992202
vn 0.018692 0.083002 -0.996374
vn 0.130133 0.083002 -0.988016
vn 0.239937 0.083002 -0.967234
vn 0.346724 0.083002 -0.934287
vn 0.449151 0.083002 -0.889592
vn 0.545930 0.083002 -0.833709
vn 0.635843 0.083002 -0.767342
vn 0.717760 0.083002 -0.691326
vn 0.790651 0.083002 -0.606615
vn 0.853599 0.083002 -0.514276
vn 0.905812 0.083002 -0.415470
vn 0.946634 0.083002 -0.311439
vn 0.975552 0.083002 -0.203491
vn 0.992202 0.083002 -0.092984
vn 0.996374 0.083002 0.018692
vn 0.988016 0.083002 0.130133
vn 0.967234 0.083002 0.239937
vn 0.934287 0.083002 0.346724
vn 0.889592 0.083002 0.449151
vn 0.833709 0.083002 0.545930
vn 0.767342 0.083002 0.635843
vn 0.691326 0.083002 0.717760
vn 0.606615 0.083002 0.790651
vn 0.514276 0.083002 0.853599
vn 0.415470 0.083002 0.905812
vn 0.311439 0.083002 0.946634
vn 0.203491 0.083002 0.975552
vn 0.092984 0.083002 0.992202
vn -0.018692 0.083002 0.996374
vn -0.130133 0.083002 0.988016
vn -0.266902 0.079823 0.960412
vn -0.372756 0.079823 0.924490
vn -0.473922 0.079823 0.876941
vn -0.569129 0.079823 0.818365
vn -0.657178 0.079823 0.749497
vn -0.736963 0.079823 0.671203
vn -0.807480 0.079823 0.584469
vn -0.867842 0.079823 0.490385
vn -0.917291 0.079823 0.390134
vn -0.955205 0.079823 0.284977
vn -0.981106 0.079823 0.176236
vn -0.994669 0.079823 0.065279
vn -0.995724 0.079823 -0.046499
vn -0.984257 0.079823 -0.157692
vn -0.960412 0.079823 -0.266902
vn -0.924490 0.079823 -0.372756
vn -0.876941 0.079823 -0.473922
vn -0.818365 0.079823 -0.569129
vn -0.749497 0.079823 -0.657178
vn -0.671203 0.079823 -0.736963
vn -0.584469 0.079823 -0.807480
vn -0.490385 0.079823 -0.867842
vn -0.390134 0.079823 -0.917291
vn -0.284977 0.079823 -0.955205
vn -0.176236 0.079823 -0.981106
vn -0.065279 0.079823 -0.994669
vn 0.046499 0.079823 -0.995724
vn 0.157692 0.079823 -0.984257
vn 0.266902 0.079823 -0.960412
vn 0.372756 0.079823 -0.924490
vn 0.473922 0.079823 -0.876941
vn 0.569129 0.079823 -0.818365
vn 0.657178 0.079823 -0.749497
vn 0.736963 0.079823 -0.671203
vn 0.807480 0.079823 -0.584469
vn 0.867842 0.079823 -0.490385
vn 0.917291 0.079823 -0.390134
vn 0.955205 0.079823 -0.284977
vn 0.981106 0.079823 -0.176236
vn 0.994669 0.079823 -0.065279
vn 0.995724 0.079823 0.046499
vn 0.984257 0.079823 0.157692
vn 0.960412 0.079823 0.266902
vn 0.924490 0.079823 0.372756
vn 0.876941 0.079823 0.473922
vn 0.818365 0.079823 0.569129
vn 0.749497 0.079823 0.657178
vn 0.671203 0.079823 0.736963
vn 0.584469 0.079823 0.807480
vn 0.490385 0.079823 0.867842
vn 0.390134 0.079823 0.917291
vn 0.284977 0.079823 0.955205
vn 0.176236 0.079823 0.981106
vn 0.065279 0.079823 0.994669
vn -0.046499 0.079823 0.995724
vn -0.157692 0.079823 0.984257
vn -0.293673 0.076536 0.952837
vn -0.398511 0.076536 0.913965
vn -0.498336 0.076536 0.863599
vn -0.591895 0.076536 0.802373
vn -0.678011 0.076536 0.731056
vn -0.755600 0.076536 0.650547
vn -0.823687 0.076536 0.561856
vn -0.881416 0.076536 0.466099
vn -0.928060 0.076536 0.364481
vn -0.963034 0.076536 0.258280
vn -0.985897 0.076536 0.148830
vn -0.996361 0.076536 0.037509
vn -0.994296 0.076536 -0.074284
vn -0.979727 0.076536 -0.185143
vn -0.952837 0.076536 -0.293673
vn -0.913965 0.076536 -0.398511
vn -0.863599 0.076536 -0.498336
vn -0.802373 0.076536 -0.591895
vn -0.731056 0.076536 -0.678011
vn -0.650547 0.076536 -0.755600
vn -0.561856 0.076536 -0.823687
vn -0.466099 0.076536 -0.881416
vn -0.364481 0.076536 -0.928060
vn -0.258280 0.076536 -0.963034
vn -0.148830 0.076536 -0.985897
vn -0.037509 0.076536 -0.996361
vn 0.074284 0.076536 -0.994296
vn 0.185143 0.076536 -0.979727
vn 0.293673 0.076536 -0.952837
vn 0.398511 0.076536 -0.913965
vn 0.498336 0.076536 -0.863599
vn 0.591895 0.076536 -0.802373
vn 0.678011 0.076536 -0.731056
vn 0.755600 0.076536 -0.650547
vn 0.823687 0.076536 -0.561856
vn 0.881416 0.076536 -0.466099
vn 0.928060 0.076536 -0.364481
vn 0.963034 0.076536 -0.258280
vn 0.985897 0.076536 -0.148830
vn 0.996361 0.076536 -0.037509
vn 0.994296 0.076536 0.074284
vn 0.979727 0.076536 0.185143
vn 0.952837 0.076536 0.293673
vn 0.913965 0.076536 0.398511
vn 0.863599 0.076536 0.498336
vn 0.802373 0.076536 0.591895
vn 0.731056 0.076536 0.678011
vn 0.650547 0.076536 0.755600
vn 0.561856 0.076536 0.823687
vn 0.466099 0.076536 0.881416
vn 0.364481 0.076536 0.928060
vn 0.258280 0.076536 0.963034
vn 0.148830 0.076536 0.985897
vn 0.037509 0.076536 0.996361
vn -0.074284 0.076536 0.994296
vn -0.185143 0.076536 0.979727
vn -0.320228 0.073144 0.944513
vn -0.423966 0.073144 0.902720
vn -0.522373 0.073144 0.849574
vn -0.614211 0.073144 0.785745
vn -0.698324 0.073144 0.712035
vn -0.773656 0.073144 0.629370
vn -0.839258 0.073144 0.538791
vn -0.894307 0.073144 0.441436
vn -0.938108 0.073144 0.338530
vn -0.970113 0.073144 0.231366
vn -0.989918 0.073144 0.121293
vn -0.997274 0.073144 0.009695
vn -0.992089 0.073144 -0.102025
vn -0.974428 0.073144 -0.212463
vn -0.944513 0.073144 -0.320228
vn -0.902720 0.073144 -0.423966
vn -0.849574 0.073144 -0.522373
vn -0.785745 0.073144 -0.614211
vn -0.712035 0.073144 -0.698324
vn -0.629370 0.073144 -0.773656
vn -0.538791 0.073144 -0.839258
vn -0.441436 0.073144 -0.894307
vn -0.338530 0.073144 -0.938108
vn -0.231366 0.073144 -0.970113
vn -0.121293 0.073144 -0.989918
vn -0.009695 0.073144 -0.997274
vn 0.102025 0.073144 -0.992089
vn 0.212463 0.073144 -0.974428
vn 0.320228 0.073144 -0.944513
vn 0.423966 0.073144 -0.902720
vn 0.522373 0.073144 -0.849574
vn 0.614211 0.073144 -0.785745
vn 0.698324 0.073144 -0.712035
vn 0.773656 0.073144 -0.629370
vn 0.839258 0.073144 -0.538791
vn 0.894307 0.073144 -0.441436
vn 0.938108 0.073144 -0.338530
vn 0.970113 0.073144 -0.231366
vn 0.989918 0.073144 -0.121293
vn 0.997274 0.073144 -0.009695
vn 0.992089 0.073144 0.102025
vn 0.974428 0.073144 0.212463
vn 0.944513 0.073144 0.320228
vn 0.902720 0.073144 0.423966
vn 0.849574 0.073144 0.522373
vn 0.785745 0.073144 0.614211
vn 0.712035 0.073144 0.698324
vn 0.629370 0.073144 0.773656
vn 0.538791 0.073144 0.839258
vn 0.441436 0.073144 0.894307
vn 0.338530 0.073144 0.938108
vn 0.231366 0.073144 0.970113
vn 0.121293 0.073144 0.989918
vn 0.009695 0.073144 0.997274
vn -0.102025 0.073144 0.992089
vn -0.212463 0.073144 0.974428
vn -0.346545 0.069653 0.935444
vn -0.449103 0.069653 0.890761
vn -0.546012 0.069653 0.834877
vn -0.636056 0.069653 0.768493
vn -0.718100 0.069653 0.692445
vn -0.791114 0.069653 0.607690
vn -0.854179 0.069653 0.515292
vn -0.906503 0.069653 0.416414
vn -0.947427 0.069653 0.312300
vn -0.976436 0.069653 0.204258
vn -0.993166 0.069653 0.093647
vn -0.997406 0.069653 -0.018141
vn -0.989104 0.069653 -0.129701
vn -0.968363 0.069653 -0.239630
vn -0.935444 0.069653 -0.346545
vn -0.890761 0.069653 -0.449103
vn -0.834877 0.069653 -0.546012
vn -0.768493 0.069653 -0.636056
vn -0.692445 0.069653 -0.718100
vn -0.607690 0.069653 -0.791114
vn -0.515292 0.069653 -0.854179
vn -0.416414 0.069653 -0.906503
vn -0.312300 0.069653 -0.947427
vn -0.204258 0.069653 -0.976436
vn -0.093647 0.069653 -0.993166
vn 0.018141 0.069653 -0.997406
vn 0.129701 0.069653 -0.989104
vn 0.239630 0.069653 -0.968363
vn 0.346545 0.069653 -0.935444
vn 0.449103 0.069653 -0.890761
vn 0.546012 0.069653 -0.834877
vn 0.636056 0.069653 -0.768493
vn 0.718100 0.069653 -0.692445
vn 0.791114 0.069653 -0.607690
vn 0.854179 0.069653 -0.515292
vn 0.906503 0.069653 -0.416414
vn 0.947427 0.069653 -0.312300
vn 0.976436 0.069653 -0.204258
vn 0.993166 0.069653 -0.093647
vn 0.997406 0.069653 0.018141
vn 0.989104 0.069653 0.129701
vn 0.968363 0.069653 0.239630
vn 0.935444 0.069653 0.346545
vn 0.890761 0.069653 0.449103
vn 0.834877 0.069653 0.546012
vn 0.768493 0.069653 0.636056
vn 0.692445 0.069653 0.718100
vn 0.607690 0.069653 0.791114
vn 0.515292 0.069653 0.854179
vn 0.416414 0.069653 0.906503
vn 0.312300 0.069653 0.947427
vn 0.204258 0.069653 0.976436
vn 0.093647 0.069653 0.993166
vn -0.018141 0.069653 0.997406
vn -0.129701 0.069653 0.989104
vn -0.239630 0.069653 0.968363
vn -0.372603 0.066067 0.925636
vn -0.473899 0.066067 0.878097
vn -0.569235 0.066067 0.819516
vn -0.657412 0.066067 0.750629
vn -0.737322 0.066067 0.672303
vn -0.807960 0.066067 0.585521
vn -0.868438 0.066067 0.491377
vn -0.917994 0.066067 0.391053
vn -0.956006 0.066067 0.285812
vn -0.981995 0.066067 0.176976
vn -0.995636 0.066067 0.065914
vn -0.996755 0.066067 -0.045976
vn -0.985340 0.066067 -0.157288
vn -0.961534 0.066067 -0.266622
vn -0.925636 0.066067 -0.372603
vn -0.878097 0.066067 -0.473899
vn -0.819516 0.066067 -0.569235
vn -0.750629 0.066067 -0.657412
vn -0.672303 0.066067 -0.737322
vn -0.585521 0.066067 -0.807960
vn -0.491377 0.066067 -0.868438
vn -0.391053 0.066067 -0.917994
vn -0.285812 0.066067 -0.956006
vn -0.176976 0.066067 -0.981995
vn -0.065914 0.066067 -0.995636
vn 0.045976 0.066067 -0.996755
vn 0.157288 0.066067 -0.985340
vn 0.266622 0.066067 -0.961534
vn 0.372603 0.066067 -0.925636
vn 0.473899 0.066067 -0.878097
vn 0.569235 0.066067 -0.819516
vn 0.657412 0.066067 -0.750629
vn 0.737322 0.066067 -0.672303
vn 0.807960 0.066067 -0.585521
vn 0.868438 0.066067 -0.491377
vn 0.917994 0.066067 -0.391053
vn 0.956006 0.066067 -0.285812
vn 0.981995 0.066067 -0.176976
vn 0.995636 0.066067 -0.065914
vn 0.996755 0.066067 0.045976
vn 0.985340 0.066067 0.157288
vn 0.961534 0.066067 0.266622
vn 0.925636 0.066067 0.372603
vn 0.878097 0.066067 0.473899
vn 0.819516 0.066067 0.569235
vn 0.750629 0.066067 0.657412
vn 0.672303 0.066067 0.737322
vn 0.585521 0.066067 0.807960
vn 0.491377 0.066067 0.868438
vn 0.391053 0.066067 0.917994
vn 0.285812 0.066067 0.956006
vn 0.176976 0.066067 0.981995
vn 0.065914 0.066067 0.995636
vn -0.045976 0.066067 0.996755
vn -0.157288 0.066067 0.985340
vn -0.266622 0.066067 0.961534
vn -0.398381 0.062391 0.915096
vn -0.498334 0.062391 0.864737
vn -0.592021 0.062391 0.803504
vn -0.678262 0.062391 0.732167
vn -0.755974 0.062391 0.651622
vn -0.824179 0.062391 0.562882
vn -0.882020 0.062391 0.467064
vn -0.928768 0.062391 0.365372
vn -0.963837 0.062391 0.259086
vn -0.986785 0.062391 0.149541
vn -0.997324 0.062391 0.038116
vn -0.995320 0.062391 -0.073788
vn -0.980800 0.062391 -0.184765
vn -0.953946 0.062391 -0.293418
vn -0.915096 0.062391 -0.398381
vn -0.864737 0.062391 -0.498334
vn -0.803504 0.062391 -0.592021
vn -0.732167 0.062391 -0.678262
vn -0.651622 0.062391 -0.755974
vn -0.562882 0.062391 -0.824179
vn -0.467064 0.062391 -0.882020
vn -0.365372 0.062391 -0.928768
vn -0.259086 0.062391 -0.963837
vn -0.149541 0.062391 -0.986785
vn -0.038116 0.062391 -0.997324
vn 0.073788 0.062391 -0.995320
vn 0.184765 0.062391 -0.980800
vn 0.293418 0.062391 -0.953946
vn 0.398381 0.062391 -0.915096
vn 0.498334 0.062391 -0.864737
vn 0.592021 0.062391 -0.803504
vn 0.678262 0.062391 -0.732167
vn 0.755974 0.062391 -0.651622
vn 0.824179 0.062391 -0.562882
vn 0.882020 0.062391 -0.467064
vn 0.928768 0.062391 -0.365372
vn 0.963837 0.062391 -0.259086
vn 0.986785 0.062391 -0.149541
vn 0.997324 0.062391 -0.038116
vn 0.995320 0.062391 0.073788
vn 0.980800 0.062391 0.184765
vn 0.953946 0.062391 0.293418
vn 0.915096 0.062391 0.398381
vn 0.864737 0.062391 0.498334
vn 0.803504 0.062391 0.592021
vn 0.732167 0.062391 0.678262
vn 0.651622 0.062391 0.755974
vn 0.562882 0.062391 0.824179
vn 0.467064 0.062391 0.882020
vn 0.365372 0.062391 0.928768
vn 0.259086 0.062391 0.963837
vn 0.149541 0.062391 0.986785
vn 0.038116 0.062391 0.997324
vn -0.073788 0.062391 0.995320
vn -0.184765 0.062391 0.980800
vn -0.293418 0.062391 0.953946
vn -0.423857 0.058629 0.903830
vn -0.522389 0.058629 0.850690
vn -0.614351 0.058629 0.786852
vn -0.698587 0.058629 0.713119
vn -0.774039 0.058629 0.630418
vn -0.839756 0.058629 0.539789
vn -0.894913 0.058629 0.442372
vn -0.938816 0.058629 0.339392
vn -0.970913 0.058629 0.232144
vn -0.990800 0.058629 0.121976
vn -0.998227 0.058629 0.010275
vn -0.993101 0.058629 -0.101556
vn -0.975486 0.058629 -0.212109
vn -0.945603 0.058629 -0.319995
vn -0.903830 0.058629 -0.423857
vn -0.850690 0.058629 -0.522389
vn -0.786852 0.058629 -0.614351
vn -0.713119 0.058629 -0.698587
vn -0.630418 0.058629 -0.774039
vn -0.539789 0.058629 -0.839756
vn -0.442372 0.058629 -0.894913
vn -0.339392 0.058629 -0.938816
vn -0.232144 0.058629 -0.970913
vn -0.121976 0.058629 -0.990800
vn -0.010275 0.058629 -0.998227
vn 0.101556 0.058629 -0.993101
vn 0.212109 0.058629 -0.975486
vn 0.319995 0.058629 -0.945603
vn 0.423857 0.058629 -0.903830
vn 0.522389 0.058629 -0.850690
vn 0.614351 0.058629 -0.786852
vn 0.698587 0.058629 -0.713119
vn 0.774039 0.058629 -0.630418
vn 0.839756 0.058629 -0.539789
vn 0.894913 0.058629 -0.442372
vn 0.938816 0.058629 -0.339392
vn 0.970913 0.058629 -0.232144
vn 0.990800 0.058629 -0.121976
vn 0.998227 0.058629 -0.010275
vn 0.993101 0.058629 0.101556
vn 0.975486 0.058629 0.212109
vn 0.945603 0.058629 0.319995
vn 0.903830 0.058629 0.423857
vn 0.850690 0.058629 0.522389
vn 0.786852 0.058629 0.614351
vn 0.713119 0.058629 0.698587
vn 0.630418 0.058629 0.774039
vn 0.539789 0.058629 0.839756
vn 0.442372 0.058629 0.894913
vn 0.339392 0.058629 0.938816
vn 0.232144 0.058629 0.970913
vn 0.121976 0.058629 0.990800
vn 0.010275 0.058629 0.998227
vn -0.101556 0.058629 0.993101
vn -0.212109 0.058629 0.975486
vn -0.319995 0.058629 0.945603
vn -0.449010 0.054787 0.891846
vn -0.546042 0.054787 0.835965
vn -0.636207 0.054787 0.769571
vn -0.718371 0.054787 0.693500
vn -0.791501 0.054787 0.608707
vn -0.854678 0.054787 0.516260
vn -0.907107 0.054787 0.417320
vn -0.948128 0.054787 0.313132
vn -0.977226 0.054787 0.205007
vn -0.994035 0.054787 0.094303
vn -0.998343 0.054787 -0.017587
vn -0.990097 0.054787 -0.129255
vn -0.969399 0.054787 -0.239298
vn -0.936511 0.054787 -0.346332
vn -0.891846 0.054787 -0.449010
vn -0.835965 0.054787 -0.546042
vn -0.769571 0.054787 -0.636207
vn -0.693500 0.054787 -0.718371
vn -0.608707 0.054787 -0.791501
vn -0.516260 0.054787 -0.854678
vn -0.417320 0.054787 -0.907107
vn -0.313132 0.054787 -0.948128
vn -0.205007 0.054787 -0.977226
vn -0.094303 0.054787 -0.994035
vn 0.017587 0.054787 -0.998343
vn 0.129255 0.054787 -0.990097
vn 0.239298 0.054787 -0.969399
vn 0.346332 0.054787 -0.936511
vn 0.449010 0.054787 -0.891846
vn 0.546042 0.054787 -0.835965
vn 0.636207 0.054787 -0.769571
vn 0.718371 0.054787 -0.693500
vn 0.791501 0.054787 -0.608707
vn 0.854678 0.054787 -0.516260
vn 0.907107 0.054787 -0.417320
vn 0.948128 0.054787 -0.313132
vn 0.977226 0.054787 -0.205007
vn 0.994035 0.054787 -0.094303
vn 0.998343 0.054787 0.017587
vn 0.990097 0.054787 0.129255
vn 0.969399 0.054787 0.239298
vn 0.936511 0.054787 0.346332
vn 0.891846 0.054787 0.449010
vn 0.835965 0.054787 0.546042
vn 0.769571 0.054787 0.636207
vn 0.693500 0.054787 0.718371
vn 0.608707 0.054787 0.791501
vn 0.516260 0.054787 0.854678
vn 0.417320 0.054787 0.907107
vn 0.313132 0.054787 0.948128
vn 0.205007 0.054787 0.977226
vn 0.094303 0.054787 0.994035
vn -0.017587 0.054787 0.998343
vn -0.129255 0.054787 0.990097
vn -0.239298 0.054787 0.969399
vn -0.346332 0.054787 0.936511
vn -0.473819 0.050869 0.879152
vn -0.569273 0.050869 0.820573
vn -0.657569 0.050869 0.751675
vn -0.737595 0.050869 0.673324
vn -0.808346 0.050869 0.586506
vn -0.868931 0.050869 0.492312
vn -0.918589 0.050869 0.391927
vn -0.956695 0.050869 0.286614
vn -0.982770 0.050869 0.177696
vn -0.996486 0.050869 0.066543
vn -0.997671 0.050869 -0.045446
vn -0.986309 0.050869 -0.156864
vn -0.962544 0.050869 -0.266310
vn -0.926675 0.050869 -0.372406
vn -0.879152 0.050869 -0.473819
vn -0.820573 0.050869 -0.569273
vn -0.751675 0.050869 -0.657569
vn -0.673324 0.050869 -0.737595
vn -0.586506 0.050869 -0.808346
vn -0.492312 0.050869 -0.868931
vn -0.391927 0.050869 -0.918589
vn -0.286614 0.050869 -0.956695
vn -0.177696 0.050869 -0.982770
vn -0.066543 0.050869 -0.996486
vn 0.045446 0.050869 -0.997671
vn 0.156864 0.050869 -0.986309
vn 0.266310 0.050869 -0.962544
vn 0.372406 0.050869 -0.926675
vn 0.473819 0.050869 -0.879152
vn 0.569273 0.050869 -0.820573
vn 0.657569 0.050869 -0.751675
vn 0.737595 0.050869 -0.673324
vn 0.808346 0.050869 -0.586506
vn 0.868931 0.050869 -0.492312
vn 0.918589 0.050869 -0.391927
vn 0.956695 0.050869 -0.286614
vn 0.982770 0.050869 -0.177696
vn 0.996486 0.050869 -0.066543
vn 0.997671 0.050869 0.045446
vn 0.986309 0.050869 0.156864
vn 0.962544 0.050869 0.266310
vn 0.926675 0.050869 0.372406
vn 0.879152 0.050869 0.473819
vn 0.820573 0.050869 0.569273
vn 0.751675 0.050869 0.657569
vn 0.673324 0.050869 0.737595
vn 0.586506 0.050869 0.808346
vn 0.492312 0.050869 0.868931
vn 0.391927 0.050869 0.918589
vn 0.286614 0.050869 0.956695
vn 0.177696 0.050869 0.982770
vn 0.066543 0.050869 0.996486
vn -0.045446 0.050869 0.997671
vn -0.156864 0.050869 0.986309
vn -0.266310 0.050869 0.962544
vn -0.372406 0.050869 0.926675
vn -0.498263 0.046881 0.865758
vn -0.592064 0.046881 0.804526
vn -0.678420 0.046881 0.733177
vn -0.756244 0.046881 0.652608
vn -0.824558 0.046881 0.563832
vn -0.882502 0.046881 0.467966
vn -0.929349 0.046881 0.366215
vn -0.964508 0.046881 0.259858
vn -0.987538 0.046881 0.150233
vn -0.998150 0.046881 0.038719
vn -0.996209 0.046881 -0.073281
vn -0.981740 0.046881 -0.184361
vn -0.954925 0.046881 -0.293121
vn -0.916102 0.046881 -0.398196
vn -0.865758 0.046881 -0.498263
vn -0.804526 0.046881 -0.592064
vn -0.733177 0.046881 -0.678420
vn -0.652608 0.046881 -0.756244
vn -0.563832 0.046881 -0.824558
vn -0.467966 0.046881 -0.882502
vn -0.366215 0.046881 -0.929349
vn -0.259858 0.046881 -0.964508
vn -0.150233 0.046881 -0.987538
vn -0.038719 0.046881 -0.998150
vn 0.073281 0.046881 -0.996209
vn 0.184361 0.046881 -0.981740
vn 0.293121 0.046881 -0.954925
vn 0.398196 0.046881 -0.916102
vn 0.498263 0.046881 -0.865758
vn 0.592064 0.046881 -0.804526
vn 0.678420 0.046881 -0.733177
vn 0.756244 0.046881 -0.652608
vn 0.824558 0.046881 -0.563832
vn 0.882502 0.046881 -0.467966
vn 0.929349 0.046881 -0.366215
vn 0.964508 0.046881 -0.259858
vn 0.987538 0.046881 -0.150233
vn 0.998150 0.046881 -0.038719
vn 0.996209 0.046881 0.073281
vn 0.981740 0.046881 0.184361
vn 0.954925 0.046881 0.293121
vn 0.916102 0.046881 0.398196
vn 0.865758 0.046881 0.498263
vn 0.804526 0.046881 0.592064
vn 0.733177 0.046881 0.678420
vn 0.652608 0.046881 0.756244
vn 0.563832 0.046881 0.824558
vn 0.467966 0.046881 0.882502
vn 0.366215 0.046881 0.929349
vn 0.259858 0.046881 0.964508
vn 0.150233 0.046881 0.987538
vn 0.038719 0.046881 0.998150
vn -0.073281 0.046881 0.996209
vn -0.184361 0.046881 0.981740
vn -0.293121 0.046881 0.954925
vn -0.398196 0.046881 0.916102
vn -0.522322 0.042828 0.851672
vn -0.614394 0.042828 0.787836
vn -0.698741 0.042828 0.714092
vn -0.774300 0.042828 0.631367
vn -0.840122 0.042828 0.540703
vn -0.895379 0.042828 0.443240
vn -0.939377 0.042828 0.340202
vn -0.971560 0.042828 0.232886
vn -0.991526 0.042828 0.122641
vn -0.999023 0.042828 0.010855
vn -0.993957 0.042828 -0.101069
vn -0.976391 0.042828 -0.211721
vn -0.946547 0.042828 -0.319711
vn -0.904799 0.042828 -0.423680
vn -0.851672 0.042828 -0.522322
vn -0.787836 0.042828 -0.614394
vn -0.714092 0.042828 -0.698741
vn -0.631367 0.042828 -0.774300
vn -0.540703 0.042828 -0.840122
vn -0.443240 0.042828 -0.895379
vn -0.340202 0.042828 -0.939377
vn -0.232886 0.042828 -0.971560
vn -0.122641 0.042828 -0.991526
vn -0.010855 0.042828 -0.999023
vn 0.101069 0.042828 -0.993957
vn 0.211721 0.042828 -0.976391
vn 0.319711 0.042828 -0.946547
vn 0.423680 0.042828 -0.904799
vn 0.522322 0.042828 -0.851672
vn 0.614394 0.042828 -0.787836
vn 0.698741 0.042828 -0.714092
vn 0.774300 0.042828 -0.631367
vn 0.840122 0.042828 -0.540703
vn 0.895379 0.042828 -0.443240
vn 0.939377 0.042828 -0.340202
vn 0.971560 0.042828 -0.232886
vn 0.991526 0.042828 -0.122641
vn 0.999023 0.042828 -0.010855
vn 0.993957 0.042828 0.101069
vn 0.976391 0.042828 0.211721
vn 0.946547 0.042828 0.319711
vn 0.904799 0.042828 0.423680
vn 0.851672 0.042828 0.522322
vn 0.787836 0.042828 0.614394
vn 0.714092 0.042828 0.698741
vn 0.631367 0.042828 0.774300
vn 0.540703 0.042828 0.840122
vn 0.443240 0.042828 0.895379
vn 0.340202 0.042828 0.939377
vn 0.232886 0.042828 0.971560
vn 0.122641 0.042828 0.991526
vn 0.010855 0.042828 0.999023
vn -0.101069 0.042828 0.993957
vn -0.211721 0.042828 0.976391
vn -0.319711 0.042828 0.946547
vn -0.423680 0.042828 0.904799
vn -0.545974 0.038717 0.836907
vn -0.636245 0.038717 0.770515
vn -0.718515 0.038717 0.694433
vn -0.791749 0.038717 0.609618
vn -0.855026 0.038717 0.517137
vn -0.907551 0.038717 0.418153
vn -0.948663 0.038717 0.313910
vn -0.977845 0.038717 0.205720
vn -0.994730 0.038717 0.094943
vn -0.999105 0.038717 -0.017029
vn -0.990916 0.038717 -0.128786
vn -0.970266 0.038717 -0.238923
vn -0.937414 0.038717 -0.346057
vn -0.892774 0.038717 -0.448838
vn -0.836907 0.038717 -0.545974
vn -0.770515 0.038717 -0.636245
vn -0.694433 0.038717 -0.718515
vn -0.609618 0.038717 -0.791749
vn -0.517137 0.038717 -0.855026
vn -0.418153 0.038717 -0.907551
vn -0.313910 0.038717 -0.948663
vn -0.205720 0.038717 -0.977845
vn -0.094943 0.038717 -0.994730
vn 0.017029 0.038717 -0.999105
vn 0.128786 0.038717 -0.990916
vn 0.238923 0.038717 -0.970266
vn 0.346057 0.038717 -0.937414
vn 0.448838 0.038717 -0.892774
vn 0.545974 0.038717 -0.836907
vn 0.636245 0.038717 -0.770515
vn 0.718515 0.038717 -0.694433
vn 0.791749 0.038717 -0.609618
vn 0.855026 0.038717 -0.517137
vn 0.907551 0.038717 -0.418153
vn 0.948663 0.038717 -0.313910
vn 0.977845 0.038717 -0.205720
vn 0.994730 0.038717 -0.094943
vn 0.999105 0.038717 0.017029
vn 0.990916 0.038717 0.128786
vn 0.970266 0.038717 0.238923
vn 0.937414 0.038717 0.346057
vn 0.892774 0.038717 0.448838
vn 0.836907 0.038717 0.545974
vn 0.770515 0.038717 0.636245
vn 0.694433 0.038717 0.718515
vn 0.609618 0.038717 0.791749
vn 0.517137 0.038717 0.855026
vn 0.418153 0.038717 0.907551
vn 0.313910 0.038717 0.948663
vn 0.205720 0.038717 0.977845
vn 0.094943 0.038717 0.994730
vn -0.017029 0.038717 0.999105
vn -0.128786 0.038717 0.990916
vn -0.238923 0.038717 0.970266
vn -0.346057 0.038717 0.937414
vn -0.448838 0.038717 0.892774
vn -0.569201 0.034551 0.821472
vn -0.657598 0.034551 0.752576
vn -0.737725 0.034551 0.674217
vn -0.808575 0.034551 0.587378
vn -0.869256 0.034551 0.493153
vn -0.919006 0.034551 0.392727
vn -0.957199 0.034551 0.287361
vn -0.983354 0.034551 0.178382
vn -0.997144 0.034551 0.067160
vn -0.998393 0.034551 -0.044907
vn -0.987088 0.034551 -0.156409
vn -0.963369 0.034551 -0.265945
vn -0.927535 0.034551 -0.372136
vn -0.880037 0.034551 -0.473647
vn -0.821472 0.034551 -0.569201
vn -0.752576 0.034551 -0.657598
vn -0.674217 0.034551 -0.737725
vn -0.587378 0.034551 -0.808575
vn -0.493153 0.034551 -0.869256
vn -0.392727 0.034551 -0.919006
vn -0.287361 0.034551 -0.957199
vn -0.178382 0.034551 -0.983354
vn -0.067160 0.034551 -0.997144
vn 0.044907 0.034551 -0.998393
vn 0.156409 0.034551 -0.987088
vn 0.265945 0.034551 -0.963369
vn 0.372136 0.034551 -0.927535
vn 0.473647 0.034551 -0.880037
vn 0.569201 0.034551 -0.821472
vn 0.657598 0.034551 -0.752576
vn 0.737725 0.034551 -0.674217
vn 0.808575 0.034551 -0.587378
vn 0.869256 0.034551 -0.493153
vn 0.919006 0.034551 -0.392727
vn 0.957199 0.034551 -0.287361
vn 0.983354 0.034551 -0.178382
vn 0.997144 0.034551 -0.067160
vn 0.998393 0.034551 0.044907
vn 0.987088 0.034551 0.156409
vn 0.963369 0.034551 0.265945
vn 0.927535 0.034551 0.372136
vn 0.880037 0.034551 0.473647
vn 0.821472 0.034551 0.569201
vn 0.752576 0.034551 0.657598
vn 0.674217 0.034551 0.737725
vn 0.587378 0.034551 0.808575
vn 0.493153 0.034551 0.869256
vn 0.392727 0.034551 0.919006
vn 0.287361 0.034551 0.957199
vn 0.178382 0.034551 0.983354
vn 0.067160 0.034551 0.997144
vn -0.044907 0.034551 0.998393
vn -0.156409 0.034551 0.987088
vn -0.265945 0.034551 0.963369
vn -0.372136 0.034551 0.927535
vn -0.473647 0.034551 0.880037
vn -0.591983 0.030338 0.805380
vn -0.678434 0.030338 0.734034
vn -0.756354 0.030338 0.653459
vn -0.824762 0.030338 0.564665
vn -0.882799 0.030338 0.468770
vn -0.929734 0.030338 0.366981
vn -0.964977 0.030338 0.260576
vn -0.988084 0.030338 0.150894
vn -0.998766 0.030338 0.039315
vn -0.996888 0.030338 -0.072758
vn -0.982474 0.030338 -0.183917
vn -0.955704 0.030338 -0.292762
vn -0.916916 0.030338 -0.397927
vn -0.866597 0.030338 -0.498086
vn -0.805380 0.030338 -0.591983
vn -0.734034 0.030338 -0.678434
vn -0.653459 0.030338 -0.756354
vn -0.564665 0.030338 -0.824762
vn -0.468770 0.030338 -0.882799
vn -0.366981 0.030338 -0.929734
vn -0.260576 0.030338 -0.964977
vn -0.150894 0.030338 -0.988084
vn -0.039315 0.030338 -0.998766
vn 0.072758 0.030338 -0.996888
vn 0.183917 0.030338 -0.982474
vn 0.292762 0.030338 -0.955704
vn 0.397927 0.030338 -0.916916
vn 0.498086 0.030338 -0.866597
vn 0.591983 0.030338 -0.805380
vn 0.678434 0.030338 -0.734034
vn 0.756354 0.030338 -0.653459
vn 0.824762 0.030338 -0.564665
vn 0.882799 0.030338 -0.468770
vn 0.929734 0.030338 -0.366981
vn 0.964977 0.030338 -0.260576
vn 0.988084 0.030338 -0.150894
vn 0.998766 0.030338 -0.039315
vn 0.996888 0.030338 0.072758
vn 0.982474 0.030338 0.183917
vn 0.955704 0.030338 0.292762
vn 0.916916 0.030338 0.397927
vn 0.866597 0.030338 0.498086
vn 0.805380 0.030338 0.591983
vn 0.734034 0.030338 0.678434
vn 0.653459 0.030338 0.756354
vn 0.564665 0.030338 0.824762
vn 0.468770 0.030338 0.882799
vn 0.366981 0.030338 0.929734
vn 0.260576 0.030338 0.964977
vn 0.150894 0.030338 0.988084
vn 0.039315 0.030338 0.998766
vn -0.072758 0.030338 0.996888
vn -0.183917 0.030338 0.982474
vn -0.292762 0.030338 0.955704
vn -0.397927 0.030338 0.916916
vn -0.498086 0.030338 0.866597
vn -0.614299 0.026083 0.788642
vn -0.698736 0.026083 0.714904
vn -0.774386 0.026083 0.632175
vn -0.840298 0.026083 0.541496
vn -0.895643 0.026083 0.444008
vn -0.939725 0.026083 0.340936
vn -0.971989 0.026083 0.233577
vn -0.992029 0.026083 0.123280
vn -0.999594 0.026083 0.011432
vn -0.994589 0.026083 -0.100558
vn -0.977076 0.026083 -0.211285
vn -0.947276 0.026083 -0.319354
vn -0.905564 0.026083 -0.423407
vn -0.852463 0.026083 -0.522136
vn -0.788642 0.026083 -0.614299
vn -0.714904 0.026083 -0.698736
vn -0.632175 0.026083 -0.774386
vn -0.541496 0.026083 -0.840298
vn -0.444008 0.026083 -0.895643
vn -0.340936 0.026083 -0.939725
vn -0.233577 0.026083 -0.971989
vn -0.123280 0.026083 -0.992029
vn -0.011432 0.026083 -0.999594
vn 0.100558 0.026083 -0.994589
vn 0.211285 0.026083 -0.977076
vn 0.319354 0.026083 -0.947276
vn 0.423407 0.026083 -0.905564
vn 0.522136 0.026083 -0.852463
vn 0.614299 0.026083 -0.788642
vn 0.698736 0.026083 -0.714904
vn 0.774386 0.026083 -0.632175
vn 0.840298 0.026083 -0.541496
vn 0.895643 0.026083 -0.444008
vn 0.939725 0.026083 -0.340936
vn 0.971989 0.026083 -0.233577
vn 0.992029 0.026083 -0.123280
vn 0.999594 0.026083 -0.011432
vn 0.994589 0.026083 0.100558
vn 0.977076 0.026083 0.211285
vn 0.947276 0.026083 0.319354
vn 0.905564 0.026083 0.423407
vn 0.852463 0.026083 0.522136
vn 0.788642 0.026083 0.614299
vn 0.714904 0.026083 0.698736
vn 0.632175 0.026083 0.774386
vn 0.541496 0.026083 0.840298
vn 0.444008 0.026083 0.895643
vn 0.340936 0.026083 0.939725
vn 0.233577 0.026083 0.971989
vn 0.123280 0.026083 0.992029
vn 0.011432 0.026083 0.999594
vn -0.100558 0.026083 0.994589
vn -0.211285 0.026083 0.977076
vn -0.319354 0.026083 0.947276
vn -0.423407 0.026083 0.905564
vn -0.522136 0.026083 0.852463
vn -0.636131 0.021791 0.771274
vn -0.718486 0.021791 0.695200
vn -0.791806 0.021791 0.610384
vn -0.855169 0.021791 0.517892
vn -0.907777 0.021791 0.418887
vn -0.948969 0.021791 0.314614
vn -0.978228 0.021791 0.206385
vn -0.995185 0.021791 0.095561
vn -0.999627 0.021791 -0.016466
vn -0.991498 0.021791 -0.128285
vn -0.970900 0.021791 -0.238491
vn -0.938093 0.021791 -0.345698
vn -0.893489 0.021791 -0.448557
vn -0.837648 0.021791 -0.545776
vn -0.771274 0.021791 -0.636131
vn -0.695200 0.021791 -0.718486
vn -0.610384 0.021791 -0.791806
vn -0.517892 0.021791 -0.855169
vn -0.418887 0.021791 -0.907777
vn -0.314614 0.021791 -0.948969
vn -0.206385 0.021791 -0.978228
vn -0.095561 0.021791 -0.995185
vn 0.016466 0.021791 -0.999627
vn 0.128285 0.021791 -0.991498
vn 0.238491 0.021791 -0.970900
vn 0.345698 0.021791 -0.938093
vn 0.448557 0.021791 -0.893489
vn 0.545776 0.021791 -0.837648
vn 0.636131 0.021791 -0.771274
vn 0.718486 0.021791 -0.695200
vn 0.791806 0.021791 -0.610384
vn 0.855169 0.021791 -0.517892
vn 0.907777 0.021791 -0.418887
vn 0.948969 0.021791 -0.314614
vn 0.978228 0.021791 -0.206385
vn 0.995185 0.021791 -0.095561
vn 0.999627 0.021791 0.016466
vn 0.991498 0.021791 0.128285
vn 0.970900 0.021791 0.238491
vn 0.938093 0.021791 0.345698
vn 0.893489 0.021791 0.448557
vn 0.837648 0.021791 0.545776
vn 0.771274 0.021791 0.636131
vn 0.695200 0.021791 0.718486
vn 0.610384 0.021791 0.791806
vn 0.517892 0.021791 0.855169
vn 0.418887 0.021791 0.907777
vn 0.314614 0.021791 0.948969
vn 0.206385 0.021791 0.978228
vn 0.095561 0.021791 0.995185
vn -0.016466 0.021791 0.999627
vn -0.128285 0.021791 0.991498
vn -0.238491 0.021791 0.970900
vn -0.345698 0.021791 0.938093
vn -0.448557 0.021791 0.893489
vn -0.545776 0.021791 0.837648
vn -0.657460 0.017469 0.753287
vn -0.737667 0.017469 0.674938
vn -0.808598 0.017469 0.588102
vn -0.869360 0.017469 0.493870
vn -0.919190 0.017469 0.393427
vn -0.957460 0.017469 0.288037
vn -0.983690 0.017469 0.179024
vn -0.997549 0.017469 0.067760
vn -0.998863 0.017469 -0.044356
vn -0.987616 0.017469 -0.155914
vn -0.963949 0.017469 -0.265512
vn -0.928160 0.017469 -0.371770
vn -0.880699 0.017469 -0.473354
vn -0.822163 0.017469 -0.568984
vn -0.753287 0.017469 -0.657460
vn -0.674938 0.017469 -0.737667
vn -0.588102 0.017469 -0.808598
vn -0.493870 0.017469 -0.869360
vn -0.393427 0.017469 -0.919190
vn -0.288037 0.017469 -0.957460
vn -0.179024 0.017469 -0.983690
vn -0.067760 0.017469 -0.997549
vn 0.044356 0.017469 -0.998863
vn 0.155914 0.017469 -0.987616
vn 0.265512 0.017469 -0.963949
vn 0.371770 0.017469 -0.928160
vn 0.473354 0.017469 -0.880699
vn 0.568984 0.017469 -0.822163
vn 0.657460 0.017469 -0.753287
vn 0.737667 0.017469 -0.674938
vn 0.808598 0.017469 -0.588102
vn 0.869360 0.017469 -0.493870
vn 0.919190 0.017469 -0.393427
vn 0.957460 0.017469 -0.288037
vn 0.983690 0.017469 -0.179024
vn 0.997549 0.017469 -0.067760
vn 0.998863 0.017469 0.044356
vn 0.987616 0.017469 0.155914
vn 0.963949 0.017469 0.265512
vn 0.928160 0.017469 0.371770
vn 0.880699 0.017469 0.473354
vn 0.822163 0.017469 0.568984
vn 0.753287 0.017469 0.657460
vn 0.674938 0.017469 0.737667
vn 0.588102 0.017469 0.808598
vn 0.493870 0.017469 0.869360
vn 0.393427 0.017469 0.919190
vn 0.288037 0.017469 0.957460
vn 0.179024 0.017469 0.983690
vn 0.067760 0.017469 0.997549
vn -0.044356 0.017469 0.998863
vn -0.155914 0.017469 0.987616
vn -0.265512 0.017469 0.963949
vn -0.371770 0.017469 0.928160
vn -0.473354 0.017469 0.880699
vn -0.568984 0.017469 0.822163
vn -0.678268 0.013123 0.734697
vn -0.756263 0.013123 0.654136
vn -0.824748 0.013123 0.565348
vn -0.882861 0.013123 0.469451
vn -0.929872 0.013123 0.367650
vn -0.965189 0.013123 0.261226
vn -0.988368 0.013123 0.151516
vn -0.999117 0.013123 0.039901
vn -0.997303 0.013123 -0.072215
vn -0.982946 0.013123 -0.183424
vn -0.956229 0.013123 -0.292325
vn -0.917486 0.013123 -0.397551
vn -0.867206 0.013123 -0.497777
vn -0.806020 0.013123 -0.591743
vn -0.734697 0.013123 -0.678268
vn -0.654136 0.013123 -0.756263
vn -0.565348 0.013123 -0.824748
vn -0.469451 0.013123 -0.882861
vn -0.367650 0.013123 -0.929872
vn -0.261226 0.013123 -0.965189
vn -0.151516 0.013123 -0.988368
vn -0.039901 0.013123 -0.999117
vn 0.072215 0.013123 -0.997303
vn 0.183424 0.013123 -0.982946
vn 0.292325 0.013123 -0.956229
vn 0.397551 0.013123 -0.917486
vn 0.497777 0.013123 -0.867206
vn 0.591743 0.013123 -0.806020
vn 0.678268 0.013123 -0.734697
vn 0.756263 0.013123 -0.654136
vn 0.824748 0.013123 -0.565348
vn 0.882861 0.013123 -0.469451
vn 0.929872 0.013123 -0.367650
vn 0.965189 0.013123 -0.261226
vn 0.988368 0.013123 -0.151516
vn 0.999117 0.013123 -0.039901
vn 0.997303 0.013123 0.072215
vn 0.982946 0.013123 0.183424
vn 0.956229 0.013123 0.292325
vn 0.917486 0.013123 0.397551
vn 0.867206 0.013123 0.497777
vn 0.806020 0.013123 0.591743
vn 0.734697 0.013123 0.678268
vn 0.654136 0.013123 0.756263
vn 0.565348 0.013123 0.824748
vn 0.469451 0.013123 0.882861
vn 0.367650 0.013123 0.929872
vn 0.261226 0.013123 0.965189
vn 0.151516 0.013123 0.988368
vn 0.039901 0.013123 0.999117
vn -0.072215 0.013123 0.997303
vn -0.183424 0.013123 0.982946
vn -0.292325 0.013123 0.956229
vn -0.397551 0.013123 0.917486
vn -0.497777 0.013123 0.867206
vn -0.591743 0.013123 0.806020
vn -0.698538 0.008759 0.715519
vn -0.774258 0.008759 0.632809
vn -0.840242 0.008759 0.542141
vn -0.895659 0.008759 0.444654
vn -0.939813 0.008759 0.341576
vn -0.972148 0.008759 0.234203
vn -0.992258 0.008759 0.123884
vn -0.999890 0.008759 0.012008
vn -0.994947 0.008759 -0.100020
vn -0.977492 0.008759 -0.210790
vn -0.947745 0.008759 -0.318909
vn -0.906079 0.008759 -0.423017
vn -0.853019 0.008759 -0.521806
vn -0.789232 0.008759 -0.614033
vn -0.715519 0.008759 -0.698538
vn -0.632809 0.008759 -0.774258
vn -0.542141 0.008759 -0.840242
vn -0.444654 0.008759 -0.895659
vn -0.341576 0.008759 -0.939813
vn -0.234203 0.008759 -0.972148
vn -0.123884 0.008759 -0.992258
vn -0.012008 0.008759 -0.999890
vn 0.100020 0.008759 -0.994947
vn 0.210790 0.008759 -0.977492
vn 0.318909 0.008759 -0.947745
vn 0.423017 0.008759 -0.906079
vn 0.521806 0.008759 -0.853019
vn 0.614033 0.008759 -0.789232
vn 0.698538 0.008759 -0.715519
vn 0.774258 0.008759 -0.632809
vn 0.840242 0.008759 -0.542141
vn 0.895659 0.008759 -0.444654
vn 0.939813 0.008759 -0.341576
vn 0.972148 0.008759 -0.234203
vn 0.992258 0.008759 -0.123884
vn 0.999890 0.008759 -0.012008
vn 0.994947 0.008759 0.100020
vn 0.977492 0.008759 0.210790
vn 0.947745 0.008759 0.318909
vn 0.906079 0.008759 0.423017
vn 0.853019 0.008759 0.521806
vn 0.789232 0.008759 0.614033
vn 0.715519 0.008759 0.698538
vn 0.632809 0.008759 0.774258
vn 0.542141 0.008759 0.840242
vn 0.444654 0.008759 0.895659
vn 0.341576 0.008759 0.939813
vn 0.234203 0.008759 0.972148
vn 0.123884 0.008759 0.992258
vn 0.012008 0.008759 0.999890
vn -0.100020 0.008759 0.994947
vn -0.210790 0.008759 0.977492
vn -0.318909 0.008759 0.947745
vn -0.423017 0.008759 0.906079
vn -0.521806 0.008759 0.853019
vn -0.614033 0.008759 0.789232
vn -0.718252 0.004383 0.695769
vn -0.791637 0.004383 0.610976
vn -0.855067 0.004383 0.518499
vn -0.907744 0.004383 0.419501
vn -0.949006 0.004383 0.315229
vn -0.978333 0.004383 0.206992
vn -0.995357 0.004383 0.096152
vn -0.999864 0.004383 -0.015898
vn -0.991797 0.004383 -0.127747
vn -0.971258 0.004383 -0.237990
vn -0.938504 0.004383 -0.345240
vn -0.893949 0.004383 -0.448148
vn -0.838151 0.004383 -0.545421
vn -0.771813 0.004383 -0.635834
vn -0.695769 0.004383 -0.718252
vn -0.610976 0.004383 -0.791637
vn -0.518499 0.004383 -0.855067
vn -0.419501 0.004383 -0.907744
vn -0.315229 0.004383 -0.949006
vn -0.206992 0.004383 -0.978333
vn -0.096152 0.004383 -0.995357
vn 0.015898 0.004383 -0.999864
vn 0.127747 0.004383 -0.991797
vn 0.237990 0.004383 -0.971258
vn 0.345240 0.004383 -0.938504
vn 0.448148 0.004383 -0.893949
vn 0.545421 0.004383 -0.838151
vn 0.635834 0.004383 -0.771813
vn 0.718252 0.004383 -0.695769
vn 0.791637 0.004383 -0.610976
vn 0.855067 0.004383 -0.518499
vn 0.907744 0.004383 -0.419501
vn 0.949006 0.004383 -0.315229
vn 0.978333 0.004383 -0.206992
vn 0.995357 0.004383 -0.096152
vn 0.999864 0.004383 0.015898
vn 0.991797 0.004383 0.127747
vn 0.971258 0.004383 0.237990
vn 0.938504 0.004383 0.345240
vn 0.893949 0.004383 0.448148
vn 0.838151 0.004383 0.545421
vn 0.771813 0.004383 0.635834
vn 0.695769 0.004383 0.718252
vn 0.610976 0.004383 0.791637
vn 0.518499 0.004383 0.855067
vn 0.419501 0.004383 0.907744
vn 0.315229 0.004383 0.949006
vn 0.206992 0.004383 0.978333
vn 0.096152 0.004383 0.995357
vn -0.015898 0.004383 0.999864
vn -0.127747 0.004383 0.991797
vn -0.237990 0.004383 0.971258
vn -0.345240 0.004383 0.938504
vn -0.448148 0.004383 0.893949
vn -0.545421 0.004383 0.838151
vn -0.635834 0.004383 0.771813
vn -0.737394 0.000000 0.675463
vn -0.808385 0.000000 0.588654
vn -0.869210 0.000000 0.494442
vn -0.919105 0.000000 0.394013
vn -0.957441 0.000000 0.288628
vn -0.983737 0.000000 0.179614
vn -0.997662 0.000000 0.068341
vn -0.999041 0.000000 -0.043792
vn -0.987856 0.000000 -0.155373
vn -0.964248 0.000000 -0.265001
vn -0.928514 0.000000 -0.371296
vn -0.881104 0.000000 -0.472922
vn -0.822613 0.000000 -0.568601
vn -0.753778 0.000000 -0.657129
vn -0.675463 0.000000 -0.737394
vn -0.588654 0.000000 -0.808385
vn -0.494442 0.000000 -0.869210
vn -0.394013 0.000000 -0.919105
vn -0.288628 0.000000 -0.957441
vn -0.179614 0.000000 -0.983737
vn -0.068341 0.000000 -0.997662
vn 0.043792 0.000000 -0.999041
vn 0.155373 0.000000 -0.987856
vn 0.265001 0.000000 -0.964248
vn 0.371296 0.000000 -0.928514
vn 0.472922 0.000000 -0.881104
vn 0.568601 0.000000 -0.822613
vn 0.657129 0.000000 -0.753778
vn 0.737394 0.000000 -0.675463
vn 0.808385 0.000000 -0.588654
vn 0.869210 0.000000 -0.494442
vn 0.919105 0.000000 -0.394013
vn 0.957441 0.000000 -0.288628
vn 0.983737 0.000000 -0.179614
vn 0.997662 0.000000 -0.068341
vn 0.999041 0.000000 0.043792
vn 0.987856 0.000000 0.155373
vn 0.964248 0.000000 0.265001
vn 0.928514 0.000000 0.371296
vn 0.881104 0.000000 0.472922
vn 0.822613 0.000000 0.568601
vn 0.753778 0.000000 0.657129
vn 0.675463 0.000000 0.737394
vn 0.588654 0.000000 0.808385
vn 0.494442 0.000000 0.869210
vn 0.394013 0.000000 0.919105
vn 0.288628 0.000000 0.957441
vn 0.179614 0.000000 0.983737
vn 0.068341 0.000000 0.997662
vn -0.043792 0.000000 0.999041
vn -0.155373 0.000000 0.987856
vn -0.265001 0.000000 0.964248
vn -0.371296 0.000000 0.928514
vn -0.472922 0.000000 0.881104
vn -0.568601 0.000000 0.822613
vn -0.657129 0.000000 0.753778
vn 0.338397 0.161484 -0.927044
vn 0.349959 0.161484 -0.922741
vn 0.361465 0.161484 -0.918295
vn 0.372915 0.161484 -0.913705
vn 0.384307 0.161484 -0.908972
vn 0.395639 0.161484 -0.904098
vn 0.406909 0.161484 -0.899082
vn 0.418116 0.161484 -0.893925
vn 0.429257 0.161484 -0.888629
vn 0.440331 0.161484 -0.883194
vn 0.451336 0.161484 -0.877621
vn 0.462271 0.161484 -0.871911
vn 0.473133 0.161484 -0.866065
vn 0.483922 0.161484 -0.860083
vn 0.494635 0.161484 -0.853967
vn 0.505270 0.161484 -0.847717
vn 0.515827 0.161484 -0.841335
vn 0.526303 0.161484 -0.834822
vn 0.536697 0.161484 -0.828178
vn 0.547007 0.161484 -0.821405
vn 0.557232 0.161484 -0.814503
vn 0.567369 0.161484 -0.807474
vn 0.577418 0.161484 -0.800319
vn 0.587377 0.161484 -0.793039
vn 0.597243 0.161484 -0.785635
vn 0.607017 0.161484 -0.778109
vn 0.616696 0.161484 -0.770460
vn 0.626278 0.161484 -0.762692
vn 0.635762 0.161484 -0.754804
vn 0.645148 0.161484 -0.746798
vn 0.654432 0.161484 -0.738676
vn 0.663614 0.161484 -0.730438
vn 0.672692 0.161484 -0.722086
vn 0.681666 0.161484 -0.713621
vn 0.690532 0.161484 -0.705044
vn 0.699291 0.161484 -0.696358
vn 0.707941 0.161484 -0.687563
vn 0.329217 0.279645 -0.901895
vn 0.340465 0.279645 -0.897710
vn 0.351660 0.279645 -0.893384
vn 0.362799 0.279645 -0.888918
vn 0.373882 0.279645 -0.884314
vn 0.384906 0.279645 -0.879571
vn 0.395871 0.279645 -0.874692
vn 0.406773 0.279645 -0.869675
vn 0.417612 0.279645 -0.864522
vn 0.428386 0.279645 -0.859235
vn 0.439092 0.279645 -0.853813
vn 0.449730 0.279645 -0.848258
vn 0.460298 0.279645 -0.842570
vn 0.470794 0.279645 -0.836751
vn 0.481216 0.279645 -0.830801
vn 0.491564 0.279645 -0.824721
vn 0.501834 0.279645 -0.818512
vn 0.512026 0.279645 -0.812175
vn 0.522138 0.279645 -0.805712
vn 0.532168 0.279645 -0.799122
vn 0.542115 0.279645 -0.792408
vn 0.551978 0.279645 -0.785569
vn 0.561754 0.279645 -0.778609
vn 0.571442 0.279645 -0.771526
vn 0.581042 0.279645 -0.764323
vn 0.590550 0.279645 -0.757000
vn 0.599966 0.279645 -0.749560
vn 0.609289 0.279645 -0.742002
vn 0.618516 0.279645 -0.734328
vn 0.627646 0.279645 -0.726539
vn 0.636679 0.279645 -0.718637
vn 0.645612 0.279645 -0.710623
vn 0.654444 0.279645 -0.702497
vn 0.663174 0.279645 -0.694262
vn 0.671800 0.279645 -0.685918
vn 0.680321 0.279645 -0.677467
vn 0.688736 0.279645 -0.668911
vn 0.316270 0.386368 -0.866425
vn 0.327075 0.386368 -0.862404
vn 0.337829 0.386368 -0.858249
vn 0.348531 0.386368 -0.853959
vn 0.359178 0.386368 -0.849536
vn 0.369769 0.386368 -0.844980
vn 0.380302 0.386368 -0.840292
vn 0.390775 0.386368 -0.835472
vn 0.401188 0.386368 -0.830522
vn 0.411538 0.386368 -0.825443
vn 0.421824 0.386368 -0.820234
vn 0.432043 0.386368 -0.814898
vn 0.442196 0.386368 -0.809433
vn 0.452279 0.386368 -0.803843
vn 0.462291 0.386368 -0.798127
vn 0.472231 0.386368 -0.792286
vn 0.482098 0.386368 -0.786321
vn 0.491889 0.386368 -0.780234
vn 0.501603 0.386368 -0.774024
vn 0.511239 0.386368 -0.767694
vn 0.520795 0.386368 -0.761244
vn 0.530270 0.386368 -0.754675
vn 0.539661 0.386368 -0.747987
vn 0.548969 0.386368 -0.741183
vn 0.558190 0.386368 -0.734264
vn 0.567325 0.386368 -0.727229
vn 0.576371 0.386368 -0.720081
vn 0.585326 0.386368 -0.712820
vn 0.594191 0.386368 -0.705448
vn 0.602962 0.386368 -0.697966
vn 0.611639 0.386368 -0.690374
vn 0.620221 0.386368 -0.682675
vn 0.628706 0.386368 -0.674869
vn 0.637092 0.386368 -0.666958
vn 0.645379 0.386368 -0.658942
vn 0.653565 0.386368 -0.650824
vn 0.661649 0.386368 -0.642604
vn 0.300892 0.479580 -0.824298
vn 0.311172 0.479580 -0.820472
vn 0.321403 0.479580 -0.816519
vn 0.331585 0.479580 -0.812437
vn 0.341714 0.479580 -0.808229
vn 0.351790 0.479580 -0.803895
vn 0.361811 0.479580 -0.799435
vn 0.371775 0.479580 -0.794850
vn 0.381681 0.479580 -0.790141
vn 0.391528 0.479580 -0.785308
vn 0.401314 0.479580 -0.780353
vn 0.411036 0.479580 -0.775275
vn 0.420695 0.479580 -0.770077
vn 0.430288 0.479580 -0.764758
vn 0.439813 0.479580 -0.759320
vn 0.449270 0.479580 -0.753763
vn 0.458657 0.479580 -0.748089
vn 0.467972 0.479580 -0.742297
vn 0.477214 0.479580 -0.736390
vn 0.486381 0.479580 -0.730367
vn 0.495473 0.479580 -0.724230
vn 0.504487 0.479580 -0.717981
vn 0.513422 0.479580 -0.711619
vn 0.522277 0.479580 -0.705145
vn 0.531050 0.479580 -0.698562
vn 0.539740 0.479580 -0.691869
vn 0.548346 0.479580 -0.685069
vn 0.556867 0.479580 -0.678161
vn 0.565300 0.479580 -0.671148
vn 0.573645 0.479580 -0.664029
vn 0.581900 0.479580 -0.656807
vn 0.590065 0.479580 -0.649482
vn 0.598137 0.479580 -0.642056
vn 0.606115 0.479580 -0.634529
vn 0.614000 0.479580 -0.626903
vn 0.621788 0.479580 -0.619179
vn 0.629479 0.479580 -0.611359
vn 0.284321 0.558997 -0.778900
vn 0.294034 0.558997 -0.775285
vn 0.303702 0.558997 -0.771549
vn 0.313323 0.558997 -0.767692
vn 0.322894 0.558997 -0.763716
vn 0.332415 0.558997 -0.759620
vn 0.341884 0.558997 -0.755406
vn 0.351300 0.558997 -0.751073
vn 0.360660 0.558997 -0.746624
vn 0.369965 0.558997 -0.742057
vn 0.379211 0.558997 -0.737375
vn 0.388399 0.558997 -0.732577
vn 0.397525 0.558997 -0.727665
vn 0.406590 0.558997 -0.722639
vn 0.415591 0.558997 -0.717501
vn 0.424527 0.558997 -0.712250
vn 0.433397 0.558997 -0.706888
vn 0.442199 0.558997 -0.701415
vn 0.450931 0.558997 -0.695833
vn 0.459594 0.558997 -0.690142
vn 0.468185 0.558997 -0.684343
vn 0.476702 0.558997 -0.678438
vn 0.485145 0.558997 -0.672426
vn 0.493512 0.558997 -0.666310
vn 0.501802 0.558997 -0.660089
vn 0.510014 0.558997 -0.653765
vn 0.518146 0.558997 -0.647339
vn 0.526197 0.558997 -0.640811
vn 0.534166 0.558997 -0.634184
vn 0.542051 0.558997 -0.627458
vn 0.549852 0.558997 -0.620633
vn 0.557567 0.558997 -0.613712
vn 0.565194 0.558997 -0.606694
vn 0.572734 0.558997 -0.599582
vn 0.580183 0.558997 -0.592376
vn 0.587543 0.558997 -0.585078
vn 0.594810 0.558997 -0.577688
vn 0.267523 0.625550 -0.732884
vn 0.276663 0.625550 -0.729483
vn 0.285760 0.625550 -0.725967
vn 0.294812 0.625550 -0.722339
vn 0.303818 0.625550 -0.718597
vn 0.312777 0.625550 -0.714744
vn 0.321686 0.625550 -0.710778
vn 0.330546 0.625550 -0.706702
vn 0.339353 0.625550 -0.702515
vn 0.348108 0.625550 -0.698218
vn 0.356808 0.625550 -0.693812
vn 0.365453 0.625550 -0.689298
vn 0.374040 0.625550 -0.684676
vn 0.382569 0.625550 -0.679947
vn 0.391039 0.625550 -0.675112
vn 0.399447 0.625550 -0.670172
vn 0.407792 0.625550 -0.665126
vn 0.416074 0.625550 -0.659977
vn 0.424291 0.625550 -0.654725
vn 0.432442 0.625550 -0.649370
vn 0.440525 0.625550 -0.643914
vn 0.448540 0.625550 -0.638357
vn 0.456484 0.625550 -0.632701
vn 0.464357 0.625550 -0.626945
vn 0.472157 0.625550 -0.621092
vn 0.479884 0.625550 -0.615142
vn 0.487535 0.625550 -0.609095
vn 0.495110 0.625550 -0.602954
vn 0.502609 0.625550 -0.596718
vn 0.510028 0.625550 -0.590389
vn 0.517368 0.625550 -0.583968
vn 0.524627 0.625550 -0.577455
vn 0.531804 0.625550 -0.570852
vn 0.538898 0.625550 -0.564160
vn 0.545908 0.625550 -0.557380
vn 0.552832 0.625550 -0.550513
vn 0.559670 0.625550 -0.543560
vn 0.629394 0.161484 0.760122
vn 0.619844 0.161484 0.767930
vn 0.610196 0.161484 0.775618
vn 0.600454 0.161484 0.783185
vn 0.590617 0.161484 0.790629
vn 0.580689 0.161484 0.797950
vn 0.570669 0.161484 0.805146
vn 0.560560 0.161484 0.812216
vn 0.550364 0.161484 0.819159
vn 0.540082 0.161484 0.825975
vn 0.529715 0.161484 0.832661
vn 0.519266 0.161484 0.839217
vn 0.508736 0.161484 0.845642
vn 0.498126 0.161484 0.851935
vn 0.487438 0.161484 0.858095
vn 0.476674 0.161484 0.864121
vn 0.465835 0.161484 0.870012
vn 0.454924 0.161484 0.875766
vn 0.443942 0.161484 0.881384
vn 0.432890 0.161484 0.886865
vn 0.421771 0.161484 0.892206
vn 0.410585 0.161484 0.897409
vn 0.399336 0.161484 0.902471
vn 0.388024 0.161484 0.907392
vn 0.376652 0.161484 0.912171
vn 0.365221 0.161484 0.916808
vn 0.353732 0.161484 0.921301
vn 0.342189 0.161484 0.925651
vn 0.330592 0.161484 0.929856
vn 0.318943 0.161484 0.933916
vn 0.307244 0.161484 0.937829
vn 0.295498 0.161484 0.941596
vn 0.283705 0.161484 0.945217
vn 0.271868 0.161484 0.948689
vn 0.259988 0.161484 0.952013
vn 0.248068 0.161484 0.955188
vn 0.236109 0.161484 0.958215
vn 0.612320 0.279645 0.739502
vn 0.603029 0.279645 0.747098
vn 0.593643 0.279645 0.754577
vn 0.584165 0.279645 0.761938
vn 0.574595 0.279645 0.769181
vn 0.564936 0.279645 0.776303
vn 0.555188 0.279645 0.783304
vn 0.545354 0.279645 0.790182
vn 0.535434 0.279645 0.796937
vn 0.525431 0.279645 0.803568
vn 0.515345 0.279645 0.810073
vn 0.505180 0.279645 0.816451
vn 0.494935 0.279645 0.822702
vn 0.484613 0.279645 0.828824
vn 0.474215 0.279645 0.834817
vn 0.463743 0.279645 0.840679
vn 0.453198 0.279645 0.846410
vn 0.442583 0.279645 0.852009
vn 0.431899 0.279645 0.857474
vn 0.421147 0.279645 0.862806
vn 0.410329 0.279645 0.868003
vn 0.399447 0.279645 0.873064
vn 0.388503 0.279645 0.877989
vn 0.377498 0.279645 0.882776
vn 0.366434 0.279645 0.887426
vn 0.355313 0.279645 0.891937
vn 0.344136 0.279645 0.896309
vn 0.332906 0.279645 0.900540
vn 0.321623 0.279645 0.904631
vn 0.310291 0.279645 0.908581
vn 0.298909 0.279645 0.912388
vn 0.287481 0.279645 0.916053
vn 0.276009 0.279645 0.919575
vn 0.264493 0.279645 0.922953
vn 0.252935 0.279645 0.926187
vn 0.241339 0.279645 0.929276
vn 0.229704 0.279645 0.932220
vn 0.588239 0.386368 0.710419
vn 0.579313 0.386368 0.717716
vn 0.570296 0.386368 0.724901
vn 0.561191 0.386368 0.731973
vn 0.551998 0.386368 0.738930
vn 0.542718 0.386368 0.745772
vn 0.533354 0.386368 0.752498
vn 0.523906 0.386368 0.759106
vn 0.514377 0.386368 0.765595
vn 0.504767 0.386368 0.771965
vn 0.495078 0.386368 0.778214
vn 0.485312 0.386368 0.784342
vn 0.475470 0.386368 0.790347
vn 0.465554 0.386368 0.796228
vn 0.455565 0.386368 0.801985
vn 0.445505 0.386368 0.807617
vn 0.435375 0.386368 0.813123
vn 0.425177 0.386368 0.818501
vn 0.414913 0.386368 0.823752
vn 0.404584 0.386368 0.828874
vn 0.394191 0.386368 0.833866
vn 0.383738 0.386368 0.838728
vn 0.373224 0.386368 0.843459
vn 0.362652 0.386368 0.848058
vn 0.352023 0.386368 0.852525
vn 0.341339 0.386368 0.856859
vn 0.330602 0.386368 0.861058
vn 0.319813 0.386368 0.865124
vn 0.308974 0.386368 0.869054
vn 0.298087 0.386368 0.872848
vn 0.287154 0.386368 0.876506
vn 0.276175 0.386368 0.880026
vn 0.265154 0.386368 0.883410
vn 0.254091 0.386368 0.886655
vn 0.242988 0.386368 0.889762
vn 0.231847 0.386368 0.892730
vn 0.220670 0.386368 0.895558
vn 0.559637 0.479580 0.675876
vn 0.551145 0.479580 0.682819
vn 0.542567 0.479580 0.689655
vn 0.533904 0.479580 0.696383
vn 0.525158 0.479580 0.703002
vn 0.516330 0.479580 0.709511
vn 0.507421 0.479580 0.715910
vn 0.498433 0.479580 0.722197
vn 0.489366 0.479580 0.728370
vn 0.480224 0.479580 0.734430
vn 0.471006 0.479580 0.740376
vn 0.461715 0.479580 0.746205
vn 0.452351 0.479580 0.751918
vn 0.442917 0.479580 0.757514
vn 0.433414 0.479580 0.762991
vn 0.423843 0.479580 0.768349
vn 0.414206 0.479580 0.773587
vn 0.404504 0.479580 0.778704
vn 0.394739 0.479580 0.783699
vn 0.384912 0.479580 0.788572
vn 0.375025 0.479580 0.793322
vn 0.365079 0.479580 0.797947
vn 0.355077 0.479580 0.802448
vn 0.345019 0.479580 0.806824
vn 0.334907 0.479580 0.811074
vn 0.324742 0.479580 0.815196
vn 0.314527 0.479580 0.819192
vn 0.304263 0.479580 0.823059
vn 0.293951 0.479580 0.826798
vn 0.283594 0.479580 0.830408
vn 0.273192 0.479580 0.833888
vn 0.262747 0.479580 0.837238
vn 0.252261 0.479580 0.840456
vn 0.241736 0.479580 0.843544
vn 0.231173 0.479580 0.846500
vn 0.220574 0.479580 0.849323
vn 0.209941 0.479580 0.852014
vn 0.528815 0.558997 0.638653
vn 0.520791 0.558997 0.645213
vn 0.512685 0.558997 0.651672
vn 0.504500 0.558997 0.658029
vn 0.496235 0.558997 0.664284
vn 0.487893 0.558997 0.670435
vn 0.479475 0.558997 0.676481
vn 0.470981 0.558997 0.682422
vn 0.462415 0.558997 0.688255
vn 0.453775 0.558997 0.693982
vn 0.445065 0.558997 0.699599
vn 0.436286 0.558997 0.705108
vn 0.427438 0.558997 0.710506
vn 0.418524 0.558997 0.715794
vn 0.409544 0.558997 0.720969
vn 0.400500 0.558997 0.726032
vn 0.391394 0.558997 0.730981
vn 0.382226 0.558997 0.735817
vn 0.372999 0.558997 0.740537
vn 0.363713 0.558997 0.745141
vn 0.354371 0.558997 0.749629
vn 0.344973 0.558997 0.754000
vn 0.335521 0.558997 0.758253
vn 0.326017 0.558997 0.762388
vn 0.316462 0.558997 0.766404
vn 0.306857 0.558997 0.770299
vn 0.297205 0.558997 0.774075
vn 0.287506 0.558997 0.777729
vn 0.277762 0.558997 0.781262
vn 0.267975 0.558997 0.784673
vn 0.258146 0.558997 0.787962
vn 0.248276 0.558997 0.791127
vn 0.238368 0.558997 0.794168
vn 0.228423 0.558997 0.797086
vn 0.218441 0.558997 0.799879
vn 0.208426 0.558997 0.802547
vn 0.198378 0.558997 0.805089
vn 0.497574 0.625550 0.600922
vn 0.490024 0.625550 0.607095
vn 0.482397 0.625550 0.613173
vn 0.474695 0.625550 0.619155
vn 0.466919 0.625550 0.625040
vn 0.459069 0.625550 0.630827
vn 0.451148 0.625550 0.636516
vn 0.443157 0.625550 0.642106
vn 0.435096 0.625550 0.647595
vn 0.426967 0.625550 0.652983
vn 0.418772 0.625550 0.658269
vn 0.410511 0.625550 0.663452
vn 0.402186 0.625550 0.668531
vn 0.393798 0.625550 0.673506
vn 0.385349 0.625550 0.678376
vn 0.376839 0.625550 0.683140
vn 0.368271 0.625550 0.687797
vn 0.359645 0.625550 0.692346
vn 0.350963 0.625550 0.696788
vn 0.342226 0.625550 0.701120
vn 0.333435 0.625550 0.705343
vn 0.324592 0.625550 0.709456
vn 0.315699 0.625550 0.713458
vn 0.306757 0.625550 0.717348
vn 0.297766 0.625550 0.721126
vn 0.288729 0.625550 0.724792
vn 0.279647 0.625550 0.728344
vn 0.270521 0.625550 0.731783
vn 0.261353 0.625550 0.735107
vn 0.252143 0.625550 0.738316
vn 0.242895 0.625550 0.741411
vn 0.233609 0.625550 0.744389
vn 0.224286 0.625550 0.747251
vn 0.214928 0.625550 0.749996
vn 0.205536 0.625550 0.752624
vn 0.196113 0.625550 0.755134
vn 0.186659 0.625550 0.757526
vn -0.922780 0.161484 0.349856
vn -0.927081 0.161484 0.338294
vn -0.931237 0.161484 0.326680
vn -0.935248 0.161484 0.315014
vn -0.939113 0.161484 0.303299
vn -0.942830 0.161484 0.291537
vn -0.946401 0.161484 0.279729
vn -0.949823 0.161484 0.267878
vn -0.953098 0.161484 0.255984
vn -0.956223 0.161484 0.244051
vn -0.959199 0.161484 0.232079
vn -0.962025 0.161484 0.220071
vn -0.964700 0.161484 0.208029
vn -0.967225 0.161484 0.195954
vn -0.969599 0.161484 0.183849
vn -0.971821 0.161484 0.171715
vn -0.973892 0.161484 0.159554
vn -0.975810 0.161484 0.147368
vn -0.977576 0.161484 0.135160
vn -0.979189 0.161484 0.122930
vn -0.980649 0.161484 0.110681
vn -0.981956 0.161484 0.098414
vn -0.983109 0.161484 0.086132
vn -0.984109 0.161484 0.073837
vn -0.984955 0.161484 0.061530
vn -0.985647 0.161484 0.049214
vn -0.986186 0.161484 0.036890
vn -0.986570 0.161484 0.024560
vn -0.986800 0.161484 0.012226
vn -0.986875 0.161484 -0.000110
vn -0.986797 0.161484 -0.012445
vn -0.986564 0.161484 -0.024779
vn -0.986177 0.161484 -0.037109
vn -0.985636 0.161484 -0.049433
vn -0.984942 0.161484 -0.061749
vn -0.984093 0.161484 -0.074056
vn -0.983090 0.161484 -0.086351
vn -0.897747 0.279645 0.340365
vn -0.901932 0.279645 0.329117
vn -0.905975 0.279645 0.317818
vn -0.909877 0.279645 0.306468
vn -0.913637 0.279645 0.295071
vn -0.917253 0.279645 0.283628
vn -0.920727 0.279645 0.272141
vn -0.924057 0.279645 0.260611
vn -0.927242 0.279645 0.249040
vn -0.930283 0.279645 0.237430
vn -0.933178 0.279645 0.225783
vn -0.935927 0.279645 0.214101
vn -0.938530 0.279645 0.202386
vn -0.940987 0.279645 0.190639
vn -0.943296 0.279645 0.178862
vn -0.945458 0.279645 0.167057
vn -0.947472 0.279645 0.155226
vn -0.949339 0.279645 0.143371
vn -0.951056 0.279645 0.131493
vn -0.952626 0.279645 0.119595
vn -0.954046 0.279645 0.107678
vn -0.955318 0.279645 0.095744
vn -0.956440 0.279645 0.083796
vn -0.957413 0.279645 0.071834
vn -0.958236 0.279645 0.059861
vn -0.958909 0.279645 0.047879
vn -0.959433 0.279645 0.035889
vn -0.959806 0.279645 0.023894
vn -0.960030 0.279645 0.011894
vn -0.960104 0.279645 -0.000107
vn -0.960027 0.279645 -0.012108
vn -0.959801 0.279645 -0.024107
vn -0.959425 0.279645 -0.036102
vn -0.958898 0.279645 -0.048092
vn -0.958222 0.279645 -0.060074
vn -0.957397 0.279645 -0.072047
vn -0.956421 0.279645 -0.084008
vn -0.862441 0.386368 0.326979
vn -0.866460 0.386368 0.316174
vn -0.870345 0.386368 0.305319
vn -0.874093 0.386368 0.294416
vn -0.877705 0.386368 0.283467
vn -0.881180 0.386368 0.272474
vn -0.884517 0.386368 0.261438
vn -0.887715 0.386368 0.250361
vn -0.890775 0.386368 0.239246
vn -0.893696 0.386368 0.228092
vn -0.896478 0.386368 0.216904
vn -0.899119 0.386368 0.205681
vn -0.901620 0.386368 0.194426
vn -0.903979 0.386368 0.183141
vn -0.906198 0.386368 0.171827
vn -0.908275 0.386368 0.160487
vn -0.910210 0.386368 0.149121
vn -0.912003 0.386368 0.137732
vn -0.913653 0.386368 0.126322
vn -0.915161 0.386368 0.114891
vn -0.916525 0.386368 0.103443
vn -0.917747 0.386368 0.091979
vn -0.918825 0.386368 0.080500
vn -0.919759 0.386368 0.069009
vn -0.920550 0.386368 0.057507
vn -0.921197 0.386368 0.045996
vn -0.921700 0.386368 0.034477
vn -0.922059 0.386368 0.022954
vn -0.922274 0.386368 0.011427
vn -0.922345 0.386368 -0.000102
vn -0.922271 0.386368 -0.011631
vn -0.922054 0.386368 -0.023159
vn -0.921692 0.386368 -0.034682
vn -0.921187 0.386368 -0.046200
vn -0.920537 0.386368 -0.057711
vn -0.919744 0.386368 -0.069213
vn -0.918807 0.386368 -0.080704
vn -0.820507 0.479580 0.311081
vn -0.824331 0.479580 0.300801
vn -0.828027 0.479580 0.290473
vn -0.831593 0.479580 0.280101
vn -0.835029 0.479580 0.269684
vn -0.838335 0.479580 0.259225
vn -0.841509 0.479580 0.248726
vn -0.844553 0.479580 0.238188
vn -0.847464 0.479580 0.227613
vn -0.850243 0.479580 0.217002
vn -0.852889 0.479580 0.206357
vn -0.855402 0.479580 0.195680
vn -0.857781 0.479580 0.184973
vn -0.860026 0.479580 0.174236
vn -0.862137 0.479580 0.163473
vn -0.864113 0.479580 0.152684
vn -0.865954 0.479580 0.141871
vn -0.867659 0.479580 0.131035
vn -0.869229 0.479580 0.120180
vn -0.870664 0.479580 0.109305
vn -0.871962 0.479580 0.098414
vn -0.873124 0.479580 0.087507
vn -0.874150 0.479580 0.076586
vn -0.875039 0.479580 0.065654
vn -0.875791 0.479580 0.054711
vn -0.876406 0.479580 0.043759
vn -0.876885 0.479580 0.032801
vn -0.877226 0.479580 0.021838
vn -0.877431 0.479580 0.010871
vn -0.877498 0.479580 -0.000097
vn -0.877428 0.479580 -0.011066
vn -0.877221 0.479580 -0.022033
vn -0.876878 0.479580 -0.032996
vn -0.876397 0.479580 -0.043954
vn -0.875779 0.479580 -0.054905
vn -0.875024 0.479580 -0.065848
vn -0.874133 0.479580 -0.076780
vn -0.775317 0.558997 0.293948
vn -0.778931 0.558997 0.284234
vn -0.782423 0.558997 0.274475
vn -0.785793 0.558997 0.264674
vn -0.789040 0.558997 0.254831
vn -0.792163 0.558997 0.244949
vn -0.795163 0.558997 0.235028
vn -0.798039 0.558997 0.225070
vn -0.800790 0.558997 0.215077
vn -0.803416 0.558997 0.205051
vn -0.805916 0.558997 0.194992
vn -0.808290 0.558997 0.184903
vn -0.810539 0.558997 0.174786
vn -0.812660 0.558997 0.164640
vn -0.814654 0.558997 0.154470
vn -0.816522 0.558997 0.144275
vn -0.818261 0.558997 0.134057
vn -0.819873 0.558997 0.123819
vn -0.821357 0.558997 0.113561
vn -0.822712 0.558997 0.103285
vn -0.823939 0.558997 0.092993
vn -0.825037 0.558997 0.082687
vn -0.826006 0.558997 0.072368
vn -0.826846 0.558997 0.062038
vn -0.827557 0.558997 0.051698
vn -0.828138 0.558997 0.041349
vn -0.828590 0.558997 0.030995
vn -0.828913 0.558997 0.020635
vn -0.829106 0.558997 0.010272
vn -0.829170 0.558997 -0.000092
vn -0.829104 0.558997 -0.010456
vn -0.828908 0.558997 -0.020819
vn -0.828583 0.558997 -0.031179
vn -0.828129 0.558997 -0.041533
vn -0.827545 0.558997 -0.051881
vn -0.826832 0.558997 -0.062221
vn -0.825990 0.558997 -0.072552
vn -0.729513 0.625550 0.276582
vn -0.732914 0.625550 0.267442
vn -0.736199 0.625550 0.258260
vn -0.739370 0.625550 0.249038
vn -0.742425 0.625550 0.239776
vn -0.745364 0.625550 0.230477
vn -0.748187 0.625550 0.221143
vn -0.750893 0.625550 0.211773
vn -0.753481 0.625550 0.202371
vn -0.755952 0.625550 0.192937
vn -0.758304 0.625550 0.183473
vn -0.760538 0.625550 0.173980
vn -0.762654 0.625550 0.164460
vn -0.764650 0.625550 0.154914
vn -0.766526 0.625550 0.145344
vn -0.768283 0.625550 0.135751
vn -0.769920 0.625550 0.126137
vn -0.771437 0.625550 0.116504
vn -0.772833 0.625550 0.106852
vn -0.774108 0.625550 0.097183
vn -0.775262 0.625550 0.087500
vn -0.776295 0.625550 0.077802
vn -0.777207 0.625550 0.068093
vn -0.777998 0.625550 0.058373
vn -0.778666 0.625550 0.048643
vn -0.779214 0.625550 0.038906
vn -0.779639 0.625550 0.029164
vn -0.779943 0.625550 0.019416
vn -0.780124 0.625550 0.009665
vn -0.780184 0.625550 -0.000087
vn -0.780122 0.625550 -0.009839
vn -0.779938 0.625550 -0.019589
vn -0.779633 0.625550 -0.029337
vn -0.779205 0.625550 -0.039079
vn -0.778656 0.625550 -0.048816
vn -0.777985 0.625550 -0.058545
vn -0.777192 0.625550 -0.068265
usemtl root_rock
f 1/1/1 2/2/2 58/58/58
f 1/1/1 58/58/58 57/57/57
f 2/2/2 3/3/3 59/59/59
f 2/2/2 59/59/59 58/58/58
f 3/3/3 4/4/4 60/60/60
f 3/3/3 60/60/60 59/59/59
f 4/4/4 5/5/5 61/61/61
f 4/4/4 61/61/61 60/60/60
f 5/5/5 6/6/6 62/62/62
f 5/5/5 62/62/62 61/61/61
f 6/6/6 7/7/7 63/63/63
f 6/6/6 63/63/63 62/62/62
f 7/7/7 8/8/8 64/64/64
f 7/7/7 64/64/64 63/63/63
f 8/8/8 9/9/9 65/65/65
f 8/8/8 65/65/65 64/64/64
f 9/9/9 10/10/10 66/66/66
f 9/9/9 66/66/66 65/65/65
f 10/10/10 11/11/11 67/67/67
f 10/10/10 67/67/67 66/66/66
f 11/11/11 12/12/12 68/68/68
f 11/11/11 68/68/68 67/67/67
f 12/12/12 13/13/13 69/69/69
f 12/12/12 69/69/69 68/68/68
f 13/13/13 14/14/14 70/70/70
f 13/13/13 70/70/70 69/69/69
f 14/14/14 15/15/15 71/71/71
f 14/14/14 71/71/71 70/70/70
f 15/15/15 16/16/16 72/72/72
f 15/15/15 72/72/72 71/71/71
f 16/16/16 17/17/17 73/73/73
f 16/16/16 73/73/73 72/72/72
f 17/17/17 18/18/18 74/74/74
f 17/17/17 74/74/74 73/73/73
f 18/18/18 19/19/19 75/75/75
f 18/18/18 75/75/75 74/74/74
f 19/19/19 20/20/20 76/76/76
f 19/19/19 76/76/76 75/75/75
f 20/20/20 21/21/21 77/77/77
f 20/20/20 77/77/77 76/76/76
f 21/21/21 22/22/22 78/78/78
f 21/21/21 78/78/78 77/77/77
f 22/22/22 23/23/23 79/79/79
f 22/22/22 79/79/79 78/78/78
f 23/23/23 24/24/24 80/80/80
f 23/23/23 80/80/80 79/79/79
f 24/24/24 25/25/25 81/81/81
f 24/24/24 81/81/81 80/80/80
f 25/25/25 26/26/26 82/82/82
f 25/25/25 82/82/82 81/81/81
f 26/26/26 27/27/27 83/83/83
f 26/26/26 83/83/83 82/82/82
f 27/27/27 28/28/28 84/84/84
f 27/27/27 84/84/84 83/83/83
f 28/28/28 29/29/29 85/85/85
f 28/28/28 85/85/85 84/84/84
f 29/29/29 30/30/30 86/86/86
f 29/29/29 86/86/86 85/85/85
f 30/30/30 31/31/31 87/87/87
f 30/30/30 87/87/87 86/86/86
f 31/31/31 32/32/32 88/88/88
f 31/31/31 88/88/88 87/87/87
f 32/32/32 33/33/33 89/89/89
f 32/32/32 89/89/89 88/88/88
f 33/33/33 34/34/34 90/90/90
f 33/33/33 90/90/90 89/89/89
f 34/34/34 35/35/35 91/91/91
f 34/34/34 91/91/91 90/90/90
f 35/35/35 36/36/36 92/92/92
f 35/35/35 92/92/92 91/91/91
f 36/36/36 37/37/37 93/93/93
f 36/36/36 93/93/93 92/92/92
f 37/37/37 38/38/38 94/94/94
f 37/37/37 94/94/94 93/93/93
f 38/38/38 39/39/39 95/95/95
f 38/38/38 95/95/95 94/94/94
f 39/39/39 40/40/40 96/96/96
f 39/39/39 96/96/96 95/95/95
f 40/40/40 41/41/41 97/97/97
f 40/40/40 97/97/97 96/96/96
f 41/41/41 42/42/42 98/98/98
f 41/41/41 98/98/98 97/97/97
f 42/42/42 43/43/43 99/99/99
f 42/42/42 99/99/99 98/98/98
f 43/43/43 44/44/44 100/100/100
f 43/43/43 100/100/100 99/99/99
f 44/44/44 45/45/45 101/101/101
f 44/44/44 101/101/101 100/100/100
f 45/45/45 46/46/46 102/102/102
f 45/45/45 102/102/102 101/101/101
f 46/46/46 47/47/47 103/103/103
f 46/46/46 103/103/103 102/102/102
f 47/47/47 48/48/48 104/104/104
f 47/47/47 104/104/104 103/103/103
f 48/48/48 49/49/49 105/105/105
f 48/48/48 105/105/105 104/104/104
f 49/49/49 50/50/50 106/106/106
f 49/49/49 106/106/106 105/105/105
f 50/50/50 51/51/51 107/107/107
f 50/50/50 107/107/107 106/106/106
f 51/51/51 52/52/52 108/108/108
f 51/51/51 108/108/108 107/107/107
f 52/52/52 53/53/53 109/109/109
f 52/52/52 109/109/109 108/108/108
f 53/53/53 54/54/54 110/110/110
f 53/53/53 110/110/110 109/109/109
f 54/54/54 55/55/55 111/111/111
f 54/54/54 111/111/111 110/110/110
f 55/55/55 56/56/56 112/112/112
f 55/55/55 112/112/112 111/111/111
f 56/56/56 1/1/1 57/57/57
f 56/56/56 57/57/57 112/112/112
f 57/57/57 58/58/58 114/114/114
f 57/57/57 114/114/114 113/113/113
f 58/58/58 59/59/59 115/115/115
f 58/58/58 115/115/115 114/114/114
f 59/59/59 60/60/60 116/116/116
f 59/59/59 116/116/116 115/115/115
f 60/60/60 61/61/61 117/117/117
f 60/60/60 117/117/117 116/116/116
f 61/61/61 62/62/62 118/118/118
f 61/61/61 118/118/118 117/117/117
f 62/62/62 63/63/63 119/119/119
f 62/62/62 119/119/119 118/118/118
f 63/63/63 64/64/64 120/120/120
f 63/63/63 120/120/120 119/119/119
f 64/64/64 65/65/65 121/121/121
f 64/64/64 121/121/121 120/120/120
f 65/65/65 66/66/66 122/122/122
f 65/65/65 122/122/122 121/121/121
f 66/66/66 67/67/67 123/123/123
f 66/66/66 123/123/123 122/122/122
f 67/67/67 68/68/68 124/124/124
f 67/67/67 124/124/124 123/123/123
f 68/68/68 69/69/69 125/125/125
f 68/68/68 125/125/125 124/124/124
f 69/69/69 70/70/70 126/126/126
f 69/69/69 126/126/126 125/125/125
f 70/70/70 71/71/71 127/127/127
f 70/70/70 127/127/127 126/126/126
f 71/71/71 72/72/72 128/128/128
f 71/71/71 128/128/128 127/127/127
f 72/72/72 73/73/73 129/129/129
f 72/72/72 129/129/129 128/128/128
f 73/73/73 74/74/74 130/130/130
f 73/73/73 130/130/130 129/129/129
f 74/74/74 75/75/75 131/131/131
f 74/74/74 131/131/131 130/130/130
f 75/75/75 76/76/76 132/132/132
f 75/75/75 132/132/132 131/131/131
f 76/76/76 77/77/77 133/133/133
f 76/76/76 133/133/133 132/132/132
f 77/77/77 78/78/78 134/134/134
f 77/77/77 134/134/134 133/133/133
f 78/78/78 79/79/79 135/135/135
f 78/78/78 135/135/135 134/134/134
f 79/79/79 80/80/80 136/136/136
f 79/79/79 136/136/136 135/135/135
f 80/80/80 81/81/81 137/137/137
f 80/80/80 137/137/137 136/136/136
f 81/81/81 82/82/82 138/138/138
f 81/81/81 138/138/138 137/137/137
f 82/82/82 83/83/83 139/139/139
f 82/82/82 139/139/139 138/138/138
f 83/83/83 84/84/84 140/140/140
f 83/83/83 140/140/140 139/139/139
f 84/84/84 85/85/85 141/141/141
f 84/84/84 141/141/141 140/140/140
f 85/85/85 86/86/86 142/142/142
f 85/85/85 142/142/142 141/141/141
f 86/86/86 87/87/87 143/143/143
f 86/86/86 143/143/143 142/142/142
f 87/87/87 88/88/88 144/144/144
f 87/87/87 144/144/144 143/143/143
f 88/88/88 89/89/89 145/145/145
f 88/88/88 145/145/145 144/144/144
f 89/89/89 90/90/90 146/146/146
f 89/89/89 146/146/146 145/145/145
f 90/90/90 91/91/91 147/147/147
f 90/90/90 147/147/147 146/146/146
f 91/91/91 92/92/92 148/148/148
f 91/91/91 148/148/148 147/147/147
f 92/92/92 93/93/93 149/149/149
f 92/92/92 149/149/149 148/148/148
f 93/93/93 94/94/94 150/150/150
f 93/93/93 150/150/150 149/149/149
f 94/94/94 95/95/95 151/151/151
f 94/94/94 151/151/151 150/150/150
f 95/95/95 96/96/96 152/152/152
f 95/95/95 152/152/152 151/151/151
f 96/96/96 97/97/97 153/153/153
f 96/96/96 153/153/153 152/152/152
f 97/97/97 98/98/98 154/154/154
f 97/97/97 154/154/154 153/153/153
f 98/98/98 99/99/99 155/155/155
f 98/98/98 155/155/155 154/154/154
f 99/99/99 100/100/100 156/156/156
f 99/99/99 156/156/156 155/155/155
f 100/100/100 101/101/101 157/157/157
f 100/100/100 157/157/157 156/156/156
f 101/101/101 102/102/102 158/158/158
f 101/101/101 158/158/158 157/157/157
f 102/102/102 103/103/103 159/159/159
f 102/102/102 159/159/159 158/158/158
f 103/103/103 104/104/104 160/160/160
f 103/103/103 160/160/160 159/159/159
f 104/104/104 105/105/105 161/161/161
f 104/104/104 161/161/161 160/160/160
f 105/105/105 106/106/106 162/162/162
f 105/105/105 162/162/162 161/161/161
f 106/106/106 107/107/107 163/163/163
f 106/106/106 163/163/163 162/162/162
f 107/107/107 108/108/108 164/164/164
f 107/107/107 164/164/164 163/163/163
f 108/108/108 109/109/109 165/165/165
f 108/108/108 165/165/165 164/164/164
f 109/109/109 110/110/110 166/166/166
f 109/109/109 166/166/166 165/165/165
f 110/110/110 111/111/111 167/167/167
f 110/110/110 167/167/167 166/166/166
f 111/111/111 112/112/112 168/168/168
f 111/111/111 168/168/168 167/167/167
f 112/112/112 57/57/57 113/113/113
f 112/112/112 113/113/113 168/168/168
f 113/113/113 114/114/114 170/170/170
f 113/113/113 170/170/170 169/169/169
f 114/114/114 115/115/115 171/171/171
f 114/114/114 171/171/171 170/170/170
f 115/115/115 116/116/116 172/172/172
f 115/115/115 172/172/172 171/171/171
f 116/116/116 117/117/117 173/173/173
f 116/116/116 173/173/173 172/172/172
f 117/117/117 118/118/118 174/174/174
f 117/117/117 174/174/174 173/173/173
f 118/118/118 119/119/119 175/175/175
f 118/118/118 175/175/175 174/174/174
f 119/119/119 120/120/120 176/176/176
f 119/119/119 176/176/176 175/175/175
f 120/120/120 121/121/121 177/177/177
f 120/120/120 177/177/177 176/176/176
f 121/121/121 122/122/122 178/178/178
f 121/121/121 178/178/178 177/177/177
f 122/122/122 123/123/123 179/179/179
f 122/122/122 179/179/179 178/178/178
f 123/123/123 124/124/124 180/180/180
f 123/123/123 180/180/180 179/179/179
f 124/124/124 125/125/125 181/181/181
f 124/124/124 181/181/181 180/180/180
f 125/125/125 126/126/126 182/182/182
f 125/125/125 182/182/182 181/181/181
f 126/126/126 127/127/127 183/183/183
f 126/126/126 183/183/183 182/182/182
f 127/127/127 128/128/128 184/184/184
f 127/127/127 184/184/184 183/183/183
f 128/128/128 129/129/129 185/185/185
f 128/128/128 185/185/185 184/184/184
f 129/129/129 130/130/130 186/186/186
f 129/129/129 186/186/186 185/185/185
f 130/130/130 131/131/131 187/187/187
f 130/130/130 187/187/187 186/186/186
f 131/131/131 132/132/132 188/188/188
f 131/131/131 188/188/188 187/187/187
f 132/132/132 133/133/133 189/189/189
f 132/132/132 189/189/189 188/188/188
f 133/133/133 134/134/134 190/190/190
f 133/133/133 190/190/190 189/189/189
f 134/134/134 135/135/135 191/191/191
f 134/134/134 191/191/191 190/190/190
f 135/135/135 136/136/136 192/192/192
f 135/135/135 192/192/192 191/191/191
f 136/136/136 137/137/137 193/193/193
f 136/136/136 193/193/193 192/192/192
f 137/137/137 138/138/138 194/194/194
f 137/137/137 194/194/194 193/193/193
f 138/138/138 139/139/139 195/195/195
f 138/138/138 195/195/195 194/194/194
f 139/139/139 140/140/140 196/196/196
f 139/139/139 196/196/196 195/195/195
f 140/140/140 141/141/141 197/197/197
f 140/140/140 197/197/197 196/196/196
f 141/141/141 142/142/142 198/198/198
f 141/141/141 198/198/198 197/197/197
f 142/142/142 143/143/143 199/199/199
f 142/142/142 199/199/199 198/198/198
f 143/143/143 144/144/144 200/200/200
f 143/143/143 200/200/200 199/199/199
f 144/144/144 145/145/145 201/201/201
f 144/144/144 201/201/201 200/200/200
f 145/145/145 146/146/146 202/202/202
f 145/145/145 202/202/202 201/201/201
f 146/146/146 147/147/147 203/203/203
f 146/146/146 203/203/203 202/202/202
f 147/147/147 148/148/148 204/204/204
f 147/147/147 204/204/204 203/203/203
f 148/148/148 149/149/149 205/205/205
f 148/148/148 205/205/205 204/204/204
f 149/149/149 150/150/150 206/206/206
f 149/149/149 206/206/206 205/205/205
f 150/150/150 151/151/151 207/207/207
f 150/150/150 207/207/207 206/206/206
f 151/151/151 152/152/152 208/208/208
f 151/151/151 208/208/208 207/207/207
f 152/152/152 153/153/153 209/209/209
f 152/152/152 209/209/209 208/208/208
f 153/153/153 154/154/154 210/210/210
f 153/153/153 210/210/210 209/209/209
f 154/154/154 155/155/155 211/211/211
f 154/154/154 211/211/211 210/210/210
f 155/155/155 156/156/156 212/212/212
f 155/155/155 212/212/212 211/211/211
f 156/156/156 157/157/157 213/213/213
f 156/156/156 213/213/213 212/212/212
f 157/157/157 158/158/158 214/214/214
f 157/157/157 214/214/214 213/213/213
f 158/158/158 159/159/159 215/215/215
f 158/158/158 215/215/215 214/214/214
f 159/159/159 160/160/160 216/216/216
f 159/159/159 216/216/216 215/215/215
f 160/160/160 161/161/161 217/217/217
f 160/160/160 217/217/217 216/216/216
f 161/161/161 162/162/162 218/218/218
f 161/161/161 218/218/218 217/217/217
f 162/162/162 163/163/163 219/219/219
f 162/162/162 219/219/219 218/218/218
f 163/163/163 164/164/164 220/220/220
f 163/163/163 220/220/220 219/219/219
f 164/164/164 165/165/165 221/221/221
f 164/164/164 221/221/221 220/220/220
f 165/165/165 166/166/166 222/222/222
f 165/165/165 222/222/222 221/221/221
f 166/166/166 167/167/167 223/223/223
f 166/166/166 223/223/223 222/222/222
f 167/167/167 168/168/168 224/224/224
f 167/167/167 224/224/224 223/223/223
f 168/168/168 113/113/113 169/169/169
f 168/168/168 169/169/169 224/224/224
f 169/169/169 170/170/170 226/226/226
f 169/169/169 226/226/226 225/225/225
f 170/170/170 171/171/171 227/227/227
f 170/170/170 227/227/227 226/226/226
f 171/171/171 172/172/172 228/228/228
f 171/171/171 228/228/228 227/227/227
f 172/172/172 173/173/173 229/229/229
f 172/172/172 229/229/229 228/228/228
f 173/173/173 174/174/174 230/230/230
f 173/173/173 230/230/230 229/229/229
f 174/174/174 175/175/175 231/231/231
f 174/174/174 231/231/231 230/230/230
f 175/175/175 176/176/176 232/232/232
f 175/175/175 232/232/232 231/231/231
f 176/176/176 177/177/177 233/233/233
f 176/176/176 233/233/233 232/232/232
f 177/177/177 178/178/178 234/234/234
f 177/177/177 234/234/234 233/233/233
f 178/178/178 179/179/179 235/235/235
f 178/178/178 235/235/235 234/234/234
f 179/179/179 180/180/180 236/236/236
f 179/179/179 236/236/236 235/235/235
f 180/180/180 181/181/181 237/237/237
f 180/180/180 237/237/237 236/236/236
f 181/181/181 182/182/182 238/238/238
f 181/181/181 238/238/238 237/237/237
f 182/182/182 183/183/183 239/239/239
f 182/182/182 239/239/239 238/238/238
f 183/183/183 184/184/184 240/240/240
f 183/183/183 240/240/240 239/239/239
f 184/184/184 185/185/185 241/241/241
f 184/184/184 241/241/241 240/240/240
f 185/185/185 186/186/186 242/242/242
f 185/185/185 242/242/242 241/241/241
f 186/186/186 187/187/187 243/243/243
f 186/186/186 243/243/243 242/242/242
f 187/187/187 188/188/188 244/244/244
f 187/187/187 244/244/244 243/243/243
f 188/188/188 189/189/189 245/245/245
f 188/188/188 245/245/245 244/244/244
f 189/189/189 190/190/190 246/246/246
f 189/189/189 246/246/246 245/245/245
f 190/190/190 191/191/191 247/247/247
f 190/190/190 247/247/247 246/246/246
f 191/191/191 192/192/192 248/248/248
f 191/191/191 248/248/248 247/247/247
f 192/192/192 193/193/193 249/249/249
f 192/192/192 249/249/249 248/248/248
f 193/193/193 194/194/194 250/250/250
f 193/193/193 250/250/250 249/249/249
f 194/194/194 195/195/195 251/251/251
f 194/194/194 251/251/251 250/250/250
f 195/195/195 196/196/196 252/252/252
f 195/195/195 252/252/252 251/251/251
f 196/196/196 197/197/197 253/253/253
f 196/196/196 253/253/253 252/252/252
f 197/197/197 198/198/198 254/254/254
f 197/197/197 254/254/254 253/253/253
f 198/198/198 199/199/199 255/255/255
f 198/198/198 255/255/255 254/254/254
f 199/199/199 200/200/200 256/256/256
f 199/199/199 256/256/256 255/255/255
f 200/200/200 201/201/201 257/257/257
f 200/200/200 257/257/257 256/256/256
f 201/201/201 202/202/202 258/258/258
f 201/201/201 258/258/258 257/257/257
f 202/202/202 203/203/203 259/259/259
f 202/202/202 259/259/259 258/258/258
f 203/203/203 204/204/204 260/260/260
f 203/203/203 260/260/260 259/259/259
f 204/204/204 205/205/205 261/261/261
f 204/204/204 261/261/261 260/260/260
f 205/205/205 206/206/206 262/262/262
f 205/205/205 262/262/262 261/261/261
f 206/206/206 207/207/207 263/263/263
f 206/206/206 263/263/263 262/262/262
f 207/207/207 208/208/208 264/264/264
f 207/207/207 264/264/264 263/263/263
f 208/208/208 209/209/209 265/265/265
f 208/208/208 265/265/265 264/264/264
f 209/209/209 210/210/210 266/266/266
f 209/209/209 266/266/266 265/265/265
f 210/210/210 211/211/211 267/267/267
f 210/210/210 267/267/267 266/266/266
f 211/211/211 212/212/212 268/268/268
f 211/211/211 268/268/268 267/267/267
f 212/212/212 213/213/213 269/269/269
f 212/212/212 269/269/269 268/268/268
f 213/213/213 214/214/214 270/270/270
f 213/213/213 270/270/270 269/269/269
f 214/214/214 215/215/215 271/271/271
f 214/214/214 271/271/271 270/270/270
f 215/215/215 216/216/216 272/272/272
f 215/215/215 272/272/272 271/271/271
f 216/216/216 217/217/217 273/273/273
f 216/216/216 273/273/273 272/272/272
f 217/217/217 218/218/218 274/274/274
f 217/217/217 274/274/274 273/273/273
f 218/218/218 219/219/219 275/275/275
f 218/218/218 275/275/275 274/274/274
f 219/219/219 220/220/220 276/276/276
f 219/219/219 276/276/276 275/275/275
f 220/220/220 221/221/221 277/277/277
f 220/220/220 277/277/277 276/276/276
f 221/221/221 222/222/222 278/278/278
f 221/221/221 278/278/278 277/277/277
f 222/222/222 223/223/223 279/279/279
f 222/222/222 279/279/279 278/278/278
f 223/223/223 224/224/224 280/280/280
f 223/223/223 280/280/280 279/279/279
f 224/224/224 169/169/169 225/225/225
f 224/224/224 225/225/225 280/280/280
f 225/225/225 226/226/226 282/282/282
f 225/225/225 282/282/282 281/281/281
f 226/226/226 227/227/227 283/283/283
f 226/226/226 283/283/283 282/282/282
f 227/227/227 228/228/228 284/284/284
f 227/227/227 284/284/284 283/283/283
f 228/228/228 229/229/229 285/285/285
f 228/228/228 285/285/285 284/284/284
f 229/229/229 230/230/230 286/286/286
f 229/229/229 286/286/286 285/285/285
f 230/230/230 231/231/231 287/287/287
f 230/230/230 287/287/287 286/286/286
f 231/231/231 232/232/232 288/288/288
f 231/231/231 288/288/288 287/287/287
f 232/232/232 233/233/233 289/289/289
f 232/232/232 289/289/289 288/288/288
f 233/233/233 234/234/234 290/290/290
f 233/233/233 290/290/290 289/289/289
f 234/234/234 235/235/235 291/291/291
f 234/234/234 291/291/291 290/290/290
f 235/235/235 236/236/236 292/292/292
f 235/235/235 292/292/292 291/291/291
f 236/236/236 237/237/237 293/293/293
f 236/236/236 293/293/293 292/292/292
f 237/237/237 238/238/238 294/294/294
f 237/237/237 294/294/294 293/293/293
f 238/238/238 239/239/239 295/295/295
f 238/238/238 295/295/295 294/294/294
f 239/239/239 240/240/240 296/296/296
f 239/239/239 296/296/296 295/295/295
f 240/240/240 241/241/241 297/297/297
f 240/240/240 297/297/297 296/296/296
f 241/241/241 242/242/242 298/298/298
f 241/241/241 298/298/298 297/297/297
f 242/242/242 243/243/243 299/299/299
f 242/242/242 299/299/299 298/298/298
f 243/243/243 244/244/244 300/300/300
f 243/243/243 300/300/300 299/299/299
f 244/244/244 245/245/245 301/301/301
f 244/244/244 301/301/301 300/300/300
f 245/245/245 246/246/246 302/302/302
f 245/245/245 302/302/302 301/301/301
f 246/246/246 247/247/247 303/303/303
f 246/246/246 303/303/303 302/302/302
f 247/247/247 248/248/248 304/304/304
f 247/247/247 304/304/304 303/303/303
f 248/248/248 249/249/249 305/305/305
f 248/248/248 305/305/305 304/304/304
f 249/249/249 250/250/250 306/306/306
f 249/249/249 306/306/306 305/305/305
f 250/250/250 251/251/251 307/307/307
f 250/250/250 307/307/307 306/306/306
f 251/251/251 252/252/252 308/308/308
f 251/251/251 308/308/308 307/307/307
f 252/252/252 253/253/253 309/309/309
f 252/252/252 309/309/309 308/308/308
f 253/253/253 254/254/254 310/310/310
f 253/253/253 310/310/310 309/309/309
f 254/254/254 255/255/255 311/311/311
f 254/254/254 311/311/311 310/310/310
f 255/255/255 256/256/256 312/312/312
f 255/255/255 312/312/312 311/311/311
f 256/256/256 257/257/257 313/313/313
f 256/256/256 313/313/313 312/312/312
f 257/257/257 258/258/258 314/314/314
f 257/257/257 314/314/314 313/313/313
f 258/258/258 259/259/259 315/315/315
f 258/258/258 315/315/315 314/314/314
f 259/259/259 260/260/260 316/316/316
f 259/259/259 316/316/316 315/315/315
f 260/260/260 261/261/261 317/317/317
f 260/260/260 317/317/317 316/316/316
f 261/261/261 262/262/262 318/318/318
f 261/261/261 318/318/318 317/317/317
f 262/262/262 263/263/263 319/319/319
f 262/262/262 319/319/319 318/318/318
f 263/263/263 264/264/264 320/320/320
f 263/263/263 320/320/320 319/319/319
f 264/264/264 265/265/265 321/321/321
f 264/264/264 321/321/321 320/320/320
f 265/265/265 266/266/266 322/322/322
f 265/265/265 322/322/322 321/321/321
f 266/266/266 267/267/267 323/323/323
f 266/266/266 323/323/323 322/322/322
f 267/267/267 268/268/268 324/324/324
f 267/267/267 324/324/324 323/323/323
f 268/268/268 269/269/269 325/325/325
f 268/268/268 325/325/325 324/324/324
f 269/269/269 270/270/270 326/326/326
f 269/269/269 326/326/326 325/325/325
f 270/270/270 271/271/271 327/327/327
f 270/270/270 327/327/327 326/326/326
f 271/271/271 272/272/272 328/328/328
f 271/271/271 328/328/328 327/327/327
f 272/272/272 273/273/273 329/329/329
f 272/272/272 329/329/329 328/328/328
f 273/273/273 274/274/274 330/330/330
f 273/273/273 330/330/330 329/329/329
f 274/274/274 275/275/275 331/331/331
f 274/274/274 331/331/331 330/330/330
f 275/275/275 276/276/276 332/332/332
f 275/275/275 332/332/332 331/331/331
f 276/276/276 277/277/277 333/333/333
f 276/276/276 333/333/333 332/332/332
f 277/277/277 278/278/278 334/334/334
f 277/277/277 334/334/334 333/333/333
f 278/278/278 279/279/279 335/335/335
f 278/278/278 335/335/335 334/334/334
f 279/279/279 280/280/280 336/336/336
f 279/279/279 336/336/336 335/335/335
f 280/280/280 225/225/225 281/281/281
f 280/280/280 281/281/281 336/336/336
f 281/281/281 282/282/282 338/338/338
f 281/281/281 338/338/338 337/337/337
f 282/282/282 283/283/283 339/339/339
f 282/282/282 339/339/339 338/338/338
f 283/283/283 284/284/284 340/340/340
f 283/283/283 340/340/340 339/339/339
f 284/284/284 285/285/285 341/341/341
f 284/284/284 341/341/341 340/340/340
f 285/285/285 286/286/286 342/342/342
f 285/285/285 342/342/342 341/341/341
f 286/286/286 287/287/287 343/343/343
f 286/286/286 343/343/343 342/342/342
f 287/287/287 288/288/288 344/344/344
f 287/287/287 344/344/344 343/343/343
f 288/288/288 289/289/289 345/345/345
f 288/288/288 345/345/345 344/344/344
f 289/289/289 290/290/290 346/346/346
f 289/289/289 346/346/346 345/345/345
f 290/290/290 291/291/291 347/347/347
f 290/290/290 347/347/347 346/346/346
f 291/291/291 292/292/292 348/348/348
f 291/291/291 348/348/348 347/347/347
f 292/292/292 293/293/293 349/349/349
f 292/292/292 349/349/349 348/348/348
f 293/293/293 294/294/294 350/350/350
f 293/293/293 350/350/350 349/349/349
f 294/294/294 295/295/295 351/351/351
f 294/294/294 351/351/351 350/350/350
f 295/295/295 296/296/296 352/352/352
f 295/295/295 352/352/352 351/351/351
f 296/296/296 297/297/297 353/353/353
f 296/296/296 353/353/353 352/352/352
f 297/297/297 298/298/298 354/354/354
f 297/297/297 354/354/354 353/353/353
f 298/298/298 299/299/299 355/355/355
f 298/298/298 355/355/355 354/354/354
f 299/299/299 300/300/300 356/356/356
f 299/299/299 356/356/356 355/355/355
f 300/300/300 301/301/301 357/357/357
f 300/300/300 357/357/357 356/356/356
f 301/301/301 302/302/302 358/358/358
f 301/301/301 358/358/358 357/357/357
f 302/302/302 303/303/303 359/359/359
f 302/302/302 359/359/359 358/358/358
f 303/303/303 304/304/304 360/360/360
f 303/303/303 360/360/360 359/359/359
f 304/304/304 305/305/305 361/361/361
f 304/304/304 361/361/361 360/360/360
f 305/305/305 306/306/306 362/362/362
f 305/305/305 362/362/362 361/361/361
f 306/306/306 307/307/307 363/363/363
f 306/306/306 363/363/363 362/362/362
f 307/307/307 308/308/308 364/364/364
f 307/307/307 364/364/364 363/363/363
f 308/308/308 309/309/309 365/365/365
f 308/308/308 365/365/365 364/364/364
f 309/309/309 310/310/310 366/366/366
f 309/309/309 366/366/366 365/365/365
f 310/310/310 311/311/311 367/367/367
f 310/310/310 367/367/367 366/366/366
f 311/311/311 312/312/312 368/368/368
f 311/311/311 368/368/368 367/367/367
f 312/312/312 313/313/313 369/369/369
f 312/312/312 369/369/369 368/368/368
f 313/313/313 314/314/314 370/370/370
f 313/313/313 370/370/370 369/369/369
f 314/314/314 315/315/315 371/371/371
f 314/314/314 371/371/371 370/370/370
f 315/315/315 316/316/316 372/372/372
f 315/315/315 372/372/372 371/371/371
f 316/316/316 317/317/317 373/373/373
f 316/316/316 373/373/373 372/372/372
f 317/317/317 318/318/318 374/374/374
f 317/317/317 374/374/374 373/373/373
f 318/318/318 319/319/319 375/375/375
f 318/318/318 375/375/375 374/374/374
f 319/319/319 320/320/320 376/376/376
f 319/319/319 376/376/376 375/375/375
f 320/320/320 321/321/321 377/377/377
f 320/320/320 377/377/377 376/376/376
f 321/321/321 322/322/322 378/378/378
f 321/321/321 378/378/378 377/377/377
f 322/322/322 323/323/323 379/379/379
f 322/322/322 379/379/379 378/378/378
f 323/323/323 324/324/324 380/380/380
f 323/323/323 380/380/380 379/379/379
f 324/324/324 325/325/325 381/381/381
f 324/324/324 381/381/381 380/380/380
f 325/325/325 326/326/326 382/382/382
f 325/325/325 382/382/382 381/381/381
f 326/326/326 327/327/327 383/383/383
f 326/326/326 383/383/383 382/382/382
f 327/327/327 328/328/328 384/384/384
f 327/327/327 384/384/384 383/383/383
f 328/328/328 329/329/329 385/385/385
f 328/328/328 385/385/385 384/384/384
f 329/329/329 330/330/330 386/386/386
f 329/329/329 386/386/386 385/385/385
f 330/330/330 331/331/331 387/387/387
f 330/330/330 387/387/387 386/386/386
f 331/331/331 332/332/332 388/388/388
f 331/331/331 388/388/388 387/387/387
f 332/332/332 333/333/333 389/389/389
f 332/332/332 389/389/389 388/388/388
f 333/333/333 334/334/334 390/390/390
f 333/333/333 390/390/390 389/389/389
f 334/334/334 335/335/335 391/391/391
f 334/334/334 391/391/391 390/390/390
f 335/335/335 336/336/336 392/392/392
f 335/335/335 392/392/392 391/391/391
f 336/336/336 281/281/281 337/337/337
f 336/336/336 337/337/337 392/392/392
f 337/337/337 338/338/338 394/394/394
f 337/337/337 394/394/394 393/393/393
f 338/338/338 339/339/339 395/395/395
f 338/338/338 395/395/395 394/394/394
f 339/339/339 340/340/340 396/396/396
f 339/339/339 396/396/396 395/395/395
f 340/340/340 341/341/341 397/397/397
f 340/340/340 397/397/397 396/396/396
f 341/341/341 342/342/342 398/398/398
f 341/341/341 398/398/398 397/397/397
f 342/342/342 343/343/343 399/399/399
f 342/342/342 399/399/399 398/398/398
f 343/343/343 344/344/344 400/400/400
f 343/343/343 400/400/400 399/399/399
f 344/344/344 345/345/345 401/401/401
f 344/344/344 401/401/401 400/400/400
f 345/345/345 346/346/346 402/402/402
f 345/345/345 402/402/402 401/401/401
f 346/346/346 347/347/347 403/403/403
f 346/346/346 403/403/403 402/402/402
f 347/347/347 348/348/348 404/404/404
f 347/347/347 404/404/404 403/403/403
f 348/348/348 349/349/349 405/405/405
f 348/348/348 405/405/405 404/404/404
f 349/349/349 350/350/350 406/406/406
f 349/349/349 406/406/406 405/405/405
f 350/350/350 351/351/351 407/407/407
f 350/350/350 407/407/407 406/406/406
f 351/351/351 352/352/352 408/408/408
f 351/351/351 408/408/408 407/407/407
f 352/352/352 353/353/353 409/409/409
f 352/352/352 409/409/409 408/408/408
f 353/353/353 354/354/354 410/410/410
f 353/353/353 410/410/410 409/409/409
f 354/354/354 355/355/355 411/411/411
f 354/354/354 411/411/411 410/410/410
f 355/355/355 356/356/356 412/412/412
f 355/355/355 412/412/412 411/411/411
f 356/356/356 357/357/357 413/413/413
f 356/356/356 413/413/413 412/412/412
f 357/357/357 358/358/358 414/414/414
f 357/357/357 414/414/414 413/413/413
f 358/358/358 359/359/359 415/415/415
f 358/358/358 415/415/415 414/414/414
f 359/359/359 360/360/360 416/416/416
f 359/359/359 416/416/416 415/415/415
f 360/360/360 361/361/361 417/417/417
f 360/360/360 417/417/417 416/416/416
f 361/361/361 362/362/362 418/418/418
f 361/361/361 418/418/418 417/417/417
f 362/362/362 363/363/363 419/419/419
f 362/362/362 419/419/419 418/418/418
f 363/363/363 364/364/364 420/420/420
f 363/363/363 420/420/420 419/419/419
f 364/364/364 365/365/365 421/421/421
f 364/364/364 421/421/421 420/420/420
f 365/365/365 366/366/366 422/422/422
f 365/365/365 422/422/422 421/421/421
f 366/366/366 367/367/367 423/423/423
f 366/366/366 423/423/423 422/422/422
f 367/367/367 368/368/368 424/424/424
f 367/367/367 424/424/424 423/423/423
f 368/368/368 369/369/369 425/425/425
f 368/368/368 425/425/425 424/424/424
f 369/369/369 370/370/370 426/426/426
f 369/369/369 426/426/426 425/425/425
f 370/370/370 371/371/371 427/427/427
f 370/370/370 427/427/427 426/426/426
f 371/371/371 372/372/372 428/428/428
f 371/371/371 428/428/428 427/427/427
f 372/372/372 373/373/373 429/429/429
f 372/372/372 429/429/429 428/428/428
f 373/373/373 374/374/374 430/430/430
f 373/373/373 430/430/430 429/429/429
f 374/374/374 375/375/375 431/431/431
f 374/374/374 431/431/431 430/430/430
f 375/375/375 376/376/376 432/432/432
f 375/375/375 432/432/432 431/431/431
f 376/376/376 377/377/377 433/433/433
f 376/376/376 433/433/433 432/432/432
f 377/377/377 378/378/378 434/434/434
f 377/377/377 434/434/434 433/433/433
f 378/378/378 379/379/379 435/435/435
f 378/378/378 435/435/435 434/434/434
f 379/379/379 380/380/380 436/436/436
f 379/379/379 436/436/436 435/435/435
f 380/380/380 381/381/381 437/437/437
f 380/380/380 437/437/437 436/436/436
f 381/381/381 382/382/382 438/438/438
f 381/381/381 438/438/438 437/437/437
f 382/382/382 383/383/383 439/439/439
f 382/382/382 439/439/439 438/438/438
f 383/383/383 384/384/384 440/440/440
f 383/383/383 440/440/440 439/439/439
f 384/384/384 385/385/385 441/441/441
f 384/384/384 441/441/441 440/440/440
f 385/385/385 386/386/386 442/442/442
f 385/385/385 442/442/442 441/441/441
f 386/386/386 387/387/387 443/443/443
f 386/386/386 443/443/443 442/442/442
f 387/387/387 388/388/388 444/444/444
f 387/387/387 444/444/444 443/443/443
f 388/388/388 389/389/389 445/445/445
f 388/388/388 445/445/445 444/444/444
f 389/389/389 390/390/390 446/446/446
f 389/389/389 446/446/446 445/445/445
f 390/390/390 391/391/391 447/447/447
f 390/390/390 447/447/447 446/446/446
f 391/391/391 392/392/392 448/448/448
f 391/391/391 448/448/448 447/447/447
f 392/392/392 337/337/337 393/393/393
f 392/392/392 393/393/393 448/448/448
f 393/393/393 394/394/394 450/450/450
f 393/393/393 450/450/450 449/449/449
f 394/394/394 395/395/395 451/451/451
f 394/394/394 451/451/451 450/450/450
f 395/395/395 396/396/396 452/452/452
f 395/395/395 452/452/452 451/451/451
f 396/396/396 397/397/397 453/453/453
f 396/396/396 453/453/453 452/452/452
f 397/397/397 398/398/398 454/454/454
f 397/397/397 454/454/454 453/453/453
f 398/398/398 399/399/399 455/455/455
f 398/398/398 455/455/455 454/454/454
f 399/399/399 400/400/400 456/456/456
f 399/399/399 456/456/456 455/455/455
f 400/400/400 401/401/401 457/457/457
f 400/400/400 457/457/457 456/456/456
f 401/401/401 402/402/402 458/458/458
f 401/401/401 458/458/458 457/457/457
f 402/402/402 403/403/403 459/459/459
f 402/402/402 459/459/459 458/458/458
f 403/403/403 404/404/404 460/460/460
f 403/403/403 460/460/460 459/459/459
f 404/404/404 405/405/405 461/461/461
f 404/404/404 461/461/461 460/460/460
f 405/405/405 406/406/406 462/462/462
f 405/405/405 462/462/462 461/461/461
f 406/406/406 407/407/407 463/463/463
f 406/406/406 463/463/463 462/462/462
f 407/407/407 408/408/408 464/464/464
f 407/407/407 464/464/464 463/463/463
f 408/408/408 409/409/409 465/465/465
f 408/408/408 465/465/465 464/464/464
f 409/409/409 410/410/410 466/466/466
f 409/409/409 466/466/466 465/465/465
f 410/410/410 411/411/411 467/467/467
f 410/410/410 467/467/467 466/466/466
f 411/411/411 412/412/412 468/468/468
f 411/411/411 468/468/468 467/467/467
f 412/412/412 413/413/413 469/469/469
f 412/412/412 469/469/469 468/468/468
f 413/413/413 414/414/414 470/470/470
f 413/413/413 470/470/470 469/469/469
f 414/414/414 415/415/415 471/471/471
f 414/414/414 471/471/471 470/470/470
f 415/415/415 416/416/416 472/472/472
f 415/415/415 472/472/472 471/471/471
f 416/416/416 417/417/417 473/473/473
f 416/416/416 473/473/473 472/472/472
f 417/417/417 418/418/418 474/474/474
f 417/417/417 474/474/474 473/473/473
f 418/418/418 419/419/419 475/475/475
f 418/418/418 475/475/475 474/474/474
f 419/419/419 420/420/420 476/476/476
f 419/419/419 476/476/476 475/475/475
f 420/420/420 421/421/421 477/477/477
f 420/420/420 477/477/477 476/476/476
f 421/421/421 422/422/422 478/478/478
f 421/421/421 478/478/478 477/477/477
f 422/422/422 423/423/423 479/479/479
f 422/422/422 479/479/479 478/478/478
f 423/423/423 424/424/424 480/480/480
f 423/423/423 480/480/480 479/479/479
f 424/424/424 425/425/425 481/481/481
f 424/424/424 481/481/481 480/480/480
f 425/425/425 426/426/426 482/482/482
f 425/425/425 482/482/482 481/481/481
f 426/426/426 427/427/427 483/483/483
f 426/426/426 483/483/483 482/482/482
f 427/427/427 428/428/428 484/484/484
f 427/427/427 484/484/484 483/483/483
f 428/428/428 429/429/429 485/485/485
f 428/428/428 485/485/485 484/484/484
f 429/429/429 430/430/430 486/486/486
f 429/429/429 486/486/486 485/485/485
f 430/430/430 431/431/431 487/487/487
f 430/430/430 487/487/487 486/486/486
f 431/431/431 432/432/432 488/488/488
f 431/431/431 488/488/488 487/487/487
f 432/432/432 433/433/433 489/489/489
f 432/432/432 489/489/489 488/488/488
f 433/433/433 434/434/434 490/490/490
f 433/433/433 490/490/490 489/489/489
f 434/434/434 435/435/435 491/491/491
f 434/434/434 491/491/491 490/490/490
f 435/435/435 436/436/436 492/492/492
f 435/435/435 492/492/492 491/491/491
f 436/436/436 437/437/437 493/493/493
f 436/436/436 493/493/493 492/492/492
f 437/437/437 438/438/438 494/494/494
f 437/437/437 494/494/494 493/493/493
f 438/438/438 439/439/439 495/495/495
f 438/438/438 495/495/495 494/494/494
f 439/439/439 440/440/440 496/496/496
f 439/439/439 496/496/496 495/495/495
f 440/440/440 441/441/441 497/497/497
f 440/440/440 497/497/497 496/496/496
f 441/441/441 442/442/442 498/498/498
f 441/441/441 498/498/498 497/497/497
f 442/442/442 443/443/443 499/499/499
f 442/442/442 499/499/499 498/498/498
f 443/443/443 444/444/444 500/500/500
f 443/443/443 500/500/500 499/499/499
f 444/444/444 445/445/445 501/501/501
f 444/444/444 501/501/501 500/500/500
f 445/445/445 446/446/446 502/502/502
f 445/445/445 502/502/502 501/501/501
f 446/446/446 447/447/447 503/503/503
f 446/446/446 503/503/503 502/502/502
f 447/447/447 448/448/448 504/504/504
f 447/447/447 504/504/504 503/503/503
f 448/448/448 393/393/393 449/449/449
f 448/448/448 449/449/449 504/504/504
f 449/449/449 450/450/450 506/506/506
f 449/449/449 506/506/506 505/505/505
f 450/450/450 451/451/451 507/507/507
f 450/450/450 507/507/507 506/506/506
f 451/451/451 452/452/452 508/508/508
f 451/451/451 508/508/508 507/507/507
f 452/452/452 453/453/453 509/509/509
f 452/452/452 509/509/509 508/508/508
f 453/453/453 454/454/454 510/510/510
f 453/453/453 510/510/510 509/509/509
f 454/454/454 455/455/455 511/511/511
f 454/454/454 511/511/511 510/510/510
f 455/455/455 456/456/456 512/512/512
f 455/455/455 512/512/512 511/511/511
f 456/456/456 457/457/457 513/513/513
f 456/456/456 513/513/513 512/512/512
f 457/457/457 458/458/458 514/514/514
f 457/457/457 514/514/514 513/513/513
f 458/458/458 459/459/459 515/515/515
f 458/458/458 515/515/515 514/514/514
f 459/459/459 460/460/460 516/516/516
f 459/459/459 516/516/516 515/515/515
f 460/460/460 461/461/461 517/517/517
f 460/460/460 517/517/517 516/516/516
f 461/461/461 462/462/462 518/518/518
f 461/461/461 518/518/518 517/517/517
f 462/462/462 463/463/463 519/519/519
f 462/462/462 519/519/519 518/518/518
f 463/463/463 464/464/464 520/520/520
f 463/463/463 520/520/520 519/519/519
f 464/464/464 465/465/465 521/521/521
f 464/464/464 521/521/521 520/520/520
f 465/465/465 466/466/466 522/522/522
f 465/465/465 522/522/522 521/521/521
f 466/466/466 467/467/467 523/523/523
f 466/466/466 523/523/523 522/522/522
f 467/467/467 468/468/468 524/524/524
f 467/467/467 524/524/524 523/523/523
f 468/468/468 469/469/469 525/525/525
f 468/468/468 525/525/525 524/524/524
f 469/469/469 470/470/470 526/526/526
f 469/469/469 526/526/526 525/525/525
f 470/470/470 471/471/471 527/527/527
f 470/470/470 527/527/527 526/526/526
f 471/471/471 472/472/472 528/528/528
f 471/471/471 528/528/528 527/527/527
f 472/472/472 473/473/473 529/529/529
f 472/472/472 529/529/529 528/528/528
f 473/473/473 474/474/474 530/530/530
f 473/473/473 530/530/530 529/529/529
f 474/474/474 475/475/475 531/531/531
f 474/474/474 531/531/531 530/530/530
f 475/475/475 476/476/476 532/532/532
f 475/475/475 532/532/532 531/531/531
f 476/476/476 477/477/477 533/533/533
f 476/476/476 533/533/533 532/532/532
f 477/477/477 478/478/478 534/534/534
f 477/477/477 534/534/534 533/533/533
f 478/478/478 479/479/479 535/535/535
f 478/478/478 535/535/535 534/534/534
f 479/479/479 480/480/480 536/536/536
f 479/479/479 536/536/536 535/535/535
f 480/480/480 481/481/481 537/537/537
f 480/480/480 537/537/537 536/536/536
f 481/481/481 482/482/482 538/538/538
f 481/481/481 538/538/538 537/537/537
f 482/482/482 483/483/483 539/539/539
f 482/482/482 539/539/539 538/538/538
f 483/483/483 484/484/484 540/540/540
f 483/483/483 540/540/540 539/539/539
f 484/484/484 485/485/485 541/541/541
f 484/484/484 541/541/541 540/540/540
f 485/485/485 486/486/486 542/542/542
f 485/485/485 542/542/542 541/541/541
f 486/486/486 487/487/487 543/543/543
f 486/486/486 543/543/543 542/542/542
f 487/487/487 488/488/488 544/544/544
f 487/487/487 544/544/544 543/543/543
f 488/488/488 489/489/489 545/545/545
f 488/488/488 545/545/545 544/544/544
f 489/489/489 490/490/490 546/546/546
f 489/489/489 546/546/546 545/545/545
f 490/490/490 491/491/491 547/547/547
f 490/490/490 547/547/547 546/546/546
f 491/491/491 492/492/492 548/548/548
f 491/491/491 548/548/548 547/547/547
f 492/492/492 493/493/493 549/549/549
f 492/492/492 549/549/549 548/548/548
f 493/493/493 494/494/494 550/550/550
f 493/493/493 550/550/550 549/549/549
f 494/494/494 495/495/495 551/551/551
f 494/494/494 551/551/551 550/550/550
f 495/495/495 496/496/496 552/552/552
f 495/495/495 552/552/552 551/551/551
f 496/496/496 497/497/497 553/553/553
f 496/496/496 553/553/553 552/552/552
f 497/497/497 498/498/498 554/554/554
f 497/497/497 554/554/554 553/553/553
f 498/498/498 499/499/499 555/555/555
f 498/498/498 555/555/555 554/554/554
f 499/499/499 500/500/500 556/556/556
f 499/499/499 556/556/556 555/555/555
f 500/500/500 501/501/501 557/557/557
f 500/500/500 557/557/557 556/556/556
f 501/501/501 502/502/502 558/558/558
f 501/501/501 558/558/558 557/557/557
f 502/502/502 503/503/503 559/559/559
f 502/502/502 559/559/559 558/558/558
f 503/503/503 504/504/504 560/560/560
f 503/503/503 560/560/560 559/559/559
f 504/504/504 449/449/449 505/505/505
f 504/504/504 505/505/505 560/560/560
f 505/505/505 506/506/506 562/562/562
f 505/505/505 562/562/562 561/561/561
f 506/506/506 507/507/507 563/563/563
f 506/506/506 563/563/563 562/562/562
f 507/507/507 508/508/508 564/564/564
f 507/507/507 564/564/564 563/563/563
f 508/508/508 509/509/509 565/565/565
f 508/508/508 565/565/565 564/564/564
f 509/509/509 510/510/510 566/566/566
f 509/509/509 566/566/566 565/565/565
f 510/510/510 511/511/511 567/567/567
f 510/510/510 567/567/567 566/566/566
f 511/511/511 512/512/512 568/568/568
f 511/511/511 568/568/568 567/567/567
f 512/512/512 513/513/513 569/569/569
f 512/512/512 569/569/569 568/568/568
f 513/513/513 514/514/514 570/570/570
f 513/513/513 570/570/570 569/569/569
f 514/514/514 515/515/515 571/571/571
f 514/514/514 571/571/571 570/570/570
f 515/515/515 516/516/516 572/572/572
f 515/515/515 572/572/572 571/571/571
f 516/516/516 517/517/517 573/573/573
f 516/516/516 573/573/573 572/572/572
f 517/517/517 518/518/518 574/574/574
f 517/517/517 574/574/574 573/573/573
f 518/518/518 519/519/519 575/575/575
f 518/518/518 575/575/575 574/574/574
f 519/519/519 520/520/520 576/576/576
f 519/519/519 576/576/576 575/575/575
f 520/520/520 521/521/521 577/577/577
f 520/520/520 577/577/577 576/576/576
f 521/521/521 522/522/522 578/578/578
f 521/521/521 578/578/578 577/577/577
f 522/522/522 523/523/523 579/579/579
f 522/522/522 579/579/579 578/578/578
f 523/523/523 524/524/524 580/580/580
f 523/523/523 580/580/580 579/579/579
f 524/524/524 525/525/525 581/581/581
f 524/524/524 581/581/581 580/580/580
f 525/525/525 526/526/526 582/582/582
f 525/525/525 582/582/582 581/581/581
f 526/526/526 527/527/527 583/583/583
f 526/526/526 583/583/583 582/582/582
f 527/527/527 528/528/528 584/584/584
f 527/527/527 584/584/584 583/583/583
f 528/528/528 529/529/529 585/585/585
f 528/528/528 585/585/585 584/584/584
f 529/529/529 530/530/530 586/586/586
f 529/529/529 586/586/586 585/585/585
f 530/530/530 531/531/531 587/587/587
f 530/530/530 587/587/587 586/586/586
f 531/531/531 532/532/532 588/588/588
f 531/531/531 588/588/588 587/587/587
f 532/532/532 533/533/533 589/589/589
f 532/532/532 589/589/589 588/588/588
f 533/533/533 534/534/534 590/590/590
f 533/533/533 590/590/590 589/589/589
f 534/534/534 535/535/535 591/591/591
f 534/534/534 591/591/591 590/590/590
f 535/535/535 536/536/536 592/592/592
f 535/535/535 592/592/592 591/591/591
f 536/536/536 537/537/537 593/593/593
f 536/536/536 593/593/593 592/592/592
f 537/537/537 538/538/538 594/594/594
f 537/537/537 594/594/594 593/593/593
f 538/538/538 539/539/539 595/595/595
f 538/538/538 595/595/595 594/594/594
f 539/539/539 540/540/540 596/596/596
f 539/539/539 596/596/596 595/595/595
f 540/540/540 541/541/541 597/597/597
f 540/540/540 597/597/597 596/596/596
f 541/541/541 542/542/542 598/598/598
f 541/541/541 598/598/598 597/597/597
f 542/542/542 543/543/543 599/599/599
f 542/542/542 599/599/599 598/598/598
f 543/543/543 544/544/544 600/600/600
f 543/543/543 600/600/600 599/599/599
f 544/544/544 545/545/545 601/601/601
f 544/544/544 601/601/601 600/600/600
f 545/545/545 546/546/546 602/602/602
f 545/545/545 602/602/602 601/601/601
f 546/546/546 547/547/547 603/603/603
f 546/546/546 603/603/603 602/602/602
f 547/547/547 548/548/548 604/604/604
f 547/547/547 604/604/604 603/603/603
f 548/548/548 549/549/549 605/605/605
f 548/548/548 605/605/605 604/604/604
f 549/549/549 550/550/550 606/606/606
f 549/549/549 606/606/606 605/605/605
f 550/550/550 551/551/551 607/607/607
f 550/550/550 607/607/607 606/606/606
f 551/551/551 552/552/552 608/608/608
f 551/551/551 608/608/608 607/607/607
f 552/552/552 553/553/553 609/609/609
f 552/552/552 609/609/609 608/608/608
f 553/553/553 554/554/554 610/610/610
f 553/553/553 610/610/610 609/609/609
f 554/554/554 555/555/555 611/611/611
f 554/554/554 611/611/611 610/610/610
f 555/555/555 556/556/556 612/612/612
f 555/555/555 612/612/612 611/611/611
f 556/556/556 557/557/557 613/613/613
f 556/556/556 613/613/613 612/612/612
f 557/557/557 558/558/558 614/614/614
f 557/557/557 614/614/614 613/613/613
f 558/558/558 559/559/559 615/615/615
f 558/558/558 615/615/615 614/614/614
f 559/559/559 560/560/560 616/616/616
f 559/559/559 616/616/616 615/615/615
f 560/560/560 505/505/505 561/561/561
f 560/560/560 561/561/561 616/616/616
f 561/561/561 562/562/562 618/618/618
f 561/561/561 618/618/618 617/617/617
f 562/562/562 563/563/563 619/619/619
f 562/562/562 619/619/619 618/618/618
f 563/563/563 564/564/564 620/620/620
f 563/563/563 620/620/620 619/619/619
f 564/564/564 565/565/565 621/621/621
f 564/564/564 621/621/621 620/620/620
f 565/565/565 566/566/566 622/622/622
f 565/565/565 622/622/622 621/621/621
f 566/566/566 567/567/567 623/623/623
f 566/566/566 623/623/623 622/622/622
f 567/567/567 568/568/568 624/624/624
f 567/567/567 624/624/624 623/623/623
f 568/568/568 569/569/569 625/625/625
f 568/568/568 625/625/625 624/624/624
f 569/569/569 570/570/570 626/626/626
f 569/569/569 626/626/626 625/625/625
f 570/570/570 571/571/571 627/627/627
f 570/570/570 627/627/627 626/626/626
f 571/571/571 572/572/572 628/628/628
f 571/571/571 628/628/628 627/627/627
f 572/572/572 573/573/573 629/629/629
f 572/572/572 629/629/629 628/628/628
f 573/573/573 574/574/574 630/630/630
f 573/573/573 630/630/630 629/629/629
f 574/574/574 575/575/575 631/631/631
f 574/574/574 631/631/631 630/630/630
f 575/575/575 576/576/576 632/632/632
f 575/575/575 632/632/632 631/631/631
f 576/576/576 577/577/577 633/633/633
f 576/576/576 633/633/633 632/632/632
f 577/577/577 578/578/578 634/634/634
f 577/577/577 634/634/634 633/633/633
f 578/578/578 579/579/579 635/635/635
f 578/578/578 635/635/635 634/634/634
f 579/579/579 580/580/580 636/636/636
f 579/579/579 636/636/636 635/635/635
f 580/580/580 581/581/581 637/637/637
f 580/580/580 637/637/637 636/636/636
f 581/581/581 582/582/582 638/638/638
f 581/581/581 638/638/638 637/637/637
f 582/582/582 583/583/583 639/639/639
f 582/582/582 639/639/639 638/638/638
f 583/583/583 584/584/584 640/640/640
f 583/583/583 640/640/640 639/639/639
f 584/584/584 585/585/585 641/641/641
f 584/584/584 641/641/641 640/640/640
f 585/585/585 586/586/586 642/642/642
f 585/585/585 642/642/642 641/641/641
f 586/586/586 587/587/587 643/643/643
f 586/586/586 643/643/643 642/642/642
f 587/587/587 588/588/588 644/644/644
f 587/587/587 644/644/644 643/643/643
f 588/588/588 589/589/589 645/645/645
f 588/588/588 645/645/645 644/644/644
f 589/589/589 590/590/590 646/646/646
f 589/589/589 646/646/646 645/645/645
f 590/590/590 591/591/591 647/647/647
f 590/590/590 647/647/647 646/646/646
f 591/591/591 592/592/592 648/648/648
f 591/591/591 648/648/648 647/647/647
f 592/592/592 593/593/593 649/649/649
f 592/592/592 649/649/649 648/648/648
f 593/593/593 594/594/594 650/650/650
f 593/593/593 650/650/650 649/649/649
f 594/594/594 595/595/595 651/651/651
f 594/594/594 651/651/651 650/650/650
f 595/595/595 596/596/596 652/652/652
f 595/595/595 652/652/652 651/651/651
f 596/596/596 597/597/597 653/653/653
f 596/596/596 653/653/653 652/652/652
f 597/597/597 598/598/598 654/654/654
f 597/597/597 654/654/654 653/653/653
f 598/598/598 599/599/599 655/655/655
f 598/598/598 655/655/655 654/654/654
f 599/599/599 600/600/600 656/656/656
f 599/599/599 656/656/656 655/655/655
f 600/600/600 601/601/601 657/657/657
f 600/600/600 657/657/657 656/656/656
f 601/601/601 602/602/602 658/658/658
f 601/601/601 658/658/658 657/657/657
f 602/602/602 603/603/603 659/659/659
f 602/602/602 659/659/659 658/658/658
f 603/603/603 604/604/604 660/660/660
f 603/603/603 660/660/660 659/659/659
f 604/604/604 605/605/605 661/661/661
f 604/604/604 661/661/661 660/660/660
f 605/605/605 606/606/606 662/662/662
f 605/605/605 662/662/662 661/661/661
f 606/606/606 607/607/607 663/663/663
f 606/606/606 663/663/663 662/662/662
f 607/607/607 608/608/608 664/664/664
f 607/607/607 664/664/664 663/663/663
f 608/608/608 609/609/609 665/665/665
f 608/608/608 665/665/665 664/664/664
f 609/609/609 610/610/610 666/666/666
f 609/609/609 666/666/666 665/665/665
f 610/610/610 611/611/611 667/667/667
f 610/610/610 667/667/667 666/666/666
f 611/611/611 612/612/612 668/668/668
f 611/611/611 668/668/668 667/667/667
f 612/612/612 613/613/613 669/669/669
f 612/612/612 669/669/669 668/668/668
f 613/613/613 614/614/614 670/670/670
f 613/613/613 670/670/670 669/669/669
f 614/614/614 615/615/615 671/671/671
f 614/614/614 671/671/671 670/670/670
f 615/615/615 616/616/616 672/672/672
f 615/615/615 672/672/672 671/671/671
f 616/616/616 561/561/561 617/617/617
f 616/616/616 617/617/617 672/672/672
f 617/617/617 618/618/618 674/674/674
f 617/617/617 674/674/674 673/673/673
f 618/618/618 619/619/619 675/675/675
f 618/618/618 675/675/675 674/674/674
f 619/619/619 620/620/620 676/676/676
f 619/619/619 676/676/676 675/675/675
f 620/620/620 621/621/621 677/677/677
f 620/620/620 677/677/677 676/676/676
f 621/621/621 622/622/622 678/678/678
f 621/621/621 678/678/678 677/677/677
f 622/622/622 623/623/623 679/679/679
f 622/622/622 679/679/679 678/678/678
f 623/623/623 624/624/624 680/680/680
f 623/623/623 680/680/680 679/679/679
f 624/624/624 625/625/625 681/681/681
f 624/624/624 681/681/681 680/680/680
f 625/625/625 626/626/626 682/682/682
f 625/625/625 682/682/682 681/681/681
f 626/626/626 627/627/627 683/683/683
f 626/626/626 683/683/683 682/682/682
f 627/627/627 628/628/628 684/684/684
f 627/627/627 684/684/684 683/683/683
f 628/628/628 629/629/629 685/685/685
f 628/628/628 685/685/685 684/684/684
f 629/629/629 630/630/630 686/686/686
f 629/629/629 686/686/686 685/685/685
f 630/630/630 631/631/631 687/687/687
f 630/630/630 687/687/687 686/686/686
f 631/631/631 632/632/632 688/688/688
f 631/631/631 688/688/688 687/687/687
f 632/632/632 633/633/633 689/689/689
f 632/632/632 689/689/689 688/688/688
f 633/633/633 634/634/634 690/690/690
f 633/633/633 690/690/690 689/689/689
f 634/634/634 635/635/635 691/691/691
f 634/634/634 691/691/691 690/690/690
f 635/635/635 636/636/636 692/692/692
f 635/635/635 692/692/692 691/691/691
f 636/636/636 637/637/637 693/693/693
f 636/636/636 693/693/693 692/692/692
f 637/637/637 638/638/638 694/694/694
f 637/637/637 694/694/694 693/693/693
f 638/638/638 639/639/639 695/695/695
f 638/638/638 695/695/695 694/694/694
f 639/639/639 640/640/640 696/696/696
f 639/639/639 696/696/696 695/695/695
f 640/640/640 641/641/641 697/697/697
f 640/640/640 697/697/697 696/696/696
f 641/641/641 642/642/642 698/698/698
f 641/641/641 698/698/698 697/697/697
f 642/642/642 643/643/643 699/699/699
f 642/642/642 699/699/699 698/698/698
f 643/643/643 644/644/644 700/700/700
f 643/643/643 700/700/700 699/699/699
f 644/644/644 645/645/645 701/701/701
f 644/644/644 701/701/701 700/700/700
f 645/645/645 646/646/646 702/702/702
f 645/645/645 702/702/702 701/701/701
f 646/646/646 647/647/647 703/703/703
f 646/646/646 703/703/703 702/702/702
f 647/647/647 648/648/648 704/704/704
f 647/647/647 704/704/704 703/703/703
f 648/648/648 649/649/649 705/705/705
f 648/648/648 705/705/705 704/704/704
f 649/649/649 650/650/650 706/706/706
f 649/649/649 706/706/706 705/705/705
f 650/650/650 651/651/651 707/707/707
f 650/650/650 707/707/707 706/706/706
f 651/651/651 652/652/652 708/708/708
f 651/651/651 708/708/708 707/707/707
f 652/652/652 653/653/653 709/709/709
f 652/652/652 709/709/709 708/708/708
f 653/653/653 654/654/654 710/710/710
f 653/653/653 710/710/710 709/709/709
f 654/654/654 655/655/655 711/711/711
f 654/654/654 711/711/711 710/710/710
f 655/655/655 656/656/656 712/712/712
f 655/655/655 712/712/712 711/711/711
f 656/656/656 657/657/657 713/713/713
f 656/656/656 713/713/713 712/712/712
f 657/657/657 658/658/658 714/714/714
f 657/657/657 714/714/714 713/713/713
f 658/658/658 659/659/659 715/715/715
f 658/658/658 715/715/715 714/714/714
f 659/659/659 660/660/660 716/716/716
f 659/659/659 716/716/716 715/715/715
f 660/660/660 661/661/661 717/717/717
f 660/660/660 717/717/717 716/716/716
f 661/661/661 662/662/662 718/718/718
f 661/661/661 718/718/718 717/717/717
f 662/662/662 663/663/663 719/719/719
f 662/662/662 719/719/719 718/718/718
f 663/663/663 664/664/664 720/720/720
f 663/663/663 720/720/720 719/719/719
f 664/664/664 665/665/665 721/721/721
f 664/664/664 721/721/721 720/720/720
f 665/665/665 666/666/666 722/722/722
f 665/665/665 722/722/722 721/721/721
f 666/666/666 667/667/667 723/723/723
f 666/666/666 723/723/723 722/722/722
f 667/667/667 668/668/668 724/724/724
f 667/667/667 724/724/724 723/723/723
f 668/668/668 669/669/669 725/725/725
f 668/668/668 725/725/725 724/724/724
f 669/669/669 670/670/670 726/726/726
f 669/669/669 726/726/726 725/725/725
f 670/670/670 671/671/671 727/727/727
f 670/670/670 727/727/727 726/726/726
f 671/671/671 672/672/672 728/728/728
f 671/671/671 728/728/728 727/727/727
f 672/672/672 617/617/617 673/673/673
f 672/672/672 673/673/673 728/728/728
f 673/673/673 674/674/674 730/730/730
f 673/673/673 730/730/730 729/729/729
f 674/674/674 675/675/675 731/731/731
f 674/674/674 731/731/731 730/730/730
f 675/675/675 676/676/676 732/732/732
f 675/675/675 732/732/732 731/731/731
f 676/676/676 677/677/677 733/733/733
f 676/676/676 733/733/733 732/732/732
f 677/677/677 678/678/678 734/734/734
f 677/677/677 734/734/734 733/733/733
f 678/678/678 679/679/679 735/735/735
f 678/678/678 735/735/735 734/734/734
f 679/679/679 680/680/680 736/736/736
f 679/679/679 736/736/736 735/735/735
f 680/680/680 681/681/681 737/737/737
f 680/680/680 737/737/737 736/736/736
f 681/681/681 682/682/682 738/738/738
f 681/681/681 738/738/738 737/737/737
f 682/682/682 683/683/683 739/739/739
f 682/682/682 739/739/739 738/738/738
f 683/683/683 684/684/684 740/740/740
f 683/683/683 740/740/740 739/739/739
f 684/684/684 685/685/685 741/741/741
f 684/684/684 741/741/741 740/740/740
f 685/685/685 686/686/686 742/742/742
f 685/685/685 742/742/742 741/741/741
f 686/686/686 687/687/687 743/743/743
f 686/686/686 743/743/743 742/742/742
f 687/687/687 688/688/688 744/744/744
f 687/687/687 744/744/744 743/743/743
f 688/688/688 689/689/689 745/745/745
f 688/688/688 745/745/745 744/744/744
f 689/689/689 690/690/690 746/746/746
f 689/689/689 746/746/746 745/745/745
f 690/690/690 691/691/691 747/747/747
f 690/690/690 747/747/747 746/746/746
f 691/691/691 692/692/692 748/748/748
f 691/691/691 748/748/748 747/747/747
f 692/692/692 693/693/693 749/749/749
f 692/692/692 749/749/749 748/748/748
f 693/693/693 694/694/694 750/750/750
f 693/693/693 750/750/750 749/749/749
f 694/694/694 695/695/695 751/751/751
f 694/694/694 751/751/751 750/750/750
f 695/695/695 696/696/696 752/752/752
f 695/695/695 752/752/752 751/751/751
f 696/696/696 697/697/697 753/753/753
f 696/696/696 753/753/753 752/752/752
f 697/697/697 698/698/698 754/754/754
f 697/697/697 754/754/754 753/753/753
f 698/698/698 699/699/699 755/755/755
f 698/698/698 755/755/755 754/754/754
f 699/699/699 700/700/700 756/756/756
f 699/699/699 756/756/756 755/755/755
f 700/700/700 701/701/701 757/757/757
f 700/700/700 757/757/757 756/756/756
f 701/701/701 702/702/702 758/758/758
f 701/701/701 758/758/758 757/757/757
f 702/702/702 703/703/703 759/759/759
f 702/702/702 759/759/759 758/758/758
f 703/703/703 704/704/704 760/760/760
f 703/703/703 760/760/760 759/759/759
f 704/704/704 705/705/705 761/761/761
f 704/704/704 761/761/761 760/760/760
f 705/705/705 706/706/706 762/762/762
f 705/705/705 762/762/762 761/761/761
f 706/706/706 707/707/707 763/763/763
f 706/706/706 763/763/763 762/762/762
f 707/707/707 708/708/708 764/764/764
f 707/707/707 764/764/764 763/763/763
f 708/708/708 709/709/709 765/765/765
f 708/708/708 765/765/765 764/764/764
f 709/709/709 710/710/710 766/766/766
f 709/709/709 766/766/766 765/765/765
f 710/710/710 711/711/711 767/767/767
f 710/710/710 767/767/767 766/766/766
f 711/711/711 712/712/712 768/768/768
f 711/711/711 768/768/768 767/767/767
f 712/712/712 713/713/713 769/769/769
f 712/712/712 769/769/769 768/768/768
f 713/713/713 714/714/714 770/770/770
f 713/713/713 770/770/770 769/769/769
f 714/714/714 715/715/715 771/771/771
f 714/714/714 771/771/771 770/770/770
f 715/715/715 716/716/716 772/772/772
f 715/715/715 772/772/772 771/771/771
f 716/716/716 717/717/717 773/773/773
f 716/716/716 773/773/773 772/772/772
f 717/717/717 718/718/718 774/774/774
f 717/717/717 774/774/774 773/773/773
f 718/718/718 719/719/719 775/775/775
f 718/718/718 775/775/775 774/774/774
f 719/719/719 720/720/720 776/776/776
f 719/719/719 776/776/776 775/775/775
f 720/720/720 721/721/721 777/777/777
f 720/720/720 777/777/777 776/776/776
f 721/721/721 722/722/722 778/778/778
f 721/721/721 778/778/778 777/777/777
f 722/722/722 723/723/723 779/779/779
f 722/722/722 779/779/779 778/778/778
f 723/723/723 724/724/724 780/780/780
f 723/723/723 780/780/780 779/779/779
f 724/724/724 725/725/725 781/781/781
f 724/724/724 781/781/781 780/780/780
f 725/725/725 726/726/726 782/782/782
f 725/725/725 782/782/782 781/781/781
f 726/726/726 727/727/727 783/783/783
f 726/726/726 783/783/783 782/782/782
f 727/727/727 728/728/728 784/784/784
f 727/727/727 784/784/784 783/783/783
f 728/728/728 673/673/673 729/729/729
f 728/728/728 729/729/729 784/784/784
f 729/729/729 730/730/730 786/786/786
f 729/729/729 786/786/786 785/785/785
f 730/730/730 731/731/731 787/787/787
f 730/730/730 787/787/787 786/786/786
f 731/731/731 732/732/732 788/788/788
f 731/731/731 788/788/788 787/787/787
f 732/732/732 733/733/733 789/789/789
f 732/732/732 789/789/789 788/788/788
f 733/733/733 734/734/734 790/790/790
f 733/733/733 790/790/790 789/789/789
f 734/734/734 735/735/735 791/791/791
f 734/734/734 791/791/791 790/790/790
f 735/735/735 736/736/736 792/792/792
f 735/735/735 792/792/792 791/791/791
f 736/736/736 737/737/737 793/793/793
f 736/736/736 793/793/793 792/792/792
f 737/737/737 738/738/738 794/794/794
f 737/737/737 794/794/794 793/793/793
f 738/738/738 739/739/739 795/795/795
f 738/738/738 795/795/795 794/794/794
f 739/739/739 740/740/740 796/796/796
f 739/739/739 796/796/796 795/795/795
f 740/740/740 741/741/741 797/797/797
f 740/740/740 797/797/797 796/796/796
f 741/741/741 742/742/742 798/798/798
f 741/741/741 798/798/798 797/797/797
f 742/742/742 743/743/743 799/799/799
f 742/742/742 799/799/799 798/798/798
f 743/743/743 744/744/744 800/800/800
f 743/743/743 800/800/800 799/799/799
f 744/744/744 745/745/745 801/801/801
f 744/744/744 801/801/801 800/800/800
f 745/745/745 746/746/746 802/802/802
f 745/745/745 802/802/802 801/801/801
f 746/746/746 747/747/747 803/803/803
f 746/746/746 803/803/803 802/802/802
f 747/747/747 748/748/748 804/804/804
f 747/747/747 804/804/804 803/803/803
f 748/748/748 749/749/749 805/805/805
f 748/748/748 805/805/805 804/804/804
f 749/749/749 750/750/750 806/806/806
f 749/749/749 806/806/806 805/805/805
f 750/750/750 751/751/751 807/807/807
f 750/750/750 807/807/807 806/806/806
f 751/751/751 752/752/752 808/808/808
f 751/751/751 808/808/808 807/807/807
f 752/752/752 753/753/753 809/809/809
f 752/752/752 809/809/809 808/808/808
f 753/753/753 754/754/754 810/810/810
f 753/753/753 810/810/810 809/809/809
f 754/754/754 755/755/755 811/811/811
f 754/754/754 811/811/811 810/810/810
f 755/755/755 756/756/756 812/812/812
f 755/755/755 812/812/812 811/811/811
f 756/756/756 757/757/757 813/813/813
f 756/756/756 813/813/813 812/812/812
f 757/757/757 758/758/758 814/814/814
f 757/757/757 814/814/814 813/813/813
f 758/758/758 759/759/759 815/815/815
f 758/758/758 815/815/815 814/814/814
f 759/759/759 760/760/760 816/816/816
f 759/759/759 816/816/816 815/815/815
f 760/760/760 761/761/761 817/817/817
f 760/760/760 817/817/817 816/816/816
f 761/761/761 762/762/762 818/818/818
f 761/761/761 818/818/818 817/817/817
f 762/762/762 763/763/763 819/819/819
f 762/762/762 819/819/819 818/818/818
f 763/763/763 764/764/764 820/820/820
f 763/763/763 820/820/820 819/819/819
f 764/764/764 765/765/765 821/821/821
f 764/764/764 821/821/821 820/820/820
f 765/765/765 766/766/766 822/822/822
f 765/765/765 822/822/822 821/821/821
f 766/766/766 767/767/767 823/823/823
f 766/766/766 823/823/823 822/822/822
f 767/767/767 768/768/768 824/824/824
f 767/767/767 824/824/824 823/823/823
f 768/768/768 769/769/769 825/825/825
f 768/768/768 825/825/825 824/824/824
f 769/769/769 770/770/770 826/826/826
f 769/769/769 826/826/826 825/825/825
f 770/770/770 771/771/771 827/827/827
f 770/770/770 827/827/827 826/826/826
f 771/771/771 772/772/772 828/828/828
f 771/771/771 828/828/828 827/827/827
f 772/772/772 773/773/773 829/829/829
f 772/772/772 829/829/829 828/828/828
f 773/773/773 774/774/774 830/830/830
f 773/773/773 830/830/830 829/829/829
f 774/774/774 775/775/775 831/831/831
f 774/774/774 831/831/831 830/830/830
f 775/775/775 776/776/776 832/832/832
f 775/775/775 832/832/832 831/831/831
f 776/776/776 777/777/777 833/833/833
f 776/776/776 833/833/833 832/832/832
f 777/777/777 778/778/778 834/834/834
f 777/777/777 834/834/834 833/833/833
f 778/778/778 779/779/779 835/835/835
f 778/778/778 835/835/835 834/834/834
f 779/779/779 780/780/780 836/836/836
f 779/779/779 836/836/836 835/835/835
f 780/780/780 781/781/781 837/837/837
f 780/780/780 837/837/837 836/836/836
f 781/781/781 782/782/782 838/838/838
f 781/781/781 838/838/838 837/837/837
f 782/782/782 783/783/783 839/839/839
f 782/782/782 839/839/839 838/838/838
f 783/783/783 784/784/784 840/840/840
f 783/783/783 840/840/840 839/839/839
f 784/784/784 729/729/729 785/785/785
f 784/784/784 785/785/785 840/840/840
f 785/785/785 786/786/786 842/842/842
f 785/785/785 842/842/842 841/841/841
f 786/786/786 787/787/787 843/843/843
f 786/786/786 843/843/843 842/842/842
f 787/787/787 788/788/788 844/844/844
f 787/787/787 844/844/844 843/843/843
f 788/788/788 789/789/789 845/845/845
f 788/788/788 845/845/845 844/844/844
f 789/789/789 790/790/790 846/846/846
f 789/789/789 846/846/846 845/845/845
f 790/790/790 791/791/791 847/847/847
f 790/790/790 847/847/847 846/846/846
f 791/791/791 792/792/792 848/848/848
f 791/791/791 848/848/848 847/847/847
f 792/792/792 793/793/793 849/849/849
f 792/792/792 849/849/849 848/848/848
f 793/793/793 794/794/794 850/850/850
f 793/793/793 850/850/850 849/849/849
f 794/794/794 795/795/795 851/851/851
f 794/794/794 851/851/851 850/850/850
f 795/795/795 796/796/796 852/852/852
f 795/795/795 852/852/852 851/851/851
f 796/796/796 797/797/797 853/853/853
f 796/796/796 853/853/853 852/852/852
f 797/797/797 798/798/798 854/854/854
f 797/797/797 854/854/854 853/853/853
f 798/798/798 799/799/799 855/855/855
f 798/798/798 855/855/855 854/854/854
f 799/799/799 800/800/800 856/856/856
f 799/799/799 856/856/856 855/855/855
f 800/800/800 801/801/801 857/857/857
f 800/800/800 857/857/857 856/856/856
f 801/801/801 802/802/802 858/858/858
f 801/801/801 858/858/858 857/857/857
f 802/802/802 803/803/803 859/859/859
f 802/802/802 859/859/859 858/858/858
f 803/803/803 804/804/804 860/860/860
f 803/803/803 860/860/860 859/859/859
f 804/804/804 805/805/805 861/861/861
f 804/804/804 861/861/861 860/860/860
f 805/805/805 806/806/806 862/862/862
f 805/805/805 862/862/862 861/861/861
f 806/806/806 807/807/807 863/863/863
f 806/806/806 863/863/863 862/862/862
f 807/807/807 808/808/808 864/864/864
f 807/807/807 864/864/864 863/863/863
f 808/808/808 809/809/809 865/865/865
f 808/808/808 865/865/865 864/864/864
f 809/809/809 810/810/810 866/866/866
f 809/809/809 866/866/866 865/865/865
f 810/810/810 811/811/811 867/867/867
f 810/810/810 867/867/867 866/866/866
f 811/811/811 812/812/812 868/868/868
f 811/811/811 868/868/868 867/867/867
f 812/812/812 813/813/813 869/869/869
f 812/812/812 869/869/869 868/868/868
f 813/813/813 814/814/814 870/870/870
f 813/813/813 870/870/870 869/869/869
f 814/814/814 815/815/815 871/871/871
f 814/814/814 871/871/871 870/870/870
f 815/815/815 816/816/816 872/872/872
f 815/815/815 872/872/872 871/871/871
f 816/816/816 817/817/817 873/873/873
f 816/816/816 873/873/873 872/872/872
f 817/817/817 818/818/818 874/874/874
f 817/817/817 874/874/874 873/873/873
f 818/818/818 819/819/819 875/875/875
f 818/818/818 875/875/875 874/874/874
f 819/819/819 820/820/820 876/876/876
f 819/819/819 876/876/876 875/875/875
f 820/820/820 821/821/821 877/877/877
f 820/820/820 877/877/877 876/876/876
f 821/821/821 822/822/822 878/878/878
f 821/821/821 878/878/878 877/877/877
f 822/822/822 823/823/823 879/879/879
f 822/822/822 879/879/879 878/878/878
f 823/823/823 824/824/824 880/880/880
f 823/823/823 880/880/880 879/879/879
f 824/824/824 825/825/825 881/881/881
f 824/824/824 881/881/881 880/880/880
f 825/825/825 826/826/826 882/882/882
f 825/825/825 882/882/882 881/881/881
f 826/826/826 827/827/827 883/883/883
f 826/826/826 883/883/883 882/882/882
f 827/827/827 828/828/828 884/884/884
f 827/827/827 884/884/884 883/883/883
f 828/828/828 829/829/829 885/885/885
f 828/828/828 885/885/885 884/884/884
f 829/829/829 830/830/830 886/886/886
f 829/829/829 886/886/886 885/885/885
f 830/830/830 831/831/831 887/887/887
f 830/830/830 887/887/887 886/886/886
f 831/831/831 832/832/832 888/888/888
f 831/831/831 888/888/888 887/887/887
f 832/832/832 833/833/833 889/889/889
f 832/832/832 889/889/889 888/888/888
f 833/833/833 834/834/834 890/890/890
f 833/833/833 890/890/890 889/889/889
f 834/834/834 835/835/835 891/891/891
f 834/834/834 891/891/891 890/890/890
f 835/835/835 836/836/836 892/892/892
f 835/835/835 892/892/892 891/891/891
f 836/836/836 837/837/837 893/893/893
f 836/836/836 893/893/893 892/892/892
f 837/837/837 838/838/838 894/894/894
f 837/837/837 894/894/894 893/893/893
f 838/838/838 839/839/839 895/895/895
f 838/838/838 895/895/895 894/894/894
f 839/839/839 840/840/840 896/896/896
f 839/839/839 896/896/896 895/895/895
f 840/840/840 785/785/785 841/841/841
f 840/840/840 841/841/841 896/896/896
f 841/841/841 842/842/842 898/898/898
f 841/841/841 898/898/898 897/897/897
f 842/842/842 843/843/843 899/899/899
f 842/842/842 899/899/899 898/898/898
f 843/843/843 844/844/844 900/900/900
f 843/843/843 900/900/900 899/899/899
f 844/844/844 845/845/845 901/901/901
f 844/844/844 901/901/901 900/900/900
f 845/845/845 846/846/846 902/902/902
f 845/845/845 902/902/902 901/901/901
f 846/846/846 847/847/847 903/903/903
f 846/846/846 903/903/903 902/902/902
f 847/847/847 848/848/848 904/904/904
f 847/847/847 904/904/904 903/903/903
f 848/848/848 849/849/849 905/905/905
f 848/848/848 905/905/905 904/904/904
f 849/849/849 850/850/850 906/906/906
f 849/849/849 906/906/906 905/905/905
f 850/850/850 851/851/851 907/907/907
f 850/850/850 907/907/907 906/906/906
f 851/851/851 852/852/852 908/908/908
f 851/851/851 908/908/908 907/907/907
f 852/852/852 853/853/853 909/909/909
f 852/852/852 909/909/909 908/908/908
f 853/853/853 854/854/854 910/910/910
f 853/853/853 910/910/910 909/909/909
f 854/854/854 855/855/855 911/911/911
f 854/854/854 911/911/911 910/910/910
f 855/855/855 856/856/856 912/912/912
f 855/855/855 912/912/912 911/911/911
f 856/856/856 857/857/857 913/913/913
f 856/856/856 913/913/913 912/912/912
f 857/857/857 858/858/858 914/914/914
f 857/857/857 914/914/914 913/913/913
f 858/858/858 859/859/859 915/915/915
f 858/858/858 915/915/915 914/914/914
f 859/859/859 860/860/860 916/916/916
f 859/859/859 916/916/916 915/915/915
f 860/860/860 861/861/861 917/917/917
f 860/860/860 917/917/917 916/916/916
f 861/861/861 862/862/862 918/918/918
f 861/861/861 918/918/918 917/917/917
f 862/862/862 863/863/863 919/919/919
f 862/862/862 919/919/919 918/918/918
f 863/863/863 864/864/864 920/920/920
f 863/863/863 920/920/920 919/919/919
f 864/864/864 865/865/865 921/921/921
f 864/864/864 921/921/921 920/920/920
f 865/865/865 866/866/866 922/922/922
f 865/865/865 922/922/922 921/921/921
f 866/866/866 867/867/867 923/923/923
f 866/866/866 923/923/923 922/922/922
f 867/867/867 868/868/868 924/924/924
f 867/867/867 924/924/924 923/923/923
f 868/868/868 869/869/869 925/925/925
f 868/868/868 925/925/925 924/924/924
f 869/869/869 870/870/870 926/926/926
f 869/869/869 926/926/926 925/925/925
f 870/870/870 871/871/871 927/927/927
f 870/870/870 927/927/927 926/926/926
f 871/871/871 872/872/872 928/928/928
f 871/871/871 928/928/928 927/927/927
f 872/872/872 873/873/873 929/929/929
f 872/872/872 929/929/929 928/928/928
f 873/873/873 874/874/874 930/930/930
f 873/873/873 930/930/930 929/929/929
f 874/874/874 875/875/875 931/931/931
f 874/874/874 931/931/931 930/930/930
f 875/875/875 876/876/876 932/932/932
f 875/875/875 932/932/932 931/931/931
f 876/876/876 877/877/877 933/933/933
f 876/876/876 933/933/933 932/932/932
f 877/877/877 878/878/878 934/934/934
f 877/877/877 934/934/934 933/933/933
f 878/878/878 879/879/879 935/935/935
f 878/878/878 935/935/935 934/934/934
f 879/879/879 880/880/880 936/936/936
f 879/879/879 936/936/936 935/935/935
f 880/880/880 881/881/881 937/937/937
f 880/880/880 937/937/937 936/936/936
f 881/881/881 882/882/882 938/938/938
f 881/881/881 938/938/938 937/937/937
f 882/882/882 883/883/883 939/939/939
f 882/882/882 939/939/939 938/938/938
f 883/883/883 884/884/884 940/940/940
f 883/883/883 940/940/940 939/939/939
f 884/884/884 885/885/885 941/941/941
f 884/884/884 941/941/941 940/940/940
f 885/885/885 886/886/886 942/942/942
f 885/885/885 942/942/942 941/941/941
f 886/886/886 887/887/887 943/943/943
f 886/886/886 943/943/943 942/942/942
f 887/887/887 888/888/888 944/944/944
f 887/887/887 944/944/944 943/943/943
f 888/888/888 889/889/889 945/945/945
f 888/888/888 945/945/945 944/944/944
f 889/889/889 890/890/890 946/946/946
f 889/889/889 946/946/946 945/945/945
f 890/890/890 891/891/891 947/947/947
f 890/890/890 947/947/947 946/946/946
f 891/891/891 892/892/892 948/948/948
f 891/891/891 948/948/948 947/947/947
f 892/892/892 893/893/893 949/949/949
f 892/892/892 949/949/949 948/948/948
f 893/893/893 894/894/894 950/950/950
f 893/893/893 950/950/950 949/949/949
f 894/894/894 895/895/895 951/951/951
f 894/894/894 951/951/951 950/950/950
f 895/895/895 896/896/896 952/952/952
f 895/895/895 952/952/952 951/951/951
f 896/896/896 841/841/841 897/897/897
f 896/896/896 897/897/897 952/952/952
f 897/897/897 898/898/898 954/954/954
f 897/897/897 954/954/954 953/953/953
f 898/898/898 899/899/899 955/955/955
f 898/898/898 955/955/955 954/954/954
f 899/899/899 900/900/900 956/956/956
f 899/899/899 956/956/956 955/955/955
f 900/900/900 901/901/901 957/957/957
f 900/900/900 957/957/957 956/956/956
f 901/901/901 902/902/902 958/958/958
f 901/901/901 958/958/958 957/957/957
f 902/902/902 903/903/903 959/959/959
f 902/902/902 959/959/959 958/958/958
f 903/903/903 904/904/904 960/960/960
f 903/903/903 960/960/960 959/959/959
f 904/904/904 905/905/905 961/961/961
f 904/904/904 961/961/961 960/960/960
f 905/905/905 906/906/906 962/962/962
f 905/905/905 962/962/962 961/961/961
f 906/906/906 907/907/907 963/963/963
f 906/906/906 963/963/963 962/962/962
f 907/907/907 908/908/908 964/964/964
f 907/907/907 964/964/964 963/963/963
f 908/908/908 909/909/909 965/965/965
f 908/908/908 965/965/965 964/964/964
f 909/909/909 910/910/910 966/966/966
f 909/909/909 966/966/966 965/965/965
f 910/910/910 911/911/911 967/967/967
f 910/910/910 967/967/967 966/966/966
f 911/911/911 912/912/912 968/968/968
f 911/911/911 968/968/968 967/967/967
f 912/912/912 913/913/913 969/969/969
f 912/912/912 969/969/969 968/968/968
f 913/913/913 914/914/914 970/970/970
f 913/913/913 970/970/970 969/969/969
f 914/914/914 915/915/915 971/971/971
f 914/914/914 971/971/971 970/970/970
f 915/915/915 916/916/916 972/972/972
f 915/915/915 972/972/972 971/971/971
f 916/916/916 917/917/917 973/973/973
f 916/916/916 973/973/973 972/972/972
f 917/917/917 918/918/918 974/974/974
f 917/917/917 974/974/974 973/973/973
f 918/918/918 919/919/919 975/975/975
f 918/918/918 975/975/975 974/974/974
f 919/919/919 920/920/920 976/976/976
f 919/919/919 976/976/976 975/975/975
f 920/920/920 921/921/921 977/977/977
f 920/920/920 977/977/977 976/976/976
f 921/921/921 922/922/922 978/978/978
f 921/921/921 978/978/978 977/977/977
f 922/922/922 923/923/923 979/979/979
f 922/922/922 979/979/979 978/978/978
f 923/923/923 924/924/924 980/980/980
f 923/923/923 980/980/980 979/979/979
f 924/924/924 925/925/925 981/981/981
f 924/924/924 981/981/981 980/980/980
f 925/925/925 926/926/926 982/982/982
f 925/925/925 982/982/982 981/981/981
f 926/926/926 927/927/927 983/983/983
f 926/926/926 983/983/983 982/982/982
f 927/927/927 928/928/928 984/984/984
f 927/927/927 984/984/984 983/983/983
f 928/928/928 929/929/929 985/985/985
f 928/928/928 985/985/985 984/984/984
f 929/929/929 930/930/930 986/986/986
f 929/929/929 986/986/986 985/985/985
f 930/930/930 931/931/931 987/987/987
f 930/930/930 987/987/987 986/986/986
f 931/931/931 932/932/932 988/988/988
f 931/931/931 988/988/988 987/987/987
f 932/932/932 933/933/933 989/989/989
f 932/932/932 989/989/989 988/988/988
f 933/933/933 934/934/934 990/990/990
f 933/933/933 990/990/990 989/989/989
f 934/934/934 935/935/935 991/991/991
f 934/934/934 991/991/991 990/990/990
f 935/935/935 936/936/936 992/992/992
f 935/935/935 992/992/992 991/991/991
f 936/936/936 937/937/937 993/993/993
f 936/936/936 993/993/993 992/992/992
f 937/937/937 938/938/938 994/994/994
f 937/937/937 994/994/994 993/993/993
f 938/938/938 939/939/939 995/995/995
f 938/938/938 995/995/995 994/994/994
f 939/939/939 940/940/940 996/996/996
f 939/939/939 996/996/996 995/995/995
f 940/940/940 941/941/941 997/997/997
f 940/940/940 997/997/997 996/996/996
f 941/941/941 942/942/942 998/998/998
f 941/941/941 998/998/998 997/997/997
f 942/942/942 943/943/943 999/999/999
f 942/942/942 999/999/999 998/998/998
f 943/943/943 944/944/944 1000/1000/1000
f 943/943/943 1000/1000/1000 999/999/999
f 944/944/944 945/945/945 1001/1001/1001
f 944/944/944 1001/1001/1001 1000/1000/1000
f 945/945/945 946/946/946 1002/1002/1002
f 945/945/945 1002/1002/1002 1001/1001/1001
f 946/946/946 947/947/947 1003/1003/1003
f 946/946/946 1003/1003/1003 1002/1002/1002
f 947/947/947 948/948/948 1004/1004/1004
f 947/947/947 1004/1004/1004 1003/1003/1003
f 948/948/948 949/949/949 1005/1005/1005
f 948/948/948 1005/1005/1005 1004/1004/1004
f 949/949/949 950/950/950 1006/1006/1006
f 949/949/949 1006/1006/1006 1005/1005/1005
f 950/950/950 951/951/951 1007/1007/1007
f 950/950/950 1007/1007/1007 1006/1006/1006
f 951/951/951 952/952/952 1008/1008/1008
f 951/951/951 1008/1008/1008 1007/1007/1007
f 952/952/952 897/897/897 953/953/953
f 952/952/952 953/953/953 1008/1008/1008
f 953/953/953 954/954/954 1010/1010/1010
f 953/953/953 1010/1010/1010 1009/1009/1009
f 954/954/954 955/955/955 1011/1011/1011
f 954/954/954 1011/1011/1011 1010/1010/1010
f 955/955/955 956/956/956 1012/1012/1012
f 955/955/955 1012/1012/1012 1011/1011/1011
f 956/956/956 957/957/957 1013/1013/1013
f 956/956/956 1013/1013/1013 1012/1012/1012
f 957/957/957 958/958/958 1014/1014/1014
f 957/957/957 1014/1014/1014 1013/1013/1013
f 958/958/958 959/959/959 1015/1015/1015
f 958/958/958 1015/1015/1015 1014/1014/1014
f 959/959/959 960/960/960 1016/1016/1016
f 959/959/959 1016/1016/1016 1015/1015/1015
f 960/960/960 961/961/961 1017/1017/1017
f 960/960/960 1017/1017/1017 1016/1016/1016
f 961/961/961 962/962/962 1018/1018/1018
f 961/961/961 1018/1018/1018 1017/1017/1017
f 962/962/962 963/963/963 1019/1019/1019
f 962/962/962 1019/1019/1019 1018/1018/1018
f 963/963/963 964/964/964 1020/1020/1020
f 963/963/963 1020/1020/1020 1019/1019/1019
f 964/964/964 965/965/965 1021/1021/1021
f 964/964/964 1021/1021/1021 1020/1020/1020
f 965/965/965 966/966/966 1022/1022/1022
f 965/965/965 1022/1022/1022 1021/1021/1021
f 966/966/966 967/967/967 1023/1023/1023
f 966/966/966 1023/1023/1023 1022/1022/1022
f 967/967/967 968/968/968 1024/1024/1024
f 967/967/967 1024/1024/1024 1023/1023/1023
f 968/968/968 969/969/969 1025/1025/1025
f 968/968/968 1025/1025/1025 1024/1024/1024
f 969/969/969 970/970/970 1026/1026/1026
f 969/969/969 1026/1026/1026 1025/1025/1025
f 970/970/970 971/971/971 1027/1027/1027
f 970/970/970 1027/1027/1027 1026/1026/1026
f 971/971/971 972/972/972 1028/1028/1028
f 971/971/971 1028/1028/1028 1027/1027/1027
f 972/972/972 973/973/973 1029/1029/1029
f 972/972/972 1029/1029/1029 1028/1028/1028
f 973/973/973 974/974/974 1030/1030/1030
f 973/973/973 1030/1030/1030 1029/1029/1029
f 974/974/974 975/975/975 1031/1031/1031
f 974/974/974 1031/1031/1031 1030/1030/1030
f 975/975/975 976/976/976 1032/1032/1032
f 975/975/975 1032/1032/1032 1031/1031/1031
f 976/976/976 977/977/977 1033/1033/1033
f 976/976/976 1033/1033/1033 1032/1032/1032
f 977/977/977 978/978/978 1034/1034/1034
f 977/977/977 1034/1034/1034 1033/1033/1033
f 978/978/978 979/979/979 1035/1035/1035
f 978/978/978 1035/1035/1035 1034/1034/1034
f 979/979/979 980/980/980 1036/1036/1036
f 979/979/979 1036/1036/1036 1035/1035/1035
f 980/980/980 981/981/981 1037/1037/1037
f 980/980/980 1037/1037/1037 1036/1036/1036
f 981/981/981 982/982/982 1038/1038/1038
f 981/981/981 1038/1038/1038 1037/1037/1037
f 982/982/982 983/983/983 1039/1039/1039
f 982/982/982 1039/1039/1039 1038/1038/1038
f 983/983/983 984/984/984 1040/1040/1040
f 983/983/983 1040/1040/1040 1039/1039/1039
f 984/984/984 985/985/985 1041/1041/1041
f 984/984/984 1041/1041/1041 1040/1040/1040
f 985/985/985 986/986/986 1042/1042/1042
f 985/985/985 1042/1042/1042 1041/1041/1041
f 986/986/986 987/987/987 1043/1043/1043
f 986/986/986 1043/1043/1043 1042/1042/1042
f 987/987/987 988/988/988 1044/1044/1044
f 987/987/987 1044/1044/1044 1043/1043/1043
f 988/988/988 989/989/989 1045/1045/1045
f 988/988/988 1045/1045/1045 1044/1044/1044
f 989/989/989 990/990/990 1046/1046/1046
f 989/989/989 1046/1046/1046 1045/1045/1045
f 990/990/990 991/991/991 1047/1047/1047
f 990/990/990 1047/1047/1047 1046/1046/1046
f 991/991/991 992/992/992 1048/1048/1048
f 991/991/991 1048/1048/1048 1047/1047/1047
f 992/992/992 993/993/993 1049/1049/1049
f 992/992/992 1049/1049/1049 1048/1048/1048
f 993/993/993 994/994/994 1050/1050/1050
f 993/993/993 1050/1050/1050 1049/1049/1049
f 994/994/994 995/995/995 1051/1051/1051
f 994/994/994 1051/1051/1051 1050/1050/1050
f 995/995/995 996/996/996 1052/1052/1052
f 995/995/995 1052/1052/1052 1051/1051/1051
f 996/996/996 997/997/997 1053/1053/1053
f 996/996/996 1053/1053/1053 1052/1052/1052
f 997/997/997 998/998/998 1054/1054/1054
f 997/997/997 1054/1054/1054 1053/1053/1053
f 998/998/998 999/999/999 1055/1055/1055
f 998/998/998 1055/1055/1055 1054/1054/1054
f 999/999/999 1000/1000/1000 1056/1056/1056
f 999/999/999 1056/1056/1056 1055/1055/1055
f 1000/1000/1000 1001/1001/1001 1057/1057/1057
f 1000/1000/1000 1057/1057/1057 1056/1056/1056
f 1001/1001/1001 1002/1002/1002 1058/1058/1058
f 1001/1001/1001 1058/1058/1058 1057/1057/1057
f 1002/1002/1002 1003/1003/1003 1059/1059/1059
f 1002/1002/1002 1059/1059/1059 1058/1058/1058
f 1003/1003/1003 1004/1004/1004 1060/1060/1060
f 1003/1003/1003 1060/1060/1060 1059/1059/1059
f 1004/1004/1004 1005/1005/1005 1061/1061/1061
f 1004/1004/1004 1061/1061/1061 1060/1060/1060
f 1005/1005/1005 1006/1006/1006 1062/1062/1062
f 1005/1005/1005 1062/1062/1062 1061/1061/1061
f 1006/1006/1006 1007/1007/1007 1063/1063/1063
f 1006/1006/1006 1063/1063/1063 1062/1062/1062
f 1007/1007/1007 1008/1008/1008 1064/1064/1064
f 1007/1007/1007 1064/1064/1064 1063/1063/1063
f 1008/1008/1008 953/953/953 1009/1009/1009
f 1008/1008/1008 1009/1009/1009 1064/1064/1064
f 1009/1009/1009 1010/1010/1010 1066/1066/1066
f 1009/1009/1009 1066/1066/1066 1065/1065/1065
f 1010/1010/1010 1011/1011/1011 1067/1067/1067
f 1010/1010/1010 1067/1067/1067 1066/1066/1066
f 1011/1011/1011 1012/1012/1012 1068/1068/1068
f 1011/1011/1011 1068/1068/1068 1067/1067/1067
f 1012/1012/1012 1013/1013/1013 1069/1069/1069
f 1012/1012/1012 1069/1069/1069 1068/1068/1068
f 1013/1013/1013 1014/1014/1014 1070/1070/1070
f 1013/1013/1013 1070/1070/1070 1069/1069/1069
f 1014/1014/1014 1015/1015/1015 1071/1071/1071
f 1014/1014/1014 1071/1071/1071 1070/1070/1070
f 1015/1015/1015 1016/1016/1016 1072/1072/1072
f 1015/1015/1015 1072/1072/1072 1071/1071/1071
f 1016/1016/1016 1017/1017/1017 1073/1073/1073
f 1016/1016/1016 1073/1073/1073 1072/1072/1072
f 1017/1017/1017 1018/1018/1018 1074/1074/1074
f 1017/1017/1017 1074/1074/1074 1073/1073/1073
f 1018/1018/1018 1019/1019/1019 1075/1075/1075
f 1018/1018/1018 1075/1075/1075 1074/1074/1074
f 1019/1019/1019 1020/1020/1020 1076/1076/1076
f 1019/1019/1019 1076/1076/1076 1075/1075/1075
f 1020/1020/1020 1021/1021/1021 1077/1077/1077
f 1020/1020/1020 1077/1077/1077 1076/1076/1076
f 1021/1021/1021 1022/1022/1022 1078/1078/1078
f 1021/1021/1021 1078/1078/1078 1077/1077/1077
f 1022/1022/1022 1023/1023/1023 1079/1079/1079
f 1022/1022/1022 1079/1079/1079 1078/1078/1078
f 1023/1023/1023 1024/1024/1024 1080/1080/1080
f 1023/1023/1023 1080/1080/1080 1079/1079/1079
f 1024/1024/1024 1025/1025/1025 1081/1081/1081
f 1024/1024/1024 1081/1081/1081 1080/1080/1080
f 1025/1025/1025 1026/1026/1026 1082/1082/1082
f 1025/1025/1025 1082/1082/1082 1081/1081/1081
f 1026/1026/1026 1027/1027/1027 1083/1083/1083
f 1026/1026/1026 1083/1083/1083 1082/1082/1082
f 1027/1027/1027 1028/1028/1028 1084/1084/1084
f 1027/1027/1027 1084/1084/1084 1083/1083/1083
f 1028/1028/1028 1029/1029/1029 1085/1085/1085
f 1028/1028/1028 1085/1085/1085 1084/1084/1084
f 1029/1029/1029 1030/1030/1030 1086/1086/1086
f 1029/1029/1029 1086/1086/1086 1085/1085/1085
f 1030/1030/1030 1031/1031/1031 1087/1087/1087
f 1030/1030/1030 1087/1087/1087 1086/1086/1086
f 1031/1031/1031 1032/1032/1032 1088/1088/1088
f 1031/1031/1031 1088/1088/1088 1087/1087/1087
f 1032/1032/1032 1033/1033/1033 1089/1089/1089
f 1032/1032/1032 1089/1089/1089 1088/1088/1088
f 1033/1033/1033 1034/1034/1034 1090/1090/1090
f 1033/1033/1033 1090/1090/1090 1089/1089/1089
f 1034/1034/1034 1035/1035/1035 1091/1091/1091
f 1034/1034/1034 1091/1091/1091 1090/1090/1090
f 1035/1035/1035 1036/1036/1036 1092/1092/1092
f 1035/1035/1035 1092/1092/1092 1091/1091/1091
f 1036/1036/1036 1037/1037/1037 1093/1093/1093
f 1036/1036/1036 1093/1093/1093 1092/1092/1092
f 1037/1037/1037 1038/1038/1038 1094/1094/1094
f 1037/1037/1037 1094/1094/1094 1093/1093/1093
f 1038/1038/1038 1039/1039/1039 1095/1095/1095
f 1038/1038/1038 1095/1095/1095 1094/1094/1094
f 1039/1039/1039 1040/1040/1040 1096/1096/1096
f 1039/1039/1039 1096/1096/1096 1095/1095/1095
f 1040/1040/1040 1041/1041/1041 1097/1097/1097
f 1040/1040/1040 1097/1097/1097 1096/1096/1096
f 1041/1041/1041 1042/1042/1042 1098/1098/1098
f 1041/1041/1041 1098/1098/1098 1097/1097/1097
f 1042/1042/1042 1043/1043/1043 1099/1099/1099
f 1042/1042/1042 1099/1099/1099 1098/1098/1098
f 1043/1043/1043 1044/1044/1044 1100/1100/1100
f 1043/1043/1043 1100/1100/1100 1099/1099/1099
f 1044/1044/1044 1045/1045/1045 1101/1101/1101
f 1044/1044/1044 1101/1101/1101 1100/1100/1100
f 1045/1045/1045 1046/1046/1046 1102/1102/1102
f 1045/1045/1045 1102/1102/1102 1101/1101/1101
f 1046/1046/1046 1047/1047/1047 1103/1103/1103
f 1046/1046/1046 1103/1103/1103 1102/1102/1102
f 1047/1047/1047 1048/1048/1048 1104/1104/1104
f 1047/1047/1047 1104/1104/1104 1103/1103/1103
f 1048/1048/1048 1049/1049/1049 1105/1105/1105
f 1048/1048/1048 1105/1105/1105 1104/1104/1104
f 1049/1049/1049 1050/1050/1050 1106/1106/1106
f 1049/1049/1049 1106/1106/1106 1105/1105/1105
f 1050/1050/1050 1051/1051/1051 1107/1107/1107
f 1050/1050/1050 1107/1107/1107 1106/1106/1106
f 1051/1051/1051 1052/1052/1052 1108/1108/1108
f 1051/1051/1051 1108/1108/1108 1107/1107/1107
f 1052/1052/1052 1053/1053/1053 1109/1109/1109
f 1052/1052/1052 1109/1109/1109 1108/1108/1108
f 1053/1053/1053 1054/1054/1054 1110/1110/1110
f 1053/1053/1053 1110/1110/1110 1109/1109/1109
f 1054/1054/1054 1055/1055/1055 1111/1111/1111
f 1054/1054/1054 1111/1111/1111 1110/1110/1110
f 1055/1055/1055 1056/1056/1056 1112/1112/1112
f 1055/1055/1055 1112/1112/1112 1111/1111/1111
f 1056/1056/1056 1057/1057/1057 1113/1113/1113
f 1056/1056/1056 1113/1113/1113 1112/1112/1112
f 1057/1057/1057 1058/1058/1058 1114/1114/1114
f 1057/1057/1057 1114/1114/1114 1113/1113/1113
f 1058/1058/1058 1059/1059/1059 1115/1115/1115
f 1058/1058/1058 1115/1115/1115 1114/1114/1114
f 1059/1059/1059 1060/1060/1060 1116/1116/1116
f 1059/1059/1059 1116/1116/1116 1115/1115/1115
f 1060/1060/1060 1061/1061/1061 1117/1117/1117
f 1060/1060/1060 1117/1117/1117 1116/1116/1116
f 1061/1061/1061 1062/1062/1062 1118/1118/1118
f 1061/1061/1061 1118/1118/1118 1117/1117/1117
f 1062/1062/1062 1063/1063/1063 1119/1119/1119
f 1062/1062/1062 1119/1119/1119 1118/1118/1118
f 1063/1063/1063 1064/1064/1064 1120/1120/1120
f 1063/1063/1063 1120/1120/1120 1119/1119/1119
f 1064/1064/1064 1009/1009/1009 1065/1065/1065
f 1064/1064/1064 1065/1065/1065 1120/1120/1120
f 1065/1065/1065 1066/1066/1066 1122/1122/1122
f 1065/1065/1065 1122/1122/1122 1121/1121/1121
f 1066/1066/1066 1067/1067/1067 1123/1123/1123
f 1066/1066/1066 1123/1123/1123 1122/1122/1122
f 1067/1067/1067 1068/1068/1068 1124/1124/1124
f 1067/1067/1067 1124/1124/1124 1123/1123/1123
f 1068/1068/1068 1069/1069/1069 1125/1125/1125
f 1068/1068/1068 1125/1125/1125 1124/1124/1124
f 1069/1069/1069 1070/1070/1070 1126/1126/1126
f 1069/1069/1069 1126/1126/1126 1125/1125/1125
f 1070/1070/1070 1071/1071/1071 1127/1127/1127
f 1070/1070/1070 1127/1127/1127 1126/1126/1126
f 1071/1071/1071 1072/1072/1072 1128/1128/1128
f 1071/1071/1071 1128/1128/1128 1127/1127/1127
f 1072/1072/1072 1073/1073/1073 1129/1129/1129
f 1072/1072/1072 1129/1129/1129 1128/1128/1128
f 1073/1073/1073 1074/1074/1074 1130/1130/1130
f 1073/1073/1073 1130/1130/1130 1129/1129/1129
f 1074/1074/1074 1075/1075/1075 1131/1131/1131
f 1074/1074/1074 1131/1131/1131 1130/1130/1130
f 1075/1075/1075 1076/1076/1076 1132/1132/1132
f 1075/1075/1075 1132/1132/1132 1131/1131/1131
f 1076/1076/1076 1077/1077/1077 1133/1133/1133
f 1076/1076/1076 1133/1133/1133 1132/1132/1132
f 1077/1077/1077 1078/1078/1078 1134/1134/1134
f 1077/1077/1077 1134/1134/1134 1133/1133/1133
f 1078/1078/1078 1079/1079/1079 1135/1135/1135
f 1078/1078/1078 1135/1135/1135 1134/1134/1134
f 1079/1079/1079 1080/1080/1080 1136/1136/1136
f 1079/1079/1079 1136/1136/1136 1135/1135/1135
f 1080/1080/1080 1081/1081/1081 1137/1137/1137
f 1080/1080/1080 1137/1137/1137 1136/1136/1136
f 1081/1081/1081 1082/1082/1082 1138/1138/1138
f 1081/1081/1081 1138/1138/1138 1137/1137/1137
f 1082/1082/1082 1083/1083/1083 1139/1139/1139
f 1082/1082/1082 1139/1139/1139 1138/1138/1138
f 1083/1083/1083 1084/1084/1084 1140/1140/1140
f 1083/1083/1083 1140/1140/1140 1139/1139/1139
f 1084/1084/1084 1085/1085/1085 1141/1141/1141
f 1084/1084/1084 1141/1141/1141 1140/1140/1140
f 1085/1085/1085 1086/1086/1086 1142/1142/1142
f 1085/1085/1085 1142/1142/1142 1141/1141/1141
f 1086/1086/1086 1087/1087/1087 1143/1143/1143
f 1086/1086/1086 1143/1143/1143 1142/1142/1142
f 1087/1087/1087 1088/1088/1088 1144/1144/1144
f 1087/1087/1087 1144/1144/1144 1143/1143/1143
f 1088/1088/1088 1089/1089/1089 1145/1145/1145
f 1088/1088/1088 1145/1145/1145 1144/1144/1144
f 1089/1089/1089 1090/1090/1090 1146/1146/1146
f 1089/1089/1089 1146/1146/1146 1145/1145/1145
f 1090/1090/1090 1091/1091/1091 1147/1147/1147
f 1090/1090/1090 1147/1147/1147 1146/1146/1146
f 1091/1091/1091 1092/1092/1092 1148/1148/1148
f 1091/1091/1091 1148/1148/1148 1147/1147/1147
f 1092/1092/1092 1093/1093/1093 1149/1149/1149
f 1092/1092/1092 1149/1149/1149 1148/1148/1148
f 1093/1093/1093 1094/1094/1094 1150/1150/1150
f 1093/1093/1093 1150/1150/1150 1149/1149/1149
f 1094/1094/1094 1095/1095/1095 1151/1151/1151
f 1094/1094/1094 1151/1151/1151 1150/1150/1150
f 1095/1095/1095 1096/1096/1096 1152/1152/1152
f 1095/1095/1095 1152/1152/1152 1151/1151/1151
f 1096/1096/1096 1097/1097/1097 1153/1153/1153
f 1096/1096/1096 1153/1153/1153 1152/1152/1152
f 1097/1097/1097 1098/1098/1098 1154/1154/1154
f 1097/1097/1097 1154/1154/1154 1153/1153/1153
f 1098/1098/1098 1099/1099/1099 1155/1155/1155
f 1098/1098/1098 1155/1155/1155 1154/1154/1154
f 1099/1099/1099 1100/1100/1100 1156/1156/1156
f 1099/1099/1099 1156/1156/1156 1155/1155/1155
f 1100/1100/1100 1101/1101/1101 1157/1157/1157
f 1100/1100/1100 1157/1157/1157 1156/1156/1156
f 1101/1101/1101 1102/1102/1102 1158/1158/1158
f 1101/1101/1101 1158/1158/1158 1157/1157/1157
f 1102/1102/1102 1103/1103/1103 1159/1159/1159
f 1102/1102/1102 1159/1159/1159 1158/1158/1158
f 1103/1103/1103 1104/1104/1104 1160/1160/1160
f 1103/1103/1103 1160/1160/1160 1159/1159/1159
f 1104/1104/1104 1105/1105/1105 1161/1161/1161
f 1104/1104/1104 1161/1161/1161 1160/1160/1160
f 1105/1105/1105 1106/1106/1106 1162/1162/1162
f 1105/1105/1105 1162/1162/1162 1161/1161/1161
f 1106/1106/1106 1107/1107/1107 1163/1163/1163
f 1106/1106/1106 1163/1163/1163 1162/1162/1162
f 1107/1107/1107 1108/1108/1108 1164/1164/1164
f 1107/1107/1107 1164/1164/1164 1163/1163/1163
f 1108/1108/1108 1109/1109/1109 1165/1165/1165
f 1108/1108/1108 1165/1165/1165 1164/1164/1164
f 1109/1109/1109 1110/1110/1110 1166/1166/1166
f 1109/1109/1109 1166/1166/1166 1165/1165/1165
f 1110/1110/1110 1111/1111/1111 1167/1167/1167
f 1110/1110/1110 1167/1167/1167 1166/1166/1166
f 1111/1111/1111 1112/1112/1112 1168/1168/1168
f 1111/1111/1111 1168/1168/1168 1167/1167/1167
f 1112/1112/1112 1113/1113/1113 1169/1169/1169
f 1112/1112/1112 1169/1169/1169 1168/1168/1168
f 1113/1113/1113 1114/1114/1114 1170/1170/1170
f 1113/1113/1113 1170/1170/1170 1169/1169/1169
f 1114/1114/1114 1115/1115/1115 1171/1171/1171
f 1114/1114/1114 1171/1171/1171 1170/1170/1170
f 1115/1115/1115 1116/1116/1116 1172/1172/1172
f 1115/1115/1115 1172/1172/1172 1171/1171/1171
f 1116/1116/1116 1117/1117/1117 1173/1173/1173
f 1116/1116/1116 1173/1173/1173 1172/1172/1172
f 1117/1117/1117 1118/1118/1118 1174/1174/1174
f 1117/1117/1117 1174/1174/1174 1173/1173/1173
f 1118/1118/1118 1119/1119/1119 1175/1175/1175
f 1118/1118/1118 1175/1175/1175 1174/1174/1174
f 1119/1119/1119 1120/1120/1120 1176/1176/1176
f 1119/1119/1119 1176/1176/1176 1175/1175/1175
f 1120/1120/1120 1065/1065/1065 1121/1121/1121
f 1120/1120/1120 1121/1121/1121 1176/1176/1176
f 1121/1121/1121 1122/1122/1122 1178/1178/1178
f 1121/1121/1121 1178/1178/1178 1177/1177/1177
f 1122/1122/1122 1123/1123/1123 1179/1179/1179
f 1122/1122/1122 1179/1179/1179 1178/1178/1178
f 1123/1123/1123 1124/1124/1124 1180/1180/1180
f 1123/1123/1123 1180/1180/1180 1179/1179/1179
f 1124/1124/1124 1125/1125/1125 1181/1181/1181
f 1124/1124/1124 1181/1181/1181 1180/1180/1180
f 1125/1125/1125 1126/1126/1126 1182/1182/1182
f 1125/1125/1125 1182/1182/1182 1181/1181/1181
f 1126/1126/1126 1127/1127/1127 1183/1183/1183
f 1126/1126/1126 1183/1183/1183 1182/1182/1182
f 1127/1127/1127 1128/1128/1128 1184/1184/1184
f 1127/1127/1127 1184/1184/1184 1183/1183/1183
f 1128/1128/1128 1129/1129/1129 1185/1185/1185
f 1128/1128/1128 1185/1185/1185 1184/1184/1184
f 1129/1129/1129 1130/1130/1130 1186/1186/1186
f 1129/1129/1129 1186/1186/1186 1185/1185/1185
f 1130/1130/1130 1131/1131/1131 1187/1187/1187
f 1130/1130/1130 1187/1187/1187 1186/1186/1186
f 1131/1131/1131 1132/1132/1132 1188/1188/1188
f 1131/1131/1131 1188/1188/1188 1187/1187/1187
f 1132/1132/1132 1133/1133/1133 1189/1189/1189
f 1132/1132/1132 1189/1189/1189 1188/1188/1188
f 1133/1133/1133 1134/1134/1134 1190/1190/1190
f 1133/1133/1133 1190/1190/1190 1189/1189/1189
f 1134/1134/1134 1135/1135/1135 1191/1191/1191
f 1134/1134/1134 1191/1191/1191 1190/1190/1190
f 1135/1135/1135 1136/1136/1136 1192/1192/1192
f 1135/1135/1135 1192/1192/1192 1191/1191/1191
f 1136/1136/1136 1137/1137/1137 1193/1193/1193
f 1136/1136/1136 1193/1193/1193 1192/1192/1192
f 1137/1137/1137 1138/1138/1138 1194/1194/1194
f 1137/1137/1137 1194/1194/1194 1193/1193/1193
f 1138/1138/1138 1139/1139/1139 1195/1195/1195
f 1138/1138/1138 1195/1195/1195 1194/1194/1194
f 1139/1139/1139 1140/1140/1140 1196/1196/1196
f 1139/1139/1139 1196/1196/1196 1195/1195/1195
f 1140/1140/1140 1141/1141/1141 1197/1197/1197
f 1140/1140/1140 1197/1197/1197 1196/1196/1196
f 1141/1141/1141 1142/1142/1142 1198/1198/1198
f 1141/1141/1141 1198/1198/1198 1197/1197/1197
f 1142/1142/1142 1143/1143/1143 1199/1199/1199
f 1142/1142/1142 1199/1199/1199 1198/1198/1198
f 1143/1143/1143 1144/1144/1144 1200/1200/1200
f 1143/1143/1143 1200/1200/1200 1199/1199/1199
f 1144/1144/1144 1145/1145/1145 1201/1201/1201
f 1144/1144/1144 1201/1201/1201 1200/1200/1200
f 1145/1145/1145 1146/1146/1146 1202/1202/1202
f 1145/1145/1145 1202/1202/1202 1201/1201/1201
f 1146/1146/1146 1147/1147/1147 1203/1203/1203
f 1146/1146/1146 1203/1203/1203 1202/1202/1202
f 1147/1147/1147 1148/1148/1148 1204/1204/1204
f 1147/1147/1147 1204/1204/1204 1203/1203/1203
f 1148/1148/1148 1149/1149/1149 1205/1205/1205
f 1148/1148/1148 1205/1205/1205 1204/1204/1204
f 1149/1149/1149 1150/1150/1150 1206/1206/1206
f 1149/1149/1149 1206/1206/1206 1205/1205/1205
f 1150/1150/1150 1151/1151/1151 1207/1207/1207
f 1150/1150/1150 1207/1207/1207 1206/1206/1206
f 1151/1151/1151 1152/1152/1152 1208/1208/1208
f 1151/1151/1151 1208/1208/1208 1207/1207/1207
f 1152/1152/1152 1153/1153/1153 1209/1209/1209
f 1152/1152/1152 1209/1209/1209 1208/1208/1208
f 1153/1153/1153 1154/1154/1154 1210/1210/1210
f 1153/1153/1153 1210/1210/1210 1209/1209/1209
f 1154/1154/1154 1155/1155/1155 1211/1211/1211
f 1154/1154/1154 1211/1211/1211 1210/1210/1210
f 1155/1155/1155 1156/1156/1156 1212/1212/1212
f 1155/1155/1155 1212/1212/1212 1211/1211/1211
f 1156/1156/1156 1157/1157/1157 1213/1213/1213
f 1156/1156/1156 1213/1213/1213 1212/1212/1212
f 1157/1157/1157 1158/1158/1158 1214/1214/1214
f 1157/1157/1157 1214/1214/1214 1213/1213/1213
f 1158/1158/1158 1159/1159/1159 1215/1215/1215
f 1158/1158/1158 1215/1215/1215 1214/1214/1214
f 1159/1159/1159 1160/1160/1160 1216/1216/1216
f 1159/1159/1159 1216/1216/1216 1215/1215/1215
f 1160/1160/1160 1161/1161/1161 1217/1217/1217
f 1160/1160/1160 1217/1217/1217 1216/1216/1216
f 1161/1161/1161 1162/1162/1162 1218/1218/1218
f 1161/1161/1161 1218/1218/1218 1217/1217/1217
f 1162/1162/1162 1163/1163/1163 1219/1219/1219
f 1162/1162/1162 1219/1219/1219 1218/1218/1218
f 1163/1163/1163 1164/1164/1164 1220/1220/1220
f 1163/1163/1163 1220/1220/1220 1219/1219/1219
f 1164/1164/1164 1165/1165/1165 1221/1221/1221
f 1164/1164/1164 1221/1221/1221 1220/1220/1220
f 1165/1165/1165 1166/1166/1166 1222/1222/1222
f 1165/1165/1165 1222/1222/1222 1221/1221/1221
f 1166/1166/1166 1167/1167/1167 1223/1223/1223
f 1166/1166/1166 1223/1223/1223 1222/1222/1222
f 1167/1167/1167 1168/1168/1168 1224/1224/1224
f 1167/1167/1167 1224/1224/1224 1223/1223/1223
f 1168/1168/1168 1169/1169/1169 1225/1225/1225
f 1168/1168/1168 1225/1225/1225 1224/1224/1224
f 1169/1169/1169 1170/1170/1170 1226/1226/1226
f 1169/1169/1169 1226/1226/1226 1225/1225/1225
f 1170/1170/1170 1171/1171/1171 1227/1227/1227
f 1170/1170/1170 1227/1227/1227 1226/1226/1226
f 1171/1171/1171 1172/1172/1172 1228/1228/1228
f 1171/1171/1171 1228/1228/1228 1227/1227/1227
f 1172/1172/1172 1173/1173/1173 1229/1229/1229
f 1172/1172/1172 1229/1229/1229 1228/1228/1228
f 1173/1173/1173 1174/1174/1174 1230/1230/1230
f 1173/1173/1173 1230/1230/1230 1229/1229/1229
f 1174/1174/1174 1175/1175/1175 1231/1231/1231
f 1174/1174/1174 1231/1231/1231 1230/1230/1230
f 1175/1175/1175 1176/1176/1176 1232/1232/1232
f 1175/1175/1175 1232/1232/1232 1231/1231/1231
f 1176/1176/1176 1121/1121/1121 1177/1177/1177
f 1176/1176/1176 1177/1177/1177 1232/1232/1232
f 1177/1177/1177 1178/1178/1178 1234/1234/1234
f 1177/1177/1177 1234/1234/1234 1233/1233/1233
f 1178/1178/1178 1179/1179/1179 1235/1235/1235
f 1178/1178/1178 1235/1235/1235 1234/1234/1234
f 1179/1179/1179 1180/1180/1180 1236/1236/1236
f 1179/1179/1179 1236/1236/1236 1235/1235/1235
f 1180/1180/1180 1181/1181/1181 1237/1237/1237
f 1180/1180/1180 1237/1237/1237 1236/1236/1236
f 1181/1181/1181 1182/1182/1182 1238/1238/1238
f 1181/1181/1181 1238/1238/1238 1237/1237/1237
f 1182/1182/1182 1183/1183/1183 1239/1239/1239
f 1182/1182/1182 1239/1239/1239 1238/1238/1238
f 1183/1183/1183 1184/1184/1184 1240/1240/1240
f 1183/1183/1183 1240/1240/1240 1239/1239/1239
f 1184/1184/1184 1185/1185/1185 1241/1241/1241
f 1184/1184/1184 1241/1241/1241 1240/1240/1240
f 1185/1185/1185 1186/1186/1186 1242/1242/1242
f 1185/1185/1185 1242/1242/1242 1241/1241/1241
f 1186/1186/1186 1187/1187/1187 1243/1243/1243
f 1186/1186/1186 1243/1243/1243 1242/1242/1242
f 1187/1187/1187 1188/1188/1188 1244/1244/1244
f 1187/1187/1187 1244/1244/1244 1243/1243/1243
f 1188/1188/1188 1189/1189/1189 1245/1245/1245
f 1188/1188/1188 1245/1245/1245 1244/1244/1244
f 1189/1189/1189 1190/1190/1190 1246/1246/1246
f 1189/1189/1189 1246/1246/1246 1245/1245/1245
f 1190/1190/1190 1191/1191/1191 1247/1247/1247
f 1190/1190/1190 1247/1247/1247 1246/1246/1246
f 1191/1191/1191 1192/1192/1192 1248/1248/1248
f 1191/1191/1191 1248/1248/1248 1247/1247/1247
f 1192/1192/1192 1193/1193/1193 1249/1249/1249
f 1192/1192/1192 1249/1249/1249 1248/1248/1248
f 1193/1193/1193 1194/1194/1194 1250/1250/1250
f 1193/1193/1193 1250/1250/1250 1249/1249/1249
f 1194/1194/1194 1195/1195/1195 1251/1251/1251
f 1194/1194/1194 1251/1251/1251 1250/1250/1250
f 1195/1195/1195 1196/1196/1196 1252/1252/1252
f 1195/1195/1195 1252/1252/1252 1251/1251/1251
f 1196/1196/1196 1197/1197/1197 1253/1253/1253
f 1196/1196/1196 1253/1253/1253 1252/1252/1252
f 1197/1197/1197 1198/1198/1198 1254/1254/1254
f 1197/1197/1197 1254/1254/1254 1253/1253/1253
f 1198/1198/1198 1199/1199/1199 1255/1255/1255
f 1198/1198/1198 1255/1255/1255 1254/1254/1254
f 1199/1199/1199 1200/1200/1200 1256/1256/1256
f 1199/1199/1199 1256/1256/1256 1255/1255/1255
f 1200/1200/1200 1201/1201/1201 1257/1257/1257
f 1200/1200/1200 1257/1257/1257 1256/1256/1256
f 1201/1201/1201 1202/1202/1202 1258/1258/1258
f 1201/1201/1201 1258/1258/1258 1257/1257/1257
f 1202/1202/1202 1203/1203/1203 1259/1259/1259
f 1202/1202/1202 1259/1259/1259 1258/1258/1258
f 1203/1203/1203 1204/1204/1204 1260/1260/1260
f 1203/1203/1203 1260/1260/1260 1259/1259/1259
f 1204/1204/1204 1205/1205/1205 1261/1261/1261
f 1204/1204/1204 1261/1261/1261 1260/1260/1260
f 1205/1205/1205 1206/1206/1206 1262/1262/1262
f 1205/1205/1205 1262/1262/1262 1261/1261/1261
f 1206/1206/1206 1207/1207/1207 1263/1263/1263
f 1206/1206/1206 1263/1263/1263 1262/1262/1262
f 1207/1207/1207 1208/1208/1208 1264/1264/1264
f 1207/1207/1207 1264/1264/1264 1263/1263/1263
f 1208/1208/1208 1209/1209/1209 1265/1265/1265
f 1208/1208/1208 1265/1265/1265 1264/1264/1264
f 1209/1209/1209 1210/1210/1210 1266/1266/1266
f 1209/1209/1209 1266/1266/1266 1265/1265/1265
f 1210/1210/1210 1211/1211/1211 1267/1267/1267
f 1210/1210/1210 1267/1267/1267 1266/1266/1266
f 1211/1211/1211 1212/1212/1212 1268/1268/1268
f 1211/1211/1211 1268/1268/1268 1267/1267/1267
f 1212/1212/1212 1213/1213/1213 1269/1269/1269
f 1212/1212/1212 1269/1269/1269 1268/1268/1268
f 1213/1213/1213 1214/1214/1214 1270/1270/1270
f 1213/1213/1213 1270/1270/1270 1269/1269/1269
f 1214/1214/1214 1215/1215/1215 1271/1271/1271
f 1214/1214/1214 1271/1271/1271 1270/1270/1270
f 1215/1215/1215 1216/1216/1216 1272/1272/1272
f 1215/1215/1215 1272/1272/1272 1271/1271/1271
f 1216/1216/1216 1217/1217/1217 1273/1273/1273
f 1216/1216/1216 1273/1273/1273 1272/1272/1272
f 1217/1217/1217 1218/1218/1218 1274/1274/1274
f 1217/1217/1217 1274/1274/1274 1273/1273/1273
f 1218/1218/1218 1219/1219/1219 1275/1275/1275
f 1218/1218/1218 1275/1275/1275 1274/1274/1274
f 1219/1219/1219 1220/1220/1220 1276/1276/1276
f 1219/1219/1219 1276/1276/1276 1275/1275/1275
f 1220/1220/1220 1221/1221/1221 1277/1277/1277
f 1220/1220/1220 1277/1277/1277 1276/1276/1276
f 1221/1221/1221 1222/1222/1222 1278/1278/1278
f 1221/1221/1221 1278/1278/1278 1277/1277/1277
f 1222/1222/1222 1223/1223/1223 1279/1279/1279
f 1222/1222/1222 1279/1279/1279 1278/1278/1278
f 1223/1223/1223 1224/1224/1224 1280/1280/1280
f 1223/1223/1223 1280/1280/1280 1279/1279/1279
f 1224/1224/1224 1225/1225/1225 1281/1281/1281
f 1224/1224/1224 1281/1281/1281 1280/1280/1280
f 1225/1225/1225 1226/1226/1226 1282/1282/1282
f 1225/1225/1225 1282/1282/1282 1281/1281/1281
f 1226/1226/1226 1227/1227/1227 1283/1283/1283
f 1226/1226/1226 1283/1283/1283 1282/1282/1282
f 1227/1227/1227 1228/1228/1228 1284/1284/1284
f 1227/1227/1227 1284/1284/1284 1283/1283/1283
f 1228/1228/1228 1229/1229/1229 1285/1285/1285
f 1228/1228/1228 1285/1285/1285 1284/1284/1284
f 1229/1229/1229 1230/1230/1230 1286/1286/1286
f 1229/1229/1229 1286/1286/1286 1285/1285/1285
f 1230/1230/1230 1231/1231/1231 1287/1287/1287
f 1230/1230/1230 1287/1287/1287 1286/1286/1286
f 1231/1231/1231 1232/1232/1232 1288/1288/1288
f 1231/1231/1231 1288/1288/1288 1287/1287/1287
f 1232/1232/1232 1177/1177/1177 1233/1233/1233
f 1232/1232/1232 1233/1233/1233 1288/1288/1288
f 1233/1233/1233 1234/1234/1234 1290/1290/1290
f 1233/1233/1233 1290/1290/1290 1289/1289/1289
f 1234/1234/1234 1235/1235/1235 1291/1291/1291
f 1234/1234/1234 1291/1291/1291 1290/1290/1290
f 1235/1235/1235 1236/1236/1236 1292/1292/1292
f 1235/1235/1235 1292/1292/1292 1291/1291/1291
f 1236/1236/1236 1237/1237/1237 1293/1293/1293
f 1236/1236/1236 1293/1293/1293 1292/1292/1292
f 1237/1237/1237 1238/1238/1238 1294/1294/1294
f 1237/1237/1237 1294/1294/1294 1293/1293/1293
f 1238/1238/1238 1239/1239/1239 1295/1295/1295
f 1238/1238/1238 1295/1295/1295 1294/1294/1294
f 1239/1239/1239 1240/1240/1240 1296/1296/1296
f 1239/1239/1239 1296/1296/1296 1295/1295/1295
f 1240/1240/1240 1241/1241/1241 1297/1297/1297
f 1240/1240/1240 1297/1297/1297 1296/1296/1296
f 1241/1241/1241 1242/1242/1242 1298/1298/1298
f 1241/1241/1241 1298/1298/1298 1297/1297/1297
f 1242/1242/1242 1243/1243/1243 1299/1299/1299
f 1242/1242/1242 1299/1299/1299 1298/1298/1298
f 1243/1243/1243 1244/1244/1244 1300/1300/1300
f 1243/1243/1243 1300/1300/1300 1299/1299/1299
f 1244/1244/1244 1245/1245/1245 1301/1301/1301
f 1244/1244/1244 1301/1301/1301 1300/1300/1300
f 1245/1245/1245 1246/1246/1246 1302/1302/1302
f 1245/1245/1245 1302/1302/1302 1301/1301/1301
f 1246/1246/1246 1247/1247/1247 1303/1303/1303
f 1246/1246/1246 1303/1303/1303 1302/1302/1302
f 1247/1247/1247 1248/1248/1248 1304/1304/1304
f 1247/1247/1247 1304/1304/1304 1303/1303/1303
f 1248/1248/1248 1249/1249/1249 1305/1305/1305
f 1248/1248/1248 1305/1305/1305 1304/1304/1304
f 1249/1249/1249 1250/1250/1250 1306/1306/1306
f 1249/1249/1249 1306/1306/1306 1305/1305/1305
f 1250/1250/1250 1251/1251/1251 1307/1307/1307
f 1250/1250/1250 1307/1307/1307 1306/1306/1306
f 1251/1251/1251 1252/1252/1252 1308/1308/1308
f 1251/1251/1251 1308/1308/1308 1307/1307/1307
f 1252/1252/1252 1253/1253/1253 1309/1309/1309
f 1252/1252/1252 1309/1309/1309 1308/1308/1308
f 1253/1253/1253 1254/1254/1254 1310/1310/1310
f 1253/1253/1253 1310/1310/1310 1309/1309/1309
f 1254/1254/1254 1255/1255/1255 1311/1311/1311
f 1254/1254/1254 1311/1311/1311 1310/1310/1310
f 1255/1255/1255 1256/1256/1256 1312/1312/1312
f 1255/1255/1255 1312/1312/1312 1311/1311/1311
f 1256/1256/1256 1257/1257/1257 1313/1313/1313
f 1256/1256/1256 1313/1313/1313 1312/1312/1312
f 1257/1257/1257 1258/1258/1258 1314/1314/1314
f 1257/1257/1257 1314/1314/1314 1313/1313/1313
f 1258/1258/1258 1259/1259/1259 1315/1315/1315
f 1258/1258/1258 1315/1315/1315 1314/1314/1314
f 1259/1259/1259 1260/1260/1260 1316/1316/1316
f 1259/1259/1259 1316/1316/1316 1315/1315/1315
f 1260/1260/1260 1261/1261/1261 1317/1317/1317
f 1260/1260/1260 1317/1317/1317 1316/1316/1316
f 1261/1261/1261 1262/1262/1262 1318/1318/1318
f 1261/1261/1261 1318/1318/1318 1317/1317/1317
f 1262/1262/1262 1263/1263/1263 1319/1319/1319
f 1262/1262/1262 1319/1319/1319 1318/1318/1318
f 1263/1263/1263 1264/1264/1264 1320/1320/1320
f 1263/1263/1263 1320/1320/1320 1319/1319/1319
f 1264/1264/1264 1265/1265/1265 1321/1321/1321
f 1264/1264/1264 1321/1321/1321 1320/1320/1320
f 1265/1265/1265 1266/1266/1266 1322/1322/1322
f 1265/1265/1265 1322/1322/1322 1321/1321/1321
f 1266/1266/1266 1267/1267/1267 1323/1323/1323
f 1266/1266/1266 1323/1323/1323 1322/1322/1322
f 1267/1267/1267 1268/1268/1268 1324/1324/1324
f 1267/1267/1267 1324/1324/1324 1323/1323/1323
f 1268/1268/1268 1269/1269/1269 1325/1325/1325
f 1268/1268/1268 1325/1325/1325 1324/1324/1324
f 1269/1269/1269 1270/1270/1270 1326/1326/1326
f 1269/1269/1269 1326/1326/1326 1325/1325/1325
f 1270/1270/1270 1271/1271/1271 1327/1327/1327
f 1270/1270/1270 1327/1327/1327 1326/1326/1326
f 1271/1271/1271 1272/1272/1272 1328/1328/1328
f 1271/1271/1271 1328/1328/1328 1327/1327/1327
f 1272/1272/1272 1273/1273/1273 1329/1329/1329
f 1272/1272/1272 1329/1329/1329 1328/1328/1328
f 1273/1273/1273 1274/1274/1274 1330/1330/1330
f 1273/1273/1273 1330/1330/1330 1329/1329/1329
f 1274/1274/1274 1275/1275/1275 1331/1331/1331
f 1274/1274/1274 1331/1331/1331 1330/1330/1330
f 1275/1275/1275 1276/1276/1276 1332/1332/1332
f 1275/1275/1275 1332/1332/1332 1331/1331/1331
f 1276/1276/1276 1277/1277/1277 1333/1333/1333
f 1276/1276/1276 1333/1333/1333 1332/1332/1332
f 1277/1277/1277 1278/1278/1278 1334/1334/1334
f 1277/1277/1277 1334/1334/1334 1333/1333/1333
f 1278/1278/1278 1279/1279/1279 1335/1335/1335
f 1278/1278/1278 1335/1335/1335 1334/1334/1334
f 1279/1279/1279 1280/1280/1280 1336/1336/1336
f 1279/1279/1279 1336/1336/1336 1335/1335/1335
f 1280/1280/1280 1281/1281/1281 1337/1337/1337
f 1280/1280/1280 1337/1337/1337 1336/1336/1336
f 1281/1281/1281 1282/1282/1282 1338/1338/1338
f 1281/1281/1281 1338/1338/1338 1337/1337/1337
f 1282/1282/1282 1283/1283/1283 1339/1339/1339
f 1282/1282/1282 1339/1339/1339 1338/1338/1338
f 1283/1283/1283 1284/1284/1284 1340/1340/1340
f 1283/1283/1283 1340/1340/1340 1339/1339/1339
f 1284/1284/1284 1285/1285/1285 1341/1341/1341
f 1284/1284/1284 1341/1341/1341 1340/1340/1340
f 1285/1285/1285 1286/1286/1286 1342/1342/1342
f 1285/1285/1285 1342/1342/1342 1341/1341/1341
f 1286/1286/1286 1287/1287/1287 1343/1343/1343
f 1286/1286/1286 1343/1343/1343 1342/1342/1342
f 1287/1287/1287 1288/1288/1288 1344/1344/1344
f 1287/1287/1287 1344/1344/1344 1343/1343/1343
f 1288/1288/1288 1233/1233/1233 1289/1289/1289
f 1288/1288/1288 1289/1289/1289 1344/1344/1344
f 1289/1289/1289 1290/1290/1290 1346/1346/1346
f 1289/1289/1289 1346/1346/1346 1345/1345/1345
f 1290/1290/1290 1291/1291/1291 1347/1347/1347
f 1290/1290/1290 1347/1347/1347 1346/1346/1346
f 1291/1291/1291 1292/1292/1292 1348/1348/1348
f 1291/1291/1291 1348/1348/1348 1347/1347/1347
f 1292/1292/1292 1293/1293/1293 1349/1349/1349
f 1292/1292/1292 1349/1349/1349 1348/1348/1348
f 1293/1293/1293 1294/1294/1294 1350/1350/1350
f 1293/1293/1293 1350/1350/1350 1349/1349/1349
f 1294/1294/1294 1295/1295/1295 1351/1351/1351
f 1294/1294/1294 1351/1351/1351 1350/1350/1350
f 1295/1295/1295 1296/1296/1296 1352/1352/1352
f 1295/1295/1295 1352/1352/1352 1351/1351/1351
f 1296/1296/1296 1297/1297/1297 1353/1353/1353
f 1296/1296/1296 1353/1353/1353 1352/1352/1352
f 1297/1297/1297 1298/1298/1298 1354/1354/1354
f 1297/1297/1297 1354/1354/1354 1353/1353/1353
f 1298/1298/1298 1299/1299/1299 1355/1355/1355
f 1298/1298/1298 1355/1355/1355 1354/1354/1354
f 1299/1299/1299 1300/1300/1300 1356/1356/1356
f 1299/1299/1299 1356/1356/1356 1355/1355/1355
f 1300/1300/1300 1301/1301/1301 1357/1357/1357
f 1300/1300/1300 1357/1357/1357 1356/1356/1356
f 1301/1301/1301 1302/1302/1302 1358/1358/1358
f 1301/1301/1301 1358/1358/1358 1357/1357/1357
f 1302/1302/1302 1303/1303/1303 1359/1359/1359
f 1302/1302/1302 1359/1359/1359 1358/1358/1358
f 1303/1303/1303 1304/1304/1304 1360/1360/1360
f 1303/1303/1303 1360/1360/1360 1359/1359/1359
f 1304/1304/1304 1305/1305/1305 1361/1361/1361
f 1304/1304/1304 1361/1361/1361 1360/1360/1360
f 1305/1305/1305 1306/1306/1306 1362/1362/1362
f 1305/1305/1305 1362/1362/1362 1361/1361/1361
f 1306/1306/1306 1307/1307/1307 1363/1363/1363
f 1306/1306/1306 1363/1363/1363 1362/1362/1362
f 1307/1307/1307 1308/1308/1308 1364/1364/1364
f 1307/1307/1307 1364/1364/1364 1363/1363/1363
f 1308/1308/1308 1309/1309/1309 1365/1365/1365
f 1308/1308/1308 1365/1365/1365 1364/1364/1364
f 1309/1309/1309 1310/1310/1310 1366/1366/1366
f 1309/1309/1309 1366/1366/1366 1365/1365/1365
f 1310/1310/1310 1311/1311/1311 1367/1367/1367
f 1310/1310/1310 1367/1367/1367 1366/1366/1366
f 1311/1311/1311 1312/1312/1312 1368/1368/1368
f 1311/1311/1311 1368/1368/1368 1367/1367/1367
f 1312/1312/1312 1313/1313/1313 1369/1369/1369
f 1312/1312/1312 1369/1369/1369 1368/1368/1368
f 1313/1313/1313 1314/1314/1314 1370/1370/1370
f 1313/1313/1313 1370/1370/1370 1369/1369/1369
f 1314/1314/1314 1315/1315/1315 1371/1371/1371
f 1314/1314/1314 1371/1371/1371 1370/1370/1370
f 1315/1315/1315 1316/1316/1316 1372/1372/1372
f 1315/1315/1315 1372/1372/1372 1371/1371/1371
f 1316/1316/1316 1317/1317/1317 1373/1373/1373
f 1316/1316/1316 1373/1373/1373 1372/1372/1372
f 1317/1317/1317 1318/1318/1318 1374/1374/1374
f 1317/1317/1317 1374/1374/1374 1373/1373/1373
f 1318/1318/1318 1319/1319/1319 1375/1375/1375
f 1318/1318/1318 1375/1375/1375 1374/1374/1374
f 1319/1319/1319 1320/1320/1320 1376/1376/1376
f 1319/1319/1319 1376/1376/1376 1375/1375/1375
f 1320/1320/1320 1321/1321/1321 1377/1377/1377
f 1320/1320/1320 1377/1377/1377 1376/1376/1376
f 1321/1321/1321 1322/1322/1322 1378/1378/1378
f 1321/1321/1321 1378/1378/1378 1377/1377/1377
f 1322/1322/1322 1323/1323/1323 1379/1379/1379
f 1322/1322/1322 1379/1379/1379 1378/1378/1378
f 1323/1323/1323 1324/1324/1324 1380/1380/1380
f 1323/1323/1323 1380/1380/1380 1379/1379/1379
f 1324/1324/1324 1325/1325/1325 1381/1381/1381
f 1324/1324/1324 1381/1381/1381 1380/1380/1380
f 1325/1325/1325 1326/1326/1326 1382/1382/1382
f 1325/1325/1325 1382/1382/1382 1381/1381/1381
f 1326/1326/1326 1327/1327/1327 1383/1383/1383
f 1326/1326/1326 1383/1383/1383 1382/1382/1382
f 1327/1327/1327 1328/1328/1328 1384/1384/1384
f 1327/1327/1327 1384/1384/1384 1383/1383/1383
f 1328/1328/1328 1329/1329/1329 1385/1385/1385
f 1328/1328/1328 1385/1385/1385 1384/1384/1384
f 1329/1329/1329 1330/1330/1330 1386/1386/1386
f 1329/1329/1329 1386/1386/1386 1385/1385/1385
f 1330/1330/1330 1331/1331/1331 1387/1387/1387
f 1330/1330/1330 1387/1387/1387 1386/1386/1386
f 1331/1331/1331 1332/1332/1332 1388/1388/1388
f 1331/1331/1331 1388/1388/1388 1387/1387/1387
f 1332/1332/1332 1333/1333/1333 1389/1389/1389
f 1332/1332/1332 1389/1389/1389 1388/1388/1388
f 1333/1333/1333 1334/1334/1334 1390/1390/1390
f 1333/1333/1333 1390/1390/1390 1389/1389/1389
f 1334/1334/1334 1335/1335/1335 1391/1391/1391
f 1334/1334/1334 1391/1391/1391 1390/1390/1390
f 1335/1335/1335 1336/1336/1336 1392/1392/1392
f 1335/1335/1335 1392/1392/1392 1391/1391/1391
f 1336/1336/1336 1337/1337/1337 1393/1393/1393
f 1336/1336/1336 1393/1393/1393 1392/1392/1392
f 1337/1337/1337 1338/1338/1338 1394/1394/1394
f 1337/1337/1337 1394/1394/1394 1393/1393/1393
f 1338/1338/1338 1339/1339/1339 1395/1395/1395
f 1338/1338/1338 1395/1395/1395 1394/1394/1394
f 1339/1339/1339 1340/1340/1340 1396/1396/1396
f 1339/1339/1339 1396/1396/1396 1395/1395/1395
f 1340/1340/1340 1341/1341/1341 1397/1397/1397
f 1340/1340/1340 1397/1397/1397 1396/1396/1396
f 1341/1341/1341 1342/1342/1342 1398/1398/1398
f 1341/1341/1341 1398/1398/1398 1397/1397/1397
f 1342/1342/1342 1343/1343/1343 1399/1399/1399
f 1342/1342/1342 1399/1399/1399 1398/1398/1398
f 1343/1343/1343 1344/1344/1344 1400/1400/1400
f 1343/1343/1343 1400/1400/1400 1399/1399/1399
f 1344/1344/1344 1289/1289/1289 1345/1345/1345
f 1344/1344/1344 1345/1345/1345 1400/1400/1400
f 1345/1345/1345 1346/1346/1346 1402/1402/1402
f 1345/1345/1345 1402/1402/1402 1401/1401/1401
f 1346/1346/1346 1347/1347/1347 1403/1403/1403
f 1346/1346/1346 1403/1403/1403 1402/1402/1402
f 1347/1347/1347 1348/1348/1348 1404/1404/1404
f 1347/1347/1347 1404/1404/1404 1403/1403/1403
f 1348/1348/1348 1349/1349/1349 1405/1405/1405
f 1348/1348/1348 1405/1405/1405 1404/1404/1404
f 1349/1349/1349 1350/1350/1350 1406/1406/1406
f 1349/1349/1349 1406/1406/1406 1405/1405/1405
f 1350/1350/1350 1351/1351/1351 1407/1407/1407
f 1350/1350/1350 1407/1407/1407 1406/1406/1406
f 1351/1351/1351 1352/1352/1352 1408/1408/1408
f 1351/1351/1351 1408/1408/1408 1407/1407/1407
f 1352/1352/1352 1353/1353/1353 1409/1409/1409
f 1352/1352/1352 1409/1409/1409 1408/1408/1408
f 1353/1353/1353 1354/1354/1354 1410/1410/1410
f 1353/1353/1353 1410/1410/1410 1409/1409/1409
f 1354/1354/1354 1355/1355/1355 1411/1411/1411
f 1354/1354/1354 1411/1411/1411 1410/1410/1410
f 1355/1355/1355 1356/1356/1356 1412/1412/1412
f 1355/1355/1355 1412/1412/1412 1411/1411/1411
f 1356/1356/1356 1357/1357/1357 1413/1413/1413
f 1356/1356/1356 1413/1413/1413 1412/1412/1412
f 1357/1357/1357 1358/1358/1358 1414/1414/1414
f 1357/1357/1357 1414/1414/1414 1413/1413/1413
f 1358/1358/1358 1359/1359/1359 1415/1415/1415
f 1358/1358/1358 1415/1415/1415 1414/1414/1414
f 1359/1359/1359 1360/1360/1360 1416/1416/1416
f 1359/1359/1359 1416/1416/1416 1415/1415/1415
f 1360/1360/1360 1361/1361/1361 1417/1417/1417
f 1360/1360/1360 1417/1417/1417 1416/1416/1416
f 1361/1361/1361 1362/1362/1362 1418/1418/1418
f 1361/1361/1361 1418/1418/1418 1417/1417/1417
f 1362/1362/1362 1363/1363/1363 1419/1419/1419
f 1362/1362/1362 1419/1419/1419 1418/1418/1418
f 1363/1363/1363 1364/1364/1364 1420/1420/1420
f 1363/1363/1363 1420/1420/1420 1419/1419/1419
f 1364/1364/1364 1365/1365/1365 1421/1421/1421
f 1364/1364/1364 1421/1421/1421 1420/1420/1420
f 1365/1365/1365 1366/1366/1366 1422/1422/1422
f 1365/1365/1365 1422/1422/1422 1421/1421/1421
f 1366/1366/1366 1367/1367/1367 1423/1423/1423
f 1366/1366/1366 1423/1423/1423 1422/1422/1422
f 1367/1367/1367 1368/1368/1368 1424/1424/1424
f 1367/1367/1367 1424/1424/1424 1423/1423/1423
f 1368/1368/1368 1369/1369/1369 1425/1425/1425
f 1368/1368/1368 1425/1425/1425 1424/1424/1424
f 1369/1369/1369 1370/1370/1370 1426/1426/1426
f 1369/1369/1369 1426/1426/1426 1425/1425/1425
f 1370/1370/1370 1371/1371/1371 1427/1427/1427
f 1370/1370/1370 1427/1427/1427 1426/1426/1426
f 1371/1371/1371 1372/1372/1372 1428/1428/1428
f 1371/1371/1371 1428/1428/1428 1427/1427/1427
f 1372/1372/1372 1373/1373/1373 1429/1429/1429
f 1372/1372/1372 1429/1429/1429 1428/1428/1428
f 1373/1373/1373 1374/1374/1374 1430/1430/1430
f 1373/1373/1373 1430/1430/1430 1429/1429/1429
f 1374/1374/1374 1375/1375/1375 1431/1431/1431
f 1374/1374/1374 1431/1431/1431 1430/1430/1430
f 1375/1375/1375 1376/1376/1376 1432/1432/1432
f 1375/1375/1375 1432/1432/1432 1431/1431/1431
f 1376/1376/1376 1377/1377/1377 1433/1433/1433
f 1376/1376/1376 1433/1433/1433 1432/1432/1432
f 1377/1377/1377 1378/1378/1378 1434/1434/1434
f 1377/1377/1377 1434/1434/1434 1433/1433/1433
f 1378/1378/1378 1379/1379/1379 1435/1435/1435
f 1378/1378/1378 1435/1435/1435 1434/1434/1434
f 1379/1379/1379 1380/1380/1380 1436/1436/1436
f 1379/1379/1379 1436/1436/1436 1435/1435/1435
f 1380/1380/1380 1381/1381/1381 1437/1437/1437
f 1380/1380/1380 1437/1437/1437 1436/1436/1436
f 1381/1381/1381 1382/1382/1382 1438/1438/1438
f 1381/1381/1381 1438/1438/1438 1437/1437/1437
f 1382/1382/1382 1383/1383/1383 1439/1439/1439
f 1382/1382/1382 1439/1439/1439 1438/1438/1438
f 1383/1383/1383 1384/1384/1384 1440/1440/1440
f 1383/1383/1383 1440/1440/1440 1439/1439/1439
f 1384/1384/1384 1385/1385/1385 1441/1441/1441
f 1384/1384/1384 1441/1441/1441 1440/1440/1440
f 1385/1385/1385 1386/1386/1386 1442/1442/1442
f 1385/1385/1385 1442/1442/1442 1441/1441/1441
f 1386/1386/1386 1387/1387/1387 1443/1443/1443
f 1386/1386/1386 1443/1443/1443 1442/1442/1442
f 1387/1387/1387 1388/1388/1388 1444/1444/1444
f 1387/1387/1387 1444/1444/1444 1443/1443/1443
f 1388/1388/1388 1389/1389/1389 1445/1445/1445
f 1388/1388/1388 1445/1445/1445 1444/1444/1444
f 1389/1389/1389 1390/1390/1390 1446/1446/1446
f 1389/1389/1389 1446/1446/1446 1445/1445/1445
f 1390/1390/1390 1391/1391/1391 1447/1447/1447
f 1390/1390/1390 1447/1447/1447 1446/1446/1446
f 1391/1391/1391 1392/1392/1392 1448/1448/1448
f 1391/1391/1391 1448/1448/1448 1447/1447/1447
f 1392/1392/1392 1393/1393/1393 1449/1449/1449
f 1392/1392/1392 1449/1449/1449 1448/1448/1448
f 1393/1393/1393 1394/1394/1394 1450/1450/1450
f 1393/1393/1393 1450/1450/1450 1449/1449/1449
f 1394/1394/1394 1395/1395/1395 1451/1451/1451
f 1394/1394/1394 1451/1451/1451 1450/1450/1450
f 1395/1395/1395 1396/1396/1396 1452/1452/1452
f 1395/1395/1395 1452/1452/1452 1451/1451/1451
f 1396/1396/1396 1397/1397/1397 1453/1453/1453
f 1396/1396/1396 1453/1453/1453 1452/1452/1452
f 1397/1397/1397 1398/1398/1398 1454/1454/1454
f 1397/1397/1397 1454/1454/1454 1453/1453/1453
f 1398/1398/1398 1399/1399/1399 1455/1455/1455
f 1398/1398/1398 1455/1455/1455 1454/1454/1454
f 1399/1399/1399 1400/1400/1400 1456/1456/1456
f 1399/1399/1399 1456/1456/1456 1455/1455/1455
f 1400/1400/1400 1345/1345/1345 1401/1401/1401
f 1400/1400/1400 1401/1401/1401 1456/1456/1456
f 1401/1401/1401 1402/1402/1402 1458/1458/1458
f 1401/1401/1401 1458/1458/1458 1457/1457/1457
f 1402/1402/1402 1403/1403/1403 1459/1459/1459
f 1402/1402/1402 1459/1459/1459 1458/1458/1458
f 1403/1403/1403 1404/1404/1404 1460/1460/1460
f 1403/1403/1403 1460/1460/1460 1459/1459/1459
f 1404/1404/1404 1405/1405/1405 1461/1461/1461
f 1404/1404/1404 1461/1461/1461 1460/1460/1460
f 1405/1405/1405 1406/1406/1406 1462/1462/1462
f 1405/1405/1405 1462/1462/1462 1461/1461/1461
f 1406/1406/1406 1407/1407/1407 1463/1463/1463
f 1406/1406/1406 1463/1463/1463 1462/1462/1462
f 1407/1407/1407 1408/1408/1408 1464/1464/1464
f 1407/1407/1407 1464/1464/1464 1463/1463/1463
f 1408/1408/1408 1409/1409/1409 1465/1465/1465
f 1408/1408/1408 1465/1465/1465 1464/1464/1464
f 1409/1409/1409 1410/1410/1410 1466/1466/1466
f 1409/1409/1409 1466/1466/1466 1465/1465/1465
f 1410/1410/1410 1411/1411/1411 1467/1467/1467
f 1410/1410/1410 1467/1467/1467 1466/1466/1466
f 1411/1411/1411 1412/1412/1412 1468/1468/1468
f 1411/1411/1411 1468/1468/1468 1467/1467/1467
f 1412/1412/1412 1413/1413/1413 1469/1469/1469
f 1412/1412/1412 1469/1469/1469 1468/1468/1468
f 1413/1413/1413 1414/1414/1414 1470/1470/1470
f 1413/1413/1413 1470/1470/1470 1469/1469/1469
f 1414/1414/1414 1415/1415/1415 1471/1471/1471
f 1414/1414/1414 1471/1471/1471 1470/1470/1470
f 1415/1415/1415 1416/1416/1416 1472/1472/1472
f 1415/1415/1415 1472/1472/1472 1471/1471/1471
f 1416/1416/1416 1417/1417/1417 1473/1473/1473
f 1416/1416/1416 1473/1473/1473 1472/1472/1472
f 1417/1417/1417 1418/1418/1418 1474/1474/1474
f 1417/1417/1417 1474/1474/1474 1473/1473/1473
f 1418/1418/1418 1419/1419/1419 1475/1475/1475
f 1418/1418/1418 1475/1475/1475 1474/1474/1474
f 1419/1419/1419 1420/1420/1420 1476/1476/1476
f 1419/1419/1419 1476/1476/1476 1475/1475/1475
f 1420/1420/1420 1421/1421/1421 1477/1477/1477
f 1420/1420/1420 1477/1477/1477 1476/1476/1476
f 1421/1421/1421 1422/1422/1422 1478/1478/1478
f 1421/1421/1421 1478/1478/1478 1477/1477/1477
f 1422/1422/1422 1423/1423/1423 1479/1479/1479
f 1422/1422/1422 1479/1479/1479 1478/1478/1478
f 1423/1423/1423 1424/1424/1424 1480/1480/1480
f 1423/1423/1423 1480/1480/1480 1479/1479/1479
f 1424/1424/1424 1425/1425/1425 1481/1481/1481
f 1424/1424/1424 1481/1481/1481 1480/1480/1480
f 1425/1425/1425 1426/1426/1426 1482/1482/1482
f 1425/1425/1425 1482/1482/1482 1481/1481/1481
f 1426/1426/1426 1427/1427/1427 1483/1483/1483
f 1426/1426/1426 1483/1483/1483 1482/1482/1482
f 1427/1427/1427 1428/1428/1428 1484/1484/1484
f 1427/1427/1427 1484/1484/1484 1483/1483/1483
f 1428/1428/1428 1429/1429/1429 1485/1485/1485
f 1428/1428/1428 1485/1485/1485 1484/1484/1484
f 1429/1429/1429 1430/1430/1430 1486/1486/1486
f 1429/1429/1429 1486/1486/1486 1485/1485/1485
f 1430/1430/1430 1431/1431/1431 1487/1487/1487
f 1430/1430/1430 1487/1487/1487 1486/1486/1486
f 1431/1431/1431 1432/1432/1432 1488/1488/1488
f 1431/1431/1431 1488/1488/1488 1487/1487/1487
f 1432/1432/1432 1433/1433/1433 1489/1489/1489
f 1432/1432/1432 1489/1489/1489 1488/1488/1488
f 1433/1433/1433 1434/1434/1434 1490/1490/1490
f 1433/1433/1433 1490/1490/1490 1489/1489/1489
f 1434/1434/1434 1435/1435/1435 1491/1491/1491
f 1434/1434/1434 1491/1491/1491 1490/1490/1490
f 1435/1435/1435 1436/1436/1436 1492/1492/1492
f 1435/1435/1435 1492/1492/1492 1491/1491/1491
f 1436/1436/1436 1437/1437/1437 1493/1493/1493
f 1436/1436/1436 1493/1493/1493 1492/1492/1492
f 1437/1437/1437 1438/1438/1438 1494/1494/1494
f 1437/1437/1437 1494/1494/1494 1493/1493/1493
f 1438/1438/1438 1439/1439/1439 1495/1495/1495
f 1438/1438/1438 1495/1495/1495 1494/1494/1494
f 1439/1439/1439 1440/1440/1440 1496/1496/1496
f 1439/1439/1439 1496/1496/1496 1495/1495/1495
f 1440/1440/1440 1441/1441/1441 1497/1497/1497
f 1440/1440/1440 1497/1497/1497 1496/1496/1496
f 1441/1441/1441 1442/1442/1442 1498/1498/1498
f 1441/1441/1441 1498/1498/1498 1497/1497/1497
f 1442/1442/1442 1443/1443/1443 1499/1499/1499
f 1442/1442/1442 1499/1499/1499 1498/1498/1498
f 1443/1443/1443 1444/1444/1444 1500/1500/1500
f 1443/1443/1443 1500/1500/1500 1499/1499/1499
f 1444/1444/1444 1445/1445/1445 1501/1501/1501
f 1444/1444/1444 1501/1501/1501 1500/1500/1500
f 1445/1445/1445 1446/1446/1446 1502/1502/1502
f 1445/1445/1445 1502/1502/1502 1501/1501/1501
f 1446/1446/1446 1447/1447/1447 1503/1503/1503
f 1446/1446/1446 1503/1503/1503 1502/1502/1502
f 1447/1447/1447 1448/1448/1448 1504/1504/1504
f 1447/1447/1447 1504/1504/1504 1503/1503/1503
f 1448/1448/1448 1449/1449/1449 1505/1505/1505
f 1448/1448/1448 1505/1505/1505 1504/1504/1504
f 1449/1449/1449 1450/1450/1450 1506/1506/1506
f 1449/1449/1449 1506/1506/1506 1505/1505/1505
f 1450/1450/1450 1451/1451/1451 1507/1507/1507
f 1450/1450/1450 1507/1507/1507 1506/1506/1506
f 1451/1451/1451 1452/1452/1452 1508/1508/1508
f 1451/1451/1451 1508/1508/1508 1507/1507/1507
f 1452/1452/1452 1453/1453/1453 1509/1509/1509
f 1452/1452/1452 1509/1509/1509 1508/1508/1508
f 1453/1453/1453 1454/1454/1454 1510/1510/1510
f 1453/1453/1453 1510/1510/1510 1509/1509/1509
f 1454/1454/1454 1455/1455/1455 1511/1511/1511
f 1454/1454/1454 1511/1511/1511 1510/1510/1510
f 1455/1455/1455 1456/1456/1456 1512/1512/1512
f 1455/1455/1455 1512/1512/1512 1511/1511/1511
f 1456/1456/1456 1401/1401/1401 1457/1457/1457
f 1456/1456/1456 1457/1457/1457 1512/1512/1512
f 1457/1457/1457 1458/1458/1458 1514/1514/1514
f 1457/1457/1457 1514/1514/1514 1513/1513/1513
f 1458/1458/1458 1459/1459/1459 1515/1515/1515
f 1458/1458/1458 1515/1515/1515 1514/1514/1514
f 1459/1459/1459 1460/1460/1460 1516/1516/1516
f 1459/1459/1459 1516/1516/1516 1515/1515/1515
f 1460/1460/1460 1461/1461/1461 1517/1517/1517
f 1460/1460/1460 1517/1517/1517 1516/1516/1516
f 1461/1461/1461 1462/1462/1462 1518/1518/1518
f 1461/1461/1461 1518/1518/1518 1517/1517/1517
f 1462/1462/1462 1463/1463/1463 1519/1519/1519
f 1462/1462/1462 1519/1519/1519 1518/1518/1518
f 1463/1463/1463 1464/1464/1464 1520/1520/1520
f 1463/1463/1463 1520/1520/1520 1519/1519/1519
f 1464/1464/1464 1465/1465/1465 1521/1521/1521
f 1464/1464/1464 1521/1521/1521 1520/1520/1520
f 1465/1465/1465 1466/1466/1466 1522/1522/1522
f 1465/1465/1465 1522/1522/1522 1521/1521/1521
f 1466/1466/1466 1467/1467/1467 1523/1523/1523
f 1466/1466/1466 1523/1523/1523 1522/1522/1522
f 1467/1467/1467 1468/1468/1468 1524/1524/1524
f 1467/1467/1467 1524/1524/1524 1523/1523/1523
f 1468/1468/1468 1469/1469/1469 1525/1525/1525
f 1468/1468/1468 1525/1525/1525 1524/1524/1524
f 1469/1469/1469 1470/1470/1470 1526/1526/1526
f 1469/1469/1469 1526/1526/1526 1525/1525/1525
f 1470/1470/1470 1471/1471/1471 1527/1527/1527
f 1470/1470/1470 1527/1527/1527 1526/1526/1526
f 1471/1471/1471 1472/1472/1472 1528/1528/1528
f 1471/1471/1471 1528/1528/1528 1527/1527/1527
f 1472/1472/1472 1473/1473/1473 1529/1529/1529
f 1472/1472/1472 1529/1529/1529 1528/1528/1528
f 1473/1473/1473 1474/1474/1474 1530/1530/1530
f 1473/1473/1473 1530/1530/1530 1529/1529/1529
f 1474/1474/1474 1475/1475/1475 1531/1531/1531
f 1474/1474/1474 1531/1531/1531 1530/1530/1530
f 1475/1475/1475 1476/1476/1476 1532/1532/1532
f 1475/1475/1475 1532/1532/1532 1531/1531/1531
f 1476/1476/1476 1477/1477/1477 1533/1533/1533
f 1476/1476/1476 1533/1533/1533 1532/1532/1532
f 1477/1477/1477 1478/1478/1478 1534/1534/1534
f 1477/1477/1477 1534/1534/1534 1533/1533/1533
f 1478/1478/1478 1479/1479/1479 1535/1535/1535
f 1478/1478/1478 1535/1535/1535 1534/1534/1534
f 1479/1479/1479 1480/1480/1480 1536/1536/1536
f 1479/1479/1479 1536/1536/1536 1535/1535/1535
f 1480/1480/1480 1481/1481/1481 1537/1537/1537
f 1480/1480/1480 1537/1537/1537 1536/1536/1536
f 1481/1481/1481 1482/1482/1482 1538/1538/1538
f 1481/1481/1481 1538/1538/1538 1537/1537/1537
f 1482/1482/1482 1483/1483/1483 1539/1539/1539
f 1482/1482/1482 1539/1539/1539 1538/1538/1538
f 1483/1483/1483 1484/1484/1484 1540/1540/1540
f 1483/1483/1483 1540/1540/1540 1539/1539/1539
f 1484/1484/1484 1485/1485/1485 1541/1541/1541
f 1484/1484/1484 1541/1541/1541 1540/1540/1540
f 1485/1485/1485 1486/1486/1486 1542/1542/1542
f 1485/1485/1485 1542/1542/1542 1541/1541/1541
f 1486/1486/1486 1487/1487/1487 1543/1543/1543
f 1486/1486/1486 1543/1543/1543 1542/1542/1542
f 1487/1487/1487 1488/1488/1488 1544/1544/1544
f 1487/1487/1487 1544/1544/1544 1543/1543/1543
f 1488/1488/1488 1489/1489/1489 1545/1545/1545
f 1488/1488/1488 1545/1545/1545 1544/1544/1544
f 1489/1489/1489 1490/1490/1490 1546/1546/1546
f 1489/1489/1489 1546/1546/1546 1545/1545/1545
f 1490/1490/1490 1491/1491/1491 1547/1547/1547
f 1490/1490/1490 1547/1547/1547 1546/1546/1546
f 1491/1491/1491 1492/1492/1492 1548/1548/1548
f 1491/1491/1491 1548/1548/1548 1547/1547/1547
f 1492/1492/1492 1493/1493/1493 1549/1549/1549
f 1492/1492/1492 1549/1549/1549 1548/1548/1548
f 1493/1493/1493 1494/1494/1494 1550/1550/1550
f 1493/1493/1493 1550/1550/1550 1549/1549/1549
f 1494/1494/1494 1495/1495/1495 1551/1551/1551
f 1494/1494/1494 1551/1551/1551 1550/1550/1550
f 1495/1495/1495 1496/1496/1496 1552/1552/1552
f 1495/1495/1495 1552/1552/1552 1551/1551/1551
f 1496/1496/1496 1497/1497/1497 1553/1553/1553
f 1496/1496/1496 1553/1553/1553 1552/1552/1552
f 1497/1497/1497 1498/1498/1498 1554/1554/1554
f 1497/1497/1497 1554/1554/1554 1553/1553/1553
f 1498/1498/1498 1499/1499/1499 1555/1555/1555
f 1498/1498/1498 1555/1555/1555 1554/1554/1554
f 1499/1499/1499 1500/1500/1500 1556/1556/1556
f 1499/1499/1499 1556/1556/1556 1555/1555/1555
f 1500/1500/1500 1501/1501/1501 1557/1557/1557
f 1500/1500/1500 1557/1557/1557 1556/1556/1556
f 1501/1501/1501 1502/1502/1502 1558/1558/1558
f 1501/1501/1501 1558/1558/1558 1557/1557/1557
f 1502/1502/1502 1503/1503/1503 1559/1559/1559
f 1502/1502/1502 1559/1559/1559 1558/1558/1558
f 1503/1503/1503 1504/1504/1504 1560/1560/1560
f 1503/1503/1503 1560/1560/1560 1559/1559/1559
f 1504/1504/1504 1505/1505/1505 1561/1561/1561
f 1504/1504/1504 1561/1561/1561 1560/1560/1560
f 1505/1505/1505 1506/1506/1506 1562/1562/1562
f 1505/1505/1505 1562/1562/1562 1561/1561/1561
f 1506/1506/1506 1507/1507/1507 1563/1563/1563
f 1506/1506/1506 1563/1563/1563 1562/1562/1562
f 1507/1507/1507 1508/1508/1508 1564/1564/1564
f 1507/1507/1507 1564/1564/1564 1563/1563/1563
f 1508/1508/1508 1509/1509/1509 1565/1565/1565
f 1508/1508/1508 1565/1565/1565 1564/1564/1564
f 1509/1509/1509 1510/1510/1510 1566/1566/1566
f 1509/1509/1509 1566/1566/1566 1565/1565/1565
f 1510/1510/1510 1511/1511/1511 1567/1567/1567
f 1510/1510/1510 1567/1567/1567 1566/1566/1566
f 1511/1511/1511 1512/1512/1512 1568/1568/1568
f 1511/1511/1511 1568/1568/1568 1567/1567/1567
f 1512/1512/1512 1457/1457/1457 1513/1513/1513
f 1512/1512/1512 1513/1513/1513 1568/1568/1568
f 1513/1513/1513 1514/1514/1514 1570/1570/1570
f 1513/1513/1513 1570/1570/1570 1569/1569/1569
f 1514/1514/1514 1515/1515/1515 1571/1571/1571
f 1514/1514/1514 1571/1571/1571 1570/1570/1570
f 1515/1515/1515 1516/1516/1516 1572/1572/1572
f 1515/1515/1515 1572/1572/1572 1571/1571/1571
f 1516/1516/1516 1517/1517/1517 1573/1573/1573
f 1516/1516/1516 1573/1573/1573 1572/1572/1572
f 1517/1517/1517 1518/1518/1518 1574/1574/1574
f 1517/1517/1517 1574/1574/1574 1573/1573/1573
f 1518/1518/1518 1519/1519/1519 1575/1575/1575
f 1518/1518/1518 1575/1575/1575 1574/1574/1574
f 1519/1519/1519 1520/1520/1520 1576/1576/1576
f 1519/1519/1519 1576/1576/1576 1575/1575/1575
f 1520/1520/1520 1521/1521/1521 1577/1577/1577
f 1520/1520/1520 1577/1577/1577 1576/1576/1576
f 1521/1521/1521 1522/1522/1522 1578/1578/1578
f 1521/1521/1521 1578/1578/1578 1577/1577/1577
f 1522/1522/1522 1523/1523/1523 1579/1579/1579
f 1522/1522/1522 1579/1579/1579 1578/1578/1578
f 1523/1523/1523 1524/1524/1524 1580/1580/1580
f 1523/1523/1523 1580/1580/1580 1579/1579/1579
f 1524/1524/1524 1525/1525/1525 1581/1581/1581
f 1524/1524/1524 1581/1581/1581 1580/1580/1580
f 1525/1525/1525 1526/1526/1526 1582/1582/1582
f 1525/1525/1525 1582/1582/1582 1581/1581/1581
f 1526/1526/1526 1527/1527/1527 1583/1583/1583
f 1526/1526/1526 1583/1583/1583 1582/1582/1582
f 1527/1527/1527 1528/1528/1528 1584/1584/1584
f 1527/1527/1527 1584/1584/1584 1583/1583/1583
f 1528/1528/1528 1529/1529/1529 1585/1585/1585
f 1528/1528/1528 1585/1585/1585 1584/1584/1584
f 1529/1529/1529 1530/1530/1530 1586/1586/1586
f 1529/1529/1529 1586/1586/1586 1585/1585/1585
f 1530/1530/1530 1531/1531/1531 1587/1587/1587
f 1530/1530/1530 1587/1587/1587 1586/1586/1586
f 1531/1531/1531 1532/1532/1532 1588/1588/1588
f 1531/1531/1531 1588/1588/1588 1587/1587/1587
f 1532/1532/1532 1533/1533/1533 1589/1589/1589
f 1532/1532/1532 1589/1589/1589 1588/1588/1588
f 1533/1533/1533 1534/1534/1534 1590/1590/1590
f 1533/1533/1533 1590/1590/1590 1589/1589/1589
f 1534/1534/1534 1535/1535/1535 1591/1591/1591
f 1534/1534/1534 1591/1591/1591 1590/1590/1590
f 1535/1535/1535 1536/1536/1536 1592/1592/1592
f 1535/1535/1535 1592/1592/1592 1591/1591/1591
f 1536/1536/1536 1537/1537/1537 1593/1593/1593
f 1536/1536/1536 1593/1593/1593 1592/1592/1592
f 1537/1537/1537 1538/1538/1538 1594/1594/1594
f 1537/1537/1537 1594/1594/1594 1593/1593/1593
f 1538/1538/1538 1539/1539/1539 1595/1595/1595
f 1538/1538/1538 1595/1595/1595 1594/1594/1594
f 1539/1539/1539 1540/1540/1540 1596/1596/1596
f 1539/1539/1539 1596/1596/1596 1595/1595/1595
f 1540/1540/1540 1541/1541/1541 1597/1597/1597
f 1540/1540/1540 1597/1597/1597 1596/1596/1596
f 1541/1541/1541 1542/1542/1542 1598/1598/1598
f 1541/1541/1541 1598/1598/1598 1597/1597/1597
f 1542/1542/1542 1543/1543/1543 1599/1599/1599
f 1542/1542/1542 1599/1599/1599 1598/1598/1598
f 1543/1543/1543 1544/1544/1544 1600/1600/1600
f 1543/1543/1543 1600/1600/1600 1599/1599/1599
f 1544/1544/1544 1545/1545/1545 1601/1601/1601
f 1544/1544/1544 1601/1601/1601 1600/1600/1600
f 1545/1545/1545 1546/1546/1546 1602/1602/1602
f 1545/1545/1545 1602/1602/1602 1601/1601/1601
f 1546/1546/1546 1547/1547/1547 1603/1603/1603
f 1546/1546/1546 1603/1603/1603 1602/1602/1602
f 1547/1547/1547 1548/1548/1548 1604/1604/1604
f 1547/1547/1547 1604/1604/1604 1603/1603/1603
f 1548/1548/1548 1549/1549/1549 1605/1605/1605
f 1548/1548/1548 1605/1605/1605 1604/1604/1604
f 1549/1549/1549 1550/1550/1550 1606/1606/1606
f 1549/1549/1549 1606/1606/1606 1605/1605/1605
f 1550/1550/1550 1551/1551/1551 1607/1607/1607
f 1550/1550/1550 1607/1607/1607 1606/1606/1606
f 1551/1551/1551 1552/1552/1552 1608/1608/1608
f 1551/1551/1551 1608/1608/1608 1607/1607/1607
f 1552/1552/1552 1553/1553/1553 1609/1609/1609
f 1552/1552/1552 1609/1609/1609 1608/1608/1608
f 1553/1553/1553 1554/1554/1554 1610/1610/1610
f 1553/1553/1553 1610/1610/1610 1609/1609/1609
f 1554/1554/1554 1555/1555/1555 1611/1611/1611
f 1554/1554/1554 1611/1611/1611 1610/1610/1610
f 1555/1555/1555 1556/1556/1556 1612/1612/1612
f 1555/1555/1555 1612/1612/1612 1611/1611/1611
f 1556/1556/1556 1557/1557/1557 1613/1613/1613
f 1556/1556/1556 1613/1613/1613 1612/1612/1612
f 1557/1557/1557 1558/1558/1558 1614/1614/1614
f 1557/1557/1557 1614/1614/1614 1613/1613/1613
f 1558/1558/1558 1559/1559/1559 1615/1615/1615
f 1558/1558/1558 1615/1615/1615 1614/1614/1614
f 1559/1559/1559 1560/1560/1560 1616/1616/1616
f 1559/1559/1559 1616/1616/1616 1615/1615/1615
f 1560/1560/1560 1561/1561/1561 1617/1617/1617
f 1560/1560/1560 1617/1617/1617 1616/1616/1616
f 1561/1561/1561 1562/1562/1562 1618/1618/1618
f 1561/1561/1561 1618/1618/1618 1617/1617/1617
f 1562/1562/1562 1563/1563/1563 1619/1619/1619
f 1562/1562/1562 1619/1619/1619 1618/1618/1618
f 1563/1563/1563 1564/1564/1564 1620/1620/1620
f 1563/1563/1563 1620/1620/1620 1619/1619/1619
f 1564/1564/1564 1565/1565/1565 1621/1621/1621
f 1564/1564/1564 1621/1621/1621 1620/1620/1620
f 1565/1565/1565 1566/1566/1566 1622/1622/1622
f 1565/1565/1565 1622/1622/1622 1621/1621/1621
f 1566/1566/1566 1567/1567/1567 1623/1623/1623
f 1566/1566/1566 1623/1623/1623 1622/1622/1622
f 1567/1567/1567 1568/1568/1568 1624/1624/1624
f 1567/1567/1567 1624/1624/1624 1623/1623/1623
f 1568/1568/1568 1513/1513/1513 1569/1569/1569
f 1568/1568/1568 1569/1569/1569 1624/1624/1624
f 1569/1569/1569 1570/1570/1570 1626/1626/1626
f 1569/1569/1569 1626/1626/1626 1625/1625/1625
f 1570/1570/1570 1571/1571/1571 1627/1627/1627
f 1570/1570/1570 1627/1627/1627 1626/1626/1626
f 1571/1571/1571 1572/1572/1572 1628/1628/1628
f 1571/1571/1571 1628/1628/1628 1627/1627/1627
f 1572/1572/1572 1573/1573/1573 1629/1629/1629
f 1572/1572/1572 1629/1629/1629 1628/1628/1628
f 1573/1573/1573 1574/1574/1574 1630/1630/1630
f 1573/1573/1573 1630/1630/1630 1629/1629/1629
f 1574/1574/1574 1575/1575/1575 1631/1631/1631
f 1574/1574/1574 1631/1631/1631 1630/1630/1630
f 1575/1575/1575 1576/1576/1576 1632/1632/1632
f 1575/1575/1575 1632/1632/1632 1631/1631/1631
f 1576/1576/1576 1577/1577/1577 1633/1633/1633
f 1576/1576/1576 1633/1633/1633 1632/1632/1632
f 1577/1577/1577 1578/1578/1578 1634/1634/1634
f 1577/1577/1577 1634/1634/1634 1633/1633/1633
f 1578/1578/1578 1579/1579/1579 1635/1635/1635
f 1578/1578/1578 1635/1635/1635 1634/1634/1634
f 1579/1579/1579 1580/1580/1580 1636/1636/1636
f 1579/1579/1579 1636/1636/1636 1635/1635/1635
f 1580/1580/1580 1581/1581/1581 1637/1637/1637
f 1580/1580/1580 1637/1637/1637 1636/1636/1636
f 1581/1581/1581 1582/1582/1582 1638/1638/1638
f 1581/1581/1581 1638/1638/1638 1637/1637/1637
f 1582/1582/1582 1583/1583/1583 1639/1639/1639
f 1582/1582/1582 1639/1639/1639 1638/1638/1638
f 1583/1583/1583 1584/1584/1584 1640/1640/1640
f 1583/1583/1583 1640/1640/1640 1639/1639/1639
f 1584/1584/1584 1585/1585/1585 1641/1641/1641
f 1584/1584/1584 1641/1641/1641 1640/1640/1640
f 1585/1585/1585 1586/1586/1586 1642/1642/1642
f 1585/1585/1585 1642/1642/1642 1641/1641/1641
f 1586/1586/1586 1587/1587/1587 1643/1643/1643
f 1586/1586/1586 1643/1643/1643 1642/1642/1642
f 1587/1587/1587 1588/1588/1588 1644/1644/1644
f 1587/1587/1587 1644/1644/1644 1643/1643/1643
f 1588/1588/1588 1589/1589/1589 1645/1645/1645
f 1588/1588/1588 1645/1645/1645 1644/1644/1644
f 1589/1589/1589 1590/1590/1590 1646/1646/1646
f 1589/1589/1589 1646/1646/1646 1645/1645/1645
f 1590/1590/1590 1591/1591/1591 1647/1647/1647
f 1590/1590/1590 1647/1647/1647 1646/1646/1646
f 1591/1591/1591 1592/1592/1592 1648/1648/1648
f 1591/1591/1591 1648/1648/1648 1647/1647/1647
f 1592/1592/1592 1593/1593/1593 1649/1649/1649
f 1592/1592/1592 1649/1649/1649 1648/1648/1648
f 1593/1593/1593 1594/1594/1594 1650/1650/1650
f 1593/1593/1593 1650/1650/1650 1649/1649/1649
f 1594/1594/1594 1595/1595/1595 1651/1651/1651
f 1594/1594/1594 1651/1651/1651 1650/1650/1650
f 1595/1595/1595 1596/1596/1596 1652/1652/1652
f 1595/1595/1595 1652/1652/1652 1651/1651/1651
f 1596/1596/1596 1597/1597/1597 1653/1653/1653
f 1596/1596/1596 1653/1653/1653 1652/1652/1652
f 1597/1597/1597 1598/1598/1598 1654/1654/1654
f 1597/1597/1597 1654/1654/1654 1653/1653/1653
f 1598/1598/1598 1599/1599/1599 1655/1655/1655
f 1598/1598/1598 1655/1655/1655 1654/1654/1654
f 1599/1599/1599 1600/1600/1600 1656/1656/1656
f 1599/1599/1599 1656/1656/1656 1655/1655/1655
f 1600/1600/1600 1601/1601/1601 1657/1657/1657
f 1600/1600/1600 1657/1657/1657 1656/1656/1656
f 1601/1601/1601 1602/1602/1602 1658/1658/1658
f 1601/1601/1601 1658/1658/1658 1657/1657/1657
f 1602/1602/1602 1603/1603/1603 1659/1659/1659
f 1602/1602/1602 1659/1659/1659 1658/1658/1658
f 1603/1603/1603 1604/1604/1604 1660/1660/1660
f 1603/1603/1603 1660/1660/1660 1659/1659/1659
f 1604/1604/1604 1605/1605/1605 1661/1661/1661
f 1604/1604/1604 1661/1661/1661 1660/1660/1660
f 1605/1605/1605 1606/1606/1606 1662/1662/1662
f 1605/1605/1605 1662/1662/1662 1661/1661/1661
f 1606/1606/1606 1607/1607/1607 1663/1663/1663
f 1606/1606/1606 1663/1663/1663 1662/1662/1662
f 1607/1607/1607 1608/1608/1608 1664/1664/1664
f 1607/1607/1607 1664/1664/1664 1663/1663/1663
f 1608/1608/1608 1609/1609/1609 1665/1665/1665
f 1608/1608/1608 1665/1665/1665 1664/1664/1664
f 1609/1609/1609 1610/1610/1610 1666/1666/1666
f 1609/1609/1609 1666/1666/1666 1665/1665/1665
f 1610/1610/1610 1611/1611/1611 1667/1667/1667
f 1610/1610/1610 1667/1667/1667 1666/1666/1666
f 1611/1611/1611 1612/1612/1612 1668/1668/1668
f 1611/1611/1611 1668/1668/1668 1667/1667/1667
f 1612/1612/1612 1613/1613/1613 1669/1669/1669
f 1612/1612/1612 1669/1669/1669 1668/1668/1668
f 1613/1613/1613 1614/1614/1614 1670/1670/1670
f 1613/1613/1613 1670/1670/1670 1669/1669/1669
f 1614/1614/1614 1615/1615/1615 1671/1671/1671
f 1614/1614/1614 1671/1671/1671 1670/1670/1670
f 1615/1615/1615 1616/1616/1616 1672/1672/1672
f 1615/1615/1615 1672/1672/1672 1671/1671/1671
f 1616/1616/1616 1617/1617/1617 1673/1673/1673
f 1616/1616/1616 1673/1673/1673 1672/1672/1672
f 1617/1617/1617 1618/1618/1618 1674/1674/1674
f 1617/1617/1617 1674/1674/1674 1673/1673/1673
f 1618/1618/1618 1619/1619/1619 1675/1675/1675
f 1618/1618/1618 1675/1675/1675 1674/1674/1674
f 1619/1619/1619 1620/1620/1620 1676/1676/1676
f 1619/1619/1619 1676/1676/1676 1675/1675/1675
f 1620/1620/1620 1621/1621/1621 1677/1677/1677
f 1620/1620/1620 1677/1677/1677 1676/1676/1676
f 1621/1621/1621 1622/1622/1622 1678/1678/1678
f 1621/1621/1621 1678/1678/1678 1677/1677/1677
f 1622/1622/1622 1623/1623/1623 1679/1679/1679
f 1622/1622/1622 1679/1679/1679 1678/1678/1678
f 1623/1623/1623 1624/1624/1624 1680/1680/1680
f 1623/1623/1623 1680/1680/1680 1679/1679/1679
f 1624/1624/1624 1569/1569/1569 1625/1625/1625
f 1624/1624/1624 1625/1625/1625 1680/1680/1680
f 1625/1625/1625 1626/1626/1626 1682/1682/1682
f 1625/1625/1625 1682/1682/1682 1681/1681/1681
f 1626/1626/1626 1627/1627/1627 1683/1683/1683
f 1626/1626/1626 1683/1683/1683 1682/1682/1682
f 1627/1627/1627 1628/1628/1628 1684/1684/1684
f 1627/1627/1627 1684/1684/1684 1683/1683/1683
f 1628/1628/1628 1629/1629/1629 1685/1685/1685
f 1628/1628/1628 1685/1685/1685 1684/1684/1684
f 1629/1629/1629 1630/1630/1630 1686/1686/1686
f 1629/1629/1629 1686/1686/1686 1685/1685/1685
f 1630/1630/1630 1631/1631/1631 1687/1687/1687
f 1630/1630/1630 1687/1687/1687 1686/1686/1686
f 1631/1631/1631 1632/1632/1632 1688/1688/1688
f 1631/1631/1631 1688/1688/1688 1687/1687/1687
f 1632/1632/1632 1633/1633/1633 1689/1689/1689
f 1632/1632/1632 1689/1689/1689 1688/1688/1688
f 1633/1633/1633 1634/1634/1634 1690/1690/1690
f 1633/1633/1633 1690/1690/1690 1689/1689/1689
f 1634/1634/1634 1635/1635/1635 1691/1691/1691
f 1634/1634/1634 1691/1691/1691 1690/1690/1690
f 1635/1635/1635 1636/1636/1636 1692/1692/1692
f 1635/1635/1635 1692/1692/1692 1691/1691/1691
f 1636/1636/1636 1637/1637/1637 1693/1693/1693
f 1636/1636/1636 1693/1693/1693 1692/1692/1692
f 1637/1637/1637 1638/1638/1638 1694/1694/1694
f 1637/1637/1637 1694/1694/1694 1693/1693/1693
f 1638/1638/1638 1639/1639/1639 1695/1695/1695
f 1638/1638/1638 1695/1695/1695 1694/1694/1694
f 1639/1639/1639 1640/1640/1640 1696/1696/1696
f 1639/1639/1639 1696/1696/1696 1695/1695/1695
f 1640/1640/1640 1641/1641/1641 1697/1697/1697
f 1640/1640/1640 1697/1697/1697 1696/1696/1696
f 1641/1641/1641 1642/1642/1642 1698/1698/1698
f 1641/1641/1641 1698/1698/1698 1697/1697/1697
f 1642/1642/1642 1643/1643/1643 1699/1699/1699
f 1642/1642/1642 1699/1699/1699 1698/1698/1698
f 1643/1643/1643 1644/1644/1644 1700/1700/1700
f 1643/1643/1643 1700/1700/1700 1699/1699/1699
f 1644/1644/1644 1645/1645/1645 1701/1701/1701
f 1644/1644/1644 1701/1701/1701 1700/1700/1700
f 1645/1645/1645 1646/1646/1646 1702/1702/1702
f 1645/1645/1645 1702/1702/1702 1701/1701/1701
f 1646/1646/1646 1647/1647/1647 1703/1703/1703
f 1646/1646/1646 1703/1703/1703 1702/1702/1702
f 1647/1647/1647 1648/1648/1648 1704/1704/1704
f 1647/1647/1647 1704/1704/1704 1703/1703/1703
f 1648/1648/1648 1649/1649/1649 1705/1705/1705
f 1648/1648/1648 1705/1705/1705 1704/1704/1704
f 1649/1649/1649 1650/1650/1650 1706/1706/1706
f 1649/1649/1649 1706/1706/1706 1705/1705/1705
f 1650/1650/1650 1651/1651/1651 1707/1707/1707
f 1650/1650/1650 1707/1707/1707 1706/1706/1706
f 1651/1651/1651 1652/1652/1652 1708/1708/1708
f 1651/1651/1651 1708/1708/1708 1707/1707/1707
f 1652/1652/1652 1653/1653/1653 1709/1709/1709
f 1652/1652/1652 1709/1709/1709 1708/1708/1708
f 1653/1653/1653 1654/1654/1654 1710/1710/1710
f 1653/1653/1653 1710/1710/1710 1709/1709/1709
f 1654/1654/1654 1655/1655/1655 1711/1711/1711
f 1654/1654/1654 1711/1711/1711 1710/1710/1710
f 1655/1655/1655 1656/1656/1656 1712/1712/1712
f 1655/1655/1655 1712/1712/1712 1711/1711/1711
f 1656/1656/1656 1657/1657/1657 1713/1713/1713
f 1656/1656/1656 1713/1713/1713 1712/1712/1712
f 1657/1657/1657 1658/1658/1658 1714/1714/1714
f 1657/1657/1657 1714/1714/1714 1713/1713/1713
f 1658/1658/1658 1659/1659/1659 1715/1715/1715
f 1658/1658/1658 1715/1715/1715 1714/1714/1714
f 1659/1659/1659 1660/1660/1660 1716/1716/1716
f 1659/1659/1659 1716/1716/1716 1715/1715/1715
f 1660/1660/1660 1661/1661/1661 1717/1717/1717
f 1660/1660/1660 1717/1717/1717 1716/1716/1716
f 1661/1661/1661 1662/1662/1662 1718/1718/1718
f 1661/1661/1661 1718/1718/1718 1717/1717/1717
f 1662/1662/1662 1663/1663/1663 1719/1719/1719
f 1662/1662/1662 1719/1719/1719 1718/1718/1718
f 1663/1663/1663 1664/1664/1664 1720/1720/1720
f 1663/1663/1663 1720/1720/1720 1719/1719/1719
f 1664/1664/1664 1665/1665/1665 1721/1721/1721
f 1664/1664/1664 1721/1721/1721 1720/1720/1720
f 1665/1665/1665 1666/1666/1666 1722/1722/1722
f 1665/1665/1665 1722/1722/1722 1721/1721/1721
f 1666/1666/1666 1667/1667/1667 1723/1723/1723
f 1666/1666/1666 1723/1723/1723 1722/1722/1722
f 1667/1667/1667 1668/1668/1668 1724/1724/1724
f 1667/1667/1667 1724/1724/1724 1723/1723/1723
f 1668/1668/1668 1669/1669/1669 1725/1725/1725
f 1668/1668/1668 1725/1725/1725 1724/1724/1724
f 1669/1669/1669 1670/1670/1670 1726/1726/1726
f 1669/1669/1669 1726/1726/1726 1725/1725/1725
f 1670/1670/1670 1671/1671/1671 1727/1727/1727
f 1670/1670/1670 1727/1727/1727 1726/1726/1726
f 1671/1671/1671 1672/1672/1672 1728/1728/1728
f 1671/1671/1671 1728/1728/1728 1727/1727/1727
f 1672/1672/1672 1673/1673/1673 1729/1729/1729
f 1672/1672/1672 1729/1729/1729 1728/1728/1728
f 1673/1673/1673 1674/1674/1674 1730/1730/1730
f 1673/1673/1673 1730/1730/1730 1729/1729/1729
f 1674/1674/1674 1675/1675/1675 1731/1731/1731
f 1674/1674/1674 1731/1731/1731 1730/1730/1730
f 1675/1675/1675 1676/1676/1676 1732/1732/1732
f 1675/1675/1675 1732/1732/1732 1731/1731/1731
f 1676/1676/1676 1677/1677/1677 1733/1733/1733
f 1676/1676/1676 1733/1733/1733 1732/1732/1732
f 1677/1677/1677 1678/1678/1678 1734/1734/1734
f 1677/1677/1677 1734/1734/1734 1733/1733/1733
f 1678/1678/1678 1679/1679/1679 1735/1735/1735
f 1678/1678/1678 1735/1735/1735 1734/1734/1734
f 1679/1679/1679 1680/1680/1680 1736/1736/1736
f 1679/1679/1679 1736/1736/1736 1735/1735/1735
f 1680/1680/1680 1625/1625/1625 1681/1681/1681
f 1680/1680/1680 1681/1681/1681 1736/1736/1736
f 1681/1681/1681 1682/1682/1682 1738/1738/1738
f 1681/1681/1681 1738/1738/1738 1737/1737/1737
f 1682/1682/1682 1683/1683/1683 1739/1739/1739
f 1682/1682/1682 1739/1739/1739 1738/1738/1738
f 1683/1683/1683 1684/1684/1684 1740/1740/1740
f 1683/1683/1683 1740/1740/1740 1739/1739/1739
f 1684/1684/1684 1685/1685/1685 1741/1741/1741
f 1684/1684/1684 1741/1741/1741 1740/1740/1740
f 1685/1685/1685 1686/1686/1686 1742/1742/1742
f 1685/1685/1685 1742/1742/1742 1741/1741/1741
f 1686/1686/1686 1687/1687/1687 1743/1743/1743
f 1686/1686/1686 1743/1743/1743 1742/1742/1742
f 1687/1687/1687 1688/1688/1688 1744/1744/1744
f 1687/1687/1687 1744/1744/1744 1743/1743/1743
f 1688/1688/1688 1689/1689/1689 1745/1745/1745
f 1688/1688/1688 1745/1745/1745 1744/1744/1744
f 1689/1689/1689 1690/1690/1690 1746/1746/1746
f 1689/1689/1689 1746/1746/1746 1745/1745/1745
f 1690/1690/1690 1691/1691/1691 1747/1747/1747
f 1690/1690/1690 1747/1747/1747 1746/1746/1746
f 1691/1691/1691 1692/1692/1692 1748/1748/1748
f 1691/1691/1691 1748/1748/1748 1747/1747/1747
f 1692/1692/1692 1693/1693/1693 1749/1749/1749
f 1692/1692/1692 1749/1749/1749 1748/1748/1748
f 1693/1693/1693 1694/1694/1694 1750/1750/1750
f 1693/1693/1693 1750/1750/1750 1749/1749/1749
f 1694/1694/1694 1695/1695/1695 1751/1751/1751
f 1694/1694/1694 1751/1751/1751 1750/1750/1750
f 1695/1695/1695 1696/1696/1696 1752/1752/1752
f 1695/1695/1695 1752/1752/1752 1751/1751/1751
f 1696/1696/1696 1697/1697/1697 1753/1753/1753
f 1696/1696/1696 1753/1753/1753 1752/1752/1752
f 1697/1697/1697 1698/1698/1698 1754/1754/1754
f 1697/1697/1697 1754/1754/1754 1753/1753/1753
f 1698/1698/1698 1699/1699/1699 1755/1755/1755
f 1698/1698/1698 1755/1755/1755 1754/1754/1754
f 1699/1699/1699 1700/1700/1700 1756/1756/1756
f 1699/1699/1699 1756/1756/1756 1755/1755/1755
f 1700/1700/1700 1701/1701/1701 1757/1757/1757
f 1700/1700/1700 1757/1757/1757 1756/1756/1756
f 1701/1701/1701 1702/1702/1702 1758/1758/1758
f 1701/1701/1701 1758/1758/1758 1757/1757/1757
f 1702/1702/1702 1703/1703/1703 1759/1759/1759
f 1702/1702/1702 1759/1759/1759 1758/1758/1758
f 1703/1703/1703 1704/1704/1704 1760/1760/1760
f 1703/1703/1703 1760/1760/1760 1759/1759/1759
f 1704/1704/1704 1705/1705/1705 1761/1761/1761
f 1704/1704/1704 1761/1761/1761 1760/1760/1760
f 1705/1705/1705 1706/1706/1706 1762/1762/1762
f 1705/1705/1705 1762/1762/1762 1761/1761/1761
f 1706/1706/1706 1707/1707/1707 1763/1763/1763
f 1706/1706/1706 1763/1763/1763 1762/1762/1762
f 1707/1707/1707 1708/1708/1708 1764/1764/1764
f 1707/1707/1707 1764/1764/1764 1763/1763/1763
f 1708/1708/1708 1709/1709/1709 1765/1765/1765
f 1708/1708/1708 1765/1765/1765 1764/1764/1764
f 1709/1709/1709 1710/1710/1710 1766/1766/1766
f 1709/1709/1709 1766/1766/1766 1765/1765/1765
f 1710/1710/1710 1711/1711/1711 1767/1767/1767
f 1710/1710/1710 1767/1767/1767 1766/1766/1766
f 1711/1711/1711 1712/1712/1712 1768/1768/1768
f 1711/1711/1711 1768/1768/1768 1767/1767/1767
f 1712/1712/1712 1713/1713/1713 1769/1769/1769
f 1712/1712/1712 1769/1769/1769 1768/1768/1768
f 1713/1713/1713 1714/1714/1714 1770/1770/1770
f 1713/1713/1713 1770/1770/1770 1769/1769/1769
f 1714/1714/1714 1715/1715/1715 1771/1771/1771
f 1714/1714/1714 1771/1771/1771 1770/1770/1770
f 1715/1715/1715 1716/1716/1716 1772/1772/1772
f 1715/1715/1715 1772/1772/1772 1771/1771/1771
f 1716/1716/1716 1717/1717/1717 1773/1773/1773
f 1716/1716/1716 1773/1773/1773 1772/1772/1772
f 1717/1717/1717 1718/1718/1718 1774/1774/1774
f 1717/1717/1717 1774/1774/1774 1773/1773/1773
f 1718/1718/1718 1719/1719/1719 1775/1775/1775
f 1718/1718/1718 1775/1775/1775 1774/1774/1774
f 1719/1719/1719 1720/1720/1720 1776/1776/1776
f 1719/1719/1719 1776/1776/1776 1775/1775/1775
f 1720/1720/1720 1721/1721/1721 1777/1777/1777
f 1720/1720/1720 1777/1777/1777 1776/1776/1776
f 1721/1721/1721 1722/1722/1722 1778/1778/1778
f 1721/1721/1721 1778/1778/1778 1777/1777/1777
f 1722/1722/1722 1723/1723/1723 1779/1779/1779
f 1722/1722/1722 1779/1779/1779 1778/1778/1778
f 1723/1723/1723 1724/1724/1724 1780/1780/1780
f 1723/1723/1723 1780/1780/1780 1779/1779/1779
f 1724/1724/1724 1725/1725/1725 1781/1781/1781
f 1724/1724/1724 1781/1781/1781 1780/1780/1780
f 1725/1725/1725 1726/1726/1726 1782/1782/1782
f 1725/1725/1725 1782/1782/1782 1781/1781/1781
f 1726/1726/1726 1727/1727/1727 1783/1783/1783
f 1726/1726/1726 1783/1783/1783 1782/1782/1782
f 1727/1727/1727 1728/1728/1728 1784/1784/1784
f 1727/1727/1727 1784/1784/1784 1783/1783/1783
f 1728/1728/1728 1729/1729/1729 1785/1785/1785
f 1728/1728/1728 1785/1785/1785 1784/1784/1784
f 1729/1729/1729 1730/1730/1730 1786/1786/1786
f 1729/1729/1729 1786/1786/1786 1785/1785/1785
f 1730/1730/1730 1731/1731/1731 1787/1787/1787
f 1730/1730/1730 1787/1787/1787 1786/1786/1786
f 1731/1731/1731 1732/1732/1732 1788/1788/1788
f 1731/1731/1731 1788/1788/1788 1787/1787/1787
f 1732/1732/1732 1733/1733/1733 1789/1789/1789
f 1732/1732/1732 1789/1789/1789 1788/1788/1788
f 1733/1733/1733 1734/1734/1734 1790/1790/1790
f 1733/1733/1733 1790/1790/1790 1789/1789/1789
f 1734/1734/1734 1735/1735/1735 1791/1791/1791
f 1734/1734/1734 1791/1791/1791 1790/1790/1790
f 1735/1735/1735 1736/1736/1736 1792/1792/1792
f 1735/1735/1735 1792/1792/1792 1791/1791/1791
f 1736/1736/1736 1681/1681/1681 1737/1737/1737
f 1736/1736/1736 1737/1737/1737 1792/1792/1792
f 1737/1737/1737 1738/1738/1738 1794/1794/1794
f 1737/1737/1737 1794/1794/1794 1793/1793/1793
f 1738/1738/1738 1739/1739/1739 1795/1795/1795
f 1738/1738/1738 1795/1795/1795 1794/1794/1794
f 1739/1739/1739 1740/1740/1740 1796/1796/1796
f 1739/1739/1739 1796/1796/1796 1795/1795/1795
f 1740/1740/1740 1741/1741/1741 1797/1797/1797
f 1740/1740/1740 1797/1797/1797 1796/1796/1796
f 1741/1741/1741 1742/1742/1742 1798/1798/1798
f 1741/1741/1741 1798/1798/1798 1797/1797/1797
f 1742/1742/1742 1743/1743/1743 1799/1799/1799
f 1742/1742/1742 1799/1799/1799 1798/1798/1798
f 1743/1743/1743 1744/1744/1744 1800/1800/1800
f 1743/1743/1743 1800/1800/1800 1799/1799/1799
f 1744/1744/1744 1745/1745/1745 1801/1801/1801
f 1744/1744/1744 1801/1801/1801 1800/1800/1800
f 1745/1745/1745 1746/1746/1746 1802/1802/1802
f 1745/1745/1745 1802/1802/1802 1801/1801/1801
f 1746/1746/1746 1747/1747/1747 1803/1803/1803
f 1746/1746/1746 1803/1803/1803 1802/1802/1802
f 1747/1747/1747 1748/1748/1748 1804/1804/1804
f 1747/1747/1747 1804/1804/1804 1803/1803/1803
f 1748/1748/1748 1749/1749/1749 1805/1805/1805
f 1748/1748/1748 1805/1805/1805 1804/1804/1804
f 1749/1749/1749 1750/1750/1750 1806/1806/1806
f 1749/1749/1749 1806/1806/1806 1805/1805/1805
f 1750/1750/1750 1751/1751/1751 1807/1807/1807
f 1750/1750/1750 1807/1807/1807 1806/1806/1806
f 1751/1751/1751 1752/1752/1752 1808/1808/1808
f 1751/1751/1751 1808/1808/1808 1807/1807/1807
f 1752/1752/1752 1753/1753/1753 1809/1809/1809
f 1752/1752/1752 1809/1809/1809 1808/1808/1808
f 1753/1753/1753 1754/1754/1754 1810/1810/1810
f 1753/1753/1753 1810/1810/1810 1809/1809/1809
f 1754/1754/1754 1755/1755/1755 1811/1811/1811
f 1754/1754/1754 1811/1811/1811 1810/1810/1810
f 1755/1755/1755 1756/1756/1756 1812/1812/1812
f 1755/1755/1755 1812/1812/1812 1811/1811/1811
f 1756/1756/1756 1757/1757/1757 1813/1813/1813
f 1756/1756/1756 1813/1813/1813 1812/1812/1812
f 1757/1757/1757 1758/1758/1758 1814/1814/1814
f 1757/1757/1757 1814/1814/1814 1813/1813/1813
f 1758/1758/1758 1759/1759/1759 1815/1815/1815
f 1758/1758/1758 1815/1815/1815 1814/1814/1814
f 1759/1759/1759 1760/1760/1760 1816/1816/1816
f 1759/1759/1759 1816/1816/1816 1815/1815/1815
f 1760/1760/1760 1761/1761/1761 1817/1817/1817
f 1760/1760/1760 1817/1817/1817 1816/1816/1816
f 1761/1761/1761 1762/1762/1762 1818/1818/1818
f 1761/1761/1761 1818/1818/1818 1817/1817/1817
f 1762/1762/1762 1763/1763/1763 1819/1819/1819
f 1762/1762/1762 1819/1819/1819 1818/1818/1818
f 1763/1763/1763 1764/1764/1764 1820/1820/1820
f 1763/1763/1763 1820/1820/1820 1819/1819/1819
f 1764/1764/1764 1765/1765/1765 1821/1821/1821
f 1764/1764/1764 1821/1821/1821 1820/1820/1820
f 1765/1765/1765 1766/1766/1766 1822/1822/1822
f 1765/1765/1765 1822/1822/1822 1821/1821/1821
f 1766/1766/1766 1767/1767/1767 1823/1823/1823
f 1766/1766/1766 1823/1823/1823 1822/1822/1822
f 1767/1767/1767 1768/1768/1768 1824/1824/1824
f 1767/1767/1767 1824/1824/1824 1823/1823/1823
f 1768/1768/1768 1769/1769/1769 1825/1825/1825
f 1768/1768/1768 1825/1825/1825 1824/1824/1824
f 1769/1769/1769 1770/1770/1770 1826/1826/1826
f 1769/1769/1769 1826/1826/1826 1825/1825/1825
f 1770/1770/1770 1771/1771/1771 1827/1827/1827
f 1770/1770/1770 1827/1827/1827 1826/1826/1826
f 1771/1771/1771 1772/1772/1772 1828/1828/1828
f 1771/1771/1771 1828/1828/1828 1827/1827/1827
f 1772/1772/1772 1773/1773/1773 1829/1829/1829
f 1772/1772/1772 1829/1829/1829 1828/1828/1828
f 1773/1773/1773 1774/1774/1774 1830/1830/1830
f 1773/1773/1773 1830/1830/1830 1829/1829/1829
f 1774/1774/1774 1775/1775/1775 1831/1831/1831
f 1774/1774/1774 1831/1831/1831 1830/1830/1830
f 1775/1775/1775 1776/1776/1776 1832/1832/1832
f 1775/1775/1775 1832/1832/1832 1831/1831/1831
f 1776/1776/1776 1777/1777/1777 1833/1833/1833
f 1776/1776/1776 1833/1833/1833 1832/1832/1832
f 1777/1777/1777 1778/1778/1778 1834/1834/1834
f 1777/1777/1777 1834/1834/1834 1833/1833/1833
f 1778/1778/1778 1779/1779/1779 1835/1835/1835
f 1778/1778/1778 1835/1835/1835 1834/1834/1834
f 1779/1779/1779 1780/1780/1780 1836/1836/1836
f 1779/1779/1779 1836/1836/1836 1835/1835/1835
f 1780/1780/1780 1781/1781/1781 1837/1837/1837
f 1780/1780/1780 1837/1837/1837 1836/1836/1836
f 1781/1781/1781 1782/1782/1782 1838/1838/1838
f 1781/1781/1781 1838/1838/1838 1837/1837/1837
f 1782/1782/1782 1783/1783/1783 1839/1839/1839
f 1782/1782/1782 1839/1839/1839 1838/1838/1838
f 1783/1783/1783 1784/1784/1784 1840/1840/1840
f 1783/1783/1783 1840/1840/1840 1839/1839/1839
f 1784/1784/1784 1785/1785/1785 1841/1841/1841
f 1784/1784/1784 1841/1841/1841 1840/1840/1840
f 1785/1785/1785 1786/1786/1786 1842/1842/1842
f 1785/1785/1785 1842/1842/1842 1841/1841/1841
f 1786/1786/1786 1787/1787/1787 1843/1843/1843
f 1786/1786/1786 1843/1843/1843 1842/1842/1842
f 1787/1787/1787 1788/1788/1788 1844/1844/1844
f 1787/1787/1787 1844/1844/1844 1843/1843/1843
f 1788/1788/1788 1789/1789/1789 1845/1845/1845
f 1788/1788/1788 1845/1845/1845 1844/1844/1844
f 1789/1789/1789 1790/1790/1790 1846/1846/1846
f 1789/1789/1789 1846/1846/1846 1845/1845/1845
f 1790/1790/1790 1791/1791/1791 1847/1847/1847
f 1790/1790/1790 1847/1847/1847 1846/1846/1846
f 1791/1791/1791 1792/1792/1792 1848/1848/1848
f 1791/1791/1791 1848/1848/1848 1847/1847/1847
f 1792/1792/1792 1737/1737/1737 1793/1793/1793
f 1792/1792/1792 1793/1793/1793 1848/1848/1848
f 1793/1793/1793 1794/1794/1794 1850/1850/1850
f 1793/1793/1793 1850/1850/1850 1849/1849/1849
f 1794/1794/1794 1795/1795/1795 1851/1851/1851
f 1794/1794/1794 1851/1851/1851 1850/1850/1850
f 1795/1795/1795 1796/1796/1796 1852/1852/1852
f 1795/1795/1795 1852/1852/1852 1851/1851/1851
f 1796/1796/1796 1797/1797/1797 1853/1853/1853
f 1796/1796/1796 1853/1853/1853 1852/1852/1852
f 1797/1797/1797 1798/1798/1798 1854/1854/1854
f 1797/1797/1797 1854/1854/1854 1853/1853/1853
f 1798/1798/1798 1799/1799/1799 1855/1855/1855
f 1798/1798/1798 1855/1855/1855 1854/1854/1854
f 1799/1799/1799 1800/1800/1800 1856/1856/1856
f 1799/1799/1799 1856/1856/1856 1855/1855/1855
f 1800/1800/1800 1801/1801/1801 1857/1857/1857
f 1800/1800/1800 1857/1857/1857 1856/1856/1856
f 1801/1801/1801 1802/1802/1802 1858/1858/1858
f 1801/1801/1801 1858/1858/1858 1857/1857/1857
f 1802/1802/1802 1803/1803/1803 1859/1859/1859
f 1802/1802/1802 1859/1859/1859 1858/1858/1858
f 1803/1803/1803 1804/1804/1804 1860/1860/1860
f 1803/1803/1803 1860/1860/1860 1859/1859/1859
f 1804/1804/1804 1805/1805/1805 1861/1861/1861
f 1804/1804/1804 1861/1861/1861 1860/1860/1860
f 1805/1805/1805 1806/1806/1806 1862/1862/1862
f 1805/1805/1805 1862/1862/1862 1861/1861/1861
f 1806/1806/1806 1807/1807/1807 1863/1863/1863
f 1806/1806/1806 1863/1863/1863 1862/1862/1862
f 1807/1807/1807 1808/1808/1808 1864/1864/1864
f 1807/1807/1807 1864/1864/1864 1863/1863/1863
f 1808/1808/1808 1809/1809/1809 1865/1865/1865
f 1808/1808/1808 1865/1865/1865 1864/1864/1864
f 1809/1809/1809 1810/1810/1810 1866/1866/1866
f 1809/1809/1809 1866/1866/1866 1865/1865/1865
f 1810/1810/1810 1811/1811/1811 1867/1867/1867
f 1810/1810/1810 1867/1867/1867 1866/1866/1866
f 1811/1811/1811 1812/1812/1812 1868/1868/1868
f 1811/1811/1811 1868/1868/1868 1867/1867/1867
f 1812/1812/1812 1813/1813/1813 1869/1869/1869
f 1812/1812/1812 1869/1869/1869 1868/1868/1868
f 1813/1813/1813 1814/1814/1814 1870/1870/1870
f 1813/1813/1813 1870/1870/1870 1869/1869/1869
f 1814/1814/1814 1815/1815/1815 1871/1871/1871
f 1814/1814/1814 1871/1871/1871 1870/1870/1870
f 1815/1815/1815 1816/1816/1816 1872/1872/1872
f 1815/1815/1815 1872/1872/1872 1871/1871/1871
f 1816/1816/1816 1817/1817/1817 1873/1873/1873
f 1816/1816/1816 1873/1873/1873 1872/1872/1872
f 1817/1817/1817 1818/1818/1818 1874/1874/1874
f 1817/1817/1817 1874/1874/1874 1873/1873/1873
f 1818/1818/1818 1819/1819/1819 1875/1875/1875
f 1818/1818/1818 1875/1875/1875 1874/1874/1874
f 1819/1819/1819 1820/1820/1820 1876/1876/1876
f 1819/1819/1819 1876/1876/1876 1875/1875/1875
f 1820/1820/1820 1821/1821/1821 1877/1877/1877
f 1820/1820/1820 1877/1877/1877 1876/1876/1876
f 1821/1821/1821 1822/1822/1822 1878/1878/1878
f 1821/1821/1821 1878/1878/1878 1877/1877/1877
f 1822/1822/1822 1823/1823/1823 1879/1879/1879
f 1822/1822/1822 1879/1879/1879 1878/1878/1878
f 1823/1823/1823 1824/1824/1824 1880/1880/1880
f 1823/1823/1823 1880/1880/1880 1879/1879/1879
f 1824/1824/1824 1825/1825/1825 1881/1881/1881
f 1824/1824/1824 1881/1881/1881 1880/1880/1880
f 1825/1825/1825 1826/1826/1826 1882/1882/1882
f 1825/1825/1825 1882/1882/1882 1881/1881/1881
f 1826/1826/1826 1827/1827/1827 1883/1883/1883
f 1826/1826/1826 1883/1883/1883 1882/1882/1882
f 1827/1827/1827 1828/1828/1828 1884/1884/1884
f 1827/1827/1827 1884/1884/1884 1883/1883/1883
f 1828/1828/1828 1829/1829/1829 1885/1885/1885
f 1828/1828/1828 1885/1885/1885 1884/1884/1884
f 1829/1829/1829 1830/1830/1830 1886/1886/1886
f 1829/1829/1829 1886/1886/1886 1885/1885/1885
f 1830/1830/1830 1831/1831/1831 1887/1887/1887
f 1830/1830/1830 1887/1887/1887 1886/1886/1886
f 1831/1831/1831 1832/1832/1832 1888/1888/1888
f 1831/1831/1831 1888/1888/1888 1887/1887/1887
f 1832/1832/1832 1833/1833/1833 1889/1889/1889
f 1832/1832/1832 1889/1889/1889 1888/1888/1888
f 1833/1833/1833 1834/1834/1834 1890/1890/1890
f 1833/1833/1833 1890/1890/1890 1889/1889/1889
f 1834/1834/1834 1835/1835/1835 1891/1891/1891
f 1834/1834/1834 1891/1891/1891 1890/1890/1890
f 1835/1835/1835 1836/1836/1836 1892/1892/1892
f 1835/1835/1835 1892/1892/1892 1891/1891/1891
f 1836/1836/1836 1837/1837/1837 1893/1893/1893
f 1836/1836/1836 1893/1893/1893 1892/1892/1892
f 1837/1837/1837 1838/1838/1838 1894/1894/1894
f 1837/1837/1837 1894/1894/1894 1893/1893/1893
f 1838/1838/1838 1839/1839/1839 1895/1895/1895
f 1838/1838/1838 1895/1895/1895 1894/1894/1894
f 1839/1839/1839 1840/1840/1840 1896/1896/1896
f 1839/1839/1839 1896/1896/1896 1895/1895/1895
f 1840/1840/1840 1841/1841/1841 1897/1897/1897
f 1840/1840/1840 1897/1897/1897 1896/1896/1896
f 1841/1841/1841 1842/1842/1842 1898/1898/1898
f 1841/1841/1841 1898/1898/1898 1897/1897/1897
f 1842/1842/1842 1843/1843/1843 1899/1899/1899
f 1842/1842/1842 1899/1899/1899 1898/1898/1898
f 1843/1843/1843 1844/1844/1844 1900/1900/1900
f 1843/1843/1843 1900/1900/1900 1899/1899/1899
f 1844/1844/1844 1845/1845/1845 1901/1901/1901
f 1844/1844/1844 1901/1901/1901 1900/1900/1900
f 1845/1845/1845 1846/1846/1846 1902/1902/1902
f 1845/1845/1845 1902/1902/1902 1901/1901/1901
f 1846/1846/1846 1847/1847/1847 1903/1903/1903
f 1846/1846/1846 1903/1903/1903 1902/1902/1902
f 1847/1847/1847 1848/1848/1848 1904/1904/1904
f 1847/1847/1847 1904/1904/1904 1903/1903/1903
f 1848/1848/1848 1793/1793/1793 1849/1849/1849
f 1848/1848/1848 1849/1849/1849 1904/1904/1904
f 1849/1849/1849 1850/1850/1850 1906/1906/1906
f 1849/1849/1849 1906/1906/1906 1905/1905/1905
f 1850/1850/1850 1851/1851/1851 1907/1907/1907
f 1850/1850/1850 1907/1907/1907 1906/1906/1906
f 1851/1851/1851 1852/1852/1852 1908/1908/1908
f 1851/1851/1851 1908/1908/1908 1907/1907/1907
f 1852/1852/1852 1853/1853/1853 1909/1909/1909
f 1852/1852/1852 1909/1909/1909 1908/1908/1908
f 1853/1853/1853 1854/1854/1854 1910/1910/1910
f 1853/1853/1853 1910/1910/1910 1909/1909/1909
f 1854/1854/1854 1855/1855/1855 1911/1911/1911
f 1854/1854/1854 1911/1911/1911 1910/1910/1910
f 1855/1855/1855 1856/1856/1856 1912/1912/1912
f 1855/1855/1855 1912/1912/1912 1911/1911/1911
f 1856/1856/1856 1857/1857/1857 1913/1913/1913
f 1856/1856/1856 1913/1913/1913 1912/1912/1912
f 1857/1857/1857 1858/1858/1858 1914/1914/1914
f 1857/1857/1857 1914/1914/1914 1913/1913/1913
f 1858/1858/1858 1859/1859/1859 1915/1915/1915
f 1858/1858/1858 1915/1915/1915 1914/1914/1914
f 1859/1859/1859 1860/1860/1860 1916/1916/1916
f 1859/1859/1859 1916/1916/1916 1915/1915/1915
f 1860/1860/1860 1861/1861/1861 1917/1917/1917
f 1860/1860/1860 1917/1917/1917 1916/1916/1916
f 1861/1861/1861 1862/1862/1862 1918/1918/1918
f 1861/1861/1861 1918/1918/1918 1917/1917/1917
f 1862/1862/1862 1863/1863/1863 1919/1919/1919
f 1862/1862/1862 1919/1919/1919 1918/1918/1918
f 1863/1863/1863 1864/1864/1864 1920/1920/1920
f 1863/1863/1863 1920/1920/1920 1919/1919/1919
f 1864/1864/1864 1865/1865/1865 1921/1921/1921
f 1864/1864/1864 1921/1921/1921 1920/1920/1920
f 1865/1865/1865 1866/1866/1866 1922/1922/1922
f 1865/1865/1865 1922/1922/1922 1921/1921/1921
f 1866/1866/1866 1867/1867/1867 1923/1923/1923
f 1866/1866/1866 1923/1923/1923 1922/1922/1922
f 1867/1867/1867 1868/1868/1868 1924/1924/1924
f 1867/1867/1867 1924/1924/1924 1923/1923/1923
f 1868/1868/1868 1869/1869/1869 1925/1925/1925
f 1868/1868/1868 1925/1925/1925 1924/1924/1924
f 1869/1869/1869 1870/1870/1870 1926/1926/1926
f 1869/1869/1869 1926/1926/1926 1925/1925/1925
f 1870/1870/1870 1871/1871/1871 1927/1927/1927
f 1870/1870/1870 1927/1927/1927 1926/1926/1926
f 1871/1871/1871 1872/1872/1872 1928/1928/1928
f 1871/1871/1871 1928/1928/1928 1927/1927/1927
f 1872/1872/1872 1873/1873/1873 1929/1929/1929
f 1872/1872/1872 1929/1929/1929 1928/1928/1928
f 1873/1873/1873 1874/1874/1874 1930/1930/1930
f 1873/1873/1873 1930/1930/1930 1929/1929/1929
f 1874/1874/1874 1875/1875/1875 1931/1931/1931
f 1874/1874/1874 1931/1931/1931 1930/1930/1930
f 1875/1875/1875 1876/1876/1876 1932/1932/1932
f 1875/1875/1875 1932/1932/1932 1931/1931/1931
f 1876/1876/1876 1877/1877/1877 1933/1933/1933
f 1876/1876/1876 1933/1933/1933 1932/1932/1932
f 1877/1877/1877 1878/1878/1878 1934/1934/1934
f 1877/1877/1877 1934/1934/1934 1933/1933/1933
f 1878/1878/1878 1879/1879/1879 1935/1935/1935
f 1878/1878/1878 1935/1935/1935 1934/1934/1934
f 1879/1879/1879 1880/1880/1880 1936/1936/1936
f 1879/1879/1879 1936/1936/1936 1935/1935/1935
f 1880/1880/1880 1881/1881/1881 1937/1937/1937
f 1880/1880/1880 1937/1937/1937 1936/1936/1936
f 1881/1881/1881 1882/1882/1882 1938/1938/1938
f 1881/1881/1881 1938/1938/1938 1937/1937/1937
f 1882/1882/1882 1883/1883/1883 1939/1939/1939
f 1882/1882/1882 1939/1939/1939 1938/1938/1938
f 1883/1883/1883 1884/1884/1884 1940/1940/1940
f 1883/1883/1883 1940/1940/1940 1939/1939/1939
f 1884/1884/1884 1885/1885/1885 1941/1941/1941
f 1884/1884/1884 1941/1941/1941 1940/1940/1940
f 1885/1885/1885 1886/1886/1886 1942/1942/1942
f 1885/1885/1885 1942/1942/1942 1941/1941/1941
f 1886/1886/1886 1887/1887/1887 1943/1943/1943
f 1886/1886/1886 1943/1943/1943 1942/1942/1942
f 1887/1887/1887 1888/1888/1888 1944/1944/1944
f 1887/1887/1887 1944/1944/1944 1943/1943/1943
f 1888/1888/1888 1889/1889/1889 1945/1945/1945
f 1888/1888/1888 1945/1945/1945 1944/1944/1944
f 1889/1889/1889 1890/1890/1890 1946/1946/1946
f 1889/1889/1889 1946/1946/1946 1945/1945/1945
f 1890/1890/1890 1891/1891/1891 1947/1947/1947
f 1890/1890/1890 1947/1947/1947 1946/1946/1946
f 1891/1891/1891 1892/1892/1892 1948/1948/1948
f 1891/1891/1891 1948/1948/1948 1947/1947/1947
f 1892/1892/1892 1893/1893/1893 1949/1949/1949
f 1892/1892/1892 1949/1949/1949 1948/1948/1948
f 1893/1893/1893 1894/1894/1894 1950/1950/1950
f 1893/1893/1893 1950/1950/1950 1949/1949/1949
f 1894/1894/1894 1895/1895/1895 1951/1951/1951
f 1894/1894/1894 1951/1951/1951 1950/1950/1950
f 1895/1895/1895 1896/1896/1896 1952/1952/1952
f 1895/1895/1895 1952/1952/1952 1951/1951/1951
f 1896/1896/1896 1897/1897/1897 1953/1953/1953
f 1896/1896/1896 1953/1953/1953 1952/1952/1952
f 1897/1897/1897 1898/1898/1898 1954/1954/1954
f 1897/1897/1897 1954/1954/1954 1953/1953/1953
f 1898/1898/1898 1899/1899/1899 1955/1955/1955
f 1898/1898/1898 1955/1955/1955 1954/1954/1954
f 1899/1899/1899 1900/1900/1900 1956/1956/1956
f 1899/1899/1899 1956/1956/1956 1955/1955/1955
f 1900/1900/1900 1901/1901/1901 1957/1957/1957
f 1900/1900/1900 1957/1957/1957 1956/1956/1956
f 1901/1901/1901 1902/1902/1902 1958/1958/1958
f 1901/1901/1901 1958/1958/1958 1957/1957/1957
f 1902/1902/1902 1903/1903/1903 1959/1959/1959
f 1902/1902/1902 1959/1959/1959 1958/1958/1958
f 1903/1903/1903 1904/1904/1904 1960/1960/1960
f 1903/1903/1903 1960/1960/1960 1959/1959/1959
f 1904/1904/1904 1849/1849/1849 1905/1905/1905
f 1904/1904/1904 1905/1905/1905 1960/1960/1960
f 1905/1905/1905 1906/1906/1906 1962/1962/1962
f 1905/1905/1905 1962/1962/1962 1961/1961/1961
f 1906/1906/1906 1907/1907/1907 1963/1963/1963
f 1906/1906/1906 1963/1963/1963 1962/1962/1962
f 1907/1907/1907 1908/1908/1908 1964/1964/1964
f 1907/1907/1907 1964/1964/1964 1963/1963/1963
f 1908/1908/1908 1909/1909/1909 1965/1965/1965
f 1908/1908/1908 1965/1965/1965 1964/1964/1964
f 1909/1909/1909 1910/1910/1910 1966/1966/1966
f 1909/1909/1909 1966/1966/1966 1965/1965/1965
f 1910/1910/1910 1911/1911/1911 1967/1967/1967
f 1910/1910/1910 1967/1967/1967 1966/1966/1966
f 1911/1911/1911 1912/1912/1912 1968/1968/1968
f 1911/1911/1911 1968/1968/1968 1967/1967/1967
f 1912/1912/1912 1913/1913/1913 1969/1969/1969
f 1912/1912/1912 1969/1969/1969 1968/1968/1968
f 1913/1913/1913 1914/1914/1914 1970/1970/1970
f 1913/1913/1913 1970/1970/1970 1969/1969/1969
f 1914/1914/1914 1915/1915/1915 1971/1971/1971
f 1914/1914/1914 1971/1971/1971 1970/1970/1970
f 1915/1915/1915 1916/1916/1916 1972/1972/1972
f 1915/1915/1915 1972/1972/1972 1971/1971/1971
f 1916/1916/1916 1917/1917/1917 1973/1973/1973
f 1916/1916/1916 1973/1973/1973 1972/1972/1972
f 1917/1917/1917 1918/1918/1918 1974/1974/1974
f 1917/1917/1917 1974/1974/1974 1973/1973/1973
f 1918/1918/1918 1919/1919/1919 1975/1975/1975
f 1918/1918/1918 1975/1975/1975 1974/1974/1974
f 1919/1919/1919 1920/1920/1920 1976/1976/1976
f 1919/1919/1919 1976/1976/1976 1975/1975/1975
f 1920/1920/1920 1921/1921/1921 1977/1977/1977
f 1920/1920/1920 1977/1977/1977 1976/1976/1976
f 1921/1921/1921 1922/1922/1922 1978/1978/1978
f 1921/1921/1921 1978/1978/1978 1977/1977/1977
f 1922/1922/1922 1923/1923/1923 1979/1979/1979
f 1922/1922/1922 1979/1979/1979 1978/1978/1978
f 1923/1923/1923 1924/1924/1924 1980/1980/1980
f 1923/1923/1923 1980/1980/1980 1979/1979/1979
f 1924/1924/1924 1925/1925/1925 1981/1981/1981
f 1924/1924/1924 1981/1981/1981 1980/1980/1980
f 1925/1925/1925 1926/1926/1926 1982/1982/1982
f 1925/1925/1925 1982/1982/1982 1981/1981/1981
f 1926/1926/1926 1927/1927/1927 1983/1983/1983
f 1926/1926/1926 1983/1983/1983 1982/1982/1982
f 1927/1927/1927 1928/1928/1928 1984/1984/1984
f 1927/1927/1927 1984/1984/1984 1983/1983/1983
f 1928/1928/1928 1929/1929/1929 1985/1985/1985
f 1928/1928/1928 1985/1985/1985 1984/1984/1984
f 1929/1929/1929 1930/1930/1930 1986/1986/1986
f 1929/1929/1929 1986/1986/1986 1985/1985/1985
f 1930/1930/1930 1931/1931/1931 1987/1987/1987
f 1930/1930/1930 1987/1987/1987 1986/1986/1986
f 1931/1931/1931 1932/1932/1932 1988/1988/1988
f 1931/1931/1931 1988/1988/1988 1987/1987/1987
f 1932/1932/1932 1933/1933/1933 1989/1989/1989
f 1932/1932/1932 1989/1989/1989 1988/1988/1988
f 1933/1933/1933 1934/1934/1934 1990/1990/1990
f 1933/1933/1933 1990/1990/1990 1989/1989/1989
f 1934/1934/1934 1935/1935/1935 1991/1991/1991
f 1934/1934/1934 1991/1991/1991 1990/1990/1990
f 1935/1935/1935 1936/1936/1936 1992/1992/1992
f 1935/1935/1935 1992/1992/1992 1991/1991/1991
f 1936/1936/1936 1937/1937/1937 1993/1993/1993
f 1936/1936/1936 1993/1993/1993 1992/1992/1992
f 1937/1937/1937 1938/1938/1938 1994/1994/1994
f 1937/1937/1937 1994/1994/1994 1993/1993/1993
f 1938/1938/1938 1939/1939/1939 1995/1995/1995
f 1938/1938/1938 1995/1995/1995 1994/1994/1994
f 1939/1939/1939 1940/1940/1940 1996/1996/1996
f 1939/1939/1939 1996/1996/1996 1995/1995/1995
f 1940/1940/1940 1941/1941/1941 1997/1997/1997
f 1940/1940/1940 1997/1997/1997 1996/1996/1996
f 1941/1941/1941 1942/1942/1942 1998/1998/1998
f 1941/1941/1941 1998/1998/1998 1997/1997/1997
f 1942/1942/1942 1943/1943/1943 1999/1999/1999
f 1942/1942/1942 1999/1999/1999 1998/1998/1998
f 1943/1943/1943 1944/1944/1944 2000/2000/2000
f 1943/1943/1943 2000/2000/2000 1999/1999/1999
f 1944/1944/1944 1945/1945/1945 2001/2001/2001
f 1944/1944/1944 2001/2001/2001 2000/2000/2000
f 1945/1945/1945 1946/1946/1946 2002/2002/2002
f 1945/1945/1945 2002/2002/2002 2001/2001/2001
f 1946/1946/1946 1947/1947/1947 2003/2003/2003
f 1946/1946/1946 2003/2003/2003 2002/2002/2002
f 1947/1947/1947 1948/1948/1948 2004/2004/2004
f 1947/1947/1947 2004/2004/2004 2003/2003/2003
f 1948/1948/1948 1949/1949/1949 2005/2005/2005
f 1948/1948/1948 2005/2005/2005 2004/2004/2004
f 1949/1949/1949 1950/1950/1950 2006/2006/2006
f 1949/1949/1949 2006/2006/2006 2005/2005/2005
f 1950/1950/1950 1951/1951/1951 2007/2007/2007
f 1950/1950/1950 2007/2007/2007 2006/2006/2006
f 1951/1951/1951 1952/1952/1952 2008/2008/2008
f 1951/1951/1951 2008/2008/2008 2007/2007/2007
f 1952/1952/1952 1953/1953/1953 2009/2009/2009
f 1952/1952/1952 2009/2009/2009 2008/2008/2008
f 1953/1953/1953 1954/1954/1954 2010/2010/2010
f 1953/1953/1953 2010/2010/2010 2009/2009/2009
f 1954/1954/1954 1955/1955/1955 2011/2011/2011
f 1954/1954/1954 2011/2011/2011 2010/2010/2010
f 1955/1955/1955 1956/1956/1956 2012/2012/2012
f 1955/1955/1955 2012/2012/2012 2011/2011/2011
f 1956/1956/1956 1957/1957/1957 2013/2013/2013
f 1956/1956/1956 2013/2013/2013 2012/2012/2012
f 1957/1957/1957 1958/1958/1958 2014/2014/2014
f 1957/1957/1957 2014/2014/2014 2013/2013/2013
f 1958/1958/1958 1959/1959/1959 2015/2015/2015
f 1958/1958/1958 2015/2015/2015 2014/2014/2014
f 1959/1959/1959 1960/1960/1960 2016/2016/2016
f 1959/1959/1959 2016/2016/2016 2015/2015/2015
f 1960/1960/1960 1905/1905/1905 1961/1961/1961
f 1960/1960/1960 1961/1961/1961 2016/2016/2016
f 1961/1961/1961 1962/1962/1962 2018/2018/2018
f 1961/1961/1961 2018/2018/2018 2017/2017/2017
f 1962/1962/1962 1963/1963/1963 2019/2019/2019
f 1962/1962/1962 2019/2019/2019 2018/2018/2018
f 1963/1963/1963 1964/1964/1964 2020/2020/2020
f 1963/1963/1963 2020/2020/2020 2019/2019/2019
f 1964/1964/1964 1965/1965/1965 2021/2021/2021
f 1964/1964/1964 2021/2021/2021 2020/2020/2020
f 1965/1965/1965 1966/1966/1966 2022/2022/2022
f 1965/1965/1965 2022/2022/2022 2021/2021/2021
f 1966/1966/1966 1967/1967/1967 2023/2023/2023
f 1966/1966/1966 2023/2023/2023 2022/2022/2022
f 1967/1967/1967 1968/1968/1968 2024/2024/2024
f 1967/1967/1967 2024/2024/2024 2023/2023/2023
f 1968/1968/1968 1969/1969/1969 2025/2025/2025
f 1968/1968/1968 2025/2025/2025 2024/2024/2024
f 1969/1969/1969 1970/1970/1970 2026/2026/2026
f 1969/1969/1969 2026/2026/2026 2025/2025/2025
f 1970/1970/1970 1971/1971/1971 2027/2027/2027
f 1970/1970/1970 2027/2027/2027 2026/2026/2026
f 1971/1971/1971 1972/1972/1972 2028/2028/2028
f 1971/1971/1971 2028/2028/2028 2027/2027/2027
f 1972/1972/1972 1973/1973/1973 2029/2029/2029
f 1972/1972/1972 2029/2029/2029 2028/2028/2028
f 1973/1973/1973 1974/1974/1974 2030/2030/2030
f 1973/1973/1973 2030/2030/2030 2029/2029/2029
f 1974/1974/1974 1975/1975/1975 2031/2031/2031
f 1974/1974/1974 2031/2031/2031 2030/2030/2030
f 1975/1975/1975 1976/1976/1976 2032/2032/2032
f 1975/1975/1975 2032/2032/2032 2031/2031/2031
f 1976/1976/1976 1977/1977/1977 2033/2033/2033
f 1976/1976/1976 2033/2033/2033 2032/2032/2032
f 1977/1977/1977 1978/1978/1978 2034/2034/2034
f 1977/1977/1977 2034/2034/2034 2033/2033/2033
f 1978/1978/1978 1979/1979/1979 2035/2035/2035
f 1978/1978/1978 2035/2035/2035 2034/2034/2034
f 1979/1979/1979 1980/1980/1980 2036/2036/2036
f 1979/1979/1979 2036/2036/2036 2035/2035/2035
f 1980/1980/1980 1981/1981/1981 2037/2037/2037
f 1980/1980/1980 2037/2037/2037 2036/2036/2036
f 1981/1981/1981 1982/1982/1982 2038/2038/2038
f 1981/1981/1981 2038/2038/2038 2037/2037/2037
f 1982/1982/1982 1983/1983/1983 2039/2039/2039
f 1982/1982/1982 2039/2039/2039 2038/2038/2038
f 1983/1983/1983 1984/1984/1984 2040/2040/2040
f 1983/1983/1983 2040/2040/2040 2039/2039/2039
f 1984/1984/1984 1985/1985/1985 2041/2041/2041
f 1984/1984/1984 2041/2041/2041 2040/2040/2040
f 1985/1985/1985 1986/1986/1986 2042/2042/2042
f 1985/1985/1985 2042/2042/2042 2041/2041/2041
f 1986/1986/1986 1987/1987/1987 2043/2043/2043
f 1986/1986/1986 2043/2043/2043 2042/2042/2042
f 1987/1987/1987 1988/1988/1988 2044/2044/2044
f 1987/1987/1987 2044/2044/2044 2043/2043/2043
f 1988/1988/1988 1989/1989/1989 2045/2045/2045
f 1988/1988/1988 2045/2045/2045 2044/2044/2044
f 1989/1989/1989 1990/1990/1990 2046/2046/2046
f 1989/1989/1989 2046/2046/2046 2045/2045/2045
f 1990/1990/1990 1991/1991/1991 2047/2047/2047
f 1990/1990/1990 2047/2047/2047 2046/2046/2046
f 1991/1991/1991 1992/1992/1992 2048/2048/2048
f 1991/1991/1991 2048/2048/2048 2047/2047/2047
f 1992/1992/1992 1993/1993/1993 2049/2049/2049
f 1992/1992/1992 2049/2049/2049 2048/2048/2048
f 1993/1993/1993 1994/1994/1994 2050/2050/2050
f 1993/1993/1993 2050/2050/2050 2049/2049/2049
f 1994/1994/1994 1995/1995/1995 2051/2051/2051
f 1994/1994/1994 2051/2051/2051 2050/2050/2050
f 1995/1995/1995 1996/1996/1996 2052/2052/2052
f 1995/1995/1995 2052/2052/2052 2051/2051/2051
f 1996/1996/1996 1997/1997/1997 2053/2053/2053
f 1996/1996/1996 2053/2053/2053 2052/2052/2052
f 1997/1997/1997 1998/1998/1998 2054/2054/2054
f 1997/1997/1997 2054/2054/2054 2053/2053/2053
f 1998/1998/1998 1999/1999/1999 2055/2055/2055
f 1998/1998/1998 2055/2055/2055 2054/2054/2054
f 1999/1999/1999 2000/2000/2000 2056/2056/2056
f 1999/1999/1999 2056/2056/2056 2055/2055/2055
f 2000/2000/2000 2001/2001/2001 2057/2057/2057
f 2000/2000/2000 2057/2057/2057 2056/2056/2056
f 2001/2001/2001 2002/2002/2002 2058/2058/2058
f 2001/2001/2001 2058/2058/2058 2057/2057/2057
f 2002/2002/2002 2003/2003/2003 2059/2059/2059
f 2002/2002/2002 2059/2059/2059 2058/2058/2058
f 2003/2003/2003 2004/2004/2004 2060/2060/2060
f 2003/2003/2003 2060/2060/2060 2059/2059/2059
f 2004/2004/2004 2005/2005/2005 2061/2061/2061
f 2004/2004/2004 2061/2061/2061 2060/2060/2060
f 2005/2005/2005 2006/2006/2006 2062/2062/2062
f 2005/2005/2005 2062/2062/2062 2061/2061/2061
f 2006/2006/2006 2007/2007/2007 2063/2063/2063
f 2006/2006/2006 2063/2063/2063 2062/2062/2062
f 2007/2007/2007 2008/2008/2008 2064/2064/2064
f 2007/2007/2007 2064/2064/2064 2063/2063/2063
f 2008/2008/2008 2009/2009/2009 2065/2065/2065
f 2008/2008/2008 2065/2065/2065 2064/2064/2064
f 2009/2009/2009 2010/2010/2010 2066/2066/2066
f 2009/2009/2009 2066/2066/2066 2065/2065/2065
f 2010/2010/2010 2011/2011/2011 2067/2067/2067
f 2010/2010/2010 2067/2067/2067 2066/2066/2066
f 2011/2011/2011 2012/2012/2012 2068/2068/2068
f 2011/2011/2011 2068/2068/2068 2067/2067/2067
f 2012/2012/2012 2013/2013/2013 2069/2069/2069
f 2012/2012/2012 2069/2069/2069 2068/2068/2068
f 2013/2013/2013 2014/2014/2014 2070/2070/2070
f 2013/2013/2013 2070/2070/2070 2069/2069/2069
f 2014/2014/2014 2015/2015/2015 2071/2071/2071
f 2014/2014/2014 2071/2071/2071 2070/2070/2070
f 2015/2015/2015 2016/2016/2016 2072/2072/2072
f 2015/2015/2015 2072/2072/2072 2071/2071/2071
f 2016/2016/2016 1961/1961/1961 2017/2017/2017
f 2016/2016/2016 2017/2017/2017 2072/2072/2072
f 2017/2017/2017 2018/2018/2018 2074/2074/2074
f 2017/2017/2017 2074/2074/2074 2073/2073/2073
f 2018/2018/2018 2019/2019/2019 2075/2075/2075
f 2018/2018/2018 2075/2075/2075 2074/2074/2074
f 2019/2019/2019 2020/2020/2020 2076/2076/2076
f 2019/2019/2019 2076/2076/2076 2075/2075/2075
f 2020/2020/2020 2021/2021/2021 2077/2077/2077
f 2020/2020/2020 2077/2077/2077 2076/2076/2076
f 2021/2021/2021 2022/2022/2022 2078/2078/2078
f 2021/2021/2021 2078/2078/2078 2077/2077/2077
f 2022/2022/2022 2023/2023/2023 2079/2079/2079
f 2022/2022/2022 2079/2079/2079 2078/2078/2078
f 2023/2023/2023 2024/2024/2024 2080/2080/2080
f 2023/2023/2023 2080/2080/2080 2079/2079/2079
f 2024/2024/2024 2025/2025/2025 2081/2081/2081
f 2024/2024/2024 2081/2081/2081 2080/2080/2080
f 2025/2025/2025 2026/2026/2026 2082/2082/2082
f 2025/2025/2025 2082/2082/2082 2081/2081/2081
f 2026/2026/2026 2027/2027/2027 2083/2083/2083
f 2026/2026/2026 2083/2083/2083 2082/2082/2082
f 2027/2027/2027 2028/2028/2028 2084/2084/2084
f 2027/2027/2027 2084/2084/2084 2083/2083/2083
f 2028/2028/2028 2029/2029/2029 2085/2085/2085
f 2028/2028/2028 2085/2085/2085 2084/2084/2084
f 2029/2029/2029 2030/2030/2030 2086/2086/2086
f 2029/2029/2029 2086/2086/2086 2085/2085/2085
f 2030/2030/2030 2031/2031/2031 2087/2087/2087
f 2030/2030/2030 2087/2087/2087 2086/2086/2086
f 2031/2031/2031 2032/2032/2032 2088/2088/2088
f 2031/2031/2031 2088/2088/2088 2087/2087/2087
f 2032/2032/2032 2033/2033/2033 2089/2089/2089
f 2032/2032/2032 2089/2089/2089 2088/2088/2088
f 2033/2033/2033 2034/2034/2034 2090/2090/2090
f 2033/2033/2033 2090/2090/2090 2089/2089/2089
f 2034/2034/2034 2035/2035/2035 2091/2091/2091
f 2034/2034/2034 2091/2091/2091 2090/2090/2090
f 2035/2035/2035 2036/2036/2036 2092/2092/2092
f 2035/2035/2035 2092/2092/2092 2091/2091/2091
f 2036/2036/2036 2037/2037/2037 2093/2093/2093
f 2036/2036/2036 2093/2093/2093 2092/2092/2092
f 2037/2037/2037 2038/2038/2038 2094/2094/2094
f 2037/2037/2037 2094/2094/2094 2093/2093/2093
f 2038/2038/2038 2039/2039/2039 2095/2095/2095
f 2038/2038/2038 2095/2095/2095 2094/2094/2094
f 2039/2039/2039 2040/2040/2040 2096/2096/2096
f 2039/2039/2039 2096/2096/2096 2095/2095/2095
f 2040/2040/2040 2041/2041/2041 2097/2097/2097
f 2040/2040/2040 2097/2097/2097 2096/2096/2096
f 2041/2041/2041 2042/2042/2042 2098/2098/2098
f 2041/2041/2041 2098/2098/2098 2097/2097/2097
f 2042/2042/2042 2043/2043/2043 2099/2099/2099
f 2042/2042/2042 2099/2099/2099 2098/2098/2098
f 2043/2043/2043 2044/2044/2044 2100/2100/2100
f 2043/2043/2043 2100/2100/2100 2099/2099/2099
f 2044/2044/2044 2045/2045/2045 2101/2101/2101
f 2044/2044/2044 2101/2101/2101 2100/2100/2100
f 2045/2045/2045 2046/2046/2046 2102/2102/2102
f 2045/2045/2045 2102/2102/2102 2101/2101/2101
f 2046/2046/2046 2047/2047/2047 2103/2103/2103
f 2046/2046/2046 2103/2103/2103 2102/2102/2102
f 2047/2047/2047 2048/2048/2048 2104/2104/2104
f 2047/2047/2047 2104/2104/2104 2103/2103/2103
f 2048/2048/2048 2049/2049/2049 2105/2105/2105
f 2048/2048/2048 2105/2105/2105 2104/2104/2104
f 2049/2049/2049 2050/2050/2050 2106/2106/2106
f 2049/2049/2049 2106/2106/2106 2105/2105/2105
f 2050/2050/2050 2051/2051/2051 2107/2107/2107
f 2050/2050/2050 2107/2107/2107 2106/2106/2106
f 2051/2051/2051 2052/2052/2052 2108/2108/2108
f 2051/2051/2051 2108/2108/2108 2107/2107/2107
f 2052/2052/2052 2053/2053/2053 2109/2109/2109
f 2052/2052/2052 2109/2109/2109 2108/2108/2108
f 2053/2053/2053 2054/2054/2054 2110/2110/2110
f 2053/2053/2053 2110/2110/2110 2109/2109/2109
f 2054/2054/2054 2055/2055/2055 2111/2111/2111
f 2054/2054/2054 2111/2111/2111 2110/2110/2110
f 2055/2055/2055 2056/2056/2056 2112/2112/2112
f 2055/2055/2055 2112/2112/2112 2111/2111/2111
f 2056/2056/2056 2057/2057/2057 2113/2113/2113
f 2056/2056/2056 2113/2113/2113 2112/2112/2112
f 2057/2057/2057 2058/2058/2058 2114/2114/2114
f 2057/2057/2057 2114/2114/2114 2113/2113/2113
f 2058/2058/2058 2059/2059/2059 2115/2115/2115
f 2058/2058/2058 2115/2115/2115 2114/2114/2114
f 2059/2059/2059 2060/2060/2060 2116/2116/2116
f 2059/2059/2059 2116/2116/2116 2115/2115/2115
f 2060/2060/2060 2061/2061/2061 2117/2117/2117
f 2060/2060/2060 2117/2117/2117 2116/2116/2116
f 2061/2061/2061 2062/2062/2062 2118/2118/2118
f 2061/2061/2061 2118/2118/2118 2117/2117/2117
f 2062/2062/2062 2063/2063/2063 2119/2119/2119
f 2062/2062/2062 2119/2119/2119 2118/2118/2118
f 2063/2063/2063 2064/2064/2064 2120/2120/2120
f 2063/2063/2063 2120/2120/2120 2119/2119/2119
f 2064/2064/2064 2065/2065/2065 2121/2121/2121
f 2064/2064/2064 2121/2121/2121 2120/2120/2120
f 2065/2065/2065 2066/2066/2066 2122/2122/2122
f 2065/2065/2065 2122/2122/2122 2121/2121/2121
f 2066/2066/2066 2067/2067/2067 2123/2123/2123
f 2066/2066/2066 2123/2123/2123 2122/2122/2122
f 2067/2067/2067 2068/2068/2068 2124/2124/2124
f 2067/2067/2067 2124/2124/2124 2123/2123/2123
f 2068/2068/2068 2069/2069/2069 2125/2125/2125
f 2068/2068/2068 2125/2125/2125 2124/2124/2124
f 2069/2069/2069 2070/2070/2070 2126/2126/2126
f 2069/2069/2069 2126/2126/2126 2125/2125/2125
f 2070/2070/2070 2071/2071/2071 2127/2127/2127
f 2070/2070/2070 2127/2127/2127 2126/2126/2126
f 2071/2071/2071 2072/2072/2072 2128/2128/2128
f 2071/2071/2071 2128/2128/2128 2127/2127/2127
f 2072/2072/2072 2017/2017/2017 2073/2073/2073
f 2072/2072/2072 2073/2073/2073 2128/2128/2128
f 2073/2073/2073 2074/2074/2074 2130/2130/2130
f 2073/2073/2073 2130/2130/2130 2129/2129/2129
f 2074/2074/2074 2075/2075/2075 2131/2131/2131
f 2074/2074/2074 2131/2131/2131 2130/2130/2130
f 2075/2075/2075 2076/2076/2076 2132/2132/2132
f 2075/2075/2075 2132/2132/2132 2131/2131/2131
f 2076/2076/2076 2077/2077/2077 2133/2133/2133
f 2076/2076/2076 2133/2133/2133 2132/2132/2132
f 2077/2077/2077 2078/2078/2078 2134/2134/2134
f 2077/2077/2077 2134/2134/2134 2133/2133/2133
f 2078/2078/2078 2079/2079/2079 2135/2135/2135
f 2078/2078/2078 2135/2135/2135 2134/2134/2134
f 2079/2079/2079 2080/2080/2080 2136/2136/2136
f 2079/2079/2079 2136/2136/2136 2135/2135/2135
f 2080/2080/2080 2081/2081/2081 2137/2137/2137
f 2080/2080/2080 2137/2137/2137 2136/2136/2136
f 2081/2081/2081 2082/2082/2082 2138/2138/2138
f 2081/2081/2081 2138/2138/2138 2137/2137/2137
f 2082/2082/2082 2083/2083/2083 2139/2139/2139
f 2082/2082/2082 2139/2139/2139 2138/2138/2138
f 2083/2083/2083 2084/2084/2084 2140/2140/2140
f 2083/2083/2083 2140/2140/2140 2139/2139/2139
f 2084/2084/2084 2085/2085/2085 2141/2141/2141
f 2084/2084/2084 2141/2141/2141 2140/2140/2140
f 2085/2085/2085 2086/2086/2086 2142/2142/2142
f 2085/2085/2085 2142/2142/2142 2141/2141/2141
f 2086/2086/2086 2087/2087/2087 2143/2143/2143
f 2086/2086/2086 2143/2143/2143 2142/2142/2142
f 2087/2087/2087 2088/2088/2088 2144/2144/2144
f 2087/2087/2087 2144/2144/2144 2143/2143/2143
f 2088/2088/2088 2089/2089/2089 2145/2145/2145
f 2088/2088/2088 2145/2145/2145 2144/2144/2144
f 2089/2089/2089 2090/2090/2090 2146/2146/2146
f 2089/2089/2089 2146/2146/2146 2145/2145/2145
f 2090/2090/2090 2091/2091/2091 2147/2147/2147
f 2090/2090/2090 2147/2147/2147 2146/2146/2146
f 2091/2091/2091 2092/2092/2092 2148/2148/2148
f 2091/2091/2091 2148/2148/2148 2147/2147/2147
f 2092/2092/2092 2093/2093/2093 2149/2149/2149
f 2092/2092/2092 2149/2149/2149 2148/2148/2148
f 2093/2093/2093 2094/2094/2094 2150/2150/2150
f 2093/2093/2093 2150/2150/2150 2149/2149/2149
f 2094/2094/2094 2095/2095/2095 2151/2151/2151
f 2094/2094/2094 2151/2151/2151 2150/2150/2150
f 2095/2095/2095 2096/2096/2096 2152/2152/2152
f 2095/2095/2095 2152/2152/2152 2151/2151/2151
f 2096/2096/2096 2097/2097/2097 2153/2153/2153
f 2096/2096/2096 2153/2153/2153 2152/2152/2152
f 2097/2097/2097 2098/2098/2098 2154/2154/2154
f 2097/2097/2097 2154/2154/2154 2153/2153/2153
f 2098/2098/2098 2099/2099/2099 2155/2155/2155
f 2098/2098/2098 2155/2155/2155 2154/2154/2154
f 2099/2099/2099 2100/2100/2100 2156/2156/2156
f 2099/2099/2099 2156/2156/2156 2155/2155/2155
f 2100/2100/2100 2101/2101/2101 2157/2157/2157
f 2100/2100/2100 2157/2157/2157 2156/2156/2156
f 2101/2101/2101 2102/2102/2102 2158/2158/2158
f 2101/2101/2101 2158/2158/2158 2157/2157/2157
f 2102/2102/2102 2103/2103/2103 2159/2159/2159
f 2102/2102/2102 2159/2159/2159 2158/2158/2158
f 2103/2103/2103 2104/2104/2104 2160/2160/2160
f 2103/2103/2103 2160/2160/2160 2159/2159/2159
f 2104/2104/2104 2105/2105/2105 2161/2161/2161
f 2104/2104/2104 2161/2161/2161 2160/2160/2160
f 2105/2105/2105 2106/2106/2106 2162/2162/2162
f 2105/2105/2105 2162/2162/2162 2161/2161/2161
f 2106/2106/2106 2107/2107/2107 2163/2163/2163
f 2106/2106/2106 2163/2163/2163 2162/2162/2162
f 2107/2107/2107 2108/2108/2108 2164/2164/2164
f 2107/2107/2107 2164/2164/2164 2163/2163/2163
f 2108/2108/2108 2109/2109/2109 2165/2165/2165
f 2108/2108/2108 2165/2165/2165 2164/2164/2164
f 2109/2109/2109 2110/2110/2110 2166/2166/2166
f 2109/2109/2109 2166/2166/2166 2165/2165/2165
f 2110/2110/2110 2111/2111/2111 2167/2167/2167
f 2110/2110/2110 2167/2167/2167 2166/2166/2166
f 2111/2111/2111 2112/2112/2112 2168/2168/2168
f 2111/2111/2111 2168/2168/2168 2167/2167/2167
f 2112/2112/2112 2113/2113/2113 2169/2169/2169
f 2112/2112/2112 2169/2169/2169 2168/2168/2168
f 2113/2113/2113 2114/2114/2114 2170/2170/2170
f 2113/2113/2113 2170/2170/2170 2169/2169/2169
f 2114/2114/2114 2115/2115/2115 2171/2171/2171
f 2114/2114/2114 2171/2171/2171 2170/2170/2170
f 2115/2115/2115 2116/2116/2116 2172/2172/2172
f 2115/2115/2115 2172/2172/2172 2171/2171/2171
f 2116/2116/2116 2117/2117/2117 2173/2173/2173
f 2116/2116/2116 2173/2173/2173 2172/2172/2172
f 2117/2117/2117 2118/2118/2118 2174/2174/2174
f 2117/2117/2117 2174/2174/2174 2173/2173/2173
f 2118/2118/2118 2119/2119/2119 2175/2175/2175
f 2118/2118/2118 2175/2175/2175 2174/2174/2174
f 2119/2119/2119 2120/2120/2120 2176/2176/2176
f 2119/2119/2119 2176/2176/2176 2175/2175/2175
f 2120/2120/2120 2121/2121/2121 2177/2177/2177
f 2120/2120/2120 2177/2177/2177 2176/2176/2176
f 2121/2121/2121 2122/2122/2122 2178/2178/2178
f 2121/2121/2121 2178/2178/2178 2177/2177/2177
f 2122/2122/2122 2123/2123/2123 2179/2179/2179
f 2122/2122/2122 2179/2179/2179 2178/2178/2178
f 2123/2123/2123 2124/2124/2124 2180/2180/2180
f 2123/2123/2123 2180/2180/2180 2179/2179/2179
f 2124/2124/2124 2125/2125/2125 2181/2181/2181
f 2124/2124/2124 2181/2181/2181 2180/2180/2180
f 2125/2125/2125 2126/2126/2126 2182/2182/2182
f 2125/2125/2125 2182/2182/2182 2181/2181/2181
f 2126/2126/2126 2127/2127/2127 2183/2183/2183
f 2126/2126/2126 2183/2183/2183 2182/2182/2182
f 2127/2127/2127 2128/2128/2128 2184/2184/2184
f 2127/2127/2127 2184/2184/2184 2183/2183/2183
f 2128/2128/2128 2073/2073/2073 2129/2129/2129
f 2128/2128/2128 2129/2129/2129 2184/2184/2184
f 2129/2129/2129 2130/2130/2130 2186/2186/2186
f 2129/2129/2129 2186/2186/2186 2185/2185/2185
f 2130/2130/2130 2131/2131/2131 2187/2187/2187
f 2130/2130/2130 2187/2187/2187 2186/2186/2186
f 2131/2131/2131 2132/2132/2132 2188/2188/2188
f 2131/2131/2131 2188/2188/2188 2187/2187/2187
f 2132/2132/2132 2133/2133/2133 2189/2189/2189
f 2132/2132/2132 2189/2189/2189 2188/2188/2188
f 2133/2133/2133 2134/2134/2134 2190/2190/2190
f 2133/2133/2133 2190/2190/2190 2189/2189/2189
f 2134/2134/2134 2135/2135/2135 2191/2191/2191
f 2134/2134/2134 2191/2191/2191 2190/2190/2190
f 2135/2135/2135 2136/2136/2136 2192/2192/2192
f 2135/2135/2135 2192/2192/2192 2191/2191/2191
f 2136/2136/2136 2137/2137/2137 2193/2193/2193
f 2136/2136/2136 2193/2193/2193 2192/2192/2192
f 2137/2137/2137 2138/2138/2138 2194/2194/2194
f 2137/2137/2137 2194/2194/2194 2193/2193/2193
f 2138/2138/2138 2139/2139/2139 2195/2195/2195
f 2138/2138/2138 2195/2195/2195 2194/2194/2194
f 2139/2139/2139 2140/2140/2140 2196/2196/2196
f 2139/2139/2139 2196/2196/2196 2195/2195/2195
f 2140/2140/2140 2141/2141/2141 2197/2197/2197
f 2140/2140/2140 2197/2197/2197 2196/2196/2196
f 2141/2141/2141 2142/2142/2142 2198/2198/2198
f 2141/2141/2141 2198/2198/2198 2197/2197/2197
f 2142/2142/2142 2143/2143/2143 2199/2199/2199
f 2142/2142/2142 2199/2199/2199 2198/2198/2198
f 2143/2143/2143 2144/2144/2144 2200/2200/2200
f 2143/2143/2143 2200/2200/2200 2199/2199/2199
f 2144/2144/2144 2145/2145/2145 2201/2201/2201
f 2144/2144/2144 2201/2201/2201 2200/2200/2200
f 2145/2145/2145 2146/2146/2146 2202/2202/2202
f 2145/2145/2145 2202/2202/2202 2201/2201/2201
f 2146/2146/2146 2147/2147/2147 2203/2203/2203
f 2146/2146/2146 2203/2203/2203 2202/2202/2202
f 2147/2147/2147 2148/2148/2148 2204/2204/2204
f 2147/2147/2147 2204/2204/2204 2203/2203/2203
f 2148/2148/2148 2149/2149/2149 2205/2205/2205
f 2148/2148/2148 2205/2205/2205 2204/2204/2204
f 2149/2149/2149 2150/2150/2150 2206/2206/2206
f 2149/2149/2149 2206/2206/2206 2205/2205/2205
f 2150/2150/2150 2151/2151/2151 2207/2207/2207
f 2150/2150/2150 2207/2207/2207 2206/2206/2206
f 2151/2151/2151 2152/2152/2152 2208/2208/2208
f 2151/2151/2151 2208/2208/2208 2207/2207/2207
f 2152/2152/2152 2153/2153/2153 2209/2209/2209
f 2152/2152/2152 2209/2209/2209 2208/2208/2208
f 2153/2153/2153 2154/2154/2154 2210/2210/2210
f 2153/2153/2153 2210/2210/2210 2209/2209/2209
f 2154/2154/2154 2155/2155/2155 2211/2211/2211
f 2154/2154/2154 2211/2211/2211 2210/2210/2210
f 2155/2155/2155 2156/2156/2156 2212/2212/2212
f 2155/2155/2155 2212/2212/2212 2211/2211/2211
f 2156/2156/2156 2157/2157/2157 2213/2213/2213
f 2156/2156/2156 2213/2213/2213 2212/2212/2212
f 2157/2157/2157 2158/2158/2158 2214/2214/2214
f 2157/2157/2157 2214/2214/2214 2213/2213/2213
f 2158/2158/2158 2159/2159/2159 2215/2215/2215
f 2158/2158/2158 2215/2215/2215 2214/2214/2214
f 2159/2159/2159 2160/2160/2160 2216/2216/2216
f 2159/2159/2159 2216/2216/2216 2215/2215/2215
f 2160/2160/2160 2161/2161/2161 2217/2217/2217
f 2160/2160/2160 2217/2217/2217 2216/2216/2216
f 2161/2161/2161 2162/2162/2162 2218/2218/2218
f 2161/2161/2161 2218/2218/2218 2217/2217/2217
f 2162/2162/2162 2163/2163/2163 2219/2219/2219
f 2162/2162/2162 2219/2219/2219 2218/2218/2218
f 2163/2163/2163 2164/2164/2164 2220/2220/2220
f 2163/2163/2163 2220/2220/2220 2219/2219/2219
f 2164/2164/2164 2165/2165/2165 2221/2221/2221
f 2164/2164/2164 2221/2221/2221 2220/2220/2220
f 2165/2165/2165 2166/2166/2166 2222/2222/2222
f 2165/2165/2165 2222/2222/2222 2221/2221/2221
f 2166/2166/2166 2167/2167/2167 2223/2223/2223
f 2166/2166/2166 2223/2223/2223 2222/2222/2222
f 2167/2167/2167 2168/2168/2168 2224/2224/2224
f 2167/2167/2167 2224/2224/2224 2223/2223/2223
f 2168/2168/2168 2169/2169/2169 2225/2225/2225
f 2168/2168/2168 2225/2225/2225 2224/2224/2224
f 2169/2169/2169 2170/2170/2170 2226/2226/2226
f 2169/2169/2169 2226/2226/2226 2225/2225/2225
f 2170/2170/2170 2171/2171/2171 2227/2227/2227
f 2170/2170/2170 2227/2227/2227 2226/2226/2226
f 2171/2171/2171 2172/2172/2172 2228/2228/2228
f 2171/2171/2171 2228/2228/2228 2227/2227/2227
f 2172/2172/2172 2173/2173/2173 2229/2229/2229
f 2172/2172/2172 2229/2229/2229 2228/2228/2228
f 2173/2173/2173 2174/2174/2174 2230/2230/2230
f 2173/2173/2173 2230/2230/2230 2229/2229/2229
f 2174/2174/2174 2175/2175/2175 2231/2231/2231
f 2174/2174/2174 2231/2231/2231 2230/2230/2230
f 2175/2175/2175 2176/2176/2176 2232/2232/2232
f 2175/2175/2175 2232/2232/2232 2231/2231/2231
f 2176/2176/2176 2177/2177/2177 2233/2233/2233
f 2176/2176/2176 2233/2233/2233 2232/2232/2232
f 2177/2177/2177 2178/2178/2178 2234/2234/2234
f 2177/2177/2177 2234/2234/2234 2233/2233/2233
f 2178/2178/2178 2179/2179/2179 2235/2235/2235
f 2178/2178/2178 2235/2235/2235 2234/2234/2234
f 2179/2179/2179 2180/2180/2180 2236/2236/2236
f 2179/2179/2179 2236/2236/2236 2235/2235/2235
f 2180/2180/2180 2181/2181/2181 2237/2237/2237
f 2180/2180/2180 2237/2237/2237 2236/2236/2236
f 2181/2181/2181 2182/2182/2182 2238/2238/2238
f 2181/2181/2181 2238/2238/2238 2237/2237/2237
f 2182/2182/2182 2183/2183/2183 2239/2239/2239
f 2182/2182/2182 2239/2239/2239 2238/2238/2238
f 2183/2183/2183 2184/2184/2184 2240/2240/2240
f 2183/2183/2183 2240/2240/2240 2239/2239/2239
f 2184/2184/2184 2129/2129/2129 2185/2185/2185
f 2184/2184/2184 2185/2185/2185 2240/2240/2240
f 2185/2185/2185 2186/2186/2186 2242/2242/2242
f 2185/2185/2185 2242/2242/2242 2241/2241/2241
f 2186/2186/2186 2187/2187/2187 2243/2243/2243
f 2186/2186/2186 2243/2243/2243 2242/2242/2242
f 2187/2187/2187 2188/2188/2188 2244/2244/2244
f 2187/2187/2187 2244/2244/2244 2243/2243/2243
f 2188/2188/2188 2189/2189/2189 2245/2245/2245
f 2188/2188/2188 2245/2245/2245 2244/2244/2244
f 2189/2189/2189 2190/2190/2190 2246/2246/2246
f 2189/2189/2189 2246/2246/2246 2245/2245/2245
f 2190/2190/2190 2191/2191/2191 2247/2247/2247
f 2190/2190/2190 2247/2247/2247 2246/2246/2246
f 2191/2191/2191 2192/2192/2192 2248/2248/2248
f 2191/2191/2191 2248/2248/2248 2247/2247/2247
f 2192/2192/2192 2193/2193/2193 2249/2249/2249
f 2192/2192/2192 2249/2249/2249 2248/2248/2248
f 2193/2193/2193 2194/2194/2194 2250/2250/2250
f 2193/2193/2193 2250/2250/2250 2249/2249/2249
f 2194/2194/2194 2195/2195/2195 2251/2251/2251
f 2194/2194/2194 2251/2251/2251 2250/2250/2250
f 2195/2195/2195 2196/2196/2196 2252/2252/2252
f 2195/2195/2195 2252/2252/2252 2251/2251/2251
f 2196/2196/2196 2197/2197/2197 2253/2253/2253
f 2196/2196/2196 2253/2253/2253 2252/2252/2252
f 2197/2197/2197 2198/2198/2198 2254/2254/2254
f 2197/2197/2197 2254/2254/2254 2253/2253/2253
f 2198/2198/2198 2199/2199/2199 2255/2255/2255
f 2198/2198/2198 2255/2255/2255 2254/2254/2254
f 2199/2199/2199 2200/2200/2200 2256/2256/2256
f 2199/2199/2199 2256/2256/2256 2255/2255/2255
f 2200/2200/2200 2201/2201/2201 2257/2257/2257
f 2200/2200/2200 2257/2257/2257 2256/2256/2256
f 2201/2201/2201 2202/2202/2202 2258/2258/2258
f 2201/2201/2201 2258/2258/2258 2257/2257/2257
f 2202/2202/2202 2203/2203/2203 2259/2259/2259
f 2202/2202/2202 2259/2259/2259 2258/2258/2258
f 2203/2203/2203 2204/2204/2204 2260/2260/2260
f 2203/2203/2203 2260/2260/2260 2259/2259/2259
f 2204/2204/2204 2205/2205/2205 2261/2261/2261
f 2204/2204/2204 2261/2261/2261 2260/2260/2260
f 2205/2205/2205 2206/2206/2206 2262/2262/2262
f 2205/2205/2205 2262/2262/2262 2261/2261/2261
f 2206/2206/2206 2207/2207/2207 2263/2263/2263
f 2206/2206/2206 2263/2263/2263 2262/2262/2262
f 2207/2207/2207 2208/2208/2208 2264/2264/2264
f 2207/2207/2207 2264/2264/2264 2263/2263/2263
f 2208/2208/2208 2209/2209/2209 2265/2265/2265
f 2208/2208/2208 2265/2265/2265 2264/2264/2264
f 2209/2209/2209 2210/2210/2210 2266/2266/2266
f 2209/2209/2209 2266/2266/2266 2265/2265/2265
f 2210/2210/2210 2211/2211/2211 2267/2267/2267
f 2210/2210/2210 2267/2267/2267 2266/2266/2266
f 2211/2211/2211 2212/2212/2212 2268/2268/2268
f 2211/2211/2211 2268/2268/2268 2267/2267/2267
f 2212/2212/2212 2213/2213/2213 2269/2269/2269
f 2212/2212/2212 2269/2269/2269 2268/2268/2268
f 2213/2213/2213 2214/2214/2214 2270/2270/2270
f 2213/2213/2213 2270/2270/2270 2269/2269/2269
f 2214/2214/2214 2215/2215/2215 2271/2271/2271
f 2214/2214/2214 2271/2271/2271 2270/2270/2270
f 2215/2215/2215 2216/2216/2216 2272/2272/2272
f 2215/2215/2215 2272/2272/2272 2271/2271/2271
f 2216/2216/2216 2217/2217/2217 2273/2273/2273
f 2216/2216/2216 2273/2273/2273 2272/2272/2272
f 2217/2217/2217 2218/2218/2218 2274/2274/2274
f 2217/2217/2217 2274/2274/2274 2273/2273/2273
f 2218/2218/2218 2219/2219/2219 2275/2275/2275
f 2218/2218/2218 2275/2275/2275 2274/2274/2274
f 2219/2219/2219 2220/2220/2220 2276/2276/2276
f 2219/2219/2219 2276/2276/2276 2275/2275/2275
f 2220/2220/2220 2221/2221/2221 2277/2277/2277
f 2220/2220/2220 2277/2277/2277 2276/2276/2276
f 2221/2221/2221 2222/2222/2222 2278/2278/2278
f 2221/2221/2221 2278/2278/2278 2277/2277/2277
f 2222/2222/2222 2223/2223/2223 2279/2279/2279
f 2222/2222/2222 2279/2279/2279 2278/2278/2278
f 2223/2223/2223 2224/2224/2224 2280/2280/2280
f 2223/2223/2223 2280/2280/2280 2279/2279/2279
f 2224/2224/2224 2225/2225/2225 2281/2281/2281
f 2224/2224/2224 2281/2281/2281 2280/2280/2280
f 2225/2225/2225 2226/2226/2226 2282/2282/2282
f 2225/2225/2225 2282/2282/2282 2281/2281/2281
f 2226/2226/2226 2227/2227/2227 2283/2283/2283
f 2226/2226/2226 2283/2283/2283 2282/2282/2282
f 2227/2227/2227 2228/2228/2228 2284/2284/2284
f 2227/2227/2227 2284/2284/2284 2283/2283/2283
f 2228/2228/2228 2229/2229/2229 2285/2285/2285
f 2228/2228/2228 2285/2285/2285 2284/2284/2284
f 2229/2229/2229 2230/2230/2230 2286/2286/2286
f 2229/2229/2229 2286/2286/2286 2285/2285/2285
f 2230/2230/2230 2231/2231/2231 2287/2287/2287
f 2230/2230/2230 2287/2287/2287 2286/2286/2286
f 2231/2231/2231 2232/2232/2232 2288/2288/2288
f 2231/2231/2231 2288/2288/2288 2287/2287/2287
f 2232/2232/2232 2233/2233/2233 2289/2289/2289
f 2232/2232/2232 2289/2289/2289 2288/2288/2288
f 2233/2233/2233 2234/2234/2234 2290/2290/2290
f 2233/2233/2233 2290/2290/2290 2289/2289/2289
f 2234/2234/2234 2235/2235/2235 2291/2291/2291
f 2234/2234/2234 2291/2291/2291 2290/2290/2290
f 2235/2235/2235 2236/2236/2236 2292/2292/2292
f 2235/2235/2235 2292/2292/2292 2291/2291/2291
f 2236/2236/2236 2237/2237/2237 2293/2293/2293
f 2236/2236/2236 2293/2293/2293 2292/2292/2292
f 2237/2237/2237 2238/2238/2238 2294/2294/2294
f 2237/2237/2237 2294/2294/2294 2293/2293/2293
f 2238/2238/2238 2239/2239/2239 2295/2295/2295
f 2238/2238/2238 2295/2295/2295 2294/2294/2294
f 2239/2239/2239 2240/2240/2240 2296/2296/2296
f 2239/2239/2239 2296/2296/2296 2295/2295/2295
f 2240/2240/2240 2185/2185/2185 2241/2241/2241
f 2240/2240/2240 2241/2241/2241 2296/2296/2296
f 2241/2241/2241 2242/2242/2242 2298/2298/2298
f 2241/2241/2241 2298/2298/2298 2297/2297/2297
f 2242/2242/2242 2243/2243/2243 2299/2299/2299
f 2242/2242/2242 2299/2299/2299 2298/2298/2298
f 2243/2243/2243 2244/2244/2244 2300/2300/2300
f 2243/2243/2243 2300/2300/2300 2299/2299/2299
f 2244/2244/2244 2245/2245/2245 2301/2301/2301
f 2244/2244/2244 2301/2301/2301 2300/2300/2300
f 2245/2245/2245 2246/2246/2246 2302/2302/2302
f 2245/2245/2245 2302/2302/2302 2301/2301/2301
f 2246/2246/2246 2247/2247/2247 2303/2303/2303
f 2246/2246/2246 2303/2303/2303 2302/2302/2302
f 2247/2247/2247 2248/2248/2248 2304/2304/2304
f 2247/2247/2247 2304/2304/2304 2303/2303/2303
f 2248/2248/2248 2249/2249/2249 2305/2305/2305
f 2248/2248/2248 2305/2305/2305 2304/2304/2304
f 2249/2249/2249 2250/2250/2250 2306/2306/2306
f 2249/2249/2249 2306/2306/2306 2305/2305/2305
f 2250/2250/2250 2251/2251/2251 2307/2307/2307
f 2250/2250/2250 2307/2307/2307 2306/2306/2306
f 2251/2251/2251 2252/2252/2252 2308/2308/2308
f 2251/2251/2251 2308/2308/2308 2307/2307/2307
f 2252/2252/2252 2253/2253/2253 2309/2309/2309
f 2252/2252/2252 2309/2309/2309 2308/2308/2308
f 2253/2253/2253 2254/2254/2254 2310/2310/2310
f 2253/2253/2253 2310/2310/2310 2309/2309/2309
f 2254/2254/2254 2255/2255/2255 2311/2311/2311
f 2254/2254/2254 2311/2311/2311 2310/2310/2310
f 2255/2255/2255 2256/2256/2256 2312/2312/2312
f 2255/2255/2255 2312/2312/2312 2311/2311/2311
f 2256/2256/2256 2257/2257/2257 2313/2313/2313
f 2256/2256/2256 2313/2313/2313 2312/2312/2312
f 2257/2257/2257 2258/2258/2258 2314/2314/2314
f 2257/2257/2257 2314/2314/2314 2313/2313/2313
f 2258/2258/2258 2259/2259/2259 2315/2315/2315
f 2258/2258/2258 2315/2315/2315 2314/2314/2314
f 2259/2259/2259 2260/2260/2260 2316/2316/2316
f 2259/2259/2259 2316/2316/2316 2315/2315/2315
f 2260/2260/2260 2261/2261/2261 2317/2317/2317
f 2260/2260/2260 2317/2317/2317 2316/2316/2316
f 2261/2261/2261 2262/2262/2262 2318/2318/2318
f 2261/2261/2261 2318/2318/2318 2317/2317/2317
f 2262/2262/2262 2263/2263/2263 2319/2319/2319
f 2262/2262/2262 2319/2319/2319 2318/2318/2318
f 2263/2263/2263 2264/2264/2264 2320/2320/2320
f 2263/2263/2263 2320/2320/2320 2319/2319/2319
f 2264/2264/2264 2265/2265/2265 2321/2321/2321
f 2264/2264/2264 2321/2321/2321 2320/2320/2320
f 2265/2265/2265 2266/2266/2266 2322/2322/2322
f 2265/2265/2265 2322/2322/2322 2321/2321/2321
f 2266/2266/2266 2267/2267/2267 2323/2323/2323
f 2266/2266/2266 2323/2323/2323 2322/2322/2322
f 2267/2267/2267 2268/2268/2268 2324/2324/2324
f 2267/2267/2267 2324/2324/2324 2323/2323/2323
f 2268/2268/2268 2269/2269/2269 2325/2325/2325
f 2268/2268/2268 2325/2325/2325 2324/2324/2324
f 2269/2269/2269 2270/2270/2270 2326/2326/2326
f 2269/2269/2269 2326/2326/2326 2325/2325/2325
f 2270/2270/2270 2271/2271/2271 2327/2327/2327
f 2270/2270/2270 2327/2327/2327 2326/2326/2326
f 2271/2271/2271 2272/2272/2272 2328/2328/2328
f 2271/2271/2271 2328/2328/2328 2327/2327/2327
f 2272/2272/2272 2273/2273/2273 2329/2329/2329
f 2272/2272/2272 2329/2329/2329 2328/2328/2328
f 2273/2273/2273 2274/2274/2274 2330/2330/2330
f 2273/2273/2273 2330/2330/2330 2329/2329/2329
f 2274/2274/2274 2275/2275/2275 2331/2331/2331
f 2274/2274/2274 2331/2331/2331 2330/2330/2330
f 2275/2275/2275 2276/2276/2276 2332/2332/2332
f 2275/2275/2275 2332/2332/2332 2331/2331/2331
f 2276/2276/2276 2277/2277/2277 2333/2333/2333
f 2276/2276/2276 2333/2333/2333 2332/2332/2332
f 2277/2277/2277 2278/2278/2278 2334/2334/2334
f 2277/2277/2277 2334/2334/2334 2333/2333/2333
f 2278/2278/2278 2279/2279/2279 2335/2335/2335
f 2278/2278/2278 2335/2335/2335 2334/2334/2334
f 2279/2279/2279 2280/2280/2280 2336/2336/2336
f 2279/2279/2279 2336/2336/2336 2335/2335/2335
f 2280/2280/2280 2281/2281/2281 2337/2337/2337
f 2280/2280/2280 2337/2337/2337 2336/2336/2336
f 2281/2281/2281 2282/2282/2282 2338/2338/2338
f 2281/2281/2281 2338/2338/2338 2337/2337/2337
f 2282/2282/2282 2283/2283/2283 2339/2339/2339
f 2282/2282/2282 2339/2339/2339 2338/2338/2338
f 2283/2283/2283 2284/2284/2284 2340/2340/2340
f 2283/2283/2283 2340/2340/2340 2339/2339/2339
f 2284/2284/2284 2285/2285/2285 2341/2341/2341
f 2284/2284/2284 2341/2341/2341 2340/2340/2340
f 2285/2285/2285 2286/2286/2286 2342/2342/2342
f 2285/2285/2285 2342/2342/2342 2341/2341/2341
f 2286/2286/2286 2287/2287/2287 2343/2343/2343
f 2286/2286/2286 2343/2343/2343 2342/2342/2342
f 2287/2287/2287 2288/2288/2288 2344/2344/2344
f 2287/2287/2287 2344/2344/2344 2343/2343/2343
f 2288/2288/2288 2289/2289/2289 2345/2345/2345
f 2288/2288/2288 2345/2345/2345 2344/2344/2344
f 2289/2289/2289 2290/2290/2290 2346/2346/2346
f 2289/2289/2289 2346/2346/2346 2345/2345/2345
f 2290/2290/2290 2291/2291/2291 2347/2347/2347
f 2290/2290/2290 2347/2347/2347 2346/2346/2346
f 2291/2291/2291 2292/2292/2292 2348/2348/2348
f 2291/2291/2291 2348/2348/2348 2347/2347/2347
f 2292/2292/2292 2293/2293/2293 2349/2349/2349
f 2292/2292/2292 2349/2349/2349 2348/2348/2348
f 2293/2293/2293 2294/2294/2294 2350/2350/2350
f 2293/2293/2293 2350/2350/2350 2349/2349/2349
f 2294/2294/2294 2295/2295/2295 2351/2351/2351
f 2294/2294/2294 2351/2351/2351 2350/2350/2350
f 2295/2295/2295 2296/2296/2296 2352/2352/2352
f 2295/2295/2295 2352/2352/2352 2351/2351/2351
f 2296/2296/2296 2241/2241/2241 2297/2297/2297
f 2296/2296/2296 2297/2297/2297 2352/2352/2352
f 2297/2297/2297 2298/2298/2298 2354/2354/2354
f 2297/2297/2297 2354/2354/2354 2353/2353/2353
f 2298/2298/2298 2299/2299/2299 2355/2355/2355
f 2298/2298/2298 2355/2355/2355 2354/2354/2354
f 2299/2299/2299 2300/2300/2300 2356/2356/2356
f 2299/2299/2299 2356/2356/2356 2355/2355/2355
f 2300/2300/2300 2301/2301/2301 2357/2357/2357
f 2300/2300/2300 2357/2357/2357 2356/2356/2356
f 2301/2301/2301 2302/2302/2302 2358/2358/2358
f 2301/2301/2301 2358/2358/2358 2357/2357/2357
f 2302/2302/2302 2303/2303/2303 2359/2359/2359
f 2302/2302/2302 2359/2359/2359 2358/2358/2358
f 2303/2303/2303 2304/2304/2304 2360/2360/2360
f 2303/2303/2303 2360/2360/2360 2359/2359/2359
f 2304/2304/2304 2305/2305/2305 2361/2361/2361
f 2304/2304/2304 2361/2361/2361 2360/2360/2360
f 2305/2305/2305 2306/2306/2306 2362/2362/2362
f 2305/2305/2305 2362/2362/2362 2361/2361/2361
f 2306/2306/2306 2307/2307/2307 2363/2363/2363
f 2306/2306/2306 2363/2363/2363 2362/2362/2362
f 2307/2307/2307 2308/2308/2308 2364/2364/2364
f 2307/2307/2307 2364/2364/2364 2363/2363/2363
f 2308/2308/2308 2309/2309/2309 2365/2365/2365
f 2308/2308/2308 2365/2365/2365 2364/2364/2364
f 2309/2309/2309 2310/2310/2310 2366/2366/2366
f 2309/2309/2309 2366/2366/2366 2365/2365/2365
f 2310/2310/2310 2311/2311/2311 2367/2367/2367
f 2310/2310/2310 2367/2367/2367 2366/2366/2366
f 2311/2311/2311 2312/2312/2312 2368/2368/2368
f 2311/2311/2311 2368/2368/2368 2367/2367/2367
f 2312/2312/2312 2313/2313/2313 2369/2369/2369
f 2312/2312/2312 2369/2369/2369 2368/2368/2368
f 2313/2313/2313 2314/2314/2314 2370/2370/2370
f 2313/2313/2313 2370/2370/2370 2369/2369/2369
f 2314/2314/2314 2315/2315/2315 2371/2371/2371
f 2314/2314/2314 2371/2371/2371 2370/2370/2370
f 2315/2315/2315 2316/2316/2316 2372/2372/2372
f 2315/2315/2315 2372/2372/2372 2371/2371/2371
f 2316/2316/2316 2317/2317/2317 2373/2373/2373
f 2316/2316/2316 2373/2373/2373 2372/2372/2372
f 2317/2317/2317 2318/2318/2318 2374/2374/2374
f 2317/2317/2317 2374/2374/2374 2373/2373/2373
f 2318/2318/2318 2319/2319/2319 2375/2375/2375
f 2318/2318/2318 2375/2375/2375 2374/2374/2374
f 2319/2319/2319 2320/2320/2320 2376/2376/2376
f 2319/2319/2319 2376/2376/2376 2375/2375/2375
f 2320/2320/2320 2321/2321/2321 2377/2377/2377
f 2320/2320/2320 2377/2377/2377 2376/2376/2376
f 2321/2321/2321 2322/2322/2322 2378/2378/2378
f 2321/2321/2321 2378/2378/2378 2377/2377/2377
f 2322/2322/2322 2323/2323/2323 2379/2379/2379
f 2322/2322/2322 2379/2379/2379 2378/2378/2378
f 2323/2323/2323 2324/2324/2324 2380/2380/2380
f 2323/2323/2323 2380/2380/2380 2379/2379/2379
f 2324/2324/2324 2325/2325/2325 2381/2381/2381
f 2324/2324/2324 2381/2381/2381 2380/2380/2380
f 2325/2325/2325 2326/2326/2326 2382/2382/2382
f 2325/2325/2325 2382/2382/2382 2381/2381/2381
f 2326/2326/2326 2327/2327/2327 2383/2383/2383
f 2326/2326/2326 2383/2383/2383 2382/2382/2382
f 2327/2327/2327 2328/2328/2328 2384/2384/2384
f 2327/2327/2327 2384/2384/2384 2383/2383/2383
f 2328/2328/2328 2329/2329/2329 2385/2385/2385
f 2328/2328/2328 2385/2385/2385 2384/2384/2384
f 2329/2329/2329 2330/2330/2330 2386/2386/2386
f 2329/2329/2329 2386/2386/2386 2385/2385/2385
f 2330/2330/2330 2331/2331/2331 2387/2387/2387
f 2330/2330/2330 2387/2387/2387 2386/2386/2386
f 2331/2331/2331 2332/2332/2332 2388/2388/2388
f 2331/2331/2331 2388/2388/2388 2387/2387/2387
f 2332/2332/2332 2333/2333/2333 2389/2389/2389
f 2332/2332/2332 2389/2389/2389 2388/2388/2388
f 2333/2333/2333 2334/2334/2334 2390/2390/2390
f 2333/2333/2333 2390/2390/2390 2389/2389/2389
f 2334/2334/2334 2335/2335/2335 2391/2391/2391
f 2334/2334/2334 2391/2391/2391 2390/2390/2390
f 2335/2335/2335 2336/2336/2336 2392/2392/2392
f 2335/2335/2335 2392/2392/2392 2391/2391/2391
f 2336/2336/2336 2337/2337/2337 2393/2393/2393
f 2336/2336/2336 2393/2393/2393 2392/2392/2392
f 2337/2337/2337 2338/2338/2338 2394/2394/2394
f 2337/2337/2337 2394/2394/2394 2393/2393/2393
f 2338/2338/2338 2339/2339/2339 2395/2395/2395
f 2338/2338/2338 2395/2395/2395 2394/2394/2394
f 2339/2339/2339 2340/2340/2340 2396/2396/2396
f 2339/2339/2339 2396/2396/2396 2395/2395/2395
f 2340/2340/2340 2341/2341/2341 2397/2397/2397
f 2340/2340/2340 2397/2397/2397 2396/2396/2396
f 2341/2341/2341 2342/2342/2342 2398/2398/2398
f 2341/2341/2341 2398/2398/2398 2397/2397/2397
f 2342/2342/2342 2343/2343/2343 2399/2399/2399
f 2342/2342/2342 2399/2399/2399 2398/2398/2398
f 2343/2343/2343 2344/2344/2344 2400/2400/2400
f 2343/2343/2343 2400/2400/2400 2399/2399/2399
f 2344/2344/2344 2345/2345/2345 2401/2401/2401
f 2344/2344/2344 2401/2401/2401 2400/2400/2400
f 2345/2345/2345 2346/2346/2346 2402/2402/2402
f 2345/2345/2345 2402/2402/2402 2401/2401/2401
f 2346/2346/2346 2347/2347/2347 2403/2403/2403
f 2346/2346/2346 2403/2403/2403 2402/2402/2402
f 2347/2347/2347 2348/2348/2348 2404/2404/2404
f 2347/2347/2347 2404/2404/2404 2403/2403/2403
f 2348/2348/2348 2349/2349/2349 2405/2405/2405
f 2348/2348/2348 2405/2405/2405 2404/2404/2404
f 2349/2349/2349 2350/2350/2350 2406/2406/2406
f 2349/2349/2349 2406/2406/2406 2405/2405/2405
f 2350/2350/2350 2351/2351/2351 2407/2407/2407
f 2350/2350/2350 2407/2407/2407 2406/2406/2406
f 2351/2351/2351 2352/2352/2352 2408/2408/2408
f 2351/2351/2351 2408/2408/2408 2407/2407/2407
f 2352/2352/2352 2297/2297/2297 2353/2353/2353
f 2352/2352/2352 2353/2353/2353 2408/2408/2408
f 2353/2353/2353 2354/2354/2354 2410/2410/2410
f 2353/2353/2353 2410/2410/2410 2409/2409/2409
f 2354/2354/2354 2355/2355/2355 2411/2411/2411
f 2354/2354/2354 2411/2411/2411 2410/2410/2410
f 2355/2355/2355 2356/2356/2356 2412/2412/2412
f 2355/2355/2355 2412/2412/2412 2411/2411/2411
f 2356/2356/2356 2357/2357/2357 2413/2413/2413
f 2356/2356/2356 2413/2413/2413 2412/2412/2412
f 2357/2357/2357 2358/2358/2358 2414/2414/2414
f 2357/2357/2357 2414/2414/2414 2413/2413/2413
f 2358/2358/2358 2359/2359/2359 2415/2415/2415
f 2358/2358/2358 2415/2415/2415 2414/2414/2414
f 2359/2359/2359 2360/2360/2360 2416/2416/2416
f 2359/2359/2359 2416/2416/2416 2415/2415/2415
f 2360/2360/2360 2361/2361/2361 2417/2417/2417
f 2360/2360/2360 2417/2417/2417 2416/2416/2416
f 2361/2361/2361 2362/2362/2362 2418/2418/2418
f 2361/2361/2361 2418/2418/2418 2417/2417/2417
f 2362/2362/2362 2363/2363/2363 2419/2419/2419
f 2362/2362/2362 2419/2419/2419 2418/2418/2418
f 2363/2363/2363 2364/2364/2364 2420/2420/2420
f 2363/2363/2363 2420/2420/2420 2419/2419/2419
f 2364/2364/2364 2365/2365/2365 2421/2421/2421
f 2364/2364/2364 2421/2421/2421 2420/2420/2420
f 2365/2365/2365 2366/2366/2366 2422/2422/2422
f 2365/2365/2365 2422/2422/2422 2421/2421/2421
f 2366/2366/2366 2367/2367/2367 2423/2423/2423
f 2366/2366/2366 2423/2423/2423 2422/2422/2422
f 2367/2367/2367 2368/2368/2368 2424/2424/2424
f 2367/2367/2367 2424/2424/2424 2423/2423/2423
f 2368/2368/2368 2369/2369/2369 2425/2425/2425
f 2368/2368/2368 2425/2425/2425 2424/2424/2424
f 2369/2369/2369 2370/2370/2370 2426/2426/2426
f 2369/2369/2369 2426/2426/2426 2425/2425/2425
f 2370/2370/2370 2371/2371/2371 2427/2427/2427
f 2370/2370/2370 2427/2427/2427 2426/2426/2426
f 2371/2371/2371 2372/2372/2372 2428/2428/2428
f 2371/2371/2371 2428/2428/2428 2427/2427/2427
f 2372/2372/2372 2373/2373/2373 2429/2429/2429
f 2372/2372/2372 2429/2429/2429 2428/2428/2428
f 2373/2373/2373 2374/2374/2374 2430/2430/2430
f 2373/2373/2373 2430/2430/2430 2429/2429/2429
f 2374/2374/2374 2375/2375/2375 2431/2431/2431
f 2374/2374/2374 2431/2431/2431 2430/2430/2430
f 2375/2375/2375 2376/2376/2376 2432/2432/2432
f 2375/2375/2375 2432/2432/2432 2431/2431/2431
f 2376/2376/2376 2377/2377/2377 2433/2433/2433
f 2376/2376/2376 2433/2433/2433 2432/2432/2432
f 2377/2377/2377 2378/2378/2378 2434/2434/2434
f 2377/2377/2377 2434/2434/2434 2433/2433/2433
f 2378/2378/2378 2379/2379/2379 2435/2435/2435
f 2378/2378/2378 2435/2435/2435 2434/2434/2434
f 2379/2379/2379 2380/2380/2380 2436/2436/2436
f 2379/2379/2379 2436/2436/2436 2435/2435/2435
f 2380/2380/2380 2381/2381/2381 2437/2437/2437
f 2380/2380/2380 2437/2437/2437 2436/2436/2436
f 2381/2381/2381 2382/2382/2382 2438/2438/2438
f 2381/2381/2381 2438/2438/2438 2437/2437/2437
f 2382/2382/2382 2383/2383/2383 2439/2439/2439
f 2382/2382/2382 2439/2439/2439 2438/2438/2438
f 2383/2383/2383 2384/2384/2384 2440/2440/2440
f 2383/2383/2383 2440/2440/2440 2439/2439/2439
f 2384/2384/2384 2385/2385/2385 2441/2441/2441
f 2384/2384/2384 2441/2441/2441 2440/2440/2440
f 2385/2385/2385 2386/2386/2386 2442/2442/2442
f 2385/2385/2385 2442/2442/2442 2441/2441/2441
f 2386/2386/2386 2387/2387/2387 2443/2443/2443
f 2386/2386/2386 2443/2443/2443 2442/2442/2442
f 2387/2387/2387 2388/2388/2388 2444/2444/2444
f 2387/2387/2387 2444/2444/2444 2443/2443/2443
f 2388/2388/2388 2389/2389/2389 2445/2445/2445
f 2388/2388/2388 2445/2445/2445 2444/2444/2444
f 2389/2389/2389 2390/2390/2390 2446/2446/2446
f 2389/2389/2389 2446/2446/2446 2445/2445/2445
f 2390/2390/2390 2391/2391/2391 2447/2447/2447
f 2390/2390/2390 2447/2447/2447 2446/2446/2446
f 2391/2391/2391 2392/2392/2392 2448/2448/2448
f 2391/2391/2391 2448/2448/2448 2447/2447/2447
f 2392/2392/2392 2393/2393/2393 2449/2449/2449
f 2392/2392/2392 2449/2449/2449 2448/2448/2448
f 2393/2393/2393 2394/2394/2394 2450/2450/2450
f 2393/2393/2393 2450/2450/2450 2449/2449/2449
f 2394/2394/2394 2395/2395/2395 2451/2451/2451
f 2394/2394/2394 2451/2451/2451 2450/2450/2450
f 2395/2395/2395 2396/2396/2396 2452/2452/2452
f 2395/2395/2395 2452/2452/2452 2451/2451/2451
f 2396/2396/2396 2397/2397/2397 2453/2453/2453
f 2396/2396/2396 2453/2453/2453 2452/2452/2452
f 2397/2397/2397 2398/2398/2398 2454/2454/2454
f 2397/2397/2397 2454/2454/2454 2453/2453/2453
f 2398/2398/2398 2399/2399/2399 2455/2455/2455
f 2398/2398/2398 2455/2455/2455 2454/2454/2454
f 2399/2399/2399 2400/2400/2400 2456/2456/2456
f 2399/2399/2399 2456/2456/2456 2455/2455/2455
f 2400/2400/2400 2401/2401/2401 2457/2457/2457
f 2400/2400/2400 2457/2457/2457 2456/2456/2456
f 2401/2401/2401 2402/2402/2402 2458/2458/2458
f 2401/2401/2401 2458/2458/2458 2457/2457/2457
f 2402/2402/2402 2403/2403/2403 2459/2459/2459
f 2402/2402/2402 2459/2459/2459 2458/2458/2458
f 2403/2403/2403 2404/2404/2404 2460/2460/2460
f 2403/2403/2403 2460/2460/2460 2459/2459/2459
f 2404/2404/2404 2405/2405/2405 2461/2461/2461
f 2404/2404/2404 2461/2461/2461 2460/2460/2460
f 2405/2405/2405 2406/2406/2406 2462/2462/2462
f 2405/2405/2405 2462/2462/2462 2461/2461/2461
f 2406/2406/2406 2407/2407/2407 2463/2463/2463
f 2406/2406/2406 2463/2463/2463 2462/2462/2462
f 2407/2407/2407 2408/2408/2408 2464/2464/2464
f 2407/2407/2407 2464/2464/2464 2463/2463/2463
f 2408/2408/2408 2353/2353/2353 2409/2409/2409
f 2408/2408/2408 2409/2409/2409 2464/2464/2464
f 2409/2409/2409 2410/2410/2410 2466/2466/2466
f 2409/2409/2409 2466/2466/2466 2465/2465/2465
f 2410/2410/2410 2411/2411/2411 2467/2467/2467
f 2410/2410/2410 2467/2467/2467 2466/2466/2466
f 2411/2411/2411 2412/2412/2412 2468/2468/2468
f 2411/2411/2411 2468/2468/2468 2467/2467/2467
f 2412/2412/2412 2413/2413/2413 2469/2469/2469
f 2412/2412/2412 2469/2469/2469 2468/2468/2468
f 2413/2413/2413 2414/2414/2414 2470/2470/2470
f 2413/2413/2413 2470/2470/2470 2469/2469/2469
f 2414/2414/2414 2415/2415/2415 2471/2471/2471
f 2414/2414/2414 2471/2471/2471 2470/2470/2470
f 2415/2415/2415 2416/2416/2416 2472/2472/2472
f 2415/2415/2415 2472/2472/2472 2471/2471/2471
f 2416/2416/2416 2417/2417/2417 2473/2473/2473
f 2416/2416/2416 2473/2473/2473 2472/2472/2472
f 2417/2417/2417 2418/2418/2418 2474/2474/2474
f 2417/2417/2417 2474/2474/2474 2473/2473/2473
f 2418/2418/2418 2419/2419/2419 2475/2475/2475
f 2418/2418/2418 2475/2475/2475 2474/2474/2474
f 2419/2419/2419 2420/2420/2420 2476/2476/2476
f 2419/2419/2419 2476/2476/2476 2475/2475/2475
f 2420/2420/2420 2421/2421/2421 2477/2477/2477
f 2420/2420/2420 2477/2477/2477 2476/2476/2476
f 2421/2421/2421 2422/2422/2422 2478/2478/2478
f 2421/2421/2421 2478/2478/2478 2477/2477/2477
f 2422/2422/2422 2423/2423/2423 2479/2479/2479
f 2422/2422/2422 2479/2479/2479 2478/2478/2478
f 2423/2423/2423 2424/2424/2424 2480/2480/2480
f 2423/2423/2423 2480/2480/2480 2479/2479/2479
f 2424/2424/2424 2425/2425/2425 2481/2481/2481
f 2424/2424/2424 2481/2481/2481 2480/2480/2480
f 2425/2425/2425 2426/2426/2426 2482/2482/2482
f 2425/2425/2425 2482/2482/2482 2481/2481/2481
f 2426/2426/2426 2427/2427/2427 2483/2483/2483
f 2426/2426/2426 2483/2483/2483 2482/2482/2482
f 2427/2427/2427 2428/2428/2428 2484/2484/2484
f 2427/2427/2427 2484/2484/2484 2483/2483/2483
f 2428/2428/2428 2429/2429/2429 2485/2485/2485
f 2428/2428/2428 2485/2485/2485 2484/2484/2484
f 2429/2429/2429 2430/2430/2430 2486/2486/2486
f 2429/2429/2429 2486/2486/2486 2485/2485/2485
f 2430/2430/2430 2431/2431/2431 2487/2487/2487
f 2430/2430/2430 2487/2487/2487 2486/2486/2486
f 2431/2431/2431 2432/2432/2432 2488/2488/2488
f 2431/2431/2431 2488/2488/2488 2487/2487/2487
f 2432/2432/2432 2433/2433/2433 2489/2489/2489
f 2432/2432/2432 2489/2489/2489 2488/2488/2488
f 2433/2433/2433 2434/2434/2434 2490/2490/2490
f 2433/2433/2433 2490/2490/2490 2489/2489/2489
f 2434/2434/2434 2435/2435/2435 2491/2491/2491
f 2434/2434/2434 2491/2491/2491 2490/2490/2490
f 2435/2435/2435 2436/2436/2436 2492/2492/2492
f 2435/2435/2435 2492/2492/2492 2491/2491/2491
f 2436/2436/2436 2437/2437/2437 2493/2493/2493
f 2436/2436/2436 2493/2493/2493 2492/2492/2492
f 2437/2437/2437 2438/2438/2438 2494/2494/2494
f 2437/2437/2437 2494/2494/2494 2493/2493/2493
f 2438/2438/2438 2439/2439/2439 2495/2495/2495
f 2438/2438/2438 2495/2495/2495 2494/2494/2494
f 2439/2439/2439 2440/2440/2440 2496/2496/2496
f 2439/2439/2439 2496/2496/2496 2495/2495/2495
f 2440/2440/2440 2441/2441/2441 2497/2497/2497
f 2440/2440/2440 2497/2497/2497 2496/2496/2496
f 2441/2441/2441 2442/2442/2442 2498/2498/2498
f 2441/2441/2441 2498/2498/2498 2497/2497/2497
f 2442/2442/2442 2443/2443/2443 2499/2499/2499
f 2442/2442/2442 2499/2499/2499 2498/2498/2498
f 2443/2443/2443 2444/2444/2444 2500/2500/2500
f 2443/2443/2443 2500/2500/2500 2499/2499/2499
f 2444/2444/2444 2445/2445/2445 2501/2501/2501
f 2444/2444/2444 2501/2501/2501 2500/2500/2500
f 2445/2445/2445 2446/2446/2446 2502/2502/2502
f 2445/2445/2445 2502/2502/2502 2501/2501/2501
f 2446/2446/2446 2447/2447/2447 2503/2503/2503
f 2446/2446/2446 2503/2503/2503 2502/2502/2502
f 2447/2447/2447 2448/2448/2448 2504/2504/2504
f 2447/2447/2447 2504/2504/2504 2503/2503/2503
f 2448/2448/2448 2449/2449/2449 2505/2505/2505
f 2448/2448/2448 2505/2505/2505 2504/2504/2504
f 2449/2449/2449 2450/2450/2450 2506/2506/2506
f 2449/2449/2449 2506/2506/2506 2505/2505/2505
f 2450/2450/2450 2451/2451/2451 2507/2507/2507
f 2450/2450/2450 2507/2507/2507 2506/2506/2506
f 2451/2451/2451 2452/2452/2452 2508/2508/2508
f 2451/2451/2451 2508/2508/2508 2507/2507/2507
f 2452/2452/2452 2453/2453/2453 2509/2509/2509
f 2452/2452/2452 2509/2509/2509 2508/2508/2508
f 2453/2453/2453 2454/2454/2454 2510/2510/2510
f 2453/2453/2453 2510/2510/2510 2509/2509/2509
f 2454/2454/2454 2455/2455/2455 2511/2511/2511
f 2454/2454/2454 2511/2511/2511 2510/2510/2510
f 2455/2455/2455 2456/2456/2456 2512/2512/2512
f 2455/2455/2455 2512/2512/2512 2511/2511/2511
f 2456/2456/2456 2457/2457/2457 2513/2513/2513
f 2456/2456/2456 2513/2513/2513 2512/2512/2512
f 2457/2457/2457 2458/2458/2458 2514/2514/2514
f 2457/2457/2457 2514/2514/2514 2513/2513/2513
f 2458/2458/2458 2459/2459/2459 2515/2515/2515
f 2458/2458/2458 2515/2515/2515 2514/2514/2514
f 2459/2459/2459 2460/2460/2460 2516/2516/2516
f 2459/2459/2459 2516/2516/2516 2515/2515/2515
f 2460/2460/2460 2461/2461/2461 2517/2517/2517
f 2460/2460/2460 2517/2517/2517 2516/2516/2516
f 2461/2461/2461 2462/2462/2462 2518/2518/2518
f 2461/2461/2461 2518/2518/2518 2517/2517/2517
f 2462/2462/2462 2463/2463/2463 2519/2519/2519
f 2462/2462/2462 2519/2519/2519 2518/2518/2518
f 2463/2463/2463 2464/2464/2464 2520/2520/2520
f 2463/2463/2463 2520/2520/2520 2519/2519/2519
f 2464/2464/2464 2409/2409/2409 2465/2465/2465
f 2464/2464/2464 2465/2465/2465 2520/2520/2520
f 2465/2465/2465 2466/2466/2466 2522/2522/2522
f 2465/2465/2465 2522/2522/2522 2521/2521/2521
f 2466/2466/2466 2467/2467/2467 2523/2523/2523
f 2466/2466/2466 2523/2523/2523 2522/2522/2522
f 2467/2467/2467 2468/2468/2468 2524/2524/2524
f 2467/2467/2467 2524/2524/2524 2523/2523/2523
f 2468/2468/2468 2469/2469/2469 2525/2525/2525
f 2468/2468/2468 2525/2525/2525 2524/2524/2524
f 2469/2469/2469 2470/2470/2470 2526/2526/2526
f 2469/2469/2469 2526/2526/2526 2525/2525/2525
f 2470/2470/2470 2471/2471/2471 2527/2527/2527
f 2470/2470/2470 2527/2527/2527 2526/2526/2526
f 2471/2471/2471 2472/2472/2472 2528/2528/2528
f 2471/2471/2471 2528/2528/2528 2527/2527/2527
f 2472/2472/2472 2473/2473/2473 2529/2529/2529
f 2472/2472/2472 2529/2529/2529 2528/2528/2528
f 2473/2473/2473 2474/2474/2474 2530/2530/2530
f 2473/2473/2473 2530/2530/2530 2529/2529/2529
f 2474/2474/2474 2475/2475/2475 2531/2531/2531
f 2474/2474/2474 2531/2531/2531 2530/2530/2530
f 2475/2475/2475 2476/2476/2476 2532/2532/2532
f 2475/2475/2475 2532/2532/2532 2531/2531/2531
f 2476/2476/2476 2477/2477/2477 2533/2533/2533
f 2476/2476/2476 2533/2533/2533 2532/2532/2532
f 2477/2477/2477 2478/2478/2478 2534/2534/2534
f 2477/2477/2477 2534/2534/2534 2533/2533/2533
f 2478/2478/2478 2479/2479/2479 2535/2535/2535
f 2478/2478/2478 2535/2535/2535 2534/2534/2534
f 2479/2479/2479 2480/2480/2480 2536/2536/2536
f 2479/2479/2479 2536/2536/2536 2535/2535/2535
f 2480/2480/2480 2481/2481/2481 2537/2537/2537
f 2480/2480/2480 2537/2537/2537 2536/2536/2536
f 2481/2481/2481 2482/2482/2482 2538/2538/2538
f 2481/2481/2481 2538/2538/2538 2537/2537/2537
f 2482/2482/2482 2483/2483/2483 2539/2539/2539
f 2482/2482/2482 2539/2539/2539 2538/2538/2538
f 2483/2483/2483 2484/2484/2484 2540/2540/2540
f 2483/2483/2483 2540/2540/2540 2539/2539/2539
f 2484/2484/2484 2485/2485/2485 2541/2541/2541
f 2484/2484/2484 2541/2541/2541 2540/2540/2540
f 2485/2485/2485 2486/2486/2486 2542/2542/2542
f 2485/2485/2485 2542/2542/2542 2541/2541/2541
f 2486/2486/2486 2487/2487/2487 2543/2543/2543
f 2486/2486/2486 2543/2543/2543 2542/2542/2542
f 2487/2487/2487 2488/2488/2488 2544/2544/2544
f 2487/2487/2487 2544/2544/2544 2543/2543/2543
f 2488/2488/2488 2489/2489/2489 2545/2545/2545
f 2488/2488/2488 2545/2545/2545 2544/2544/2544
f 2489/2489/2489 2490/2490/2490 2546/2546/2546
f 2489/2489/2489 2546/2546/2546 2545/2545/2545
f 2490/2490/2490 2491/2491/2491 2547/2547/2547
f 2490/2490/2490 2547/2547/2547 2546/2546/2546
f 2491/2491/2491 2492/2492/2492 2548/2548/2548
f 2491/2491/2491 2548/2548/2548 2547/2547/2547
f 2492/2492/2492 2493/2493/2493 2549/2549/2549
f 2492/2492/2492 2549/2549/2549 2548/2548/2548
f 2493/2493/2493 2494/2494/2494 2550/2550/2550
f 2493/2493/2493 2550/2550/2550 2549/2549/2549
f 2494/2494/2494 2495/2495/2495 2551/2551/2551
f 2494/2494/2494 2551/2551/2551 2550/2550/2550
f 2495/2495/2495 2496/2496/2496 2552/2552/2552
f 2495/2495/2495 2552/2552/2552 2551/2551/2551
f 2496/2496/2496 2497/2497/2497 2553/2553/2553
f 2496/2496/2496 2553/2553/2553 2552/2552/2552
f 2497/2497/2497 2498/2498/2498 2554/2554/2554
f 2497/2497/2497 2554/2554/2554 2553/2553/2553
f 2498/2498/2498 2499/2499/2499 2555/2555/2555
f 2498/2498/2498 2555/2555/2555 2554/2554/2554
f 2499/2499/2499 2500/2500/2500 2556/2556/2556
f 2499/2499/2499 2556/2556/2556 2555/2555/2555
f 2500/2500/2500 2501/2501/2501 2557/2557/2557
f 2500/2500/2500 2557/2557/2557 2556/2556/2556
f 2501/2501/2501 2502/2502/2502 2558/2558/2558
f 2501/2501/2501 2558/2558/2558 2557/2557/2557
f 2502/2502/2502 2503/2503/2503 2559/2559/2559
f 2502/2502/2502 2559/2559/2559 2558/2558/2558
f 2503/2503/2503 2504/2504/2504 2560/2560/2560
f 2503/2503/2503 2560/2560/2560 2559/2559/2559
f 2504/2504/2504 2505/2505/2505 2561/2561/2561
f 2504/2504/2504 2561/2561/2561 2560/2560/2560
f 2505/2505/2505 2506/2506/2506 2562/2562/2562
f 2505/2505/2505 2562/2562/2562 2561/2561/2561
f 2506/2506/2506 2507/2507/2507 2563/2563/2563
f 2506/2506/2506 2563/2563/2563 2562/2562/2562
f 2507/2507/2507 2508/2508/2508 2564/2564/2564
f 2507/2507/2507 2564/2564/2564 2563/2563/2563
f 2508/2508/2508 2509/2509/2509 2565/2565/2565
f 2508/2508/2508 2565/2565/2565 2564/2564/2564
f 2509/2509/2509 2510/2510/2510 2566/2566/2566
f 2509/2509/2509 2566/2566/2566 2565/2565/2565
f 2510/2510/2510 2511/2511/2511 2567/2567/2567
f 2510/2510/2510 2567/2567/2567 2566/2566/2566
f 2511/2511/2511 2512/2512/2512 2568/2568/2568
f 2511/2511/2511 2568/2568/2568 2567/2567/2567
f 2512/2512/2512 2513/2513/2513 2569/2569/2569
f 2512/2512/2512 2569/2569/2569 2568/2568/2568
f 2513/2513/2513 2514/2514/2514 2570/2570/2570
f 2513/2513/2513 2570/2570/2570 2569/2569/2569
f 2514/2514/2514 2515/2515/2515 2571/2571/2571
f 2514/2514/2514 2571/2571/2571 2570/2570/2570
f 2515/2515/2515 2516/2516/2516 2572/2572/2572
f 2515/2515/2515 2572/2572/2572 2571/2571/2571
f 2516/2516/2516 2517/2517/2517 2573/2573/2573
f 2516/2516/2516 2573/2573/2573 2572/2572/2572
f 2517/2517/2517 2518/2518/2518 2574/2574/2574
f 2517/2517/2517 2574/2574/2574 2573/2573/2573
f 2518/2518/2518 2519/2519/2519 2575/2575/2575
f 2518/2518/2518 2575/2575/2575 2574/2574/2574
f 2519/2519/2519 2520/2520/2520 2576/2576/2576
f 2519/2519/2519 2576/2576/2576 2575/2575/2575
f 2520/2520/2520 2465/2465/2465 2521/2521/2521
f 2520/2520/2520 2521/2521/2521 2576/2576/2576
f 2521/2521/2521 2522/2522/2522 2578/2578/2578
f 2521/2521/2521 2578/2578/2578 2577/2577/2577
f 2522/2522/2522 2523/2523/2523 2579/2579/2579
f 2522/2522/2522 2579/2579/2579 2578/2578/2578
f 2523/2523/2523 2524/2524/2524 2580/2580/2580
f 2523/2523/2523 2580/2580/2580 2579/2579/2579
f 2524/2524/2524 2525/2525/2525 2581/2581/2581
f 2524/2524/2524 2581/2581/2581 2580/2580/2580
f 2525/2525/2525 2526/2526/2526 2582/2582/2582
f 2525/2525/2525 2582/2582/2582 2581/2581/2581
f 2526/2526/2526 2527/2527/2527 2583/2583/2583
f 2526/2526/2526 2583/2583/2583 2582/2582/2582
f 2527/2527/2527 2528/2528/2528 2584/2584/2584
f 2527/2527/2527 2584/2584/2584 2583/2583/2583
f 2528/2528/2528 2529/2529/2529 2585/2585/2585
f 2528/2528/2528 2585/2585/2585 2584/2584/2584
f 2529/2529/2529 2530/2530/2530 2586/2586/2586
f 2529/2529/2529 2586/2586/2586 2585/2585/2585
f 2530/2530/2530 2531/2531/2531 2587/2587/2587
f 2530/2530/2530 2587/2587/2587 2586/2586/2586
f 2531/2531/2531 2532/2532/2532 2588/2588/2588
f 2531/2531/2531 2588/2588/2588 2587/2587/2587
f 2532/2532/2532 2533/2533/2533 2589/2589/2589
f 2532/2532/2532 2589/2589/2589 2588/2588/2588
f 2533/2533/2533 2534/2534/2534 2590/2590/2590
f 2533/2533/2533 2590/2590/2590 2589/2589/2589
f 2534/2534/2534 2535/2535/2535 2591/2591/2591
f 2534/2534/2534 2591/2591/2591 2590/2590/2590
f 2535/2535/2535 2536/2536/2536 2592/2592/2592
f 2535/2535/2535 2592/2592/2592 2591/2591/2591
f 2536/2536/2536 2537/2537/2537 2593/2593/2593
f 2536/2536/2536 2593/2593/2593 2592/2592/2592
f 2537/2537/2537 2538/2538/2538 2594/2594/2594
f 2537/2537/2537 2594/2594/2594 2593/2593/2593
f 2538/2538/2538 2539/2539/2539 2595/2595/2595
f 2538/2538/2538 2595/2595/2595 2594/2594/2594
f 2539/2539/2539 2540/2540/2540 2596/2596/2596
f 2539/2539/2539 2596/2596/2596 2595/2595/2595
f 2540/2540/2540 2541/2541/2541 2597/2597/2597
f 2540/2540/2540 2597/2597/2597 2596/2596/2596
f 2541/2541/2541 2542/2542/2542 2598/2598/2598
f 2541/2541/2541 2598/2598/2598 2597/2597/2597
f 2542/2542/2542 2543/2543/2543 2599/2599/2599
f 2542/2542/2542 2599/2599/2599 2598/2598/2598
f 2543/2543/2543 2544/2544/2544 2600/2600/2600
f 2543/2543/2543 2600/2600/2600 2599/2599/2599
f 2544/2544/2544 2545/2545/2545 2601/2601/2601
f 2544/2544/2544 2601/2601/2601 2600/2600/2600
f 2545/2545/2545 2546/2546/2546 2602/2602/2602
f 2545/2545/2545 2602/2602/2602 2601/2601/2601
f 2546/2546/2546 2547/2547/2547 2603/2603/2603
f 2546/2546/2546 2603/2603/2603 2602/2602/2602
f 2547/2547/2547 2548/2548/2548 2604/2604/2604
f 2547/2547/2547 2604/2604/2604 2603/2603/2603
f 2548/2548/2548 2549/2549/2549 2605/2605/2605
f 2548/2548/2548 2605/2605/2605 2604/2604/2604
f 2549/2549/2549 2550/2550/2550 2606/2606/2606
f 2549/2549/2549 2606/2606/2606 2605/2605/2605
f 2550/2550/2550 2551/2551/2551 2607/2607/2607
f 2550/2550/2550 2607/2607/2607 2606/2606/2606
f 2551/2551/2551 2552/2552/2552 2608/2608/2608
f 2551/2551/2551 2608/2608/2608 2607/2607/2607
f 2552/2552/2552 2553/2553/2553 2609/2609/2609
f 2552/2552/2552 2609/2609/2609 2608/2608/2608
f 2553/2553/2553 2554/2554/2554 2610/2610/2610
f 2553/2553/2553 2610/2610/2610 2609/2609/2609
f 2554/2554/2554 2555/2555/2555 2611/2611/2611
f 2554/2554/2554 2611/2611/2611 2610/2610/2610
f 2555/2555/2555 2556/2556/2556 2612/2612/2612
f 2555/2555/2555 2612/2612/2612 2611/2611/2611
f 2556/2556/2556 2557/2557/2557 2613/2613/2613
f 2556/2556/2556 2613/2613/2613 2612/2612/2612
f 2557/2557/2557 2558/2558/2558 2614/2614/2614
f 2557/2557/2557 2614/2614/2614 2613/2613/2613
f 2558/2558/2558 2559/2559/2559 2615/2615/2615
f 2558/2558/2558 2615/2615/2615 2614/2614/2614
f 2559/2559/2559 2560/2560/2560 2616/2616/2616
f 2559/2559/2559 2616/2616/2616 2615/2615/2615
f 2560/2560/2560 2561/2561/2561 2617/2617/2617
f 2560/2560/2560 2617/2617/2617 2616/2616/2616
f 2561/2561/2561 2562/2562/2562 2618/2618/2618
f 2561/2561/2561 2618/2618/2618 2617/2617/2617
f 2562/2562/2562 2563/2563/2563 2619/2619/2619
f 2562/2562/2562 2619/2619/2619 2618/2618/2618
f 2563/2563/2563 2564/2564/2564 2620/2620/2620
f 2563/2563/2563 2620/2620/2620 2619/2619/2619
f 2564/2564/2564 2565/2565/2565 2621/2621/2621
f 2564/2564/2564 2621/2621/2621 2620/2620/2620
f 2565/2565/2565 2566/2566/2566 2622/2622/2622
f 2565/2565/2565 2622/2622/2622 2621/2621/2621
f 2566/2566/2566 2567/2567/2567 2623/2623/2623
f 2566/2566/2566 2623/2623/2623 2622/2622/2622
f 2567/2567/2567 2568/2568/2568 2624/2624/2624
f 2567/2567/2567 2624/2624/2624 2623/2623/2623
f 2568/2568/2568 2569/2569/2569 2625/2625/2625
f 2568/2568/2568 2625/2625/2625 2624/2624/2624
f 2569/2569/2569 2570/2570/2570 2626/2626/2626
f 2569/2569/2569 2626/2626/2626 2625/2625/2625
f 2570/2570/2570 2571/2571/2571 2627/2627/2627
f 2570/2570/2570 2627/2627/2627 2626/2626/2626
f 2571/2571/2571 2572/2572/2572 2628/2628/2628
f 2571/2571/2571 2628/2628/2628 2627/2627/2627
f 2572/2572/2572 2573/2573/2573 2629/2629/2629
f 2572/2572/2572 2629/2629/2629 2628/2628/2628
f 2573/2573/2573 2574/2574/2574 2630/2630/2630
f 2573/2573/2573 2630/2630/2630 2629/2629/2629
f 2574/2574/2574 2575/2575/2575 2631/2631/2631
f 2574/2574/2574 2631/2631/2631 2630/2630/2630
f 2575/2575/2575 2576/2576/2576 2632/2632/2632
f 2575/2575/2575 2632/2632/2632 2631/2631/2631
f 2576/2576/2576 2521/2521/2521 2577/2577/2577
f 2576/2576/2576 2577/2577/2577 2632/2632/2632
f 2577/2577/2577 2578/2578/2578 2634/2634/2634
f 2577/2577/2577 2634/2634/2634 2633/2633/2633
f 2578/2578/2578 2579/2579/2579 2635/2635/2635
f 2578/2578/2578 2635/2635/2635 2634/2634/2634
f 2579/2579/2579 2580/2580/2580 2636/2636/2636
f 2579/2579/2579 2636/2636/2636 2635/2635/2635
f 2580/2580/2580 2581/2581/2581 2637/2637/2637
f 2580/2580/2580 2637/2637/2637 2636/2636/2636
f 2581/2581/2581 2582/2582/2582 2638/2638/2638
f 2581/2581/2581 2638/2638/2638 2637/2637/2637
f 2582/2582/2582 2583/2583/2583 2639/2639/2639
f 2582/2582/2582 2639/2639/2639 2638/2638/2638
f 2583/2583/2583 2584/2584/2584 2640/2640/2640
f 2583/2583/2583 2640/2640/2640 2639/2639/2639
f 2584/2584/2584 2585/2585/2585 2641/2641/2641
f 2584/2584/2584 2641/2641/2641 2640/2640/2640
f 2585/2585/2585 2586/2586/2586 2642/2642/2642
f 2585/2585/2585 2642/2642/2642 2641/2641/2641
f 2586/2586/2586 2587/2587/2587 2643/2643/2643
f 2586/2586/2586 2643/2643/2643 2642/2642/2642
f 2587/2587/2587 2588/2588/2588 2644/2644/2644
f 2587/2587/2587 2644/2644/2644 2643/2643/2643
f 2588/2588/2588 2589/2589/2589 2645/2645/2645
f 2588/2588/2588 2645/2645/2645 2644/2644/2644
f 2589/2589/2589 2590/2590/2590 2646/2646/2646
f 2589/2589/2589 2646/2646/2646 2645/2645/2645
f 2590/2590/2590 2591/2591/2591 2647/2647/2647
f 2590/2590/2590 2647/2647/2647 2646/2646/2646
f 2591/2591/2591 2592/2592/2592 2648/2648/2648
f 2591/2591/2591 2648/2648/2648 2647/2647/2647
f 2592/2592/2592 2593/2593/2593 2649/2649/2649
f 2592/2592/2592 2649/2649/2649 2648/2648/2648
f 2593/2593/2593 2594/2594/2594 2650/2650/2650
f 2593/2593/2593 2650/2650/2650 2649/2649/2649
f 2594/2594/2594 2595/2595/2595 2651/2651/2651
f 2594/2594/2594 2651/2651/2651 2650/2650/2650
f 2595/2595/2595 2596/2596/2596 2652/2652/2652
f 2595/2595/2595 2652/2652/2652 2651/2651/2651
f 2596/2596/2596 2597/2597/2597 2653/2653/2653
f 2596/2596/2596 2653/2653/2653 2652/2652/2652
f 2597/2597/2597 2598/2598/2598 2654/2654/2654
f 2597/2597/2597 2654/2654/2654 2653/2653/2653
f 2598/2598/2598 2599/2599/2599 2655/2655/2655
f 2598/2598/2598 2655/2655/2655 2654/2654/2654
f 2599/2599/2599 2600/2600/2600 2656/2656/2656
f 2599/2599/2599 2656/2656/2656 2655/2655/2655
f 2600/2600/2600 2601/2601/2601 2657/2657/2657
f 2600/2600/2600 2657/2657/2657 2656/2656/2656
f 2601/2601/2601 2602/2602/2602 2658/2658/2658
f 2601/2601/2601 2658/2658/2658 2657/2657/2657
f 2602/2602/2602 2603/2603/2603 2659/2659/2659
f 2602/2602/2602 2659/2659/2659 2658/2658/2658
f 2603/2603/2603 2604/2604/2604 2660/2660/2660
f 2603/2603/2603 2660/2660/2660 2659/2659/2659
f 2604/2604/2604 2605/2605/2605 2661/2661/2661
f 2604/2604/2604 2661/2661/2661 2660/2660/2660
f 2605/2605/2605 2606/2606/2606 2662/2662/2662
f 2605/2605/2605 2662/2662/2662 2661/2661/2661
f 2606/2606/2606 2607/2607/2607 2663/2663/2663
f 2606/2606/2606 2663/2663/2663 2662/2662/2662
f 2607/2607/2607 2608/2608/2608 2664/2664/2664
f 2607/2607/2607 2664/2664/2664 2663/2663/2663
f 2608/2608/2608 2609/2609/2609 2665/2665/2665
f 2608/2608/2608 2665/2665/2665 2664/2664/2664
f 2609/2609/2609 2610/2610/2610 2666/2666/2666
f 2609/2609/2609 2666/2666/2666 2665/2665/2665
f 2610/2610/2610 2611/2611/2611 2667/2667/2667
f 2610/2610/2610 2667/2667/2667 2666/2666/2666
f 2611/2611/2611 2612/2612/2612 2668/2668/2668
f 2611/2611/2611 2668/2668/2668 2667/2667/2667
f 2612/2612/2612 2613/2613/2613 2669/2669/2669
f 2612/2612/2612 2669/2669/2669 2668/2668/2668
f 2613/2613/2613 2614/2614/2614 2670/2670/2670
f 2613/2613/2613 2670/2670/2670 2669/2669/2669
f 2614/2614/2614 2615/2615/2615 2671/2671/2671
f 2614/2614/2614 2671/2671/2671 2670/2670/2670
f 2615/2615/2615 2616/2616/2616 2672/2672/2672
f 2615/2615/2615 2672/2672/2672 2671/2671/2671
f 2616/2616/2616 2617/2617/2617 2673/2673/2673
f 2616/2616/2616 2673/2673/2673 2672/2672/2672
f 2617/2617/2617 2618/2618/2618 2674/2674/2674
f 2617/2617/2617 2674/2674/2674 2673/2673/2673
f 2618/2618/2618 2619/2619/2619 2675/2675/2675
f 2618/2618/2618 2675/2675/2675 2674/2674/2674
f 2619/2619/2619 2620/2620/2620 2676/2676/2676
f 2619/2619/2619 2676/2676/2676 2675/2675/2675
f 2620/2620/2620 2621/2621/2621 2677/2677/2677
f 2620/2620/2620 2677/2677/2677 2676/2676/2676
f 2621/2621/2621 2622/2622/2622 2678/2678/2678
f 2621/2621/2621 2678/2678/2678 2677/2677/2677
f 2622/2622/2622 2623/2623/2623 2679/2679/2679
f 2622/2622/2622 2679/2679/2679 2678/2678/2678
f 2623/2623/2623 2624/2624/2624 2680/2680/2680
f 2623/2623/2623 2680/2680/2680 2679/2679/2679
f 2624/2624/2624 2625/2625/2625 2681/2681/2681
f 2624/2624/2624 2681/2681/2681 2680/2680/2680
f 2625/2625/2625 2626/2626/2626 2682/2682/2682
f 2625/2625/2625 2682/2682/2682 2681/2681/2681
f 2626/2626/2626 2627/2627/2627 2683/2683/2683
f 2626/2626/2626 2683/2683/2683 2682/2682/2682
f 2627/2627/2627 2628/2628/2628 2684/2684/2684
f 2627/2627/2627 2684/2684/2684 2683/2683/2683
f 2628/2628/2628 2629/2629/2629 2685/2685/2685
f 2628/2628/2628 2685/2685/2685 2684/2684/2684
f 2629/2629/2629 2630/2630/2630 2686/2686/2686
f 2629/2629/2629 2686/2686/2686 2685/2685/2685
f 2630/2630/2630 2631/2631/2631 2687/2687/2687
f 2630/2630/2630 2687/2687/2687 2686/2686/2686
f 2631/2631/2631 2632/2632/2632 2688/2688/2688
f 2631/2631/2631 2688/2688/2688 2687/2687/2687
f 2632/2632/2632 2577/2577/2577 2633/2633/2633
f 2632/2632/2632 2633/2633/2633 2688/2688/2688
f 2633/2633/2633 2634/2634/2634 2690/2690/2690
f 2633/2633/2633 2690/2690/2690 2689/2689/2689
f 2634/2634/2634 2635/2635/2635 2691/2691/2691
f 2634/2634/2634 2691/2691/2691 2690/2690/2690
f 2635/2635/2635 2636/2636/2636 2692/2692/2692
f 2635/2635/2635 2692/2692/2692 2691/2691/2691
f 2636/2636/2636 2637/2637/2637 2693/2693/2693
f 2636/2636/2636 2693/2693/2693 2692/2692/2692
f 2637/2637/2637 2638/2638/2638 2694/2694/2694
f 2637/2637/2637 2694/2694/2694 2693/2693/2693
f 2638/2638/2638 2639/2639/2639 2695/2695/2695
f 2638/2638/2638 2695/2695/2695 2694/2694/2694
f 2639/2639/2639 2640/2640/2640 2696/2696/2696
f 2639/2639/2639 2696/2696/2696 2695/2695/2695
f 2640/2640/2640 2641/2641/2641 2697/2697/2697
f 2640/2640/2640 2697/2697/2697 2696/2696/2696
f 2641/2641/2641 2642/2642/2642 2698/2698/2698
f 2641/2641/2641 2698/2698/2698 2697/2697/2697
f 2642/2642/2642 2643/2643/2643 2699/2699/2699
f 2642/2642/2642 2699/2699/2699 2698/2698/2698
f 2643/2643/2643 2644/2644/2644 2700/2700/2700
f 2643/2643/2643 2700/2700/2700 2699/2699/2699
f 2644/2644/2644 2645/2645/2645 2701/2701/2701
f 2644/2644/2644 2701/2701/2701 2700/2700/2700
f 2645/2645/2645 2646/2646/2646 2702/2702/2702
f 2645/2645/2645 2702/2702/2702 2701/2701/2701
f 2646/2646/2646 2647/2647/2647 2703/2703/2703
f 2646/2646/2646 2703/2703/2703 2702/2702/2702
f 2647/2647/2647 2648/2648/2648 2704/2704/2704
f 2647/2647/2647 2704/2704/2704 2703/2703/2703
f 2648/2648/2648 2649/2649/2649 2705/2705/2705
f 2648/2648/2648 2705/2705/2705 2704/2704/2704
f 2649/2649/2649 2650/2650/2650 2706/2706/2706
f 2649/2649/2649 2706/2706/2706 2705/2705/2705
f 2650/2650/2650 2651/2651/2651 2707/2707/2707
f 2650/2650/2650 2707/2707/2707 2706/2706/2706
f 2651/2651/2651 2652/2652/2652 2708/2708/2708
f 2651/2651/2651 2708/2708/2708 2707/2707/2707
f 2652/2652/2652 2653/2653/2653 2709/2709/2709
f 2652/2652/2652 2709/2709/2709 2708/2708/2708
f 2653/2653/2653 2654/2654/2654 2710/2710/2710
f 2653/2653/2653 2710/2710/2710 2709/2709/2709
f 2654/2654/2654 2655/2655/2655 2711/2711/2711
f 2654/2654/2654 2711/2711/2711 2710/2710/2710
f 2655/2655/2655 2656/2656/2656 2712/2712/2712
f 2655/2655/2655 2712/2712/2712 2711/2711/2711
f 2656/2656/2656 2657/2657/2657 2713/2713/2713
f 2656/2656/2656 2713/2713/2713 2712/2712/2712
f 2657/2657/2657 2658/2658/2658 2714/2714/2714
f 2657/2657/2657 2714/2714/2714 2713/2713/2713
f 2658/2658/2658 2659/2659/2659 2715/2715/2715
f 2658/2658/2658 2715/2715/2715 2714/2714/2714
f 2659/2659/2659 2660/2660/2660 2716/2716/2716
f 2659/2659/2659 2716/2716/2716 2715/2715/2715
f 2660/2660/2660 2661/2661/2661 2717/2717/2717
f 2660/2660/2660 2717/2717/2717 2716/2716/2716
f 2661/2661/2661 2662/2662/2662 2718/2718/2718
f 2661/2661/2661 2718/2718/2718 2717/2717/2717
f 2662/2662/2662 2663/2663/2663 2719/2719/2719
f 2662/2662/2662 2719/2719/2719 2718/2718/2718
f 2663/2663/2663 2664/2664/2664 2720/2720/2720
f 2663/2663/2663 2720/2720/2720 2719/2719/2719
f 2664/2664/2664 2665/2665/2665 2721/2721/2721
f 2664/2664/2664 2721/2721/2721 2720/2720/2720
f 2665/2665/2665 2666/2666/2666 2722/2722/2722
f 2665/2665/2665 2722/2722/2722 2721/2721/2721
f 2666/2666/2666 2667/2667/2667 2723/2723/2723
f 2666/2666/2666 2723/2723/2723 2722/2722/2722
f 2667/2667/2667 2668/2668/2668 2724/2724/2724
f 2667/2667/2667 2724/2724/2724 2723/2723/2723
f 2668/2668/2668 2669/2669/2669 2725/2725/2725
f 2668/2668/2668 2725/2725/2725 2724/2724/2724
f 2669/2669/2669 2670/2670/2670 2726/2726/2726
f 2669/2669/2669 2726/2726/2726 2725/2725/2725
f 2670/2670/2670 2671/2671/2671 2727/2727/2727
f 2670/2670/2670 2727/2727/2727 2726/2726/2726
f 2671/2671/2671 2672/2672/2672 2728/2728/2728
f 2671/2671/2671 2728/2728/2728 2727/2727/2727
f 2672/2672/2672 2673/2673/2673 2729/2729/2729
f 2672/2672/2672 2729/2729/2729 2728/2728/2728
f 2673/2673/2673 2674/2674/2674 2730/2730/2730
f 2673/2673/2673 2730/2730/2730 2729/2729/2729
f 2674/2674/2674 2675/2675/2675 2731/2731/2731
f 2674/2674/2674 2731/2731/2731 2730/2730/2730
f 2675/2675/2675 2676/2676/2676 2732/2732/2732
f 2675/2675/2675 2732/2732/2732 2731/2731/2731
f 2676/2676/2676 2677/2677/2677 2733/2733/2733
f 2676/2676/2676 2733/2733/2733 2732/2732/2732
f 2677/2677/2677 2678/2678/2678 2734/2734/2734
f 2677/2677/2677 2734/2734/2734 2733/2733/2733
f 2678/2678/2678 2679/2679/2679 2735/2735/2735
f 2678/2678/2678 2735/2735/2735 2734/2734/2734
f 2679/2679/2679 2680/2680/2680 2736/2736/2736
f 2679/2679/2679 2736/2736/2736 2735/2735/2735
f 2680/2680/2680 2681/2681/2681 2737/2737/2737
f 2680/2680/2680 2737/2737/2737 2736/2736/2736
f 2681/2681/2681 2682/2682/2682 2738/2738/2738
f 2681/2681/2681 2738/2738/2738 2737/2737/2737
f 2682/2682/2682 2683/2683/2683 2739/2739/2739
f 2682/2682/2682 2739/2739/2739 2738/2738/2738
f 2683/2683/2683 2684/2684/2684 2740/2740/2740
f 2683/2683/2683 2740/2740/2740 2739/2739/2739
f 2684/2684/2684 2685/2685/2685 2741/2741/2741
f 2684/2684/2684 2741/2741/2741 2740/2740/2740
f 2685/2685/2685 2686/2686/2686 2742/2742/2742
f 2685/2685/2685 2742/2742/2742 2741/2741/2741
f 2686/2686/2686 2687/2687/2687 2743/2743/2743
f 2686/2686/2686 2743/2743/2743 2742/2742/2742
f 2687/2687/2687 2688/2688/2688 2744/2744/2744
f 2687/2687/2687 2744/2744/2744 2743/2743/2743
f 2688/2688/2688 2633/2633/2633 2689/2689/2689
f 2688/2688/2688 2689/2689/2689 2744/2744/2744
f 2689/2689/2689 2690/2690/2690 2746/2746/2746
f 2689/2689/2689 2746/2746/2746 2745/2745/2745
f 2690/2690/2690 2691/2691/2691 2747/2747/2747
f 2690/2690/2690 2747/2747/2747 2746/2746/2746
f 2691/2691/2691 2692/2692/2692 2748/2748/2748
f 2691/2691/2691 2748/2748/2748 2747/2747/2747
f 2692/2692/2692 2693/2693/2693 2749/2749/2749
f 2692/2692/2692 2749/2749/2749 2748/2748/2748
f 2693/2693/2693 2694/2694/2694 2750/2750/2750
f 2693/2693/2693 2750/2750/2750 2749/2749/2749
f 2694/2694/2694 2695/2695/2695 2751/2751/2751
f 2694/2694/2694 2751/2751/2751 2750/2750/2750
f 2695/2695/2695 2696/2696/2696 2752/2752/2752
f 2695/2695/2695 2752/2752/2752 2751/2751/2751
f 2696/2696/2696 2697/2697/2697 2753/2753/2753
f 2696/2696/2696 2753/2753/2753 2752/2752/2752
f 2697/2697/2697 2698/2698/2698 2754/2754/2754
f 2697/2697/2697 2754/2754/2754 2753/2753/2753
f 2698/2698/2698 2699/2699/2699 2755/2755/2755
f 2698/2698/2698 2755/2755/2755 2754/2754/2754
f 2699/2699/2699 2700/2700/2700 2756/2756/2756
f 2699/2699/2699 2756/2756/2756 2755/2755/2755
f 2700/2700/2700 2701/2701/2701 2757/2757/2757
f 2700/2700/2700 2757/2757/2757 2756/2756/2756
f 2701/2701/2701 2702/2702/2702 2758/2758/2758
f 2701/2701/2701 2758/2758/2758 2757/2757/2757
f 2702/2702/2702 2703/2703/2703 2759/2759/2759
f 2702/2702/2702 2759/2759/2759 2758/2758/2758
f 2703/2703/2703 2704/2704/2704 2760/2760/2760
f 2703/2703/2703 2760/2760/2760 2759/2759/2759
f 2704/2704/2704 2705/2705/2705 2761/2761/2761
f 2704/2704/2704 2761/2761/2761 2760/2760/2760
f 2705/2705/2705 2706/2706/2706 2762/2762/2762
f 2705/2705/2705 2762/2762/2762 2761/2761/2761
f 2706/2706/2706 2707/2707/2707 2763/2763/2763
f 2706/2706/2706 2763/2763/2763 2762/2762/2762
f 2707/2707/2707 2708/2708/2708 2764/2764/2764
f 2707/2707/2707 2764/2764/2764 2763/2763/2763
f 2708/2708/2708 2709/2709/2709 2765/2765/2765
f 2708/2708/2708 2765/2765/2765 2764/2764/2764
f 2709/2709/2709 2710/2710/2710 2766/2766/2766
f 2709/2709/2709 2766/2766/2766 2765/2765/2765
f 2710/2710/2710 2711/2711/2711 2767/2767/2767
f 2710/2710/2710 2767/2767/2767 2766/2766/2766
f 2711/2711/2711 2712/2712/2712 2768/2768/2768
f 2711/2711/2711 2768/2768/2768 2767/2767/2767
f 2712/2712/2712 2713/2713/2713 2769/2769/2769
f 2712/2712/2712 2769/2769/2769 2768/2768/2768
f 2713/2713/2713 2714/2714/2714 2770/2770/2770
f 2713/2713/2713 2770/2770/2770 2769/2769/2769
f 2714/2714/2714 2715/2715/2715 2771/2771/2771
f 2714/2714/2714 2771/2771/2771 2770/2770/2770
f 2715/2715/2715 2716/2716/2716 2772/2772/2772
f 2715/2715/2715 2772/2772/2772 2771/2771/2771
f 2716/2716/2716 2717/2717/2717 2773/2773/2773
f 2716/2716/2716 2773/2773/2773 2772/2772/2772
f 2717/2717/2717 2718/2718/2718 2774/2774/2774
f 2717/2717/2717 2774/2774/2774 2773/2773/2773
f 2718/2718/2718 2719/2719/2719 2775/2775/2775
f 2718/2718/2718 2775/2775/2775 2774/2774/2774
f 2719/2719/2719 2720/2720/2720 2776/2776/2776
f 2719/2719/2719 2776/2776/2776 2775/2775/2775
f 2720/2720/2720 2721/2721/2721 2777/2777/2777
f 2720/2720/2720 2777/2777/2777 2776/2776/2776
f 2721/2721/2721 2722/2722/2722 2778/2778/2778
f 2721/2721/2721 2778/2778/2778 2777/2777/2777
f 2722/2722/2722 2723/2723/2723 2779/2779/2779
f 2722/2722/2722 2779/2779/2779 2778/2778/2778
f 2723/2723/2723 2724/2724/2724 2780/2780/2780
f 2723/2723/2723 2780/2780/2780 2779/2779/2779
f 2724/2724/2724 2725/2725/2725 2781/2781/2781
f 2724/2724/2724 2781/2781/2781 2780/2780/2780
f 2725/2725/2725 2726/2726/2726 2782/2782/2782
f 2725/2725/2725 2782/2782/2782 2781/2781/2781
f 2726/2726/2726 2727/2727/2727 2783/2783/2783
f 2726/2726/2726 2783/2783/2783 2782/2782/2782
f 2727/2727/2727 2728/2728/2728 2784/2784/2784
f 2727/2727/2727 2784/2784/2784 2783/2783/2783
f 2728/2728/2728 2729/2729/2729 2785/2785/2785
f 2728/2728/2728 2785/2785/2785 2784/2784/2784
f 2729/2729/2729 2730/2730/2730 2786/2786/2786
f 2729/2729/2729 2786/2786/2786 2785/2785/2785
f 2730/2730/2730 2731/2731/2731 2787/2787/2787
f 2730/2730/2730 2787/2787/2787 2786/2786/2786
f 2731/2731/2731 2732/2732/2732 2788/2788/2788
f 2731/2731/2731 2788/2788/2788 2787/2787/2787
f 2732/2732/2732 2733/2733/2733 2789/2789/2789
f 2732/2732/2732 2789/2789/2789 2788/2788/2788
f 2733/2733/2733 2734/2734/2734 2790/2790/2790
f 2733/2733/2733 2790/2790/2790 2789/2789/2789
f 2734/2734/2734 2735/2735/2735 2791/2791/2791
f 2734/2734/2734 2791/2791/2791 2790/2790/2790
f 2735/2735/2735 2736/2736/2736 2792/2792/2792
f 2735/2735/2735 2792/2792/2792 2791/2791/2791
f 2736/2736/2736 2737/2737/2737 2793/2793/2793
f 2736/2736/2736 2793/2793/2793 2792/2792/2792
f 2737/2737/2737 2738/2738/2738 2794/2794/2794
f 2737/2737/2737 2794/2794/2794 2793/2793/2793
f 2738/2738/2738 2739/2739/2739 2795/2795/2795
f 2738/2738/2738 2795/2795/2795 2794/2794/2794
f 2739/2739/2739 2740/2740/2740 2796/2796/2796
f 2739/2739/2739 2796/2796/2796 2795/2795/2795
f 2740/2740/2740 2741/2741/2741 2797/2797/2797
f 2740/2740/2740 2797/2797/2797 2796/2796/2796
f 2741/2741/2741 2742/2742/2742 2798/2798/2798
f 2741/2741/2741 2798/2798/2798 2797/2797/2797
f 2742/2742/2742 2743/2743/2743 2799/2799/2799
f 2742/2742/2742 2799/2799/2799 2798/2798/2798
f 2743/2743/2743 2744/2744/2744 2800/2800/2800
f 2743/2743/2743 2800/2800/2800 2799/2799/2799
f 2744/2744/2744 2689/2689/2689 2745/2745/2745
f 2744/2744/2744 2745/2745/2745 2800/2800/2800
f 2745/2745/2745 2746/2746/2746 2802/2802/2802
f 2745/2745/2745 2802/2802/2802 2801/2801/2801
f 2746/2746/2746 2747/2747/2747 2803/2803/2803
f 2746/2746/2746 2803/2803/2803 2802/2802/2802
f 2747/2747/2747 2748/2748/2748 2804/2804/2804
f 2747/2747/2747 2804/2804/2804 2803/2803/2803
f 2748/2748/2748 2749/2749/2749 2805/2805/2805
f 2748/2748/2748 2805/2805/2805 2804/2804/2804
f 2749/2749/2749 2750/2750/2750 2806/2806/2806
f 2749/2749/2749 2806/2806/2806 2805/2805/2805
f 2750/2750/2750 2751/2751/2751 2807/2807/2807
f 2750/2750/2750 2807/2807/2807 2806/2806/2806
f 2751/2751/2751 2752/2752/2752 2808/2808/2808
f 2751/2751/2751 2808/2808/2808 2807/2807/2807
f 2752/2752/2752 2753/2753/2753 2809/2809/2809
f 2752/2752/2752 2809/2809/2809 2808/2808/2808
f 2753/2753/2753 2754/2754/2754 2810/2810/2810
f 2753/2753/2753 2810/2810/2810 2809/2809/2809
f 2754/2754/2754 2755/2755/2755 2811/2811/2811
f 2754/2754/2754 2811/2811/2811 2810/2810/2810
f 2755/2755/2755 2756/2756/2756 2812/2812/2812
f 2755/2755/2755 2812/2812/2812 2811/2811/2811
f 2756/2756/2756 2757/2757/2757 2813/2813/2813
f 2756/2756/2756 2813/2813/2813 2812/2812/2812
f 2757/2757/2757 2758/2758/2758 2814/2814/2814
f 2757/2757/2757 2814/2814/2814 2813/2813/2813
f 2758/2758/2758 2759/2759/2759 2815/2815/2815
f 2758/2758/2758 2815/2815/2815 2814/2814/2814
f 2759/2759/2759 2760/2760/2760 2816/2816/2816
f 2759/2759/2759 2816/2816/2816 2815/2815/2815
f 2760/2760/2760 2761/2761/2761 2817/2817/2817
f 2760/2760/2760 2817/2817/2817 2816/2816/2816
f 2761/2761/2761 2762/2762/2762 2818/2818/2818
f 2761/2761/2761 2818/2818/2818 2817/2817/2817
f 2762/2762/2762 2763/2763/2763 2819/2819/2819
f 2762/2762/2762 2819/2819/2819 2818/2818/2818
f 2763/2763/2763 2764/2764/2764 2820/2820/2820
f 2763/2763/2763 2820/2820/2820 2819/2819/2819
f 2764/2764/2764 2765/2765/2765 2821/2821/2821
f 2764/2764/2764 2821/2821/2821 2820/2820/2820
f 2765/2765/2765 2766/2766/2766 2822/2822/2822
f 2765/2765/2765 2822/2822/2822 2821/2821/2821
f 2766/2766/2766 2767/2767/2767 2823/2823/2823
f 2766/2766/2766 2823/2823/2823 2822/2822/2822
f 2767/2767/2767 2768/2768/2768 2824/2824/2824
f 2767/2767/2767 2824/2824/2824 2823/2823/2823
f 2768/2768/2768 2769/2769/2769 2825/2825/2825
f 2768/2768/2768 2825/2825/2825 2824/2824/2824
f 2769/2769/2769 2770/2770/2770 2826/2826/2826
f 2769/2769/2769 2826/2826/2826 2825/2825/2825
f 2770/2770/2770 2771/2771/2771 2827/2827/2827
f 2770/2770/2770 2827/2827/2827 2826/2826/2826
f 2771/2771/2771 2772/2772/2772 2828/2828/2828
f 2771/2771/2771 2828/2828/2828 2827/2827/2827
f 2772/2772/2772 2773/2773/2773 2829/2829/2829
f 2772/2772/2772 2829/2829/2829 2828/2828/2828
f 2773/2773/2773 2774/2774/2774 2830/2830/2830
f 2773/2773/2773 2830/2830/2830 2829/2829/2829
f 2774/2774/2774 2775/2775/2775 2831/2831/2831
f 2774/2774/2774 2831/2831/2831 2830/2830/2830
f 2775/2775/2775 2776/2776/2776 2832/2832/2832
f 2775/2775/2775 2832/2832/2832 2831/2831/2831
f 2776/2776/2776 2777/2777/2777 2833/2833/2833
f 2776/2776/2776 2833/2833/2833 2832/2832/2832
f 2777/2777/2777 2778/2778/2778 2834/2834/2834
f 2777/2777/2777 2834/2834/2834 2833/2833/2833
f 2778/2778/2778 2779/2779/2779 2835/2835/2835
f 2778/2778/2778 2835/2835/2835 2834/2834/2834
f 2779/2779/2779 2780/2780/2780 2836/2836/2836
f 2779/2779/2779 2836/2836/2836 2835/2835/2835
f 2780/2780/2780 2781/2781/2781 2837/2837/2837
f 2780/2780/2780 2837/2837/2837 2836/2836/2836
f 2781/2781/2781 2782/2782/2782 2838/2838/2838
f 2781/2781/2781 2838/2838/2838 2837/2837/2837
f 2782/2782/2782 2783/2783/2783 2839/2839/2839
f 2782/2782/2782 2839/2839/2839 2838/2838/2838
f 2783/2783/2783 2784/2784/2784 2840/2840/2840
f 2783/2783/2783 2840/2840/2840 2839/2839/2839
f 2784/2784/2784 2785/2785/2785 2841/2841/2841
f 2784/2784/2784 2841/2841/2841 2840/2840/2840
f 2785/2785/2785 2786/2786/2786 2842/2842/2842
f 2785/2785/2785 2842/2842/2842 2841/2841/2841
f 2786/2786/2786 2787/2787/2787 2843/2843/2843
f 2786/2786/2786 2843/2843/2843 2842/2842/2842
f 2787/2787/2787 2788/2788/2788 2844/2844/2844
f 2787/2787/2787 2844/2844/2844 2843/2843/2843
f 2788/2788/2788 2789/2789/2789 2845/2845/2845
f 2788/2788/2788 2845/2845/2845 2844/2844/2844
f 2789/2789/2789 2790/2790/2790 2846/2846/2846
f 2789/2789/2789 2846/2846/2846 2845/2845/2845
f 2790/2790/2790 2791/2791/2791 2847/2847/2847
f 2790/2790/2790 2847/2847/2847 2846/2846/2846
f 2791/2791/2791 2792/2792/2792 2848/2848/2848
f 2791/2791/2791 2848/2848/2848 2847/2847/2847
f 2792/2792/2792 2793/2793/2793 2849/2849/2849
f 2792/2792/2792 2849/2849/2849 2848/2848/2848
f 2793/2793/2793 2794/2794/2794 2850/2850/2850
f 2793/2793/2793 2850/2850/2850 2849/2849/2849
f 2794/2794/2794 2795/2795/2795 2851/2851/2851
f 2794/2794/2794 2851/2851/2851 2850/2850/2850
f 2795/2795/2795 2796/2796/2796 2852/2852/2852
f 2795/2795/2795 2852/2852/2852 2851/2851/2851
f 2796/2796/2796 2797/2797/2797 2853/2853/2853
f 2796/2796/2796 2853/2853/2853 2852/2852/2852
f 2797/2797/2797 2798/2798/2798 2854/2854/2854
f 2797/2797/2797 2854/2854/2854 2853/2853/2853
f 2798/2798/2798 2799/2799/2799 2855/2855/2855
f 2798/2798/2798 2855/2855/2855 2854/2854/2854
f 2799/2799/2799 2800/2800/2800 2856/2856/2856
f 2799/2799/2799 2856/2856/2856 2855/2855/2855
f 2800/2800/2800 2745/2745/2745 2801/2801/2801
f 2800/2800/2800 2801/2801/2801 2856/2856/2856
f 2801/2801/2801 2802/2802/2802 2858/2858/2858
f 2801/2801/2801 2858/2858/2858 2857/2857/2857
f 2802/2802/2802 2803/2803/2803 2859/2859/2859
f 2802/2802/2802 2859/2859/2859 2858/2858/2858
f 2803/2803/2803 2804/2804/2804 2860/2860/2860
f 2803/2803/2803 2860/2860/2860 2859/2859/2859
f 2804/2804/2804 2805/2805/2805 2861/2861/2861
f 2804/2804/2804 2861/2861/2861 2860/2860/2860
f 2805/2805/2805 2806/2806/2806 2862/2862/2862
f 2805/2805/2805 2862/2862/2862 2861/2861/2861
f 2806/2806/2806 2807/2807/2807 2863/2863/2863
f 2806/2806/2806 2863/2863/2863 2862/2862/2862
f 2807/2807/2807 2808/2808/2808 2864/2864/2864
f 2807/2807/2807 2864/2864/2864 2863/2863/2863
f 2808/2808/2808 2809/2809/2809 2865/2865/2865
f 2808/2808/2808 2865/2865/2865 2864/2864/2864
f 2809/2809/2809 2810/2810/2810 2866/2866/2866
f 2809/2809/2809 2866/2866/2866 2865/2865/2865
f 2810/2810/2810 2811/2811/2811 2867/2867/2867
f 2810/2810/2810 2867/2867/2867 2866/2866/2866
f 2811/2811/2811 2812/2812/2812 2868/2868/2868
f 2811/2811/2811 2868/2868/2868 2867/2867/2867
f 2812/2812/2812 2813/2813/2813 2869/2869/2869
f 2812/2812/2812 2869/2869/2869 2868/2868/2868
f 2813/2813/2813 2814/2814/2814 2870/2870/2870
f 2813/2813/2813 2870/2870/2870 2869/2869/2869
f 2814/2814/2814 2815/2815/2815 2871/2871/2871
f 2814/2814/2814 2871/2871/2871 2870/2870/2870
f 2815/2815/2815 2816/2816/2816 2872/2872/2872
f 2815/2815/2815 2872/2872/2872 2871/2871/2871
f 2816/2816/2816 2817/2817/2817 2873/2873/2873
f 2816/2816/2816 2873/2873/2873 2872/2872/2872
f 2817/2817/2817 2818/2818/2818 2874/2874/2874
f 2817/2817/2817 2874/2874/2874 2873/2873/2873
f 2818/2818/2818 2819/2819/2819 2875/2875/2875
f 2818/2818/2818 2875/2875/2875 2874/2874/2874
f 2819/2819/2819 2820/2820/2820 2876/2876/2876
f 2819/2819/2819 2876/2876/2876 2875/2875/2875
f 2820/2820/2820 2821/2821/2821 2877/2877/2877
f 2820/2820/2820 2877/2877/2877 2876/2876/2876
f 2821/2821/2821 2822/2822/2822 2878/2878/2878
f 2821/2821/2821 2878/2878/2878 2877/2877/2877
f 2822/2822/2822 2823/2823/2823 2879/2879/2879
f 2822/2822/2822 2879/2879/2879 2878/2878/2878
f 2823/2823/2823 2824/2824/2824 2880/2880/2880
f 2823/2823/2823 2880/2880/2880 2879/2879/2879
f 2824/2824/2824 2825/2825/2825 2881/2881/2881
f 2824/2824/2824 2881/2881/2881 2880/2880/2880
f 2825/2825/2825 2826/2826/2826 2882/2882/2882
f 2825/2825/2825 2882/2882/2882 2881/2881/2881
f 2826/2826/2826 2827/2827/2827 2883/2883/2883
f 2826/2826/2826 2883/2883/2883 2882/2882/2882
f 2827/2827/2827 2828/2828/2828 2884/2884/2884
f 2827/2827/2827 2884/2884/2884 2883/2883/2883
f 2828/2828/2828 2829/2829/2829 2885/2885/2885
f 2828/2828/2828 2885/2885/2885 2884/2884/2884
f 2829/2829/2829 2830/2830/2830 2886/2886/2886
f 2829/2829/2829 2886/2886/2886 2885/2885/2885
f 2830/2830/2830 2831/2831/2831 2887/2887/2887
f 2830/2830/2830 2887/2887/2887 2886/2886/2886
f 2831/2831/2831 2832/2832/2832 2888/2888/2888
f 2831/2831/2831 2888/2888/2888 2887/2887/2887
f 2832/2832/2832 2833/2833/2833 2889/2889/2889
f 2832/2832/2832 2889/2889/2889 2888/2888/2888
f 2833/2833/2833 2834/2834/2834 2890/2890/2890
f 2833/2833/2833 2890/2890/2890 2889/2889/2889
f 2834/2834/2834 2835/2835/2835 2891/2891/2891
f 2834/2834/2834 2891/2891/2891 2890/2890/2890
f 2835/2835/2835 2836/2836/2836 2892/2892/2892
f 2835/2835/2835 2892/2892/2892 2891/2891/2891
f 2836/2836/2836 2837/2837/2837 2893/2893/2893
f 2836/2836/2836 2893/2893/2893 2892/2892/2892
f 2837/2837/2837 2838/2838/2838 2894/2894/2894
f 2837/2837/2837 2894/2894/2894 2893/2893/2893
f 2838/2838/2838 2839/2839/2839 2895/2895/2895
f 2838/2838/2838 2895/2895/2895 2894/2894/2894
f 2839/2839/2839 2840/2840/2840 2896/2896/2896
f 2839/2839/2839 2896/2896/2896 2895/2895/2895
f 2840/2840/2840 2841/2841/2841 2897/2897/2897
f 2840/2840/2840 2897/2897/2897 2896/2896/2896
f 2841/2841/2841 2842/2842/2842 2898/2898/2898
f 2841/2841/2841 2898/2898/2898 2897/2897/2897
f 2842/2842/2842 2843/2843/2843 2899/2899/2899
f 2842/2842/2842 2899/2899/2899 2898/2898/2898
f 2843/2843/2843 2844/2844/2844 2900/2900/2900
f 2843/2843/2843 2900/2900/2900 2899/2899/2899
f 2844/2844/2844 2845/2845/2845 2901/2901/2901
f 2844/2844/2844 2901/2901/2901 2900/2900/2900
f 2845/2845/2845 2846/2846/2846 2902/2902/2902
f 2845/2845/2845 2902/2902/2902 2901/2901/2901
f 2846/2846/2846 2847/2847/2847 2903/2903/2903
f 2846/2846/2846 2903/2903/2903 2902/2902/2902
f 2847/2847/2847 2848/2848/2848 2904/2904/2904
f 2847/2847/2847 2904/2904/2904 2903/2903/2903
f 2848/2848/2848 2849/2849/2849 2905/2905/2905
f 2848/2848/2848 2905/2905/2905 2904/2904/2904
f 2849/2849/2849 2850/2850/2850 2906/2906/2906
f 2849/2849/2849 2906/2906/2906 2905/2905/2905
f 2850/2850/2850 2851/2851/2851 2907/2907/2907
f 2850/2850/2850 2907/2907/2907 2906/2906/2906
f 2851/2851/2851 2852/2852/2852 2908/2908/2908
f 2851/2851/2851 2908/2908/2908 2907/2907/2907
f 2852/2852/2852 2853/2853/2853 2909/2909/2909
f 2852/2852/2852 2909/2909/2909 2908/2908/2908
f 2853/2853/2853 2854/2854/2854 2910/2910/2910
f 2853/2853/2853 2910/2910/2910 2909/2909/2909
f 2854/2854/2854 2855/2855/2855 2911/2911/2911
f 2854/2854/2854 2911/2911/2911 2910/2910/2910
f 2855/2855/2855 2856/2856/2856 2912/2912/2912
f 2855/2855/2855 2912/2912/2912 2911/2911/2911
f 2856/2856/2856 2801/2801/2801 2857/2857/2857
f 2856/2856/2856 2857/2857/2857 2912/2912/2912
f 2857/2857/2857 2858/2858/2858 2914/2914/2914
f 2857/2857/2857 2914/2914/2914 2913/2913/2913
f 2858/2858/2858 2859/2859/2859 2915/2915/2915
f 2858/2858/2858 2915/2915/2915 2914/2914/2914
f 2859/2859/2859 2860/2860/2860 2916/2916/2916
f 2859/2859/2859 2916/2916/2916 2915/2915/2915
f 2860/2860/2860 2861/2861/2861 2917/2917/2917
f 2860/2860/2860 2917/2917/2917 2916/2916/2916
f 2861/2861/2861 2862/2862/2862 2918/2918/2918
f 2861/2861/2861 2918/2918/2918 2917/2917/2917
f 2862/2862/2862 2863/2863/2863 2919/2919/2919
f 2862/2862/2862 2919/2919/2919 2918/2918/2918
f 2863/2863/2863 2864/2864/2864 2920/2920/2920
f 2863/2863/2863 2920/2920/2920 2919/2919/2919
f 2864/2864/2864 2865/2865/2865 2921/2921/2921
f 2864/2864/2864 2921/2921/2921 2920/2920/2920
f 2865/2865/2865 2866/2866/2866 2922/2922/2922
f 2865/2865/2865 2922/2922/2922 2921/2921/2921
f 2866/2866/2866 2867/2867/2867 2923/2923/2923
f 2866/2866/2866 2923/2923/2923 2922/2922/2922
f 2867/2867/2867 2868/2868/2868 2924/2924/2924
f 2867/2867/2867 2924/2924/2924 2923/2923/2923
f 2868/2868/2868 2869/2869/2869 2925/2925/2925
f 2868/2868/2868 2925/2925/2925 2924/2924/2924
f 2869/2869/2869 2870/2870/2870 2926/2926/2926
f 2869/2869/2869 2926/2926/2926 2925/2925/2925
f 2870/2870/2870 2871/2871/2871 2927/2927/2927
f 2870/2870/2870 2927/2927/2927 2926/2926/2926
f 2871/2871/2871 2872/2872/2872 2928/2928/2928
f 2871/2871/2871 2928/2928/2928 2927/2927/2927
f 2872/2872/2872 2873/2873/2873 2929/2929/2929
f 2872/2872/2872 2929/2929/2929 2928/2928/2928
f 2873/2873/2873 2874/2874/2874 2930/2930/2930
f 2873/2873/2873 2930/2930/2930 2929/2929/2929
f 2874/2874/2874 2875/2875/2875 2931/2931/2931
f 2874/2874/2874 2931/2931/2931 2930/2930/2930
f 2875/2875/2875 2876/2876/2876 2932/2932/2932
f 2875/2875/2875 2932/2932/2932 2931/2931/2931
f 2876/2876/2876 2877/2877/2877 2933/2933/2933
f 2876/2876/2876 2933/2933/2933 2932/2932/2932
f 2877/2877/2877 2878/2878/2878 2934/2934/2934
f 2877/2877/2877 2934/2934/2934 2933/2933/2933
f 2878/2878/2878 2879/2879/2879 2935/2935/2935
f 2878/2878/2878 2935/2935/2935 2934/2934/2934
f 2879/2879/2879 2880/2880/2880 2936/2936/2936
f 2879/2879/2879 2936/2936/2936 2935/2935/2935
f 2880/2880/2880 2881/2881/2881 2937/2937/2937
f 2880/2880/2880 2937/2937/2937 2936/2936/2936
f 2881/2881/2881 2882/2882/2882 2938/2938/2938
f 2881/2881/2881 2938/2938/2938 2937/2937/2937
f 2882/2882/2882 2883/2883/2883 2939/2939/2939
f 2882/2882/2882 2939/2939/2939 2938/2938/2938
f 2883/2883/2883 2884/2884/2884 2940/2940/2940
f 2883/2883/2883 2940/2940/2940 2939/2939/2939
f 2884/2884/2884 2885/2885/2885 2941/2941/2941
f 2884/2884/2884 2941/2941/2941 2940/2940/2940
f 2885/2885/2885 2886/2886/2886 2942/2942/2942
f 2885/2885/2885 2942/2942/2942 2941/2941/2941
f 2886/2886/2886 2887/2887/2887 2943/2943/2943
f 2886/2886/2886 2943/2943/2943 2942/2942/2942
f 2887/2887/2887 2888/2888/2888 2944/2944/2944
f 2887/2887/2887 2944/2944/2944 2943/2943/2943
f 2888/2888/2888 2889/2889/2889 2945/2945/2945
f 2888/2888/2888 2945/2945/2945 2944/2944/2944
f 2889/2889/2889 2890/2890/2890 2946/2946/2946
f 2889/2889/2889 2946/2946/2946 2945/2945/2945
f 2890/2890/2890 2891/2891/2891 2947/2947/2947
f 2890/2890/2890 2947/2947/2947 2946/2946/2946
f 2891/2891/2891 2892/2892/2892 2948/2948/2948
f 2891/2891/2891 2948/2948/2948 2947/2947/2947
f 2892/2892/2892 2893/2893/2893 2949/2949/2949
f 2892/2892/2892 2949/2949/2949 2948/2948/2948
f 2893/2893/2893 2894/2894/2894 2950/2950/2950
f 2893/2893/2893 2950/2950/2950 2949/2949/2949
f 2894/2894/2894 2895/2895/2895 2951/2951/2951
f 2894/2894/2894 2951/2951/2951 2950/2950/2950
f 2895/2895/2895 2896/2896/2896 2952/2952/2952
f 2895/2895/2895 2952/2952/2952 2951/2951/2951
f 2896/2896/2896 2897/2897/2897 2953/2953/2953
f 2896/2896/2896 2953/2953/2953 2952/2952/2952
f 2897/2897/2897 2898/2898/2898 2954/2954/2954
f 2897/2897/2897 2954/2954/2954 2953/2953/2953
f 2898/2898/2898 2899/2899/2899 2955/2955/2955
f 2898/2898/2898 2955/2955/2955 2954/2954/2954
f 2899/2899/2899 2900/2900/2900 2956/2956/2956
f 2899/2899/2899 2956/2956/2956 2955/2955/2955
f 2900/2900/2900 2901/2901/2901 2957/2957/2957
f 2900/2900/2900 2957/2957/2957 2956/2956/2956
f 2901/2901/2901 2902/2902/2902 2958/2958/2958
f 2901/2901/2901 2958/2958/2958 2957/2957/2957
f 2902/2902/2902 2903/2903/2903 2959/2959/2959
f 2902/2902/2902 2959/2959/2959 2958/2958/2958
f 2903/2903/2903 2904/2904/2904 2960/2960/2960
f 2903/2903/2903 2960/2960/2960 2959/2959/2959
f 2904/2904/2904 2905/2905/2905 2961/2961/2961
f 2904/2904/2904 2961/2961/2961 2960/2960/2960
f 2905/2905/2905 2906/2906/2906 2962/2962/2962
f 2905/2905/2905 2962/2962/2962 2961/2961/2961
f 2906/2906/2906 2907/2907/2907 2963/2963/2963
f 2906/2906/2906 2963/2963/2963 2962/2962/2962
f 2907/2907/2907 2908/2908/2908 2964/2964/2964
f 2907/2907/2907 2964/2964/2964 2963/2963/2963
f 2908/2908/2908 2909/2909/2909 2965/2965/2965
f 2908/2908/2908 2965/2965/2965 2964/2964/2964
f 2909/2909/2909 2910/2910/2910 2966/2966/2966
f 2909/2909/2909 2966/2966/2966 2965/2965/2965
f 2910/2910/2910 2911/2911/2911 2967/2967/2967
f 2910/2910/2910 2967/2967/2967 2966/2966/2966
f 2911/2911/2911 2912/2912/2912 2968/2968/2968
f 2911/2911/2911 2968/2968/2968 2967/2967/2967
f 2912/2912/2912 2857/2857/2857 2913/2913/2913
f 2912/2912/2912 2913/2913/2913 2968/2968/2968
f 2913/2913/2913 2914/2914/2914 2970/2970/2970
f 2913/2913/2913 2970/2970/2970 2969/2969/2969
f 2914/2914/2914 2915/2915/2915 2971/2971/2971
f 2914/2914/2914 2971/2971/2971 2970/2970/2970
f 2915/2915/2915 2916/2916/2916 2972/2972/2972
f 2915/2915/2915 2972/2972/2972 2971/2971/2971
f 2916/2916/2916 2917/2917/2917 2973/2973/2973
f 2916/2916/2916 2973/2973/2973 2972/2972/2972
f 2917/2917/2917 2918/2918/2918 2974/2974/2974
f 2917/2917/2917 2974/2974/2974 2973/2973/2973
f 2918/2918/2918 2919/2919/2919 2975/2975/2975
f 2918/2918/2918 2975/2975/2975 2974/2974/2974
f 2919/2919/2919 2920/2920/2920 2976/2976/2976
f 2919/2919/2919 2976/2976/2976 2975/2975/2975
f 2920/2920/2920 2921/2921/2921 2977/2977/2977
f 2920/2920/2920 2977/2977/2977 2976/2976/2976
f 2921/2921/2921 2922/2922/2922 2978/2978/2978
f 2921/2921/2921 2978/2978/2978 2977/2977/2977
f 2922/2922/2922 2923/2923/2923 2979/2979/2979
f 2922/2922/2922 2979/2979/2979 2978/2978/2978
f 2923/2923/2923 2924/2924/2924 2980/2980/2980
f 2923/2923/2923 2980/2980/2980 2979/2979/2979
f 2924/2924/2924 2925/2925/2925 2981/2981/2981
f 2924/2924/2924 2981/2981/2981 2980/2980/2980
f 2925/2925/2925 2926/2926/2926 2982/2982/2982
f 2925/2925/2925 2982/2982/2982 2981/2981/2981
f 2926/2926/2926 2927/2927/2927 2983/2983/2983
f 2926/2926/2926 2983/2983/2983 2982/2982/2982
f 2927/2927/2927 2928/2928/2928 2984/2984/2984
f 2927/2927/2927 2984/2984/2984 2983/2983/2983
f 2928/2928/2928 2929/2929/2929 2985/2985/2985
f 2928/2928/2928 2985/2985/2985 2984/2984/2984
f 2929/2929/2929 2930/2930/2930 2986/2986/2986
f 2929/2929/2929 2986/2986/2986 2985/2985/2985
f 2930/2930/2930 2931/2931/2931 2987/2987/2987
f 2930/2930/2930 2987/2987/2987 2986/2986/2986
f 2931/2931/2931 2932/2932/2932 2988/2988/2988
f 2931/2931/2931 2988/2988/2988 2987/2987/2987
f 2932/2932/2932 2933/2933/2933 2989/2989/2989
f 2932/2932/2932 2989/2989/2989 2988/2988/2988
f 2933/2933/2933 2934/2934/2934 2990/2990/2990
f 2933/2933/2933 2990/2990/2990 2989/2989/2989
f 2934/2934/2934 2935/2935/2935 2991/2991/2991
f 2934/2934/2934 2991/2991/2991 2990/2990/2990
f 2935/2935/2935 2936/2936/2936 2992/2992/2992
f 2935/2935/2935 2992/2992/2992 2991/2991/2991
f 2936/2936/2936 2937/2937/2937 2993/2993/2993
f 2936/2936/2936 2993/2993/2993 2992/2992/2992
f 2937/2937/2937 2938/2938/2938 2994/2994/2994
f 2937/2937/2937 2994/2994/2994 2993/2993/2993
f 2938/2938/2938 2939/2939/2939 2995/2995/2995
f 2938/2938/2938 2995/2995/2995 2994/2994/2994
f 2939/2939/2939 2940/2940/2940 2996/2996/2996
f 2939/2939/2939 2996/2996/2996 2995/2995/2995
f 2940/2940/2940 2941/2941/2941 2997/2997/2997
f 2940/2940/2940 2997/2997/2997 2996/2996/2996
f 2941/2941/2941 2942/2942/2942 2998/2998/2998
f 2941/2941/2941 2998/2998/2998 2997/2997/2997
f 2942/2942/2942 2943/2943/2943 2999/2999/2999
f 2942/2942/2942 2999/2999/2999 2998/2998/2998
f 2943/2943/2943 2944/2944/2944 3000/3000/3000
f 2943/2943/2943 3000/3000/3000 2999/2999/2999
f 2944/2944/2944 2945/2945/2945 3001/3001/3001
f 2944/2944/2944 3001/3001/3001 3000/3000/3000
f 2945/2945/2945 2946/2946/2946 3002/3002/3002
f 2945/2945/2945 3002/3002/3002 3001/3001/3001
f 2946/2946/2946 2947/2947/2947 3003/3003/3003
f 2946/2946/2946 3003/3003/3003 3002/3002/3002
f 2947/2947/2947 2948/2948/2948 3004/3004/3004
f 2947/2947/2947 3004/3004/3004 3003/3003/3003
f 2948/2948/2948 2949/2949/2949 3005/3005/3005
f 2948/2948/2948 3005/3005/3005 3004/3004/3004
f 2949/2949/2949 2950/2950/2950 3006/3006/3006
f 2949/2949/2949 3006/3006/3006 3005/3005/3005
f 2950/2950/2950 2951/2951/2951 3007/3007/3007
f 2950/2950/2950 3007/3007/3007 3006/3006/3006
f 2951/2951/2951 2952/2952/2952 3008/3008/3008
f 2951/2951/2951 3008/3008/3008 3007/3007/3007
f 2952/2952/2952 2953/2953/2953 3009/3009/3009
f 2952/2952/2952 3009/3009/3009 3008/3008/3008
f 2953/2953/2953 2954/2954/2954 3010/3010/3010
f 2953/2953/2953 3010/3010/3010 3009/3009/3009
f 2954/2954/2954 2955/2955/2955 3011/3011/3011
f 2954/2954/2954 3011/3011/3011 3010/3010/3010
f 2955/2955/2955 2956/2956/2956 3012/3012/3012
f 2955/2955/2955 3012/3012/3012 3011/3011/3011
f 2956/2956/2956 2957/2957/2957 3013/3013/3013
f 2956/2956/2956 3013/3013/3013 3012/3012/3012
f 2957/2957/2957 2958/2958/2958 3014/3014/3014
f 2957/2957/2957 3014/3014/3014 3013/3013/3013
f 2958/2958/2958 2959/2959/2959 3015/3015/3015
f 2958/2958/2958 3015/3015/3015 3014/3014/3014
f 2959/2959/2959 2960/2960/2960 3016/3016/3016
f 2959/2959/2959 3016/3016/3016 3015/3015/3015
f 2960/2960/2960 2961/2961/2961 3017/3017/3017
f 2960/2960/2960 3017/3017/3017 3016/3016/3016
f 2961/2961/2961 2962/2962/2962 3018/3018/3018
f 2961/2961/2961 3018/3018/3018 3017/3017/3017
f 2962/2962/2962 2963/2963/2963 3019/3019/3019
f 2962/2962/2962 3019/3019/3019 3018/3018/3018
f 2963/2963/2963 2964/2964/2964 3020/3020/3020
f 2963/2963/2963 3020/3020/3020 3019/3019/3019
f 2964/2964/2964 2965/2965/2965 3021/3021/3021
f 2964/2964/2964 3021/3021/3021 3020/3020/3020
f 2965/2965/2965 2966/2966/2966 3022/3022/3022
f 2965/2965/2965 3022/3022/3022 3021/3021/3021
f 2966/2966/2966 2967/2967/2967 3023/3023/3023
f 2966/2966/2966 3023/3023/3023 3022/3022/3022
f 2967/2967/2967 2968/2968/2968 3024/3024/3024
f 2967/2967/2967 3024/3024/3024 3023/3023/3023
f 2968/2968/2968 2913/2913/2913 2969/2969/2969
f 2968/2968/2968 2969/2969/2969 3024/3024/3024
f 2969/2969/2969 2970/2970/2970 3026/3026/3026
f 2969/2969/2969 3026/3026/3026 3025/3025/3025
f 2970/2970/2970 2971/2971/2971 3027/3027/3027
f 2970/2970/2970 3027/3027/3027 3026/3026/3026
f 2971/2971/2971 2972/2972/2972 3028/3028/3028
f 2971/2971/2971 3028/3028/3028 3027/3027/3027
f 2972/2972/2972 2973/2973/2973 3029/3029/3029
f 2972/2972/2972 3029/3029/3029 3028/3028/3028
f 2973/2973/2973 2974/2974/2974 3030/3030/3030
f 2973/2973/2973 3030/3030/3030 3029/3029/3029
f 2974/2974/2974 2975/2975/2975 3031/3031/3031
f 2974/2974/2974 3031/3031/3031 3030/3030/3030
f 2975/2975/2975 2976/2976/2976 3032/3032/3032
f 2975/2975/2975 3032/3032/3032 3031/3031/3031
f 2976/2976/2976 2977/2977/2977 3033/3033/3033
f 2976/2976/2976 3033/3033/3033 3032/3032/3032
f 2977/2977/2977 2978/2978/2978 3034/3034/3034
f 2977/2977/2977 3034/3034/3034 3033/3033/3033
f 2978/2978/2978 2979/2979/2979 3035/3035/3035
f 2978/2978/2978 3035/3035/3035 3034/3034/3034
f 2979/2979/2979 2980/2980/2980 3036/3036/3036
f 2979/2979/2979 3036/3036/3036 3035/3035/3035
f 2980/2980/2980 2981/2981/2981 3037/3037/3037
f 2980/2980/2980 3037/3037/3037 3036/3036/3036
f 2981/2981/2981 2982/2982/2982 3038/3038/3038
f 2981/2981/2981 3038/3038/3038 3037/3037/3037
f 2982/2982/2982 2983/2983/2983 3039/3039/3039
f 2982/2982/2982 3039/3039/3039 3038/3038/3038
f 2983/2983/2983 2984/2984/2984 3040/3040/3040
f 2983/2983/2983 3040/3040/3040 3039/3039/3039
f 2984/2984/2984 2985/2985/2985 3041/3041/3041
f 2984/2984/2984 3041/3041/3041 3040/3040/3040
f 2985/2985/2985 2986/2986/2986 3042/3042/3042
f 2985/2985/2985 3042/3042/3042 3041/3041/3041
f 2986/2986/2986 2987/2987/2987 3043/3043/3043
f 2986/2986/2986 3043/3043/3043 3042/3042/3042
f 2987/2987/2987 2988/2988/2988 3044/3044/3044
f 2987/2987/2987 3044/3044/3044 3043/3043/3043
f 2988/2988/2988 2989/2989/2989 3045/3045/3045
f 2988/2988/2988 3045/3045/3045 3044/3044/3044
f 2989/2989/2989 2990/2990/2990 3046/3046/3046
f 2989/2989/2989 3046/3046/3046 3045/3045/3045
f 2990/2990/2990 2991/2991/2991 3047/3047/3047
f 2990/2990/2990 3047/3047/3047 3046/3046/3046
f 2991/2991/2991 2992/2992/2992 3048/3048/3048
f 2991/2991/2991 3048/3048/3048 3047/3047/3047
f 2992/2992/2992 2993/2993/2993 3049/3049/3049
f 2992/2992/2992 3049/3049/3049 3048/3048/3048
f 2993/2993/2993 2994/2994/2994 3050/3050/3050
f 2993/2993/2993 3050/3050/3050 3049/3049/3049
f 2994/2994/2994 2995/2995/2995 3051/3051/3051
f 2994/2994/2994 3051/3051/3051 3050/3050/3050
f 2995/2995/2995 2996/2996/2996 3052/3052/3052
f 2995/2995/2995 3052/3052/3052 3051/3051/3051
f 2996/2996/2996 2997/2997/2997 3053/3053/3053
f 2996/2996/2996 3053/3053/3053 3052/3052/3052
f 2997/2997/2997 2998/2998/2998 3054/3054/3054
f 2997/2997/2997 3054/3054/3054 3053/3053/3053
f 2998/2998/2998 2999/2999/2999 3055/3055/3055
f 2998/2998/2998 3055/3055/3055 3054/3054/3054
f 2999/2999/2999 3000/3000/3000 3056/3056/3056
f 2999/2999/2999 3056/3056/3056 3055/3055/3055
f 3000/3000/3000 3001/3001/3001 3057/3057/3057
f 3000/3000/3000 3057/3057/3057 3056/3056/3056
f 3001/3001/3001 3002/3002/3002 3058/3058/3058
f 3001/3001/3001 3058/3058/3058 3057/3057/3057
f 3002/3002/3002 3003/3003/3003 3059/3059/3059
f 3002/3002/3002 3059/3059/3059 3058/3058/3058
f 3003/3003/3003 3004/3004/3004 3060/3060/3060
f 3003/3003/3003 3060/3060/3060 3059/3059/3059
f 3004/3004/3004 3005/3005/3005 3061/3061/3061
f 3004/3004/3004 3061/3061/3061 3060/3060/3060
f 3005/3005/3005 3006/3006/3006 3062/3062/3062
f 3005/3005/3005 3062/3062/3062 3061/3061/3061
f 3006/3006/3006 3007/3007/3007 3063/3063/3063
f 3006/3006/3006 3063/3063/3063 3062/3062/3062
f 3007/3007/3007 3008/3008/3008 3064/3064/3064
f 3007/3007/3007 3064/3064/3064 3063/3063/3063
f 3008/3008/3008 3009/3009/3009 3065/3065/3065
f 3008/3008/3008 3065/3065/3065 3064/3064/3064
f 3009/3009/3009 3010/3010/3010 3066/3066/3066
f 3009/3009/3009 3066/3066/3066 3065/3065/3065
f 3010/3010/3010 3011/3011/3011 3067/3067/3067
f 3010/3010/3010 3067/3067/3067 3066/3066/3066
f 3011/3011/3011 3012/3012/3012 3068/3068/3068
f 3011/3011/3011 3068/3068/3068 3067/3067/3067
f 3012/3012/3012 3013/3013/3013 3069/3069/3069
f 3012/3012/3012 3069/3069/3069 3068/3068/3068
f 3013/3013/3013 3014/3014/3014 3070/3070/3070
f 3013/3013/3013 3070/3070/3070 3069/3069/3069
f 3014/3014/3014 3015/3015/3015 3071/3071/3071
f 3014/3014/3014 3071/3071/3071 3070/3070/3070
f 3015/3015/3015 3016/3016/3016 3072/3072/3072
f 3015/3015/3015 3072/3072/3072 3071/3071/3071
f 3016/3016/3016 3017/3017/3017 3073/3073/3073
f 3016/3016/3016 3073/3073/3073 3072/3072/3072
f 3017/3017/3017 3018/3018/3018 3074/3074/3074
f 3017/3017/3017 3074/3074/3074 3073/3073/3073
f 3018/3018/3018 3019/3019/3019 3075/3075/3075
f 3018/3018/3018 3075/3075/3075 3074/3074/3074
f 3019/3019/3019 3020/3020/3020 3076/3076/3076
f 3019/3019/3019 3076/3076/3076 3075/3075/3075
f 3020/3020/3020 3021/3021/3021 3077/3077/3077
f 3020/3020/3020 3077/3077/3077 3076/3076/3076
f 3021/3021/3021 3022/3022/3022 3078/3078/3078
f 3021/3021/3021 3078/3078/3078 3077/3077/3077
f 3022/3022/3022 3023/3023/3023 3079/3079/3079
f 3022/3022/3022 3079/3079/3079 3078/3078/3078
f 3023/3023/3023 3024/3024/3024 3080/3080/3080
f 3023/3023/3023 3080/3080/3080 3079/3079/3079
f 3024/3024/3024 2969/2969/2969 3025/3025/3025
f 3024/3024/3024 3025/3025/3025 3080/3080/3080
f 3025/3025/3025 3026/3026/3026 3082/3082/3082
f 3025/3025/3025 3082/3082/3082 3081/3081/3081
f 3026/3026/3026 3027/3027/3027 3083/3083/3083
f 3026/3026/3026 3083/3083/3083 3082/3082/3082
f 3027/3027/3027 3028/3028/3028 3084/3084/3084
f 3027/3027/3027 3084/3084/3084 3083/3083/3083
f 3028/3028/3028 3029/3029/3029 3085/3085/3085
f 3028/3028/3028 3085/3085/3085 3084/3084/3084
f 3029/3029/3029 3030/3030/3030 3086/3086/3086
f 3029/3029/3029 3086/3086/3086 3085/3085/3085
f 3030/3030/3030 3031/3031/3031 3087/3087/3087
f 3030/3030/3030 3087/3087/3087 3086/3086/3086
f 3031/3031/3031 3032/3032/3032 3088/3088/3088
f 3031/3031/3031 3088/3088/3088 3087/3087/3087
f 3032/3032/3032 3033/3033/3033 3089/3089/3089
f 3032/3032/3032 3089/3089/3089 3088/3088/3088
f 3033/3033/3033 3034/3034/3034 3090/3090/3090
f 3033/3033/3033 3090/3090/3090 3089/3089/3089
f 3034/3034/3034 3035/3035/3035 3091/3091/3091
f 3034/3034/3034 3091/3091/3091 3090/3090/3090
f 3035/3035/3035 3036/3036/3036 3092/3092/3092
f 3035/3035/3035 3092/3092/3092 3091/3091/3091
f 3036/3036/3036 3037/3037/3037 3093/3093/3093
f 3036/3036/3036 3093/3093/3093 3092/3092/3092
f 3037/3037/3037 3038/3038/3038 3094/3094/3094
f 3037/3037/3037 3094/3094/3094 3093/3093/3093
f 3038/3038/3038 3039/3039/3039 3095/3095/3095
f 3038/3038/3038 3095/3095/3095 3094/3094/3094
f 3039/3039/3039 3040/3040/3040 3096/3096/3096
f 3039/3039/3039 3096/3096/3096 3095/3095/3095
f 3040/3040/3040 3041/3041/3041 3097/3097/3097
f 3040/3040/3040 3097/3097/3097 3096/3096/3096
f 3041/3041/3041 3042/3042/3042 3098/3098/3098
f 3041/3041/3041 3098/3098/3098 3097/3097/3097
f 3042/3042/3042 3043/3043/3043 3099/3099/3099
f 3042/3042/3042 3099/3099/3099 3098/3098/3098
f 3043/3043/3043 3044/3044/3044 3100/3100/3100
f 3043/3043/3043 3100/3100/3100 3099/3099/3099
f 3044/3044/3044 3045/3045/3045 3101/3101/3101
f 3044/3044/3044 3101/3101/3101 3100/3100/3100
f 3045/3045/3045 3046/3046/3046 3102/3102/3102
f 3045/3045/3045 3102/3102/3102 3101/3101/3101
f 3046/3046/3046 3047/3047/3047 3103/3103/3103
f 3046/3046/3046 3103/3103/3103 3102/3102/3102
f 3047/3047/3047 3048/3048/3048 3104/3104/3104
f 3047/3047/3047 3104/3104/3104 3103/3103/3103
f 3048/3048/3048 3049/3049/3049 3105/3105/3105
f 3048/3048/3048 3105/3105/3105 3104/3104/3104
f 3049/3049/3049 3050/3050/3050 3106/3106/3106
f 3049/3049/3049 3106/3106/3106 3105/3105/3105
f 3050/3050/3050 3051/3051/3051 3107/3107/3107
f 3050/3050/3050 3107/3107/3107 3106/3106/3106
f 3051/3051/3051 3052/3052/3052 3108/3108/3108
f 3051/3051/3051 3108/3108/3108 3107/3107/3107
f 3052/3052/3052 3053/3053/3053 3109/3109/3109
f 3052/3052/3052 3109/3109/3109 3108/3108/3108
f 3053/3053/3053 3054/3054/3054 3110/3110/3110
f 3053/3053/3053 3110/3110/3110 3109/3109/3109
f 3054/3054/3054 3055/3055/3055 3111/3111/3111
f 3054/3054/3054 3111/3111/3111 3110/3110/3110
f 3055/3055/3055 3056/3056/3056 3112/3112/3112
f 3055/3055/3055 3112/3112/3112 3111/3111/3111
f 3056/3056/3056 3057/3057/3057 3113/3113/3113
f 3056/3056/3056 3113/3113/3113 3112/3112/3112
f 3057/3057/3057 3058/3058/3058 3114/3114/3114
f 3057/3057/3057 3114/3114/3114 3113/3113/3113
f 3058/3058/3058 3059/3059/3059 3115/3115/3115
f 3058/3058/3058 3115/3115/3115 3114/3114/3114
f 3059/3059/3059 3060/3060/3060 3116/3116/3116
f 3059/3059/3059 3116/3116/3116 3115/3115/3115
f 3060/3060/3060 3061/3061/3061 3117/3117/3117
f 3060/3060/3060 3117/3117/3117 3116/3116/3116
f 3061/3061/3061 3062/3062/3062 3118/3118/3118
f 3061/3061/3061 3118/3118/3118 3117/3117/3117
f 3062/3062/3062 3063/3063/3063 3119/3119/3119
f 3062/3062/3062 3119/3119/3119 3118/3118/3118
f 3063/3063/3063 3064/3064/3064 3120/3120/3120
f 3063/3063/3063 3120/3120/3120 3119/3119/3119
f 3064/3064/3064 3065/3065/3065 3121/3121/3121
f 3064/3064/3064 3121/3121/3121 3120/3120/3120
f 3065/3065/3065 3066/3066/3066 3122/3122/3122
f 3065/3065/3065 3122/3122/3122 3121/3121/3121
f 3066/3066/3066 3067/3067/3067 3123/3123/3123
f 3066/3066/3066 3123/3123/3123 3122/3122/3122
f 3067/3067/3067 3068/3068/3068 3124/3124/3124
f 3067/3067/3067 3124/3124/3124 3123/3123/3123
f 3068/3068/3068 3069/3069/3069 3125/3125/3125
f 3068/3068/3068 3125/3125/3125 3124/3124/3124
f 3069/3069/3069 3070/3070/3070 3126/3126/3126
f 3069/3069/3069 3126/3126/3126 3125/3125/3125
f 3070/3070/3070 3071/3071/3071 3127/3127/3127
f 3070/3070/3070 3127/3127/3127 3126/3126/3126
f 3071/3071/3071 3072/3072/3072 3128/3128/3128
f 3071/3071/3071 3128/3128/3128 3127/3127/3127
f 3072/3072/3072 3073/3073/3073 3129/3129/3129
f 3072/3072/3072 3129/3129/3129 3128/3128/3128
f 3073/3073/3073 3074/3074/3074 3130/3130/3130
f 3073/3073/3073 3130/3130/3130 3129/3129/3129
f 3074/3074/3074 3075/3075/3075 3131/3131/3131
f 3074/3074/3074 3131/3131/3131 3130/3130/3130
f 3075/3075/3075 3076/3076/3076 3132/3132/3132
f 3075/3075/3075 3132/3132/3132 3131/3131/3131
f 3076/3076/3076 3077/3077/3077 3133/3133/3133
f 3076/3076/3076 3133/3133/3133 3132/3132/3132
f 3077/3077/3077 3078/3078/3078 3134/3134/3134
f 3077/3077/3077 3134/3134/3134 3133/3133/3133
f 3078/3078/3078 3079/3079/3079 3135/3135/3135
f 3078/3078/3078 3135/3135/3135 3134/3134/3134
f 3079/3079/3079 3080/3080/3080 3136/3136/3136
f 3079/3079/3079 3136/3136/3136 3135/3135/3135
f 3080/3080/3080 3025/3025/3025 3081/3081/3081
f 3080/3080/3080 3081/3081/3081 3136/3136/3136
f 3081/3081/3081 3082/3082/3082 3138/3138/3138
f 3081/3081/3081 3138/3138/3138 3137/3137/3137
f 3082/3082/3082 3083/3083/3083 3139/3139/3139
f 3082/3082/3082 3139/3139/3139 3138/3138/3138
f 3083/3083/3083 3084/3084/3084 3140/3140/3140
f 3083/3083/3083 3140/3140/3140 3139/3139/3139
f 3084/3084/3084 3085/3085/3085 3141/3141/3141
f 3084/3084/3084 3141/3141/3141 3140/3140/3140
f 3085/3085/3085 3086/3086/3086 3142/3142/3142
f 3085/3085/3085 3142/3142/3142 3141/3141/3141
f 3086/3086/3086 3087/3087/3087 3143/3143/3143
f 3086/3086/3086 3143/3143/3143 3142/3142/3142
f 3087/3087/3087 3088/3088/3088 3144/3144/3144
f 3087/3087/3087 3144/3144/3144 3143/3143/3143
f 3088/3088/3088 3089/3089/3089 3145/3145/3145
f 3088/3088/3088 3145/3145/3145 3144/3144/3144
f 3089/3089/3089 3090/3090/3090 3146/3146/3146
f 3089/3089/3089 3146/3146/3146 3145/3145/3145
f 3090/3090/3090 3091/3091/3091 3147/3147/3147
f 3090/3090/3090 3147/3147/3147 3146/3146/3146
f 3091/3091/3091 3092/3092/3092 3148/3148/3148
f 3091/3091/3091 3148/3148/3148 3147/3147/3147
f 3092/3092/3092 3093/3093/3093 3149/3149/3149
f 3092/3092/3092 3149/3149/3149 3148/3148/3148
f 3093/3093/3093 3094/3094/3094 3150/3150/3150
f 3093/3093/3093 3150/3150/3150 3149/3149/3149
f 3094/3094/3094 3095/3095/3095 3151/3151/3151
f 3094/3094/3094 3151/3151/3151 3150/3150/3150
f 3095/3095/3095 3096/3096/3096 3152/3152/3152
f 3095/3095/3095 3152/3152/3152 3151/3151/3151
f 3096/3096/3096 3097/3097/3097 3153/3153/3153
f 3096/3096/3096 3153/3153/3153 3152/3152/3152
f 3097/3097/3097 3098/3098/3098 3154/3154/3154
f 3097/3097/3097 3154/3154/3154 3153/3153/3153
f 3098/3098/3098 3099/3099/3099 3155/3155/3155
f 3098/3098/3098 3155/3155/3155 3154/3154/3154
f 3099/3099/3099 3100/3100/3100 3156/3156/3156
f 3099/3099/3099 3156/3156/3156 3155/3155/3155
f 3100/3100/3100 3101/3101/3101 3157/3157/3157
f 3100/3100/3100 3157/3157/3157 3156/3156/3156
f 3101/3101/3101 3102/3102/3102 3158/3158/3158
f 3101/3101/3101 3158/3158/3158 3157/3157/3157
f 3102/3102/3102 3103/3103/3103 3159/3159/3159
f 3102/3102/3102 3159/3159/3159 3158/3158/3158
f 3103/3103/3103 3104/3104/3104 3160/3160/3160
f 3103/3103/3103 3160/3160/3160 3159/3159/3159
f 3104/3104/3104 3105/3105/3105 3161/3161/3161
f 3104/3104/3104 3161/3161/3161 3160/3160/3160
f 3105/3105/3105 3106/3106/3106 3162/3162/3162
f 3105/3105/3105 3162/3162/3162 3161/3161/3161
f 3106/3106/3106 3107/3107/3107 3163/3163/3163
f 3106/3106/3106 3163/3163/3163 3162/3162/3162
f 3107/3107/3107 3108/3108/3108 3164/3164/3164
f 3107/3107/3107 3164/3164/3164 3163/3163/3163
f 3108/3108/3108 3109/3109/3109 3165/3165/3165
f 3108/3108/3108 3165/3165/3165 3164/3164/3164
f 3109/3109/3109 3110/3110/3110 3166/3166/3166
f 3109/3109/3109 3166/3166/3166 3165/3165/3165
f 3110/3110/3110 3111/3111/3111 3167/3167/3167
f 3110/3110/3110 3167/3167/3167 3166/3166/3166
f 3111/3111/3111 3112/3112/3112 3168/3168/3168
f 3111/3111/3111 3168/3168/3168 3167/3167/3167
f 3112/3112/3112 3113/3113/3113 3169/3169/3169
f 3112/3112/3112 3169/3169/3169 3168/3168/3168
f 3113/3113/3113 3114/3114/3114 3170/3170/3170
f 3113/3113/3113 3170/3170/3170 3169/3169/3169
f 3114/3114/3114 3115/3115/3115 3171/3171/3171
f 3114/3114/3114 3171/3171/3171 3170/3170/3170
f 3115/3115/3115 3116/3116/3116 3172/3172/3172
f 3115/3115/3115 3172/3172/3172 3171/3171/3171
f 3116/3116/3116 3117/3117/3117 3173/3173/3173
f 3116/3116/3116 3173/3173/3173 3172/3172/3172
f 3117/3117/3117 3118/3118/3118 3174/3174/3174
f 3117/3117/3117 3174/3174/3174 3173/3173/3173
f 3118/3118/3118 3119/3119/3119 3175/3175/3175
f 3118/3118/3118 3175/3175/3175 3174/3174/3174
f 3119/3119/3119 3120/3120/3120 3176/3176/3176
f 3119/3119/3119 3176/3176/3176 3175/3175/3175
f 3120/3120/3120 3121/3121/3121 3177/3177/3177
f 3120/3120/3120 3177/3177/3177 3176/3176/3176
f 3121/3121/3121 3122/3122/3122 3178/3178/3178
f 3121/3121/3121 3178/3178/3178 3177/3177/3177
f 3122/3122/3122 3123/3123/3123 3179/3179/3179
f 3122/3122/3122 3179/3179/3179 3178/3178/3178
f 3123/3123/3123 3124/3124/3124 3180/3180/3180
f 3123/3123/3123 3180/3180/3180 3179/3179/3179
f 3124/3124/3124 3125/3125/3125 3181/3181/3181
f 3124/3124/3124 3181/3181/3181 3180/3180/3180
f 3125/3125/3125 3126/3126/3126 3182/3182/3182
f 3125/3125/3125 3182/3182/3182 3181/3181/3181
f 3126/3126/3126 3127/3127/3127 3183/3183/3183
f 3126/3126/3126 3183/3183/3183 3182/3182/3182
f 3127/3127/3127 3128/3128/3128 3184/3184/3184
f 3127/3127/3127 3184/3184/3184 3183/3183/3183
f 3128/3128/3128 3129/3129/3129 3185/3185/3185
f 3128/3128/3128 3185/3185/3185 3184/3184/3184
f 3129/3129/3129 3130/3130/3130 3186/3186/3186
f 3129/3129/3129 3186/3186/3186 3185/3185/3185
f 3130/3130/3130 3131/3131/3131 3187/3187/3187
f 3130/3130/3130 3187/3187/3187 3186/3186/3186
f 3131/3131/3131 3132/3132/3132 3188/3188/3188
f 3131/3131/3131 3188/3188/3188 3187/3187/3187
f 3132/3132/3132 3133/3133/3133 3189/3189/3189
f 3132/3132/3132 3189/3189/3189 3188/3188/3188
f 3133/3133/3133 3134/3134/3134 3190/3190/3190
f 3133/3133/3133 3190/3190/3190 3189/3189/3189
f 3134/3134/3134 3135/3135/3135 3191/3191/3191
f 3134/3134/3134 3191/3191/3191 3190/3190/3190
f 3135/3135/3135 3136/3136/3136 3192/3192/3192
f 3135/3135/3135 3192/3192/3192 3191/3191/3191
f 3136/3136/3136 3081/3081/3081 3137/3137/3137
f 3136/3136/3136 3137/3137/3137 3192/3192/3192
f 3137/3137/3137 3138/3138/3138 3194/3194/3194
f 3137/3137/3137 3194/3194/3194 3193/3193/3193
f 3138/3138/3138 3139/3139/3139 3195/3195/3195
f 3138/3138/3138 3195/3195/3195 3194/3194/3194
f 3139/3139/3139 3140/3140/3140 3196/3196/3196
f 3139/3139/3139 3196/3196/3196 3195/3195/3195
f 3140/3140/3140 3141/3141/3141 3197/3197/3197
f 3140/3140/3140 3197/3197/3197 3196/3196/3196
f 3141/3141/3141 3142/3142/3142 3198/3198/3198
f 3141/3141/3141 3198/3198/3198 3197/3197/3197
f 3142/3142/3142 3143/3143/3143 3199/3199/3199
f 3142/3142/3142 3199/3199/3199 3198/3198/3198
f 3143/3143/3143 3144/3144/3144 3200/3200/3200
f 3143/3143/3143 3200/3200/3200 3199/3199/3199
f 3144/3144/3144 3145/3145/3145 3201/3201/3201
f 3144/3144/3144 3201/3201/3201 3200/3200/3200
f 3145/3145/3145 3146/3146/3146 3202/3202/3202
f 3145/3145/3145 3202/3202/3202 3201/3201/3201
f 3146/3146/3146 3147/3147/3147 3203/3203/3203
f 3146/3146/3146 3203/3203/3203 3202/3202/3202
f 3147/3147/3147 3148/3148/3148 3204/3204/3204
f 3147/3147/3147 3204/3204/3204 3203/3203/3203
f 3148/3148/3148 3149/3149/3149 3205/3205/3205
f 3148/3148/3148 3205/3205/3205 3204/3204/3204
f 3149/3149/3149 3150/3150/3150 3206/3206/3206
f 3149/3149/3149 3206/3206/3206 3205/3205/3205
f 3150/3150/3150 3151/3151/3151 3207/3207/3207
f 3150/3150/3150 3207/3207/3207 3206/3206/3206
f 3151/3151/3151 3152/3152/3152 3208/3208/3208
f 3151/3151/3151 3208/3208/3208 3207/3207/3207
f 3152/3152/3152 3153/3153/3153 3209/3209/3209
f 3152/3152/3152 3209/3209/3209 3208/3208/3208
f 3153/3153/3153 3154/3154/3154 3210/3210/3210
f 3153/3153/3153 3210/3210/3210 3209/3209/3209
f 3154/3154/3154 3155/3155/3155 3211/3211/3211
f 3154/3154/3154 3211/3211/3211 3210/3210/3210
f 3155/3155/3155 3156/3156/3156 3212/3212/3212
f 3155/3155/3155 3212/3212/3212 3211/3211/3211
f 3156/3156/3156 3157/3157/3157 3213/3213/3213
f 3156/3156/3156 3213/3213/3213 3212/3212/3212
f 3157/3157/3157 3158/3158/3158 3214/3214/3214
f 3157/3157/3157 3214/3214/3214 3213/3213/3213
f 3158/3158/3158 3159/3159/3159 3215/3215/3215
f 3158/3158/3158 3215/3215/3215 3214/3214/3214
f 3159/3159/3159 3160/3160/3160 3216/3216/3216
f 3159/3159/3159 3216/3216/3216 3215/3215/3215
f 3160/3160/3160 3161/3161/3161 3217/3217/3217
f 3160/3160/3160 3217/3217/3217 3216/3216/3216
f 3161/3161/3161 3162/3162/3162 3218/3218/3218
f 3161/3161/3161 3218/3218/3218 3217/3217/3217
f 3162/3162/3162 3163/3163/3163 3219/3219/3219
f 3162/3162/3162 3219/3219/3219 3218/3218/3218
f 3163/3163/3163 3164/3164/3164 3220/3220/3220
f 3163/3163/3163 3220/3220/3220 3219/3219/3219
f 3164/3164/3164 3165/3165/3165 3221/3221/3221
f 3164/3164/3164 3221/3221/3221 3220/3220/3220
f 3165/3165/3165 3166/3166/3166 3222/3222/3222
f 3165/3165/3165 3222/3222/3222 3221/3221/3221
f 3166/3166/3166 3167/3167/3167 3223/3223/3223
f 3166/3166/3166 3223/3223/3223 3222/3222/3222
f 3167/3167/3167 3168/3168/3168 3224/3224/3224
f 3167/3167/3167 3224/3224/3224 3223/3223/3223
f 3168/3168/3168 3169/3169/3169 3225/3225/3225
f 3168/3168/3168 3225/3225/3225 3224/3224/3224
f 3169/3169/3169 3170/3170/3170 3226/3226/3226
f 3169/3169/3169 3226/3226/3226 3225/3225/3225
f 3170/3170/3170 3171/3171/3171 3227/3227/3227
f 3170/3170/3170 3227/3227/3227 3226/3226/3226
f 3171/3171/3171 3172/3172/3172 3228/3228/3228
f 3171/3171/3171 3228/3228/3228 3227/3227/3227
f 3172/3172/3172 3173/3173/3173 3229/3229/3229
f 3172/3172/3172 3229/3229/3229 3228/3228/3228
f 3173/3173/3173 3174/3174/3174 3230/3230/3230
f 3173/3173/3173 3230/3230/3230 3229/3229/3229
f 3174/3174/3174 3175/3175/3175 3231/3231/3231
f 3174/3174/3174 3231/3231/3231 3230/3230/3230
f 3175/3175/3175 3176/3176/3176 3232/3232/3232
f 3175/3175/3175 3232/3232/3232 3231/3231/3231
f 3176/3176/3176 3177/3177/3177 3233/3233/3233
f 3176/3176/3176 3233/3233/3233 3232/3232/3232
f 3177/3177/3177 3178/3178/3178 3234/3234/3234
f 3177/3177/3177 3234/3234/3234 3233/3233/3233
f 3178/3178/3178 3179/3179/3179 3235/3235/3235
f 3178/3178/3178 3235/3235/3235 3234/3234/3234
f 3179/3179/3179 3180/3180/3180 3236/3236/3236
f 3179/3179/3179 3236/3236/3236 3235/3235/3235
f 3180/3180/3180 3181/3181/3181 3237/3237/3237
f 3180/3180/3180 3237/3237/3237 3236/3236/3236
f 3181/3181/3181 3182/3182/3182 3238/3238/3238
f 3181/3181/3181 3238/3238/3238 3237/3237/3237
f 3182/3182/3182 3183/3183/3183 3239/3239/3239
f 3182/3182/3182 3239/3239/3239 3238/3238/3238
f 3183/3183/3183 3184/3184/3184 3240/3240/3240
f 3183/3183/3183 3240/3240/3240 3239/3239/3239
f 3184/3184/3184 3185/3185/3185 3241/3241/3241
f 3184/3184/3184 3241/3241/3241 3240/3240/3240
f 3185/3185/3185 3186/3186/3186 3242/3242/3242
f 3185/3185/3185 3242/3242/3242 3241/3241/3241
f 3186/3186/3186 3187/3187/3187 3243/3243/3243
f 3186/3186/3186 3243/3243/3243 3242/3242/3242
f 3187/3187/3187 3188/3188/3188 3244/3244/3244
f 3187/3187/3187 3244/3244/3244 3243/3243/3243
f 3188/3188/3188 3189/3189/3189 3245/3245/3245
f 3188/3188/3188 3245/3245/3245 3244/3244/3244
f 3189/3189/3189 3190/3190/3190 3246/3246/3246
f 3189/3189/3189 3246/3246/3246 3245/3245/3245
f 3190/3190/3190 3191/3191/3191 3247/3247/3247
f 3190/3190/3190 3247/3247/3247 3246/3246/3246
f 3191/3191/3191 3192/3192/3192 3248/3248/3248
f 3191/3191/3191 3248/3248/3248 3247/3247/3247
f 3192/3192/3192 3137/3137/3137 3193/3193/3193
f 3192/3192/3192 3193/3193/3193 3248/3248/3248
f 3193/3193/3193 3194/3194/3194 3250/3250/3250
f 3193/3193/3193 3250/3250/3250 3249/3249/3249
f 3194/3194/3194 3195/3195/3195 3251/3251/3251
f 3194/3194/3194 3251/3251/3251 3250/3250/3250
f 3195/3195/3195 3196/3196/3196 3252/3252/3252
f 3195/3195/3195 3252/3252/3252 3251/3251/3251
f 3196/3196/3196 3197/3197/3197 3253/3253/3253
f 3196/3196/3196 3253/3253/3253 3252/3252/3252
f 3197/3197/3197 3198/3198/3198 3254/3254/3254
f 3197/3197/3197 3254/3254/3254 3253/3253/3253
f 3198/3198/3198 3199/3199/3199 3255/3255/3255
f 3198/3198/3198 3255/3255/3255 3254/3254/3254
f 3199/3199/3199 3200/3200/3200 3256/3256/3256
f 3199/3199/3199 3256/3256/3256 3255/3255/3255
f 3200/3200/3200 3201/3201/3201 3257/3257/3257
f 3200/3200/3200 3257/3257/3257 3256/3256/3256
f 3201/3201/3201 3202/3202/3202 3258/3258/3258
f 3201/3201/3201 3258/3258/3258 3257/3257/3257
f 3202/3202/3202 3203/3203/3203 3259/3259/3259
f 3202/3202/3202 3259/3259/3259 3258/3258/3258
f 3203/3203/3203 3204/3204/3204 3260/3260/3260
f 3203/3203/3203 3260/3260/3260 3259/3259/3259
f 3204/3204/3204 3205/3205/3205 3261/3261/3261
f 3204/3204/3204 3261/3261/3261 3260/3260/3260
f 3205/3205/3205 3206/3206/3206 3262/3262/3262
f 3205/3205/3205 3262/3262/3262 3261/3261/3261
f 3206/3206/3206 3207/3207/3207 3263/3263/3263
f 3206/3206/3206 3263/3263/3263 3262/3262/3262
f 3207/3207/3207 3208/3208/3208 3264/3264/3264
f 3207/3207/3207 3264/3264/3264 3263/3263/3263
f 3208/3208/3208 3209/3209/3209 3265/3265/3265
f 3208/3208/3208 3265/3265/3265 3264/3264/3264
f 3209/3209/3209 3210/3210/3210 3266/3266/3266
f 3209/3209/3209 3266/3266/3266 3265/3265/3265
f 3210/3210/3210 3211/3211/3211 3267/3267/3267
f 3210/3210/3210 3267/3267/3267 3266/3266/3266
f 3211/3211/3211 3212/3212/3212 3268/3268/3268
f 3211/3211/3211 3268/3268/3268 3267/3267/3267
f 3212/3212/3212 3213/3213/3213 3269/3269/3269
f 3212/3212/3212 3269/3269/3269 3268/3268/3268
f 3213/3213/3213 3214/3214/3214 3270/3270/3270
f 3213/3213/3213 3270/3270/3270 3269/3269/3269
f 3214/3214/3214 3215/3215/3215 3271/3271/3271
f 3214/3214/3214 3271/3271/3271 3270/3270/3270
f 3215/3215/3215 3216/3216/3216 3272/3272/3272
f 3215/3215/3215 3272/3272/3272 3271/3271/3271
f 3216/3216/3216 3217/3217/3217 3273/3273/3273
f 3216/3216/3216 3273/3273/3273 3272/3272/3272
f 3217/3217/3217 3218/3218/3218 3274/3274/3274
f 3217/3217/3217 3274/3274/3274 3273/3273/3273
f 3218/3218/3218 3219/3219/3219 3275/3275/3275
f 3218/3218/3218 3275/3275/3275 3274/3274/3274
f 3219/3219/3219 3220/3220/3220 3276/3276/3276
f 3219/3219/3219 3276/3276/3276 3275/3275/3275
f 3220/3220/3220 3221/3221/3221 3277/3277/3277
f 3220/3220/3220 3277/3277/3277 3276/3276/3276
f 3221/3221/3221 3222/3222/3222 3278/3278/3278
f 3221/3221/3221 3278/3278/3278 3277/3277/3277
f 3222/3222/3222 3223/3223/3223 3279/3279/3279
f 3222/3222/3222 3279/3279/3279 3278/3278/3278
f 3223/3223/3223 3224/3224/3224 3280/3280/3280
f 3223/3223/3223 3280/3280/3280 3279/3279/3279
f 3224/3224/3224 3225/3225/3225 3281/3281/3281
f 3224/3224/3224 3281/3281/3281 3280/3280/3280
f 3225/3225/3225 3226/3226/3226 3282/3282/3282
f 3225/3225/3225 3282/3282/3282 3281/3281/3281
f 3226/3226/3226 3227/3227/3227 3283/3283/3283
f 3226/3226/3226 3283/3283/3283 3282/3282/3282
f 3227/3227/3227 3228/3228/3228 3284/3284/3284
f 3227/3227/3227 3284/3284/3284 3283/3283/3283
f 3228/3228/3228 3229/3229/3229 3285/3285/3285
f 3228/3228/3228 3285/3285/3285 3284/3284/3284
f 3229/3229/3229 3230/3230/3230 3286/3286/3286
f 3229/3229/3229 3286/3286/3286 3285/3285/3285
f 3230/3230/3230 3231/3231/3231 3287/3287/3287
f 3230/3230/3230 3287/3287/3287 3286/3286/3286
f 3231/3231/3231 3232/3232/3232 3288/3288/3288
f 3231/3231/3231 3288/3288/3288 3287/3287/3287
f 3232/3232/3232 3233/3233/3233 3289/3289/3289
f 3232/3232/3232 3289/3289/3289 3288/3288/3288
f 3233/3233/3233 3234/3234/3234 3290/3290/3290
f 3233/3233/3233 3290/3290/3290 3289/3289/3289
f 3234/3234/3234 3235/3235/3235 3291/3291/3291
f 3234/3234/3234 3291/3291/3291 3290/3290/3290
f 3235/3235/3235 3236/3236/3236 3292/3292/3292
f 3235/3235/3235 3292/3292/3292 3291/3291/3291
f 3236/3236/3236 3237/3237/3237 3293/3293/3293
f 3236/3236/3236 3293/3293/3293 3292/3292/3292
f 3237/3237/3237 3238/3238/3238 3294/3294/3294
f 3237/3237/3237 3294/3294/3294 3293/3293/3293
f 3238/3238/3238 3239/3239/3239 3295/3295/3295
f 3238/3238/3238 3295/3295/3295 3294/3294/3294
f 3239/3239/3239 3240/3240/3240 3296/3296/3296
f 3239/3239/3239 3296/3296/3296 3295/3295/3295
f 3240/3240/3240 3241/3241/3241 3297/3297/3297
f 3240/3240/3240 3297/3297/3297 3296/3296/3296
f 3241/3241/3241 3242/3242/3242 3298/3298/3298
f 3241/3241/3241 3298/3298/3298 3297/3297/3297
f 3242/3242/3242 3243/3243/3243 3299/3299/3299
f 3242/3242/3242 3299/3299/3299 3298/3298/3298
f 3243/3243/3243 3244/3244/3244 3300/3300/3300
f 3243/3243/3243 3300/3300/3300 3299/3299/3299
f 3244/3244/3244 3245/3245/3245 3301/3301/3301
f 3244/3244/3244 3301/3301/3301 3300/3300/3300
f 3245/3245/3245 3246/3246/3246 3302/3302/3302
f 3245/3245/3245 3302/3302/3302 3301/3301/3301
f 3246/3246/3246 3247/3247/3247 3303/3303/3303
f 3246/3246/3246 3303/3303/3303 3302/3302/3302
f 3247/3247/3247 3248/3248/3248 3304/3304/3304
f 3247/3247/3247 3304/3304/3304 3303/3303/3303
f 3248/3248/3248 3193/3193/3193 3249/3249/3249
f 3248/3248/3248 3249/3249/3249 3304/3304/3304
f 3249/3249/3249 3250/3250/3250 3306/3306/3306
f 3249/3249/3249 3306/3306/3306 3305/3305/3305
f 3250/3250/3250 3251/3251/3251 3307/3307/3307
f 3250/3250/3250 3307/3307/3307 3306/3306/3306
f 3251/3251/3251 3252/3252/3252 3308/3308/3308
f 3251/3251/3251 3308/3308/3308 3307/3307/3307
f 3252/3252/3252 3253/3253/3253 3309/3309/3309
f 3252/3252/3252 3309/3309/3309 3308/3308/3308
f 3253/3253/3253 3254/3254/3254 3310/3310/3310
f 3253/3253/3253 3310/3310/3310 3309/3309/3309
f 3254/3254/3254 3255/3255/3255 3311/3311/3311
f 3254/3254/3254 3311/3311/3311 3310/3310/3310
f 3255/3255/3255 3256/3256/3256 3312/3312/3312
f 3255/3255/3255 3312/3312/3312 3311/3311/3311
f 3256/3256/3256 3257/3257/3257 3313/3313/3313
f 3256/3256/3256 3313/3313/3313 3312/3312/3312
f 3257/3257/3257 3258/3258/3258 3314/3314/3314
f 3257/3257/3257 3314/3314/3314 3313/3313/3313
f 3258/3258/3258 3259/3259/3259 3315/3315/3315
f 3258/3258/3258 3315/3315/3315 3314/3314/3314
f 3259/3259/3259 3260/3260/3260 3316/3316/3316
f 3259/3259/3259 3316/3316/3316 3315/3315/3315
f 3260/3260/3260 3261/3261/3261 3317/3317/3317
f 3260/3260/3260 3317/3317/3317 3316/3316/3316
f 3261/3261/3261 3262/3262/3262 3318/3318/3318
f 3261/3261/3261 3318/3318/3318 3317/3317/3317
f 3262/3262/3262 3263/3263/3263 3319/3319/3319
f 3262/3262/3262 3319/3319/3319 3318/3318/3318
f 3263/3263/3263 3264/3264/3264 3320/3320/3320
f 3263/3263/3263 3320/3320/3320 3319/3319/3319
f 3264/3264/3264 3265/3265/3265 3321/3321/3321
f 3264/3264/3264 3321/3321/3321 3320/3320/3320
f 3265/3265/3265 3266/3266/3266 3322/3322/3322
f 3265/3265/3265 3322/3322/3322 3321/3321/3321
f 3266/3266/3266 3267/3267/3267 3323/3323/3323
f 3266/3266/3266 3323/3323/3323 3322/3322/3322
f 3267/3267/3267 3268/3268/3268 3324/3324/3324
f 3267/3267/3267 3324/3324/3324 3323/3323/3323
f 3268/3268/3268 3269/3269/3269 3325/3325/3325
f 3268/3268/3268 3325/3325/3325 3324/3324/3324
f 3269/3269/3269 3270/3270/3270 3326/3326/3326
f 3269/3269/3269 3326/3326/3326 3325/3325/3325
f 3270/3270/3270 3271/3271/3271 3327/3327/3327
f 3270/3270/3270 3327/3327/3327 3326/3326/3326
f 3271/3271/3271 3272/3272/3272 3328/3328/3328
f 3271/3271/3271 3328/3328/3328 3327/3327/3327
f 3272/3272/3272 3273/3273/3273 3329/3329/3329
f 3272/3272/3272 3329/3329/3329 3328/3328/3328
f 3273/3273/3273 3274/3274/3274 3330/3330/3330
f 3273/3273/3273 3330/3330/3330 3329/3329/3329
f 3274/3274/3274 3275/3275/3275 3331/3331/3331
f 3274/3274/3274 3331/3331/3331 3330/3330/3330
f 3275/3275/3275 3276/3276/3276 3332/3332/3332
f 3275/3275/3275 3332/3332/3332 3331/3331/3331
f 3276/3276/3276 3277/3277/3277 3333/3333/3333
f 3276/3276/3276 3333/3333/3333 3332/3332/3332
f 3277/3277/3277 3278/3278/3278 3334/3334/3334
f 3277/3277/3277 3334/3334/3334 3333/3333/3333
f 3278/3278/3278 3279/3279/3279 3335/3335/3335
f 3278/3278/3278 3335/3335/3335 3334/3334/3334
f 3279/3279/3279 3280/3280/3280 3336/3336/3336
f 3279/3279/3279 3336/3336/3336 3335/3335/3335
f 3280/3280/3280 3281/3281/3281 3337/3337/3337
f 3280/3280/3280 3337/3337/3337 3336/3336/3336
f 3281/3281/3281 3282/3282/3282 3338/3338/3338
f 3281/3281/3281 3338/3338/3338 3337/3337/3337
f 3282/3282/3282 3283/3283/3283 3339/3339/3339
f 3282/3282/3282 3339/3339/3339 3338/3338/3338
f 3283/3283/3283 3284/3284/3284 3340/3340/3340
f 3283/3283/3283 3340/3340/3340 3339/3339/3339
f 3284/3284/3284 3285/3285/3285 3341/3341/3341
f 3284/3284/3284 3341/3341/3341 3340/3340/3340
f 3285/3285/3285 3286/3286/3286 3342/3342/3342
f 3285/3285/3285 3342/3342/3342 3341/3341/3341
f 3286/3286/3286 3287/3287/3287 3343/3343/3343
f 3286/3286/3286 3343/3343/3343 3342/3342/3342
f 3287/3287/3287 3288/3288/3288 3344/3344/3344
f 3287/3287/3287 3344/3344/3344 3343/3343/3343
f 3288/3288/3288 3289/3289/3289 3345/3345/3345
f 3288/3288/3288 3345/3345/3345 3344/3344/3344
f 3289/3289/3289 3290/3290/3290 3346/3346/3346
f 3289/3289/3289 3346/3346/3346 3345/3345/3345
f 3290/3290/3290 3291/3291/3291 3347/3347/3347
f 3290/3290/3290 3347/3347/3347 3346/3346/3346
f 3291/3291/3291 3292/3292/3292 3348/3348/3348
f 3291/3291/3291 3348/3348/3348 3347/3347/3347
f 3292/3292/3292 3293/3293/3293 3349/3349/3349
f 3292/3292/3292 3349/3349/3349 3348/3348/3348
f 3293/3293/3293 3294/3294/3294 3350/3350/3350
f 3293/3293/3293 3350/3350/3350 3349/3349/3349
f 3294/3294/3294 3295/3295/3295 3351/3351/3351
f 3294/3294/3294 3351/3351/3351 3350/3350/3350
f 3295/3295/3295 3296/3296/3296 3352/3352/3352
f 3295/3295/3295 3352/3352/3352 3351/3351/3351
f 3296/3296/3296 3297/3297/3297 3353/3353/3353
f 3296/3296/3296 3353/3353/3353 3352/3352/3352
f 3297/3297/3297 3298/3298/3298 3354/3354/3354
f 3297/3297/3297 3354/3354/3354 3353/3353/3353
f 3298/3298/3298 3299/3299/3299 3355/3355/3355
f 3298/3298/3298 3355/3355/3355 3354/3354/3354
f 3299/3299/3299 3300/3300/3300 3356/3356/3356
f 3299/3299/3299 3356/3356/3356 3355/3355/3355
f 3300/3300/3300 3301/3301/3301 3357/3357/3357
f 3300/3300/3300 3357/3357/3357 3356/3356/3356
f 3301/3301/3301 3302/3302/3302 3358/3358/3358
f 3301/3301/3301 3358/3358/3358 3357/3357/3357
f 3302/3302/3302 3303/3303/3303 3359/3359/3359
f 3302/3302/3302 3359/3359/3359 3358/3358/3358
f 3303/3303/3303 3304/3304/3304 3360/3360/3360
f 3303/3303/3303 3360/3360/3360 3359/3359/3359
f 3304/3304/3304 3249/3249/3249 3305/3305/3305
f 3304/3304/3304 3305/3305/3305 3360/3360/3360
f 3305/3305/3305 3306/3306/3306 3362/3362/3362
f 3305/3305/3305 3362/3362/3362 3361/3361/3361
f 3306/3306/3306 3307/3307/3307 3363/3363/3363
f 3306/3306/3306 3363/3363/3363 3362/3362/3362
f 3307/3307/3307 3308/3308/3308 3364/3364/3364
f 3307/3307/3307 3364/3364/3364 3363/3363/3363
f 3308/3308/3308 3309/3309/3309 3365/3365/3365
f 3308/3308/3308 3365/3365/3365 3364/3364/3364
f 3309/3309/3309 3310/3310/3310 3366/3366/3366
f 3309/3309/3309 3366/3366/3366 3365/3365/3365
f 3310/3310/3310 3311/3311/3311 3367/3367/3367
f 3310/3310/3310 3367/3367/3367 3366/3366/3366
f 3311/3311/3311 3312/3312/3312 3368/3368/3368
f 3311/3311/3311 3368/3368/3368 3367/3367/3367
f 3312/3312/3312 3313/3313/3313 3369/3369/3369
f 3312/3312/3312 3369/3369/3369 3368/3368/3368
f 3313/3313/3313 3314/3314/3314 3370/3370/3370
f 3313/3313/3313 3370/3370/3370 3369/3369/3369
f 3314/3314/3314 3315/3315/3315 3371/3371/3371
f 3314/3314/3314 3371/3371/3371 3370/3370/3370
f 3315/3315/3315 3316/3316/3316 3372/3372/3372
f 3315/3315/3315 3372/3372/3372 3371/3371/3371
f 3316/3316/3316 3317/3317/3317 3373/3373/3373
f 3316/3316/3316 3373/3373/3373 3372/3372/3372
f 3317/3317/3317 3318/3318/3318 3374/3374/3374
f 3317/3317/3317 3374/3374/3374 3373/3373/3373
f 3318/3318/3318 3319/3319/3319 3375/3375/3375
f 3318/3318/3318 3375/3375/3375 3374/3374/3374
f 3319/3319/3319 3320/3320/3320 3376/3376/3376
f 3319/3319/3319 3376/3376/3376 3375/3375/3375
f 3320/3320/3320 3321/3321/3321 3377/3377/3377
f 3320/3320/3320 3377/3377/3377 3376/3376/3376
f 3321/3321/3321 3322/3322/3322 3378/3378/3378
f 3321/3321/3321 3378/3378/3378 3377/3377/3377
f 3322/3322/3322 3323/3323/3323 3379/3379/3379
f 3322/3322/3322 3379/3379/3379 3378/3378/3378
f 3323/3323/3323 3324/3324/3324 3380/3380/3380
f 3323/3323/3323 3380/3380/3380 3379/3379/3379
f 3324/3324/3324 3325/3325/3325 3381/3381/3381
f 3324/3324/3324 3381/3381/3381 3380/3380/3380
f 3325/3325/3325 3326/3326/3326 3382/3382/3382
f 3325/3325/3325 3382/3382/3382 3381/3381/3381
f 3326/3326/3326 3327/3327/3327 3383/3383/3383
f 3326/3326/3326 3383/3383/3383 3382/3382/3382
f 3327/3327/3327 3328/3328/3328 3384/3384/3384
f 3327/3327/3327 3384/3384/3384 3383/3383/3383
f 3328/3328/3328 3329/3329/3329 3385/3385/3385
f 3328/3328/3328 3385/3385/3385 3384/3384/3384
f 3329/3329/3329 3330/3330/3330 3386/3386/3386
f 3329/3329/3329 3386/3386/3386 3385/3385/3385
f 3330/3330/3330 3331/3331/3331 3387/3387/3387
f 3330/3330/3330 3387/3387/3387 3386/3386/3386
f 3331/3331/3331 3332/3332/3332 3388/3388/3388
f 3331/3331/3331 3388/3388/3388 3387/3387/3387
f 3332/3332/3332 3333/3333/3333 3389/3389/3389
f 3332/3332/3332 3389/3389/3389 3388/3388/3388
f 3333/3333/3333 3334/3334/3334 3390/3390/3390
f 3333/3333/3333 3390/3390/3390 3389/3389/3389
f 3334/3334/3334 3335/3335/3335 3391/3391/3391
f 3334/3334/3334 3391/3391/3391 3390/3390/3390
f 3335/3335/3335 3336/3336/3336 3392/3392/3392
f 3335/3335/3335 3392/3392/3392 3391/3391/3391
f 3336/3336/3336 3337/3337/3337 3393/3393/3393
f 3336/3336/3336 3393/3393/3393 3392/3392/3392
f 3337/3337/3337 3338/3338/3338 3394/3394/3394
f 3337/3337/3337 3394/3394/3394 3393/3393/3393
f 3338/3338/3338 3339/3339/3339 3395/3395/3395
f 3338/3338/3338 3395/3395/3395 3394/3394/3394
f 3339/3339/3339 3340/3340/3340 3396/3396/3396
f 3339/3339/3339 3396/3396/3396 3395/3395/3395
f 3340/3340/3340 3341/3341/3341 3397/3397/3397
f 3340/3340/3340 3397/3397/3397 3396/3396/3396
f 3341/3341/3341 3342/3342/3342 3398/3398/3398
f 3341/3341/3341 3398/3398/3398 3397/3397/3397
f 3342/3342/3342 3343/3343/3343 3399/3399/3399
f 3342/3342/3342 3399/3399/3399 3398/3398/3398
f 3343/3343/3343 3344/3344/3344 3400/3400/3400
f 3343/3343/3343 3400/3400/3400 3399/3399/3399
f 3344/3344/3344 3345/3345/3345 3401/3401/3401
f 3344/3344/3344 3401/3401/3401 3400/3400/3400
f 3345/3345/3345 3346/3346/3346 3402/3402/3402
f 3345/3345/3345 3402/3402/3402 3401/3401/3401
f 3346/3346/3346 3347/3347/3347 3403/3403/3403
f 3346/3346/3346 3403/3403/3403 3402/3402/3402
f 3347/3347/3347 3348/3348/3348 3404/3404/3404
f 3347/3347/3347 3404/3404/3404 3403/3403/3403
f 3348/3348/3348 3349/3349/3349 3405/3405/3405
f 3348/3348/3348 3405/3405/3405 3404/3404/3404
f 3349/3349/3349 3350/3350/3350 3406/3406/3406
f 3349/3349/3349 3406/3406/3406 3405/3405/3405
f 3350/3350/3350 3351/3351/3351 3407/3407/3407
f 3350/3350/3350 3407/3407/3407 3406/3406/3406
f 3351/3351/3351 3352/3352/3352 3408/3408/3408
f 3351/3351/3351 3408/3408/3408 3407/3407/3407
f 3352/3352/3352 3353/3353/3353 3409/3409/3409
f 3352/3352/3352 3409/3409/3409 3408/3408/3408
f 3353/3353/3353 3354/3354/3354 3410/3410/3410
f 3353/3353/3353 3410/3410/3410 3409/3409/3409
f 3354/3354/3354 3355/3355/3355 3411/3411/3411
f 3354/3354/3354 3411/3411/3411 3410/3410/3410
f 3355/3355/3355 3356/3356/3356 3412/3412/3412
f 3355/3355/3355 3412/3412/3412 3411/3411/3411
f 3356/3356/3356 3357/3357/3357 3413/3413/3413
f 3356/3356/3356 3413/3413/3413 3412/3412/3412
f 3357/3357/3357 3358/3358/3358 3414/3414/3414
f 3357/3357/3357 3414/3414/3414 3413/3413/3413
f 3358/3358/3358 3359/3359/3359 3415/3415/3415
f 3358/3358/3358 3415/3415/3415 3414/3414/3414
f 3359/3359/3359 3360/3360/3360 3416/3416/3416
f 3359/3359/3359 3416/3416/3416 3415/3415/3415
f 3360/3360/3360 3305/3305/3305 3361/3361/3361
f 3360/3360/3360 3361/3361/3361 3416/3416/3416
f 3361/3361/3361 3362/3362/3362 3418/3418/3418
f 3361/3361/3361 3418/3418/3418 3417/3417/3417
f 3362/3362/3362 3363/3363/3363 3419/3419/3419
f 3362/3362/3362 3419/3419/3419 3418/3418/3418
f 3363/3363/3363 3364/3364/3364 3420/3420/3420
f 3363/3363/3363 3420/3420/3420 3419/3419/3419
f 3364/3364/3364 3365/3365/3365 3421/3421/3421
f 3364/3364/3364 3421/3421/3421 3420/3420/3420
f 3365/3365/3365 3366/3366/3366 3422/3422/3422
f 3365/3365/3365 3422/3422/3422 3421/3421/3421
f 3366/3366/3366 3367/3367/3367 3423/3423/3423
f 3366/3366/3366 3423/3423/3423 3422/3422/3422
f 3367/3367/3367 3368/3368/3368 3424/3424/3424
f 3367/3367/3367 3424/3424/3424 3423/3423/3423
f 3368/3368/3368 3369/3369/3369 3425/3425/3425
f 3368/3368/3368 3425/3425/3425 3424/3424/3424
f 3369/3369/3369 3370/3370/3370 3426/3426/3426
f 3369/3369/3369 3426/3426/3426 3425/3425/3425
f 3370/3370/3370 3371/3371/3371 3427/3427/3427
f 3370/3370/3370 3427/3427/3427 3426/3426/3426
f 3371/3371/3371 3372/3372/3372 3428/3428/3428
f 3371/3371/3371 3428/3428/3428 3427/3427/3427
f 3372/3372/3372 3373/3373/3373 3429/3429/3429
f 3372/3372/3372 3429/3429/3429 3428/3428/3428
f 3373/3373/3373 3374/3374/3374 3430/3430/3430
f 3373/3373/3373 3430/3430/3430 3429/3429/3429
f 3374/3374/3374 3375/3375/3375 3431/3431/3431
f 3374/3374/3374 3431/3431/3431 3430/3430/3430
f 3375/3375/3375 3376/3376/3376 3432/3432/3432
f 3375/3375/3375 3432/3432/3432 3431/3431/3431
f 3376/3376/3376 3377/3377/3377 3433/3433/3433
f 3376/3376/3376 3433/3433/3433 3432/3432/3432
f 3377/3377/3377 3378/3378/3378 3434/3434/3434
f 3377/3377/3377 3434/3434/3434 3433/3433/3433
f 3378/3378/3378 3379/3379/3379 3435/3435/3435
f 3378/3378/3378 3435/3435/3435 3434/3434/3434
f 3379/3379/3379 3380/3380/3380 3436/3436/3436
f 3379/3379/3379 3436/3436/3436 3435/3435/3435
f 3380/3380/3380 3381/3381/3381 3437/3437/3437
f 3380/3380/3380 3437/3437/3437 3436/3436/3436
f 3381/3381/3381 3382/3382/3382 3438/3438/3438
f 3381/3381/3381 3438/3438/3438 3437/3437/3437
f 3382/3382/3382 3383/3383/3383 3439/3439/3439
f 3382/3382/3382 3439/3439/3439 3438/3438/3438
f 3383/3383/3383 3384/3384/3384 3440/3440/3440
f 3383/3383/3383 3440/3440/3440 3439/3439/3439
f 3384/3384/3384 3385/3385/3385 3441/3441/3441
f 3384/3384/3384 3441/3441/3441 3440/3440/3440
f 3385/3385/3385 3386/3386/3386 3442/3442/3442
f 3385/3385/3385 3442/3442/3442 3441/3441/3441
f 3386/3386/3386 3387/3387/3387 3443/3443/3443
f 3386/3386/3386 3443/3443/3443 3442/3442/3442
f 3387/3387/3387 3388/3388/3388 3444/3444/3444
f 3387/3387/3387 3444/3444/3444 3443/3443/3443
f 3388/3388/3388 3389/3389/3389 3445/3445/3445
f 3388/3388/3388 3445/3445/3445 3444/3444/3444
f 3389/3389/3389 3390/3390/3390 3446/3446/3446
f 3389/3389/3389 3446/3446/3446 3445/3445/3445
f 3390/3390/3390 3391/3391/3391 3447/3447/3447
f 3390/3390/3390 3447/3447/3447 3446/3446/3446
f 3391/3391/3391 3392/3392/3392 3448/3448/3448
f 3391/3391/3391 3448/3448/3448 3447/3447/3447
f 3392/3392/3392 3393/3393/3393 3449/3449/3449
f 3392/3392/3392 3449/3449/3449 3448/3448/3448
f 3393/3393/3393 3394/3394/3394 3450/3450/3450
f 3393/3393/3393 3450/3450/3450 3449/3449/3449
f 3394/3394/3394 3395/3395/3395 3451/3451/3451
f 3394/3394/3394 3451/3451/3451 3450/3450/3450
f 3395/3395/3395 3396/3396/3396 3452/3452/3452
f 3395/3395/3395 3452/3452/3452 3451/3451/3451
f 3396/3396/3396 3397/3397/3397 3453/3453/3453
f 3396/3396/3396 3453/3453/3453 3452/3452/3452
f 3397/3397/3397 3398/3398/3398 3454/3454/3454
f 3397/3397/3397 3454/3454/3454 3453/3453/3453
f 3398/3398/3398 3399/3399/3399 3455/3455/3455
f 3398/3398/3398 3455/3455/3455 3454/3454/3454
f 3399/3399/3399 3400/3400/3400 3456/3456/3456
f 3399/3399/3399 3456/3456/3456 3455/3455/3455
f 3400/3400/3400 3401/3401/3401 3457/3457/3457
f 3400/3400/3400 3457/3457/3457 3456/3456/3456
f 3401/3401/3401 3402/3402/3402 3458/3458/3458
f 3401/3401/3401 3458/3458/3458 3457/3457/3457
f 3402/3402/3402 3403/3403/3403 3459/3459/3459
f 3402/3402/3402 3459/3459/3459 3458/3458/3458
f 3403/3403/3403 3404/3404/3404 3460/3460/3460
f 3403/3403/3403 3460/3460/3460 3459/3459/3459
f 3404/3404/3404 3405/3405/3405 3461/3461/3461
f 3404/3404/3404 3461/3461/3461 3460/3460/3460
f 3405/3405/3405 3406/3406/3406 3462/3462/3462
f 3405/3405/3405 3462/3462/3462 3461/3461/3461
f 3406/3406/3406 3407/3407/3407 3463/3463/3463
f 3406/3406/3406 3463/3463/3463 3462/3462/3462
f 3407/3407/3407 3408/3408/3408 3464/3464/3464
f 3407/3407/3407 3464/3464/3464 3463/3463/3463
f 3408/3408/3408 3409/3409/3409 3465/3465/3465
f 3408/3408/3408 3465/3465/3465 3464/3464/3464
f 3409/3409/3409 3410/3410/3410 3466/3466/3466
f 3409/3409/3409 3466/3466/3466 3465/3465/3465
f 3410/3410/3410 3411/3411/3411 3467/3467/3467
f 3410/3410/3410 3467/3467/3467 3466/3466/3466
f 3411/3411/3411 3412/3412/3412 3468/3468/3468
f 3411/3411/3411 3468/3468/3468 3467/3467/3467
f 3412/3412/3412 3413/3413/3413 3469/3469/3469
f 3412/3412/3412 3469/3469/3469 3468/3468/3468
f 3413/3413/3413 3414/3414/3414 3470/3470/3470
f 3413/3413/3413 3470/3470/3470 3469/3469/3469
f 3414/3414/3414 3415/3415/3415 3471/3471/3471
f 3414/3414/3414 3471/3471/3471 3470/3470/3470
f 3415/3415/3415 3416/3416/3416 3472/3472/3472
f 3415/3415/3415 3472/3472/3472 3471/3471/3471
f 3416/3416/3416 3361/3361/3361 3417/3417/3417
f 3416/3416/3416 3417/3417/3417 3472/3472/3472
f 3417/3417/3417 3418/3418/3418 3474/3474/3474
f 3417/3417/3417 3474/3474/3474 3473/3473/3473
f 3418/3418/3418 3419/3419/3419 3475/3475/3475
f 3418/3418/3418 3475/3475/3475 3474/3474/3474
f 3419/3419/3419 3420/3420/3420 3476/3476/3476
f 3419/3419/3419 3476/3476/3476 3475/3475/3475
f 3420/3420/3420 3421/3421/3421 3477/3477/3477
f 3420/3420/3420 3477/3477/3477 3476/3476/3476
f 3421/3421/3421 3422/3422/3422 3478/3478/3478
f 3421/3421/3421 3478/3478/3478 3477/3477/3477
f 3422/3422/3422 3423/3423/3423 3479/3479/3479
f 3422/3422/3422 3479/3479/3479 3478/3478/3478
f 3423/3423/3423 3424/3424/3424 3480/3480/3480
f 3423/3423/3423 3480/3480/3480 3479/3479/3479
f 3424/3424/3424 3425/3425/3425 3481/3481/3481
f 3424/3424/3424 3481/3481/3481 3480/3480/3480
f 3425/3425/3425 3426/3426/3426 3482/3482/3482
f 3425/3425/3425 3482/3482/3482 3481/3481/3481
f 3426/3426/3426 3427/3427/3427 3483/3483/3483
f 3426/3426/3426 3483/3483/3483 3482/3482/3482
f 3427/3427/3427 3428/3428/3428 3484/3484/3484
f 3427/3427/3427 3484/3484/3484 3483/3483/3483
f 3428/3428/3428 3429/3429/3429 3485/3485/3485
f 3428/3428/3428 3485/3485/3485 3484/3484/3484
f 3429/3429/3429 3430/3430/3430 3486/3486/3486
f 3429/3429/3429 3486/3486/3486 3485/3485/3485
f 3430/3430/3430 3431/3431/3431 3487/3487/3487
f 3430/3430/3430 3487/3487/3487 3486/3486/3486
f 3431/3431/3431 3432/3432/3432 3488/3488/3488
f 3431/3431/3431 3488/3488/3488 3487/3487/3487
f 3432/3432/3432 3433/3433/3433 3489/3489/3489
f 3432/3432/3432 3489/3489/3489 3488/3488/3488
f 3433/3433/3433 3434/3434/3434 3490/3490/3490
f 3433/3433/3433 3490/3490/3490 3489/3489/3489
f 3434/3434/3434 3435/3435/3435 3491/3491/3491
f 3434/3434/3434 3491/3491/3491 3490/3490/3490
f 3435/3435/3435 3436/3436/3436 3492/3492/3492
f 3435/3435/3435 3492/3492/3492 3491/3491/3491
f 3436/3436/3436 3437/3437/3437 3493/3493/3493
f 3436/3436/3436 3493/3493/3493 3492/3492/3492
f 3437/3437/3437 3438/3438/3438 3494/3494/3494
f 3437/3437/3437 3494/3494/3494 3493/3493/3493
f 3438/3438/3438 3439/3439/3439 3495/3495/3495
f 3438/3438/3438 3495/3495/3495 3494/3494/3494
f 3439/3439/3439 3440/3440/3440 3496/3496/3496
f 3439/3439/3439 3496/3496/3496 3495/3495/3495
f 3440/3440/3440 3441/3441/3441 3497/3497/3497
f 3440/3440/3440 3497/3497/3497 3496/3496/3496
f 3441/3441/3441 3442/3442/3442 3498/3498/3498
f 3441/3441/3441 3498/3498/3498 3497/3497/3497
f 3442/3442/3442 3443/3443/3443 3499/3499/3499
f 3442/3442/3442 3499/3499/3499 3498/3498/3498
f 3443/3443/3443 3444/3444/3444 3500/3500/3500
f 3443/3443/3443 3500/3500/3500 3499/3499/3499
f 3444/3444/3444 3445/3445/3445 3501/3501/3501
f 3444/3444/3444 3501/3501/3501 3500/3500/3500
f 3445/3445/3445 3446/3446/3446 3502/3502/3502
f 3445/3445/3445 3502/3502/3502 3501/3501/3501
f 3446/3446/3446 3447/3447/3447 3503/3503/3503
f 3446/3446/3446 3503/3503/3503 3502/3502/3502
f 3447/3447/3447 3448/3448/3448 3504/3504/3504
f 3447/3447/3447 3504/3504/3504 3503/3503/3503
f 3448/3448/3448 3449/3449/3449 3505/3505/3505
f 3448/3448/3448 3505/3505/3505 3504/3504/3504
f 3449/3449/3449 3450/3450/3450 3506/3506/3506
f 3449/3449/3449 3506/3506/3506 3505/3505/3505
f 3450/3450/3450 3451/3451/3451 3507/3507/3507
f 3450/3450/3450 3507/3507/3507 3506/3506/3506
f 3451/3451/3451 3452/3452/3452 3508/3508/3508
f 3451/3451/3451 3508/3508/3508 3507/3507/3507
f 3452/3452/3452 3453/3453/3453 3509/3509/3509
f 3452/3452/3452 3509/3509/3509 3508/3508/3508
f 3453/3453/3453 3454/3454/3454 3510/3510/3510
f 3453/3453/3453 3510/3510/3510 3509/3509/3509
f 3454/3454/3454 3455/3455/3455 3511/3511/3511
f 3454/3454/3454 3511/3511/3511 3510/3510/3510
f 3455/3455/3455 3456/3456/3456 3512/3512/3512
f 3455/3455/3455 3512/3512/3512 3511/3511/3511
f 3456/3456/3456 3457/3457/3457 3513/3513/3513
f 3456/3456/3456 3513/3513/3513 3512/3512/3512
f 3457/3457/3457 3458/3458/3458 3514/3514/3514
f 3457/3457/3457 3514/3514/3514 3513/3513/3513
f 3458/3458/3458 3459/3459/3459 3515/3515/3515
f 3458/3458/3458 3515/3515/3515 3514/3514/3514
f 3459/3459/3459 3460/3460/3460 3516/3516/3516
f 3459/3459/3459 3516/3516/3516 3515/3515/3515
f 3460/3460/3460 3461/3461/3461 3517/3517/3517
f 3460/3460/3460 3517/3517/3517 3516/3516/3516
f 3461/3461/3461 3462/3462/3462 3518/3518/3518
f 3461/3461/3461 3518/3518/3518 3517/3517/3517
f 3462/3462/3462 3463/3463/3463 3519/3519/3519
f 3462/3462/3462 3519/3519/3519 3518/3518/3518
f 3463/3463/3463 3464/3464/3464 3520/3520/3520
f 3463/3463/3463 3520/3520/3520 3519/3519/3519
f 3464/3464/3464 3465/3465/3465 3521/3521/3521
f 3464/3464/3464 3521/3521/3521 3520/3520/3520
f 3465/3465/3465 3466/3466/3466 3522/3522/3522
f 3465/3465/3465 3522/3522/3522 3521/3521/3521
f 3466/3466/3466 3467/3467/3467 3523/3523/3523
f 3466/3466/3466 3523/3523/3523 3522/3522/3522
f 3467/3467/3467 3468/3468/3468 3524/3524/3524
f 3467/3467/3467 3524/3524/3524 3523/3523/3523
f 3468/3468/3468 3469/3469/3469 3525/3525/3525
f 3468/3468/3468 3525/3525/3525 3524/3524/3524
f 3469/3469/3469 3470/3470/3470 3526/3526/3526
f 3469/3469/3469 3526/3526/3526 3525/3525/3525
f 3470/3470/3470 3471/3471/3471 3527/3527/3527
f 3470/3470/3470 3527/3527/3527 3526/3526/3526
f 3471/3471/3471 3472/3472/3472 3528/3528/3528
f 3471/3471/3471 3528/3528/3528 3527/3527/3527
f 3472/3472/3472 3417/3417/3417 3473/3473/3473
f 3472/3472/3472 3473/3473/3473 3528/3528/3528
f 3473/3473/3473 3474/3474/3474 3530/3530/3530
f 3473/3473/3473 3530/3530/3530 3529/3529/3529
f 3474/3474/3474 3475/3475/3475 3531/3531/3531
f 3474/3474/3474 3531/3531/3531 3530/3530/3530
f 3475/3475/3475 3476/3476/3476 3532/3532/3532
f 3475/3475/3475 3532/3532/3532 3531/3531/3531
f 3476/3476/3476 3477/3477/3477 3533/3533/3533
f 3476/3476/3476 3533/3533/3533 3532/3532/3532
f 3477/3477/3477 3478/3478/3478 3534/3534/3534
f 3477/3477/3477 3534/3534/3534 3533/3533/3533
f 3478/3478/3478 3479/3479/3479 3535/3535/3535
f 3478/3478/3478 3535/3535/3535 3534/3534/3534
f 3479/3479/3479 3480/3480/3480 3536/3536/3536
f 3479/3479/3479 3536/3536/3536 3535/3535/3535
f 3480/3480/3480 3481/3481/3481 3537/3537/3537
f 3480/3480/3480 3537/3537/3537 3536/3536/3536
f 3481/3481/3481 3482/3482/3482 3538/3538/3538
f 3481/3481/3481 3538/3538/3538 3537/3537/3537
f 3482/3482/3482 3483/3483/3483 3539/3539/3539
f 3482/3482/3482 3539/3539/3539 3538/3538/3538
f 3483/3483/3483 3484/3484/3484 3540/3540/3540
f 3483/3483/3483 3540/3540/3540 3539/3539/3539
f 3484/3484/3484 3485/3485/3485 3541/3541/3541
f 3484/3484/3484 3541/3541/3541 3540/3540/3540
f 3485/3485/3485 3486/3486/3486 3542/3542/3542
f 3485/3485/3485 3542/3542/3542 3541/3541/3541
f 3486/3486/3486 3487/3487/3487 3543/3543/3543
f 3486/3486/3486 3543/3543/3543 3542/3542/3542
f 3487/3487/3487 3488/3488/3488 3544/3544/3544
f 3487/3487/3487 3544/3544/3544 3543/3543/3543
f 3488/3488/3488 3489/3489/3489 3545/3545/3545
f 3488/3488/3488 3545/3545/3545 3544/3544/3544
f 3489/3489/3489 3490/3490/3490 3546/3546/3546
f 3489/3489/3489 3546/3546/3546 3545/3545/3545
f 3490/3490/3490 3491/3491/3491 3547/3547/3547
f 3490/3490/3490 3547/3547/3547 3546/3546/3546
f 3491/3491/3491 3492/3492/3492 3548/3548/3548
f 3491/3491/3491 3548/3548/3548 3547/3547/3547
f 3492/3492/3492 3493/3493/3493 3549/3549/3549
f 3492/3492/3492 3549/3549/3549 3548/3548/3548
f 3493/3493/3493 3494/3494/3494 3550/3550/3550
f 3493/3493/3493 3550/3550/3550 3549/3549/3549
f 3494/3494/3494 3495/3495/3495 3551/3551/3551
f 3494/3494/3494 3551/3551/3551 3550/3550/3550
f 3495/3495/3495 3496/3496/3496 3552/3552/3552
f 3495/3495/3495 3552/3552/3552 3551/3551/3551
f 3496/3496/3496 3497/3497/3497 3553/3553/3553
f 3496/3496/3496 3553/3553/3553 3552/3552/3552
f 3497/3497/3497 3498/3498/3498 3554/3554/3554
f 3497/3497/3497 3554/3554/3554 3553/3553/3553
f 3498/3498/3498 3499/3499/3499 3555/3555/3555
f 3498/3498/3498 3555/3555/3555 3554/3554/3554
f 3499/3499/3499 3500/3500/3500 3556/3556/3556
f 3499/3499/3499 3556/3556/3556 3555/3555/3555
f 3500/3500/3500 3501/3501/3501 3557/3557/3557
f 3500/3500/3500 3557/3557/3557 3556/3556/3556
f 3501/3501/3501 3502/3502/3502 3558/3558/3558
f 3501/3501/3501 3558/3558/3558 3557/3557/3557
f 3502/3502/3502 3503/3503/3503 3559/3559/3559
f 3502/3502/3502 3559/3559/3559 3558/3558/3558
f 3503/3503/3503 3504/3504/3504 3560/3560/3560
f 3503/3503/3503 3560/3560/3560 3559/3559/3559
f 3504/3504/3504 3505/3505/3505 3561/3561/3561
f 3504/3504/3504 3561/3561/3561 3560/3560/3560
f 3505/3505/3505 3506/3506/3506 3562/3562/3562
f 3505/3505/3505 3562/3562/3562 3561/3561/3561
f 3506/3506/3506 3507/3507/3507 3563/3563/3563
f 3506/3506/3506 3563/3563/3563 3562/3562/3562
f 3507/3507/3507 3508/3508/3508 3564/3564/3564
f 3507/3507/3507 3564/3564/3564 3563/3563/3563
f 3508/3508/3508 3509/3509/3509 3565/3565/3565
f 3508/3508/3508 3565/3565/3565 3564/3564/3564
f 3509/3509/3509 3510/3510/3510 3566/3566/3566
f 3509/3509/3509 3566/3566/3566 3565/3565/3565
f 3510/3510/3510 3511/3511/3511 3567/3567/3567
f 3510/3510/3510 3567/3567/3567 3566/3566/3566
f 3511/3511/3511 3512/3512/3512 3568/3568/3568
f 3511/3511/3511 3568/3568/3568 3567/3567/3567
f 3512/3512/3512 3513/3513/3513 3569/3569/3569
f 3512/3512/3512 3569/3569/3569 3568/3568/3568
f 3513/3513/3513 3514/3514/3514 3570/3570/3570
f 3513/3513/3513 3570/3570/3570 3569/3569/3569
f 3514/3514/3514 3515/3515/3515 3571/3571/3571
f 3514/3514/3514 3571/3571/3571 3570/3570/3570
f 3515/3515/3515 3516/3516/3516 3572/3572/3572
f 3515/3515/3515 3572/3572/3572 3571/3571/3571
f 3516/3516/3516 3517/3517/3517 3573/3573/3573
f 3516/3516/3516 3573/3573/3573 3572/3572/3572
f 3517/3517/3517 3518/3518/3518 3574/3574/3574
f 3517/3517/3517 3574/3574/3574 3573/3573/3573
f 3518/3518/3518 3519/3519/3519 3575/3575/3575
f 3518/3518/3518 3575/3575/3575 3574/3574/3574
f 3519/3519/3519 3520/3520/3520 3576/3576/3576
f 3519/3519/3519 3576/3576/3576 3575/3575/3575
f 3520/3520/3520 3521/3521/3521 3577/3577/3577
f 3520/3520/3520 3577/3577/3577 3576/3576/3576
f 3521/3521/3521 3522/3522/3522 3578/3578/3578
f 3521/3521/3521 3578/3578/3578 3577/3577/3577
f 3522/3522/3522 3523/3523/3523 3579/3579/3579
f 3522/3522/3522 3579/3579/3579 3578/3578/3578
f 3523/3523/3523 3524/3524/3524 3580/3580/3580
f 3523/3523/3523 3580/3580/3580 3579/3579/3579
f 3524/3524/3524 3525/3525/3525 3581/3581/3581
f 3524/3524/3524 3581/3581/3581 3580/3580/3580
f 3525/3525/3525 3526/3526/3526 3582/3582/3582
f 3525/3525/3525 3582/3582/3582 3581/3581/3581
f 3526/3526/3526 3527/3527/3527 3583/3583/3583
f 3526/3526/3526 3583/3583/3583 3582/3582/3582
f 3527/3527/3527 3528/3528/3528 3584/3584/3584
f 3527/3527/3527 3584/3584/3584 3583/3583/3583
f 3528/3528/3528 3473/3473/3473 3529/3529/3529
f 3528/3528/3528 3529/3529/3529 3584/3584/3584
f 3529/3529/3529 3530/3530/3530 3586/3586/3586
f 3529/3529/3529 3586/3586/3586 3585/3585/3585
f 3530/3530/3530 3531/3531/3531 3587/3587/3587
f 3530/3530/3530 3587/3587/3587 3586/3586/3586
f 3531/3531/3531 3532/3532/3532 3588/3588/3588
f 3531/3531/3531 3588/3588/3588 3587/3587/3587
f 3532/3532/3532 3533/3533/3533 3589/3589/3589
f 3532/3532/3532 3589/3589/3589 3588/3588/3588
f 3533/3533/3533 3534/3534/3534 3590/3590/3590
f 3533/3533/3533 3590/3590/3590 3589/3589/3589
f 3534/3534/3534 3535/3535/3535 3591/3591/3591
f 3534/3534/3534 3591/3591/3591 3590/3590/3590
f 3535/3535/3535 3536/3536/3536 3592/3592/3592
f 3535/3535/3535 3592/3592/3592 3591/3591/3591
f 3536/3536/3536 3537/3537/3537 3593/3593/3593
f 3536/3536/3536 3593/3593/3593 3592/3592/3592
f 3537/3537/3537 3538/3538/3538 3594/3594/3594
f 3537/3537/3537 3594/3594/3594 3593/3593/3593
f 3538/3538/3538 3539/3539/3539 3595/3595/3595
f 3538/3538/3538 3595/3595/3595 3594/3594/3594
f 3539/3539/3539 3540/3540/3540 3596/3596/3596
f 3539/3539/3539 3596/3596/3596 3595/3595/3595
f 3540/3540/3540 3541/3541/3541 3597/3597/3597
f 3540/3540/3540 3597/3597/3597 3596/3596/3596
f 3541/3541/3541 3542/3542/3542 3598/3598/3598
f 3541/3541/3541 3598/3598/3598 3597/3597/3597
f 3542/3542/3542 3543/3543/3543 3599/3599/3599
f 3542/3542/3542 3599/3599/3599 3598/3598/3598
f 3543/3543/3543 3544/3544/3544 3600/3600/3600
f 3543/3543/3543 3600/3600/3600 3599/3599/3599
f 3544/3544/3544 3545/3545/3545 3601/3601/3601
f 3544/3544/3544 3601/3601/3601 3600/3600/3600
f 3545/3545/3545 3546/3546/3546 3602/3602/3602
f 3545/3545/3545 3602/3602/3602 3601/3601/3601
f 3546/3546/3546 3547/3547/3547 3603/3603/3603
f 3546/3546/3546 3603/3603/3603 3602/3602/3602
f 3547/3547/3547 3548/3548/3548 3604/3604/3604
f 3547/3547/3547 3604/3604/3604 3603/3603/3603
f 3548/3548/3548 3549/3549/3549 3605/3605/3605
f 3548/3548/3548 3605/3605/3605 3604/3604/3604
f 3549/3549/3549 3550/3550/3550 3606/3606/3606
f 3549/3549/3549 3606/3606/3606 3605/3605/3605
f 3550/3550/3550 3551/3551/3551 3607/3607/3607
f 3550/3550/3550 3607/3607/3607 3606/3606/3606
f 3551/3551/3551 3552/3552/3552 3608/3608/3608
f 3551/3551/3551 3608/3608/3608 3607/3607/3607
f 3552/3552/3552 3553/3553/3553 3609/3609/3609
f 3552/3552/3552 3609/3609/3609 3608/3608/3608
f 3553/3553/3553 3554/3554/3554 3610/3610/3610
f 3553/3553/3553 3610/3610/3610 3609/3609/3609
f 3554/3554/3554 3555/3555/3555 3611/3611/3611
f 3554/3554/3554 3611/3611/3611 3610/3610/3610
f 3555/3555/3555 3556/3556/3556 3612/3612/3612
f 3555/3555/3555 3612/3612/3612 3611/3611/3611
f 3556/3556/3556 3557/3557/3557 3613/3613/3613
f 3556/3556/3556 3613/3613/3613 3612/3612/3612
f 3557/3557/3557 3558/3558/3558 3614/3614/3614
f 3557/3557/3557 3614/3614/3614 3613/3613/3613
f 3558/3558/3558 3559/3559/3559 3615/3615/3615
f 3558/3558/3558 3615/3615/3615 3614/3614/3614
f 3559/3559/3559 3560/3560/3560 3616/3616/3616
f 3559/3559/3559 3616/3616/3616 3615/3615/3615
f 3560/3560/3560 3561/3561/3561 3617/3617/3617
f 3560/3560/3560 3617/3617/3617 3616/3616/3616
f 3561/3561/3561 3562/3562/3562 3618/3618/3618
f 3561/3561/3561 3618/3618/3618 3617/3617/3617
f 3562/3562/3562 3563/3563/3563 3619/3619/3619
f 3562/3562/3562 3619/3619/3619 3618/3618/3618
f 3563/3563/3563 3564/3564/3564 3620/3620/3620
f 3563/3563/3563 3620/3620/3620 3619/3619/3619
f 3564/3564/3564 3565/3565/3565 3621/3621/3621
f 3564/3564/3564 3621/3621/3621 3620/3620/3620
f 3565/3565/3565 3566/3566/3566 3622/3622/3622
f 3565/3565/3565 3622/3622/3622 3621/3621/3621
f 3566/3566/3566 3567/3567/3567 3623/3623/3623
f 3566/3566/3566 3623/3623/3623 3622/3622/3622
f 3567/3567/3567 3568/3568/3568 3624/3624/3624
f 3567/3567/3567 3624/3624/3624 3623/3623/3623
f 3568/3568/3568 3569/3569/3569 3625/3625/3625
f 3568/3568/3568 3625/3625/3625 3624/3624/3624
f 3569/3569/3569 3570/3570/3570 3626/3626/3626
f 3569/3569/3569 3626/3626/3626 3625/3625/3625
f 3570/3570/3570 3571/3571/3571 3627/3627/3627
f 3570/3570/3570 3627/3627/3627 3626/3626/3626
f 3571/3571/3571 3572/3572/3572 3628/3628/3628
f 3571/3571/3571 3628/3628/3628 3627/3627/3627
f 3572/3572/3572 3573/3573/3573 3629/3629/3629
f 3572/3572/3572 3629/3629/3629 3628/3628/3628
f 3573/3573/3573 3574/3574/3574 3630/3630/3630
f 3573/3573/3573 3630/3630/3630 3629/3629/3629
f 3574/3574/3574 3575/3575/3575 3631/3631/3631
f 3574/3574/3574 3631/3631/3631 3630/3630/3630
f 3575/3575/3575 3576/3576/3576 3632/3632/3632
f 3575/3575/3575 3632/3632/3632 3631/3631/3631
f 3576/3576/3576 3577/3577/3577 3633/3633/3633
f 3576/3576/3576 3633/3633/3633 3632/3632/3632
f 3577/3577/3577 3578/3578/3578 3634/3634/3634
f 3577/3577/3577 3634/3634/3634 3633/3633/3633
f 3578/3578/3578 3579/3579/3579 3635/3635/3635
f 3578/3578/3578 3635/3635/3635 3634/3634/3634
f 3579/3579/3579 3580/3580/3580 3636/3636/3636
f 3579/3579/3579 3636/3636/3636 3635/3635/3635
f 3580/3580/3580 3581/3581/3581 3637/3637/3637
f 3580/3580/3580 3637/3637/3637 3636/3636/3636
f 3581/3581/3581 3582/3582/3582 3638/3638/3638
f 3581/3581/3581 3638/3638/3638 3637/3637/3637
f 3582/3582/3582 3583/3583/3583 3639/3639/3639
f 3582/3582/3582 3639/3639/3639 3638/3638/3638
f 3583/3583/3583 3584/3584/3584 3640/3640/3640
f 3583/3583/3583 3640/3640/3640 3639/3639/3639
f 3584/3584/3584 3529/3529/3529 3585/3585/3585
f 3584/3584/3584 3585/3585/3585 3640/3640/3640
f 3585/3585/3585 3586/3586/3586 3642/3642/3642
f 3585/3585/3585 3642/3642/3642 3641/3641/3641
f 3586/3586/3586 3587/3587/3587 3643/3643/3643
f 3586/3586/3586 3643/3643/3643 3642/3642/3642
f 3587/3587/3587 3588/3588/3588 3644/3644/3644
f 3587/3587/3587 3644/3644/3644 3643/3643/3643
f 3588/3588/3588 3589/3589/3589 3645/3645/3645
f 3588/3588/3588 3645/3645/3645 3644/3644/3644
f 3589/3589/3589 3590/3590/3590 3646/3646/3646
f 3589/3589/3589 3646/3646/3646 3645/3645/3645
f 3590/3590/3590 3591/3591/3591 3647/3647/3647
f 3590/3590/3590 3647/3647/3647 3646/3646/3646
f 3591/3591/3591 3592/3592/3592 3648/3648/3648
f 3591/3591/3591 3648/3648/3648 3647/3647/3647
f 3592/3592/3592 3593/3593/3593 3649/3649/3649
f 3592/3592/3592 3649/3649/3649 3648/3648/3648
f 3593/3593/3593 3594/3594/3594 3650/3650/3650
f 3593/3593/3593 3650/3650/3650 3649/3649/3649
f 3594/3594/3594 3595/3595/3595 3651/3651/3651
f 3594/3594/3594 3651/3651/3651 3650/3650/3650
f 3595/3595/3595 3596/3596/3596 3652/3652/3652
f 3595/3595/3595 3652/3652/3652 3651/3651/3651
f 3596/3596/3596 3597/3597/3597 3653/3653/3653
f 3596/3596/3596 3653/3653/3653 3652/3652/3652
f 3597/3597/3597 3598/3598/3598 3654/3654/3654
f 3597/3597/3597 3654/3654/3654 3653/3653/3653
f 3598/3598/3598 3599/3599/3599 3655/3655/3655
f 3598/3598/3598 3655/3655/3655 3654/3654/3654
f 3599/3599/3599 3600/3600/3600 3656/3656/3656
f 3599/3599/3599 3656/3656/3656 3655/3655/3655
f 3600/3600/3600 3601/3601/3601 3657/3657/3657
f 3600/3600/3600 3657/3657/3657 3656/3656/3656
f 3601/3601/3601 3602/3602/3602 3658/3658/3658
f 3601/3601/3601 3658/3658/3658 3657/3657/3657
f 3602/3602/3602 3603/3603/3603 3659/3659/3659
f 3602/3602/3602 3659/3659/3659 3658/3658/3658
f 3603/3603/3603 3604/3604/3604 3660/3660/3660
f 3603/3603/3603 3660/3660/3660 3659/3659/3659
f 3604/3604/3604 3605/3605/3605 3661/3661/3661
f 3604/3604/3604 3661/3661/3661 3660/3660/3660
f 3605/3605/3605 3606/3606/3606 3662/3662/3662
f 3605/3605/3605 3662/3662/3662 3661/3661/3661
f 3606/3606/3606 3607/3607/3607 3663/3663/3663
f 3606/3606/3606 3663/3663/3663 3662/3662/3662
f 3607/3607/3607 3608/3608/3608 3664/3664/3664
f 3607/3607/3607 3664/3664/3664 3663/3663/3663
f 3608/3608/3608 3609/3609/3609 3665/3665/3665
f 3608/3608/3608 3665/3665/3665 3664/3664/3664
f 3609/3609/3609 3610/3610/3610 3666/3666/3666
f 3609/3609/3609 3666/3666/3666 3665/3665/3665
f 3610/3610/3610 3611/3611/3611 3667/3667/3667
f 3610/3610/3610 3667/3667/3667 3666/3666/3666
f 3611/3611/3611 3612/3612/3612 3668/3668/3668
f 3611/3611/3611 3668/3668/3668 3667/3667/3667
f 3612/3612/3612 3613/3613/3613 3669/3669/3669
f 3612/3612/3612 3669/3669/3669 3668/3668/3668
f 3613/3613/3613 3614/3614/3614 3670/3670/3670
f 3613/3613/3613 3670/3670/3670 3669/3669/3669
f 3614/3614/3614 3615/3615/3615 3671/3671/3671
f 3614/3614/3614 3671/3671/3671 3670/3670/3670
f 3615/3615/3615 3616/3616/3616 3672/3672/3672
f 3615/3615/3615 3672/3672/3672 3671/3671/3671
f 3616/3616/3616 3617/3617/3617 3673/3673/3673
f 3616/3616/3616 3673/3673/3673 3672/3672/3672
f 3617/3617/3617 3618/3618/3618 3674/3674/3674
f 3617/3617/3617 3674/3674/3674 3673/3673/3673
f 3618/3618/3618 3619/3619/3619 3675/3675/3675
f 3618/3618/3618 3675/3675/3675 3674/3674/3674
f 3619/3619/3619 3620/3620/3620 3676/3676/3676
f 3619/3619/3619 3676/3676/3676 3675/3675/3675
f 3620/3620/3620 3621/3621/3621 3677/3677/3677
f 3620/3620/3620 3677/3677/3677 3676/3676/3676
f 3621/3621/3621 3622/3622/3622 3678/3678/3678
f 3621/3621/3621 3678/3678/3678 3677/3677/3677
f 3622/3622/3622 3623/3623/3623 3679/3679/3679
f 3622/3622/3622 3679/3679/3679 3678/3678/3678
f 3623/3623/3623 3624/3624/3624 3680/3680/3680
f 3623/3623/3623 3680/3680/3680 3679/3679/3679
f 3624/3624/3624 3625/3625/3625 3681/3681/3681
f 3624/3624/3624 3681/3681/3681 3680/3680/3680
f 3625/3625/3625 3626/3626/3626 3682/3682/3682
f 3625/3625/3625 3682/3682/3682 3681/3681/3681
f 3626/3626/3626 3627/3627/3627 3683/3683/3683
f 3626/3626/3626 3683/3683/3683 3682/3682/3682
f 3627/3627/3627 3628/3628/3628 3684/3684/3684
f 3627/3627/3627 3684/3684/3684 3683/3683/3683
f 3628/3628/3628 3629/3629/3629 3685/3685/3685
f 3628/3628/3628 3685/3685/3685 3684/3684/3684
f 3629/3629/3629 3630/3630/3630 3686/3686/3686
f 3629/3629/3629 3686/3686/3686 3685/3685/3685
f 3630/3630/3630 3631/3631/3631 3687/3687/3687
f 3630/3630/3630 3687/3687/3687 3686/3686/3686
f 3631/3631/3631 3632/3632/3632 3688/3688/3688
f 3631/3631/3631 3688/3688/3688 3687/3687/3687
f 3632/3632/3632 3633/3633/3633 3689/3689/3689
f 3632/3632/3632 3689/3689/3689 3688/3688/3688
f 3633/3633/3633 3634/3634/3634 3690/3690/3690
f 3633/3633/3633 3690/3690/3690 3689/3689/3689
f 3634/3634/3634 3635/3635/3635 3691/3691/3691
f 3634/3634/3634 3691/3691/3691 3690/3690/3690
f 3635/3635/3635 3636/3636/3636 3692/3692/3692
f 3635/3635/3635 3692/3692/3692 3691/3691/3691
f 3636/3636/3636 3637/3637/3637 3693/3693/3693
f 3636/3636/3636 3693/3693/3693 3692/3692/3692
f 3637/3637/3637 3638/3638/3638 3694/3694/3694
f 3637/3637/3637 3694/3694/3694 3693/3693/3693
f 3638/3638/3638 3639/3639/3639 3695/3695/3695
f 3638/3638/3638 3695/3695/3695 3694/3694/3694
f 3639/3639/3639 3640/3640/3640 3696/3696/3696
f 3639/3639/3639 3696/3696/3696 3695/3695/3695
f 3640/3640/3640 3585/3585/3585 3641/3641/3641
f 3640/3640/3640 3641/3641/3641 3696/3696/3696
f 3641/3641/3641 3642/3642/3642 3698/3698/3698
f 3641/3641/3641 3698/3698/3698 3697/3697/3697
f 3642/3642/3642 3643/3643/3643 3699/3699/3699
f 3642/3642/3642 3699/3699/3699 3698/3698/3698
f 3643/3643/3643 3644/3644/3644 3700/3700/3700
f 3643/3643/3643 3700/3700/3700 3699/3699/3699
f 3644/3644/3644 3645/3645/3645 3701/3701/3701
f 3644/3644/3644 3701/3701/3701 3700/3700/3700
f 3645/3645/3645 3646/3646/3646 3702/3702/3702
f 3645/3645/3645 3702/3702/3702 3701/3701/3701
f 3646/3646/3646 3647/3647/3647 3703/3703/3703
f 3646/3646/3646 3703/3703/3703 3702/3702/3702
f 3647/3647/3647 3648/3648/3648 3704/3704/3704
f 3647/3647/3647 3704/3704/3704 3703/3703/3703
f 3648/3648/3648 3649/3649/3649 3705/3705/3705
f 3648/3648/3648 3705/3705/3705 3704/3704/3704
f 3649/3649/3649 3650/3650/3650 3706/3706/3706
f 3649/3649/3649 3706/3706/3706 3705/3705/3705
f 3650/3650/3650 3651/3651/3651 3707/3707/3707
f 3650/3650/3650 3707/3707/3707 3706/3706/3706
f 3651/3651/3651 3652/3652/3652 3708/3708/3708
f 3651/3651/3651 3708/3708/3708 3707/3707/3707
f 3652/3652/3652 3653/3653/3653 3709/3709/3709
f 3652/3652/3652 3709/3709/3709 3708/3708/3708
f 3653/3653/3653 3654/3654/3654 3710/3710/3710
f 3653/3653/3653 3710/3710/3710 3709/3709/3709
f 3654/3654/3654 3655/3655/3655 3711/3711/3711
f 3654/3654/3654 3711/3711/3711 3710/3710/3710
f 3655/3655/3655 3656/3656/3656 3712/3712/3712
f 3655/3655/3655 3712/3712/3712 3711/3711/3711
f 3656/3656/3656 3657/3657/3657 3713/3713/3713
f 3656/3656/3656 3713/3713/3713 3712/3712/3712
f 3657/3657/3657 3658/3658/3658 3714/3714/3714
f 3657/3657/3657 3714/3714/3714 3713/3713/3713
f 3658/3658/3658 3659/3659/3659 3715/3715/3715
f 3658/3658/3658 3715/3715/3715 3714/3714/3714
f 3659/3659/3659 3660/3660/3660 3716/3716/3716
f 3659/3659/3659 3716/3716/3716 3715/3715/3715
f 3660/3660/3660 3661/3661/3661 3717/3717/3717
f 3660/3660/3660 3717/3717/3717 3716/3716/3716
f 3661/3661/3661 3662/3662/3662 3718/3718/3718
f 3661/3661/3661 3718/3718/3718 3717/3717/3717
f 3662/3662/3662 3663/3663/3663 3719/3719/3719
f 3662/3662/3662 3719/3719/3719 3718/3718/3718
f 3663/3663/3663 3664/3664/3664 3720/3720/3720
f 3663/3663/3663 3720/3720/3720 3719/3719/3719
f 3664/3664/3664 3665/3665/3665 3721/3721/3721
f 3664/3664/3664 3721/3721/3721 3720/3720/3720
f 3665/3665/3665 3666/3666/3666 3722/3722/3722
f 3665/3665/3665 3722/3722/3722 3721/3721/3721
f 3666/3666/3666 3667/3667/3667 3723/3723/3723
f 3666/3666/3666 3723/3723/3723 3722/3722/3722
f 3667/3667/3667 3668/3668/3668 3724/3724/3724
f 3667/3667/3667 3724/3724/3724 3723/3723/3723
f 3668/3668/3668 3669/3669/3669 3725/3725/3725
f 3668/3668/3668 3725/3725/3725 3724/3724/3724
f 3669/3669/3669 3670/3670/3670 3726/3726/3726
f 3669/3669/3669 3726/3726/3726 3725/3725/3725
f 3670/3670/3670 3671/3671/3671 3727/3727/3727
f 3670/3670/3670 3727/3727/3727 3726/3726/3726
f 3671/3671/3671 3672/3672/3672 3728/3728/3728
f 3671/3671/3671 3728/3728/3728 3727/3727/3727
f 3672/3672/3672 3673/3673/3673 3729/3729/3729
f 3672/3672/3672 3729/3729/3729 3728/3728/3728
f 3673/3673/3673 3674/3674/3674 3730/3730/3730
f 3673/3673/3673 3730/3730/3730 3729/3729/3729
f 3674/3674/3674 3675/3675/3675 3731/3731/3731
f 3674/3674/3674 3731/3731/3731 3730/3730/3730
f 3675/3675/3675 3676/3676/3676 3732/3732/3732
f 3675/3675/3675 3732/3732/3732 3731/3731/3731
f 3676/3676/3676 3677/3677/3677 3733/3733/3733
f 3676/3676/3676 3733/3733/3733 3732/3732/3732
f 3677/3677/3677 3678/3678/3678 3734/3734/3734
f 3677/3677/3677 3734/3734/3734 3733/3733/3733
f 3678/3678/3678 3679/3679/3679 3735/3735/3735
f 3678/3678/3678 3735/3735/3735 3734/3734/3734
f 3679/3679/3679 3680/3680/3680 3736/3736/3736
f 3679/3679/3679 3736/3736/3736 3735/3735/3735
f 3680/3680/3680 3681/3681/3681 3737/3737/3737
f 3680/3680/3680 3737/3737/3737 3736/3736/3736
f 3681/3681/3681 3682/3682/3682 3738/3738/3738
f 3681/3681/3681 3738/3738/3738 3737/3737/3737
f 3682/3682/3682 3683/3683/3683 3739/3739/3739
f 3682/3682/3682 3739/3739/3739 3738/3738/3738
f 3683/3683/3683 3684/3684/3684 3740/3740/3740
f 3683/3683/3683 3740/3740/3740 3739/3739/3739
f 3684/3684/3684 3685/3685/3685 3741/3741/3741
f 3684/3684/3684 3741/3741/3741 3740/3740/3740
f 3685/3685/3685 3686/3686/3686 3742/3742/3742
f 3685/3685/3685 3742/3742/3742 3741/3741/3741
f 3686/3686/3686 3687/3687/3687 3743/3743/3743
f 3686/3686/3686 3743/3743/3743 3742/3742/3742
f 3687/3687/3687 3688/3688/3688 3744/3744/3744
f 3687/3687/3687 3744/3744/3744 3743/3743/3743
f 3688/3688/3688 3689/3689/3689 3745/3745/3745
f 3688/3688/3688 3745/3745/3745 3744/3744/3744
f 3689/3689/3689 3690/3690/3690 3746/3746/3746
f 3689/3689/3689 3746/3746/3746 3745/3745/3745
f 3690/3690/3690 3691/3691/3691 3747/3747/3747
f 3690/3690/3690 3747/3747/3747 3746/3746/3746
f 3691/3691/3691 3692/3692/3692 3748/3748/3748
f 3691/3691/3691 3748/3748/3748 3747/3747/3747
f 3692/3692/3692 3693/3693/3693 3749/3749/3749
f 3692/3692/3692 3749/3749/3749 3748/3748/3748
f 3693/3693/3693 3694/3694/3694 3750/3750/3750
f 3693/3693/3693 3750/3750/3750 3749/3749/3749
f 3694/3694/3694 3695/3695/3695 3751/3751/3751
f 3694/3694/3694 3751/3751/3751 3750/3750/3750
f 3695/3695/3695 3696/3696/3696 3752/3752/3752
f 3695/3695/3695 3752/3752/3752 3751/3751/3751
f 3696/3696/3696 3641/3641/3641 3697/3697/3697
f 3696/3696/3696 3697/3697/3697 3752/3752/3752
f 3697/3697/3697 3698/3698/3698 3754/3754/3754
f 3697/3697/3697 3754/3754/3754 3753/3753/3753
f 3698/3698/3698 3699/3699/3699 3755/3755/3755
f 3698/3698/3698 3755/3755/3755 3754/3754/3754
f 3699/3699/3699 3700/3700/3700 3756/3756/3756
f 3699/3699/3699 3756/3756/3756 3755/3755/3755
f 3700/3700/3700 3701/3701/3701 3757/3757/3757
f 3700/3700/3700 3757/3757/3757 3756/3756/3756
f 3701/3701/3701 3702/3702/3702 3758/3758/3758
f 3701/3701/3701 3758/3758/3758 3757/3757/3757
f 3702/3702/3702 3703/3703/3703 3759/3759/3759
f 3702/3702/3702 3759/3759/3759 3758/3758/3758
f 3703/3703/3703 3704/3704/3704 3760/3760/3760
f 3703/3703/3703 3760/3760/3760 3759/3759/3759
f 3704/3704/3704 3705/3705/3705 3761/3761/3761
f 3704/3704/3704 3761/3761/3761 3760/3760/3760
f 3705/3705/3705 3706/3706/3706 3762/3762/3762
f 3705/3705/3705 3762/3762/3762 3761/3761/3761
f 3706/3706/3706 3707/3707/3707 3763/3763/3763
f 3706/3706/3706 3763/3763/3763 3762/3762/3762
f 3707/3707/3707 3708/3708/3708 3764/3764/3764
f 3707/3707/3707 3764/3764/3764 3763/3763/3763
f 3708/3708/3708 3709/3709/3709 3765/3765/3765
f 3708/3708/3708 3765/3765/3765 3764/3764/3764
f 3709/3709/3709 3710/3710/3710 3766/3766/3766
f 3709/3709/3709 3766/3766/3766 3765/3765/3765
f 3710/3710/3710 3711/3711/3711 3767/3767/3767
f 3710/3710/3710 3767/3767/3767 3766/3766/3766
f 3711/3711/3711 3712/3712/3712 3768/3768/3768
f 3711/3711/3711 3768/3768/3768 3767/3767/3767
f 3712/3712/3712 3713/3713/3713 3769/3769/3769
f 3712/3712/3712 3769/3769/3769 3768/3768/3768
f 3713/3713/3713 3714/3714/3714 3770/3770/3770
f 3713/3713/3713 3770/3770/3770 3769/3769/3769
f 3714/3714/3714 3715/3715/3715 3771/3771/3771
f 3714/3714/3714 3771/3771/3771 3770/3770/3770
f 3715/3715/3715 3716/3716/3716 3772/3772/3772
f 3715/3715/3715 3772/3772/3772 3771/3771/3771
f 3716/3716/3716 3717/3717/3717 3773/3773/3773
f 3716/3716/3716 3773/3773/3773 3772/3772/3772
f 3717/3717/3717 3718/3718/3718 3774/3774/3774
f 3717/3717/3717 3774/3774/3774 3773/3773/3773
f 3718/3718/3718 3719/3719/3719 3775/3775/3775
f 3718/3718/3718 3775/3775/3775 3774/3774/3774
f 3719/3719/3719 3720/3720/3720 3776/3776/3776
f 3719/3719/3719 3776/3776/3776 3775/3775/3775
f 3720/3720/3720 3721/3721/3721 3777/3777/3777
f 3720/3720/3720 3777/3777/3777 3776/3776/3776
f 3721/3721/3721 3722/3722/3722 3778/3778/3778
f 3721/3721/3721 3778/3778/3778 3777/3777/3777
f 3722/3722/3722 3723/3723/3723 3779/3779/3779
f 3722/3722/3722 3779/3779/3779 3778/3778/3778
f 3723/3723/3723 3724/3724/3724 3780/3780/3780
f 3723/3723/3723 3780/3780/3780 3779/3779/3779
f 3724/3724/3724 3725/3725/3725 3781/3781/3781
f 3724/3724/3724 3781/3781/3781 3780/3780/3780
f 3725/3725/3725 3726/3726/3726 3782/3782/3782
f 3725/3725/3725 3782/3782/3782 3781/3781/3781
f 3726/3726/3726 3727/3727/3727 3783/3783/3783
f 3726/3726/3726 3783/3783/3783 3782/3782/3782
f 3727/3727/3727 3728/3728/3728 3784/3784/3784
f 3727/3727/3727 3784/3784/3784 3783/3783/3783
f 3728/3728/3728 3729/3729/3729 3785/3785/3785
f 3728/3728/3728 3785/3785/3785 3784/3784/3784
f 3729/3729/3729 3730/3730/3730 3786/3786/3786
f 3729/3729/3729 3786/3786/3786 3785/3785/3785
f 3730/3730/3730 3731/3731/3731 3787/3787/3787
f 3730/3730/3730 3787/3787/3787 3786/3786/3786
f 3731/3731/3731 3732/3732/3732 3788/3788/3788
f 3731/3731/3731 3788/3788/3788 3787/3787/3787
f 3732/3732/3732 3733/3733/3733 3789/3789/3789
f 3732/3732/3732 3789/3789/3789 3788/3788/3788
f 3733/3733/3733 3734/3734/3734 3790/3790/3790
f 3733/3733/3733 3790/3790/3790 3789/3789/3789
f 3734/3734/3734 3735/3735/3735 3791/3791/3791
f 3734/3734/3734 3791/3791/3791 3790/3790/3790
f 3735/3735/3735 3736/3736/3736 3792/3792/3792
f 3735/3735/3735 3792/3792/3792 3791/3791/3791
f 3736/3736/3736 3737/3737/3737 3793/3793/3793
f 3736/3736/3736 3793/3793/3793 3792/3792/3792
f 3737/3737/3737 3738/3738/3738 3794/3794/3794
f 3737/3737/3737 3794/3794/3794 3793/3793/3793
f 3738/3738/3738 3739/3739/3739 3795/3795/3795
f 3738/3738/3738 3795/3795/3795 3794/3794/3794
f 3739/3739/3739 3740/3740/3740 3796/3796/3796
f 3739/3739/3739 3796/3796/3796 3795/3795/3795
f 3740/3740/3740 3741/3741/3741 3797/3797/3797
f 3740/3740/3740 3797/3797/3797 3796/3796/3796
f 3741/3741/3741 3742/3742/3742 3798/3798/3798
f 3741/3741/3741 3798/3798/3798 3797/3797/3797
f 3742/3742/3742 3743/3743/3743 3799/3799/3799
f 3742/3742/3742 3799/3799/3799 3798/3798/3798
f 3743/3743/3743 3744/3744/3744 3800/3800/3800
f 3743/3743/3743 3800/3800/3800 3799/3799/3799
f 3744/3744/3744 3745/3745/3745 3801/3801/3801
f 3744/3744/3744 3801/3801/3801 3800/3800/3800
f 3745/3745/3745 3746/3746/3746 3802/3802/3802
f 3745/3745/3745 3802/3802/3802 3801/3801/3801
f 3746/3746/3746 3747/3747/3747 3803/3803/3803
f 3746/3746/3746 3803/3803/3803 3802/3802/3802
f 3747/3747/3747 3748/3748/3748 3804/3804/3804
f 3747/3747/3747 3804/3804/3804 3803/3803/3803
f 3748/3748/3748 3749/3749/3749 3805/3805/3805
f 3748/3748/3748 3805/3805/3805 3804/3804/3804
f 3749/3749/3749 3750/3750/3750 3806/3806/3806
f 3749/3749/3749 3806/3806/3806 3805/3805/3805
f 3750/3750/3750 3751/3751/3751 3807/3807/3807
f 3750/3750/3750 3807/3807/3807 3806/3806/3806
f 3751/3751/3751 3752/3752/3752 3808/3808/3808
f 3751/3751/3751 3808/3808/3808 3807/3807/3807
f 3752/3752/3752 3697/3697/3697 3753/3753/3753
f 3752/3752/3752 3753/3753/3753 3808/3808/3808
f 3753/3753/3753 3754/3754/3754 3810/3810/3810
f 3753/3753/3753 3810/3810/3810 3809/3809/3809
f 3754/3754/3754 3755/3755/3755 3811/3811/3811
f 3754/3754/3754 3811/3811/3811 3810/3810/3810
f 3755/3755/3755 3756/3756/3756 3812/3812/3812
f 3755/3755/3755 3812/3812/3812 3811/3811/3811
f 3756/3756/3756 3757/3757/3757 3813/3813/3813
f 3756/3756/3756 3813/3813/3813 3812/3812/3812
f 3757/3757/3757 3758/3758/3758 3814/3814/3814
f 3757/3757/3757 3814/3814/3814 3813/3813/3813
f 3758/3758/3758 3759/3759/3759 3815/3815/3815
f 3758/3758/3758 3815/3815/3815 3814/3814/3814
f 3759/3759/3759 3760/3760/3760 3816/3816/3816
f 3759/3759/3759 3816/3816/3816 3815/3815/3815
f 3760/3760/3760 3761/3761/3761 3817/3817/3817
f 3760/3760/3760 3817/3817/3817 3816/3816/3816
f 3761/3761/3761 3762/3762/3762 3818/3818/3818
f 3761/3761/3761 3818/3818/3818 3817/3817/3817
f 3762/3762/3762 3763/3763/3763 3819/3819/3819
f 3762/3762/3762 3819/3819/3819 3818/3818/3818
f 3763/3763/3763 3764/3764/3764 3820/3820/3820
f 3763/3763/3763 3820/3820/3820 3819/3819/3819
f 3764/3764/3764 3765/3765/3765 3821/3821/3821
f 3764/3764/3764 3821/3821/3821 3820/3820/3820
f 3765/3765/3765 3766/3766/3766 3822/3822/3822
f 3765/3765/3765 3822/3822/3822 3821/3821/3821
f 3766/3766/3766 3767/3767/3767 3823/3823/3823
f 3766/3766/3766 3823/3823/3823 3822/3822/3822
f 3767/3767/3767 3768/3768/3768 3824/3824/3824
f 3767/3767/3767 3824/3824/3824 3823/3823/3823
f 3768/3768/3768 3769/3769/3769 3825/3825/3825
f 3768/3768/3768 3825/3825/3825 3824/3824/3824
f 3769/3769/3769 3770/3770/3770 3826/3826/3826
f 3769/3769/3769 3826/3826/3826 3825/3825/3825
f 3770/3770/3770 3771/3771/3771 3827/3827/3827
f 3770/3770/3770 3827/3827/3827 3826/3826/3826
f 3771/3771/3771 3772/3772/3772 3828/3828/3828
f 3771/3771/3771 3828/3828/3828 3827/3827/3827
f 3772/3772/3772 3773/3773/3773 3829/3829/3829
f 3772/3772/3772 3829/3829/3829 3828/3828/3828
f 3773/3773/3773 3774/3774/3774 3830/3830/3830
f 3773/3773/3773 3830/3830/3830 3829/3829/3829
f 3774/3774/3774 3775/3775/3775 3831/3831/3831
f 3774/3774/3774 3831/3831/3831 3830/3830/3830
f 3775/3775/3775 3776/3776/3776 3832/3832/3832
f 3775/3775/3775 3832/3832/3832 3831/3831/3831
f 3776/3776/3776 3777/3777/3777 3833/3833/3833
f 3776/3776/3776 3833/3833/3833 3832/3832/3832
f 3777/3777/3777 3778/3778/3778 3834/3834/3834
f 3777/3777/3777 3834/3834/3834 3833/3833/3833
f 3778/3778/3778 3779/3779/3779 3835/3835/3835
f 3778/3778/3778 3835/3835/3835 3834/3834/3834
f 3779/3779/3779 3780/3780/3780 3836/3836/3836
f 3779/3779/3779 3836/3836/3836 3835/3835/3835
f 3780/3780/3780 3781/3781/3781 3837/3837/3837
f 3780/3780/3780 3837/3837/3837 3836/3836/3836
f 3781/3781/3781 3782/3782/3782 3838/3838/3838
f 3781/3781/3781 3838/3838/3838 3837/3837/3837
f 3782/3782/3782 3783/3783/3783 3839/3839/3839
f 3782/3782/3782 3839/3839/3839 3838/3838/3838
f 3783/3783/3783 3784/3784/3784 3840/3840/3840
f 3783/3783/3783 3840/3840/3840 3839/3839/3839
f 3784/3784/3784 3785/3785/3785 3841/3841/3841
f 3784/3784/3784 3841/3841/3841 3840/3840/3840
f 3785/3785/3785 3786/3786/3786 3842/3842/3842
f 3785/3785/3785 3842/3842/3842 3841/3841/3841
f 3786/3786/3786 3787/3787/3787 3843/3843/3843
f 3786/3786/3786 3843/3843/3843 3842/3842/3842
f 3787/3787/3787 3788/3788/3788 3844/3844/3844
f 3787/3787/3787 3844/3844/3844 3843/3843/3843
f 3788/3788/3788 3789/3789/3789 3845/3845/3845
f 3788/3788/3788 3845/3845/3845 3844/3844/3844
f 3789/3789/3789 3790/3790/3790 3846/3846/3846
f 3789/3789/3789 3846/3846/3846 3845/3845/3845
f 3790/3790/3790 3791/3791/3791 3847/3847/3847
f 3790/3790/3790 3847/3847/3847 3846/3846/3846
f 3791/3791/3791 3792/3792/3792 3848/3848/3848
f 3791/3791/3791 3848/3848/3848 3847/3847/3847
f 3792/3792/3792 3793/3793/3793 3849/3849/3849
f 3792/3792/3792 3849/3849/3849 3848/3848/3848
f 3793/3793/3793 3794/3794/3794 3850/3850/3850
f 3793/3793/3793 3850/3850/3850 3849/3849/3849
f 3794/3794/3794 3795/3795/3795 3851/3851/3851
f 3794/3794/3794 3851/3851/3851 3850/3850/3850
f 3795/3795/3795 3796/3796/3796 3852/3852/3852
f 3795/3795/3795 3852/3852/3852 3851/3851/3851
f 3796/3796/3796 3797/3797/3797 3853/3853/3853
f 3796/3796/3796 3853/3853/3853 3852/3852/3852
f 3797/3797/3797 3798/3798/3798 3854/3854/3854
f 3797/3797/3797 3854/3854/3854 3853/3853/3853
f 3798/3798/3798 3799/3799/3799 3855/3855/3855
f 3798/3798/3798 3855/3855/3855 3854/3854/3854
f 3799/3799/3799 3800/3800/3800 3856/3856/3856
f 3799/3799/3799 3856/3856/3856 3855/3855/3855
f 3800/3800/3800 3801/3801/3801 3857/3857/3857
f 3800/3800/3800 3857/3857/3857 3856/3856/3856
f 3801/3801/3801 3802/3802/3802 3858/3858/3858
f 3801/3801/3801 3858/3858/3858 3857/3857/3857
f 3802/3802/3802 3803/3803/3803 3859/3859/3859
f 3802/3802/3802 3859/3859/3859 3858/3858/3858
f 3803/3803/3803 3804/3804/3804 3860/3860/3860
f 3803/3803/3803 3860/3860/3860 3859/3859/3859
f 3804/3804/3804 3805/3805/3805 3861/3861/3861
f 3804/3804/3804 3861/3861/3861 3860/3860/3860
f 3805/3805/3805 3806/3806/3806 3862/3862/3862
f 3805/3805/3805 3862/3862/3862 3861/3861/3861
f 3806/3806/3806 3807/3807/3807 3863/3863/3863
f 3806/3806/3806 3863/3863/3863 3862/3862/3862
f 3807/3807/3807 3808/3808/3808 3864/3864/3864
f 3807/3807/3807 3864/3864/3864 3863/3863/3863
f 3808/3808/3808 3753/3753/3753 3809/3809/3809
f 3808/3808/3808 3809/3809/3809 3864/3864/3864
f 3809/3809/3809 3810/3810/3810 3866/3866/3866
f 3809/3809/3809 3866/3866/3866 3865/3865/3865
f 3810/3810/3810 3811/3811/3811 3867/3867/3867
f 3810/3810/3810 3867/3867/3867 3866/3866/3866
f 3811/3811/3811 3812/3812/3812 3868/3868/3868
f 3811/3811/3811 3868/3868/3868 3867/3867/3867
f 3812/3812/3812 3813/3813/3813 3869/3869/3869
f 3812/3812/3812 3869/3869/3869 3868/3868/3868
f 3813/3813/3813 3814/3814/3814 3870/3870/3870
f 3813/3813/3813 3870/3870/3870 3869/3869/3869
f 3814/3814/3814 3815/3815/3815 3871/3871/3871
f 3814/3814/3814 3871/3871/3871 3870/3870/3870
f 3815/3815/3815 3816/3816/3816 3872/3872/3872
f 3815/3815/3815 3872/3872/3872 3871/3871/3871
f 3816/3816/3816 3817/3817/3817 3873/3873/3873
f 3816/3816/3816 3873/3873/3873 3872/3872/3872
f 3817/3817/3817 3818/3818/3818 3874/3874/3874
f 3817/3817/3817 3874/3874/3874 3873/3873/3873
f 3818/3818/3818 3819/3819/3819 3875/3875/3875
f 3818/3818/3818 3875/3875/3875 3874/3874/3874
f 3819/3819/3819 3820/3820/3820 3876/3876/3876
f 3819/3819/3819 3876/3876/3876 3875/3875/3875
f 3820/3820/3820 3821/3821/3821 3877/3877/3877
f 3820/3820/3820 3877/3877/3877 3876/3876/3876
f 3821/3821/3821 3822/3822/3822 3878/3878/3878
f 3821/3821/3821 3878/3878/3878 3877/3877/3877
f 3822/3822/3822 3823/3823/3823 3879/3879/3879
f 3822/3822/3822 3879/3879/3879 3878/3878/3878
f 3823/3823/3823 3824/3824/3824 3880/3880/3880
f 3823/3823/3823 3880/3880/3880 3879/3879/3879
f 3824/3824/3824 3825/3825/3825 3881/3881/3881
f 3824/3824/3824 3881/3881/3881 3880/3880/3880
f 3825/3825/3825 3826/3826/3826 3882/3882/3882
f 3825/3825/3825 3882/3882/3882 3881/3881/3881
f 3826/3826/3826 3827/3827/3827 3883/3883/3883
f 3826/3826/3826 3883/3883/3883 3882/3882/3882
f 3827/3827/3827 3828/3828/3828 3884/3884/3884
f 3827/3827/3827 3884/3884/3884 3883/3883/3883
f 3828/3828/3828 3829/3829/3829 3885/3885/3885
f 3828/3828/3828 3885/3885/3885 3884/3884/3884
f 3829/3829/3829 3830/3830/3830 3886/3886/3886
f 3829/3829/3829 3886/3886/3886 3885/3885/3885
f 3830/3830/3830 3831/3831/3831 3887/3887/3887
f 3830/3830/3830 3887/3887/3887 3886/3886/3886
f 3831/3831/3831 3832/3832/3832 3888/3888/3888
f 3831/3831/3831 3888/3888/3888 3887/3887/3887
f 3832/3832/3832 3833/3833/3833 3889/3889/3889
f 3832/3832/3832 3889/3889/3889 3888/3888/3888
f 3833/3833/3833 3834/3834/3834 3890/3890/3890
f 3833/3833/3833 3890/3890/3890 3889/3889/3889
f 3834/3834/3834 3835/3835/3835 3891/3891/3891
f 3834/3834/3834 3891/3891/3891 3890/3890/3890
f 3835/3835/3835 3836/3836/3836 3892/3892/3892
f 3835/3835/3835 3892/3892/3892 3891/3891/3891
f 3836/3836/3836 3837/3837/3837 3893/3893/3893
f 3836/3836/3836 3893/3893/3893 3892/3892/3892
f 3837/3837/3837 3838/3838/3838 3894/3894/3894
f 3837/3837/3837 3894/3894/3894 3893/3893/3893
f 3838/3838/3838 3839/3839/3839 3895/3895/3895
f 3838/3838/3838 3895/3895/3895 3894/3894/3894
f 3839/3839/3839 3840/3840/3840 3896/3896/3896
f 3839/3839/3839 3896/3896/3896 3895/3895/3895
f 3840/3840/3840 3841/3841/3841 3897/3897/3897
f 3840/3840/3840 3897/3897/3897 3896/3896/3896
f 3841/3841/3841 3842/3842/3842 3898/3898/3898
f 3841/3841/3841 3898/3898/3898 3897/3897/3897
f 3842/3842/3842 3843/3843/3843 3899/3899/3899
f 3842/3842/3842 3899/3899/3899 3898/3898/3898
f 3843/3843/3843 3844/3844/3844 3900/3900/3900
f 3843/3843/3843 3900/3900/3900 3899/3899/3899
f 3844/3844/3844 3845/3845/3845 3901/3901/3901
f 3844/3844/3844 3901/3901/3901 3900/3900/3900
f 3845/3845/3845 3846/3846/3846 3902/3902/3902
f 3845/3845/3845 3902/3902/3902 3901/3901/3901
f 3846/3846/3846 3847/3847/3847 3903/3903/3903
f 3846/3846/3846 3903/3903/3903 3902/3902/3902
f 3847/3847/3847 3848/3848/3848 3904/3904/3904
f 3847/3847/3847 3904/3904/3904 3903/3903/3903
f 3848/3848/3848 3849/3849/3849 3905/3905/3905
f 3848/3848/3848 3905/3905/3905 3904/3904/3904
f 3849/3849/3849 3850/3850/3850 3906/3906/3906
f 3849/3849/3849 3906/3906/3906 3905/3905/3905
f 3850/3850/3850 3851/3851/3851 3907/3907/3907
f 3850/3850/3850 3907/3907/3907 3906/3906/3906
f 3851/3851/3851 3852/3852/3852 3908/3908/3908
f 3851/3851/3851 3908/3908/3908 3907/3907/3907
f 3852/3852/3852 3853/3853/3853 3909/3909/3909
f 3852/3852/3852 3909/3909/3909 3908/3908/3908
f 3853/3853/3853 3854/3854/3854 3910/3910/3910
f 3853/3853/3853 3910/3910/3910 3909/3909/3909
f 3854/3854/3854 3855/3855/3855 3911/3911/3911
f 3854/3854/3854 3911/3911/3911 3910/3910/3910
f 3855/3855/3855 3856/3856/3856 3912/3912/3912
f 3855/3855/3855 3912/3912/3912 3911/3911/3911
f 3856/3856/3856 3857/3857/3857 3913/3913/3913
f 3856/3856/3856 3913/3913/3913 3912/3912/3912
f 3857/3857/3857 3858/3858/3858 3914/3914/3914
f 3857/3857/3857 3914/3914/3914 3913/3913/3913
f 3858/3858/3858 3859/3859/3859 3915/3915/3915
f 3858/3858/3858 3915/3915/3915 3914/3914/3914
f 3859/3859/3859 3860/3860/3860 3916/3916/3916
f 3859/3859/3859 3916/3916/3916 3915/3915/3915
f 3860/3860/3860 3861/3861/3861 3917/3917/3917
f 3860/3860/3860 3917/3917/3917 3916/3916/3916
f 3861/3861/3861 3862/3862/3862 3918/3918/3918
f 3861/3861/3861 3918/3918/3918 3917/3917/3917
f 3862/3862/3862 3863/3863/3863 3919/3919/3919
f 3862/3862/3862 3919/3919/3919 3918/3918/3918
f 3863/3863/3863 3864/3864/3864 3920/3920/3920
f 3863/3863/3863 3920/3920/3920 3919/3919/3919
f 3864/3864/3864 3809/3809/3809 3865/3865/3865
f 3864/3864/3864 3865/3865/3865 3920/3920/3920
f 3865/3865/3865 3866/3866/3866 3922/3922/3922
f 3865/3865/3865 3922/3922/3922 3921/3921/3921
f 3866/3866/3866 3867/3867/3867 3923/3923/3923
f 3866/3866/3866 3923/3923/3923 3922/3922/3922
f 3867/3867/3867 3868/3868/3868 3924/3924/3924
f 3867/3867/3867 3924/3924/3924 3923/3923/3923
f 3868/3868/3868 3869/3869/3869 3925/3925/3925
f 3868/3868/3868 3925/3925/3925 3924/3924/3924
f 3869/3869/3869 3870/3870/3870 3926/3926/3926
f 3869/3869/3869 3926/3926/3926 3925/3925/3925
f 3870/3870/3870 3871/3871/3871 3927/3927/3927
f 3870/3870/3870 3927/3927/3927 3926/3926/3926
f 3871/3871/3871 3872/3872/3872 3928/3928/3928
f 3871/3871/3871 3928/3928/3928 3927/3927/3927
f 3872/3872/3872 3873/3873/3873 3929/3929/3929
f 3872/3872/3872 3929/3929/3929 3928/3928/3928
f 3873/3873/3873 3874/3874/3874 3930/3930/3930
f 3873/3873/3873 3930/3930/3930 3929/3929/3929
f 3874/3874/3874 3875/3875/3875 3931/3931/3931
f 3874/3874/3874 3931/3931/3931 3930/3930/3930
f 3875/3875/3875 3876/3876/3876 3932/3932/3932
f 3875/3875/3875 3932/3932/3932 3931/3931/3931
f 3876/3876/3876 3877/3877/3877 3933/3933/3933
f 3876/3876/3876 3933/3933/3933 3932/3932/3932
f 3877/3877/3877 3878/3878/3878 3934/3934/3934
f 3877/3877/3877 3934/3934/3934 3933/3933/3933
f 3878/3878/3878 3879/3879/3879 3935/3935/3935
f 3878/3878/3878 3935/3935/3935 3934/3934/3934
f 3879/3879/3879 3880/3880/3880 3936/3936/3936
f 3879/3879/3879 3936/3936/3936 3935/3935/3935
f 3880/3880/3880 3881/3881/3881 3937/3937/3937
f 3880/3880/3880 3937/3937/3937 3936/3936/3936
f 3881/3881/3881 3882/3882/3882 3938/3938/3938
f 3881/3881/3881 3938/3938/3938 3937/3937/3937
f 3882/3882/3882 3883/3883/3883 3939/3939/3939
f 3882/3882/3882 3939/3939/3939 3938/3938/3938
f 3883/3883/3883 3884/3884/3884 3940/3940/3940
f 3883/3883/3883 3940/3940/3940 3939/3939/3939
f 3884/3884/3884 3885/3885/3885 3941/3941/3941
f 3884/3884/3884 3941/3941/3941 3940/3940/3940
f 3885/3885/3885 3886/3886/3886 3942/3942/3942
f 3885/3885/3885 3942/3942/3942 3941/3941/3941
f 3886/3886/3886 3887/3887/3887 3943/3943/3943
f 3886/3886/3886 3943/3943/3943 3942/3942/3942
f 3887/3887/3887 3888/3888/3888 3944/3944/3944
f 3887/3887/3887 3944/3944/3944 3943/3943/3943
f 3888/3888/3888 3889/3889/3889 3945/3945/3945
f 3888/3888/3888 3945/3945/3945 3944/3944/3944
f 3889/3889/3889 3890/3890/3890 3946/3946/3946
f 3889/3889/3889 3946/3946/3946 3945/3945/3945
f 3890/3890/3890 3891/3891/3891 3947/3947/3947
f 3890/3890/3890 3947/3947/3947 3946/3946/3946
f 3891/3891/3891 3892/3892/3892 3948/3948/3948
f 3891/3891/3891 3948/3948/3948 3947/3947/3947
f 3892/3892/3892 3893/3893/3893 3949/3949/3949
f 3892/3892/3892 3949/3949/3949 3948/3948/3948
f 3893/3893/3893 3894/3894/3894 3950/3950/3950
f 3893/3893/3893 3950/3950/3950 3949/3949/3949
f 3894/3894/3894 3895/3895/3895 3951/3951/3951
f 3894/3894/3894 3951/3951/3951 3950/3950/3950
f 3895/3895/3895 3896/3896/3896 3952/3952/3952
f 3895/3895/3895 3952/3952/3952 3951/3951/3951
f 3896/3896/3896 3897/3897/3897 3953/3953/3953
f 3896/3896/3896 3953/3953/3953 3952/3952/3952
f 3897/3897/3897 3898/3898/3898 3954/3954/3954
f 3897/3897/3897 3954/3954/3954 3953/3953/3953
f 3898/3898/3898 3899/3899/3899 3955/3955/3955
f 3898/3898/3898 3955/3955/3955 3954/3954/3954
f 3899/3899/3899 3900/3900/3900 3956/3956/3956
f 3899/3899/3899 3956/3956/3956 3955/3955/3955
f 3900/3900/3900 3901/3901/3901 3957/3957/3957
f 3900/3900/3900 3957/3957/3957 3956/3956/3956
f 3901/3901/3901 3902/3902/3902 3958/3958/3958
f 3901/3901/3901 3958/3958/3958 3957/3957/3957
f 3902/3902/3902 3903/3903/3903 3959/3959/3959
f 3902/3902/3902 3959/3959/3959 3958/3958/3958
f 3903/3903/3903 3904/3904/3904 3960/3960/3960
f 3903/3903/3903 3960/3960/3960 3959/3959/3959
f 3904/3904/3904 3905/3905/3905 3961/3961/3961
f 3904/3904/3904 3961/3961/3961 3960/3960/3960
f 3905/3905/3905 3906/3906/3906 3962/3962/3962
f 3905/3905/3905 3962/3962/3962 3961/3961/3961
f 3906/3906/3906 3907/3907/3907 3963/3963/3963
f 3906/3906/3906 3963/3963/3963 3962/3962/3962
f 3907/3907/3907 3908/3908/3908 3964/3964/3964
f 3907/3907/3907 3964/3964/3964 3963/3963/3963
f 3908/3908/3908 3909/3909/3909 3965/3965/3965
f 3908/3908/3908 3965/3965/3965 3964/3964/3964
f 3909/3909/3909 3910/3910/3910 3966/3966/3966
f 3909/3909/3909 3966/3966/3966 3965/3965/3965
f 3910/3910/3910 3911/3911/3911 3967/3967/3967
f 3910/3910/3910 3967/3967/3967 3966/3966/3966
f 3911/3911/3911 3912/3912/3912 3968/3968/3968
f 3911/3911/3911 3968/3968/3968 3967/3967/3967
f 3912/3912/3912 3913/3913/3913 3969/3969/3969
f 3912/3912/3912 3969/3969/3969 3968/3968/3968
f 3913/3913/3913 3914/3914/3914 3970/3970/3970
f 3913/3913/3913 3970/3970/3970 3969/3969/3969
f 3914/3914/3914 3915/3915/3915 3971/3971/3971
f 3914/3914/3914 3971/3971/3971 3970/3970/3970
f 3915/3915/3915 3916/3916/3916 3972/3972/3972
f 3915/3915/3915 3972/3972/3972 3971/3971/3971
f 3916/3916/3916 3917/3917/3917 3973/3973/3973
f 3916/3916/3916 3973/3973/3973 3972/3972/3972
f 3917/3917/3917 3918/3918/3918 3974/3974/3974
f 3917/3917/3917 3974/3974/3974 3973/3973/3973
f 3918/3918/3918 3919/3919/3919 3975/3975/3975
f 3918/3918/3918 3975/3975/3975 3974/3974/3974
f 3919/3919/3919 3920/3920/3920 3976/3976/3976
f 3919/3919/3919 3976/3976/3976 3975/3975/3975
f 3920/3920/3920 3865/3865/3865 3921/3921/3921
f 3920/3920/3920 3921/3921/3921 3976/3976/3976
f 3921/3921/3921 3922/3922/3922 3978/3978/3978
f 3921/3921/3921 3978/3978/3978 3977/3977/3977
f 3922/3922/3922 3923/3923/3923 3979/3979/3979
f 3922/3922/3922 3979/3979/3979 3978/3978/3978
f 3923/3923/3923 3924/3924/3924 3980/3980/3980
f 3923/3923/3923 3980/3980/3980 3979/3979/3979
f 3924/3924/3924 3925/3925/3925 3981/3981/3981
f 3924/3924/3924 3981/3981/3981 3980/3980/3980
f 3925/3925/3925 3926/3926/3926 3982/3982/3982
f 3925/3925/3925 3982/3982/3982 3981/3981/3981
f 3926/3926/3926 3927/3927/3927 3983/3983/3983
f 3926/3926/3926 3983/3983/3983 3982/3982/3982
f 3927/3927/3927 3928/3928/3928 3984/3984/3984
f 3927/3927/3927 3984/3984/3984 3983/3983/3983
f 3928/3928/3928 3929/3929/3929 3985/3985/3985
f 3928/3928/3928 3985/3985/3985 3984/3984/3984
f 3929/3929/3929 3930/3930/3930 3986/3986/3986
f 3929/3929/3929 3986/3986/3986 3985/3985/3985
f 3930/3930/3930 3931/3931/3931 3987/3987/3987
f 3930/3930/3930 3987/3987/3987 3986/3986/3986
f 3931/3931/3931 3932/3932/3932 3988/3988/3988
f 3931/3931/3931 3988/3988/3988 3987/3987/3987
f 3932/3932/3932 3933/3933/3933 3989/3989/3989
f 3932/3932/3932 3989/3989/3989 3988/3988/3988
f 3933/3933/3933 3934/3934/3934 3990/3990/3990
f 3933/3933/3933 3990/3990/3990 3989/3989/3989
f 3934/3934/3934 3935/3935/3935 3991/3991/3991
f 3934/3934/3934 3991/3991/3991 3990/3990/3990
f 3935/3935/3935 3936/3936/3936 3992/3992/3992
f 3935/3935/3935 3992/3992/3992 3991/3991/3991
f 3936/3936/3936 3937/3937/3937 3993/3993/3993
f 3936/3936/3936 3993/3993/3993 3992/3992/3992
f 3937/3937/3937 3938/3938/3938 3994/3994/3994
f 3937/3937/3937 3994/3994/3994 3993/3993/3993
f 3938/3938/3938 3939/3939/3939 3995/3995/3995
f 3938/3938/3938 3995/3995/3995 3994/3994/3994
f 3939/3939/3939 3940/3940/3940 3996/3996/3996
f 3939/3939/3939 3996/3996/3996 3995/3995/3995
f 3940/3940/3940 3941/3941/3941 3997/3997/3997
f 3940/3940/3940 3997/3997/3997 3996/3996/3996
f 3941/3941/3941 3942/3942/3942 3998/3998/3998
f 3941/3941/3941 3998/3998/3998 3997/3997/3997
f 3942/3942/3942 3943/3943/3943 3999/3999/3999
f 3942/3942/3942 3999/3999/3999 3998/3998/3998
f 3943/3943/3943 3944/3944/3944 4000/4000/4000
f 3943/3943/3943 4000/4000/4000 3999/3999/3999
f 3944/3944/3944 3945/3945/3945 4001/4001/4001
f 3944/3944/3944 4001/4001/4001 4000/4000/4000
f 3945/3945/3945 3946/3946/3946 4002/4002/4002
f 3945/3945/3945 4002/4002/4002 4001/4001/4001
f 3946/3946/3946 3947/3947/3947 4003/4003/4003
f 3946/3946/3946 4003/4003/4003 4002/4002/4002
f 3947/3947/3947 3948/3948/3948 4004/4004/4004
f 3947/3947/3947 4004/4004/4004 4003/4003/4003
f 3948/3948/3948 3949/3949/3949 4005/4005/4005
f 3948/3948/3948 4005/4005/4005 4004/4004/4004
f 3949/3949/3949 3950/3950/3950 4006/4006/4006
f 3949/3949/3949 4006/4006/4006 4005/4005/4005
f 3950/3950/3950 3951/3951/3951 4007/4007/4007
f 3950/3950/3950 4007/4007/4007 4006/4006/4006
f 3951/3951/3951 3952/3952/3952 4008/4008/4008
f 3951/3951/3951 4008/4008/4008 4007/4007/4007
f 3952/3952/3952 3953/3953/3953 4009/4009/4009
f 3952/3952/3952 4009/4009/4009 4008/4008/4008
f 3953/3953/3953 3954/3954/3954 4010/4010/4010
f 3953/3953/3953 4010/4010/4010 4009/4009/4009
f 3954/3954/3954 3955/3955/3955 4011/4011/4011
f 3954/3954/3954 4011/4011/4011 4010/4010/4010
f 3955/3955/3955 3956/3956/3956 4012/4012/4012
f 3955/3955/3955 4012/4012/4012 4011/4011/4011
f 3956/3956/3956 3957/3957/3957 4013/4013/4013
f 3956/3956/3956 4013/4013/4013 4012/4012/4012
f 3957/3957/3957 3958/3958/3958 4014/4014/4014
f 3957/3957/3957 4014/4014/4014 4013/4013/4013
f 3958/3958/3958 3959/3959/3959 4015/4015/4015
f 3958/3958/3958 4015/4015/4015 4014/4014/4014
f 3959/3959/3959 3960/3960/3960 4016/4016/4016
f 3959/3959/3959 4016/4016/4016 4015/4015/4015
f 3960/3960/3960 3961/3961/3961 4017/4017/4017
f 3960/3960/3960 4017/4017/4017 4016/4016/4016
f 3961/3961/3961 3962/3962/3962 4018/4018/4018
f 3961/3961/3961 4018/4018/4018 4017/4017/4017
f 3962/3962/3962 3963/3963/3963 4019/4019/4019
f 3962/3962/3962 4019/4019/4019 4018/4018/4018
f 3963/3963/3963 3964/3964/3964 4020/4020/4020
f 3963/3963/3963 4020/4020/4020 4019/4019/4019
f 3964/3964/3964 3965/3965/3965 4021/4021/4021
f 3964/3964/3964 4021/4021/4021 4020/4020/4020
f 3965/3965/3965 3966/3966/3966 4022/4022/4022
f 3965/3965/3965 4022/4022/4022 4021/4021/4021
f 3966/3966/3966 3967/3967/3967 4023/4023/4023
f 3966/3966/3966 4023/4023/4023 4022/4022/4022
f 3967/3967/3967 3968/3968/3968 4024/4024/4024
f 3967/3967/3967 4024/4024/4024 4023/4023/4023
f 3968/3968/3968 3969/3969/3969 4025/4025/4025
f 3968/3968/3968 4025/4025/4025 4024/4024/4024
f 3969/3969/3969 3970/3970/3970 4026/4026/4026
f 3969/3969/3969 4026/4026/4026 4025/4025/4025
f 3970/3970/3970 3971/3971/3971 4027/4027/4027
f 3970/3970/3970 4027/4027/4027 4026/4026/4026
f 3971/3971/3971 3972/3972/3972 4028/4028/4028
f 3971/3971/3971 4028/4028/4028 4027/4027/4027
f 3972/3972/3972 3973/3973/3973 4029/4029/4029
f 3972/3972/3972 4029/4029/4029 4028/4028/4028
f 3973/3973/3973 3974/3974/3974 4030/4030/4030
f 3973/3973/3973 4030/4030/4030 4029/4029/4029
f 3974/3974/3974 3975/3975/3975 4031/4031/4031
f 3974/3974/3974 4031/4031/4031 4030/4030/4030
f 3975/3975/3975 3976/3976/3976 4032/4032/4032
f 3975/3975/3975 4032/4032/4032 4031/4031/4031
f 3976/3976/3976 3921/3921/3921 3977/3977/3977
f 3976/3976/3976 3977/3977/3977 4032/4032/4032
f 3977/3977/3977 3978/3978/3978 4034/4034/4034
f 3977/3977/3977 4034/4034/4034 4033/4033/4033
f 3978/3978/3978 3979/3979/3979 4035/4035/4035
f 3978/3978/3978 4035/4035/4035 4034/4034/4034
f 3979/3979/3979 3980/3980/3980 4036/4036/4036
f 3979/3979/3979 4036/4036/4036 4035/4035/4035
f 3980/3980/3980 3981/3981/3981 4037/4037/4037
f 3980/3980/3980 4037/4037/4037 4036/4036/4036
f 3981/3981/3981 3982/3982/3982 4038/4038/4038
f 3981/3981/3981 4038/4038/4038 4037/4037/4037
f 3982/3982/3982 3983/3983/3983 4039/4039/4039
f 3982/3982/3982 4039/4039/4039 4038/4038/4038
f 3983/3983/3983 3984/3984/3984 4040/4040/4040
f 3983/3983/3983 4040/4040/4040 4039/4039/4039
f 3984/3984/3984 3985/3985/3985 4041/4041/4041
f 3984/3984/3984 4041/4041/4041 4040/4040/4040
f 3985/3985/3985 3986/3986/3986 4042/4042/4042
f 3985/3985/3985 4042/4042/4042 4041/4041/4041
f 3986/3986/3986 3987/3987/3987 4043/4043/4043
f 3986/3986/3986 4043/4043/4043 4042/4042/4042
f 3987/3987/3987 3988/3988/3988 4044/4044/4044
f 3987/3987/3987 4044/4044/4044 4043/4043/4043
f 3988/3988/3988 3989/3989/3989 4045/4045/4045
f 3988/3988/3988 4045/4045/4045 4044/4044/4044
f 3989/3989/3989 3990/3990/3990 4046/4046/4046
f 3989/3989/3989 4046/4046/4046 4045/4045/4045
f 3990/3990/3990 3991/3991/3991 4047/4047/4047
f 3990/3990/3990 4047/4047/4047 4046/4046/4046
f 3991/3991/3991 3992/3992/3992 4048/4048/4048
f 3991/3991/3991 4048/4048/4048 4047/4047/4047
f 3992/3992/3992 3993/3993/3993 4049/4049/4049
f 3992/3992/3992 4049/4049/4049 4048/4048/4048
f 3993/3993/3993 3994/3994/3994 4050/4050/4050
f 3993/3993/3993 4050/4050/4050 4049/4049/4049
f 3994/3994/3994 3995/3995/3995 4051/4051/4051
f 3994/3994/3994 4051/4051/4051 4050/4050/4050
f 3995/3995/3995 3996/3996/3996 4052/4052/4052
f 3995/3995/3995 4052/4052/4052 4051/4051/4051
f 3996/3996/3996 3997/3997/3997 4053/4053/4053
f 3996/3996/3996 4053/4053/4053 4052/4052/4052
f 3997/3997/3997 3998/3998/3998 4054/4054/4054
f 3997/3997/3997 4054/4054/4054 4053/4053/4053
f 3998/3998/3998 3999/3999/3999 4055/4055/4055
f 3998/3998/3998 4055/4055/4055 4054/4054/4054
f 3999/3999/3999 4000/4000/4000 4056/4056/4056
f 3999/3999/3999 4056/4056/4056 4055/4055/4055
f 4000/4000/4000 4001/4001/4001 4057/4057/4057
f 4000/4000/4000 4057/4057/4057 4056/4056/4056
f 4001/4001/4001 4002/4002/4002 4058/4058/4058
f 4001/4001/4001 4058/4058/4058 4057/4057/4057
f 4002/4002/4002 4003/4003/4003 4059/4059/4059
f 4002/4002/4002 4059/4059/4059 4058/4058/4058
f 4003/4003/4003 4004/4004/4004 4060/4060/4060
f 4003/4003/4003 4060/4060/4060 4059/4059/4059
f 4004/4004/4004 4005/4005/4005 4061/4061/4061
f 4004/4004/4004 4061/4061/4061 4060/4060/4060
f 4005/4005/4005 4006/4006/4006 4062/4062/4062
f 4005/4005/4005 4062/4062/4062 4061/4061/4061
f 4006/4006/4006 4007/4007/4007 4063/4063/4063
f 4006/4006/4006 4063/4063/4063 4062/4062/4062
f 4007/4007/4007 4008/4008/4008 4064/4064/4064
f 4007/4007/4007 4064/4064/4064 4063/4063/4063
f 4008/4008/4008 4009/4009/4009 4065/4065/4065
f 4008/4008/4008 4065/4065/4065 4064/4064/4064
f 4009/4009/4009 4010/4010/4010 4066/4066/4066
f 4009/4009/4009 4066/4066/4066 4065/4065/4065
f 4010/4010/4010 4011/4011/4011 4067/4067/4067
f 4010/4010/4010 4067/4067/4067 4066/4066/4066
f 4011/4011/4011 4012/4012/4012 4068/4068/4068
f 4011/4011/4011 4068/4068/4068 4067/4067/4067
f 4012/4012/4012 4013/4013/4013 4069/4069/4069
f 4012/4012/4012 4069/4069/4069 4068/4068/4068
f 4013/4013/4013 4014/4014/4014 4070/4070/4070
f 4013/4013/4013 4070/4070/4070 4069/4069/4069
f 4014/4014/4014 4015/4015/4015 4071/4071/4071
f 4014/4014/4014 4071/4071/4071 4070/4070/4070
f 4015/4015/4015 4016/4016/4016 4072/4072/4072
f 4015/4015/4015 4072/4072/4072 4071/4071/4071
f 4016/4016/4016 4017/4017/4017 4073/4073/4073
f 4016/4016/4016 4073/4073/4073 4072/4072/4072
f 4017/4017/4017 4018/4018/4018 4074/4074/4074
f 4017/4017/4017 4074/4074/4074 4073/4073/4073
f 4018/4018/4018 4019/4019/4019 4075/4075/4075
f 4018/4018/4018 4075/4075/4075 4074/4074/4074
f 4019/4019/4019 4020/4020/4020 4076/4076/4076
f 4019/4019/4019 4076/4076/4076 4075/4075/4075
f 4020/4020/4020 4021/4021/4021 4077/4077/4077
f 4020/4020/4020 4077/4077/4077 4076/4076/4076
f 4021/4021/4021 4022/4022/4022 4078/4078/4078
f 4021/4021/4021 4078/4078/4078 4077/4077/4077
f 4022/4022/4022 4023/4023/4023 4079/4079/4079
f 4022/4022/4022 4079/4079/4079 4078/4078/4078
f 4023/4023/4023 4024/4024/4024 4080/4080/4080
f 4023/4023/4023 4080/4080/4080 4079/4079/4079
f 4024/4024/4024 4025/4025/4025 4081/4081/4081
f 4024/4024/4024 4081/4081/4081 4080/4080/4080
f 4025/4025/4025 4026/4026/4026 4082/4082/4082
f 4025/4025/4025 4082/4082/4082 4081/4081/4081
f 4026/4026/4026 4027/4027/4027 4083/4083/4083
f 4026/4026/4026 4083/4083/4083 4082/4082/4082
f 4027/4027/4027 4028/4028/4028 4084/4084/4084
f 4027/4027/4027 4084/4084/4084 4083/4083/4083
f 4028/4028/4028 4029/4029/4029 4085/4085/4085
f 4028/4028/4028 4085/4085/4085 4084/4084/4084
f 4029/4029/4029 4030/4030/4030 4086/4086/4086
f 4029/4029/4029 4086/4086/4086 4085/4085/4085
f 4030/4030/4030 4031/4031/4031 4087/4087/4087
f 4030/4030/4030 4087/4087/4087 4086/4086/4086
f 4031/4031/4031 4032/4032/4032 4088/4088/4088
f 4031/4031/4031 4088/4088/4088 4087/4087/4087
f 4032/4032/4032 3977/3977/3977 4033/4033/4033
f 4032/4032/4032 4033/4033/4033 4088/4088/4088
f 4033/4033/4033 4034/4034/4034 4090/4090/4090
f 4033/4033/4033 4090/4090/4090 4089/4089/4089
f 4034/4034/4034 4035/4035/4035 4091/4091/4091
f 4034/4034/4034 4091/4091/4091 4090/4090/4090
f 4035/4035/4035 4036/4036/4036 4092/4092/4092
f 4035/4035/4035 4092/4092/4092 4091/4091/4091
f 4036/4036/4036 4037/4037/4037 4093/4093/4093
f 4036/4036/4036 4093/4093/4093 4092/4092/4092
f 4037/4037/4037 4038/4038/4038 4094/4094/4094
f 4037/4037/4037 4094/4094/4094 4093/4093/4093
f 4038/4038/4038 4039/4039/4039 4095/4095/4095
f 4038/4038/4038 4095/4095/4095 4094/4094/4094
f 4039/4039/4039 4040/4040/4040 4096/4096/4096
f 4039/4039/4039 4096/4096/4096 4095/4095/4095
f 4040/4040/4040 4041/4041/4041 4097/4097/4097
f 4040/4040/4040 4097/4097/4097 4096/4096/4096
f 4041/4041/4041 4042/4042/4042 4098/4098/4098
f 4041/4041/4041 4098/4098/4098 4097/4097/4097
f 4042/4042/4042 4043/4043/4043 4099/4099/4099
f 4042/4042/4042 4099/4099/4099 4098/4098/4098
f 4043/4043/4043 4044/4044/4044 4100/4100/4100
f 4043/4043/4043 4100/4100/4100 4099/4099/4099
f 4044/4044/4044 4045/4045/4045 4101/4101/4101
f 4044/4044/4044 4101/4101/4101 4100/4100/4100
f 4045/4045/4045 4046/4046/4046 4102/4102/4102
f 4045/4045/4045 4102/4102/4102 4101/4101/4101
f 4046/4046/4046 4047/4047/4047 4103/4103/4103
f 4046/4046/4046 4103/4103/4103 4102/4102/4102
f 4047/4047/4047 4048/4048/4048 4104/4104/4104
f 4047/4047/4047 4104/4104/4104 4103/4103/4103
f 4048/4048/4048 4049/4049/4049 4105/4105/4105
f 4048/4048/4048 4105/4105/4105 4104/4104/4104
f 4049/4049/4049 4050/4050/4050 4106/4106/4106
f 4049/4049/4049 4106/4106/4106 4105/4105/4105
f 4050/4050/4050 4051/4051/4051 4107/4107/4107
f 4050/4050/4050 4107/4107/4107 4106/4106/4106
f 4051/4051/4051 4052/4052/4052 4108/4108/4108
f 4051/4051/4051 4108/4108/4108 4107/4107/4107
f 4052/4052/4052 4053/4053/4053 4109/4109/4109
f 4052/4052/4052 4109/4109/4109 4108/4108/4108
f 4053/4053/4053 4054/4054/4054 4110/4110/4110
f 4053/4053/4053 4110/4110/4110 4109/4109/4109
f 4054/4054/4054 4055/4055/4055 4111/4111/4111
f 4054/4054/4054 4111/4111/4111 4110/4110/4110
f 4055/4055/4055 4056/4056/4056 4112/4112/4112
f 4055/4055/4055 4112/4112/4112 4111/4111/4111
f 4056/4056/4056 4057/4057/4057 4113/4113/4113
f 4056/4056/4056 4113/4113/4113 4112/4112/4112
f 4057/4057/4057 4058/4058/4058 4114/4114/4114
f 4057/4057/4057 4114/4114/4114 4113/4113/4113
f 4058/4058/4058 4059/4059/4059 4115/4115/4115
f 4058/4058/4058 4115/4115/4115 4114/4114/4114
f 4059/4059/4059 4060/4060/4060 4116/4116/4116
f 4059/4059/4059 4116/4116/4116 4115/4115/4115
f 4060/4060/4060 4061/4061/4061 4117/4117/4117
f 4060/4060/4060 4117/4117/4117 4116/4116/4116
f 4061/4061/4061 4062/4062/4062 4118/4118/4118
f 4061/4061/4061 4118/4118/4118 4117/4117/4117
f 4062/4062/4062 4063/4063/4063 4119/4119/4119
f 4062/4062/4062 4119/4119/4119 4118/4118/4118
f 4063/4063/4063 4064/4064/4064 4120/4120/4120
f 4063/4063/4063 4120/4120/4120 4119/4119/4119
f 4064/4064/4064 4065/4065/4065 4121/4121/4121
f 4064/4064/4064 4121/4121/4121 4120/4120/4120
f 4065/4065/4065 4066/4066/4066 4122/4122/4122
f 4065/4065/4065 4122/4122/4122 4121/4121/4121
f 4066/4066/4066 4067/4067/4067 4123/4123/4123
f 4066/4066/4066 4123/4123/4123 4122/4122/4122
f 4067/4067/4067 4068/4068/4068 4124/4124/4124
f 4067/4067/4067 4124/4124/4124 4123/4123/4123
f 4068/4068/4068 4069/4069/4069 4125/4125/4125
f 4068/4068/4068 4125/4125/4125 4124/4124/4124
f 4069/4069/4069 4070/4070/4070 4126/4126/4126
f 4069/4069/4069 4126/4126/4126 4125/4125/4125
f 4070/4070/4070 4071/4071/4071 4127/4127/4127
f 4070/4070/4070 4127/4127/4127 4126/4126/4126
f 4071/4071/4071 4072/4072/4072 4128/4128/4128
f 4071/4071/4071 4128/4128/4128 4127/4127/4127
f 4072/4072/4072 4073/4073/4073 4129/4129/4129
f 4072/4072/4072 4129/4129/4129 4128/4128/4128
f 4073/4073/4073 4074/4074/4074 4130/4130/4130
f 4073/4073/4073 4130/4130/4130 4129/4129/4129
f 4074/4074/4074 4075/4075/4075 4131/4131/4131
f 4074/4074/4074 4131/4131/4131 4130/4130/4130
f 4075/4075/4075 4076/4076/4076 4132/4132/4132
f 4075/4075/4075 4132/4132/4132 4131/4131/4131
f 4076/4076/4076 4077/4077/4077 4133/4133/4133
f 4076/4076/4076 4133/4133/4133 4132/4132/4132
f 4077/4077/4077 4078/4078/4078 4134/4134/4134
f 4077/4077/4077 4134/4134/4134 4133/4133/4133
f 4078/4078/4078 4079/4079/4079 4135/4135/4135
f 4078/4078/4078 4135/4135/4135 4134/4134/4134
f 4079/4079/4079 4080/4080/4080 4136/4136/4136
f 4079/4079/4079 4136/4136/4136 4135/4135/4135
f 4080/4080/4080 4081/4081/4081 4137/4137/4137
f 4080/4080/4080 4137/4137/4137 4136/4136/4136
f 4081/4081/4081 4082/4082/4082 4138/4138/4138
f 4081/4081/4081 4138/4138/4138 4137/4137/4137
f 4082/4082/4082 4083/4083/4083 4139/4139/4139
f 4082/4082/4082 4139/4139/4139 4138/4138/4138
f 4083/4083/4083 4084/4084/4084 4140/4140/4140
f 4083/4083/4083 4140/4140/4140 4139/4139/4139
f 4084/4084/4084 4085/4085/4085 4141/4141/4141
f 4084/4084/4084 4141/4141/4141 4140/4140/4140
f 4085/4085/4085 4086/4086/4086 4142/4142/4142
f 4085/4085/4085 4142/4142/4142 4141/4141/4141
f 4086/4086/4086 4087/4087/4087 4143/4143/4143
f 4086/4086/4086 4143/4143/4143 4142/4142/4142
f 4087/4087/4087 4088/4088/4088 4144/4144/4144
f 4087/4087/4087 4144/4144/4144 4143/4143/4143
f 4088/4088/4088 4033/4033/4033 4089/4089/4089
f 4088/4088/4088 4089/4089/4089 4144/4144/4144
f 4089/4089/4089 4090/4090/4090 4146/4146/4146
f 4089/4089/4089 4146/4146/4146 4145/4145/4145
f 4090/4090/4090 4091/4091/4091 4147/4147/4147
f 4090/4090/4090 4147/4147/4147 4146/4146/4146
f 4091/4091/4091 4092/4092/4092 4148/4148/4148
f 4091/4091/4091 4148/4148/4148 4147/4147/4147
f 4092/4092/4092 4093/4093/4093 4149/4149/4149
f 4092/4092/4092 4149/4149/4149 4148/4148/4148
f 4093/4093/4093 4094/4094/4094 4150/4150/4150
f 4093/4093/4093 4150/4150/4150 4149/4149/4149
f 4094/4094/4094 4095/4095/4095 4151/4151/4151
f 4094/4094/4094 4151/4151/4151 4150/4150/4150
f 4095/4095/4095 4096/4096/4096 4152/4152/4152
f 4095/4095/4095 4152/4152/4152 4151/4151/4151
f 4096/4096/4096 4097/4097/4097 4153/4153/4153
f 4096/4096/4096 4153/4153/4153 4152/4152/4152
f 4097/4097/4097 4098/4098/4098 4154/4154/4154
f 4097/4097/4097 4154/4154/4154 4153/4153/4153
f 4098/4098/4098 4099/4099/4099 4155/4155/4155
f 4098/4098/4098 4155/4155/4155 4154/4154/4154
f 4099/4099/4099 4100/4100/4100 4156/4156/4156
f 4099/4099/4099 4156/4156/4156 4155/4155/4155
f 4100/4100/4100 4101/4101/4101 4157/4157/4157
f 4100/4100/4100 4157/4157/4157 4156/4156/4156
f 4101/4101/4101 4102/4102/4102 4158/4158/4158
f 4101/4101/4101 4158/4158/4158 4157/4157/4157
f 4102/4102/4102 4103/4103/4103 4159/4159/4159
f 4102/4102/4102 4159/4159/4159 4158/4158/4158
f 4103/4103/4103 4104/4104/4104 4160/4160/4160
f 4103/4103/4103 4160/4160/4160 4159/4159/4159
f 4104/4104/4104 4105/4105/4105 4161/4161/4161
f 4104/4104/4104 4161/4161/4161 4160/4160/4160
f 4105/4105/4105 4106/4106/4106 4162/4162/4162
f 4105/4105/4105 4162/4162/4162 4161/4161/4161
f 4106/4106/4106 4107/4107/4107 4163/4163/4163
f 4106/4106/4106 4163/4163/4163 4162/4162/4162
f 4107/4107/4107 4108/4108/4108 4164/4164/4164
f 4107/4107/4107 4164/4164/4164 4163/4163/4163
f 4108/4108/4108 4109/4109/4109 4165/4165/4165
f 4108/4108/4108 4165/4165/4165 4164/4164/4164
f 4109/4109/4109 4110/4110/4110 4166/4166/4166
f 4109/4109/4109 4166/4166/4166 4165/4165/4165
f 4110/4110/4110 4111/4111/4111 4167/4167/4167
f 4110/4110/4110 4167/4167/4167 4166/4166/4166
f 4111/4111/4111 4112/4112/4112 4168/4168/4168
f 4111/4111/4111 4168/4168/4168 4167/4167/4167
f 4112/4112/4112 4113/4113/4113 4169/4169/4169
f 4112/4112/4112 4169/4169/4169 4168/4168/4168
f 4113/4113/4113 4114/4114/4114 4170/4170/4170
f 4113/4113/4113 4170/4170/4170 4169/4169/4169
f 4114/4114/4114 4115/4115/4115 4171/4171/4171
f 4114/4114/4114 4171/4171/4171 4170/4170/4170
f 4115/4115/4115 4116/4116/4116 4172/4172/4172
f 4115/4115/4115 4172/4172/4172 4171/4171/4171
f 4116/4116/4116 4117/4117/4117 4173/4173/4173
f 4116/4116/4116 4173/4173/4173 4172/4172/4172
f 4117/4117/4117 4118/4118/4118 4174/4174/4174
f 4117/4117/4117 4174/4174/4174 4173/4173/4173
f 4118/4118/4118 4119/4119/4119 4175/4175/4175
f 4118/4118/4118 4175/4175/4175 4174/4174/4174
f 4119/4119/4119 4120/4120/4120 4176/4176/4176
f 4119/4119/4119 4176/4176/4176 4175/4175/4175
f 4120/4120/4120 4121/4121/4121 4177/4177/4177
f 4120/4120/4120 4177/4177/4177 4176/4176/4176
f 4121/4121/4121 4122/4122/4122 4178/4178/4178
f 4121/4121/4121 4178/4178/4178 4177/4177/4177
f 4122/4122/4122 4123/4123/4123 4179/4179/4179
f 4122/4122/4122 4179/4179/4179 4178/4178/4178
f 4123/4123/4123 4124/4124/4124 4180/4180/4180
f 4123/4123/4123 4180/4180/4180 4179/4179/4179
f 4124/4124/4124 4125/4125/4125 4181/4181/4181
f 4124/4124/4124 4181/4181/4181 4180/4180/4180
f 4125/4125/4125 4126/4126/4126 4182/4182/4182
f 4125/4125/4125 4182/4182/4182 4181/4181/4181
f 4126/4126/4126 4127/4127/4127 4183/4183/4183
f 4126/4126/4126 4183/4183/4183 4182/4182/4182
f 4127/4127/4127 4128/4128/4128 4184/4184/4184
f 4127/4127/4127 4184/4184/4184 4183/4183/4183
f 4128/4128/4128 4129/4129/4129 4185/4185/4185
f 4128/4128/4128 4185/4185/4185 4184/4184/4184
f 4129/4129/4129 4130/4130/4130 4186/4186/4186
f 4129/4129/4129 4186/4186/4186 4185/4185/4185
f 4130/4130/4130 4131/4131/4131 4187/4187/4187
f 4130/4130/4130 4187/4187/4187 4186/4186/4186
f 4131/4131/4131 4132/4132/4132 4188/4188/4188
f 4131/4131/4131 4188/4188/4188 4187/4187/4187
f 4132/4132/4132 4133/4133/4133 4189/4189/4189
f 4132/4132/4132 4189/4189/4189 4188/4188/4188
f 4133/4133/4133 4134/4134/4134 4190/4190/4190
f 4133/4133/4133 4190/4190/4190 4189/4189/4189
f 4134/4134/4134 4135/4135/4135 4191/4191/4191
f 4134/4134/4134 4191/4191/4191 4190/4190/4190
f 4135/4135/4135 4136/4136/4136 4192/4192/4192
f 4135/4135/4135 4192/4192/4192 4191/4191/4191
f 4136/4136/4136 4137/4137/4137 4193/4193/4193
f 4136/4136/4136 4193/4193/4193 4192/4192/4192
f 4137/4137/4137 4138/4138/4138 4194/4194/4194
f 4137/4137/4137 4194/4194/4194 4193/4193/4193
f 4138/4138/4138 4139/4139/4139 4195/4195/4195
f 4138/4138/4138 4195/4195/4195 4194/4194/4194
f 4139/4139/4139 4140/4140/4140 4196/4196/4196
f 4139/4139/4139 4196/4196/4196 4195/4195/4195
f 4140/4140/4140 4141/4141/4141 4197/4197/4197
f 4140/4140/4140 4197/4197/4197 4196/4196/4196
f 4141/4141/4141 4142/4142/4142 4198/4198/4198
f 4141/4141/4141 4198/4198/4198 4197/4197/4197
f 4142/4142/4142 4143/4143/4143 4199/4199/4199
f 4142/4142/4142 4199/4199/4199 4198/4198/4198
f 4143/4143/4143 4144/4144/4144 4200/4200/4200
f 4143/4143/4143 4200/4200/4200 4199/4199/4199
f 4144/4144/4144 4089/4089/4089 4145/4145/4145
f 4144/4144/4144 4145/4145/4145 4200/4200/4200
f 4145/4145/4145 4146/4146/4146 4202/4202/4202
f 4145/4145/4145 4202/4202/4202 4201/4201/4201
f 4146/4146/4146 4147/4147/4147 4203/4203/4203
f 4146/4146/4146 4203/4203/4203 4202/4202/4202
f 4147/4147/4147 4148/4148/4148 4204/4204/4204
f 4147/4147/4147 4204/4204/4204 4203/4203/4203
f 4148/4148/4148 4149/4149/4149 4205/4205/4205
f 4148/4148/4148 4205/4205/4205 4204/4204/4204
f 4149/4149/4149 4150/4150/4150 4206/4206/4206
f 4149/4149/4149 4206/4206/4206 4205/4205/4205
f 4150/4150/4150 4151/4151/4151 4207/4207/4207
f 4150/4150/4150 4207/4207/4207 4206/4206/4206
f 4151/4151/4151 4152/4152/4152 4208/4208/4208
f 4151/4151/4151 4208/4208/4208 4207/4207/4207
f 4152/4152/4152 4153/4153/4153 4209/4209/4209
f 4152/4152/4152 4209/4209/4209 4208/4208/4208
f 4153/4153/4153 4154/4154/4154 4210/4210/4210
f 4153/4153/4153 4210/4210/4210 4209/4209/4209
f 4154/4154/4154 4155/4155/4155 4211/4211/4211
f 4154/4154/4154 4211/4211/4211 4210/4210/4210
f 4155/4155/4155 4156/4156/4156 4212/4212/4212
f 4155/4155/4155 4212/4212/4212 4211/4211/4211
f 4156/4156/4156 4157/4157/4157 4213/4213/4213
f 4156/4156/4156 4213/4213/4213 4212/4212/4212
f 4157/4157/4157 4158/4158/4158 4214/4214/4214
f 4157/4157/4157 4214/4214/4214 4213/4213/4213
f 4158/4158/4158 4159/4159/4159 4215/4215/4215
f 4158/4158/4158 4215/4215/4215 4214/4214/4214
f 4159/4159/4159 4160/4160/4160 4216/4216/4216
f 4159/4159/4159 4216/4216/4216 4215/4215/4215
f 4160/4160/4160 4161/4161/4161 4217/4217/4217
f 4160/4160/4160 4217/4217/4217 4216/4216/4216
f 4161/4161/4161 4162/4162/4162 4218/4218/4218
f 4161/4161/4161 4218/4218/4218 4217/4217/4217
f 4162/4162/4162 4163/4163/4163 4219/4219/4219
f 4162/4162/4162 4219/4219/4219 4218/4218/4218
f 4163/4163/4163 4164/4164/4164 4220/4220/4220
f 4163/4163/4163 4220/4220/4220 4219/4219/4219
f 4164/4164/4164 4165/4165/4165 4221/4221/4221
f 4164/4164/4164 4221/4221/4221 4220/4220/4220
f 4165/4165/4165 4166/4166/4166 4222/4222/4222
f 4165/4165/4165 4222/4222/4222 4221/4221/4221
f 4166/4166/4166 4167/4167/4167 4223/4223/4223
f 4166/4166/4166 4223/4223/4223 4222/4222/4222
f 4167/4167/4167 4168/4168/4168 4224/4224/4224
f 4167/4167/4167 4224/4224/4224 4223/4223/4223
f 4168/4168/4168 4169/4169/4169 4225/4225/4225
f 4168/4168/4168 4225/4225/4225 4224/4224/4224
f 4169/4169/4169 4170/4170/4170 4226/4226/4226
f 4169/4169/4169 4226/4226/4226 4225/4225/4225
f 4170/4170/4170 4171/4171/4171 4227/4227/4227
f 4170/4170/4170 4227/4227/4227 4226/4226/4226
f 4171/4171/4171 4172/4172/4172 4228/4228/4228
f 4171/4171/4171 4228/4228/4228 4227/4227/4227
f 4172/4172/4172 4173/4173/4173 4229/4229/4229
f 4172/4172/4172 4229/4229/4229 4228/4228/4228
f 4173/4173/4173 4174/4174/4174 4230/4230/4230
f 4173/4173/4173 4230/4230/4230 4229/4229/4229
f 4174/4174/4174 4175/4175/4175 4231/4231/4231
f 4174/4174/4174 4231/4231/4231 4230/4230/4230
f 4175/4175/4175 4176/4176/4176 4232/4232/4232
f 4175/4175/4175 4232/4232/4232 4231/4231/4231
f 4176/4176/4176 4177/4177/4177 4233/4233/4233
f 4176/4176/4176 4233/4233/4233 4232/4232/4232
f 4177/4177/4177 4178/4178/4178 4234/4234/4234
f 4177/4177/4177 4234/4234/4234 4233/4233/4233
f 4178/4178/4178 4179/4179/4179 4235/4235/4235
f 4178/4178/4178 4235/4235/4235 4234/4234/4234
f 4179/4179/4179 4180/4180/4180 4236/4236/4236
f 4179/4179/4179 4236/4236/4236 4235/4235/4235
f 4180/4180/4180 4181/4181/4181 4237/4237/4237
f 4180/4180/4180 4237/4237/4237 4236/4236/4236
f 4181/4181/4181 4182/4182/4182 4238/4238/4238
f 4181/4181/4181 4238/4238/4238 4237/4237/4237
f 4182/4182/4182 4183/4183/4183 4239/4239/4239
f 4182/4182/4182 4239/4239/4239 4238/4238/4238
f 4183/4183/4183 4184/4184/4184 4240/4240/4240
f 4183/4183/4183 4240/4240/4240 4239/4239/4239
f 4184/4184/4184 4185/4185/4185 4241/4241/4241
f 4184/4184/4184 4241/4241/4241 4240/4240/4240
f 4185/4185/4185 4186/4186/4186 4242/4242/4242
f 4185/4185/4185 4242/4242/4242 4241/4241/4241
f 4186/4186/4186 4187/4187/4187 4243/4243/4243
f 4186/4186/4186 4243/4243/4243 4242/4242/4242
f 4187/4187/4187 4188/4188/4188 4244/4244/4244
f 4187/4187/4187 4244/4244/4244 4243/4243/4243
f 4188/4188/4188 4189/4189/4189 4245/4245/4245
f 4188/4188/4188 4245/4245/4245 4244/4244/4244
f 4189/4189/4189 4190/4190/4190 4246/4246/4246
f 4189/4189/4189 4246/4246/4246 4245/4245/4245
f 4190/4190/4190 4191/4191/4191 4247/4247/4247
f 4190/4190/4190 4247/4247/4247 4246/4246/4246
f 4191/4191/4191 4192/4192/4192 4248/4248/4248
f 4191/4191/4191 4248/4248/4248 4247/4247/4247
f 4192/4192/4192 4193/4193/4193 4249/4249/4249
f 4192/4192/4192 4249/4249/4249 4248/4248/4248
f 4193/4193/4193 4194/4194/4194 4250/4250/4250
f 4193/4193/4193 4250/4250/4250 4249/4249/4249
f 4194/4194/4194 4195/4195/4195 4251/4251/4251
f 4194/4194/4194 4251/4251/4251 4250/4250/4250
f 4195/4195/4195 4196/4196/4196 4252/4252/4252
f 4195/4195/4195 4252/4252/4252 4251/4251/4251
f 4196/4196/4196 4197/4197/4197 4253/4253/4253
f 4196/4196/4196 4253/4253/4253 4252/4252/4252
f 4197/4197/4197 4198/4198/4198 4254/4254/4254
f 4197/4197/4197 4254/4254/4254 4253/4253/4253
f 4198/4198/4198 4199/4199/4199 4255/4255/4255
f 4198/4198/4198 4255/4255/4255 4254/4254/4254
f 4199/4199/4199 4200/4200/4200 4256/4256/4256
f 4199/4199/4199 4256/4256/4256 4255/4255/4255
f 4200/4200/4200 4145/4145/4145 4201/4201/4201
f 4200/4200/4200 4201/4201/4201 4256/4256/4256
f 4201/4201/4201 4202/4202/4202 4258/4258/4258
f 4201/4201/4201 4258/4258/4258 4257/4257/4257
f 4202/4202/4202 4203/4203/4203 4259/4259/4259
f 4202/4202/4202 4259/4259/4259 4258/4258/4258
f 4203/4203/4203 4204/4204/4204 4260/4260/4260
f 4203/4203/4203 4260/4260/4260 4259/4259/4259
f 4204/4204/4204 4205/4205/4205 4261/4261/4261
f 4204/4204/4204 4261/4261/4261 4260/4260/4260
f 4205/4205/4205 4206/4206/4206 4262/4262/4262
f 4205/4205/4205 4262/4262/4262 4261/4261/4261
f 4206/4206/4206 4207/4207/4207 4263/4263/4263
f 4206/4206/4206 4263/4263/4263 4262/4262/4262
f 4207/4207/4207 4208/4208/4208 4264/4264/4264
f 4207/4207/4207 4264/4264/4264 4263/4263/4263
f 4208/4208/4208 4209/4209/4209 4265/4265/4265
f 4208/4208/4208 4265/4265/4265 4264/4264/4264
f 4209/4209/4209 4210/4210/4210 4266/4266/4266
f 4209/4209/4209 4266/4266/4266 4265/4265/4265
f 4210/4210/4210 4211/4211/4211 4267/4267/4267
f 4210/4210/4210 4267/4267/4267 4266/4266/4266
f 4211/4211/4211 4212/4212/4212 4268/4268/4268
f 4211/4211/4211 4268/4268/4268 4267/4267/4267
f 4212/4212/4212 4213/4213/4213 4269/4269/4269
f 4212/4212/4212 4269/4269/4269 4268/4268/4268
f 4213/4213/4213 4214/4214/4214 4270/4270/4270
f 4213/4213/4213 4270/4270/4270 4269/4269/4269
f 4214/4214/4214 4215/4215/4215 4271/4271/4271
f 4214/4214/4214 4271/4271/4271 4270/4270/4270
f 4215/4215/4215 4216/4216/4216 4272/4272/4272
f 4215/4215/4215 4272/4272/4272 4271/4271/4271
f 4216/4216/4216 4217/4217/4217 4273/4273/4273
f 4216/4216/4216 4273/4273/4273 4272/4272/4272
f 4217/4217/4217 4218/4218/4218 4274/4274/4274
f 4217/4217/4217 4274/4274/4274 4273/4273/4273
f 4218/4218/4218 4219/4219/4219 4275/4275/4275
f 4218/4218/4218 4275/4275/4275 4274/4274/4274
f 4219/4219/4219 4220/4220/4220 4276/4276/4276
f 4219/4219/4219 4276/4276/4276 4275/4275/4275
f 4220/4220/4220 4221/4221/4221 4277/4277/4277
f 4220/4220/4220 4277/4277/4277 4276/4276/4276
f 4221/4221/4221 4222/4222/4222 4278/4278/4278
f 4221/4221/4221 4278/4278/4278 4277/4277/4277
f 4222/4222/4222 4223/4223/4223 4279/4279/4279
f 4222/4222/4222 4279/4279/4279 4278/4278/4278
f 4223/4223/4223 4224/4224/4224 4280/4280/4280
f 4223/4223/4223 4280/4280/4280 4279/4279/4279
f 4224/4224/4224 4225/4225/4225 4281/4281/4281
f 4224/4224/4224 4281/4281/4281 4280/4280/4280
f 4225/4225/4225 4226/4226/4226 4282/4282/4282
f 4225/4225/4225 4282/4282/4282 4281/4281/4281
f 4226/4226/4226 4227/4227/4227 4283/4283/4283
f 4226/4226/4226 4283/4283/4283 4282/4282/4282
f 4227/4227/4227 4228/4228/4228 4284/4284/4284
f 4227/4227/4227 4284/4284/4284 4283/4283/4283
f 4228/4228/4228 4229/4229/4229 4285/4285/4285
f 4228/4228/4228 4285/4285/4285 4284/4284/4284
f 4229/4229/4229 4230/4230/4230 4286/4286/4286
f 4229/4229/4229 4286/4286/4286 4285/4285/4285
f 4230/4230/4230 4231/4231/4231 4287/4287/4287
f 4230/4230/4230 4287/4287/4287 4286/4286/4286
f 4231/4231/4231 4232/4232/4232 4288/4288/4288
f 4231/4231/4231 4288/4288/4288 4287/4287/4287
f 4232/4232/4232 4233/4233/4233 4289/4289/4289
f 4232/4232/4232 4289/4289/4289 4288/4288/4288
f 4233/4233/4233 4234/4234/4234 4290/4290/4290
f 4233/4233/4233 4290/4290/4290 4289/4289/4289
f 4234/4234/4234 4235/4235/4235 4291/4291/4291
f 4234/4234/4234 4291/4291/4291 4290/4290/4290
f 4235/4235/4235 4236/4236/4236 4292/4292/4292
f 4235/4235/4235 4292/4292/4292 4291/4291/4291
f 4236/4236/4236 4237/4237/4237 4293/4293/4293
f 4236/4236/4236 4293/4293/4293 4292/4292/4292
f 4237/4237/4237 4238/4238/4238 4294/4294/4294
f 4237/4237/4237 4294/4294/4294 4293/4293/4293
f 4238/4238/4238 4239/4239/4239 4295/4295/4295
f 4238/4238/4238 4295/4295/4295 4294/4294/4294
f 4239/4239/4239 4240/4240/4240 4296/4296/4296
f 4239/4239/4239 4296/4296/4296 4295/4295/4295
f 4240/4240/4240 4241/4241/4241 4297/4297/4297
f 4240/4240/4240 4297/4297/4297 4296/4296/4296
f 4241/4241/4241 4242/4242/4242 4298/4298/4298
f 4241/4241/4241 4298/4298/4298 4297/4297/4297
f 4242/4242/4242 4243/4243/4243 4299/4299/4299
f 4242/4242/4242 4299/4299/4299 4298/4298/4298
f 4243/4243/4243 4244/4244/4244 4300/4300/4300
f 4243/4243/4243 4300/4300/4300 4299/4299/4299
f 4244/4244/4244 4245/4245/4245 4301/4301/4301
f 4244/4244/4244 4301/4301/4301 4300/4300/4300
f 4245/4245/4245 4246/4246/4246 4302/4302/4302
f 4245/4245/4245 4302/4302/4302 4301/4301/4301
f 4246/4246/4246 4247/4247/4247 4303/4303/4303
f 4246/4246/4246 4303/4303/4303 4302/4302/4302
f 4247/4247/4247 4248/4248/4248 4304/4304/4304
f 4247/4247/4247 4304/4304/4304 4303/4303/4303
f 4248/4248/4248 4249/4249/4249 4305/4305/4305
f 4248/4248/4248 4305/4305/4305 4304/4304/4304
f 4249/4249/4249 4250/4250/4250 4306/4306/4306
f 4249/4249/4249 4306/4306/4306 4305/4305/4305
f 4250/4250/4250 4251/4251/4251 4307/4307/4307
f 4250/4250/4250 4307/4307/4307 4306/4306/4306
f 4251/4251/4251 4252/4252/4252 4308/4308/4308
f 4251/4251/4251 4308/4308/4308 4307/4307/4307
f 4252/4252/4252 4253/4253/4253 4309/4309/4309
f 4252/4252/4252 4309/4309/4309 4308/4308/4308
f 4253/4253/4253 4254/4254/4254 4310/4310/4310
f 4253/4253/4253 4310/4310/4310 4309/4309/4309
f 4254/4254/4254 4255/4255/4255 4311/4311/4311
f 4254/4254/4254 4311/4311/4311 4310/4310/4310
f 4255/4255/4255 4256/4256/4256 4312/4312/4312
f 4255/4255/4255 4312/4312/4312 4311/4311/4311
f 4256/4256/4256 4201/4201/4201 4257/4257/4257
f 4256/4256/4256 4257/4257/4257 4312/4312/4312
f 4257/4257/4257 4258/4258/4258 4314/4314/4314
f 4257/4257/4257 4314/4314/4314 4313/4313/4313
f 4258/4258/4258 4259/4259/4259 4315/4315/4315
f 4258/4258/4258 4315/4315/4315 4314/4314/4314
f 4259/4259/4259 4260/4260/4260 4316/4316/4316
f 4259/4259/4259 4316/4316/4316 4315/4315/4315
f 4260/4260/4260 4261/4261/4261 4317/4317/4317
f 4260/4260/4260 4317/4317/4317 4316/4316/4316
f 4261/4261/4261 4262/4262/4262 4318/4318/4318
f 4261/4261/4261 4318/4318/4318 4317/4317/4317
f 4262/4262/4262 4263/4263/4263 4319/4319/4319
f 4262/4262/4262 4319/4319/4319 4318/4318/4318
f 4263/4263/4263 4264/4264/4264 4320/4320/4320
f 4263/4263/4263 4320/4320/4320 4319/4319/4319
f 4264/4264/4264 4265/4265/4265 4321/4321/4321
f 4264/4264/4264 4321/4321/4321 4320/4320/4320
f 4265/4265/4265 4266/4266/4266 4322/4322/4322
f 4265/4265/4265 4322/4322/4322 4321/4321/4321
f 4266/4266/4266 4267/4267/4267 4323/4323/4323
f 4266/4266/4266 4323/4323/4323 4322/4322/4322
f 4267/4267/4267 4268/4268/4268 4324/4324/4324
f 4267/4267/4267 4324/4324/4324 4323/4323/4323
f 4268/4268/4268 4269/4269/4269 4325/4325/4325
f 4268/4268/4268 4325/4325/4325 4324/4324/4324
f 4269/4269/4269 4270/4270/4270 4326/4326/4326
f 4269/4269/4269 4326/4326/4326 4325/4325/4325
f 4270/4270/4270 4271/4271/4271 4327/4327/4327
f 4270/4270/4270 4327/4327/4327 4326/4326/4326
f 4271/4271/4271 4272/4272/4272 4328/4328/4328
f 4271/4271/4271 4328/4328/4328 4327/4327/4327
f 4272/4272/4272 4273/4273/4273 4329/4329/4329
f 4272/4272/4272 4329/4329/4329 4328/4328/4328
f 4273/4273/4273 4274/4274/4274 4330/4330/4330
f 4273/4273/4273 4330/4330/4330 4329/4329/4329
f 4274/4274/4274 4275/4275/4275 4331/4331/4331
f 4274/4274/4274 4331/4331/4331 4330/4330/4330
f 4275/4275/4275 4276/4276/4276 4332/4332/4332
f 4275/4275/4275 4332/4332/4332 4331/4331/4331
f 4276/4276/4276 4277/4277/4277 4333/4333/4333
f 4276/4276/4276 4333/4333/4333 4332/4332/4332
f 4277/4277/4277 4278/4278/4278 4334/4334/4334
f 4277/4277/4277 4334/4334/4334 4333/4333/4333
f 4278/4278/4278 4279/4279/4279 4335/4335/4335
f 4278/4278/4278 4335/4335/4335 4334/4334/4334
f 4279/4279/4279 4280/4280/4280 4336/4336/4336
f 4279/4279/4279 4336/4336/4336 4335/4335/4335
f 4280/4280/4280 4281/4281/4281 4337/4337/4337
f 4280/4280/4280 4337/4337/4337 4336/4336/4336
f 4281/4281/4281 4282/4282/4282 4338/4338/4338
f 4281/4281/4281 4338/4338/4338 4337/4337/4337
f 4282/4282/4282 4283/4283/4283 4339/4339/4339
f 4282/4282/4282 4339/4339/4339 4338/4338/4338
f 4283/4283/4283 4284/4284/4284 4340/4340/4340
f 4283/4283/4283 4340/4340/4340 4339/4339/4339
f 4284/4284/4284 4285/4285/4285 4341/4341/4341
f 4284/4284/4284 4341/4341/4341 4340/4340/4340
f 4285/4285/4285 4286/4286/4286 4342/4342/4342
f 4285/4285/4285 4342/4342/4342 4341/4341/4341
f 4286/4286/4286 4287/4287/4287 4343/4343/4343
f 4286/4286/4286 4343/4343/4343 4342/4342/4342
f 4287/4287/4287 4288/4288/4288 4344/4344/4344
f 4287/4287/4287 4344/4344/4344 4343/4343/4343
f 4288/4288/4288 4289/4289/4289 4345/4345/4345
f 4288/4288/4288 4345/4345/4345 4344/4344/4344
f 4289/4289/4289 4290/4290/4290 4346/4346/4346
f 4289/4289/4289 4346/4346/4346 4345/4345/4345
f 4290/4290/4290 4291/4291/4291 4347/4347/4347
f 4290/4290/4290 4347/4347/4347 4346/4346/4346
f 4291/4291/4291 4292/4292/4292 4348/4348/4348
f 4291/4291/4291 4348/4348/4348 4347/4347/4347
f 4292/4292/4292 4293/4293/4293 4349/4349/4349
f 4292/4292/4292 4349/4349/4349 4348/4348/4348
f 4293/4293/4293 4294/4294/4294 4350/4350/4350
f 4293/4293/4293 4350/4350/4350 4349/4349/4349
f 4294/4294/4294 4295/4295/4295 4351/4351/4351
f 4294/4294/4294 4351/4351/4351 4350/4350/4350
f 4295/4295/4295 4296/4296/4296 4352/4352/4352
f 4295/4295/4295 4352/4352/4352 4351/4351/4351
f 4296/4296/4296 4297/4297/4297 4353/4353/4353
f 4296/4296/4296 4353/4353/4353 4352/4352/4352
f 4297/4297/4297 4298/4298/4298 4354/4354/4354
f 4297/4297/4297 4354/4354/4354 4353/4353/4353
f 4298/4298/4298 4299/4299/4299 4355/4355/4355
f 4298/4298/4298 4355/4355/4355 4354/4354/4354
f 4299/4299/4299 4300/4300/4300 4356/4356/4356
f 4299/4299/4299 4356/4356/4356 4355/4355/4355
f 4300/4300/4300 4301/4301/4301 4357/4357/4357
f 4300/4300/4300 4357/4357/4357 4356/4356/4356
f 4301/4301/4301 4302/4302/4302 4358/4358/4358
f 4301/4301/4301 4358/4358/4358 4357/4357/4357
f 4302/4302/4302 4303/4303/4303 4359/4359/4359
f 4302/4302/4302 4359/4359/4359 4358/4358/4358
f 4303/4303/4303 4304/4304/4304 4360/4360/4360
f 4303/4303/4303 4360/4360/4360 4359/4359/4359
f 4304/4304/4304 4305/4305/4305 4361/4361/4361
f 4304/4304/4304 4361/4361/4361 4360/4360/4360
f 4305/4305/4305 4306/4306/4306 4362/4362/4362
f 4305/4305/4305 4362/4362/4362 4361/4361/4361
f 4306/4306/4306 4307/4307/4307 4363/4363/4363
f 4306/4306/4306 4363/4363/4363 4362/4362/4362
f 4307/4307/4307 4308/4308/4308 4364/4364/4364
f 4307/4307/4307 4364/4364/4364 4363/4363/4363
f 4308/4308/4308 4309/4309/4309 4365/4365/4365
f 4308/4308/4308 4365/4365/4365 4364/4364/4364
f 4309/4309/4309 4310/4310/4310 4366/4366/4366
f 4309/4309/4309 4366/4366/4366 4365/4365/4365
f 4310/4310/4310 4311/4311/4311 4367/4367/4367
f 4310/4310/4310 4367/4367/4367 4366/4366/4366
f 4311/4311/4311 4312/4312/4312 4368/4368/4368
f 4311/4311/4311 4368/4368/4368 4367/4367/4367
f 4312/4312/4312 4257/4257/4257 4313/4313/4313
f 4312/4312/4312 4313/4313/4313 4368/4368/4368
f 4313/4313/4313 4314/4314/4314 4370/4370/4370
f 4313/4313/4313 4370/4370/4370 4369/4369/4369
f 4314/4314/4314 4315/4315/4315 4371/4371/4371
f 4314/4314/4314 4371/4371/4371 4370/4370/4370
f 4315/4315/4315 4316/4316/4316 4372/4372/4372
f 4315/4315/4315 4372/4372/4372 4371/4371/4371
f 4316/4316/4316 4317/4317/4317 4373/4373/4373
f 4316/4316/4316 4373/4373/4373 4372/4372/4372
f 4317/4317/4317 4318/4318/4318 4374/4374/4374
f 4317/4317/4317 4374/4374/4374 4373/4373/4373
f 4318/4318/4318 4319/4319/4319 4375/4375/4375
f 4318/4318/4318 4375/4375/4375 4374/4374/4374
f 4319/4319/4319 4320/4320/4320 4376/4376/4376
f 4319/4319/4319 4376/4376/4376 4375/4375/4375
f 4320/4320/4320 4321/4321/4321 4377/4377/4377
f 4320/4320/4320 4377/4377/4377 4376/4376/4376
f 4321/4321/4321 4322/4322/4322 4378/4378/4378
f 4321/4321/4321 4378/4378/4378 4377/4377/4377
f 4322/4322/4322 4323/4323/4323 4379/4379/4379
f 4322/4322/4322 4379/4379/4379 4378/4378/4378
f 4323/4323/4323 4324/4324/4324 4380/4380/4380
f 4323/4323/4323 4380/4380/4380 4379/4379/4379
f 4324/4324/4324 4325/4325/4325 4381/4381/4381
f 4324/4324/4324 4381/4381/4381 4380/4380/4380
f 4325/4325/4325 4326/4326/4326 4382/4382/4382
f 4325/4325/4325 4382/4382/4382 4381/4381/4381
f 4326/4326/4326 4327/4327/4327 4383/4383/4383
f 4326/4326/4326 4383/4383/4383 4382/4382/4382
f 4327/4327/4327 4328/4328/4328 4384/4384/4384
f 4327/4327/4327 4384/4384/4384 4383/4383/4383
f 4328/4328/4328 4329/4329/4329 4385/4385/4385
f 4328/4328/4328 4385/4385/4385 4384/4384/4384
f 4329/4329/4329 4330/4330/4330 4386/4386/4386
f 4329/4329/4329 4386/4386/4386 4385/4385/4385
f 4330/4330/4330 4331/4331/4331 4387/4387/4387
f 4330/4330/4330 4387/4387/4387 4386/4386/4386
f 4331/4331/4331 4332/4332/4332 4388/4388/4388
f 4331/4331/4331 4388/4388/4388 4387/4387/4387
f 4332/4332/4332 4333/4333/4333 4389/4389/4389
f 4332/4332/4332 4389/4389/4389 4388/4388/4388
f 4333/4333/4333 4334/4334/4334 4390/4390/4390
f 4333/4333/4333 4390/4390/4390 4389/4389/4389
f 4334/4334/4334 4335/4335/4335 4391/4391/4391
f 4334/4334/4334 4391/4391/4391 4390/4390/4390
f 4335/4335/4335 4336/4336/4336 4392/4392/4392
f 4335/4335/4335 4392/4392/4392 4391/4391/4391
f 4336/4336/4336 4337/4337/4337 4393/4393/4393
f 4336/4336/4336 4393/4393/4393 4392/4392/4392
f 4337/4337/4337 4338/4338/4338 4394/4394/4394
f 4337/4337/4337 4394/4394/4394 4393/4393/4393
f 4338/4338/4338 4339/4339/4339 4395/4395/4395
f 4338/4338/4338 4395/4395/4395 4394/4394/4394
f 4339/4339/4339 4340/4340/4340 4396/4396/4396
f 4339/4339/4339 4396/4396/4396 4395/4395/4395
f 4340/4340/4340 4341/4341/4341 4397/4397/4397
f 4340/4340/4340 4397/4397/4397 4396/4396/4396
f 4341/4341/4341 4342/4342/4342 4398/4398/4398
f 4341/4341/4341 4398/4398/4398 4397/4397/4397
f 4342/4342/4342 4343/4343/4343 4399/4399/4399
f 4342/4342/4342 4399/4399/4399 4398/4398/4398
f 4343/4343/4343 4344/4344/4344 4400/4400/4400
f 4343/4343/4343 4400/4400/4400 4399/4399/4399
f 4344/4344/4344 4345/4345/4345 4401/4401/4401
f 4344/4344/4344 4401/4401/4401 4400/4400/4400
f 4345/4345/4345 4346/4346/4346 4402/4402/4402
f 4345/4345/4345 4402/4402/4402 4401/4401/4401
f 4346/4346/4346 4347/4347/4347 4403/4403/4403
f 4346/4346/4346 4403/4403/4403 4402/4402/4402
f 4347/4347/4347 4348/4348/4348 4404/4404/4404
f 4347/4347/4347 4404/4404/4404 4403/4403/4403
f 4348/4348/4348 4349/4349/4349 4405/4405/4405
f 4348/4348/4348 4405/4405/4405 4404/4404/4404
f 4349/4349/4349 4350/4350/4350 4406/4406/4406
f 4349/4349/4349 4406/4406/4406 4405/4405/4405
f 4350/4350/4350 4351/4351/4351 4407/4407/4407
f 4350/4350/4350 4407/4407/4407 4406/4406/4406
f 4351/4351/4351 4352/4352/4352 4408/4408/4408
f 4351/4351/4351 4408/4408/4408 4407/4407/4407
f 4352/4352/4352 4353/4353/4353 4409/4409/4409
f 4352/4352/4352 4409/4409/4409 4408/4408/4408
f 4353/4353/4353 4354/4354/4354 4410/4410/4410
f 4353/4353/4353 4410/4410/4410 4409/4409/4409
f 4354/4354/4354 4355/4355/4355 4411/4411/4411
f 4354/4354/4354 4411/4411/4411 4410/4410/4410
f 4355/4355/4355 4356/4356/4356 4412/4412/4412
f 4355/4355/4355 4412/4412/4412 4411/4411/4411
f 4356/4356/4356 4357/4357/4357 4413/4413/4413
f 4356/4356/4356 4413/4413/4413 4412/4412/4412
f 4357/4357/4357 4358/4358/4358 4414/4414/4414
f 4357/4357/4357 4414/4414/4414 4413/4413/4413
f 4358/4358/4358 4359/4359/4359 4415/4415/4415
f 4358/4358/4358 4415/4415/4415 4414/4414/4414
f 4359/4359/4359 4360/4360/4360 4416/4416/4416
f 4359/4359/4359 4416/4416/4416 4415/4415/4415
f 4360/4360/4360 4361/4361/4361 4417/4417/4417
f 4360/4360/4360 4417/4417/4417 4416/4416/4416
f 4361/4361/4361 4362/4362/4362 4418/4418/4418
f 4361/4361/4361 4418/4418/4418 4417/4417/4417
f 4362/4362/4362 4363/4363/4363 4419/4419/4419
f 4362/4362/4362 4419/4419/4419 4418/4418/4418
f 4363/4363/4363 4364/4364/4364 4420/4420/4420
f 4363/4363/4363 4420/4420/4420 4419/4419/4419
f 4364/4364/4364 4365/4365/4365 4421/4421/4421
f 4364/4364/4364 4421/4421/4421 4420/4420/4420
f 4365/4365/4365 4366/4366/4366 4422/4422/4422
f 4365/4365/4365 4422/4422/4422 4421/4421/4421
f 4366/4366/4366 4367/4367/4367 4423/4423/4423
f 4366/4366/4366 4423/4423/4423 4422/4422/4422
f 4367/4367/4367 4368/4368/4368 4424/4424/4424
f 4367/4367/4367 4424/4424/4424 4423/4423/4423
f 4368/4368/4368 4313/4313/4313 4369/4369/4369
f 4368/4368/4368 4369/4369/4369 4424/4424/4424
f 4369/4369/4369 4370/4370/4370 4426/4426/4426
f 4369/4369/4369 4426/4426/4426 4425/4425/4425
f 4370/4370/4370 4371/4371/4371 4427/4427/4427
f 4370/4370/4370 4427/4427/4427 4426/4426/4426
f 4371/4371/4371 4372/4372/4372 4428/4428/4428
f 4371/4371/4371 4428/4428/4428 4427/4427/4427
f 4372/4372/4372 4373/4373/4373 4429/4429/4429
f 4372/4372/4372 4429/4429/4429 4428/4428/4428
f 4373/4373/4373 4374/4374/4374 4430/4430/4430
f 4373/4373/4373 4430/4430/4430 4429/4429/4429
f 4374/4374/4374 4375/4375/4375 4431/4431/4431
f 4374/4374/4374 4431/4431/4431 4430/4430/4430
f 4375/4375/4375 4376/4376/4376 4432/4432/4432
f 4375/4375/4375 4432/4432/4432 4431/4431/4431
f 4376/4376/4376 4377/4377/4377 4433/4433/4433
f 4376/4376/4376 4433/4433/4433 4432/4432/4432
f 4377/4377/4377 4378/4378/4378 4434/4434/4434
f 4377/4377/4377 4434/4434/4434 4433/4433/4433
f 4378/4378/4378 4379/4379/4379 4435/4435/4435
f 4378/4378/4378 4435/4435/4435 4434/4434/4434
f 4379/4379/4379 4380/4380/4380 4436/4436/4436
f 4379/4379/4379 4436/4436/4436 4435/4435/4435
f 4380/4380/4380 4381/4381/4381 4437/4437/4437
f 4380/4380/4380 4437/4437/4437 4436/4436/4436
f 4381/4381/4381 4382/4382/4382 4438/4438/4438
f 4381/4381/4381 4438/4438/4438 4437/4437/4437
f 4382/4382/4382 4383/4383/4383 4439/4439/4439
f 4382/4382/4382 4439/4439/4439 4438/4438/4438
f 4383/4383/4383 4384/4384/4384 4440/4440/4440
f 4383/4383/4383 4440/4440/4440 4439/4439/4439
f 4384/4384/4384 4385/4385/4385 4441/4441/4441
f 4384/4384/4384 4441/4441/4441 4440/4440/4440
f 4385/4385/4385 4386/4386/4386 4442/4442/4442
f 4385/4385/4385 4442/4442/4442 4441/4441/4441
f 4386/4386/4386 4387/4387/4387 4443/4443/4443
f 4386/4386/4386 4443/4443/4443 4442/4442/4442
f 4387/4387/4387 4388/4388/4388 4444/4444/4444
f 4387/4387/4387 4444/4444/4444 4443/4443/4443
f 4388/4388/4388 4389/4389/4389 4445/4445/4445
f 4388/4388/4388 4445/4445/4445 4444/4444/4444
f 4389/4389/4389 4390/4390/4390 4446/4446/4446
f 4389/4389/4389 4446/4446/4446 4445/4445/4445
f 4390/4390/4390 4391/4391/4391 4447/4447/4447
f 4390/4390/4390 4447/4447/4447 4446/4446/4446
f 4391/4391/4391 4392/4392/4392 4448/4448/4448
f 4391/4391/4391 4448/4448/4448 4447/4447/4447
f 4392/4392/4392 4393/4393/4393 4449/4449/4449
f 4392/4392/4392 4449/4449/4449 4448/4448/4448
f 4393/4393/4393 4394/4394/4394 4450/4450/4450
f 4393/4393/4393 4450/4450/4450 4449/4449/4449
f 4394/4394/4394 4395/4395/4395 4451/4451/4451
f 4394/4394/4394 4451/4451/4451 4450/4450/4450
f 4395/4395/4395 4396/4396/4396 4452/4452/4452
f 4395/4395/4395 4452/4452/4452 4451/4451/4451
f 4396/4396/4396 4397/4397/4397 4453/4453/4453
f 4396/4396/4396 4453/4453/4453 4452/4452/4452
f 4397/4397/4397 4398/4398/4398 4454/4454/4454
f 4397/4397/4397 4454/4454/4454 4453/4453/4453
f 4398/4398/4398 4399/4399/4399 4455/4455/4455
f 4398/4398/4398 4455/4455/4455 4454/4454/4454
f 4399/4399/4399 4400/4400/4400 4456/4456/4456
f 4399/4399/4399 4456/4456/4456 4455/4455/4455
f 4400/4400/4400 4401/4401/4401 4457/4457/4457
f 4400/4400/4400 4457/4457/4457 4456/4456/4456
f 4401/4401/4401 4402/4402/4402 4458/4458/4458
f 4401/4401/4401 4458/4458/4458 4457/4457/4457
f 4402/4402/4402 4403/4403/4403 4459/4459/4459
f 4402/4402/4402 4459/4459/4459 4458/4458/4458
f 4403/4403/4403 4404/4404/4404 4460/4460/4460
f 4403/4403/4403 4460/4460/4460 4459/4459/4459
f 4404/4404/4404 4405/4405/4405 4461/4461/4461
f 4404/4404/4404 4461/4461/4461 4460/4460/4460
f 4405/4405/4405 4406/4406/4406 4462/4462/4462
f 4405/4405/4405 4462/4462/4462 4461/4461/4461
f 4406/4406/4406 4407/4407/4407 4463/4463/4463
f 4406/4406/4406 4463/4463/4463 4462/4462/4462
f 4407/4407/4407 4408/4408/4408 4464/4464/4464
f 4407/4407/4407 4464/4464/4464 4463/4463/4463
f 4408/4408/4408 4409/4409/4409 4465/4465/4465
f 4408/4408/4408 4465/4465/4465 4464/4464/4464
f 4409/4409/4409 4410/4410/4410 4466/4466/4466
f 4409/4409/4409 4466/4466/4466 4465/4465/4465
f 4410/4410/4410 4411/4411/4411 4467/4467/4467
f 4410/4410/4410 4467/4467/4467 4466/4466/4466
f 4411/4411/4411 4412/4412/4412 4468/4468/4468
f 4411/4411/4411 4468/4468/4468 4467/4467/4467
f 4412/4412/4412 4413/4413/4413 4469/4469/4469
f 4412/4412/4412 4469/4469/4469 4468/4468/4468
f 4413/4413/4413 4414/4414/4414 4470/4470/4470
f 4413/4413/4413 4470/4470/4470 4469/4469/4469
f 4414/4414/4414 4415/4415/4415 4471/4471/4471
f 4414/4414/4414 4471/4471/4471 4470/4470/4470
f 4415/4415/4415 4416/4416/4416 4472/4472/4472
f 4415/4415/4415 4472/4472/4472 4471/4471/4471
f 4416/4416/4416 4417/4417/4417 4473/4473/4473
f 4416/4416/4416 4473/4473/4473 4472/4472/4472
f 4417/4417/4417 4418/4418/4418 4474/4474/4474
f 4417/4417/4417 4474/4474/4474 4473/4473/4473
f 4418/4418/4418 4419/4419/4419 4475/4475/4475
f 4418/4418/4418 4475/4475/4475 4474/4474/4474
f 4419/4419/4419 4420/4420/4420 4476/4476/4476
f 4419/4419/4419 4476/4476/4476 4475/4475/4475
f 4420/4420/4420 4421/4421/4421 4477/4477/4477
f 4420/4420/4420 4477/4477/4477 4476/4476/4476
f 4421/4421/4421 4422/4422/4422 4478/4478/4478
f 4421/4421/4421 4478/4478/4478 4477/4477/4477
f 4422/4422/4422 4423/4423/4423 4479/4479/4479
f 4422/4422/4422 4479/4479/4479 4478/4478/4478
f 4423/4423/4423 4424/4424/4424 4480/4480/4480
f 4423/4423/4423 4480/4480/4480 4479/4479/4479
f 4424/4424/4424 4369/4369/4369 4425/4425/4425
f 4424/4424/4424 4425/4425/4425 4480/4480/4480
f 4425/4425/4425 4426/4426/4426 4482/4482/4482
f 4425/4425/4425 4482/4482/4482 4481/4481/4481
f 4426/4426/4426 4427/4427/4427 4483/4483/4483
f 4426/4426/4426 4483/4483/4483 4482/4482/4482
f 4427/4427/4427 4428/4428/4428 4484/4484/4484
f 4427/4427/4427 4484/4484/4484 4483/4483/4483
f 4428/4428/4428 4429/4429/4429 4485/4485/4485
f 4428/4428/4428 4485/4485/4485 4484/4484/4484
f 4429/4429/4429 4430/4430/4430 4486/4486/4486
f 4429/4429/4429 4486/4486/4486 4485/4485/4485
f 4430/4430/4430 4431/4431/4431 4487/4487/4487
f 4430/4430/4430 4487/4487/4487 4486/4486/4486
f 4431/4431/4431 4432/4432/4432 4488/4488/4488
f 4431/4431/4431 4488/4488/4488 4487/4487/4487
f 4432/4432/4432 4433/4433/4433 4489/4489/4489
f 4432/4432/4432 4489/4489/4489 4488/4488/4488
f 4433/4433/4433 4434/4434/4434 4490/4490/4490
f 4433/4433/4433 4490/4490/4490 4489/4489/4489
f 4434/4434/4434 4435/4435/4435 4491/4491/4491
f 4434/4434/4434 4491/4491/4491 4490/4490/4490
f 4435/4435/4435 4436/4436/4436 4492/4492/4492
f 4435/4435/4435 4492/4492/4492 4491/4491/4491
f 4436/4436/4436 4437/4437/4437 4493/4493/4493
f 4436/4436/4436 4493/4493/4493 4492/4492/4492
f 4437/4437/4437 4438/4438/4438 4494/4494/4494
f 4437/4437/4437 4494/4494/4494 4493/4493/4493
f 4438/4438/4438 4439/4439/4439 4495/4495/4495
f 4438/4438/4438 4495/4495/4495 4494/4494/4494
f 4439/4439/4439 4440/4440/4440 4496/4496/4496
f 4439/4439/4439 4496/4496/4496 4495/4495/4495
f 4440/4440/4440 4441/4441/4441 4497/4497/4497
f 4440/4440/4440 4497/4497/4497 4496/4496/4496
f 4441/4441/4441 4442/4442/4442 4498/4498/4498
f 4441/4441/4441 4498/4498/4498 4497/4497/4497
f 4442/4442/4442 4443/4443/4443 4499/4499/4499
f 4442/4442/4442 4499/4499/4499 4498/4498/4498
f 4443/4443/4443 4444/4444/4444 4500/4500/4500
f 4443/4443/4443 4500/4500/4500 4499/4499/4499
f 4444/4444/4444 4445/4445/4445 4501/4501/4501
f 4444/4444/4444 4501/4501/4501 4500/4500/4500
f 4445/4445/4445 4446/4446/4446 4502/4502/4502
f 4445/4445/4445 4502/4502/4502 4501/4501/4501
f 4446/4446/4446 4447/4447/4447 4503/4503/4503
f 4446/4446/4446 4503/4503/4503 4502/4502/4502
f 4447/4447/4447 4448/4448/4448 4504/4504/4504
f 4447/4447/4447 4504/4504/4504 4503/4503/4503
f 4448/4448/4448 4449/4449/4449 4505/4505/4505
f 4448/4448/4448 4505/4505/4505 4504/4504/4504
f 4449/4449/4449 4450/4450/4450 4506/4506/4506
f 4449/4449/4449 4506/4506/4506 4505/4505/4505
f 4450/4450/4450 4451/4451/4451 4507/4507/4507
f 4450/4450/4450 4507/4507/4507 4506/4506/4506
f 4451/4451/4451 4452/4452/4452 4508/4508/4508
f 4451/4451/4451 4508/4508/4508 4507/4507/4507
f 4452/4452/4452 4453/4453/4453 4509/4509/4509
f 4452/4452/4452 4509/4509/4509 4508/4508/4508
f 4453/4453/4453 4454/4454/4454 4510/4510/4510
f 4453/4453/4453 4510/4510/4510 4509/4509/4509
f 4454/4454/4454 4455/4455/4455 4511/4511/4511
f 4454/4454/4454 4511/4511/4511 4510/4510/4510
f 4455/4455/4455 4456/4456/4456 4512/4512/4512
f 4455/4455/4455 4512/4512/4512 4511/4511/4511
f 4456/4456/4456 4457/4457/4457 4513/4513/4513
f 4456/4456/4456 4513/4513/4513 4512/4512/4512
f 4457/4457/4457 4458/4458/4458 4514/4514/4514
f 4457/4457/4457 4514/4514/4514 4513/4513/4513
f 4458/4458/4458 4459/4459/4459 4515/4515/4515
f 4458/4458/4458 4515/4515/4515 4514/4514/4514
f 4459/4459/4459 4460/4460/4460 4516/4516/4516
f 4459/4459/4459 4516/4516/4516 4515/4515/4515
f 4460/4460/4460 4461/4461/4461 4517/4517/4517
f 4460/4460/4460 4517/4517/4517 4516/4516/4516
f 4461/4461/4461 4462/4462/4462 4518/4518/4518
f 4461/4461/4461 4518/4518/4518 4517/4517/4517
f 4462/4462/4462 4463/4463/4463 4519/4519/4519
f 4462/4462/4462 4519/4519/4519 4518/4518/4518
f 4463/4463/4463 4464/4464/4464 4520/4520/4520
f 4463/4463/4463 4520/4520/4520 4519/4519/4519
f 4464/4464/4464 4465/4465/4465 4521/4521/4521
f 4464/4464/4464 4521/4521/4521 4520/4520/4520
f 4465/4465/4465 4466/4466/4466 4522/4522/4522
f 4465/4465/4465 4522/4522/4522 4521/4521/4521
f 4466/4466/4466 4467/4467/4467 4523/4523/4523
f 4466/4466/4466 4523/4523/4523 4522/4522/4522
f 4467/4467/4467 4468/4468/4468 4524/4524/4524
f 4467/4467/4467 4524/4524/4524 4523/4523/4523
f 4468/4468/4468 4469/4469/4469 4525/4525/4525
f 4468/4468/4468 4525/4525/4525 4524/4524/4524
f 4469/4469/4469 4470/4470/4470 4526/4526/4526
f 4469/4469/4469 4526/4526/4526 4525/4525/4525
f 4470/4470/4470 4471/4471/4471 4527/4527/4527
f 4470/4470/4470 4527/4527/4527 4526/4526/4526
f 4471/4471/4471 4472/4472/4472 4528/4528/4528
f 4471/4471/4471 4528/4528/4528 4527/4527/4527
f 4472/4472/4472 4473/4473/4473 4529/4529/4529
f 4472/4472/4472 4529/4529/4529 4528/4528/4528
f 4473/4473/4473 4474/4474/4474 4530/4530/4530
f 4473/4473/4473 4530/4530/4530 4529/4529/4529
f 4474/4474/4474 4475/4475/4475 4531/4531/4531
f 4474/4474/4474 4531/4531/4531 4530/4530/4530
f 4475/4475/4475 4476/4476/4476 4532/4532/4532
f 4475/4475/4475 4532/4532/4532 4531/4531/4531
f 4476/4476/4476 4477/4477/4477 4533/4533/4533
f 4476/4476/4476 4533/4533/4533 4532/4532/4532
f 4477/4477/4477 4478/4478/4478 4534/4534/4534
f 4477/4477/4477 4534/4534/4534 4533/4533/4533
f 4478/4478/4478 4479/4479/4479 4535/4535/4535
f 4478/4478/4478 4535/4535/4535 4534/4534/4534
f 4479/4479/4479 4480/4480/4480 4536/4536/4536
f 4479/4479/4479 4536/4536/4536 4535/4535/4535
f 4480/4480/4480 4425/4425/4425 4481/4481/4481
f 4480/4480/4480 4481/4481/4481 4536/4536/4536
f 4481/4481/4481 4482/4482/4482 4538/4538/4538
f 4481/4481/4481 4538/4538/4538 4537/4537/4537
f 4482/4482/4482 4483/4483/4483 4539/4539/4539
f 4482/4482/4482 4539/4539/4539 4538/4538/4538
f 4483/4483/4483 4484/4484/4484 4540/4540/4540
f 4483/4483/4483 4540/4540/4540 4539/4539/4539
f 4484/4484/4484 4485/4485/4485 4541/4541/4541
f 4484/4484/4484 4541/4541/4541 4540/4540/4540
f 4485/4485/4485 4486/4486/4486 4542/4542/4542
f 4485/4485/4485 4542/4542/4542 4541/4541/4541
f 4486/4486/4486 4487/4487/4487 4543/4543/4543
f 4486/4486/4486 4543/4543/4543 4542/4542/4542
f 4487/4487/4487 4488/4488/4488 4544/4544/4544
f 4487/4487/4487 4544/4544/4544 4543/4543/4543
f 4488/4488/4488 4489/4489/4489 4545/4545/4545
f 4488/4488/4488 4545/4545/4545 4544/4544/4544
f 4489/4489/4489 4490/4490/4490 4546/4546/4546
f 4489/4489/4489 4546/4546/4546 4545/4545/4545
f 4490/4490/4490 4491/4491/4491 4547/4547/4547
f 4490/4490/4490 4547/4547/4547 4546/4546/4546
f 4491/4491/4491 4492/4492/4492 4548/4548/4548
f 4491/4491/4491 4548/4548/4548 4547/4547/4547
f 4492/4492/4492 4493/4493/4493 4549/4549/4549
f 4492/4492/4492 4549/4549/4549 4548/4548/4548
f 4493/4493/4493 4494/4494/4494 4550/4550/4550
f 4493/4493/4493 4550/4550/4550 4549/4549/4549
f 4494/4494/4494 4495/4495/4495 4551/4551/4551
f 4494/4494/4494 4551/4551/4551 4550/4550/4550
f 4495/4495/4495 4496/4496/4496 4552/4552/4552
f 4495/4495/4495 4552/4552/4552 4551/4551/4551
f 4496/4496/4496 4497/4497/4497 4553/4553/4553
f 4496/4496/4496 4553/4553/4553 4552/4552/4552
f 4497/4497/4497 4498/4498/4498 4554/4554/4554
f 4497/4497/4497 4554/4554/4554 4553/4553/4553
f 4498/4498/4498 4499/4499/4499 4555/4555/4555
f 4498/4498/4498 4555/4555/4555 4554/4554/4554
f 4499/4499/4499 4500/4500/4500 4556/4556/4556
f 4499/4499/4499 4556/4556/4556 4555/4555/4555
f 4500/4500/4500 4501/4501/4501 4557/4557/4557
f 4500/4500/4500 4557/4557/4557 4556/4556/4556
f 4501/4501/4501 4502/4502/4502 4558/4558/4558
f 4501/4501/4501 4558/4558/4558 4557/4557/4557
f 4502/4502/4502 4503/4503/4503 4559/4559/4559
f 4502/4502/4502 4559/4559/4559 4558/4558/4558
f 4503/4503/4503 4504/4504/4504 4560/4560/4560
f 4503/4503/4503 4560/4560/4560 4559/4559/4559
f 4504/4504/4504 4505/4505/4505 4561/4561/4561
f 4504/4504/4504 4561/4561/4561 4560/4560/4560
f 4505/4505/4505 4506/4506/4506 4562/4562/4562
f 4505/4505/4505 4562/4562/4562 4561/4561/4561
f 4506/4506/4506 4507/4507/4507 4563/4563/4563
f 4506/4506/4506 4563/4563/4563 4562/4562/4562
f 4507/4507/4507 4508/4508/4508 4564/4564/4564
f 4507/4507/4507 4564/4564/4564 4563/4563/4563
f 4508/4508/4508 4509/4509/4509 4565/4565/4565
f 4508/4508/4508 4565/4565/4565 4564/4564/4564
f 4509/4509/4509 4510/4510/4510 4566/4566/4566
f 4509/4509/4509 4566/4566/4566 4565/4565/4565
f 4510/4510/4510 4511/4511/4511 4567/4567/4567
f 4510/4510/4510 4567/4567/4567 4566/4566/4566
f 4511/4511/4511 4512/4512/4512 4568/4568/4568
f 4511/4511/4511 4568/4568/4568 4567/4567/4567
f 4512/4512/4512 4513/4513/4513 4569/4569/4569
f 4512/4512/4512 4569/4569/4569 4568/4568/4568
f 4513/4513/4513 4514/4514/4514 4570/4570/4570
f 4513/4513/4513 4570/4570/4570 4569/4569/4569
f 4514/4514/4514 4515/4515/4515 4571/4571/4571
f 4514/4514/4514 4571/4571/4571 4570/4570/4570
f 4515/4515/4515 4516/4516/4516 4572/4572/4572
f 4515/4515/4515 4572/4572/4572 4571/4571/4571
f 4516/4516/4516 4517/4517/4517 4573/4573/4573
f 4516/4516/4516 4573/4573/4573 4572/4572/4572
f 4517/4517/4517 4518/4518/4518 4574/4574/4574
f 4517/4517/4517 4574/4574/4574 4573/4573/4573
f 4518/4518/4518 4519/4519/4519 4575/4575/4575
f 4518/4518/4518 4575/4575/4575 4574/4574/4574
f 4519/4519/4519 4520/4520/4520 4576/4576/4576
f 4519/4519/4519 4576/4576/4576 4575/4575/4575
f 4520/4520/4520 4521/4521/4521 4577/4577/4577
f 4520/4520/4520 4577/4577/4577 4576/4576/4576
f 4521/4521/4521 4522/4522/4522 4578/4578/4578
f 4521/4521/4521 4578/4578/4578 4577/4577/4577
f 4522/4522/4522 4523/4523/4523 4579/4579/4579
f 4522/4522/4522 4579/4579/4579 4578/4578/4578
f 4523/4523/4523 4524/4524/4524 4580/4580/4580
f 4523/4523/4523 4580/4580/4580 4579/4579/4579
f 4524/4524/4524 4525/4525/4525 4581/4581/4581
f 4524/4524/4524 4581/4581/4581 4580/4580/4580
f 4525/4525/4525 4526/4526/4526 4582/4582/4582
f 4525/4525/4525 4582/4582/4582 4581/4581/4581
f 4526/4526/4526 4527/4527/4527 4583/4583/4583
f 4526/4526/4526 4583/4583/4583 4582/4582/4582
f 4527/4527/4527 4528/4528/4528 4584/4584/4584
f 4527/4527/4527 4584/4584/4584 4583/4583/4583
f 4528/4528/4528 4529/4529/4529 4585/4585/4585
f 4528/4528/4528 4585/4585/4585 4584/4584/4584
f 4529/4529/4529 4530/4530/4530 4586/4586/4586
f 4529/4529/4529 4586/4586/4586 4585/4585/4585
f 4530/4530/4530 4531/4531/4531 4587/4587/4587
f 4530/4530/4530 4587/4587/4587 4586/4586/4586
f 4531/4531/4531 4532/4532/4532 4588/4588/4588
f 4531/4531/4531 4588/4588/4588 4587/4587/4587
f 4532/4532/4532 4533/4533/4533 4589/4589/4589
f 4532/4532/4532 4589/4589/4589 4588/4588/4588
f 4533/4533/4533 4534/4534/4534 4590/4590/4590
f 4533/4533/4533 4590/4590/4590 4589/4589/4589
f 4534/4534/4534 4535/4535/4535 4591/4591/4591
f 4534/4534/4534 4591/4591/4591 4590/4590/4590
f 4535/4535/4535 4536/4536/4536 4592/4592/4592
f 4535/4535/4535 4592/4592/4592 4591/4591/4591
f 4536/4536/4536 4481/4481/4481 4537/4537/4537
f 4536/4536/4536 4537/4537/4537 4592/4592/4592
f 4537/4537/4537 4538/4538/4538 4594/4594/4594
f 4537/4537/4537 4594/4594/4594 4593/4593/4593
f 4538/4538/4538 4539/4539/4539 4595/4595/4595
f 4538/4538/4538 4595/4595/4595 4594/4594/4594
f 4539/4539/4539 4540/4540/4540 4596/4596/4596
f 4539/4539/4539 4596/4596/4596 4595/4595/4595
f 4540/4540/4540 4541/4541/4541 4597/4597/4597
f 4540/4540/4540 4597/4597/4597 4596/4596/4596
f 4541/4541/4541 4542/4542/4542 4598/4598/4598
f 4541/4541/4541 4598/4598/4598 4597/4597/4597
f 4542/4542/4542 4543/4543/4543 4599/4599/4599
f 4542/4542/4542 4599/4599/4599 4598/4598/4598
f 4543/4543/4543 4544/4544/4544 4600/4600/4600
f 4543/4543/4543 4600/4600/4600 4599/4599/4599
f 4544/4544/4544 4545/4545/4545 4601/4601/4601
f 4544/4544/4544 4601/4601/4601 4600/4600/4600
f 4545/4545/4545 4546/4546/4546 4602/4602/4602
f 4545/4545/4545 4602/4602/4602 4601/4601/4601
f 4546/4546/4546 4547/4547/4547 4603/4603/4603
f 4546/4546/4546 4603/4603/4603 4602/4602/4602
f 4547/4547/4547 4548/4548/4548 4604/4604/4604
f 4547/4547/4547 4604/4604/4604 4603/4603/4603
f 4548/4548/4548 4549/4549/4549 4605/4605/4605
f 4548/4548/4548 4605/4605/4605 4604/4604/4604
f 4549/4549/4549 4550/4550/4550 4606/4606/4606
f 4549/4549/4549 4606/4606/4606 4605/4605/4605
f 4550/4550/4550 4551/4551/4551 4607/4607/4607
f 4550/4550/4550 4607/4607/4607 4606/4606/4606
f 4551/4551/4551 4552/4552/4552 4608/4608/4608
f 4551/4551/4551 4608/4608/4608 4607/4607/4607
f 4552/4552/4552 4553/4553/4553 4609/4609/4609
f 4552/4552/4552 4609/4609/4609 4608/4608/4608
f 4553/4553/4553 4554/4554/4554 4610/4610/4610
f 4553/4553/4553 4610/4610/4610 4609/4609/4609
f 4554/4554/4554 4555/4555/4555 4611/4611/4611
f 4554/4554/4554 4611/4611/4611 4610/4610/4610
f 4555/4555/4555 4556/4556/4556 4612/4612/4612
f 4555/4555/4555 4612/4612/4612 4611/4611/4611
f 4556/4556/4556 4557/4557/4557 4613/4613/4613
f 4556/4556/4556 4613/4613/4613 4612/4612/4612
f 4557/4557/4557 4558/4558/4558 4614/4614/4614
f 4557/4557/4557 4614/4614/4614 4613/4613/4613
f 4558/4558/4558 4559/4559/4559 4615/4615/4615
f 4558/4558/4558 4615/4615/4615 4614/4614/4614
f 4559/4559/4559 4560/4560/4560 4616/4616/4616
f 4559/4559/4559 4616/4616/4616 4615/4615/4615
f 4560/4560/4560 4561/4561/4561 4617/4617/4617
f 4560/4560/4560 4617/4617/4617 4616/4616/4616
f 4561/4561/4561 4562/4562/4562 4618/4618/4618
f 4561/4561/4561 4618/4618/4618 4617/4617/4617
f 4562/4562/4562 4563/4563/4563 4619/4619/4619
f 4562/4562/4562 4619/4619/4619 4618/4618/4618
f 4563/4563/4563 4564/4564/4564 4620/4620/4620
f 4563/4563/4563 4620/4620/4620 4619/4619/4619
f 4564/4564/4564 4565/4565/4565 4621/4621/4621
f 4564/4564/4564 4621/4621/4621 4620/4620/4620
f 4565/4565/4565 4566/4566/4566 4622/4622/4622
f 4565/4565/4565 4622/4622/4622 4621/4621/4621
f 4566/4566/4566 4567/4567/4567 4623/4623/4623
f 4566/4566/4566 4623/4623/4623 4622/4622/4622
f 4567/4567/4567 4568/4568/4568 4624/4624/4624
f 4567/4567/4567 4624/4624/4624 4623/4623/4623
f 4568/4568/4568 4569/4569/4569 4625/4625/4625
f 4568/4568/4568 4625/4625/4625 4624/4624/4624
f 4569/4569/4569 4570/4570/4570 4626/4626/4626
f 4569/4569/4569 4626/4626/4626 4625/4625/4625
f 4570/4570/4570 4571/4571/4571 4627/4627/4627
f 4570/4570/4570 4627/4627/4627 4626/4626/4626
f 4571/4571/4571 4572/4572/4572 4628/4628/4628
f 4571/4571/4571 4628/4628/4628 4627/4627/4627
f 4572/4572/4572 4573/4573/4573 4629/4629/4629
f 4572/4572/4572 4629/4629/4629 4628/4628/4628
f 4573/4573/4573 4574/4574/4574 4630/4630/4630
f 4573/4573/4573 4630/4630/4630 4629/4629/4629
f 4574/4574/4574 4575/4575/4575 4631/4631/4631
f 4574/4574/4574 4631/4631/4631 4630/4630/4630
f 4575/4575/4575 4576/4576/4576 4632/4632/4632
f 4575/4575/4575 4632/4632/4632 4631/4631/4631
f 4576/4576/4576 4577/4577/4577 4633/4633/4633
f 4576/4576/4576 4633/4633/4633 4632/4632/4632
f 4577/4577/4577 4578/4578/4578 4634/4634/4634
f 4577/4577/4577 4634/4634/4634 4633/4633/4633
f 4578/4578/4578 4579/4579/4579 4635/4635/4635
f 4578/4578/4578 4635/4635/4635 4634/4634/4634
f 4579/4579/4579 4580/4580/4580 4636/4636/4636
f 4579/4579/4579 4636/4636/4636 4635/4635/4635
f 4580/4580/4580 4581/4581/4581 4637/4637/4637
f 4580/4580/4580 4637/4637/4637 4636/4636/4636
f 4581/4581/4581 4582/4582/4582 4638/4638/4638
f 4581/4581/4581 4638/4638/4638 4637/4637/4637
f 4582/4582/4582 4583/4583/4583 4639/4639/4639
f 4582/4582/4582 4639/4639/4639 4638/4638/4638
f 4583/4583/4583 4584/4584/4584 4640/4640/4640
f 4583/4583/4583 4640/4640/4640 4639/4639/4639
f 4584/4584/4584 4585/4585/4585 4641/4641/4641
f 4584/4584/4584 4641/4641/4641 4640/4640/4640
f 4585/4585/4585 4586/4586/4586 4642/4642/4642
f 4585/4585/4585 4642/4642/4642 4641/4641/4641
f 4586/4586/4586 4587/4587/4587 4643/4643/4643
f 4586/4586/4586 4643/4643/4643 4642/4642/4642
f 4587/4587/4587 4588/4588/4588 4644/4644/4644
f 4587/4587/4587 4644/4644/4644 4643/4643/4643
f 4588/4588/4588 4589/4589/4589 4645/4645/4645
f 4588/4588/4588 4645/4645/4645 4644/4644/4644
f 4589/4589/4589 4590/4590/4590 4646/4646/4646
f 4589/4589/4589 4646/4646/4646 4645/4645/4645
f 4590/4590/4590 4591/4591/4591 4647/4647/4647
f 4590/4590/4590 4647/4647/4647 4646/4646/4646
f 4591/4591/4591 4592/4592/4592 4648/4648/4648
f 4591/4591/4591 4648/4648/4648 4647/4647/4647
f 4592/4592/4592 4537/4537/4537 4593/4593/4593
f 4592/4592/4592 4593/4593/4593 4648/4648/4648
f 4593/4593/4593 4594/4594/4594 4650/4650/4650
f 4593/4593/4593 4650/4650/4650 4649/4649/4649
f 4594/4594/4594 4595/4595/4595 4651/4651/4651
f 4594/4594/4594 4651/4651/4651 4650/4650/4650
f 4595/4595/4595 4596/4596/4596 4652/4652/4652
f 4595/4595/4595 4652/4652/4652 4651/4651/4651
f 4596/4596/4596 4597/4597/4597 4653/4653/4653
f 4596/4596/4596 4653/4653/4653 4652/4652/4652
f 4597/4597/4597 4598/4598/4598 4654/4654/4654
f 4597/4597/4597 4654/4654/4654 4653/4653/4653
f 4598/4598/4598 4599/4599/4599 4655/4655/4655
f 4598/4598/4598 4655/4655/4655 4654/4654/4654
f 4599/4599/4599 4600/4600/4600 4656/4656/4656
f 4599/4599/4599 4656/4656/4656 4655/4655/4655
f 4600/4600/4600 4601/4601/4601 4657/4657/4657
f 4600/4600/4600 4657/4657/4657 4656/4656/4656
f 4601/4601/4601 4602/4602/4602 4658/4658/4658
f 4601/4601/4601 4658/4658/4658 4657/4657/4657
f 4602/4602/4602 4603/4603/4603 4659/4659/4659
f 4602/4602/4602 4659/4659/4659 4658/4658/4658
f 4603/4603/4603 4604/4604/4604 4660/4660/4660
f 4603/4603/4603 4660/4660/4660 4659/4659/4659
f 4604/4604/4604 4605/4605/4605 4661/4661/4661
f 4604/4604/4604 4661/4661/4661 4660/4660/4660
f 4605/4605/4605 4606/4606/4606 4662/4662/4662
f 4605/4605/4605 4662/4662/4662 4661/4661/4661
f 4606/4606/4606 4607/4607/4607 4663/4663/4663
f 4606/4606/4606 4663/4663/4663 4662/4662/4662
f 4607/4607/4607 4608/4608/4608 4664/4664/4664
f 4607/4607/4607 4664/4664/4664 4663/4663/4663
f 4608/4608/4608 4609/4609/4609 4665/4665/4665
f 4608/4608/4608 4665/4665/4665 4664/4664/4664
f 4609/4609/4609 4610/4610/4610 4666/4666/4666
f 4609/4609/4609 4666/4666/4666 4665/4665/4665
f 4610/4610/4610 4611/4611/4611 4667/4667/4667
f 4610/4610/4610 4667/4667/4667 4666/4666/4666
f 4611/4611/4611 4612/4612/4612 4668/4668/4668
f 4611/4611/4611 4668/4668/4668 4667/4667/4667
f 4612/4612/4612 4613/4613/4613 4669/4669/4669
f 4612/4612/4612 4669/4669/4669 4668/4668/4668
f 4613/4613/4613 4614/4614/4614 4670/4670/4670
f 4613/4613/4613 4670/4670/4670 4669/4669/4669
f 4614/4614/4614 4615/4615/4615 4671/4671/4671
f 4614/4614/4614 4671/4671/4671 4670/4670/4670
f 4615/4615/4615 4616/4616/4616 4672/4672/4672
f 4615/4615/4615 4672/4672/4672 4671/4671/4671
f 4616/4616/4616 4617/4617/4617 4673/4673/4673
f 4616/4616/4616 4673/4673/4673 4672/4672/4672
f 4617/4617/4617 4618/4618/4618 4674/4674/4674
f 4617/4617/4617 4674/4674/4674 4673/4673/4673
f 4618/4618/4618 4619/4619/4619 4675/4675/4675
f 4618/4618/4618 4675/4675/4675 4674/4674/4674
f 4619/4619/4619 4620/4620/4620 4676/4676/4676
f 4619/4619/4619 4676/4676/4676 4675/4675/4675
f 4620/4620/4620 4621/4621/4621 4677/4677/4677
f 4620/4620/4620 4677/4677/4677 4676/4676/4676
f 4621/4621/4621 4622/4622/4622 4678/4678/4678
f 4621/4621/4621 4678/4678/4678 4677/4677/4677
f 4622/4622/4622 4623/4623/4623 4679/4679/4679
f 4622/4622/4622 4679/4679/4679 4678/4678/4678
f 4623/4623/4623 4624/4624/4624 4680/4680/4680
f 4623/4623/4623 4680/4680/4680 4679/4679/4679
f 4624/4624/4624 4625/4625/4625 4681/4681/4681
f 4624/4624/4624 4681/4681/4681 4680/4680/4680
f 4625/4625/4625 4626/4626/4626 4682/4682/4682
f 4625/4625/4625 4682/4682/4682 4681/4681/4681
f 4626/4626/4626 4627/4627/4627 4683/4683/4683
f 4626/4626/4626 4683/4683/4683 4682/4682/4682
f 4627/4627/4627 4628/4628/4628 4684/4684/4684
f 4627/4627/4627 4684/4684/4684 4683/4683/4683
f 4628/4628/4628 4629/4629/4629 4685/4685/4685
f 4628/4628/4628 4685/4685/4685 4684/4684/4684
f 4629/4629/4629 4630/4630/4630 4686/4686/4686
f 4629/4629/4629 4686/4686/4686 4685/4685/4685
f 4630/4630/4630 4631/4631/4631 4687/4687/4687
f 4630/4630/4630 4687/4687/4687 4686/4686/4686
f 4631/4631/4631 4632/4632/4632 4688/4688/4688
f 4631/4631/4631 4688/4688/4688 4687/4687/4687
f 4632/4632/4632 4633/4633/4633 4689/4689/4689
f 4632/4632/4632 4689/4689/4689 4688/4688/4688
f 4633/4633/4633 4634/4634/4634 4690/4690/4690
f 4633/4633/4633 4690/4690/4690 4689/4689/4689
f 4634/4634/4634 4635/4635/4635 4691/4691/4691
f 4634/4634/4634 4691/4691/4691 4690/4690/4690
f 4635/4635/4635 4636/4636/4636 4692/4692/4692
f 4635/4635/4635 4692/4692/4692 4691/4691/4691
f 4636/4636/4636 4637/4637/4637 4693/4693/4693
f 4636/4636/4636 4693/4693/4693 4692/4692/4692
f 4637/4637/4637 4638/4638/4638 4694/4694/4694
f 4637/4637/4637 4694/4694/4694 4693/4693/4693
f 4638/4638/4638 4639/4639/4639 4695/4695/4695
f 4638/4638/4638 4695/4695/4695 4694/4694/4694
f 4639/4639/4639 4640/4640/4640 4696/4696/4696
f 4639/4639/4639 4696/4696/4696 4695/4695/4695
f 4640/4640/4640 4641/4641/4641 4697/4697/4697
f 4640/4640/4640 4697/4697/4697 4696/4696/4696
f 4641/4641/4641 4642/4642/4642 4698/4698/4698
f 4641/4641/4641 4698/4698/4698 4697/4697/4697
f 4642/4642/4642 4643/4643/4643 4699/4699/4699
f 4642/4642/4642 4699/4699/4699 4698/4698/4698
f 4643/4643/4643 4644/4644/4644 4700/4700/4700
f 4643/4643/4643 4700/4700/4700 4699/4699/4699
f 4644/4644/4644 4645/4645/4645 4701/4701/4701
f 4644/4644/4644 4701/4701/4701 4700/4700/4700
f 4645/4645/4645 4646/4646/4646 4702/4702/4702
f 4645/4645/4645 4702/4702/4702 4701/4701/4701
f 4646/4646/4646 4647/4647/4647 4703/4703/4703
f 4646/4646/4646 4703/4703/4703 4702/4702/4702
f 4647/4647/4647 4648/4648/4648 4704/4704/4704
f 4647/4647/4647 4704/4704/4704 4703/4703/4703
f 4648/4648/4648 4593/4593/4593 4649/4649/4649
f 4648/4648/4648 4649/4649/4649 4704/4704/4704
f 4649/4649/4649 4650/4650/4650 4706/4706/4706
f 4649/4649/4649 4706/4706/4706 4705/4705/4705
f 4650/4650/4650 4651/4651/4651 4707/4707/4707
f 4650/4650/4650 4707/4707/4707 4706/4706/4706
f 4651/4651/4651 4652/4652/4652 4708/4708/4708
f 4651/4651/4651 4708/4708/4708 4707/4707/4707
f 4652/4652/4652 4653/4653/4653 4709/4709/4709
f 4652/4652/4652 4709/4709/4709 4708/4708/4708
f 4653/4653/4653 4654/4654/4654 4710/4710/4710
f 4653/4653/4653 4710/4710/4710 4709/4709/4709
f 4654/4654/4654 4655/4655/4655 4711/4711/4711
f 4654/4654/4654 4711/4711/4711 4710/4710/4710
f 4655/4655/4655 4656/4656/4656 4712/4712/4712
f 4655/4655/4655 4712/4712/4712 4711/4711/4711
f 4656/4656/4656 4657/4657/4657 4713/4713/4713
f 4656/4656/4656 4713/4713/4713 4712/4712/4712
f 4657/4657/4657 4658/4658/4658 4714/4714/4714
f 4657/4657/4657 4714/4714/4714 4713/4713/4713
f 4658/4658/4658 4659/4659/4659 4715/4715/4715
f 4658/4658/4658 4715/4715/4715 4714/4714/4714
f 4659/4659/4659 4660/4660/4660 4716/4716/4716
f 4659/4659/4659 4716/4716/4716 4715/4715/4715
f 4660/4660/4660 4661/4661/4661 4717/4717/4717
f 4660/4660/4660 4717/4717/4717 4716/4716/4716
f 4661/4661/4661 4662/4662/4662 4718/4718/4718
f 4661/4661/4661 4718/4718/4718 4717/4717/4717
f 4662/4662/4662 4663/4663/4663 4719/4719/4719
f 4662/4662/4662 4719/4719/4719 4718/4718/4718
f 4663/4663/4663 4664/4664/4664 4720/4720/4720
f 4663/4663/4663 4720/4720/4720 4719/4719/4719
f 4664/4664/4664 4665/4665/4665 4721/4721/4721
f 4664/4664/4664 4721/4721/4721 4720/4720/4720
f 4665/4665/4665 4666/4666/4666 4722/4722/4722
f 4665/4665/4665 4722/4722/4722 4721/4721/4721
f 4666/4666/4666 4667/4667/4667 4723/4723/4723
f 4666/4666/4666 4723/4723/4723 4722/4722/4722
f 4667/4667/4667 4668/4668/4668 4724/4724/4724
f 4667/4667/4667 4724/4724/4724 4723/4723/4723
f 4668/4668/4668 4669/4669/4669 4725/4725/4725
f 4668/4668/4668 4725/4725/4725 4724/4724/4724
f 4669/4669/4669 4670/4670/4670 4726/4726/4726
f 4669/4669/4669 4726/4726/4726 4725/4725/4725
f 4670/4670/4670 4671/4671/4671 4727/4727/4727
f 4670/4670/4670 4727/4727/4727 4726/4726/4726
f 4671/4671/4671 4672/4672/4672 4728/4728/4728
f 4671/4671/4671 4728/4728/4728 4727/4727/4727
f 4672/4672/4672 4673/4673/4673 4729/4729/4729
f 4672/4672/4672 4729/4729/4729 4728/4728/4728
f 4673/4673/4673 4674/4674/4674 4730/4730/4730
f 4673/4673/4673 4730/4730/4730 4729/4729/4729
f 4674/4674/4674 4675/4675/4675 4731/4731/4731
f 4674/4674/4674 4731/4731/4731 4730/4730/4730
f 4675/4675/4675 4676/4676/4676 4732/4732/4732
f 4675/4675/4675 4732/4732/4732 4731/4731/4731
f 4676/4676/4676 4677/4677/4677 4733/4733/4733
f 4676/4676/4676 4733/4733/4733 4732/4732/4732
f 4677/4677/4677 4678/4678/4678 4734/4734/4734
f 4677/4677/4677 4734/4734/4734 4733/4733/4733
f 4678/4678/4678 4679/4679/4679 4735/4735/4735
f 4678/4678/4678 4735/4735/4735 4734/4734/4734
f 4679/4679/4679 4680/4680/4680 4736/4736/4736
f 4679/4679/4679 4736/4736/4736 4735/4735/4735
f 4680/4680/4680 4681/4681/4681 4737/4737/4737
f 4680/4680/4680 4737/4737/4737 4736/4736/4736
f 4681/4681/4681 4682/4682/4682 4738/4738/4738
f 4681/4681/4681 4738/4738/4738 4737/4737/4737
f 4682/4682/4682 4683/4683/4683 4739/4739/4739
f 4682/4682/4682 4739/4739/4739 4738/4738/4738
f 4683/4683/4683 4684/4684/4684 4740/4740/4740
f 4683/4683/4683 4740/4740/4740 4739/4739/4739
f 4684/4684/4684 4685/4685/4685 4741/4741/4741
f 4684/4684/4684 4741/4741/4741 4740/4740/4740
f 4685/4685/4685 4686/4686/4686 4742/4742/4742
f 4685/4685/4685 4742/4742/4742 4741/4741/4741
f 4686/4686/4686 4687/4687/4687 4743/4743/4743
f 4686/4686/4686 4743/4743/4743 4742/4742/4742
f 4687/4687/4687 4688/4688/4688 4744/4744/4744
f 4687/4687/4687 4744/4744/4744 4743/4743/4743
f 4688/4688/4688 4689/4689/4689 4745/4745/4745
f 4688/4688/4688 4745/4745/4745 4744/4744/4744
f 4689/4689/4689 4690/4690/4690 4746/4746/4746
f 4689/4689/4689 4746/4746/4746 4745/4745/4745
f 4690/4690/4690 4691/4691/4691 4747/4747/4747
f 4690/4690/4690 4747/4747/4747 4746/4746/4746
f 4691/4691/4691 4692/4692/4692 4748/4748/4748
f 4691/4691/4691 4748/4748/4748 4747/4747/4747
f 4692/4692/4692 4693/4693/4693 4749/4749/4749
f 4692/4692/4692 4749/4749/4749 4748/4748/4748
f 4693/4693/4693 4694/4694/4694 4750/4750/4750
f 4693/4693/4693 4750/4750/4750 4749/4749/4749
f 4694/4694/4694 4695/4695/4695 4751/4751/4751
f 4694/4694/4694 4751/4751/4751 4750/4750/4750
f 4695/4695/4695 4696/4696/4696 4752/4752/4752
f 4695/4695/4695 4752/4752/4752 4751/4751/4751
f 4696/4696/4696 4697/4697/4697 4753/4753/4753
f 4696/4696/4696 4753/4753/4753 4752/4752/4752
f 4697/4697/4697 4698/4698/4698 4754/4754/4754
f 4697/4697/4697 4754/4754/4754 4753/4753/4753
f 4698/4698/4698 4699/4699/4699 4755/4755/4755
f 4698/4698/4698 4755/4755/4755 4754/4754/4754
f 4699/4699/4699 4700/4700/4700 4756/4756/4756
f 4699/4699/4699 4756/4756/4756 4755/4755/4755
f 4700/4700/4700 4701/4701/4701 4757/4757/4757
f 4700/4700/4700 4757/4757/4757 4756/4756/4756
f 4701/4701/4701 4702/4702/4702 4758/4758/4758
f 4701/4701/4701 4758/4758/4758 4757/4757/4757
f 4702/4702/4702 4703/4703/4703 4759/4759/4759
f 4702/4702/4702 4759/4759/4759 4758/4758/4758
f 4703/4703/4703 4704/4704/4704 4760/4760/4760
f 4703/4703/4703 4760/4760/4760 4759/4759/4759
f 4704/4704/4704 4649/4649/4649 4705/4705/4705
f 4704/4704/4704 4705/4705/4705 4760/4760/4760
f 4705/4705/4705 4706/4706/4706 4762/4762/4762
f 4705/4705/4705 4762/4762/4762 4761/4761/4761
f 4706/4706/4706 4707/4707/4707 4763/4763/4763
f 4706/4706/4706 4763/4763/4763 4762/4762/4762
f 4707/4707/4707 4708/4708/4708 4764/4764/4764
f 4707/4707/4707 4764/4764/4764 4763/4763/4763
f 4708/4708/4708 4709/4709/4709 4765/4765/4765
f 4708/4708/4708 4765/4765/4765 4764/4764/4764
f 4709/4709/4709 4710/4710/4710 4766/4766/4766
f 4709/4709/4709 4766/4766/4766 4765/4765/4765
f 4710/4710/4710 4711/4711/4711 4767/4767/4767
f 4710/4710/4710 4767/4767/4767 4766/4766/4766
f 4711/4711/4711 4712/4712/4712 4768/4768/4768
f 4711/4711/4711 4768/4768/4768 4767/4767/4767
f 4712/4712/4712 4713/4713/4713 4769/4769/4769
f 4712/4712/4712 4769/4769/4769 4768/4768/4768
f 4713/4713/4713 4714/4714/4714 4770/4770/4770
f 4713/4713/4713 4770/4770/4770 4769/4769/4769
f 4714/4714/4714 4715/4715/4715 4771/4771/4771
f 4714/4714/4714 4771/4771/4771 4770/4770/4770
f 4715/4715/4715 4716/4716/4716 4772/4772/4772
f 4715/4715/4715 4772/4772/4772 4771/4771/4771
f 4716/4716/4716 4717/4717/4717 4773/4773/4773
f 4716/4716/4716 4773/4773/4773 4772/4772/4772
f 4717/4717/4717 4718/4718/4718 4774/4774/4774
f 4717/4717/4717 4774/4774/4774 4773/4773/4773
f 4718/4718/4718 4719/4719/4719 4775/4775/4775
f 4718/4718/4718 4775/4775/4775 4774/4774/4774
f 4719/4719/4719 4720/4720/4720 4776/4776/4776
f 4719/4719/4719 4776/4776/4776 4775/4775/4775
f 4720/4720/4720 4721/4721/4721 4777/4777/4777
f 4720/4720/4720 4777/4777/4777 4776/4776/4776
f 4721/4721/4721 4722/4722/4722 4778/4778/4778
f 4721/4721/4721 4778/4778/4778 4777/4777/4777
f 4722/4722/4722 4723/4723/4723 4779/4779/4779
f 4722/4722/4722 4779/4779/4779 4778/4778/4778
f 4723/4723/4723 4724/4724/4724 4780/4780/4780
f 4723/4723/4723 4780/4780/4780 4779/4779/4779
f 4724/4724/4724 4725/4725/4725 4781/4781/4781
f 4724/4724/4724 4781/4781/4781 4780/4780/4780
f 4725/4725/4725 4726/4726/4726 4782/4782/4782
f 4725/4725/4725 4782/4782/4782 4781/4781/4781
f 4726/4726/4726 4727/4727/4727 4783/4783/4783
f 4726/4726/4726 4783/4783/4783 4782/4782/4782
f 4727/4727/4727 4728/4728/4728 4784/4784/4784
f 4727/4727/4727 4784/4784/4784 4783/4783/4783
f 4728/4728/4728 4729/4729/4729 4785/4785/4785
f 4728/4728/4728 4785/4785/4785 4784/4784/4784
f 4729/4729/4729 4730/4730/4730 4786/4786/4786
f 4729/4729/4729 4786/4786/4786 4785/4785/4785
f 4730/4730/4730 4731/4731/4731 4787/4787/4787
f 4730/4730/4730 4787/4787/4787 4786/4786/4786
f 4731/4731/4731 4732/4732/4732 4788/4788/4788
f 4731/4731/4731 4788/4788/4788 4787/4787/4787
f 4732/4732/4732 4733/4733/4733 4789/4789/4789
f 4732/4732/4732 4789/4789/4789 4788/4788/4788
f 4733/4733/4733 4734/4734/4734 4790/4790/4790
f 4733/4733/4733 4790/4790/4790 4789/4789/4789
f 4734/4734/4734 4735/4735/4735 4791/4791/4791
f 4734/4734/4734 4791/4791/4791 4790/4790/4790
f 4735/4735/4735 4736/4736/4736 4792/4792/4792
f 4735/4735/4735 4792/4792/4792 4791/4791/4791
f 4736/4736/4736 4737/4737/4737 4793/4793/4793
f 4736/4736/4736 4793/4793/4793 4792/4792/4792
f 4737/4737/4737 4738/4738/4738 4794/4794/4794
f 4737/4737/4737 4794/4794/4794 4793/4793/4793
f 4738/4738/4738 4739/4739/4739 4795/4795/4795
f 4738/4738/4738 4795/4795/4795 4794/4794/4794
f 4739/4739/4739 4740/4740/4740 4796/4796/4796
f 4739/4739/4739 4796/4796/4796 4795/4795/4795
f 4740/4740/4740 4741/4741/4741 4797/4797/4797
f 4740/4740/4740 4797/4797/4797 4796/4796/4796
f 4741/4741/4741 4742/4742/4742 4798/4798/4798
f 4741/4741/4741 4798/4798/4798 4797/4797/4797
f 4742/4742/4742 4743/4743/4743 4799/4799/4799
f 4742/4742/4742 4799/4799/4799 4798/4798/4798
f 4743/4743/4743 4744/4744/4744 4800/4800/4800
f 4743/4743/4743 4800/4800/4800 4799/4799/4799
f 4744/4744/4744 4745/4745/4745 4801/4801/4801
f 4744/4744/4744 4801/4801/4801 4800/4800/4800
f 4745/4745/4745 4746/4746/4746 4802/4802/4802
f 4745/4745/4745 4802/4802/4802 4801/4801/4801
f 4746/4746/4746 4747/4747/4747 4803/4803/4803
f 4746/4746/4746 4803/4803/4803 4802/4802/4802
f 4747/4747/4747 4748/4748/4748 4804/4804/4804
f 4747/4747/4747 4804/4804/4804 4803/4803/4803
f 4748/4748/4748 4749/4749/4749 4805/4805/4805
f 4748/4748/4748 4805/4805/4805 4804/4804/4804
f 4749/4749/4749 4750/4750/4750 4806/4806/4806
f 4749/4749/4749 4806/4806/4806 4805/4805/4805
f 4750/4750/4750 4751/4751/4751 4807/4807/4807
f 4750/4750/4750 4807/4807/4807 4806/4806/4806
f 4751/4751/4751 4752/4752/4752 4808/4808/4808
f 4751/4751/4751 4808/4808/4808 4807/4807/4807
f 4752/4752/4752 4753/4753/4753 4809/4809/4809
f 4752/4752/4752 4809/4809/4809 4808/4808/4808
f 4753/4753/4753 4754/4754/4754 4810/4810/4810
f 4753/4753/4753 4810/4810/4810 4809/4809/4809
f 4754/4754/4754 4755/4755/4755 4811/4811/4811
f 4754/4754/4754 4811/4811/4811 4810/4810/4810
f 4755/4755/4755 4756/4756/4756 4812/4812/4812
f 4755/4755/4755 4812/4812/4812 4811/4811/4811
f 4756/4756/4756 4757/4757/4757 4813/4813/4813
f 4756/4756/4756 4813/4813/4813 4812/4812/4812
f 4757/4757/4757 4758/4758/4758 4814/4814/4814
f 4757/4757/4757 4814/4814/4814 4813/4813/4813
f 4758/4758/4758 4759/4759/4759 4815/4815/4815
f 4758/4758/4758 4815/4815/4815 4814/4814/4814
f 4759/4759/4759 4760/4760/4760 4816/4816/4816
f 4759/4759/4759 4816/4816/4816 4815/4815/4815
f 4760/4760/4760 4705/4705/4705 4761/4761/4761
f 4760/4760/4760 4761/4761/4761 4816/4816/4816
f 4761/4761/4761 4762/4762/4762 4818/4818/4818
f 4761/4761/4761 4818/4818/4818 4817/4817/4817
f 4762/4762/4762 4763/4763/4763 4819/4819/4819
f 4762/4762/4762 4819/4819/4819 4818/4818/4818
f 4763/4763/4763 4764/4764/4764 4820/4820/4820
f 4763/4763/4763 4820/4820/4820 4819/4819/4819
f 4764/4764/4764 4765/4765/4765 4821/4821/4821
f 4764/4764/4764 4821/4821/4821 4820/4820/4820
f 4765/4765/4765 4766/4766/4766 4822/4822/4822
f 4765/4765/4765 4822/4822/4822 4821/4821/4821
f 4766/4766/4766 4767/4767/4767 4823/4823/4823
f 4766/4766/4766 4823/4823/4823 4822/4822/4822
f 4767/4767/4767 4768/4768/4768 4824/4824/4824
f 4767/4767/4767 4824/4824/4824 4823/4823/4823
f 4768/4768/4768 4769/4769/4769 4825/4825/4825
f 4768/4768/4768 4825/4825/4825 4824/4824/4824
f 4769/4769/4769 4770/4770/4770 4826/4826/4826
f 4769/4769/4769 4826/4826/4826 4825/4825/4825
f 4770/4770/4770 4771/4771/4771 4827/4827/4827
f 4770/4770/4770 4827/4827/4827 4826/4826/4826
f 4771/4771/4771 4772/4772/4772 4828/4828/4828
f 4771/4771/4771 4828/4828/4828 4827/4827/4827
f 4772/4772/4772 4773/4773/4773 4829/4829/4829
f 4772/4772/4772 4829/4829/4829 4828/4828/4828
f 4773/4773/4773 4774/4774/4774 4830/4830/4830
f 4773/4773/4773 4830/4830/4830 4829/4829/4829
f 4774/4774/4774 4775/4775/4775 4831/4831/4831
f 4774/4774/4774 4831/4831/4831 4830/4830/4830
f 4775/4775/4775 4776/4776/4776 4832/4832/4832
f 4775/4775/4775 4832/4832/4832 4831/4831/4831
f 4776/4776/4776 4777/4777/4777 4833/4833/4833
f 4776/4776/4776 4833/4833/4833 4832/4832/4832
f 4777/4777/4777 4778/4778/4778 4834/4834/4834
f 4777/4777/4777 4834/4834/4834 4833/4833/4833
f 4778/4778/4778 4779/4779/4779 4835/4835/4835
f 4778/4778/4778 4835/4835/4835 4834/4834/4834
f 4779/4779/4779 4780/4780/4780 4836/4836/4836
f 4779/4779/4779 4836/4836/4836 4835/4835/4835
f 4780/4780/4780 4781/4781/4781 4837/4837/4837
f 4780/4780/4780 4837/4837/4837 4836/4836/4836
f 4781/4781/4781 4782/4782/4782 4838/4838/4838
f 4781/4781/4781 4838/4838/4838 4837/4837/4837
f 4782/4782/4782 4783/4783/4783 4839/4839/4839
f 4782/4782/4782 4839/4839/4839 4838/4838/4838
f 4783/4783/4783 4784/4784/4784 4840/4840/4840
f 4783/4783/4783 4840/4840/4840 4839/4839/4839
f 4784/4784/4784 4785/4785/4785 4841/4841/4841
f 4784/4784/4784 4841/4841/4841 4840/4840/4840
f 4785/4785/4785 4786/4786/4786 4842/4842/4842
f 4785/4785/4785 4842/4842/4842 4841/4841/4841
f 4786/4786/4786 4787/4787/4787 4843/4843/4843
f 4786/4786/4786 4843/4843/4843 4842/4842/4842
f 4787/4787/4787 4788/4788/4788 4844/4844/4844
f 4787/4787/4787 4844/4844/4844 4843/4843/4843
f 4788/4788/4788 4789/4789/4789 4845/4845/4845
f 4788/4788/4788 4845/4845/4845 4844/4844/4844
f 4789/4789/4789 4790/4790/4790 4846/4846/4846
f 4789/4789/4789 4846/4846/4846 4845/4845/4845
f 4790/4790/4790 4791/4791/4791 4847/4847/4847
f 4790/4790/4790 4847/4847/4847 4846/4846/4846
f 4791/4791/4791 4792/4792/4792 4848/4848/4848
f 4791/4791/4791 4848/4848/4848 4847/4847/4847
f 4792/4792/4792 4793/4793/4793 4849/4849/4849
f 4792/4792/4792 4849/4849/4849 4848/4848/4848
f 4793/4793/4793 4794/4794/4794 4850/4850/4850
f 4793/4793/4793 4850/4850/4850 4849/4849/4849
f 4794/4794/4794 4795/4795/4795 4851/4851/4851
f 4794/4794/4794 4851/4851/4851 4850/4850/4850
f 4795/4795/4795 4796/4796/4796 4852/4852/4852
f 4795/4795/4795 4852/4852/4852 4851/4851/4851
f 4796/4796/4796 4797/4797/4797 4853/4853/4853
f 4796/4796/4796 4853/4853/4853 4852/4852/4852
f 4797/4797/4797 4798/4798/4798 4854/4854/4854
f 4797/4797/4797 4854/4854/4854 4853/4853/4853
f 4798/4798/4798 4799/4799/4799 4855/4855/4855
f 4798/4798/4798 4855/4855/4855 4854/4854/4854
f 4799/4799/4799 4800/4800/4800 4856/4856/4856
f 4799/4799/4799 4856/4856/4856 4855/4855/4855
f 4800/4800/4800 4801/4801/4801 4857/4857/4857
f 4800/4800/4800 4857/4857/4857 4856/4856/4856
f 4801/4801/4801 4802/4802/4802 4858/4858/4858
f 4801/4801/4801 4858/4858/4858 4857/4857/4857
f 4802/4802/4802 4803/4803/4803 4859/4859/4859
f 4802/4802/4802 4859/4859/4859 4858/4858/4858
f 4803/4803/4803 4804/4804/4804 4860/4860/4860
f 4803/4803/4803 4860/4860/4860 4859/4859/4859
f 4804/4804/4804 4805/4805/4805 4861/4861/4861
f 4804/4804/4804 4861/4861/4861 4860/4860/4860
f 4805/4805/4805 4806/4806/4806 4862/4862/4862
f 4805/4805/4805 4862/4862/4862 4861/4861/4861
f 4806/4806/4806 4807/4807/4807 4863/4863/4863
f 4806/4806/4806 4863/4863/4863 4862/4862/4862
f 4807/4807/4807 4808/4808/4808 4864/4864/4864
f 4807/4807/4807 4864/4864/4864 4863/4863/4863
f 4808/4808/4808 4809/4809/4809 4865/4865/4865
f 4808/4808/4808 4865/4865/4865 4864/4864/4864
f 4809/4809/4809 4810/4810/4810 4866/4866/4866
f 4809/4809/4809 4866/4866/4866 4865/4865/4865
f 4810/4810/4810 4811/4811/4811 4867/4867/4867
f 4810/4810/4810 4867/4867/4867 4866/4866/4866
f 4811/4811/4811 4812/4812/4812 4868/4868/4868
f 4811/4811/4811 4868/4868/4868 4867/4867/4867
f 4812/4812/4812 4813/4813/4813 4869/4869/4869
f 4812/4812/4812 4869/4869/4869 4868/4868/4868
f 4813/4813/4813 4814/4814/4814 4870/4870/4870
f 4813/4813/4813 4870/4870/4870 4869/4869/4869
f 4814/4814/4814 4815/4815/4815 4871/4871/4871
f 4814/4814/4814 4871/4871/4871 4870/4870/4870
f 4815/4815/4815 4816/4816/4816 4872/4872/4872
f 4815/4815/4815 4872/4872/4872 4871/4871/4871
f 4816/4816/4816 4761/4761/4761 4817/4817/4817
f 4816/4816/4816 4817/4817/4817 4872/4872/4872
f 4873/4873/4873 4874/4874/4874 4911/4911/4911
f 4873/4873/4873 4911/4911/4911 4910/4910/4910
f 4874/4874/4874 4875/4875/4875 4912/4912/4912
f 4874/4874/4874 4912/4912/4912 4911/4911/4911
f 4875/4875/4875 4876/4876/4876 4913/4913/4913
f 4875/4875/4875 4913/4913/4913 4912/4912/4912
f 4876/4876/4876 4877/4877/4877 4914/4914/4914
f 4876/4876/4876 4914/4914/4914 4913/4913/4913
f 4877/4877/4877 4878/4878/4878 4915/4915/4915
f 4877/4877/4877 4915/4915/4915 4914/4914/4914
f 4878/4878/4878 4879/4879/4879 4916/4916/4916
f 4878/4878/4878 4916/4916/4916 4915/4915/4915
f 4879/4879/4879 4880/4880/4880 4917/4917/4917
f 4879/4879/4879 4917/4917/4917 4916/4916/4916
f 4880/4880/4880 4881/4881/4881 4918/4918/4918
f 4880/4880/4880 4918/4918/4918 4917/4917/4917
f 4881/4881/4881 4882/4882/4882 4919/4919/4919
f 4881/4881/4881 4919/4919/4919 4918/4918/4918
f 4882/4882/4882 4883/4883/4883 4920/4920/4920
f 4882/4882/4882 4920/4920/4920 4919/4919/4919
f 4883/4883/4883 4884/4884/4884 4921/4921/4921
f 4883/4883/4883 4921/4921/4921 4920/4920/4920
f 4884/4884/4884 4885/4885/4885 4922/4922/4922
f 4884/4884/4884 4922/4922/4922 4921/4921/4921
f 4885/4885/4885 4886/4886/4886 4923/4923/4923
f 4885/4885/4885 4923/4923/4923 4922/4922/4922
f 4886/4886/4886 4887/4887/4887 4924/4924/4924
f 4886/4886/4886 4924/4924/4924 4923/4923/4923
f 4887/4887/4887 4888/4888/4888 4925/4925/4925
f 4887/4887/4887 4925/4925/4925 4924/4924/4924
f 4888/4888/4888 4889/4889/4889 4926/4926/4926
f 4888/4888/4888 4926/4926/4926 4925/4925/4925
f 4889/4889/4889 4890/4890/4890 4927/4927/4927
f 4889/4889/4889 4927/4927/4927 4926/4926/4926
f 4890/4890/4890 4891/4891/4891 4928/4928/4928
f 4890/4890/4890 4928/4928/4928 4927/4927/4927
f 4891/4891/4891 4892/4892/4892 4929/4929/4929
f 4891/4891/4891 4929/4929/4929 4928/4928/4928
f 4892/4892/4892 4893/4893/4893 4930/4930/4930
f 4892/4892/4892 4930/4930/4930 4929/4929/4929
f 4893/4893/4893 4894/4894/4894 4931/4931/4931
f 4893/4893/4893 4931/4931/4931 4930/4930/4930
f 4894/4894/4894 4895/4895/4895 4932/4932/4932
f 4894/4894/4894 4932/4932/4932 4931/4931/4931
f 4895/4895/4895 4896/4896/4896 4933/4933/4933
f 4895/4895/4895 4933/4933/4933 4932/4932/4932
f 4896/4896/4896 4897/4897/4897 4934/4934/4934
f 4896/4896/4896 4934/4934/4934 4933/4933/4933
f 4897/4897/4897 4898/4898/4898 4935/4935/4935
f 4897/4897/4897 4935/4935/4935 4934/4934/4934
f 4898/4898/4898 4899/4899/4899 4936/4936/4936
f 4898/4898/4898 4936/4936/4936 4935/4935/4935
f 4899/4899/4899 4900/4900/4900 4937/4937/4937
f 4899/4899/4899 4937/4937/4937 4936/4936/4936
f 4900/4900/4900 4901/4901/4901 4938/4938/4938
f 4900/4900/4900 4938/4938/4938 4937/4937/4937
f 4901/4901/4901 4902/4902/4902 4939/4939/4939
f 4901/4901/4901 4939/4939/4939 4938/4938/4938
f 4902/4902/4902 4903/4903/4903 4940/4940/4940
f 4902/4902/4902 4940/4940/4940 4939/4939/4939
f 4903/4903/4903 4904/4904/4904 4941/4941/4941
f 4903/4903/4903 4941/4941/4941 4940/4940/4940
f 4904/4904/4904 4905/4905/4905 4942/4942/4942
f 4904/4904/4904 4942/4942/4942 4941/4941/4941
f 4905/4905/4905 4906/4906/4906 4943/4943/4943
f 4905/4905/4905 4943/4943/4943 4942/4942/4942
f 4906/4906/4906 4907/4907/4907 4944/4944/4944
f 4906/4906/4906 4944/4944/4944 4943/4943/4943
f 4907/4907/4907 4908/4908/4908 4945/4945/4945
f 4907/4907/4907 4945/4945/4945 4944/4944/4944
f 4908/4908/4908 4909/4909/4909 4946/4946/4946
f 4908/4908/4908 4946/4946/4946 4945/4945/4945
f 4910/4910/4910 4911/4911/4911 4948/4948/4948
f 4910/4910/4910 4948/4948/4948 4947/4947/4947
f 4911/4911/4911 4912/4912/4912 4949/4949/4949
f 4911/4911/4911 4949/4949/4949 4948/4948/4948
f 4912/4912/4912 4913/4913/4913 4950/4950/4950
f 4912/4912/4912 4950/4950/4950 4949/4949/4949
f 4913/4913/4913 4914/4914/4914 4951/4951/4951
f 4913/4913/4913 4951/4951/4951 4950/4950/4950
f 4914/4914/4914 4915/4915/4915 4952/4952/4952
f 4914/4914/4914 4952/4952/4952 4951/4951/4951
f 4915/4915/4915 4916/4916/4916 4953/4953/4953
f 4915/4915/4915 4953/4953/4953 4952/4952/4952
f 4916/4916/4916 4917/4917/4917 4954/4954/4954
f 4916/4916/4916 4954/4954/4954 4953/4953/4953
f 4917/4917/4917 4918/4918/4918 4955/4955/4955
f 4917/4917/4917 4955/4955/4955 4954/4954/4954
f 4918/4918/4918 4919/4919/4919 4956/4956/4956
f 4918/4918/4918 4956/4956/4956 4955/4955/4955
f 4919/4919/4919 4920/4920/4920 4957/4957/4957
f 4919/4919/4919 4957/4957/4957 4956/4956/4956
f 4920/4920/4920 4921/4921/4921 4958/4958/4958
f 4920/4920/4920 4958/4958/4958 4957/4957/4957
f 4921/4921/4921 4922/4922/4922 4959/4959/4959
f 4921/4921/4921 4959/4959/4959 4958/4958/4958
f 4922/4922/4922 4923/4923/4923 4960/4960/4960
f 4922/4922/4922 4960/4960/4960 4959/4959/4959
f 4923/4923/4923 4924/4924/4924 4961/4961/4961
f 4923/4923/4923 4961/4961/4961 4960/4960/4960
f 4924/4924/4924 4925/4925/4925 4962/4962/4962
f 4924/4924/4924 4962/4962/4962 4961/4961/4961
f 4925/4925/4925 4926/4926/4926 4963/4963/4963
f 4925/4925/4925 4963/4963/4963 4962/4962/4962
f 4926/4926/4926 4927/4927/4927 4964/4964/4964
f 4926/4926/4926 4964/4964/4964 4963/4963/4963
f 4927/4927/4927 4928/4928/4928 4965/4965/4965
f 4927/4927/4927 4965/4965/4965 4964/4964/4964
f 4928/4928/4928 4929/4929/4929 4966/4966/4966
f 4928/4928/4928 4966/4966/4966 4965/4965/4965
f 4929/4929/4929 4930/4930/4930 4967/4967/4967
f 4929/4929/4929 4967/4967/4967 4966/4966/4966
f 4930/4930/4930 4931/4931/4931 4968/4968/4968
f 4930/4930/4930 4968/4968/4968 4967/4967/4967
f 4931/4931/4931 4932/4932/4932 4969/4969/4969
f 4931/4931/4931 4969/4969/4969 4968/4968/4968
f 4932/4932/4932 4933/4933/4933 4970/4970/4970
f 4932/4932/4932 4970/4970/4970 4969/4969/4969
f 4933/4933/4933 4934/4934/4934 4971/4971/4971
f 4933/4933/4933 4971/4971/4971 4970/4970/4970
f 4934/4934/4934 4935/4935/4935 4972/4972/4972
f 4934/4934/4934 4972/4972/4972 4971/4971/4971
f 4935/4935/4935 4936/4936/4936 4973/4973/4973
f 4935/4935/4935 4973/4973/4973 4972/4972/4972
f 4936/4936/4936 4937/4937/4937 4974/4974/4974
f 4936/4936/4936 4974/4974/4974 4973/4973/4973
f 4937/4937/4937 4938/4938/4938 4975/4975/4975
f 4937/4937/4937 4975/4975/4975 4974/4974/4974
f 4938/4938/4938 4939/4939/4939 4976/4976/4976
f 4938/4938/4938 4976/4976/4976 4975/4975/4975
f 4939/4939/4939 4940/4940/4940 4977/4977/4977
f 4939/4939/4939 4977/4977/4977 4976/4976/4976
f 4940/4940/4940 4941/4941/4941 4978/4978/4978
f 4940/4940/4940 4978/4978/4978 4977/4977/4977
f 4941/4941/4941 4942/4942/4942 4979/4979/4979
f 4941/4941/4941 4979/4979/4979 4978/4978/4978
f 4942/4942/4942 4943/4943/4943 4980/4980/4980
f 4942/4942/4942 4980/4980/4980 4979/4979/4979
f 4943/4943/4943 4944/4944/4944 4981/4981/4981
f 4943/4943/4943 4981/4981/4981 4980/4980/4980
f 4944/4944/4944 4945/4945/4945 4982/4982/4982
f 4944/4944/4944 4982/4982/4982 4981/4981/4981
f 4945/4945/4945 4946/4946/4946 4983/4983/4983
f 4945/4945/4945 4983/4983/4983 4982/4982/4982
f 4947/4947/4947 4948/4948/4948 4985/4985/4985
f 4947/4947/4947 4985/4985/4985 4984/4984/4984
f 4948/4948/4948 4949/4949/4949 4986/4986/4986
f 4948/4948/4948 4986/4986/4986 4985/4985/4985
f 4949/4949/4949 4950/4950/4950 4987/4987/4987
f 4949/4949/4949 4987/4987/4987 4986/4986/4986
f 4950/4950/4950 4951/4951/4951 4988/4988/4988
f 4950/4950/4950 4988/4988/4988 4987/4987/4987
f 4951/4951/4951 4952/4952/4952 4989/4989/4989
f 4951/4951/4951 4989/4989/4989 4988/4988/4988
f 4952/4952/4952 4953/4953/4953 4990/4990/4990
f 4952/4952/4952 4990/4990/4990 4989/4989/4989
f 4953/4953/4953 4954/4954/4954 4991/4991/4991
f 4953/4953/4953 4991/4991/4991 4990/4990/4990
f 4954/4954/4954 4955/4955/4955 4992/4992/4992
f 4954/4954/4954 4992/4992/4992 4991/4991/4991
f 4955/4955/4955 4956/4956/4956 4993/4993/4993
f 4955/4955/4955 4993/4993/4993 4992/4992/4992
f 4956/4956/4956 4957/4957/4957 4994/4994/4994
f 4956/4956/4956 4994/4994/4994 4993/4993/4993
f 4957/4957/4957 4958/4958/4958 4995/4995/4995
f 4957/4957/4957 4995/4995/4995 4994/4994/4994
f 4958/4958/4958 4959/4959/4959 4996/4996/4996
f 4958/4958/4958 4996/4996/4996 4995/4995/4995
f 4959/4959/4959 4960/4960/4960 4997/4997/4997
f 4959/4959/4959 4997/4997/4997 4996/4996/4996
f 4960/4960/4960 4961/4961/4961 4998/4998/4998
f 4960/4960/4960 4998/4998/4998 4997/4997/4997
f 4961/4961/4961 4962/4962/4962 4999/4999/4999
f 4961/4961/4961 4999/4999/4999 4998/4998/4998
f 4962/4962/4962 4963/4963/4963 5000/5000/5000
f 4962/4962/4962 5000/5000/5000 4999/4999/4999
f 4963/4963/4963 4964/4964/4964 5001/5001/5001
f 4963/4963/4963 5001/5001/5001 5000/5000/5000
f 4964/4964/4964 4965/4965/4965 5002/5002/5002
f 4964/4964/4964 5002/5002/5002 5001/5001/5001
f 4965/4965/4965 4966/4966/4966 5003/5003/5003
f 4965/4965/4965 5003/5003/5003 5002/5002/5002
f 4966/4966/4966 4967/4967/4967 5004/5004/5004
f 4966/4966/4966 5004/5004/5004 5003/5003/5003
f 4967/4967/4967 4968/4968/4968 5005/5005/5005
f 4967/4967/4967 5005/5005/5005 5004/5004/5004
f 4968/4968/4968 4969/4969/4969 5006/5006/5006
f 4968/4968/4968 5006/5006/5006 5005/5005/5005
f 4969/4969/4969 4970/4970/4970 5007/5007/5007
f 4969/4969/4969 5007/5007/5007 5006/5006/5006
f 4970/4970/4970 4971/4971/4971 5008/5008/5008
f 4970/4970/4970 5008/5008/5008 5007/5007/5007
f 4971/4971/4971 4972/4972/4972 5009/5009/5009
f 4971/4971/4971 5009/5009/5009 5008/5008/5008
f 4972/4972/4972 4973/4973/4973 5010/5010/5010
f 4972/4972/4972 5010/5010/5010 5009/5009/5009
f 4973/4973/4973 4974/4974/4974 5011/5011/5011
f 4973/4973/4973 5011/5011/5011 5010/5010/5010
f 4974/4974/4974 4975/4975/4975 5012/5012/5012
f 4974/4974/4974 5012/5012/5012 5011/5011/5011
f 4975/4975/4975 4976/4976/4976 5013/5013/5013
f 4975/4975/4975 5013/5013/5013 5012/5012/5012
f 4976/4976/4976 4977/4977/4977 5014/5014/5014
f 4976/4976/4976 5014/5014/5014 5013/5013/5013
f 4977/4977/4977 4978/4978/4978 5015/5015/5015
f 4977/4977/4977 5015/5015/5015 5014/5014/5014
f 4978/4978/4978 4979/4979/4979 5016/5016/5016
f 4978/4978/4978 5016/5016/5016 5015/5015/5015
f 4979/4979/4979 4980/4980/4980 5017/5017/5017
f 4979/4979/4979 5017/5017/5017 5016/5016/5016
f 4980/4980/4980 4981/4981/4981 5018/5018/5018
f 4980/4980/4980 5018/5018/5018 5017/5017/5017
f 4981/4981/4981 4982/4982/4982 5019/5019/5019
f 4981/4981/4981 5019/5019/5019 5018/5018/5018
f 4982/4982/4982 4983/4983/4983 5020/5020/5020
f 4982/4982/4982 5020/5020/5020 5019/5019/5019
f 4984/4984/4984 4985/4985/4985 5022/5022/5022
f 4984/4984/4984 5022/5022/5022 5021/5021/5021
f 4985/4985/4985 4986/4986/4986 5023/5023/5023
f 4985/4985/4985 5023/5023/5023 5022/5022/5022
f 4986/4986/4986 4987/4987/4987 5024/5024/5024
f 4986/4986/4986 5024/5024/5024 5023/5023/5023
f 4987/4987/4987 4988/4988/4988 5025/5025/5025
f 4987/4987/4987 5025/5025/5025 5024/5024/5024
f 4988/4988/4988 4989/4989/4989 5026/5026/5026
f 4988/4988/4988 5026/5026/5026 5025/5025/5025
f 4989/4989/4989 4990/4990/4990 5027/5027/5027
f 4989/4989/4989 5027/5027/5027 5026/5026/5026
f 4990/4990/4990 4991/4991/4991 5028/5028/5028
f 4990/4990/4990 5028/5028/5028 5027/5027/5027
f 4991/4991/4991 4992/4992/4992 5029/5029/5029
f 4991/4991/4991 5029/5029/5029 5028/5028/5028
f 4992/4992/4992 4993/4993/4993 5030/5030/5030
f 4992/4992/4992 5030/5030/5030 5029/5029/5029
f 4993/4993/4993 4994/4994/4994 5031/5031/5031
f 4993/4993/4993 5031/5031/5031 5030/5030/5030
f 4994/4994/4994 4995/4995/4995 5032/5032/5032
f 4994/4994/4994 5032/5032/5032 5031/5031/5031
f 4995/4995/4995 4996/4996/4996 5033/5033/5033
f 4995/4995/4995 5033/5033/5033 5032/5032/5032
f 4996/4996/4996 4997/4997/4997 5034/5034/5034
f 4996/4996/4996 5034/5034/5034 5033/5033/5033
f 4997/4997/4997 4998/4998/4998 5035/5035/5035
f 4997/4997/4997 5035/5035/5035 5034/5034/5034
f 4998/4998/4998 4999/4999/4999 5036/5036/5036
f 4998/4998/4998 5036/5036/5036 5035/5035/5035
f 4999/4999/4999 5000/5000/5000 5037/5037/5037
f 4999/4999/4999 5037/5037/5037 5036/5036/5036
f 5000/5000/5000 5001/5001/5001 5038/5038/5038
f 5000/5000/5000 5038/5038/5038 5037/5037/5037
f 5001/5001/5001 5002/5002/5002 5039/5039/5039
f 5001/5001/5001 5039/5039/5039 5038/5038/5038
f 5002/5002/5002 5003/5003/5003 5040/5040/5040
f 5002/5002/5002 5040/5040/5040 5039/5039/5039
f 5003/5003/5003 5004/5004/5004 5041/5041/5041
f 5003/5003/5003 5041/5041/5041 5040/5040/5040
f 5004/5004/5004 5005/5005/5005 5042/5042/5042
f 5004/5004/5004 5042/5042/5042 5041/5041/5041
f 5005/5005/5005 5006/5006/5006 5043/5043/5043
f 5005/5005/5005 5043/5043/5043 5042/5042/5042
f 5006/5006/5006 5007/5007/5007 5044/5044/5044
f 5006/5006/5006 5044/5044/5044 5043/5043/5043
f 5007/5007/5007 5008/5008/5008 5045/5045/5045
f 5007/5007/5007 5045/5045/5045 5044/5044/5044
f 5008/5008/5008 5009/5009/5009 5046/5046/5046
f 5008/5008/5008 5046/5046/5046 5045/5045/5045
f 5009/5009/5009 5010/5010/5010 5047/5047/5047
f 5009/5009/5009 5047/5047/5047 5046/5046/5046
f 5010/5010/5010 5011/5011/5011 5048/5048/5048
f 5010/5010/5010 5048/5048/5048 5047/5047/5047
f 5011/5011/5011 5012/5012/5012 5049/5049/5049
f 5011/5011/5011 5049/5049/5049 5048/5048/5048
f 5012/5012/5012 5013/5013/5013 5050/5050/5050
f 5012/5012/5012 5050/5050/5050 5049/5049/5049
f 5013/5013/5013 5014/5014/5014 5051/5051/5051
f 5013/5013/5013 5051/5051/5051 5050/5050/5050
f 5014/5014/5014 5015/5015/5015 5052/5052/5052
f 5014/5014/5014 5052/5052/5052 5051/5051/5051
f 5015/5015/5015 5016/5016/5016 5053/5053/5053
f 5015/5015/5015 5053/5053/5053 5052/5052/5052
f 5016/5016/5016 5017/5017/5017 5054/5054/5054
f 5016/5016/5016 5054/5054/5054 5053/5053/5053
f 5017/5017/5017 5018/5018/5018 5055/5055/5055
f 5017/5017/5017 5055/5055/5055 5054/5054/5054
f 5018/5018/5018 5019/5019/5019 5056/5056/5056
f 5018/5018/5018 5056/5056/5056 5055/5055/5055
f 5019/5019/5019 5020/5020/5020 5057/5057/5057
f 5019/5019/5019 5057/5057/5057 5056/5056/5056
f 5021/5021/5021 5022/5022/5022 5059/5059/5059
f 5021/5021/5021 5059/5059/5059 5058/5058/5058
f 5022/5022/5022 5023/5023/5023 5060/5060/5060
f 5022/5022/5022 5060/5060/5060 5059/5059/5059
f 5023/5023/5023 5024/5024/5024 5061/5061/5061
f 5023/5023/5023 5061/5061/5061 5060/5060/5060
f 5024/5024/5024 5025/5025/5025 5062/5062/5062
f 5024/5024/5024 5062/5062/5062 5061/5061/5061
f 5025/5025/5025 5026/5026/5026 5063/5063/5063
f 5025/5025/5025 5063/5063/5063 5062/5062/5062
f 5026/5026/5026 5027/5027/5027 5064/5064/5064
f 5026/5026/5026 5064/5064/5064 5063/5063/5063
f 5027/5027/5027 5028/5028/5028 5065/5065/5065
f 5027/5027/5027 5065/5065/5065 5064/5064/5064
f 5028/5028/5028 5029/5029/5029 5066/5066/5066
f 5028/5028/5028 5066/5066/5066 5065/5065/5065
f 5029/5029/5029 5030/5030/5030 5067/5067/5067
f 5029/5029/5029 5067/5067/5067 5066/5066/5066
f 5030/5030/5030 5031/5031/5031 5068/5068/5068
f 5030/5030/5030 5068/5068/5068 5067/5067/5067
f 5031/5031/5031 5032/5032/5032 5069/5069/5069
f 5031/5031/5031 5069/5069/5069 5068/5068/5068
f 5032/5032/5032 5033/5033/5033 5070/5070/5070
f 5032/5032/5032 5070/5070/5070 5069/5069/5069
f 5033/5033/5033 5034/5034/5034 5071/5071/5071
f 5033/5033/5033 5071/5071/5071 5070/5070/5070
f 5034/5034/5034 5035/5035/5035 5072/5072/5072
f 5034/5034/5034 5072/5072/5072 5071/5071/5071
f 5035/5035/5035 5036/5036/5036 5073/5073/5073
f 5035/5035/5035 5073/5073/5073 5072/5072/5072
f 5036/5036/5036 5037/5037/5037 5074/5074/5074
f 5036/5036/5036 5074/5074/5074 5073/5073/5073
f 5037/5037/5037 5038/5038/5038 5075/5075/5075
f 5037/5037/5037 5075/5075/5075 5074/5074/5074
f 5038/5038/5038 5039/5039/5039 5076/5076/5076
f 5038/5038/5038 5076/5076/5076 5075/5075/5075
f 5039/5039/5039 5040/5040/5040 5077/5077/5077
f 5039/5039/5039 5077/5077/5077 5076/5076/5076
f 5040/5040/5040 5041/5041/5041 5078/5078/5078
f 5040/5040/5040 5078/5078/5078 5077/5077/5077
f 5041/5041/5041 5042/5042/5042 5079/5079/5079
f 5041/5041/5041 5079/5079/5079 5078/5078/5078
f 5042/5042/5042 5043/5043/5043 5080/5080/5080
f 5042/5042/5042 5080/5080/5080 5079/5079/5079
f 5043/5043/5043 5044/5044/5044 5081/5081/5081
f 5043/5043/5043 5081/5081/5081 5080/5080/5080
f 5044/5044/5044 5045/5045/5045 5082/5082/5082
f 5044/5044/5044 5082/5082/5082 5081/5081/5081
f 5045/5045/5045 5046/5046/5046 5083/5083/5083
f 5045/5045/5045 5083/5083/5083 5082/5082/5082
f 5046/5046/5046 5047/5047/5047 5084/5084/5084
f 5046/5046/5046 5084/5084/5084 5083/5083/5083
f 5047/5047/5047 5048/5048/5048 5085/5085/5085
f 5047/5047/5047 5085/5085/5085 5084/5084/5084
f 5048/5048/5048 5049/5049/5049 5086/5086/5086
f 5048/5048/5048 5086/5086/5086 5085/5085/5085
f 5049/5049/5049 5050/5050/5050 5087/5087/5087
f 5049/5049/5049 5087/5087/5087 5086/5086/5086
f 5050/5050/5050 5051/5051/5051 5088/5088/5088
f 5050/5050/5050 5088/5088/5088 5087/5087/5087
f 5051/5051/5051 5052/5052/5052 5089/5089/5089
f 5051/5051/5051 5089/5089/5089 5088/5088/5088
f 5052/5052/5052 5053/5053/5053 5090/5090/5090
f 5052/5052/5052 5090/5090/5090 5089/5089/5089
f 5053/5053/5053 5054/5054/5054 5091/5091/5091
f 5053/5053/5053 5091/5091/5091 5090/5090/5090
f 5054/5054/5054 5055/5055/5055 5092/5092/5092
f 5054/5054/5054 5092/5092/5092 5091/5091/5091
f 5055/5055/5055 5056/5056/5056 5093/5093/5093
f 5055/5055/5055 5093/5093/5093 5092/5092/5092
f 5056/5056/5056 5057/5057/5057 5094/5094/5094
f 5056/5056/5056 5094/5094/5094 5093/5093/5093
f 5095/5095/5095 5096/5096/5096 5133/5133/5133
f 5095/5095/5095 5133/5133/5133 5132/5132/5132
f 5096/5096/5096 5097/5097/5097 5134/5134/5134
f 5096/5096/5096 5134/5134/5134 5133/5133/5133
f 5097/5097/5097 5098/5098/5098 5135/5135/5135
f 5097/5097/5097 5135/5135/5135 5134/5134/5134
f 5098/5098/5098 5099/5099/5099 5136/5136/5136
f 5098/5098/5098 5136/5136/5136 5135/5135/5135
f 5099/5099/5099 5100/5100/5100 5137/5137/5137
f 5099/5099/5099 5137/5137/5137 5136/5136/5136
f 5100/5100/5100 5101/5101/5101 5138/5138/5138
f 5100/5100/5100 5138/5138/5138 5137/5137/5137
f 5101/5101/5101 5102/5102/5102 5139/5139/5139
f 5101/5101/5101 5139/5139/5139 5138/5138/5138
f 5102/5102/5102 5103/5103/5103 5140/5140/5140
f 5102/5102/5102 5140/5140/5140 5139/5139/5139
f 5103/5103/5103 5104/5104/5104 5141/5141/5141
f 5103/5103/5103 5141/5141/5141 5140/5140/5140
f 5104/5104/5104 5105/5105/5105 5142/5142/5142
f 5104/5104/5104 5142/5142/5142 5141/5141/5141
f 5105/5105/5105 5106/5106/5106 5143/5143/5143
f 5105/5105/5105 5143/5143/5143 5142/5142/5142
f 5106/5106/5106 5107/5107/5107 5144/5144/5144
f 5106/5106/5106 5144/5144/5144 5143/5143/5143
f 5107/5107/5107 5108/5108/5108 5145/5145/5145
f 5107/5107/5107 5145/5145/5145 5144/5144/5144
f 5108/5108/5108 5109/5109/5109 5146/5146/5146
f 5108/5108/5108 5146/5146/5146 5145/5145/5145
f 5109/5109/5109 5110/5110/5110 5147/5147/5147
f 5109/5109/5109 5147/5147/5147 5146/5146/5146
f 5110/5110/5110 5111/5111/5111 5148/5148/5148
f 5110/5110/5110 5148/5148/5148 5147/5147/5147
f 5111/5111/5111 5112/5112/5112 5149/5149/5149
f 5111/5111/5111 5149/5149/5149 5148/5148/5148
f 5112/5112/5112 5113/5113/5113 5150/5150/5150
f 5112/5112/5112 5150/5150/5150 5149/5149/5149
f 5113/5113/5113 5114/5114/5114 5151/5151/5151
f 5113/5113/5113 5151/5151/5151 5150/5150/5150
f 5114/5114/5114 5115/5115/5115 5152/5152/5152
f 5114/5114/5114 5152/5152/5152 5151/5151/5151
f 5115/5115/5115 5116/5116/5116 5153/5153/5153
f 5115/5115/5115 5153/5153/5153 5152/5152/5152
f 5116/5116/5116 5117/5117/5117 5154/5154/5154
f 5116/5116/5116 5154/5154/5154 5153/5153/5153
f 5117/5117/5117 5118/5118/5118 5155/5155/5155
f 5117/5117/5117 5155/5155/5155 5154/5154/5154
f 5118/5118/5118 5119/5119/5119 5156/5156/5156
f 5118/5118/5118 5156/5156/5156 5155/5155/5155
f 5119/5119/5119 5120/5120/5120 5157/5157/5157
f 5119/5119/5119 5157/5157/5157 5156/5156/5156
f 5120/5120/5120 5121/5121/5121 5158/5158/5158
f 5120/5120/5120 5158/5158/5158 5157/5157/5157
f 5121/5121/5121 5122/5122/5122 5159/5159/5159
f 5121/5121/5121 5159/5159/5159 5158/5158/5158
f 5122/5122/5122 5123/5123/5123 5160/5160/5160
f 5122/5122/5122 5160/5160/5160 5159/5159/5159
f 5123/5123/5123 5124/5124/5124 5161/5161/5161
f 5123/5123/5123 5161/5161/5161 5160/5160/5160
f 5124/5124/5124 5125/5125/5125 5162/5162/5162
f 5124/5124/5124 5162/5162/5162 5161/5161/5161
f 5125/5125/5125 5126/5126/5126 5163/5163/5163
f 5125/5125/5125 5163/5163/5163 5162/5162/5162
f 5126/5126/5126 5127/5127/5127 5164/5164/5164
f 5126/5126/5126 5164/5164/5164 5163/5163/5163
f 5127/5127/5127 5128/5128/5128 5165/5165/5165
f 5127/5127/5127 5165/5165/5165 5164/5164/5164
f 5128/5128/5128 5129/5129/5129 5166/5166/5166
f 5128/5128/5128 5166/5166/5166 5165/5165/5165
f 5129/5129/5129 5130/5130/5130 5167/5167/5167
f 5129/5129/5129 5167/5167/5167 5166/5166/5166
f 5130/5130/5130 5131/5131/5131 5168/5168/5168
f 5130/5130/5130 5168/5168/5168 5167/5167/5167
f 5132/5132/5132 5133/5133/5133 5170/5170/5170
f 5132/5132/5132 5170/5170/5170 5169/5169/5169
f 5133/5133/5133 5134/5134/5134 5171/5171/5171
f 5133/5133/5133 5171/5171/5171 5170/5170/5170
f 5134/5134/5134 5135/5135/5135 5172/5172/5172
f 5134/5134/5134 5172/5172/5172 5171/5171/5171
f 5135/5135/5135 5136/5136/5136 5173/5173/5173
f 5135/5135/5135 5173/5173/5173 5172/5172/5172
f 5136/5136/5136 5137/5137/5137 5174/5174/5174
f 5136/5136/5136 5174/5174/5174 5173/5173/5173
f 5137/5137/5137 5138/5138/5138 5175/5175/5175
f 5137/5137/5137 5175/5175/5175 5174/5174/5174
f 5138/5138/5138 5139/5139/5139 5176/5176/5176
f 5138/5138/5138 5176/5176/5176 5175/5175/5175
f 5139/5139/5139 5140/5140/5140 5177/5177/5177
f 5139/5139/5139 5177/5177/5177 5176/5176/5176
f 5140/5140/5140 5141/5141/5141 5178/5178/5178
f 5140/5140/5140 5178/5178/5178 5177/5177/5177
f 5141/5141/5141 5142/5142/5142 5179/5179/5179
f 5141/5141/5141 5179/5179/5179 5178/5178/5178
f 5142/5142/5142 5143/5143/5143 5180/5180/5180
f 5142/5142/5142 5180/5180/5180 5179/5179/5179
f 5143/5143/5143 5144/5144/5144 5181/5181/5181
f 5143/5143/5143 5181/5181/5181 5180/5180/5180
f 5144/5144/5144 5145/5145/5145 5182/5182/5182
f 5144/5144/5144 5182/5182/5182 5181/5181/5181
f 5145/5145/5145 5146/5146/5146 5183/5183/5183
f 5145/5145/5145 5183/5183/5183 5182/5182/5182
f 5146/5146/5146 5147/5147/5147 5184/5184/5184
f 5146/5146/5146 5184/5184/5184 5183/5183/5183
f 5147/5147/5147 5148/5148/5148 5185/5185/5185
f 5147/5147/5147 5185/5185/5185 5184/5184/5184
f 5148/5148/5148 5149/5149/5149 5186/5186/5186
f 5148/5148/5148 5186/5186/5186 5185/5185/5185
f 5149/5149/5149 5150/5150/5150 5187/5187/5187
f 5149/5149/5149 5187/5187/5187 5186/5186/5186
f 5150/5150/5150 5151/5151/5151 5188/5188/5188
f 5150/5150/5150 5188/5188/5188 5187/5187/5187
f 5151/5151/5151 5152/5152/5152 5189/5189/5189
f 5151/5151/5151 5189/5189/5189 5188/5188/5188
f 5152/5152/5152 5153/5153/5153 5190/5190/5190
f 5152/5152/5152 5190/5190/5190 5189/5189/5189
f 5153/5153/5153 5154/5154/5154 5191/5191/5191
f 5153/5153/5153 5191/5191/5191 5190/5190/5190
f 5154/5154/5154 5155/5155/5155 5192/5192/5192
f 5154/5154/5154 5192/5192/5192 5191/5191/5191
f 5155/5155/5155 5156/5156/5156 5193/5193/5193
f 5155/5155/5155 5193/5193/5193 5192/5192/5192
f 5156/5156/5156 5157/5157/5157 5194/5194/5194
f 5156/5156/5156 5194/5194/5194 5193/5193/5193
f 5157/5157/5157 5158/5158/5158 5195/5195/5195
f 5157/5157/5157 5195/5195/5195 5194/5194/5194
f 5158/5158/5158 5159/5159/5159 5196/5196/5196
f 5158/5158/5158 5196/5196/5196 5195/5195/5195
f 5159/5159/5159 5160/5160/5160 5197/5197/5197
f 5159/5159/5159 5197/5197/5197 5196/5196/5196
f 5160/5160/5160 5161/5161/5161 5198/5198/5198
f 5160/5160/5160 5198/5198/5198 5197/5197/5197
f 5161/5161/5161 5162/5162/5162 5199/5199/5199
f 5161/5161/5161 5199/5199/5199 5198/5198/5198
f 5162/5162/5162 5163/5163/5163 5200/5200/5200
f 5162/5162/5162 5200/5200/5200 5199/5199/5199
f 5163/5163/5163 5164/5164/5164 5201/5201/5201
f 5163/5163/5163 5201/5201/5201 5200/5200/5200
f 5164/5164/5164 5165/5165/5165 5202/5202/5202
f 5164/5164/5164 5202/5202/5202 5201/5201/5201
f 5165/5165/5165 5166/5166/5166 5203/5203/5203
f 5165/5165/5165 5203/5203/5203 5202/5202/5202
f 5166/5166/5166 5167/5167/5167 5204/5204/5204
f 5166/5166/5166 5204/5204/5204 5203/5203/5203
f 5167/5167/5167 5168/5168/5168 5205/5205/5205
f 5167/5167/5167 5205/5205/5205 5204/5204/5204
f 5169/5169/5169 5170/5170/5170 5207/5207/5207
f 5169/5169/5169 5207/5207/5207 5206/5206/5206
f 5170/5170/5170 5171/5171/5171 5208/5208/5208
f 5170/5170/5170 5208/5208/5208 5207/5207/5207
f 5171/5171/5171 5172/5172/5172 5209/5209/5209
f 5171/5171/5171 5209/5209/5209 5208/5208/5208
f 5172/5172/5172 5173/5173/5173 5210/5210/5210
f 5172/5172/5172 5210/5210/5210 5209/5209/5209
f 5173/5173/5173 5174/5174/5174 5211/5211/5211
f 5173/5173/5173 5211/5211/5211 5210/5210/5210
f 5174/5174/5174 5175/5175/5175 5212/5212/5212
f 5174/5174/5174 5212/5212/5212 5211/5211/5211
f 5175/5175/5175 5176/5176/5176 5213/5213/5213
f 5175/5175/5175 5213/5213/5213 5212/5212/5212
f 5176/5176/5176 5177/5177/5177 5214/5214/5214
f 5176/5176/5176 5214/5214/5214 5213/5213/5213
f 5177/5177/5177 5178/5178/5178 5215/5215/5215
f 5177/5177/5177 5215/5215/5215 5214/5214/5214
f 5178/5178/5178 5179/5179/5179 5216/5216/5216
f 5178/5178/5178 5216/5216/5216 5215/5215/5215
f 5179/5179/5179 5180/5180/5180 5217/5217/5217
f 5179/5179/5179 5217/5217/5217 5216/5216/5216
f 5180/5180/5180 5181/5181/5181 5218/5218/5218
f 5180/5180/5180 5218/5218/5218 5217/5217/5217
f 5181/5181/5181 5182/5182/5182 5219/5219/5219
f 5181/5181/5181 5219/5219/5219 5218/5218/5218
f 5182/5182/5182 5183/5183/5183 5220/5220/5220
f 5182/5182/5182 5220/5220/5220 5219/5219/5219
f 5183/5183/5183 5184/5184/5184 5221/5221/5221
f 5183/5183/5183 5221/5221/5221 5220/5220/5220
f 5184/5184/5184 5185/5185/5185 5222/5222/5222
f 5184/5184/5184 5222/5222/5222 5221/5221/5221
f 5185/5185/5185 5186/5186/5186 5223/5223/5223
f 5185/5185/5185 5223/5223/5223 5222/5222/5222
f 5186/5186/5186 5187/5187/5187 5224/5224/5224
f 5186/5186/5186 5224/5224/5224 5223/5223/5223
f 5187/5187/5187 5188/5188/5188 5225/5225/5225
f 5187/5187/5187 5225/5225/5225 5224/5224/5224
f 5188/5188/5188 5189/5189/5189 5226/5226/5226
f 5188/5188/5188 5226/5226/5226 5225/5225/5225
f 5189/5189/5189 5190/5190/5190 5227/5227/5227
f 5189/5189/5189 5227/5227/5227 5226/5226/5226
f 5190/5190/5190 5191/5191/5191 5228/5228/5228
f 5190/5190/5190 5228/5228/5228 5227/5227/5227
f 5191/5191/5191 5192/5192/5192 5229/5229/5229
f 5191/5191/5191 5229/5229/5229 5228/5228/5228
f 5192/5192/5192 5193/5193/5193 5230/5230/5230
f 5192/5192/5192 5230/5230/5230 5229/5229/5229
f 5193/5193/5193 5194/5194/5194 5231/5231/5231
f 5193/5193/5193 5231/5231/5231 5230/5230/5230
f 5194/5194/5194 5195/5195/5195 5232/5232/5232
f 5194/5194/5194 5232/5232/5232 5231/5231/5231
f 5195/5195/5195 5196/5196/5196 5233/5233/5233
f 5195/5195/5195 5233/5233/5233 5232/5232/5232
f 5196/5196/5196 5197/5197/5197 5234/5234/5234
f 5196/5196/5196 5234/5234/5234 5233/5233/5233
f 5197/5197/5197 5198/5198/5198 5235/5235/5235
f 5197/5197/5197 5235/5235/5235 5234/5234/5234
f 5198/5198/5198 5199/5199/5199 5236/5236/5236
f 5198/5198/5198 5236/5236/5236 5235/5235/5235
f 5199/5199/5199 5200/5200/5200 5237/5237/5237
f 5199/5199/5199 5237/5237/5237 5236/5236/5236
f 5200/5200/5200 5201/5201/5201 5238/5238/5238
f 5200/5200/5200 5238/5238/5238 5237/5237/5237
f 5201/5201/5201 5202/5202/5202 5239/5239/5239
f 5201/5201/5201 5239/5239/5239 5238/5238/5238
f 5202/5202/5202 5203/5203/5203 5240/5240/5240
f 5202/5202/5202 5240/5240/5240 5239/5239/5239
f 5203/5203/5203 5204/5204/5204 5241/5241/5241
f 5203/5203/5203 5241/5241/5241 5240/5240/5240
f 5204/5204/5204 5205/5205/5205 5242/5242/5242
f 5204/5204/5204 5242/5242/5242 5241/5241/5241
f 5206/5206/5206 5207/5207/5207 5244/5244/5244
f 5206/5206/5206 5244/5244/5244 5243/5243/5243
f 5207/5207/5207 5208/5208/5208 5245/5245/5245
f 5207/5207/5207 5245/5245/5245 5244/5244/5244
f 5208/5208/5208 5209/5209/5209 5246/5246/5246
f 5208/5208/5208 5246/5246/5246 5245/5245/5245
f 5209/5209/5209 5210/5210/5210 5247/5247/5247
f 5209/5209/5209 5247/5247/5247 5246/5246/5246
f 5210/5210/5210 5211/5211/5211 5248/5248/5248
f 5210/5210/5210 5248/5248/5248 5247/5247/5247
f 5211/5211/5211 5212/5212/5212 5249/5249/5249
f 5211/5211/5211 5249/5249/5249 5248/5248/5248
f 5212/5212/5212 5213/5213/5213 5250/5250/5250
f 5212/5212/5212 5250/5250/5250 5249/5249/5249
f 5213/5213/5213 5214/5214/5214 5251/5251/5251
f 5213/5213/5213 5251/5251/5251 5250/5250/5250
f 5214/5214/5214 5215/5215/5215 5252/5252/5252
f 5214/5214/5214 5252/5252/5252 5251/5251/5251
f 5215/5215/5215 5216/5216/5216 5253/5253/5253
f 5215/5215/5215 5253/5253/5253 5252/5252/5252
f 5216/5216/5216 5217/5217/5217 5254/5254/5254
f 5216/5216/5216 5254/5254/5254 5253/5253/5253
f 5217/5217/5217 5218/5218/5218 5255/5255/5255
f 5217/5217/5217 5255/5255/5255 5254/5254/5254
f 5218/5218/5218 5219/5219/5219 5256/5256/5256
f 5218/5218/5218 5256/5256/5256 5255/5255/5255
f 5219/5219/5219 5220/5220/5220 5257/5257/5257
f 5219/5219/5219 5257/5257/5257 5256/5256/5256
f 5220/5220/5220 5221/5221/5221 5258/5258/5258
f 5220/5220/5220 5258/5258/5258 5257/5257/5257
f 5221/5221/5221 5222/5222/5222 5259/5259/5259
f 5221/5221/5221 5259/5259/5259 5258/5258/5258
f 5222/5222/5222 5223/5223/5223 5260/5260/5260
f 5222/5222/5222 5260/5260/5260 5259/5259/5259
f 5223/5223/5223 5224/5224/5224 5261/5261/5261
f 5223/5223/5223 5261/5261/5261 5260/5260/5260
f 5224/5224/5224 5225/5225/5225 5262/5262/5262
f 5224/5224/5224 5262/5262/5262 5261/5261/5261
f 5225/5225/5225 5226/5226/5226 5263/5263/5263
f 5225/5225/5225 5263/5263/5263 5262/5262/5262
f 5226/5226/5226 5227/5227/5227 5264/5264/5264
f 5226/5226/5226 5264/5264/5264 5263/5263/5263
f 5227/5227/5227 5228/5228/5228 5265/5265/5265
f 5227/5227/5227 5265/5265/5265 5264/5264/5264
f 5228/5228/5228 5229/5229/5229 5266/5266/5266
f 5228/5228/5228 5266/5266/5266 5265/5265/5265
f 5229/5229/5229 5230/5230/5230 5267/5267/5267
f 5229/5229/5229 5267/5267/5267 5266/5266/5266
f 5230/5230/5230 5231/5231/5231 5268/5268/5268
f 5230/5230/5230 5268/5268/5268 5267/5267/5267
f 5231/5231/5231 5232/5232/5232 5269/5269/5269
f 5231/5231/5231 5269/5269/5269 5268/5268/5268
f 5232/5232/5232 5233/5233/5233 5270/5270/5270
f 5232/5232/5232 5270/5270/5270 5269/5269/5269
f 5233/5233/5233 5234/5234/5234 5271/5271/5271
f 5233/5233/5233 5271/5271/5271 5270/5270/5270
f 5234/5234/5234 5235/5235/5235 5272/5272/5272
f 5234/5234/5234 5272/5272/5272 5271/5271/5271
f 5235/5235/5235 5236/5236/5236 5273/5273/5273
f 5235/5235/5235 5273/5273/5273 5272/5272/5272
f 5236/5236/5236 5237/5237/5237 5274/5274/5274
f 5236/5236/5236 5274/5274/5274 5273/5273/5273
f 5237/5237/5237 5238/5238/5238 5275/5275/5275
f 5237/5237/5237 5275/5275/5275 5274/5274/5274
f 5238/5238/5238 5239/5239/5239 5276/5276/5276
f 5238/5238/5238 5276/5276/5276 5275/5275/5275
f 5239/5239/5239 5240/5240/5240 5277/5277/5277
f 5239/5239/5239 5277/5277/5277 5276/5276/5276
f 5240/5240/5240 5241/5241/5241 5278/5278/5278
f 5240/5240/5240 5278/5278/5278 5277/5277/5277
f 5241/5241/5241 5242/5242/5242 5279/5279/5279
f 5241/5241/5241 5279/5279/5279 5278/5278/5278
f 5243/5243/5243 5244/5244/5244 5281/5281/5281
f 5243/5243/5243 5281/5281/5281 5280/5280/5280
f 5244/5244/5244 5245/5245/5245 5282/5282/5282
f 5244/5244/5244 5282/5282/5282 5281/5281/5281
f 5245/5245/5245 5246/5246/5246 5283/5283/5283
f 5245/5245/5245 5283/5283/5283 5282/5282/5282
f 5246/5246/5246 5247/5247/5247 5284/5284/5284
f 5246/5246/5246 5284/5284/5284 5283/5283/5283
f 5247/5247/5247 5248/5248/5248 5285/5285/5285
f 5247/5247/5247 5285/5285/5285 5284/5284/5284
f 5248/5248/5248 5249/5249/5249 5286/5286/5286
f 5248/5248/5248 5286/5286/5286 5285/5285/5285
f 5249/5249/5249 5250/5250/5250 5287/5287/5287
f 5249/5249/5249 5287/5287/5287 5286/5286/5286
f 5250/5250/5250 5251/5251/5251 5288/5288/5288
f 5250/5250/5250 5288/5288/5288 5287/5287/5287
f 5251/5251/5251 5252/5252/5252 5289/5289/5289
f 5251/5251/5251 5289/5289/5289 5288/5288/5288
f 5252/5252/5252 5253/5253/5253 5290/5290/5290
f 5252/5252/5252 5290/5290/5290 5289/5289/5289
f 5253/5253/5253 5254/5254/5254 5291/5291/5291
f 5253/5253/5253 5291/5291/5291 5290/5290/5290
f 5254/5254/5254 5255/5255/5255 5292/5292/5292
f 5254/5254/5254 5292/5292/5292 5291/5291/5291
f 5255/5255/5255 5256/5256/5256 5293/5293/5293
f 5255/5255/5255 5293/5293/5293 5292/5292/5292
f 5256/5256/5256 5257/5257/5257 5294/5294/5294
f 5256/5256/5256 5294/5294/5294 5293/5293/5293
f 5257/5257/5257 5258/5258/5258 5295/5295/5295
f 5257/5257/5257 5295/5295/5295 5294/5294/5294
f 5258/5258/5258 5259/5259/5259 5296/5296/5296
f 5258/5258/5258 5296/5296/5296 5295/5295/5295
f 5259/5259/5259 5260/5260/5260 5297/5297/5297
f 5259/5259/5259 5297/5297/5297 5296/5296/5296
f 5260/5260/5260 5261/5261/5261 5298/5298/5298
f 5260/5260/5260 5298/5298/5298 5297/5297/5297
f 5261/5261/5261 5262/5262/5262 5299/5299/5299
f 5261/5261/5261 5299/5299/5299 5298/5298/5298
f 5262/5262/5262 5263/5263/5263 5300/5300/5300
f 5262/5262/5262 5300/5300/5300 5299/5299/5299
f 5263/5263/5263 5264/5264/5264 5301/5301/5301
f 5263/5263/5263 5301/5301/5301 5300/5300/5300
f 5264/5264/5264 5265/5265/5265 5302/5302/5302
f 5264/5264/5264 5302/5302/5302 5301/5301/5301
f 5265/5265/5265 5266/5266/5266 5303/5303/5303
f 5265/5265/5265 5303/5303/5303 5302/5302/5302
f 5266/5266/5266 5267/5267/5267 5304/5304/5304
f 5266/5266/5266 5304/5304/5304 5303/5303/5303
f 5267/5267/5267 5268/5268/5268 5305/5305/5305
f 5267/5267/5267 5305/5305/5305 5304/5304/5304
f 5268/5268/5268 5269/5269/5269 5306/5306/5306
f 5268/5268/5268 5306/5306/5306 5305/5305/5305
f 5269/5269/5269 5270/5270/5270 5307/5307/5307
f 5269/5269/5269 5307/5307/5307 5306/5306/5306
f 5270/5270/5270 5271/5271/5271 5308/5308/5308
f 5270/5270/5270 5308/5308/5308 5307/5307/5307
f 5271/5271/5271 5272/5272/5272 5309/5309/5309
f 5271/5271/5271 5309/5309/5309 5308/5308/5308
f 5272/5272/5272 5273/5273/5273 5310/5310/5310
f 5272/5272/5272 5310/5310/5310 5309/5309/5309
f 5273/5273/5273 5274/5274/5274 5311/5311/5311
f 5273/5273/5273 5311/5311/5311 5310/5310/5310
f 5274/5274/5274 5275/5275/5275 5312/5312/5312
f 5274/5274/5274 5312/5312/5312 5311/5311/5311
f 5275/5275/5275 5276/5276/5276 5313/5313/5313
f 5275/5275/5275 5313/5313/5313 5312/5312/5312
f 5276/5276/5276 5277/5277/5277 5314/5314/5314
f 5276/5276/5276 5314/5314/5314 5313/5313/5313
f 5277/5277/5277 5278/5278/5278 5315/5315/5315
f 5277/5277/5277 5315/5315/5315 5314/5314/5314
f 5278/5278/5278 5279/5279/5279 5316/5316/5316
f 5278/5278/5278 5316/5316/5316 5315/5315/5315
f 5317/5317/5317 5318/5318/5318 5355/5355/5355
f 5317/5317/5317 5355/5355/5355 5354/5354/5354
f 5318/5318/5318 5319/5319/5319 5356/5356/5356
f 5318/5318/5318 5356/5356/5356 5355/5355/5355
f 5319/5319/5319 5320/5320/5320 5357/5357/5357
f 5319/5319/5319 5357/5357/5357 5356/5356/5356
f 5320/5320/5320 5321/5321/5321 5358/5358/5358
f 5320/5320/5320 5358/5358/5358 5357/5357/5357
f 5321/5321/5321 5322/5322/5322 5359/5359/5359
f 5321/5321/5321 5359/5359/5359 5358/5358/5358
f 5322/5322/5322 5323/5323/5323 5360/5360/5360
f 5322/5322/5322 5360/5360/5360 5359/5359/5359
f 5323/5323/5323 5324/5324/5324 5361/5361/5361
f 5323/5323/5323 5361/5361/5361 5360/5360/5360
f 5324/5324/5324 5325/5325/5325 5362/5362/5362
f 5324/5324/5324 5362/5362/5362 5361/5361/5361
f 5325/5325/5325 5326/5326/5326 5363/5363/5363
f 5325/5325/5325 5363/5363/5363 5362/5362/5362
f 5326/5326/5326 5327/5327/5327 5364/5364/5364
f 5326/5326/5326 5364/5364/5364 5363/5363/5363
f 5327/5327/5327 5328/5328/5328 5365/5365/5365
f 5327/5327/5327 5365/5365/5365 5364/5364/5364
f 5328/5328/5328 5329/5329/5329 5366/5366/5366
f 5328/5328/5328 5366/5366/5366 5365/5365/5365
f 5329/5329/5329 5330/5330/5330 5367/5367/5367
f 5329/5329/5329 5367/5367/5367 5366/5366/5366
f 5330/5330/5330 5331/5331/5331 5368/5368/5368
f 5330/5330/5330 5368/5368/5368 5367/5367/5367
f 5331/5331/5331 5332/5332/5332 5369/5369/5369
f 5331/5331/5331 5369/5369/5369 5368/5368/5368
f 5332/5332/5332 5333/5333/5333 5370/5370/5370
f 5332/5332/5332 5370/5370/5370 5369/5369/5369
f 5333/5333/5333 5334/5334/5334 5371/5371/5371
f 5333/5333/5333 5371/5371/5371 5370/5370/5370
f 5334/5334/5334 5335/5335/5335 5372/5372/5372
f 5334/5334/5334 5372/5372/5372 5371/5371/5371
f 5335/5335/5335 5336/5336/5336 5373/5373/5373
f 5335/5335/5335 5373/5373/5373 5372/5372/5372
f 5336/5336/5336 5337/5337/5337 5374/5374/5374
f 5336/5336/5336 5374/5374/5374 5373/5373/5373
f 5337/5337/5337 5338/5338/5338 5375/5375/5375
f 5337/5337/5337 5375/5375/5375 5374/5374/5374
f 5338/5338/5338 5339/5339/5339 5376/5376/5376
f 5338/5338/5338 5376/5376/5376 5375/5375/5375
f 5339/5339/5339 5340/5340/5340 5377/5377/5377
f 5339/5339/5339 5377/5377/5377 5376/5376/5376
f 5340/5340/5340 5341/5341/5341 5378/5378/5378
f 5340/5340/5340 5378/5378/5378 5377/5377/5377
f 5341/5341/5341 5342/5342/5342 5379/5379/5379
f 5341/5341/5341 5379/5379/5379 5378/5378/5378
f 5342/5342/5342 5343/5343/5343 5380/5380/5380
f 5342/5342/5342 5380/5380/5380 5379/5379/5379
f 5343/5343/5343 5344/5344/5344 5381/5381/5381
f 5343/5343/5343 5381/5381/5381 5380/5380/5380
f 5344/5344/5344 5345/5345/5345 5382/5382/5382
f 5344/5344/5344 5382/5382/5382 5381/5381/5381
f 5345/5345/5345 5346/5346/5346 5383/5383/5383
f 5345/5345/5345 5383/5383/5383 5382/5382/5382
f 5346/5346/5346 5347/5347/5347 5384/5384/5384
f 5346/5346/5346 5384/5384/5384 5383/5383/5383
f 5347/5347/5347 5348/5348/5348 5385/5385/5385
f 5347/5347/5347 5385/5385/5385 5384/5384/5384
f 5348/5348/5348 5349/5349/5349 5386/5386/5386
f 5348/5348/5348 5386/5386/5386 5385/5385/5385
f 5349/5349/5349 5350/5350/5350 5387/5387/5387
f 5349/5349/5349 5387/5387/5387 5386/5386/5386
f 5350/5350/5350 5351/5351/5351 5388/5388/5388
f 5350/5350/5350 5388/5388/5388 5387/5387/5387
f 5351/5351/5351 5352/5352/5352 5389/5389/5389
f 5351/5351/5351 5389/5389/5389 5388/5388/5388
f 5352/5352/5352 5353/5353/5353 5390/5390/5390
f 5352/5352/5352 5390/5390/5390 5389/5389/5389
f 5354/5354/5354 5355/5355/5355 5392/5392/5392
f 5354/5354/5354 5392/5392/5392 5391/5391/5391
f 5355/5355/5355 5356/5356/5356 5393/5393/5393
f 5355/5355/5355 5393/5393/5393 5392/5392/5392
f 5356/5356/5356 5357/5357/5357 5394/5394/5394
f 5356/5356/5356 5394/5394/5394 5393/5393/5393
f 5357/5357/5357 5358/5358/5358 5395/5395/5395
f 5357/5357/5357 5395/5395/5395 5394/5394/5394
f 5358/5358/5358 5359/5359/5359 5396/5396/5396
f 5358/5358/5358 5396/5396/5396 5395/5395/5395
f 5359/5359/5359 5360/5360/5360 5397/5397/5397
f 5359/5359/5359 5397/5397/5397 5396/5396/5396
f 5360/5360/5360 5361/5361/5361 5398/5398/5398
f 5360/5360/5360 5398/5398/5398 5397/5397/5397
f 5361/5361/5361 5362/5362/5362 5399/5399/5399
f 5361/5361/5361 5399/5399/5399 5398/5398/5398
f 5362/5362/5362 5363/5363/5363 5400/5400/5400
f 5362/5362/5362 5400/5400/5400 5399/5399/5399
f 5363/5363/5363 5364/5364/5364 5401/5401/5401
f 5363/5363/5363 5401/5401/5401 5400/5400/5400
f 5364/5364/5364 5365/5365/5365 5402/5402/5402
f 5364/5364/5364 5402/5402/5402 5401/5401/5401
f 5365/5365/5365 5366/5366/5366 5403/5403/5403
f 5365/5365/5365 5403/5403/5403 5402/5402/5402
f 5366/5366/5366 5367/5367/5367 5404/5404/5404
f 5366/5366/5366 5404/5404/5404 5403/5403/5403
f 5367/5367/5367 5368/5368/5368 5405/5405/5405
f 5367/5367/5367 5405/5405/5405 5404/5404/5404
f 5368/5368/5368 5369/5369/5369 5406/5406/5406
f 5368/5368/5368 5406/5406/5406 5405/5405/5405
f 5369/5369/5369 5370/5370/5370 5407/5407/5407
f 5369/5369/5369 5407/5407/5407 5406/5406/5406
f 5370/5370/5370 5371/5371/5371 5408/5408/5408
f 5370/5370/5370 5408/5408/5408 5407/5407/5407
f 5371/5371/5371 5372/5372/5372 5409/5409/5409
f 5371/5371/5371 5409/5409/5409 5408/5408/5408
f 5372/5372/5372 5373/5373/5373 5410/5410/5410
f 5372/5372/5372 5410/5410/5410 5409/5409/5409
f 5373/5373/5373 5374/5374/5374 5411/5411/5411
f 5373/5373/5373 5411/5411/5411 5410/5410/5410
f 5374/5374/5374 5375/5375/5375 5412/5412/5412
f 5374/5374/5374 5412/5412/5412 5411/5411/5411
f 5375/5375/5375 5376/5376/5376 5413/5413/5413
f 5375/5375/5375 5413/5413/5413 5412/5412/5412
f 5376/5376/5376 5377/5377/5377 5414/5414/5414
f 5376/5376/5376 5414/5414/5414 5413/5413/5413
f 5377/5377/5377 5378/5378/5378 5415/5415/5415
f 5377/5377/5377 5415/5415/5415 5414/5414/5414
f 5378/5378/5378 5379/5379/5379 5416/5416/5416
f 5378/5378/5378 5416/5416/5416 5415/5415/5415
f 5379/5379/5379 5380/5380/5380 5417/5417/5417
f 5379/5379/5379 5417/5417/5417 5416/5416/5416
f 5380/5380/5380 5381/5381/5381 5418/5418/5418
f 5380/5380/5380 5418/5418/5418 5417/5417/5417
f 5381/5381/5381 5382/5382/5382 5419/5419/5419
f 5381/5381/5381 5419/5419/5419 5418/5418/5418
f 5382/5382/5382 5383/5383/5383 5420/5420/5420
f 5382/5382/5382 5420/5420/5420 5419/5419/5419
f 5383/5383/5383 5384/5384/5384 5421/5421/5421
f 5383/5383/5383 5421/5421/5421 5420/5420/5420
f 5384/5384/5384 5385/5385/5385 5422/5422/5422
f 5384/5384/5384 5422/5422/5422 5421/5421/5421
f 5385/5385/5385 5386/5386/5386 5423/5423/5423
f 5385/5385/5385 5423/5423/5423 5422/5422/5422
f 5386/5386/5386 5387/5387/5387 5424/5424/5424
f 5386/5386/5386 5424/5424/5424 5423/5423/5423
f 5387/5387/5387 5388/5388/5388 5425/5425/5425
f 5387/5387/5387 5425/5425/5425 5424/5424/5424
f 5388/5388/5388 5389/5389/5389 5426/5426/5426
f 5388/5388/5388 5426/5426/5426 5425/5425/5425
f 5389/5389/5389 5390/5390/5390 5427/5427/5427
f 5389/5389/5389 5427/5427/5427 5426/5426/5426
f 5391/5391/5391 5392/5392/5392 5429/5429/5429
f 5391/5391/5391 5429/5429/5429 5428/5428/5428
f 5392/5392/5392 5393/5393/5393 5430/5430/5430
f 5392/5392/5392 5430/5430/5430 5429/5429/5429
f 5393/5393/5393 5394/5394/5394 5431/5431/5431
f 5393/5393/5393 5431/5431/5431 5430/5430/5430
f 5394/5394/5394 5395/5395/5395 5432/5432/5432
f 5394/5394/5394 5432/5432/5432 5431/5431/5431
f 5395/5395/5395 5396/5396/5396 5433/5433/5433
f 5395/5395/5395 5433/5433/5433 5432/5432/5432
f 5396/5396/5396 5397/5397/5397 5434/5434/5434
f 5396/5396/5396 5434/5434/5434 5433/5433/5433
f 5397/5397/5397 5398/5398/5398 5435/5435/5435
f 5397/5397/5397 5435/5435/5435 5434/5434/5434
f 5398/5398/5398 5399/5399/5399 5436/5436/5436
f 5398/5398/5398 5436/5436/5436 5435/5435/5435
f 5399/5399/5399 5400/5400/5400 5437/5437/5437
f 5399/5399/5399 5437/5437/5437 5436/5436/5436
f 5400/5400/5400 5401/5401/5401 5438/5438/5438
f 5400/5400/5400 5438/5438/5438 5437/5437/5437
f 5401/5401/5401 5402/5402/5402 5439/5439/5439
f 5401/5401/5401 5439/5439/5439 5438/5438/5438
f 5402/5402/5402 5403/5403/5403 5440/5440/5440
f 5402/5402/5402 5440/5440/5440 5439/5439/5439
f 5403/5403/5403 5404/5404/5404 5441/5441/5441
f 5403/5403/5403 5441/5441/5441 5440/5440/5440
f 5404/5404/5404 5405/5405/5405 5442/5442/5442
f 5404/5404/5404 5442/5442/5442 5441/5441/5441
f 5405/5405/5405 5406/5406/5406 5443/5443/5443
f 5405/5405/5405 5443/5443/5443 5442/5442/5442
f 5406/5406/5406 5407/5407/5407 5444/5444/5444
f 5406/5406/5406 5444/5444/5444 5443/5443/5443
f 5407/5407/5407 5408/5408/5408 5445/5445/5445
f 5407/5407/5407 5445/5445/5445 5444/5444/5444
f 5408/5408/5408 5409/5409/5409 5446/5446/5446
f 5408/5408/5408 5446/5446/5446 5445/5445/5445
f 5409/5409/5409 5410/5410/5410 5447/5447/5447
f 5409/5409/5409 5447/5447/5447 5446/5446/5446
f 5410/5410/5410 5411/5411/5411 5448/5448/5448
f 5410/5410/5410 5448/5448/5448 5447/5447/5447
f 5411/5411/5411 5412/5412/5412 5449/5449/5449
f 5411/5411/5411 5449/5449/5449 5448/5448/5448
f 5412/5412/5412 5413/5413/5413 5450/5450/5450
f 5412/5412/5412 5450/5450/5450 5449/5449/5449
f 5413/5413/5413 5414/5414/5414 5451/5451/5451
f 5413/5413/5413 5451/5451/5451 5450/5450/5450
f 5414/5414/5414 5415/5415/5415 5452/5452/5452
f 5414/5414/5414 5452/5452/5452 5451/5451/5451
f 5415/5415/5415 5416/5416/5416 5453/5453/5453
f 5415/5415/5415 5453/5453/5453 5452/5452/5452
f 5416/5416/5416 5417/5417/5417 5454/5454/5454
f 5416/5416/5416 5454/5454/5454 5453/5453/5453
f 5417/5417/5417 5418/5418/5418 5455/5455/5455
f 5417/5417/5417 5455/5455/5455 5454/5454/5454
f 5418/5418/5418 5419/5419/5419 5456/5456/5456
f 5418/5418/5418 5456/5456/5456 5455/5455/5455
f 5419/5419/5419 5420/5420/5420 5457/5457/5457
f 5419/5419/5419 5457/5457/5457 5456/5456/5456
f 5420/5420/5420 5421/5421/5421 5458/5458/5458
f 5420/5420/5420 5458/5458/5458 5457/5457/5457
f 5421/5421/5421 5422/5422/5422 5459/5459/5459
f 5421/5421/5421 5459/5459/5459 5458/5458/5458
f 5422/5422/5422 5423/5423/5423 5460/5460/5460
f 5422/5422/5422 5460/5460/5460 5459/5459/5459
f 5423/5423/5423 5424/5424/5424 5461/5461/5461
f 5423/5423/5423 5461/5461/5461 5460/5460/5460
f 5424/5424/5424 5425/5425/5425 5462/5462/5462
f 5424/5424/5424 5462/5462/5462 5461/5461/5461
f 5425/5425/5425 5426/5426/5426 5463/5463/5463
f 5425/5425/5425 5463/5463/5463 5462/5462/5462
f 5426/5426/5426 5427/5427/5427 5464/5464/5464
f 5426/5426/5426 5464/5464/5464 5463/5463/5463
f 5428/5428/5428 5429/5429/5429 5466/5466/5466
f 5428/5428/5428 5466/5466/5466 5465/5465/5465
f 5429/5429/5429 5430/5430/5430 5467/5467/5467
f 5429/5429/5429 5467/5467/5467 5466/5466/5466
f 5430/5430/5430 5431/5431/5431 5468/5468/5468
f 5430/5430/5430 5468/5468/5468 5467/5467/5467
f 5431/5431/5431 5432/5432/5432 5469/5469/5469
f 5431/5431/5431 5469/5469/5469 5468/5468/5468
f 5432/5432/5432 5433/5433/5433 5470/5470/5470
f 5432/5432/5432 5470/5470/5470 5469/5469/5469
f 5433/5433/5433 5434/5434/5434 5471/5471/5471
f 5433/5433/5433 5471/5471/5471 5470/5470/5470
f 5434/5434/5434 5435/5435/5435 5472/5472/5472
f 5434/5434/5434 5472/5472/5472 5471/5471/5471
f 5435/5435/5435 5436/5436/5436 5473/5473/5473
f 5435/5435/5435 5473/5473/5473 5472/5472/5472
f 5436/5436/5436 5437/5437/5437 5474/5474/5474
f 5436/5436/5436 5474/5474/5474 5473/5473/5473
f 5437/5437/5437 5438/5438/5438 5475/5475/5475
f 5437/5437/5437 5475/5475/5475 5474/5474/5474
f 5438/5438/5438 5439/5439/5439 5476/5476/5476
f 5438/5438/5438 5476/5476/5476 5475/5475/5475
f 5439/5439/5439 5440/5440/5440 5477/5477/5477
f 5439/5439/5439 5477/5477/5477 5476/5476/5476
f 5440/5440/5440 5441/5441/5441 5478/5478/5478
f 5440/5440/5440 5478/5478/5478 5477/5477/5477
f 5441/5441/5441 5442/5442/5442 5479/5479/5479
f 5441/5441/5441 5479/5479/5479 5478/5478/5478
f 5442/5442/5442 5443/5443/5443 5480/5480/5480
f 5442/5442/5442 5480/5480/5480 5479/5479/5479
f 5443/5443/5443 5444/5444/5444 5481/5481/5481
f 5443/5443/5443 5481/5481/5481 5480/5480/5480
f 5444/5444/5444 5445/5445/5445 5482/5482/5482
f 5444/5444/5444 5482/5482/5482 5481/5481/5481
f 5445/5445/5445 5446/5446/5446 5483/5483/5483
f 5445/5445/5445 5483/5483/5483 5482/5482/5482
f 5446/5446/5446 5447/5447/5447 5484/5484/5484
f 5446/5446/5446 5484/5484/5484 5483/5483/5483
f 5447/5447/5447 5448/5448/5448 5485/5485/5485
f 5447/5447/5447 5485/5485/5485 5484/5484/5484
f 5448/5448/5448 5449/5449/5449 5486/5486/5486
f 5448/5448/5448 5486/5486/5486 5485/5485/5485
f 5449/5449/5449 5450/5450/5450 5487/5487/5487
f 5449/5449/5449 5487/5487/5487 5486/5486/5486
f 5450/5450/5450 5451/5451/5451 5488/5488/5488
f 5450/5450/5450 5488/5488/5488 5487/5487/5487
f 5451/5451/5451 5452/5452/5452 5489/5489/5489
f 5451/5451/5451 5489/5489/5489 5488/5488/5488
f 5452/5452/5452 5453/5453/5453 5490/5490/5490
f 5452/5452/5452 5490/5490/5490 5489/5489/5489
f 5453/5453/5453 5454/5454/5454 5491/5491/5491
f 5453/5453/5453 5491/5491/5491 5490/5490/5490
f 5454/5454/5454 5455/5455/5455 5492/5492/5492
f 5454/5454/5454 5492/5492/5492 5491/5491/5491
f 5455/5455/5455 5456/5456/5456 5493/5493/5493
f 5455/5455/5455 5493/5493/5493 5492/5492/5492
f 5456/5456/5456 5457/5457/5457 5494/5494/5494
f 5456/5456/5456 5494/5494/5494 5493/5493/5493
f 5457/5457/5457 5458/5458/5458 5495/5495/5495
f 5457/5457/5457 5495/5495/5495 5494/5494/5494
f 5458/5458/5458 5459/5459/5459 5496/5496/5496
f 5458/5458/5458 5496/5496/5496 5495/5495/5495
f 5459/5459/5459 5460/5460/5460 5497/5497/5497
f 5459/5459/5459 5497/5497/5497 5496/5496/5496
f 5460/5460/5460 5461/5461/5461 5498/5498/5498
f 5460/5460/5460 5498/5498/5498 5497/5497/5497
f 5461/5461/5461 5462/5462/5462 5499/5499/5499
f 5461/5461/5461 5499/5499/5499 5498/5498/5498
f 5462/5462/5462 5463/5463/5463 5500/5500/5500
f 5462/5462/5462 5500/5500/5500 5499/5499/5499
f 5463/5463/5463 5464/5464/5464 5501/5501/5501
f 5463/5463/5463 5501/5501/5501 5500/5500/5500
f 5465/5465/5465 5466/5466/5466 5503/5503/5503
f 5465/5465/5465 5503/5503/5503 5502/5502/5502
f 5466/5466/5466 5467/5467/5467 5504/5504/5504
f 5466/5466/5466 5504/5504/5504 5503/5503/5503
f 5467/5467/5467 5468/5468/5468 5505/5505/5505
f 5467/5467/5467 5505/5505/5505 5504/5504/5504
f 5468/5468/5468 5469/5469/5469 5506/5506/5506
f 5468/5468/5468 5506/5506/5506 5505/5505/5505
f 5469/5469/5469 5470/5470/5470 5507/5507/5507
f 5469/5469/5469 5507/5507/5507 5506/5506/5506
f 5470/5470/5470 5471/5471/5471 5508/5508/5508
f 5470/5470/5470 5508/5508/5508 5507/5507/5507
f 5471/5471/5471 5472/5472/5472 5509/5509/5509
f 5471/5471/5471 5509/5509/5509 5508/5508/5508
f 5472/5472/5472 5473/5473/5473 5510/5510/5510
f 5472/5472/5472 5510/5510/5510 5509/5509/5509
f 5473/5473/5473 5474/5474/5474 5511/5511/5511
f 5473/5473/5473 5511/5511/5511 5510/5510/5510
f 5474/5474/5474 5475/5475/5475 5512/5512/5512
f 5474/5474/5474 5512/5512/5512 5511/5511/5511
f 5475/5475/5475 5476/5476/5476 5513/5513/5513
f 5475/5475/5475 5513/5513/5513 5512/5512/5512
f 5476/5476/5476 5477/5477/5477 5514/5514/5514
f 5476/5476/5476 5514/5514/5514 5513/5513/5513
f 5477/5477/5477 5478/5478/5478 5515/5515/5515
f 5477/5477/5477 5515/5515/5515 5514/5514/5514
f 5478/5478/5478 5479/5479/5479 5516/5516/5516
f 5478/5478/5478 5516/5516/5516 5515/5515/5515
f 5479/5479/5479 5480/5480/5480 5517/5517/5517
f 5479/5479/5479 5517/5517/5517 5516/5516/5516
f 5480/5480/5480 5481/5481/5481 5518/5518/5518
f 5480/5480/5480 5518/5518/5518 5517/5517/5517
f 5481/5481/5481 5482/5482/5482 5519/5519/5519
f 5481/5481/5481 5519/5519/5519 5518/5518/5518
f 5482/5482/5482 5483/5483/5483 5520/5520/5520
f 5482/5482/5482 5520/5520/5520 5519/5519/5519
f 5483/5483/5483 5484/5484/5484 5521/5521/5521
f 5483/5483/5483 5521/5521/5521 5520/5520/5520
f 5484/5484/5484 5485/5485/5485 5522/5522/5522
f 5484/5484/5484 5522/5522/5522 5521/5521/5521
f 5485/5485/5485 5486/5486/5486 5523/5523/5523
f 5485/5485/5485 5523/5523/5523 5522/5522/5522
f 5486/5486/5486 5487/5487/5487 5524/5524/5524
f 5486/5486/5486 5524/5524/5524 5523/5523/5523
f 5487/5487/5487 5488/5488/5488 5525/5525/5525
f 5487/5487/5487 5525/5525/5525 5524/5524/5524
f 5488/5488/5488 5489/5489/5489 5526/5526/5526
f 5488/5488/5488 5526/5526/5526 5525/5525/5525
f 5489/5489/5489 5490/5490/5490 5527/5527/5527
f 5489/5489/5489 5527/5527/5527 5526/5526/5526
f 5490/5490/5490 5491/5491/5491 5528/5528/5528
f 5490/5490/5490 5528/5528/5528 5527/5527/5527
f 5491/5491/5491 5492/5492/5492 5529/5529/5529
f 5491/5491/5491 5529/5529/5529 5528/5528/5528
f 5492/5492/5492 5493/5493/5493 5530/5530/5530
f 5492/5492/5492 5530/5530/5530 5529/5529/5529
f 5493/5493/5493 5494/5494/5494 5531/5531/5531
f 5493/5493/5493 5531/5531/5531 5530/5530/5530
f 5494/5494/5494 5495/5495/5495 5532/5532/5532
f 5494/5494/5494 5532/5532/5532 5531/5531/5531
f 5495/5495/5495 5496/5496/5496 5533/5533/5533
f 5495/5495/5495 5533/5533/5533 5532/5532/5532
f 5496/5496/5496 5497/5497/5497 5534/5534/5534
f 5496/5496/5496 5534/5534/5534 5533/5533/5533
f 5497/5497/5497 5498/5498/5498 5535/5535/5535
f 5497/5497/5497 5535/5535/5535 5534/5534/5534
f 5498/5498/5498 5499/5499/5499 5536/5536/5536
f 5498/5498/5498 5536/5536/5536 5535/5535/5535
f 5499/5499/5499 5500/5500/5500 5537/5537/5537
f 5499/5499/5499 5537/5537/5537 5536/5536/5536
f 5500/5500/5500 5501/5501/5501 5538/5538/5538
f 5500/5500/5500 5538/5538/5538 5537/5537/5537
