# Original asymmetric mountain and excavated passage.
mtllib title_sandstone.mtl
o TitleCaveMountain
usemtl title_sandstone
v -8.4000000 -4.0000000 1.7260341
v -8.4000000 3.0000000 1.7260341
v -8.8351449 4.2035906 1.1098784
v -8.9650909 5.4454555 0.1901344
v -8.6994968 6.6474490 -0.8024734
v -8.0540363 7.7341443 -1.6079766
v -7.1358207 8.6670670 -2.0217292
v -6.0896970 9.4550788 -1.9594595
v -5.0352487 10.1342922 -1.4788951
v -4.0267949 10.7305902 -0.7510341
v -3.0534496 11.2297259 0.0063230
v -2.0727660 11.5762405 0.6059498
v -1.0534280 11.7047503 0.9494241
v 0.0000000 11.5860000 1.0450601
v 1.0534280 11.2586001 0.9815951
v 2.0727660 10.8233758 0.8719883
v 3.0534496 10.3982343 0.7935314
v 4.0267949 10.0555902 0.7510341
v 5.0352487 9.7772832 0.6790408
v 6.0896970 9.4550788 0.4815214
v 7.1358207 8.9410096 0.0907100
v 8.0540363 8.1238557 -0.4821436
v 8.6994968 6.9918641 -1.1285458
v 8.9650909 5.6471849 -1.6680725
v 8.8351449 4.2623274 -1.9097328
v 8.4000000 3.0000000 -1.7260341
v 8.4000000 -4.0000000 -1.7260341
v -50.0000000 -4.0000000 2.4089596
v -50.0000000 3.0000000 2.4089596
v -51.3354145 14.3301331 2.9236174
v -51.4260786 20.9950772 3.4434805
v -49.9916700 26.5561301 3.9331211
v -46.9304353 31.2657732 4.3591711
v -42.3463246 35.1059158 4.6925959
v -36.5269119 38.0285322 4.9106730
v -29.8783614 40.0436926 4.9985409
v -22.8349365 41.2511240 4.9502115
v -15.7670806 41.8325757 4.7689785
v -8.9121854 42.0151032 4.4671925
v -2.3458063 42.0181669 4.0654198
v 4.0000000 42.0000000 3.5910404
v 10.2773652 42.0181669 3.0763826
v 16.6395921 42.0151032 2.5565195
v 23.1581169 41.8325757 2.0668789
v 29.7631397 41.2511240 1.6408289
v 36.2251881 40.0436926 1.3074041
v 42.1837662 38.0285322 1.0893270
v 47.2164160 35.1059158 1.0014591
v 50.9304353 31.2657732 1.0497885
v 53.0531375 26.5561301 1.2310215
v 53.4966310 20.9950772 1.5328075
v 52.3796240 14.3301331 1.9345802
v 50.0000000 3.0000000 2.4089596
v 50.0000000 -4.0000000 2.4089596
v -8.2255609 -4.0000000 -0.5868428
v -8.2255609 3.0000000 -0.5868428
v -8.6478896 4.2049195 -1.0913084
v -8.7699538 5.4343711 -1.8443312
v -8.5130494 6.6082532 -2.6570096
v -7.9004945 7.6643857 -3.3164999
v -7.0363148 8.5869322 -3.6552519
v -6.0506274 9.4040698 -3.6042698
v -5.0427083 10.1552983 -3.2108169
v -4.0510330 10.8486851 -2.6148947
v -3.0618221 11.4364360 -1.9948232
v -2.0447006 11.8277575 -1.5038903
v -0.9895207 11.9357947 -1.2226773
v 0.0796591 11.7334010 -1.1443772
v 1.1208358 11.2841044 -1.1963379
v 2.1073093 10.7259380 -1.2860764
v 3.0528463 10.2114062 -1.3503114
v 4.0081535 9.8326031 -1.3851053
v 5.0262420 9.5714026 -1.4440484
v 6.1151656 9.3036029 -1.6057636
v 7.2072537 8.8580915 -1.9257329
v 8.1672304 8.1024299 -2.3947458
v 8.8406616 7.0111778 -2.9239752
v 9.1207616 5.6814787 -3.3657022
v 8.9993747 4.2878501 -3.5635569
v 8.5744391 3.0000000 -3.4131572
v 8.5744391 -4.0000000 -3.4131572
v -49.2911491 -4.0000000 -0.0277107
v -49.2911491 3.0000000 -0.0277107
v -50.6546290 14.3007430 0.3936554
v -50.8383833 20.9494450 0.8192834
v -49.5434057 26.5176281 1.2201672
v -46.6411365 31.2609757 1.5689875
v -42.2070603 35.1563709 1.8419725
v -36.5052912 38.1436068 2.0205190
v -29.9286837 40.2165031 2.0924591
v -22.9106676 41.4587484 2.0528904
v -15.8322946 42.0406024 1.9045094
v -8.9489775 42.1854049 1.6574279
v -2.3558407 42.1179167 1.3284842
v 4.0000000 42.0095949 0.9400952
v 10.2647003 41.9359943 0.5187291
v 16.5964950 41.8579084 0.0931012
v 23.0812342 41.6313337 -0.3077827
v 29.6687249 41.0434995 -0.6566029
v 36.1483216 39.8650561 -0.9295880
v 42.1715678 37.9038627 -1.1081345
v 47.3168911 35.0446680 -1.1800746
v 51.1798414 31.2609757 -1.1405059
v 53.4652431 26.5878475 -0.9921248
v 54.0568123 21.0371974 -0.7450434
v 53.0455339 14.3585647 -0.4160997
v 50.7088509 3.0000000 -0.0277107
v 50.7088509 -4.0000000 -0.0277107
v -8.0603810 -4.0000000 -2.8430047
v -8.0603810 3.0000000 -2.8430047
v -8.4471229 4.2052423 -3.2560263
v -8.5443020 5.4211120 -3.8725491
v -8.2887046 6.5662203 -4.5379140
v -7.7114620 7.5912599 -5.0778589
v -6.9105163 8.5017083 -5.3552056
v -5.9968504 9.3437136 -5.3134650
v -5.0456169 10.1601352 -4.9913330
v -4.0774648 10.9434137 -4.5034332
v -3.0756094 11.6163168 -3.9957616
v -2.0226275 12.0570686 -3.5938197
v -0.9303714 12.1595280 -3.3635820
v 0.1572833 11.8967591 -3.2994753
v 1.1902524 11.3510039 -3.3420171
v 2.1484232 10.6889299 -3.4154888
v 3.0619688 10.0901531 -3.4680800
v 3.9983311 9.6634887 -3.4965668
v 5.0189758 9.3941323 -3.5448254
v 6.1290812 9.1504377 -3.6772266
v 7.2504757 8.7484567 -3.9391953
v 8.2373931 8.0422559 -4.3231905
v 8.9314784 6.9945831 -4.7564869
v 9.2299751 5.6930105 -5.1181424
v 9.1321898 4.3054237 -5.2801322
v 8.7396190 3.0000000 -5.1569953
v 8.7396190 -4.0000000 -5.1569953
v -48.5891765 -4.0000000 -2.3852261
v -48.5891765 3.0000000 -2.3852261
v -49.9656773 14.2705823 -2.0402407
v -50.2292818 20.9005927 -1.6917660
v -49.0641581 26.4725877 -1.3635501
v -46.3160054 31.2466141 -1.0779602
v -42.0319317 35.1957105 -0.8544589
v -36.4517627 38.2483505 -0.7082775
v -29.9535765 40.3823821 -0.6493778
v -22.9682842 41.6650448 -0.6817740
v -15.8860916 42.2540830 -0.8032581
v -8.9795635 42.3677241 -1.0055513
v -2.3632800 42.2346059 -1.2748676
v 4.0000000 42.0383181 -1.5928536
v 10.2494353 41.8719248 -1.9378390
v 16.5471269 41.7148260 -2.2863137
v 22.9926329 41.4381635 -2.6145297
v 29.5553258 40.8372031 -2.9001195
v 36.0441237 39.6817361 -3.1236208
v 42.1240093 37.7703958 -3.2698023
v 47.3760396 34.9730191 -3.3287019
v 51.3856672 31.2466141 -3.2963058
v 53.8363363 26.6125774 -3.1748216
v 54.5836088 21.0755362 -2.9725284
v 53.6899849 14.3858559 -2.7032121
v 51.4108235 3.0000000 -2.3852261
v 51.4108235 -4.0000000 -2.3852261
v -7.9131955 -4.0000000 -5.0527324
v -7.9131955 3.0000000 -5.0527324
v -8.2429606 4.2041300 -5.3908858
v -8.2985895 5.4055130 -5.8956521
v -8.0358338 6.5225943 -6.4404067
v -7.4938005 7.5181945 -6.8824763
v -6.7618561 8.4166856 -7.1095485
v -5.9283551 9.2795463 -7.0753742
v -5.0414929 10.1521408 -6.8116348
v -4.1027491 11.0136051 -6.4121763
v -3.0922374 11.7625344 -5.9965299
v -2.0057463 12.2523101 -5.6674477
v -0.8769921 12.3614342 -5.4789450
v 0.2308896 12.0623257 -5.4264589
v 1.2599780 11.4496987 -5.4612892
v 2.1957522 10.7091939 -5.5214427
v 3.0822182 10.0383076 -5.5645007
v 4.0001319 9.5578012 -5.5878237
v 5.0167607 9.2581445 -5.6273345
v 6.1342194 9.0082765 -5.7357355
v 7.2668891 8.6221523 -5.9502173
v 8.2640613 7.9492310 -6.2646060
v 8.9694113 6.9438370 -6.6193591
v 9.2880568 5.6807873 -6.9154576
v 9.2267906 4.3134944 -7.0480836
v 8.8868045 3.0000000 -6.9472676
v 8.8868045 -4.0000000 -6.9472676
v -47.9008778 -4.0000000 -4.6779349
v -47.9008778 3.0000000 -4.6779349
v -49.2753130 14.2398440 -4.3954848
v -49.6050426 20.8488328 -4.1101778
v -48.5593563 26.4212972 -3.8414574
v -45.9594169 31.2227801 -3.6076362
v -41.8242048 35.2236830 -3.4246488
v -36.3685729 38.3420931 -3.3049655
v -29.9544571 40.5402686 -3.2567426
v -23.0086081 41.8686935 -3.2832663
v -15.9289158 42.4716521 -3.3827291
v -9.0041715 42.5608946 -3.5483528
v -2.3682239 42.3674879 -3.7688503
v 4.0000000 42.0859861 -4.0291952
v 10.2316670 41.8263681 -4.3116454
v 16.4916574 41.5867711 -4.5969523
v 22.8924713 41.2543008 -4.8656728
v 29.4229232 40.6335544 -5.0994940
v 35.9121559 39.4949054 -5.2824814
v 42.0399503 37.6289852 -5.4021647
v 47.3917539 34.8914276 -5.4503876
v 51.5446509 31.2227801 -5.4238639
v 54.1619500 26.6301617 -5.3244011
v 55.0714606 21.1098484 -5.1587774
v 54.3065994 14.4118321 -4.9382799
v 52.0991222 3.0000000 -4.6779349
v 52.0991222 -4.0000000 -4.6779349
v -7.7917221 -4.0000000 -7.2244428
v -7.7917221 3.0000000 -7.2244428
v -8.0455685 4.2012108 -7.5012995
v -8.0442376 5.3873109 -7.9145671
v -7.7653532 6.4782090 -8.3605745
v -7.2560949 7.4479441 -8.7225104
v -6.5953243 8.3365352 -8.9084215
v -5.8463102 9.2170294 -8.8804419
v -5.0285769 10.1355754 -8.6645104
v -4.1238412 11.0601649 -8.3374614
v -3.1091010 11.8711758 -7.9971589
v -1.9930380 12.4046174 -7.7277292
v -0.8301512 12.5290733 -7.5733962
v 0.2985977 12.2166314 -7.5304242
v 1.3281450 11.5686848 -7.5589409
v 2.2484651 10.7797842 -7.6081904
v 3.1143151 10.0549590 -7.6434433
v 4.0157256 9.5206408 -7.6625386
v 5.0226636 9.1730646 -7.6948873
v 6.1338254 8.8887683 -7.7836385
v 7.2592466 8.4900738 -7.9592414
v 8.2489211 7.8312817 -8.2166410
v 8.9545299 6.8629295 -8.5070883
v 9.2928817 5.6454375 -8.7495133
v 9.2783476 4.3111913 -8.8580982
v 9.0082779 3.0000000 -8.7755571
v 9.0082779 -4.0000000 -8.7755571
v -47.2328842 -4.0000000 -6.9175847
v -47.2328842 3.0000000 -6.9175847
v -48.5902524 14.2087248 -6.6863340
v -48.9720171 20.7944964 -6.4527445
v -48.0346118 26.3640845 -6.2327348
v -45.5759994 31.1896263 -6.0412982
v -41.5874359 35.2401094 -5.8914808
v -36.2582633 38.4242352 -5.7934924
v -29.9330163 40.6891526 -5.7540108
v -23.0326933 42.0683919 -5.7757266
v -15.9613915 42.6919178 -5.8571598
v -9.0231513 42.7636807 -5.9927610
v -2.3708343 42.5157129 -6.1732892
v 4.0000000 42.1522937 -6.3864415
v 10.2115572 41.7996156 -6.6176922
v 16.4303920 41.4745629 -6.8512817
v 22.7811190 41.0809216 -7.0712915
v 29.2717871 40.4338561 -7.2627281
v 35.7523432 39.3057589 -7.4125455
v 41.9186768 37.4805355 -7.5105338
v 47.3623920 34.8004154 -7.5500154
v 51.6540057 31.1896263 -7.5282996
v 54.4380631 26.6404877 -7.4468664
v 55.5151886 21.1399145 -7.3112652
v 54.8892831 14.4363272 -7.1307371
v 52.7671158 3.0000000 -6.9175847
v 52.7671158 -4.0000000 -6.9175847
v -7.7022254 -4.0000000 -9.3650274
v -7.7022254 3.0000000 -9.3650274
v -7.8646139 4.1962366 -9.5916984
v -7.7930499 5.3662574 -9.9300534
v -7.4891981 6.4335570 -10.2952133
v -7.0082710 7.3825069 -10.5915414
v -6.4172821 8.2650038 -10.7437525
v -5.7530704 9.1610524 -10.7208447
v -5.0059818 10.1150650 -10.5440550
v -4.1382023 11.0856610 -10.2762899
v -3.1237505 11.9411746 -9.9976738
v -1.9833719 12.5085048 -9.7770834
v -0.7903880 12.6528938 -9.6507263
v 0.3586780 12.3475659 -9.6155438
v 1.3927722 11.6956385 -9.6388912
v 2.3052576 10.8907789 -9.6792133
v 3.1582125 10.1347858 -9.7080760
v 4.0464657 9.5524403 -9.7237099
v 5.0392527 9.1448029 -9.7501947
v 6.1313299 8.8016100 -9.8228581
v 7.2313909 8.3630771 -9.9666295
v 8.1956232 7.6977075 -10.1773706
v 8.8894483 6.7577559 -10.4151687
v 9.2449729 5.5891634 -10.6136494
v 9.2842744 4.2983992 -10.7025513
v 9.0977746 3.0000000 -10.6349724
v 9.0977746 -4.0000000 -10.6349724
v -46.5915835 -4.0000000 -9.1137933
v -46.5915835 3.0000000 -9.1137933
v -47.9170939 14.1774236 -8.9244613
v -48.3365607 20.7379311 -8.7332143
v -47.4956464 26.3013156 -8.5530856
v -45.1705702 31.1473647 -8.3963506
v -41.3254179 35.2448847 -8.2736905
v -36.1236279 38.4942512 -8.1934644
v -29.8911860 40.8280818 -8.1611396
v -23.0418035 42.2628625 -8.1789189
v -15.9843078 42.9134712 -8.2455909
v -9.0369666 42.9747853 -8.3566117
v -2.3713315 42.6783325 -8.5044157
v 4.0000000 42.2368170 -8.6789301
v 10.1893314 41.7918384 -8.8682621
v 16.3637699 41.3789193 -9.0595090
v 22.6591571 40.9191352 -9.2396378
v 29.1024814 40.2393854 -9.3963728
v 35.5649859 39.1155066 -9.5190329
v 41.7599206 37.3259962 -9.5992590
v 47.2868087 34.7005646 -9.6315838
v 51.7114613 31.1473647 -9.6138044
v 54.6611557 26.6434896 -9.5471325
v 55.9100603 21.1655421 -9.4361116
v 55.4322994 14.4591844 -9.2883077
v 53.4084165 3.0000000 -9.1137933
v 53.4084165 -4.0000000 -9.1137933
v -7.6491665 -4.0000000 -11.4801280
v -7.6491665 3.0000000 -11.4801280
v -7.7087497 4.1891383 -11.6657105
v -7.5566108 5.3422389 -11.9427321
v -7.2197393 6.3889104 -12.2416998
v -6.7611319 7.3231366 -12.4843127
v -6.2351859 8.2047269 -12.6089326
v -5.6521027 9.1155239 -12.5901773
v -4.9737811 10.0950488 -12.4454341
v -4.1439740 11.0937945 -12.2262066
v -3.1340663 11.9740081 -11.9980951
v -1.9756154 12.5619563 -11.8174909
v -0.7580362 12.7267776 -11.7140384
v 0.4095958 12.4453003 -11.6852334
v 1.4518310 11.8185117 -11.7043487
v 2.3643861 11.0302752 -11.7373617
v 3.2130557 10.2686982 -11.7609924
v 4.0927531 9.6491015 -11.7737924
v 5.0683709 9.1751835 -11.7954763
v 6.1300565 8.7538120 -11.8549680
v 7.1879381 8.2511203 -11.9726782
v 8.1094982 7.5584437 -12.1452183
v 8.7791330 6.6356565 -12.3399110
v 9.1474609 5.5155768 -12.5024133
v 9.2443791 4.2757732 -12.5751999
v 9.1508335 3.0000000 -12.5198710
v 9.1508335 -4.0000000 -12.5198710
v -45.9830437 -4.0000000 -11.2744353
v -45.9830437 3.0000000 -11.2744353
v -47.2622388 14.1461407 -11.1194234
v -47.7049555 20.6794987 -10.9628436
v -46.9482186 26.2333921 -10.8153667
v -44.7480701 31.0962656 -10.6870429
v -41.0421237 35.2379784 -10.5866173
v -35.9676670 38.5516934 -10.5209337
v -29.8311029 40.9561676 -10.4944684
v -23.0373853 42.4508615 -10.5090249
v -15.9986015 43.1348953 -10.5636113
v -9.0461844 43.1928581 -10.6545075
v -2.3699901 42.8543068 -10.7755191
v 4.0000000 42.3390152 -10.9183994
v 10.1652757 41.8030863 -11.0734114
v 16.2923600 41.3004518 -11.2299911
v 22.5273747 40.7699762 -11.3774680
v 28.9158633 40.0513865 -11.5057918
v 35.3507643 38.9253655 -11.6062174
v 41.5638730 37.1663558 -11.6719010
v 47.1643794 34.5925138 -11.6983663
v 51.7153011 31.0962656 -11.6838098
v 54.8282571 26.6391481 -11.6292235
v 56.2518492 21.1865674 -11.5383273
v 55.9303387 14.4802577 -11.4173156
v 54.0169563 3.0000000 -11.2744353
v 54.0169563 -4.0000000 -11.2744353
v -7.6349557 -4.0000000 -13.5743635
v -7.6349557 3.0000000 -13.5743635
v -7.5851612 4.1800629 -13.7263056
v -7.3456997 5.3153864 -13.9531117
v -6.9691730 6.3444698 -14.1978857
v -6.5258354 7.2704423 -14.3965204
v -6.0572357 8.1571696 -14.4985505
v -5.5478350 9.0830868 -14.4831950
v -4.9330316 10.0792875 -14.3646893
v -4.1401049 11.0888179 -14.1852010
v -3.1384078 11.9732147 -13.9984390
v -1.9687411 12.5662389 -13.8505729
v -0.7332549 12.7482866 -13.7658731
v 0.4500502 12.5029788 -13.7422896
v 1.5033197 11.9265415 -13.7579399
v 2.4237319 11.1854777 -13.7849686
v 3.2771902 10.4447265 -13.8043158
v 4.1539570 9.8024603 -13.8147955
v 5.1109532 9.2618906 -13.8325488
v 6.1329414 8.7491931 -13.8812565
v 7.1339292 8.1625056 -13.9776294
v 7.9971901 7.4233006 -14.1188934
v 8.6305916 6.5048623 -14.2782942
v 9.0059039 5.4294333 -14.4113398
v 9.1608831 4.2446939 -14.4709325
v 9.1650443 3.0000000 -14.4256330
v 9.1650443 -4.0000000 -14.4256330
v -45.4129412 -4.0000000 -13.4059579
v -45.4129412 3.0000000 -13.4059579
v -46.6318150 14.1150762 -13.2790448
v -47.0833332 20.6195729 -13.1508482
v -46.3980503 26.1607484 -13.0301043
v -44.3134962 31.0366558 -12.9250416
v -40.7416482 35.2194345 -12.8428201
v -35.7935384 38.5961942 -12.7890430
v -29.7550710 41.0725905 -12.7673750
v -23.0210404 42.6311862 -12.7792929
v -16.0053370 43.3547735 -12.8239844
v -9.0514632 43.4165041 -12.8984039
v -2.3671333 43.0425099 -12.9974798
v 4.0000000 42.4582347 -13.1144603
v 10.1397328 41.8332873 -13.2413734
v 16.2168544 41.2396626 -13.3695700
v 22.3867622 40.6343988 -13.4903139
v 28.7130789 39.8710617 -13.5953766
v 35.1107390 38.7365518 -13.6775981
v 41.3311925 37.0026356 -13.7313753
v 46.9950172 34.4769544 -13.7530432
v 51.6643902 31.0366558 -13.7411254
v 54.9369875 26.6274909 -13.6964338
v 56.5368891 21.2028559 -13.6220143
v 56.3785823 14.4994121 -13.5229384
v 54.5870588 3.0000000 -13.4059579
v 54.5870588 -4.0000000 -13.4059579
v -7.6598236 -4.0000000 -15.6515146
v -7.6598236 3.0000000 -15.6515146
v -7.4992000 4.1693873 -15.7759143
v -7.1697520 5.2861599 -15.9616074
v -6.7489157 6.3005230 -16.1620115
v -6.3133408 7.2245540 -16.3246398
v -5.8919662 8.1226917 -16.4081750
v -5.4454362 9.0649797 -16.3956029
v -4.8857273 10.0704796 -16.2985787
v -4.1264238 11.0749640 -16.1516261
v -3.1357313 11.9437893 -15.9987183
v -1.9619219 12.5254765 -15.8776557
v -0.7160635 12.7186063 -15.8083095
v 0.4790079 12.5171331 -15.7890009
v 1.5453452 12.0110916 -15.8018142
v 2.4808922 11.3437815 -15.8239435
v 3.3482196 10.6490715 -15.8397837
v 4.2283961 10.0010312 -15.8483637
v 5.1668991 9.3987306 -15.8628989
v 6.1422835 8.7881411 -15.9027774
v 7.0744690 8.1032783 -15.9816808
v 7.8662317 7.3012416 -16.0973380
v 8.4524591 6.3738896 -16.2278443
v 8.8279819 5.3362850 -16.3367729
v 9.0383071 4.2071674 -16.3855633
v 9.1401764 3.0000000 -16.3484752
v 9.1401764 -4.0000000 -16.3484752
v -44.8864943 -4.0000000 -15.5136394
v -44.8864943 3.0000000 -15.5136394
v -46.0316056 14.0844287 -15.4097318
v -46.4776021 20.5585371 -15.3047733
v -45.8507554 26.0838492 -15.2059165
v -43.8718357 30.9689168 -15.1198985
v -40.4281490 35.1893717 -15.0525812
v -35.6045078 38.6274690 -15.0085522
v -29.6655207 41.1766059 -14.9908120
v -22.9944945 42.8026832 -15.0005695
v -16.0056850 43.5716995 -15.0371598
v -9.0535395 43.6442928 -15.0980894
v -2.3631269 43.2417381 -15.1792059
v 4.0000000 42.5937127 -15.2749814
v 10.1130970 41.8822483 -15.3788891
v 16.1380605 41.1969404 -15.4838476
v 22.2385014 40.5132703 -15.5827044
v 28.4955541 39.6995647 -15.6687224
v 34.8463457 38.5502732 -15.7360397
v 41.0630058 36.8358827 -15.7800687
v 46.7791841 34.3546254 -15.7978089
v 51.5581978 30.9689168 -15.7880514
v 54.9855922 26.6085927 -15.7514610
v 56.7621205 21.2143032 -15.6905315
v 56.7727608 14.5165253 -15.6094150
v 55.1135057 3.0000000 -15.5136394
v 55.1135057 -4.0000000 -15.5136394
v -7.7218183 -4.0000000 -17.7146753
v -7.7218183 3.0000000 -17.7146753
v -7.4541241 4.1577060 -17.8165252
v -7.0363946 5.2553972 -17.9685579
v -6.5690362 6.2575890 -18.1326348
v -6.1338537 7.1853303 -18.2657836
v -5.7478031 8.1007205 -18.3341765
v -5.3505361 9.0610498 -18.3238833
v -4.8346875 10.0700205 -18.2444466
v -4.1036529 11.0559435 -18.1241320
v -3.1256661 11.8915266 -17.9989417
v -1.9546095 12.4460377 -17.8998240
v -0.7063767 12.6422086 -17.8430481
v 0.4957292 12.4877958 -17.8272396
v 1.5762056 12.0662615 -17.8377303
v 2.5332947 11.4937618 -17.8558482
v 3.4231102 10.8672265 -17.8688170
v 4.3133849 10.2309630 -17.8758418
v 5.2350124 9.5761795 -17.8877422
v 6.1595419 8.8676501 -17.9203919
v 7.0143779 8.0768271 -17.9849926
v 7.7245859 7.1997535 -18.0796847
v 8.2545087 6.2509312 -18.1865342
v 8.6230786 5.2420789 -18.2757174
v 8.8832289 4.1656780 -18.3156636
v 9.0781817 3.0000000 -18.2852984
v 9.0781817 -4.0000000 -18.2852984
v -44.4084028 -4.0000000 -17.6018017
v -44.4084028 3.0000000 -17.6018017
v -45.4669815 14.0543945 -17.5167293
v -45.8933764 20.4967817 -17.4307965
v -45.3117704 26.0031864 -17.3498594
v -43.4280004 30.8934818 -17.2794339
v -40.1057878 35.1479824 -17.2243191
v -35.4038984 38.6453178 -17.1882712
v -29.5649677 41.2675485 -17.1737467
v -22.9595654 42.9642556 -17.1817355
v -16.0008997 43.7842856 -17.2116932
v -9.0532137 43.8747671 -17.2615780
v -2.3583727 43.4507170 -17.3279906
v 4.0000000 42.7445828 -17.4064050
v 10.0858085 41.9496561 -17.4914774
v 16.0568904 41.1725584 -17.5774102
v 22.0839531 40.4073655 -17.6583472
v 28.2649816 39.5379923 -17.7287728
v 34.5593844 38.3677214 -17.7838875
v 40.7609023 36.6671638 -17.8199355
v 46.5178929 34.2263094 -17.8344599
v 51.3968105 30.8934818 -17.8264711
v 54.9729675 26.5825743 -17.7965135
v 56.9251293 21.2208364 -17.7466286
v 57.1092042 14.5314875 -17.6802160
v 55.5915972 3.0000000 -17.6018017
v 55.5915972 -4.0000000 -17.6018017
v -7.8169280 -4.0000000 -19.7663762
v -7.8169280 3.0000000 -19.7663762
v -7.4509594 4.1457926 -19.8497638
v -6.9510825 5.2243150 -19.9742376
v -6.4377547 6.2165254 -20.1085724
v -5.9962986 7.1525773 -20.2175854
v -5.6326074 8.0900058 -20.2735808
v -5.2689054 9.0699096 -20.2651535
v -4.7833852 10.0779242 -20.2001162
v -4.0733626 11.0345623 -20.1016109
v -3.1085468 11.8223801 -19.9991138
v -1.9465896 12.3358060 -19.9179631
v -0.7040382 12.5262794 -19.8714789
v 0.4997868 12.4183165 -19.8585360
v 1.5944715 12.0892213 -19.8671250
v 2.5783280 11.6259899 -19.8819587
v 3.4983375 11.0850756 -19.8925767
v 4.4053425 10.4771226 -19.8983281
v 5.3130101 9.7821644 -19.9080713
v 6.1851938 8.9816273 -19.9348026
v 6.9578756 8.0837137 -19.9876932
v 7.5801807 7.1243577 -20.0652205
v 8.0471113 6.1432922 -20.1527015
v 8.4017765 5.1527343 -20.2257185
v 8.7039275 4.1230053 -20.2584237
v 8.9830720 3.0000000 -20.2335628
v 8.9830720 -4.0000000 -20.2335628
v -43.9827943 -4.0000000 -19.6739828
v -43.9827943 3.0000000 -19.6739828
v -44.9428400 14.0251654 -19.6043314
v -45.3359109 20.4347018 -19.5339756
v -44.7862874 25.9192759 -19.4677099
v -42.9867626 30.8108332 -19.4100503
v -39.7786720 35.0955312 -19.3649262
v -35.1950396 38.6496264 -19.3354127
v -29.4559708 41.3448364 -19.3235211
v -22.9181298 43.1148698 -19.3300617
v -15.9922940 43.9911720 -19.3545889
v -9.0513338 44.1064527 -19.3954312
v -2.3533007 43.6681098 -19.4498053
v 4.0000000 42.9098799 -19.5140055
v 10.0583469 42.0350794 -19.5836569
v 15.9743489 41.1666728 -19.6540127
v 21.9246406 40.3173617 -19.7202784
v 28.0233032 39.3873782 -19.7779380
v 34.2520029 38.1900640 -19.8230621
v 40.4269227 36.4975582 -19.8525756
v 46.2127037 34.0928271 -19.8644672
v 51.1809385 30.8108332 -19.8579266
v 54.8986791 26.5496021 -19.8333994
v 57.0241777 21.2224134 -19.7925571
v 57.3848855 14.5442033 -19.7381830
v 56.0172057 3.0000000 -19.6739828
v 56.0172057 -4.0000000 -19.6739828
v -7.9393222 -4.0000000 -21.8086845
v -7.9393222 3.0000000 -21.8086845
v -7.4884871 4.1345379 -21.8769565
v -6.9168532 5.1944616 -21.9788671
v -6.3610361 6.1785840 -22.0888512
v -5.9078476 7.1262487 -22.1781035
v -5.5532343 8.0889213 -22.2239486
v -5.2061096 9.0892124 -22.2170489
v -4.7357272 10.0929084 -22.1638008
v -4.0378692 11.0124903 -22.0831515
v -3.0853986 11.7418984 -21.9992340
v -1.9380113 12.2034077 -21.9327934
v -0.7088489 12.3799726 -21.8947354
v 0.4910772 12.3149127 -21.8841386
v 1.5990600 12.0802558 -21.8911707
v 2.6134827 11.7336169 -21.9033155
v 3.5700673 11.2898806 -21.9120088
v 4.4999601 10.7242163 -21.9167176
v 5.3976053 10.0030118 -21.9246947
v 6.2186633 9.1214357 -21.9465805
v 6.9083181 8.1217369 -21.9898836
v 7.4404647 7.0782949 -22.0533576
v 7.8406761 6.0569103 -22.1249810
v 8.1752910 5.0737295 -22.1847623
v 8.5099314 4.0820195 -22.2115390
v 8.8606778 3.0000000 -22.1911846
v 8.8606778 -4.0000000 -22.1911846
v -43.6131785 -4.0000000 -21.7330797
v -43.6131785 3.0000000 -21.7330797
v -44.4635503 13.9969286 -21.6760540
v -44.8100407 20.3726943 -21.6184515
v -44.2791931 25.8326545 -21.5641978
v -42.5526950 30.7214999 -21.5169901
v -39.4507982 35.0323537 -21.4800456
v -34.9812172 38.6403673 -21.4558819
v -29.3410894 41.4079755 -21.4461459
v -22.8720895 43.2535623 -21.4515009
v -15.9812151 44.1910354 -21.4715821
v -9.0487798 44.3378677 -21.5050210
v -2.3483613 43.8925260 -21.5495387
v 4.0000000 43.0885466 -21.6021014
v 10.0312236 42.1379720 -21.6591271
v 15.8915202 41.1793210 -21.7167296
v 21.7622319 40.2438347 -21.7709833
v 27.7726892 39.2486856 -21.8181910
v 33.9266764 38.0184374 -21.8551355
v 40.0635406 36.3281506 -21.8792991
v 45.8657120 33.9550323 -21.8890352
v 50.9119129 30.7214999 -21.8836801
v 54.7629706 26.5098870 -21.8635989
v 57.0582261 21.2190243 -21.8301601
v 57.5974549 14.5545913 -21.7856424
v 56.3868215 3.0000000 -21.7330797
v 56.3868215 -4.0000000 -21.7330797
v -8.0816971 -4.0000000 -23.8432865
v -8.0816971 3.0000000 -23.8432865
v -7.5633581 4.1248700 -23.8991829
v -6.9342113 5.1676207 -23.9826202
v -6.3422969 6.1454013 -24.0726675
v -5.8735319 7.1065998 -24.1457411
v -5.5151314 8.0957761 -24.1832759
v -5.1671614 9.1160123 -24.1776269
v -4.6957976 10.1126281 -24.1340311
v -4.0000823 10.9902005 -24.0680011
v -3.0578757 11.6547909 -23.9992952
v -1.9293877 12.0574703 -23.9448983
v -0.7205881 12.2135679 -23.9137390
v 0.4698227 12.1860060 -23.9050631
v 1.5892993 12.0425298 -23.9108205
v 2.6364936 11.8126876 -23.9207638
v 3.6343603 11.4710853 -23.9278812
v 4.5924175 10.9578599 -23.9317365
v 5.4846574 10.2244808 -23.9382676
v 6.2583267 9.2766233 -23.9561861
v 6.8680026 8.1862197 -23.9916398
v 7.3120074 7.0624024 -24.0436079
v 7.6451032 5.9959958 -24.1022481
v 7.9548765 5.0097298 -24.1511929
v 8.3114978 4.0454724 -24.1731158
v 8.7183029 3.0000000 -24.1564511
v 8.7183029 -4.0000000 -24.1564511
v -43.3024094 -4.0000000 -23.7814641
v -43.3024094 3.0000000 -23.7814641
v -44.0329062 13.9698647 -23.7347754
v -44.3201276 20.3111560 -23.6876145
v -43.7950105 25.7438762 -23.6431953
v -42.1301131 30.6260532 -23.6045449
v -39.1259983 34.9588541 -23.5742973
v -34.7656248 38.6175996 -23.5545138
v -29.2228421 41.4565617 -23.5465426
v -22.8233378 43.3794461 -23.5509269
v -15.9690187 44.3825973 -23.5673680
v -9.0464463 44.5675318 -23.5947454
v -2.3440168 44.1225300 -23.6311934
v 4.0000000 43.2794400 -23.6742282
v 10.0049742 42.2576755 -23.7209169
v 15.8095521 41.2104223 -23.7680778
v 21.5985183 40.1872549 -23.8124970
v 27.5155129 39.1228018 -23.8511474
v 33.5861805 37.8539395 -23.8813950
v 39.6736385 36.1600249 -23.9011785
v 45.4795295 33.8138065 -23.9091497
v 50.5916757 30.6260532 -23.9047653
v 54.5667648 26.4636832 -23.8883242
v 57.0269465 21.2106908 -23.8609468
v 57.7452659 14.5625849 -23.8244988
v 56.6975906 3.0000000 -23.7814641
v 56.6975906 -4.0000000 -23.7814641
v -8.2357057 -4.0000000 -25.8715523
v -8.2357057 3.0000000 -25.8715523
v -7.6703260 4.1176647 -25.9173164
v -7.0011489 5.1456750 -25.9856291
v -6.3822436 6.1189212 -26.0593536
v -5.8959559 7.0942743 -26.1191812
v -5.5219989 8.1090965 -26.1499121
v -5.1561886 9.1471663 -26.1452871
v -4.6675821 10.1340279 -26.1095939
v -3.9633119 10.9670748 -26.0555331
v -3.0281580 11.5646566 -25.9992814
v -1.9215674 11.9059772 -25.9547450
v -0.7390264 12.0376109 -25.9292339
v 0.4365665 12.0414134 -25.9221307
v 1.5649786 11.9816092 -25.9268445
v 2.6454755 11.8621760 -25.9349854
v 3.6873914 11.6208801 -25.9408126
v 4.6776383 11.1655142 -25.9439691
v 5.5693855 10.4327981 -25.9493163
v 6.3015938 9.4357748 -25.9639867
v 6.8380507 8.2704882 -25.9930137
v 7.2001678 7.0751867 -26.0355616
v 7.4692761 5.9628153 -26.0835722
v 7.7512346 4.9642844 -26.1236448
v 8.1190505 4.0157989 -26.1415937
v 8.5642943 3.0000000 -26.1279498
v 8.5642943 -4.0000000 -26.1279498
v -43.0526561 -4.0000000 -25.8210780
v -43.0526561 3.0000000 -25.8210780
v -43.6540868 13.9441467 -25.7828525
v -43.8700125 20.2504805 -25.7442404
v -43.3378482 25.6535091 -25.7078730
v -41.7230229 30.5251036 -25.6762288
v -38.8078887 34.8755023 -25.6514641
v -34.5513173 38.5814690 -25.6352667
v -29.1036661 41.4902843 -25.6287405
v -22.7737260 43.4917159 -25.6323301
v -15.9570440 44.5646324 -25.6457909
v -9.0452256 44.7939759 -25.6682056
v -2.3407332 44.3566506 -25.6980467
v 4.0000000 43.4813392 -25.7332806
v 9.9801498 42.3934243 -25.7715061
v 15.7296404 41.2597776 -25.8101181
v 21.4353914 40.1479841 -25.8464855
v 27.2543231 39.0105321 -25.8781298
v 33.2335616 37.6976224 -25.9028944
v 39.2604780 35.9942563 -25.9190918
v 45.0572588 33.6700531 -25.9256180
v 50.2227607 30.5251036 -25.9220285
v 54.3116548 26.4112861 -25.9085676
v 56.9307257 21.1974660 -25.8861529
v 57.8273919 14.5681331 -25.8563118
v 56.9473439 3.0000000 -25.8210780
v 56.9473439 -4.0000000 -25.8210780
v -8.3924469 -4.0000000 -27.8945894
v -8.3924469 3.0000000 -27.8945894
v -7.8025825 4.1136528 -27.9320578
v -7.1132977 5.1304401 -27.9879875
v -6.4788480 6.1012543 -28.0483481
v -5.9751325 7.0903087 -28.0973308
v -5.5755334 8.1278463 -28.1224911
v -5.1761417 9.1797313 -28.1187045
v -4.6546894 10.1537693 -28.0894813
v -3.9310462 10.9416584 -28.0452201
v -2.9988115 11.4738919 -27.9991651
v -1.9156796 11.7557726 -27.9627018
v -0.7639290 11.8621115 -27.9418151
v 0.3921580 11.8914721 -27.9359995
v 1.5263798 11.9047945 -27.9398588
v 2.6390454 11.8837556 -27.9465240
v 3.7256681 11.7344976 -27.9512949
v 4.7505686 11.3372225 -27.9538792
v 5.6466306 10.6156143 -27.9582571
v 6.3450624 9.5874124 -27.9702683
v 6.8183791 8.3664958 -27.9940335
v 7.1088468 7.1130772 -28.0288688
v 7.3206232 5.9576295 -28.0681766
v 7.5739589 4.9396136 -28.1009852
v 7.9426085 3.9949447 -28.1156806
v 8.4075531 3.0000000 -28.1045099
v 8.4075531 -4.0000000 -28.1045099
v -42.8653835 -4.0000000 -27.8535110
v -42.8653835 3.0000000 -27.8535110
v -43.3296253 13.9199391 -27.8222146
v -43.4629764 20.1910559 -27.7906017
v -42.9113548 25.5621310 -27.7608267
v -41.3350734 30.4192968 -27.7349185
v -38.4998234 34.7828317 -27.7146430
v -34.3411668 38.5322066 -27.7013817
v -28.9858784 41.5089275 -27.6960384
v -22.7250315 43.5896535 -27.6989773
v -15.9465883 44.7359762 -27.7099981
v -9.0459909 45.0157515 -27.7283497
v -2.3389711 44.5933902 -27.7527816
v 4.0000000 43.6929527 -27.7816286
v 9.9573084 42.5443502 -27.8129250
v 15.6530115 41.3270713 -27.8445379
v 21.2748185 40.1262735 -27.8743130
v 26.9918126 38.9125944 -27.9002211
v 32.8721011 37.5504861 -27.9204967
v 38.8276638 35.8319052 -27.9337580
v 44.6024600 33.5246915 -27.9391012
v 49.8082678 30.4192968 -27.9361623
v 53.9998875 26.3530309 -27.9251415
v 56.7706609 21.1794348 -27.9067899
v 57.8436339 14.5712004 -27.8823581
v 57.1346165 3.0000000 -27.8535110
v 57.1346165 -4.0000000 -27.8535110
v -8.5429847 -4.0000000 -29.9132837
v -8.5429847 3.0000000 -29.9132837
v -7.9521774 4.1133366 -29.9439603
v -7.2642038 5.1234845 -29.9897516
v -6.6274627 6.0944832 -30.0391707
v -6.1084471 7.0960521 -30.0792743
v -5.6752705 8.1515586 -30.0998738
v -5.2285562 9.2113133 -30.0967736
v -4.6600867 10.1686842 -30.0728477
v -3.9067141 10.9120251 -30.0366097
v -2.9726200 11.3837721 -29.9989031
v -1.9130538 11.6122478 -29.9690494
v -0.7950498 11.6958700 -29.9519488
v 0.3377316 11.7461796 -29.9471874
v 1.4742911 11.8203363 -29.9503471
v 2.6164226 11.8813424 -29.9558041
v 3.7462384 11.8102326 -29.9597103
v 4.8064656 11.4660998 -29.9618261
v 5.7111540 10.7628068 -29.9654104
v 6.3847357 9.7208725 -29.9752443
v 6.8077545 8.4655381 -29.9947017
v 7.0403382 7.1708342 -30.0232224
v 7.2047707 5.9787854 -30.0554049
v 7.4310451 4.9364989 -30.0822663
v 7.7912375 3.9842337 -30.0942979
v 8.2570153 3.0000000 -30.0851520
v 8.2570153 -4.0000000 -30.0851520
v -42.7413410 -4.0000000 -29.8800650
v -42.7413410 3.0000000 -29.8800650
v -43.0613870 13.8973969 -29.8544417
v -43.1017083 20.1332623 -29.8285592
v -42.5186810 25.4703265 -29.8041814
v -40.9695147 30.3093098 -29.7829696
v -38.2048517 34.6814349 -29.7663694
v -34.1378230 38.4701275 -29.7555120
v -28.8716401 41.5123722 -29.7511373
v -22.6789265 43.6726325 -29.7535435
v -15.9388834 44.8955328 -29.7625665
v -9.0495793 45.2314401 -29.7775916
v -2.3391775 44.8312346 -29.7975947
v 4.0000000 43.9129267 -29.8212126
v 9.9370058 42.7094876 -29.8468359
v 15.5809038 41.4118729 -29.8727184
v 21.1188155 40.1222621 -29.8970962
v 26.7307851 38.8296154 -29.9183079
v 32.5052777 37.4134717 -29.9349082
v 38.3791040 35.6740102 -29.9457656
v 44.1191125 33.3786517 -29.9501403
v 49.3518290 30.3093098 -29.9477341
v 53.6343384 26.2892902 -29.9387110
v 56.5485447 21.1567122 -29.9236860
v 57.7945184 14.5717671 -29.9036829
v 57.2586590 3.0000000 -29.8800650
v 57.2586590 -4.0000000 -29.8800650
v -8.6788691 -4.0000000 -31.9283323
v -8.6788691 3.0000000 -31.9283323
v -8.1104953 4.1169225 -31.9534482
v -7.4457083 5.1259550 -31.9909390
v -6.8210682 6.1004354 -32.0313999
v -6.2907550 7.1130065 -32.0642339
v -5.8185359 8.1803630 -32.0810994
v -5.3133881 9.2403275 -32.0785612
v -4.6858676 10.1762031 -32.0589723
v -3.8934472 10.8762076 -32.0293031
v -2.9524002 11.2946838 -31.9984315
v -1.9151214 11.4792258 -31.9739894
v -0.8321169 11.5459793 -31.9599887
v 0.2746777 11.6144242 -31.9560903
v 1.4099976 11.7366132 -31.9586773
v 2.5775007 11.8604702 -31.9631451
v 3.7468751 11.8492063 -31.9663432
v 4.8411779 11.5485523 -31.9680755
v 5.7579543 10.8670760 -31.9710101
v 6.4162904 9.8270871 -31.9790614
v 6.8039314 8.5589931 -31.9949917
v 6.9952821 7.2420695 -32.0183425
v 7.1253041 6.0229477 -32.0446913
v 7.3284930 4.9542826 -32.0666836
v 7.6725541 3.9842831 -32.0765342
v 8.1211309 3.0000000 -32.0690462
v 8.1211309 -4.0000000 -32.0690462
v -42.6805614 -4.0000000 -31.9018055
v -42.6805614 3.0000000 -31.9018055
v -42.8505561 13.8766641 -31.8808269
v -42.7882825 20.0774694 -31.8596361
v -42.1624490 25.3786828 -31.8396773
v -40.6291628 30.1958460 -31.8223106
v -37.9256812 34.5719606 -31.8087195
v -33.9436765 38.3956288 -31.7998301
v -28.7629220 41.5005963 -31.7962485
v -22.6369500 43.7401222 -31.7982185
v -15.9350720 45.0422816 -31.8056059
v -9.0567757 45.4396620 -31.8179074
v -2.3417767 45.0686623 -31.8342845
v 4.0000000 44.1398544 -31.8536213
v 9.9197864 42.8877803 -31.8745999
v 15.5145501 41.5136400 -31.8957906
v 20.9694200 40.1359755 -31.9157495
v 26.4741192 38.7621258 -31.9331162
v 32.1367258 37.2874558 -31.9467073
v 37.9189649 35.5215813 -31.9555966
v 43.6115700 33.2328677 -31.9591783
v 48.8575674 30.1958460 -31.9572083
v 53.2184775 26.2204718 -31.9498209
v 56.2668421 21.1294438 -31.9375194
v 57.6812862 14.5698297 -31.9211422
v 57.3194386 3.0000000 -31.9018055
v 57.3194386 -4.0000000 -31.9018055
v -8.7926262 -4.0000000 -33.9402678
v -8.7926262 3.0000000 -33.9402678
v -8.2687626 4.1242782 -33.9608309
v -7.6484102 5.1384234 -33.9915258
v -7.0506381 6.1204436 -34.0246523
v -6.5146076 7.1426038 -34.0515346
v -6.0005132 8.2149070 -34.0653429
v -5.4289322 9.2661440 -34.0632647
v -4.7330661 10.1747081 -34.0472267
v -3.8938558 10.8326384 -34.0229356
v -2.9408084 11.2064698 -33.9976602
v -1.9233042 11.3590340 -33.9776486
v -0.8748108 11.4175359 -33.9661858
v 0.2046071 11.5033705 -33.9629941
v 1.3352511 11.6613482 -33.9651121
v 2.5228877 11.8275642 -33.9687701
v 3.7262257 11.8549132 -33.9713884
v 4.8514019 11.5842267 -33.9728067
v 5.7825848 10.9242954 -33.9752094
v 6.4353796 9.8992113 -33.9818012
v 6.8038612 8.6390265 -33.9948439
v 6.9727230 7.3198333 -34.0139619
v 7.0836492 6.0854467 -34.0355344
v 7.2700217 4.9909730 -34.0535402
v 7.5923122 3.9949731 -34.0616052
v 8.0073738 3.0000000 -34.0554746
v 8.0073738 -4.0000000 -34.0554746
v -42.6823692 -4.0000000 -33.9196051
v -42.6823692 3.0000000 -33.9196051
v -42.6976320 13.8578735 -33.9024293
v -42.5241438 20.0240341 -33.8850798
v -41.8447292 25.2877862 -33.8687389
v -40.3163711 30.0796312 -33.8545202
v -37.6646466 34.4551091 -33.8433927
v -33.7608268 38.3091871 -33.8361148
v -28.6614759 41.4736751 -33.8331823
v -22.6004802 43.7916907 -33.8347953
v -15.9361868 45.1752837 -33.8408436
v -9.0682973 45.6390852 -33.8509152
v -2.3471628 45.3041546 -33.8643236
v 4.0000000 44.3722840 -33.8801552
v 9.9061746 43.0780877 -33.8973311
v 15.4551582 41.6317215 -33.9146806
v 20.8286627 40.1673259 -33.9310215
v 26.2247316 38.7105572 -33.9452402
v 31.7701908 37.1732442 -33.9563676
v 37.4516222 35.3755933 -33.9636456
v 43.0845106 33.0882720 -33.9665780
v 48.3300500 30.0796312 -33.9649651
v 52.7563290 26.1470159 -33.9589168
v 55.9286587 21.0978040 -33.9488452
v 57.5058716 14.5654005 -33.9354367
v 57.3176308 3.0000000 -33.9196051
v 57.3176308 -4.0000000 -33.9196051
v -8.8781896 -4.0000000 -35.9494753
v -8.8781896 3.0000000 -35.9494753
v -8.4185545 4.1349200 -35.9663110
v -7.8621873 5.1607745 -35.9914418
v -7.3056039 6.1551216 -36.0185635
v -6.7705954 7.1859442 -36.0405729
v -6.2144229 8.2561771 -36.0518781
v -5.5718311 9.2891014 -36.0501767
v -4.8015294 10.1637722 -36.0370459
v -3.9098332 10.7805472 -36.0171580
v -2.9401546 11.1188337 -35.9964642
v -1.9388962 11.2527399 -35.9800802
v -0.9227383 11.3135694 -35.9706952
v 0.1293097 11.4180458 -35.9680820
v 1.2522186 11.6009374 -35.9698161
v 2.4539101 11.7891919 -35.9728110
v 3.6839186 11.8326092 -35.9749547
v 4.8349010 11.5757114 -35.9761159
v 5.7814513 10.9336021 -35.9780831
v 6.4379497 9.9330506 -35.9834800
v 6.8039593 8.6992035 -35.9941584
v 6.9702656 7.3972149 -36.0098109
v 7.0790786 6.1607087 -36.0274730
v 7.2569129 5.0434424 -36.0422149
v 7.5540934 4.0154721 -36.0488180
v 7.9218104 3.0000000 -36.0437987
v 7.9218104 -4.0000000 -36.0437987
v -42.7453979 -4.0000000 -35.9341783
v -42.7453979 3.0000000 -35.9341783
v -42.6024342 13.8411452 -35.9201159
v -42.3101020 19.9732982 -35.9059113
v -41.5670259 25.1982180 -35.8925325
v -40.0330091 29.9614087 -35.8808912
v -37.4236836 34.3316278 -35.8717808
v -33.5910561 38.2113553 -35.8658221
v -28.5688073 41.4317808 -35.8634213
v -22.5707123 43.8270083 -35.8647418
v -15.9431303 45.2936886 -35.8696938
v -9.0847794 45.8284341 -35.8779397
v -2.3556914 45.5362051 -35.8889176
v 4.0000000 44.6087289 -35.9018794
v 9.8966652 43.2791927 -35.9159418
v 15.4038926 41.7653623 -35.9301464
v 20.6985386 40.2161128 -35.9435252
v 25.9855390 38.6752396 -35.9551664
v 31.4094831 37.0715677 -35.9642769
v 36.9816091 35.2369803 -35.9702355
v 42.5428825 32.9457896 -35.9726364
v 47.7742347 29.9614087 -35.9713159
v 52.2524221 26.0693923 -35.9663639
v 55.5377003 21.0619951 -35.9581180
v 57.2708738 14.5585078 -35.9471401
v 57.2546021 3.0000000 -35.9341783
v 57.2546021 -4.0000000 -35.9341783
v -8.9312490 -4.0000000 -37.9562043
v -8.9312490 3.0000000 -37.9562043
v -8.5522719 4.1480340 -37.9699882
v -8.0767422 5.1921468 -37.9905636
v -7.5743913 6.2041813 -38.0127690
v -7.0477923 7.2435245 -38.0307887
v -6.4518086 8.3052443 -38.0400447
v -5.7371779 9.3103872 -38.0386516
v -4.8898595 10.1442550 -38.0279011
v -3.9424003 10.7202641 -38.0116182
v -2.9522309 11.0317508 -37.9946756
v -1.9629480 11.1605050 -37.9812615
v -0.9754037 11.2351765 -37.9735777
v 0.0507090 11.3611534 -37.9714382
v 1.1634114 11.5599469 -37.9728580
v 2.3725795 11.7513637 -37.9753100
v 3.6206196 11.7886100 -37.9770651
v 4.7906711 11.5280352 -37.9780158
v 5.7520738 10.8972334 -37.9796264
v 6.4205539 9.9272626 -37.9840450
v 6.8004111 8.7349594 -37.9927878
v 6.9843155 7.4679074 -38.0056030
v 7.1088385 6.2427312 -38.0200635
v 7.2879888 5.1077010 -38.0321331
v 7.5591192 4.0443132 -38.0375392
v 7.8687510 3.0000000 -38.0334297
v 7.8687510 -4.0000000 -38.0334297
v -42.8676160 -4.0000000 -37.9461097
v -42.8676160 3.0000000 -37.9461097
v -42.5641168 13.8265862 -37.9345964
v -42.1463343 19.9255863 -37.9229667
v -41.3302701 25.1105512 -37.9120130
v -39.7804481 29.8419349 -37.9024820
v -37.2043109 34.2023065 -37.8950230
v -33.4358075 38.1027592 -37.8901445
v -28.4861544 41.3751815 -37.8881788
v -22.5486367 43.8458490 -37.8892599
v -15.9566576 45.3967387 -37.8933143
v -9.1067623 46.0064976 -37.9000655
v -2.3676725 45.7633295 -37.9090534
v 4.0000000 44.8476765 -37.9196657
v 9.8917154 43.4898087 -37.9311789
v 15.3618562 41.9137074 -37.9428087
v 20.5809788 40.2820242 -37.9537623
v 25.7594191 38.6563989 -37.9632934
v 31.0584306 36.9830765 -37.9707524
v 36.5135619 35.1066287 -37.9756309
v 41.9918455 32.8063320 -37.9775966
v 47.1954112 29.8419349 -37.9765154
v 51.7117368 25.9880975 -37.9724611
v 55.0982255 21.0222461 -37.9657099
v 56.9795182 14.5491958 -37.9567219
v 57.1323840 3.0000000 -37.9461097
v 57.1323840 -4.0000000 -37.9461097
v -8.9494941 -4.0000000 -39.9605741
v -8.9494941 3.0000000 -39.9605741
v -8.6635610 4.1625293 -39.9718594
v -8.2821464 5.2309373 -39.9887051
v -7.8450022 6.2663131 -40.0068853
v -7.3342769 7.3149909 -40.0216386
v -6.7029150 8.3629606 -40.0292168
v -5.9187068 9.3318004 -40.0280763
v -4.9954279 10.1182430 -40.0192744
v -3.9916005 10.6533907 -40.0059432
v -2.9781690 10.9458274 -39.9920717
v -1.9961595 11.0820043 -39.9810891
v -1.0321801 11.1818277 -39.9747982
v -0.0291871 11.3331132 -39.9730466
v 1.0715979 11.5408196 -39.9742090
v 2.2815245 11.7189492 -39.9762165
v 3.5380349 11.7295711 -39.9776535
v 4.7190457 11.4480195 -39.9784318
v 5.6932950 10.8201395 -39.9797504
v 6.3806397 9.8833259 -39.9833681
v 6.7894979 8.7438953 -39.9905261
v 7.0103905 7.5266890 -40.0010183
v 7.1683881 6.3255618 -40.0128575
v 7.3597260 5.1792203 -40.0227393
v 7.6061966 4.0795158 -40.0271655
v 7.8505059 3.0000000 -40.0238009
v 7.8505059 -4.0000000 -40.0238009
v -43.0463618 -4.0000000 -39.9558784
v -43.0463618 3.0000000 -39.9558784
v -42.5811914 13.8142897 -39.9464521
v -42.0323978 19.8812034 -39.9369305
v -41.1348218 25.0253467 -39.9279624
v -39.5595548 29.7219739 -39.9201590
v -37.0076174 34.0679725 -39.9140521
v -33.2961688 37.9840933 -39.9100579
v -28.4144703 41.3042390 -39.9084485
v -22.5350228 43.8480924 -39.9093337
v -15.9773614 45.4837750 -39.9126531
v -9.1346797 46.1721367 -39.9181805
v -2.3833641 45.9840751 -39.9255392
v 4.0000000 45.0875986 -39.9342278
v 9.8917363 43.7085886 -39.9436541
v 15.3300728 42.0758079 -39.9531757
v 20.4778225 40.3646384 -39.9621438
v 25.5491721 38.6541556 -39.9699472
v 30.7208301 36.9083367 -39.9760541
v 36.0521639 34.9853725 -39.9800483
v 41.4367099 32.6707910 -39.9816576
v 46.5991391 29.7219739 -39.9807725
v 51.1396435 25.9036516 -39.9774531
v 54.6149914 20.9788114 -39.9719257
v 56.6356117 14.5375240 -39.9645669
v 56.9536382 3.0000000 -39.9558784
v 56.9536382 -4.0000000 -39.9558784
v -8.9327403 -4.0000000 -41.9625745
v -8.9327403 3.0000000 -41.9625745
v -8.7476525 4.1771217 -41.9718141
v -8.4693489 5.2748745 -41.9856062
v -8.1056092 6.3391499 -42.0004909
v -7.6177045 7.3989474 -42.0125699
v -6.9571392 8.4296457 -42.0187744
v -6.1090660 9.3554220 -42.0178406
v -5.1144644 10.0888389 -42.0106343
v -4.0564526 10.5828121 -41.9997196
v -3.0183331 10.8625588 -41.9883626
v -2.0387898 11.0168522 -41.9793708
v -1.0922857 11.1517977 -41.9742202
v -0.1083375 11.3323125 -41.9727861
v 0.9797025 11.5438065 -41.9737378
v 2.1838887 11.6952623 -41.9753814
v 3.4388578 11.6618213 -41.9765579
v 4.6217306 11.3435529 -41.9771952
v 5.6054211 10.7094164 -41.9782748
v 6.3167937 9.8052889 -41.9812367
v 6.7679194 8.7258808 -41.9870971
v 7.0434790 7.5697860 -41.9956874
v 7.2517343 6.4037433 -42.0053806
v 7.4664971 5.2532807 -42.0134711
v 7.6917984 4.1187413 -42.0170949
v 7.8672597 3.0000000 -42.0143403
v 7.8672597 -4.0000000 -42.0143403
v -43.2783863 -4.0000000 -41.9638763
v -43.2783863 3.0000000 -41.9638763
v -42.6515584 13.8043343 -41.9561587
v -41.9672489 19.8404336 -41.9483630
v -40.9804789 24.9431492 -41.9410206
v -39.3706928 29.6022930 -41.9346317
v -36.8342565 33.9294850 -41.9296318
v -33.1728631 37.8561169 -41.9263616
v -28.3544106 41.2194073 -41.9250440
v -22.5304056 43.8337240 -41.9257687
v -16.0056595 45.5542407 -41.9284864
v -9.1688487 46.3242918 -41.9330119
v -2.4029662 46.1970297 -41.9390367
v 4.0000000 45.3269603 -41.9461503
v 9.8970856 43.9341329 -41.9538679
v 15.3094699 42.2506270 -41.9616635
v 20.3907891 40.4634270 -41.9690060
v 25.3574831 38.6685240 -41.9753948
v 30.4003988 36.8478265 -41.9803947
v 35.6020876 34.8739873 -41.9836649
v 40.8828727 32.5400338 -41.9849825
v 45.9911807 29.6022930 -41.9842578
v 50.5418370 25.8165948 -41.9815401
v 54.0931923 20.9319688 -41.9770147
v 56.2434890 14.5235671 -41.9709899
v 56.7216137 3.0000000 -41.9638763
v 56.7216137 -4.0000000 -41.9638763
v -8.8829286 -4.0000000 -43.9620621
v -8.8829286 3.0000000 -43.9620621
v -8.8016001 4.1904403 -43.9696269
v -8.6306250 5.3211551 -43.9809189
v -8.3451312 6.4193248 -43.9931055
v -7.8859000 7.4928481 -44.0029949
v -7.2035333 8.5048028 -44.0080747
v -6.3001571 9.3832310 -44.0073102
v -5.2422166 10.0598195 -44.0014101
v -4.1349647 10.5125429 -43.9924739
v -3.0722561 10.7844506 -43.9831756
v -2.0905897 10.9649755 -43.9758138
v -1.1547654 11.1426617 -43.9715968
v -0.1847205 11.3555250 -43.9704227
v 0.8906967 11.5671203 -43.9712018
v 2.0832001 11.6818447 -43.9725475
v 3.3266635 11.5908095 -43.9735108
v 4.5017668 11.2228590 -43.9740325
v 5.4902862 10.5736187 -43.9749164
v 6.2289242 9.6993315 -43.9773414
v 6.7330932 8.6829628 -43.9821395
v 7.0784240 7.5950910 -43.9891727
v 7.3518420 6.4726884 -43.9971088
v 7.6009246 5.3253141 -44.0037327
v 7.8102752 4.1594690 -44.0066997
v 7.9170714 3.0000000 -44.0044443
v 7.9170714 -4.0000000 -44.0044443
v -43.5599030 -4.0000000 -43.9704244
v -43.5599030 3.0000000 -43.9704244
v -42.7725466 13.7967836 -43.9641058
v -41.9492715 19.8035376 -43.9577232
v -40.8664958 24.8644848 -43.9517117
v -39.2137304 29.4836579 -43.9464810
v -36.6844478 33.7877299 -43.9423874
v -33.0662444 37.7196484 -43.9397100
v -28.3063257 41.1212290 -43.9386312
v -22.5350761 43.8028357 -43.9392246
v -16.0417854 45.6076850 -43.9414496
v -9.2094620 46.4619896 -43.9451548
v -2.4266158 46.4008312 -43.9500875
v 4.0000000 45.5642305 -43.9559116
v 9.9080603 44.1649990 -43.9622302
v 15.3008634 42.4370463 -43.9686127
v 20.3214532 40.5777581 -43.9746242
v 25.1868841 38.6994122 -43.9798550
v 30.1007267 36.8019328 -43.9839486
v 35.1679373 34.7731855 -43.9866260
v 40.3357530 32.4148968 -43.9877047
v 45.3774322 29.4836579 -43.9871114
v 49.9242674 25.7274838 -43.9848863
v 53.5383939 20.8820178 -43.9811812
v 55.8079538 14.5074144 -43.9762485
v 56.4400970 3.0000000 -43.9704244
v 56.4400970 -4.0000000 -43.9704244
v -8.8039996 -4.0000000 -45.9587516
v -8.8039996 3.0000000 -45.9587516
v -8.8244055 4.2011487 -45.9649451
v -8.7599385 5.3666387 -45.9741902
v -8.5537617 6.5026253 -45.9841677
v -8.1274417 7.5929952 -45.9922645
v -7.4313319 8.5869018 -45.9964235
v -6.4835258 9.4167112 -45.9957975
v -5.3731728 10.0351971 -45.9909670
v -4.2242095 10.4474175 -45.9836507
v -3.1386246 10.7149776 -45.9760378
v -2.1507618 10.9268860 -45.9700105
v -1.2184823 11.1517927 -45.9665579
v -0.2563847 11.3984444 -45.9655966
v 0.8074861 11.6072827 -45.9662346
v 1.9832190 11.6784623 -45.9673363
v 3.2057553 11.5207117 -45.9681249
v 4.3634208 11.0938225 -45.9685521
v 5.3512339 10.4220183 -45.9692758
v 6.1183714 9.5731830 -45.9712612
v 6.6834088 8.6190974 -45.9751896
v 7.1103068 7.6022252 -45.9809478
v 7.4610924 6.5289587 -45.9874453
v 7.7543277 5.3912147 -45.9928686
v 7.9541864 4.1991791 -45.9952977
v 7.9960004 3.0000000 -45.9934512
v 7.9960004 -4.0000000 -45.9934512
v -43.8866447 -4.0000000 -45.9757855
v -43.8866447 3.0000000 -45.9757855
v -42.9409594 13.7916861 -45.9706123
v -41.9763133 19.7707514 -45.9653867
v -40.7916078 24.7898565 -45.9604649
v -39.0880571 29.3668274 -45.9561823
v -36.5579848 33.6436140 -45.9528308
v -32.9762993 37.5755609 -45.9506387
v -28.2702585 41.0103320 -45.9497555
v -22.5490764 43.7556253 -45.9502413
v -16.0857815 45.6437661 -45.9520630
v -9.2565815 46.5843494 -45.9550965
v -2.4543831 46.5941760 -45.9591351
v 4.0000000 45.7978916 -45.9639035
v 9.9248912 44.3997100 -45.9690767
v 15.3049433 42.6338736 -45.9743023
v 20.2712199 40.7069003 -45.9792241
v 25.0397200 38.7466227 -45.9835067
v 29.8252296 36.7709493 -45.9868582
v 34.7541925 34.6836119 -45.9890503
v 39.8007262 32.2961803 -45.9899335
v 44.7638528 29.3668274 -45.9894477
v 49.2930674 25.6368888 -45.9876260
v 52.9564628 20.8292781 -45.9845925
v 55.3342137 14.4891691 -45.9805539
v 56.1133553 3.0000000 -45.9757855
v 56.1133553 -4.0000000 -45.9757855
v -8.7016494 -4.0000000 -47.9522029
v -8.7016494 3.0000000 -47.9522029
v -8.8170247 4.2080702 -47.9572737
v -8.8532005 5.4080837 -47.9648429
v -8.7234198 6.5842381 -47.9730118
v -8.3322044 7.6946533 -47.9796409
v -7.6304773 8.6732611 -47.9830460
v -6.6507819 9.4564959 -47.9825335
v -5.5013354 10.0187315 -47.9785786
v -4.3204580 10.3926513 -47.9725885
v -3.2153126 10.6583797 -47.9663556
v -2.2179526 10.9038131 -47.9614209
v -1.2821203 11.1768021 -47.9585942
v -0.3214994 11.4562701 -47.9578071
v 0.7327979 11.6596208 -47.9583294
v 1.8877707 11.6833019 -47.9592314
v 3.0809702 11.4542259 -47.9598771
v 4.2120082 10.9634321 -47.9602269
v 5.1930141 10.2638743 -47.9608193
v 5.9879332 9.4354550 -47.9624449
v 6.6184200 8.5397346 -47.9656612
v 7.1348068 7.5924475 -47.9703756
v 7.5717648 6.5704296 -47.9756953
v 7.9172349 5.4475958 -47.9801355
v 8.1147308 4.2355281 -47.9821243
v 8.0983506 3.0000000 -47.9806125
v 8.0983506 -4.0000000 -47.9806125
v -44.2539259 -4.0000000 -47.9801749
v -44.2539259 3.0000000 -47.9801749
v -43.1531281 13.7890742 -47.9759394
v -42.0457279 19.7422847 -47.9716610
v -40.7540641 24.7197417 -47.9676314
v -38.9926062 29.2525487 -47.9641251
v -36.4542495 33.4980591 -47.9613811
v -32.9026551 37.4247760 -47.9595864
v -28.2459465 40.8874258 -47.9588633
v -22.5721979 43.6923945 -47.9592610
v -16.1374963 45.6622532 -47.9607525
v -9.3101343 46.6905884 -47.9632361
v -2.4862682 46.7758272 -47.9665426
v 4.0000000 46.0264490 -47.9704466
v 9.9477371 44.6367646 -47.9746821
v 15.3222608 42.8398496 -47.9789605
v 20.2413027 40.8500277 -47.9829901
v 24.9181142 38.8098534 -47.9864964
v 29.5771046 36.7550741 -47.9892404
v 34.3651514 34.6058395 -47.9910351
v 39.2830590 32.1846438 -47.9917582
v 44.1563933 29.2525487 -47.9913605
v 48.6544775 25.5453891 -47.9898690
v 52.3534924 20.7740870 -47.9873854
v 54.8278104 14.4689480 -47.9840789
v 55.7460741 3.0000000 -47.9801749
v 55.7460741 -4.0000000 -47.9801749
v -8.5829800 -4.0000000 -49.9418039
v -8.5829800 3.0000000 -49.9418039
v -8.7822555 4.2103053 -49.9459556
v -8.9084121 5.4424066 -49.9521528
v -8.8481042 6.6590686 -49.9588409
v -8.4918351 7.7922819 -49.9642683
v -7.7921140 8.7600550 -49.9670562
v -6.7940276 9.5020941 -49.9666366
v -5.6205316 10.0134441 -49.9633986
v -4.4193637 10.3533162 -49.9584943
v -3.2994652 10.6193087 -49.9533913
v -2.2902780 10.8976778 -49.9493510
v -1.3441993 11.2158700 -49.9470367
v -0.3784012 11.5242762 -49.9463923
v 0.6690755 11.7188546 -49.9468199
v 1.8005727 11.6933380 -49.9475585
v 2.9574536 11.3925618 -49.9480871
v 4.0536581 10.8373810 -49.9483734
v 5.0215993 10.1077771 -49.9488585
v 5.8418039 9.2949477 -49.9501894
v 6.5389619 8.4512990 -49.9528227
v 7.1485145 7.5684257 -49.9566825
v 7.6765108 6.5963343 -49.9610380
v 8.0799336 5.4919753 -49.9646733
v 8.2822538 4.2665026 -49.9663015
v 8.2170200 3.0000000 -49.9650638
v 8.2170200 -4.0000000 -49.9650638
v -44.6567102 -4.0000000 -49.9837686
v -44.6567102 3.0000000 -49.9837686
v -43.4049708 13.7889647 -49.9803008
v -42.1544244 19.7183196 -49.9767980
v -40.7516664 24.6545890 -49.9734988
v -38.9258841 29.1415529 -49.9706281
v -36.3722331 33.3519962 -49.9683815
v -32.8445929 37.2682581 -49.9669121
v -28.2328301 40.7532965 -49.9663201
v -22.6039853 43.6135480 -49.9666457
v -16.1965837 45.6630280 -49.9678669
v -9.3699109 46.7800272 -49.9699003
v -2.5221994 46.9446231 -49.9726074
v 4.0000000 46.2484405 -49.9758038
v 9.9766809 44.8746465 -49.9792715
v 15.3532178 43.0536570 -49.9827743
v 20.2327036 41.0062246 -49.9860735
v 24.8239388 38.8887000 -49.9889442
v 29.3592876 36.7544087 -49.9911908
v 34.0048774 34.5403658 -49.9926602
v 38.7878455 32.0810007 -49.9932522
v 43.5609242 29.1415529 -49.9929266
v 48.0147703 25.4535701 -49.9917054
v 51.7357263 20.7167975 -49.9896720
v 54.2945461 14.4468804 -49.9869649
v 55.3432898 3.0000000 -49.9837686
v 55.3432898 -4.0000000 -49.9837686
v -8.4560668 -4.0000000 -51.9267493
v -8.4560668 3.0000000 -51.9267493
v -8.7245142 4.2073309 -51.9301483
v -8.9256845 5.4669430 -51.9352221
v -8.9241304 6.7221113 -51.9406979
v -8.6001364 7.8798729 -51.9451415
v -7.9090282 8.8424547 -51.9474240
v -6.9062690 9.5517356 -51.9470805
v -5.7247432 10.0211886 -51.9444295
v -4.5161879 10.3337832 -51.9404142
v -3.3876258 10.6023584 -51.9362362
v -2.3653813 10.9109061 -51.9329283
v -1.4031042 11.2679293 -51.9310335
v -0.4256367 11.5983058 -51.9305059
v 0.6183839 11.7797096 -51.9308560
v 1.7250644 11.7048234 -51.9314607
v 2.8404157 11.3356132 -51.9318935
v 3.8950300 10.7198492 -51.9321279
v 4.8439289 9.9611176 -51.9325251
v 5.6854257 9.1599916 -51.9336147
v 6.4471820 8.3606158 -51.9357706
v 7.1491777 7.5338978 -51.9389308
v 7.7687936 6.6071904 -51.9424967
v 8.2330244 5.5228778 -51.9454731
v 8.4468015 4.2905414 -51.9468062
v 8.3439332 3.0000000 -51.9457928
v 8.3439332 -4.0000000 -51.9457928
v -45.0896814 -4.0000000 -51.9867108
v -45.0896814 3.0000000 -51.9867108
v -43.6920560 13.7913584 -51.9838717
v -42.2989218 19.6990095 -51.9810038
v -40.7818145 24.5948150 -51.9783027
v -38.8860060 29.0345500 -51.9759524
v -36.3105630 33.2063596 -51.9741130
v -32.8010672 37.1070085 -51.9729100
v -28.2300645 40.6088020 -51.9724252
v -22.6437427 43.5195900 -51.9726918
v -16.2625062 45.6460856 -51.9736916
v -9.4355654 46.8520935 -51.9753564
v -2.5620321 47.0994838 -51.9775729
v 4.0000000 46.4624463 -51.9801898
v 10.0117260 45.1118340 -51.9830289
v 15.3980572 43.2739280 -51.9858968
v 20.2461958 41.1744919 -51.9885979
v 24.7587867 38.9826579 -51.9909483
v 29.1744146 36.7689575 -51.9927876
v 33.6771487 34.4876096 -51.9939907
v 38.3199457 31.9859140 -51.9944754
v 42.9831654 29.0345500 -51.9942088
v 47.3801745 25.3620192 -51.9932090
v 51.1094805 20.6577761 -51.9915442
v 53.7404076 14.4231075 -51.9893278
v 54.9103186 3.0000000 -51.9867108
v 54.9103186 -4.0000000 -51.9867108
v -8.3294664 -4.0000000 -53.9060136
v -8.3294664 3.0000000 -53.9060136
v -8.6495164 4.1990700 -53.9087965
v -8.9071390 5.4796864 -53.9129506
v -8.9502426 6.7688424 -53.9174338
v -8.6533387 7.9513718 -53.9210719
v -7.9760069 8.9149037 -53.9229406
v -6.9817903 9.6023617 -53.9226594
v -5.8084376 10.0423280 -53.9204889
v -4.6060536 10.3371910 -53.9172015
v -3.4759027 10.6115270 -53.9137808
v -2.4405230 10.9461003 -53.9110725
v -1.4571267 11.3326843 -53.9095212
v -0.4619991 11.6751352 -53.9090892
v 0.5823301 11.8374878 -53.9093759
v 1.6642474 11.7138427 -53.9098709
v 2.7348808 11.2822804 -53.9102253
v 3.7429979 10.6134722 -53.9104172
v 4.6675917 9.8297179 -53.9107424
v 5.5252595 9.0378770 -53.9116345
v 6.3464828 8.2743354 -53.9133996
v 7.1358654 7.4932583 -53.9159870
v 7.8432681 6.6046234 -53.9189065
v 8.3679510 5.5398525 -53.9213433
v 8.5986903 4.3066176 -53.9224348
v 8.4705336 3.0000000 -53.9216051
v 8.4705336 -4.0000000 -53.9216051
v -45.5473177 -4.0000000 -53.9891197
v -45.5473177 3.0000000 -53.9891197
v -44.0096703 13.7962398 -53.9867952
v -42.4754086 19.6844778 -53.9844472
v -40.8415559 24.5408021 -53.9822357
v -38.8707367 28.9322245 -53.9803115
v -36.2675350 33.0620810 -53.9788055
v -32.7707296 36.9420587 -53.9778205
v -28.2365371 40.4548667 -53.9774237
v -22.6905456 43.4111216 -53.9776420
v -16.3345412 45.6115344 -53.9784605
v -9.5066180 46.9063265 -53.9798236
v -2.6055494 47.2394187 -53.9816382
v 4.0000000 46.6670974 -53.9837808
v 10.0527950 45.3468099 -53.9861053
v 15.4568569 43.4992537 -53.9884533
v 20.2823098 41.3537533 -53.9906648
v 24.7239479 39.0911264 -53.9925891
v 29.0247858 36.7986273 -53.9940950
v 33.3854100 34.4479083 -53.9950800
v 37.8839263 31.8999919 -53.9954768
v 42.4286180 28.9322245 -53.9952585
v 46.7567995 25.2713218 -53.9944400
v 50.4810652 20.5974002 -53.9930770
v 53.1714882 14.3977814 -53.9912623
v 54.4526823 3.0000000 -53.9891197
v 54.4526823 -4.0000000 -53.9891197
v -8.2116952 -4.0000000 -55.8783213
v -8.2116952 3.0000000 -55.8783213
v -8.5638819 4.1859257 -55.8805998
v -8.8566955 5.4794823 -55.8840009
v -8.9275952 6.7956004 -55.8876714
v -8.6502475 8.0011499 -55.8906501
v -7.9900986 8.9715096 -55.8921801
v -7.0164685 9.6497719 -55.8919498
v -5.8668807 10.0755582 -55.8901727
v -4.6842132 10.3649991 -55.8874812
v -3.5601649 10.6496681 -55.8846806
v -2.5126974 11.0056044 -55.8824633
v -1.5045198 11.4104644 -55.8811931
v -0.4865595 11.7526761 -55.8808395
v 0.5620030 11.8885383 -55.8810742
v 1.6205469 11.7168675 -55.8814795
v 2.6454435 11.2308957 -55.8817696
v 3.6043182 10.5194810 -55.8819268
v 4.5004652 9.7176415 -55.8821930
v 5.3684853 8.9344157 -55.8829234
v 6.2413769 8.1984050 -55.8843685
v 7.1090403 7.4511121 -55.8864869
v 7.8960786 6.5911091 -55.8888772
v 8.4774724 5.5434084 -55.8908723
v 8.7290600 4.3142756 -55.8917659
v 8.5883048 3.0000000 -55.8910866
v 8.5883048 -4.0000000 -55.8910866
v -46.0239676 -4.0000000 -55.9910920
v -46.0239676 3.0000000 -55.9910920
v -44.3528893 13.8035778 -55.9891889
v -42.6798061 19.6748176 -55.9872665
v -40.9276412 24.4928958 -55.9854559
v -38.8775369 28.8352308 -55.9838804
v -36.2411502 32.9200832 -55.9826474
v -32.7519583 36.7744637 -55.9818410
v -28.2508893 40.2924753 -55.9815161
v -22.7432556 43.2888365 -55.9816948
v -16.4117901 45.5595953 -55.9823650
v -9.5824593 46.9423791 -55.9834809
v -2.6524629 47.3635328 -55.9849666
v 4.0000000 46.8610848 -55.9867208
v 10.0997276 45.5780712 -55.9886240
v 15.5295245 43.7281927 -55.9905463
v 20.3413216 41.5428622 -55.9923570
v 24.7203886 39.2134114 -55.9939324
v 28.9123345 36.8432284 -55.9951654
v 33.1327297 34.4215159 -55.9959718
v 37.4840059 31.8237841 -55.9962967
v 41.9024991 28.8352308 -55.9961180
v 46.1505629 25.1820583 -55.9954479
v 49.8567071 20.5360562 -55.9943319
v 52.5939093 14.3710640 -55.9928462
v 53.9760324 3.0000000 -55.9910920
v 53.9760324 -4.0000000 -55.9910920
v -8.1107081 -4.0000000 -57.8421112
v -8.1107081 3.0000000 -57.8421112
v -8.4746881 4.1687738 -57.8439767
v -8.7797626 5.4661605 -57.8467613
v -8.8596094 6.7999209 -57.8497664
v -8.5922600 8.0244880 -57.8522051
v -7.9507621 9.0065256 -57.8534578
v -7.0080106 9.6889238 -57.8532693
v -5.8964144 10.1179049 -57.8518143
v -4.7463159 10.4166775 -57.8496107
v -3.6362562 10.7179920 -57.8473178
v -2.5787707 11.0910131 -57.8455024
v -1.5435619 11.5019332 -57.8444625
v -0.4986905 11.8299965 -57.8441729
v 0.5579347 11.9305782 -57.8443651
v 1.5956987 11.7112492 -57.8446969
v 2.5760445 11.1796978 -57.8449345
v 3.4852973 10.4379824 -57.8450631
v 4.3503279 9.6271865 -57.8452811
v 5.2226471 8.8536624 -57.8458791
v 6.1372609 8.1376345 -57.8470623
v 7.0705340 7.4118373 -57.8487966
v 7.9250589 6.5696625 -57.8507536
v 8.5560548 5.5348799 -57.8523871
v 8.8303787 4.3136241 -57.8531187
v 8.6892919 3.0000000 -57.8525626
v 8.6892919 -4.0000000 -57.8525626
v -46.5139269 -4.0000000 -57.9927067
v -46.5139269 3.0000000 -57.9927067
v -44.7166499 13.8133254 -57.9911486
v -42.9078347 19.6700905 -57.9895747
v -41.0365821 24.4514026 -57.9880923
v -38.9036129 28.7441894 -57.9868024
v -36.2291570 32.7812746 -57.9857929
v -32.7428911 36.6052956 -57.9851327
v -28.2715420 40.1226664 -57.9848666
v -22.8005390 43.1535171 -57.9850130
v -16.4931907 45.4906007 -57.9855617
v -9.6623577 46.9600209 -57.9864753
v -2.7024158 47.4710322 -57.9876917
v 4.0000000 47.0431676 -57.9891279
v 10.1522818 45.8041387 -57.9906861
v 15.6157952 43.9592807 -57.9922600
v 20.4232455 41.7406089 -57.9937424
v 24.7487357 39.3487309 -57.9950323
v 28.8386003 36.9024754 -57.9960418
v 32.9217611 34.4086012 -57.9967020
v 37.1240043 31.7577779 -57.9969680
v 41.4096796 28.7441894 -57.9968217
v 45.5671200 25.0947995 -57.9962730
v 49.2424737 20.4741364 -57.9953593
v 52.0137426 14.3431262 -57.9941430
v 53.4860731 3.0000000 -57.9927067
v 53.4860731 -4.0000000 -57.9927067
v -8.0334090 -4.0000000 -59.7954958
v -8.0334090 3.0000000 -59.7954958
v -8.3889991 4.1489123 -59.7970231
v -8.6828519 5.4405889 -59.7993029
v -8.7517129 6.7807952 -59.8017633
v -8.4832505 8.0180289 -59.8037599
v -7.8598940 9.0148790 -59.8047855
v -6.9561003 9.7143638 -59.8046312
v -5.8946810 10.1649043 -59.8034400
v -4.7886576 10.4895739 -59.8016358
v -3.7002174 10.8156776 -59.7997585
v -2.6356331 11.2026832 -59.7982722
v -1.5726286 11.6076914 -59.7974208
v -0.4980823 11.9071664 -59.7971837
v 0.5700852 11.9628338 -59.7973410
v 1.5906695 11.6955937 -59.7976127
v 2.5297780 11.1272941 -59.7978072
v 3.3914784 10.3683345 -59.7979125
v 4.2244667 9.5590410 -59.7980910
v 5.0952624 8.7978101 -59.7985806
v 6.0401210 8.0953860 -59.7995493
v 7.0234272 7.3791960 -59.8009693
v 7.9298231 6.5435064 -59.8025716
v 8.6001595 5.5162371 -59.8039089
v 8.8968714 4.3052863 -59.8045079
v 8.7665910 3.0000000 -59.8040526
v 8.7665910 -4.0000000 -59.8040526
v -47.0115145 -4.0000000 -59.9940288
v -47.0115145 3.0000000 -59.9940288
v -45.0958239 13.8254202 -59.9927531
v -43.1550816 19.6703268 -59.9914645
v -41.1647129 24.4165879 -59.9902508
v -38.9459701 28.6596826 -59.9891947
v -36.2290961 32.6465429 -59.9883682
v -32.7414631 36.4356364 -59.9878277
v -28.2967251 39.9465262 -59.9876099
v -22.8608888 43.0060288 -59.9877297
v -16.5775324 45.4049917 -59.9881789
v -9.7454675 46.9591390 -59.9889269
v -2.7549863 47.5612292 -59.9899228
v 4.0000000 47.2121811 -59.9910987
v 10.2101348 46.0235662 -59.9923744
v 15.7152319 44.1910394 -59.9936630
v 20.5278290 41.9457284 -59.9948767
v 24.8092645 39.4962192 -59.9959328
v 28.8047073 36.9759895 -59.9967593
v 32.7547092 34.4092469 -59.9972998
v 36.8072969 31.7023957 -59.9975176
v 40.9546281 28.6596826 -59.9973978
v 45.0117974 25.0101037 -59.9969486
v 48.6442004 20.4120368 -59.9962006
v 51.4369336 14.3141468 -59.9952047
v 52.9884855 3.0000000 -59.9940288
v 52.9884855 -4.0000000 -59.9940288
v -7.9852216 -4.0000000 -61.7362154
v -7.9852216 3.0000000 -61.7362154
v -8.3134011 4.1279719 -61.7374659
v -8.5731396 5.4046421 -61.7393324
v -8.6109829 6.7388242 -61.7413469
v -8.3293332 7.9801560 -61.7429816
v -7.7217339 8.9927015 -61.7438213
v -6.8624447 9.7207548 -61.7436949
v -5.8607829 10.2109576 -61.7427196
v -4.8084011 10.5789830 -61.7412425
v -3.7485027 10.9396454 -61.7397055
v -2.6803583 11.3393102 -61.7384886
v -1.5902686 11.7278254 -61.7377915
v -0.4847503 11.9849506 -61.7375974
v 0.5978508 11.9859899 -61.7377262
v 1.6056136 11.6699790 -61.7379487
v 2.5087400 11.0730539 -61.7381079
v 3.3273620 10.3095640 -61.7381941
v 4.1292989 9.5125728 -61.7383402
v 4.9934152 8.7672543 -61.7387411
v 5.9561870 8.0734112 -61.7395342
v 6.9718421 7.3560277 -61.7406968
v 7.9117442 6.5157498 -61.7420086
v 8.6084117 5.4898627 -61.7431035
v 8.9248470 4.2903154 -61.7435940
v 8.8147784 3.0000000 -61.7432212
v 8.8147784 -4.0000000 -61.7432212
v -47.5111482 -4.0000000 -61.9951112
v -47.5111482 3.0000000 -61.9951112
v -45.4852911 13.8397850 -61.9940667
v -43.4170704 19.6755250 -61.9930117
v -41.3082534 24.3886743 -61.9920180
v -39.0014688 28.5822511 -61.9911534
v -36.2383487 32.5167501 -61.9904767
v -32.7454467 36.2665715 -61.9900341
v -28.3245103 39.7651816 -61.9898558
v -22.9226499 42.8473151 -61.9899539
v -16.6634733 45.3033161 -61.9903217
v -9.8308401 46.9397389 -61.9909341
v -2.8096919 47.6335468 -61.9917495
v 4.0000000 47.3670442 -61.9927122
v 10.2728853 46.2349502 -61.9937567
v 15.8272271 44.4219864 -61.9948117
v 20.6545524 42.1569087 -61.9958054
v 24.9018916 39.6549328 -61.9966701
v 28.8113478 37.0633003 -61.9973467
v 32.6333029 34.4234487 -61.9977893
v 36.5367753 31.6579916 -61.9979676
v 40.5413591 28.5822511 -61.9978695
v 44.4895317 24.9285125 -61.9975017
v 48.0674210 20.3501548 -61.9968893
v 50.8692277 14.2843111 -61.9960739
v 52.4888518 3.0000000 -61.9951112
v 52.4888518 -4.0000000 -61.9951112
v -7.9697462 -4.0000000 -63.6615878
v -7.9697462 3.0000000 -63.6615878
v -8.2535697 4.1077912 -63.6626116
v -8.4580023 5.3610843 -63.6641398
v -8.4457105 6.6762513 -63.6657890
v -8.1385165 7.9112594 -63.6671274
v -7.5426530 8.9378096 -63.6678149
v -6.7307172 9.7034533 -63.6677114
v -5.7953658 10.2498349 -63.6669129
v -4.8037514 10.6784217 -63.6657036
v -3.7781790 11.0845294 -63.6644452
v -2.7103602 11.4976273 -63.6634489
v -1.5952802 11.8614602 -63.6628782
v -0.4590352 12.0643913 -63.6627193
v 0.6400961 12.0019585 -63.6628247
v 1.6398684 11.6359891 -63.6630068
v 2.5139263 11.0173858 -63.6631372
v 3.2961770 10.2607722 -63.6632078
v 4.0700303 9.4862060 -63.6633274
v 4.9233576 8.7608069 -63.6636556
v 5.8915537 8.0718405 -63.6643050
v 6.9206609 7.3440494 -63.6652568
v 7.8738223 6.4891069 -63.6663308
v 8.5816423 5.4583167 -63.6672273
v 8.9129067 4.2700837 -63.6676288
v 8.8302538 3.0000000 -63.6673236
v 8.8302538 -4.0000000 -63.6673236
v -48.0074166 -4.0000000 -63.9959974
v -48.0074166 3.0000000 -63.9959974
v -45.8800117 13.8563278 -63.9951422
v -43.6893297 19.6856519 -63.9942785
v -41.4633727 24.3678405 -63.9934649
v -39.0668821 28.5123900 -63.9927570
v -36.2541873 32.3927264 -63.9922030
v -32.7524950 36.0991822 -63.9918406
v -28.3528466 39.5797923 -63.9916946
v -22.9840465 42.6783913 -63.9917749
v -16.7495606 45.1862242 -63.9920761
v -9.9174359 46.9019448 -63.9925775
v -2.8659953 47.6875226 -63.9932451
v 4.0000000 47.5067663 -63.9940333
v 10.3400578 46.4369385 -63.9948884
v 15.9510083 44.6506444 -63.9957522
v 20.8026314 42.3727991 -63.9965658
v 25.0261720 39.8238567 -63.9972737
v 28.8587710 37.1638494 -63.9978277
v 32.5587734 34.4511159 -63.9981900
v 36.3148134 31.6248497 -63.9983360
v 40.1733877 28.5123900 -63.9982557
v 44.0048132 24.8505479 -63.9979546
v 47.5173035 20.2888860 -63.9974532
v 50.3161003 14.2538100 -63.9967856
v 51.9925834 3.0000000 -63.9959974
v 51.9925834 -4.0000000 -63.9959974
v -7.9885234 -4.0000000 -65.5684501
v -7.9885234 3.0000000 -65.5684501
v -8.2138990 4.0902694 -65.5692883
v -8.3445562 5.3133722 -65.5705395
v -8.2649161 6.5968645 -65.5718898
v -7.9202664 7.8138590 -65.5729856
v -7.3308356 8.8500866 -65.5735484
v -6.5663989 9.6590803 -65.5734637
v -5.7006211 10.2752837 -65.5728100
v -4.7740775 10.7800976 -65.5718198
v -3.7870963 11.2428667 -65.5707895
v -2.7235387 11.6722754 -65.5699738
v -1.5867828 12.0063798 -65.5695066
v -0.4215939 12.1463345 -65.5693765
v 0.6952068 12.0134946 -65.5694628
v 1.6919890 11.5965610 -65.5696119
v 2.5451854 10.9618625 -65.5697187
v 3.2997123 10.2214764 -65.5697765
v 4.0503678 9.4778374 -65.5698744
v 4.8901407 8.7760257 -65.5701431
v 5.8517931 8.0893162 -65.5706748
v 6.8751857 7.3437743 -65.5714540
v 7.8204516 6.4656796 -65.5723334
v 8.5228008 5.4241096 -65.5730673
v 8.8620199 4.2461558 -65.5733961
v 8.8114766 3.0000000 -65.5731462
v 8.8114766 -4.0000000 -65.5731462
v -48.4951487 -4.0000000 -65.9967229
v -48.4951487 3.0000000 -65.9967229
v -46.2750953 13.8749428 -65.9960228
v -43.9674607 19.7006427 -65.9953156
v -41.6262531 24.3542196 -65.9946495
v -39.1389536 28.4505463 -65.9940699
v -36.2738273 32.2752650 -65.9936163
v -32.7601864 35.9345393 -65.9933197
v -28.3795974 39.3915444 -65.9932001
v -23.0432124 42.5003378 -65.9932659
v -16.8342524 45.0544650 -65.9935124
v -10.0041390 46.8459985 -65.9939230
v -2.9233110 47.7228112 -65.9944695
v 4.0000000 47.6304537 -65.9951149
v 10.4111068 46.6282391 -65.9958150
v 16.0856442 44.8755508 -65.9965222
v 20.9710230 42.5920184 -65.9971883
v 25.1813017 40.0019102 -65.9977679
v 28.9467781 37.2769936 -65.9982214
v 32.5318392 34.4920715 -65.9985181
v 36.1432411 31.6031820 -65.9986376
v 39.8536910 28.4505463 -65.9985719
v 43.5616360 24.7767086 -65.9983254
v 46.9985906 20.2286226 -65.9979148
v 49.7826912 14.2228386 -65.9973683
v 51.5048513 3.0000000 -65.9967229
v 51.5048513 -4.0000000 -65.9967229
v -8.0409194 -4.0000000 -67.4530965
v -8.0409194 3.0000000 -67.4530965
v -8.1972129 4.0772043 -67.4537828
v -8.2392270 5.2653929 -67.4548072
v -8.0778409 6.5057705 -67.4559127
v -7.6850069 7.6925649 -67.4568099
v -7.0958722 8.7317215 -67.4572707
v -6.3765258 9.5860304 -67.4572013
v -5.5802047 10.2816890 -67.4566661
v -4.7199717 10.8755337 -67.4558554
v -3.7740202 11.4055041 -67.4550119
v -2.7184071 11.8558765 -67.4543441
v -1.5642816 12.1587707 -67.4539615
v -0.3733827 12.2309616 -67.4538550
v 0.7611621 12.0237056 -67.4539257
v 1.7598200 11.5556609 -67.4540478
v 2.6012274 10.9091777 -67.4541351
v 3.3382203 10.1918452 -67.4541825
v 4.0723025 9.4852397 -67.4542627
v 4.8972971 8.8096194 -67.4544826
v 5.8415799 8.1232483 -67.4549179
v 6.8407643 7.3545522 -67.4555559
v 7.7571029 6.4468209 -67.4562759
v 8.4367465 5.3895061 -67.4568768
v 8.7754652 4.2201591 -67.4571460
v 8.7590806 3.0000000 -67.4569414
v 8.7590806 -4.0000000 -67.4569414
v -48.9694783 -4.0000000 -67.9973170
v -48.9694783 3.0000000 -67.9973170
v -46.6658682 13.8955110 -67.9967437
v -44.2472032 19.7204014 -67.9961647
v -41.7931524 24.3478988 -67.9956194
v -39.2144563 28.3971156 -67.9951449
v -36.2944800 32.1651175 -67.9947735
v -32.7660712 35.7736959 -67.9945306
v -28.4025801 39.2016420 -67.9944327
v -23.0982222 42.3142936 -67.9944866
v -16.9159413 44.9088814 -67.9946884
v -10.0897719 46.7722577 -67.9950246
v -2.9810123 47.7391868 -67.9954720
v 4.0000000 47.7373151 -67.9960004
v 10.4854227 46.8076283 -67.9965736
v 16.2300547 45.0952669 -67.9971526
v 21.1584354 42.8131645 -67.9976980
v 25.3661239 40.1879544 -67.9981725
v 29.0747226 37.4020091 -67.9985438
v 32.5526973 34.5460534 -67.9987867
v 36.0233245 31.5931271 -67.9988846
v 39.5846764 28.3971156 -67.9988308
v 43.1634555 24.7074670 -67.9986289
v 46.5155477 20.1697498 -67.9982928
v 49.2737443 14.1915950 -67.9978453
v 51.0305217 3.0000000 -67.9973170
v 51.0305217 -4.0000000 -67.9973170
v -8.1241396 -4.0000000 -69.3112082
v -8.1241396 3.0000000 -69.3112082
v -8.2045771 4.0701329 -69.3117701
v -8.1473761 5.2211562 -69.3126088
v -7.8934458 6.4090537 -69.3135139
v -7.4435811 7.5538688 -69.3142485
v -6.8482835 8.5872746 -69.3146257
v -6.1693544 9.4848618 -69.3145690
v -5.4390770 10.2647197 -69.3141307
v -4.6432437 10.9562996 -69.3134670
v -3.7387177 11.5621977 -69.3127764
v -2.6941930 12.0393254 -69.3122296
v -1.5277193 12.3131346 -69.3119164
v -0.3156333 12.3173892 -69.3118292
v 0.8356215 12.0355133 -69.3118871
v 1.8406002 11.5178236 -69.3119870
v 2.6796905 10.8629350 -69.3120586
v 3.4103951 10.1727982 -69.3120973
v 4.1359756 9.5064055 -69.3121630
v 4.9465940 8.8578785 -69.3123431
v 5.8643545 8.1701610 -69.3126995
v 6.8224028 7.3747206 -69.3132218
v 7.6899397 6.4330869 -69.3138113
v 8.3299294 5.3563725 -69.3143033
v 8.6586387 4.1936607 -69.3145236
v 8.6758604 3.0000000 -69.3143561
v 8.6758604 -4.0000000 -69.3143561
v -49.4259038 -4.0000000 -69.9978033
v -49.4259038 3.0000000 -69.9978033
v -47.0479351 13.9179007 -69.9973340
v -44.5244977 19.7448018 -69.9968600
v -41.9604653 24.3489186 -69.9964135
v -39.2902490 28.3524397 -69.9960250
v -36.3134044 32.0629882 -69.9957209
v -32.7677180 35.6176809 -69.9955220
v -28.4196064 39.0112997 -69.9954419
v -23.1471245 42.1214487 -69.9954860
v -16.9929795 44.7504044 -69.9956513
v -10.1731126 46.6811943 -69.9959264
v -3.0384394 47.7365448 -69.9962928
v 4.0000000 47.8266670 -69.9967254
v 10.5623388 46.9739587 -69.9971947
v 16.3830217 45.3083873 -69.9976688
v 21.3633411 43.0348228 -69.9981153
v 25.5791405 40.3807992 -69.9985038
v 29.2415166 37.5380963 -69.9988078
v 32.6210214 34.6127165 -69.9990067
v 35.9557534 31.5947493 -69.9990868
v 39.3681580 28.3524397 -69.9990427
v 42.8131527 24.6432658 -69.9988775
v 46.0719164 20.1126443 -69.9986023
v 48.7935538 14.1602790 -69.9982359
v 50.5740962 3.0000000 -69.9978033
v 50.5740962 -4.0000000 -69.9978033
v -8.2333719 -4.0000000 -71.1377769
v -8.2333719 3.0000000 -71.1377769
v -8.2352244 4.0701855 -71.1382370
v -8.0730047 5.1844656 -71.1389236
v -7.7199438 6.3133449 -71.1396647
v -7.2067052 7.4057741 -71.1402661
v -6.5990028 8.4235487 -71.1405750
v -5.9539627 9.3585223 -71.1405285
v -5.2832710 10.2218990 -71.1401697
v -4.5468482 11.0147843 -71.1396263
v -3.6819922 11.7023623 -71.1390609
v -2.6509065 12.2122895 -71.1386132
v -1.4775128 12.4623989 -71.1383568
v -0.2498209 12.4033917 -71.1382854
v 0.9160231 12.0511308 -71.1383327
v 1.9310944 11.4876059 -71.1384146
v 2.7772586 10.8272892 -71.1384731
v 3.5134293 10.1659565 -71.1385049
v 4.2396353 9.5397932 -71.1385586
v 5.0378718 8.9170863 -71.1387061
v 5.9220438 8.2260896 -71.1389979
v 6.8243912 7.4018452 -71.1394255
v 7.6253937 6.4242769 -71.1399081
v 8.2099821 5.3260801 -71.1403109
v 8.5187413 4.1680623 -71.1404914
v 8.5666281 3.0000000 -71.1403542
v 8.5666281 -4.0000000 -71.1403542
v -49.8603412 -4.0000000 -71.9982015
v -49.8603412 3.0000000 -71.9982015
v -47.4172366 13.9419687 -71.9978173
v -44.7955445 19.7736877 -71.9974291
v -42.1247803 24.3572724 -71.9970636
v -39.3633323 28.3168042 -71.9967455
v -36.3279591 31.9695306 -71.9964966
v -32.7627603 35.4674923 -71.9963338
v -28.4285224 38.8217351 -71.9962682
v -23.1879755 41.9230368 -71.9963042
v -17.0637047 44.5800480 -71.9964395
v -10.2529120 46.5733907 -71.9966649
v -3.0949085 47.7149021 -71.9969648
v 4.0000000 47.8979379 -71.9973190
v 10.6411386 47.1261662 -71.9977032
v 16.5432027 45.5135489 -71.9980913
v 21.5839928 43.2555754 -71.9984569
v 25.8185282 40.5792112 -71.9987750
v 29.4456426 37.6843847 -71.9990239
v 32.7359669 34.6916342 -71.9991867
v 35.9406368 31.6080383 -71.9992523
v 39.2053406 28.3168042 -71.9992162
v 42.5130069 24.5845159 -71.9990809
v 45.6708771 20.0576715 -71.9988556
v 48.3459173 14.1290909 -71.9985557
v 50.1396588 3.0000000 -71.9982015
v 50.1396588 -4.0000000 -71.9982015
v -8.3620512 -4.0000000 -72.9270213
v -8.3620512 3.0000000 -72.9270213
v -8.2865972 4.0779685 -72.9273979
v -8.0185528 5.1585972 -72.9279601
v -7.5643936 6.2253307 -72.9285669
v -6.9844421 7.2572879 -72.9290592
v -6.3588418 8.2492655 -72.9293121
v -5.7398084 9.2123772 -72.9292741
v -5.1196004 10.1530369 -72.9289803
v -4.4347494 11.0449398 -72.9285354
v -3.6056643 11.8159113 -72.9280725
v -2.5893716 12.3638880 -72.9277060
v -1.4145710 12.5982357 -72.9274960
v -0.1776268 12.4852939 -72.9274375
v 0.9996873 12.0716185 -72.9274763
v 2.0277467 11.4690126 -72.9275433
v 2.8898259 10.8064794 -72.9275913
v 3.6431440 10.1734499 -72.9276173
v 4.3796888 9.5844499 -72.9276613
v 5.1689793 8.9838671 -72.9277820
v 6.0148584 8.2869870 -72.9280209
v 6.8499649 7.4330230 -72.9283711
v 7.5697249 6.4195519 -72.9287662
v 8.0852462 5.2994686 -72.9290960
v 8.3643616 4.1445193 -72.9292437
v 8.4379488 3.0000000 -72.9291314
v 8.4379488 -4.0000000 -72.9291314
v -50.2691711 -4.0000000 -73.9985275
v -50.2691711 3.0000000 -73.9985275
v -47.7701004 13.9675612 -73.9982129
v -45.0568570 19.8068744 -73.9978952
v -42.2829343 24.3729067 -73.9975959
v -39.4309004 28.2904372 -73.9973354
v -36.3356517 31.8853424 -73.9971316
v -32.7489421 35.3240907 -73.9969983
v -28.4272494 38.6341608 -73.9969446
v -23.2188732 41.7203268 -73.9969742
v -17.1264671 44.3989017 -73.9970849
v -10.3279119 46.4495364 -73.9972694
v -3.1497204 47.6743971 -73.9975150
v 4.0000000 47.9506719 -73.9978050
v 10.7210644 47.2632774 -73.9981196
v 16.7091456 45.7094391 -73.9984373
v 21.8184433 43.4740103 -73.9987366
v 26.0821583 40.7819211 -73.9989970
v 29.6851713 37.8399386 -73.9992008
v 32.8961818 34.7823019 -73.9993341
v 35.9775052 31.6329090 -73.9993879
v 39.0968112 28.2904372 -73.9993583
v 42.2646763 24.5315930 -73.9992475
v 45.3150184 20.0051828 -73.9990631
v 47.9340964 14.0982303 -73.9988175
v 49.7308289 3.0000000 -73.9985275
v 49.7308289 -4.0000000 -73.9985275
v -8.5022320 -4.0000000 -74.6722953
v -8.5022320 3.0000000 -74.6722953
v -8.3545063 4.0934849 -74.6726037
v -7.9848041 5.1460105 -74.6730640
v -7.4323736 6.1512436 -74.6735607
v -6.7857249 7.1178081 -74.6739639
v -6.1379691 8.0745602 -74.6741709
v -5.5362652 9.0540209 -74.6741398
v -4.9553231 10.0604754 -74.6738993
v -4.3117308 11.0429239 -74.6735350
v -3.5124995 11.8941145 -74.6731560
v -2.5112188 12.4834996 -74.6728559
v -1.3402921 12.7115745 -74.6726840
v -0.1008951 12.5580578 -74.6726361
v 1.0839227 12.0965740 -74.6726679
v 2.1268455 11.4649601 -74.6727227
v 3.0126987 10.8043008 -74.6727620
v 3.7941868 10.1976017 -74.6727833
v 4.5508460 9.6400000 -74.6728193
v 5.3358120 9.0554381 -74.6729182
v 6.1411816 8.3490964 -74.6731137
v 6.9010256 7.4652128 -74.6734004
v 7.5285943 6.4176143 -74.6737239
v 7.9642602 5.2768679 -74.6739939
v 8.2049797 4.1238907 -74.6741149
v 8.2977680 3.0000000 -74.6740229
v 8.2977680 -4.0000000 -74.6740229
v -50.6492774 -4.0000000 -75.9987944
v -50.6492774 3.0000000 -75.9987944
v -48.1032863 13.9945143 -75.9985369
v -45.3053099 19.8441495 -75.9982767
v -42.4320619 24.3957217 -75.9980317
v -39.4903905 28.2735073 -75.9978184
v -36.3341858 31.8109621 -75.9976516
v -32.7241613 35.1883934 -75.9975424
v -28.4138231 38.4497766 -75.9974985
v -23.2379912 41.5146156 -75.9975227
v -17.1796557 44.2081242 -75.9976134
v -10.3968641 46.3104237 -75.9977644
v -3.2021702 47.6152888 -75.9979655
v 4.0000000 47.9845317 -75.9982029
v 10.8013261 47.3844151 -75.9984604
v 16.8793059 45.8948051 -75.9987206
v 22.0645667 43.6887302 -75.9989656
v 26.3676212 40.9876323 -75.9991788
v 29.9577844 38.0037629 -75.9993457
v 33.0998255 34.8841394 -75.9994548
v 36.0653211 31.6692023 -75.9994988
v 39.0425399 28.2735073 -75.9994746
v 42.0691871 24.4848356 -75.9993839
v 45.0063159 19.9555142 -75.9992329
v 47.5607852 14.0678946 -75.9990318
v 49.3507226 3.0000000 -75.9987944
v 49.3507226 -4.0000000 -75.9987944
v -8.6450460 -4.0000000 -76.3659892
v -8.6450460 3.0000000 -76.3659892
v -8.4333950 4.1161027 -76.3662416
v -7.9709011 5.1481201 -76.3666185
v -7.3277547 6.0963720 -76.3670252
v -6.6179512 6.9964534 -76.3673552
v -5.9454284 7.9103275 -76.3675248
v -5.3521644 8.8928749 -76.3674993
v -4.7977787 9.9491110 -76.3673023
v -4.1831577 11.0075776 -76.3670041
v -3.4060864 11.9303968 -76.3666938
v -2.4188368 12.5616336 -76.3664481
v -1.2565393 12.7932757 -76.3663074
v -0.0215859 12.6155709 -76.3662682
v 1.1661276 12.1239993 -76.3662942
v 2.2246928 11.4768395 -76.3663391
v 3.1408223 10.8235773 -76.3663713
v 3.9602865 10.2405269 -76.3663887
v 4.7463499 9.7065070 -76.3664182
v 5.5324526 9.1297425 -76.3664991
v 6.2975575 8.4092564 -76.3666592
v 6.9779387 7.4955591 -76.3668939
v 7.5066750 6.4169272 -76.3671588
v 7.8552413 5.2581709 -76.3673799
v 8.0504188 4.1067202 -76.3674789
v 8.1549540 3.0000000 -76.3674036
v 8.1549540 -4.0000000 -76.3674036
v -50.9980792 -4.0000000 -77.9990130
v -50.9980792 3.0000000 -77.9990130
v -48.4140235 14.0226557 -77.9988021
v -45.5381812 19.8852747 -77.9985891
v -42.5696392 24.4255712 -77.9983885
v -39.5395273 28.2661228 -77.9982139
v -36.3215046 31.7468655 -77.9980773
v -32.6865119 35.0612684 -77.9979879
v -28.3864316 38.2697620 -77.9979519
v -23.2436116 41.3072190 -77.9979717
v -17.2217253 44.0089360 -77.9980460
v -10.4585487 46.1569425 -77.9981696
v -3.2515570 47.5379554 -77.9983343
v 4.0000000 47.9993007 -77.9985286
v 10.8811114 47.4888045 -77.9987395
v 17.0520644 46.0684611 -77.9989525
v 22.3200835 43.8983617 -77.9991531
v 26.6722541 41.1950290 -77.9993277
v 30.2608020 38.1748097 -77.9994643
v 33.3445922 34.9964954 -77.9995537
v 36.2024960 31.7166861 -77.9995897
v 39.0418874 28.2661228 -77.9995699
v 41.9269315 24.4445428 -77.9994956
v 44.7461188 19.9089832 -77.9993720
v 47.2280877 14.0382777 -77.9992073
v 49.0019208 3.0000000 -77.9990130
v 49.0019208 -4.0000000 -77.9990130
v -8.7812213 -4.0000000 -77.9994210
v -8.7812213 3.0000000 -77.9994210
v -8.5166955 4.1445744 -77.9996277
v -7.9744681 5.1651469 -77.9999362
v -7.2525811 6.0646329 -78.0002692
v -6.4866727 6.9013854 -78.0005394
v -5.7887197 7.7674634 -78.0006782
v -5.1953634 8.7395927 -78.0006573
v -4.6540180 9.8261787 -78.0004961
v -4.0547083 10.9406840 -78.0002519
v -3.2906707 11.9210020 -77.9999979
v -2.3152873 12.5907878 -77.9997967
v -1.1655953 12.8349108 -77.9996815
v 0.0582746 12.6511215 -77.9996494
v 1.2438838 12.1503691 -77.9996707
v 2.3177686 11.5042301 -77.9997075
v 3.2690241 10.8656923 -77.9997338
v 4.1345527 10.3036935 -77.9997481
v 4.9582820 9.7842281 -77.9997722
v 5.7514085 9.2054584 -77.9998385
v 6.4787834 8.4651085 -77.9999696
v 7.0794226 7.5216756 -78.0001617
v 7.5073262 6.4159461 -78.0003786
v 7.7655894 5.2429471 -78.0005596
v 7.9102762 4.0932482 -78.0006406
v 8.0187787 3.0000000 -78.0005790
v 8.0187787 -4.0000000 -78.0005790
v -51.3135531 -4.0000000 -79.9991919
v -51.3135531 3.0000000 -79.9991919
v -48.7000410 14.0518054 -79.9990192
v -45.7531871 19.9299868 -79.9988448
v -42.6935223 24.4622645 -79.9986806
v -39.5763627 28.2683310 -79.9985377
v -36.2958312 31.6934626 -79.9984258
v -32.6343218 34.9435288 -79.9983527
v -28.3434513 38.0952684 -79.9983232
v -23.2341567 41.0994635 -79.9983394
v -17.2512223 43.8026111 -79.9984002
v -10.5117930 45.9900745 -79.9985014
v -3.2971939 47.4428916 -79.9986362
v 4.0000000 47.9948843 -79.9987953
v 10.9595950 47.5757778 -79.9989680
v 17.2257465 46.2292962 -79.9991424
v 22.5825870 44.1015638 -79.9993066
v 26.9931723 41.4027844 -79.9994496
v 30.5912155 38.3519849 -79.9995614
v 33.6277415 35.1186513 -79.9996346
v 36.3869151 31.7750567 -79.9996640
v 39.0936219 28.2683310 -79.9996478
v 41.8376736 24.4109723 -79.9995870
v 44.5351457 19.8658875 -79.9994858
v 46.9375031 14.0095692 -79.9993510
v 48.6864469 3.0000000 -79.9991919
v 48.6864469 -4.0000000 -79.9991919
v -13.6000000 -4.0000000 1.2957204
v -13.6000000 3.0000000 1.5820256
v -14.1476786 5.4694084 0.9953451
v -14.2727144 7.3891582 0.0729603
v -13.8610185 9.1360341 -0.9299592
v -12.9135861 10.6755979 -1.7260907
v -11.5371337 11.9719231 -2.0951794
v -9.8943488 13.0267605 -1.9539479
v -8.1406378 13.8729672 -1.3734120
v -6.3778126 14.5456569 -0.5376022
v -4.6426534 15.0550821 0.3327826
v -2.9276934 15.3810983 1.0555692
v -1.2149753 15.4939273 1.5355540
v 0.5000000 15.3877500 1.7751193
v 2.2064202 15.1035459 1.8471616
v 3.8936193 14.7223417 1.8436947
v 5.5665330 14.3275270 1.8249010
v 7.2438380 13.9550319 1.7917288
v 8.9339911 13.5605844 1.6925500
v 10.6014556 13.0267605 1.4594748
v 12.1458952 12.2116229 1.0540333
v 13.4135861 11.0165954 0.4976094
v 14.2437019 9.4373973 -0.1186401
v 14.5315334 7.5656715 -0.6393637
v 14.2782048 5.5208031 -0.8864630
v 13.6000000 3.0000000 -0.7708157
v 13.6000000 -4.0000000 -0.9443169
v -18.8000000 -4.0000000 2.3179143
v -18.8000000 3.0000000 2.2704911
v -19.4602123 6.7352262 1.2525537
v -19.5803378 9.3328609 0.0449592
v -19.0225401 11.6246193 -1.1520271
v -17.7731360 13.6170515 -2.0906816
v -15.9384467 15.2767792 -2.5702496
v -13.6990007 16.5984421 -2.4721818
v -11.2460269 17.6116423 -1.8254960
v -8.7288303 18.3607236 -0.8192539
v -6.2318573 18.8804384 0.2753008
v -3.7826209 19.1859562 1.2135920
v -1.3765226 19.2831044 1.8514087
v 1.0000000 19.1895000 2.1626933
v 3.3594123 18.9484918 2.2089332
v 5.7144725 18.6213077 2.0813920
v 8.0796164 18.2568197 1.8498302
v 10.4608811 17.8544736 1.5470789
v 12.8327335 17.3438855 1.1894355
v 15.1132143 16.5984421 0.7994369
v 17.1559696 15.4822362 0.3948698
v 18.7731360 13.9093351 -0.0404851
v 19.7879070 11.8829306 -0.5312310
v 20.0979759 9.4841580 -1.0115584
v 19.7212646 6.7792788 -1.2864037
v 18.8000000 3.0000000 -1.2126475
v 18.8000000 -4.0000000 -0.8968304
v -24.0000000 -4.0000000 4.1914760
v -24.0000000 3.0000000 3.7184619
v -24.7727460 8.0010440 2.0819119
v -24.8879613 11.2765636 0.8838790
v -24.1840618 14.1132044 -0.0659446
v -22.6326859 16.5585051 -0.8627290
v -20.3397597 18.5816353 -1.4629589
v -17.5036526 20.1701238 -1.6367167
v -14.3514160 21.3503173 -1.1894036
v -11.0798480 22.1757904 -0.1908041
v -7.8210612 22.7057946 1.0338262
v -4.6375483 22.9908140 2.0972256
v -1.5380699 23.0722815 2.7273341
v 1.5000000 22.9912500 2.8291579
v 4.5124045 22.7934376 2.4539778
v 7.5353258 22.5202736 1.7352553
v 10.5926998 22.1861123 0.8417728
v 13.6779242 21.7539154 -0.0346292
v 16.7314760 21.1271867 -0.6922382
v 19.6249729 20.1701238 -0.9891355
v 22.1660440 18.7528494 -0.9563388
v 24.1326859 16.8020748 -0.8430611
v 25.3321121 14.3284638 -0.9810962
v 25.6644184 11.4026445 -1.4991210
v 25.1643245 8.0377545 -2.1452180
v 24.0000000 3.0000000 -2.4885174
v 24.0000000 -4.0000000 -1.6302041
v -29.2000000 -4.0000000 5.1242784
v -29.2000000 3.0000000 4.5070387
v -30.0852797 9.2668619 2.8199382
v -30.1955848 13.2202663 2.4453562
v -29.3455834 16.6017895 2.4105419
v -27.4922358 19.4999587 2.0835845
v -24.7410727 21.8864914 1.3447083
v -21.3083044 23.7418055 0.6294391
v -17.4568050 25.0889924 0.5423831
v -13.4308657 25.9908571 1.3095156
v -9.4102651 26.5311508 2.5830757
v -5.4924757 26.7956719 3.7397083
v -1.6996172 26.8614586 4.2796184
v 2.0000000 26.7930000 4.0007416
v 5.6653966 26.6383835 2.9694009
v 9.3561790 26.4192395 1.4395621
v 13.1057832 26.1154050 -0.2019259
v 16.8949673 25.6533571 -1.4990248
v 20.6302184 24.9104879 -2.0714839
v 24.1367316 23.7418055 -1.8087979
v 27.1761184 22.0234627 -0.9607098
v 29.4922358 19.6948144 -0.0606619
v 30.8763171 16.7739971 0.2753977
v 31.2308610 13.3211310 -0.3068881
v 30.6073844 9.2962302 -1.5854837
v 29.2000000 3.0000000 -2.8184446
v 29.2000000 -4.0000000 -1.8130209
v -34.4000000 -4.0000000 4.2690768
v -34.4000000 3.0000000 3.6814765
v -35.3978134 10.5326797 2.8380030
v -35.5032082 15.1639690 3.6922031
v -34.5071051 19.0903747 4.5392824
v -32.3517857 22.4414123 4.5920019
v -29.1423857 25.1913475 3.7610756
v -25.1129563 27.3134872 2.5556119
v -20.5621941 28.8276675 1.8755258
v -15.7818834 29.8059238 2.3260294
v -10.9994690 30.3565070 3.6429066
v -6.3474032 30.6005297 4.9614253
v -1.8611645 30.6506356 5.5075148
v 2.5000000 30.5947500 4.9725754
v 6.8183888 30.4833293 3.4943603
v 11.1770323 30.3182055 1.5233355
v 15.6188666 30.0446977 -0.3088884
v 20.1120104 29.5527988 -1.4045490
v 24.5289608 28.6937891 -1.4952693
v 28.6484902 27.3134872 -0.7489968
v 32.1861928 25.2940760 0.4467474
v 34.8517857 22.5875541 1.6504110
v 36.4205222 19.2195303 2.2993183
v 36.7973035 15.2396176 1.8826444
v 36.0504443 10.5547060 0.4100720
v 34.4000000 3.0000000 -1.3257093
v 34.4000000 -4.0000000 -0.4699163
v -39.6000000 -4.0000000 2.6996905
v -39.6000000 3.0000000 2.1082061
v -40.7103471 11.7984975 2.4082687
v -40.8108317 17.1076717 3.8519512
v -39.6686267 21.5789598 4.7937023
v -37.2113355 25.3828660 4.9866636
v -33.5436986 28.4962036 4.4526136
v -28.9176082 30.8851689 3.3579909
v -23.6675832 32.5663425 2.4349391
v -18.1329011 33.6209905 2.5447547
v -12.5886729 34.1818633 3.6882058
v -7.2023306 34.4053875 4.9799044
v -2.0227118 34.4398127 5.5097649
v 3.0000000 34.3965000 4.9367210
v 7.9713809 34.3282752 3.5015353
v 12.9978855 34.2171714 1.8122404
v 18.1319500 33.9739904 0.5627291
v 23.3290535 33.4522405 0.1432647
v 28.4277033 32.4770903 0.3831011
v 33.1602489 30.8851689 0.8501617
v 37.1962672 28.5646893 1.4088217
v 40.2113355 25.4802938 2.1472064
v 41.9647273 21.6650636 2.8078273
v 42.3637460 17.1581041 2.8184933
v 41.4935042 11.8131817 1.9627251
v 39.6000000 3.0000000 0.9200230
v 39.6000000 -4.0000000 1.6116199
v -44.8000000 -4.0000000 2.0137501
v -44.8000000 3.0000000 1.5201286
v -46.0228808 13.0643153 2.3536828
v -46.1184552 19.0513744 3.3732185
v -44.8301484 24.0675450 3.8907796
v -42.0708854 28.3243196 4.2278098
v -37.9450116 31.8010597 4.3599902
v -32.7222601 34.4568505 4.0029935
v -26.7729723 36.3050176 3.3824219
v -20.4839188 37.4360573 3.2160107
v -14.1778767 38.0072195 3.7584372
v -8.0572580 38.2102454 4.4633080
v -2.1842591 38.2289898 4.6529947
v 3.5000000 38.1982500 4.1042411
v 9.1243731 38.1732210 3.0827249
v 14.8187388 38.1161373 2.1077143
v 20.6450335 37.9032831 1.6147328
v 26.5460966 37.3516823 1.6009843
v 32.3264457 36.2603914 1.6291322
v 37.6720075 34.4568505 1.3894006
v 42.2063416 31.8353025 1.1304308
v 45.5708854 28.3730335 1.2713199
v 47.5089324 24.1105968 1.7452720
v 47.9301885 19.0765906 2.0771458
v 46.9365641 13.0716574 2.0565524
v 44.8000000 3.0000000 2.2558363
v 44.8000000 -4.0000000 2.7399971
v 0.0094417 7.5222251 -78.0000653
v 0.7861341 29.1438684 -79.9990156
vt 1.000000 0.000000
vt 1.000000 0.000000
vt 1.000000 0.000000
vt 1.000000 0.000000
vt 1.000000 0.000000
vt 1.000000 0.000000
vt 1.000000 0.000000
vt 1.000000 0.000000
vt 1.000000 0.000000
vt 1.000000 0.000000
vt 1.000000 0.000000
vt 1.000000 0.000000
vt 1.000000 0.000000
vt 1.000000 0.000000
vt 1.000000 0.000000
vt 1.000000 0.000000
vt 1.000000 0.000000
vt 1.000000 0.000000
vt 1.000000 0.000000
vt 1.000000 0.000000
vt 1.000000 0.000000
vt 1.000000 0.000000
vt 1.000000 0.000000
vt 1.000000 0.000000
vt 1.000000 0.000000
vt 1.000000 0.000000
vt 1.000000 0.000000
vt 0.000000 0.000000
vt 0.000000 0.000000
vt 0.000000 0.000000
vt 0.000000 0.000000
vt 0.000000 0.000000
vt 0.000000 0.000000
vt 0.000000 0.000000
vt 0.000000 0.000000
vt 0.000000 0.000000
vt 0.000000 0.000000
vt 0.000000 0.000000
vt 0.000000 0.000000
vt 0.000000 0.000000
vt 0.000000 0.000000
vt 0.000000 0.000000
vt 0.000000 0.000000
vt 0.000000 0.000000
vt 0.000000 0.000000
vt 0.000000 0.000000
vt 0.000000 0.000000
vt 0.000000 0.000000
vt 0.000000 0.000000
vt 0.000000 0.000000
vt 0.000000 0.000000
vt 0.000000 0.000000
vt 0.000000 0.000000
vt 0.000000 0.000000
vt 1.000000 2.000000
vt 1.000000 2.000000
vt 1.000000 2.000000
vt 1.000000 2.000000
vt 1.000000 2.000000
vt 1.000000 2.000000
vt 1.000000 2.000000
vt 1.000000 2.000000
vt 1.000000 2.000000
vt 1.000000 2.000000
vt 1.000000 2.000000
vt 1.000000 2.000000
vt 1.000000 2.000000
vt 1.000000 2.000000
vt 1.000000 2.000000
vt 1.000000 2.000000
vt 1.000000 2.000000
vt 1.000000 2.000000
vt 1.000000 2.000000
vt 1.000000 2.000000
vt 1.000000 2.000000
vt 1.000000 2.000000
vt 1.000000 2.000000
vt 1.000000 2.000000
vt 1.000000 2.000000
vt 1.000000 2.000000
vt 1.000000 2.000000
vt 0.000000 2.000000
vt 0.000000 2.000000
vt 0.000000 2.000000
vt 0.000000 2.000000
vt 0.000000 2.000000
vt 0.000000 2.000000
vt 0.000000 2.000000
vt 0.000000 2.000000
vt 0.000000 2.000000
vt 0.000000 2.000000
vt 0.000000 2.000000
vt 0.000000 2.000000
vt 0.000000 2.000000
vt 0.000000 2.000000
vt 0.000000 2.000000
vt 0.000000 2.000000
vt 0.000000 2.000000
vt 0.000000 2.000000
vt 0.000000 2.000000
vt 0.000000 2.000000
vt 0.000000 2.000000
vt 0.000000 2.000000
vt 0.000000 2.000000
vt 0.000000 2.000000
vt 0.000000 2.000000
vt 0.000000 2.000000
vt 0.000000 2.000000
vt 1.000000 4.000000
vt 1.000000 4.000000
vt 1.000000 4.000000
vt 1.000000 4.000000
vt 1.000000 4.000000
vt 1.000000 4.000000
vt 1.000000 4.000000
vt 1.000000 4.000000
vt 1.000000 4.000000
vt 1.000000 4.000000
vt 1.000000 4.000000
vt 1.000000 4.000000
vt 1.000000 4.000000
vt 1.000000 4.000000
vt 1.000000 4.000000
vt 1.000000 4.000000
vt 1.000000 4.000000
vt 1.000000 4.000000
vt 1.000000 4.000000
vt 1.000000 4.000000
vt 1.000000 4.000000
vt 1.000000 4.000000
vt 1.000000 4.000000
vt 1.000000 4.000000
vt 1.000000 4.000000
vt 1.000000 4.000000
vt 1.000000 4.000000
vt 0.000000 4.000000
vt 0.000000 4.000000
vt 0.000000 4.000000
vt 0.000000 4.000000
vt 0.000000 4.000000
vt 0.000000 4.000000
vt 0.000000 4.000000
vt 0.000000 4.000000
vt 0.000000 4.000000
vt 0.000000 4.000000
vt 0.000000 4.000000
vt 0.000000 4.000000
vt 0.000000 4.000000
vt 0.000000 4.000000
vt 0.000000 4.000000
vt 0.000000 4.000000
vt 0.000000 4.000000
vt 0.000000 4.000000
vt 0.000000 4.000000
vt 0.000000 4.000000
vt 0.000000 4.000000
vt 0.000000 4.000000
vt 0.000000 4.000000
vt 0.000000 4.000000
vt 0.000000 4.000000
vt 0.000000 4.000000
vt 0.000000 4.000000
vt 1.000000 6.000000
vt 1.000000 6.000000
vt 1.000000 6.000000
vt 1.000000 6.000000
vt 1.000000 6.000000
vt 1.000000 6.000000
vt 1.000000 6.000000
vt 1.000000 6.000000
vt 1.000000 6.000000
vt 1.000000 6.000000
vt 1.000000 6.000000
vt 1.000000 6.000000
vt 1.000000 6.000000
vt 1.000000 6.000000
vt 1.000000 6.000000
vt 1.000000 6.000000
vt 1.000000 6.000000
vt 1.000000 6.000000
vt 1.000000 6.000000
vt 1.000000 6.000000
vt 1.000000 6.000000
vt 1.000000 6.000000
vt 1.000000 6.000000
vt 1.000000 6.000000
vt 1.000000 6.000000
vt 1.000000 6.000000
vt 1.000000 6.000000
vt 0.000000 6.000000
vt 0.000000 6.000000
vt 0.000000 6.000000
vt 0.000000 6.000000
vt 0.000000 6.000000
vt 0.000000 6.000000
vt 0.000000 6.000000
vt 0.000000 6.000000
vt 0.000000 6.000000
vt 0.000000 6.000000
vt 0.000000 6.000000
vt 0.000000 6.000000
vt 0.000000 6.000000
vt 0.000000 6.000000
vt 0.000000 6.000000
vt 0.000000 6.000000
vt 0.000000 6.000000
vt 0.000000 6.000000
vt 0.000000 6.000000
vt 0.000000 6.000000
vt 0.000000 6.000000
vt 0.000000 6.000000
vt 0.000000 6.000000
vt 0.000000 6.000000
vt 0.000000 6.000000
vt 0.000000 6.000000
vt 0.000000 6.000000
vt 1.000000 8.000000
vt 1.000000 8.000000
vt 1.000000 8.000000
vt 1.000000 8.000000
vt 1.000000 8.000000
vt 1.000000 8.000000
vt 1.000000 8.000000
vt 1.000000 8.000000
vt 1.000000 8.000000
vt 1.000000 8.000000
vt 1.000000 8.000000
vt 1.000000 8.000000
vt 1.000000 8.000000
vt 1.000000 8.000000
vt 1.000000 8.000000
vt 1.000000 8.000000
vt 1.000000 8.000000
vt 1.000000 8.000000
vt 1.000000 8.000000
vt 1.000000 8.000000
vt 1.000000 8.000000
vt 1.000000 8.000000
vt 1.000000 8.000000
vt 1.000000 8.000000
vt 1.000000 8.000000
vt 1.000000 8.000000
vt 1.000000 8.000000
vt 0.000000 8.000000
vt 0.000000 8.000000
vt 0.000000 8.000000
vt 0.000000 8.000000
vt 0.000000 8.000000
vt 0.000000 8.000000
vt 0.000000 8.000000
vt 0.000000 8.000000
vt 0.000000 8.000000
vt 0.000000 8.000000
vt 0.000000 8.000000
vt 0.000000 8.000000
vt 0.000000 8.000000
vt 0.000000 8.000000
vt 0.000000 8.000000
vt 0.000000 8.000000
vt 0.000000 8.000000
vt 0.000000 8.000000
vt 0.000000 8.000000
vt 0.000000 8.000000
vt 0.000000 8.000000
vt 0.000000 8.000000
vt 0.000000 8.000000
vt 0.000000 8.000000
vt 0.000000 8.000000
vt 0.000000 8.000000
vt 0.000000 8.000000
vt 1.000000 10.000000
vt 1.000000 10.000000
vt 1.000000 10.000000
vt 1.000000 10.000000
vt 1.000000 10.000000
vt 1.000000 10.000000
vt 1.000000 10.000000
vt 1.000000 10.000000
vt 1.000000 10.000000
vt 1.000000 10.000000
vt 1.000000 10.000000
vt 1.000000 10.000000
vt 1.000000 10.000000
vt 1.000000 10.000000
vt 1.000000 10.000000
vt 1.000000 10.000000
vt 1.000000 10.000000
vt 1.000000 10.000000
vt 1.000000 10.000000
vt 1.000000 10.000000
vt 1.000000 10.000000
vt 1.000000 10.000000
vt 1.000000 10.000000
vt 1.000000 10.000000
vt 1.000000 10.000000
vt 1.000000 10.000000
vt 1.000000 10.000000
vt 0.000000 10.000000
vt 0.000000 10.000000
vt 0.000000 10.000000
vt 0.000000 10.000000
vt 0.000000 10.000000
vt 0.000000 10.000000
vt 0.000000 10.000000
vt 0.000000 10.000000
vt 0.000000 10.000000
vt 0.000000 10.000000
vt 0.000000 10.000000
vt 0.000000 10.000000
vt 0.000000 10.000000
vt 0.000000 10.000000
vt 0.000000 10.000000
vt 0.000000 10.000000
vt 0.000000 10.000000
vt 0.000000 10.000000
vt 0.000000 10.000000
vt 0.000000 10.000000
vt 0.000000 10.000000
vt 0.000000 10.000000
vt 0.000000 10.000000
vt 0.000000 10.000000
vt 0.000000 10.000000
vt 0.000000 10.000000
vt 0.000000 10.000000
vt 1.000000 12.000000
vt 1.000000 12.000000
vt 1.000000 12.000000
vt 1.000000 12.000000
vt 1.000000 12.000000
vt 1.000000 12.000000
vt 1.000000 12.000000
vt 1.000000 12.000000
vt 1.000000 12.000000
vt 1.000000 12.000000
vt 1.000000 12.000000
vt 1.000000 12.000000
vt 1.000000 12.000000
vt 1.000000 12.000000
vt 1.000000 12.000000
vt 1.000000 12.000000
vt 1.000000 12.000000
vt 1.000000 12.000000
vt 1.000000 12.000000
vt 1.000000 12.000000
vt 1.000000 12.000000
vt 1.000000 12.000000
vt 1.000000 12.000000
vt 1.000000 12.000000
vt 1.000000 12.000000
vt 1.000000 12.000000
vt 1.000000 12.000000
vt 0.000000 12.000000
vt 0.000000 12.000000
vt 0.000000 12.000000
vt 0.000000 12.000000
vt 0.000000 12.000000
vt 0.000000 12.000000
vt 0.000000 12.000000
vt 0.000000 12.000000
vt 0.000000 12.000000
vt 0.000000 12.000000
vt 0.000000 12.000000
vt 0.000000 12.000000
vt 0.000000 12.000000
vt 0.000000 12.000000
vt 0.000000 12.000000
vt 0.000000 12.000000
vt 0.000000 12.000000
vt 0.000000 12.000000
vt 0.000000 12.000000
vt 0.000000 12.000000
vt 0.000000 12.000000
vt 0.000000 12.000000
vt 0.000000 12.000000
vt 0.000000 12.000000
vt 0.000000 12.000000
vt 0.000000 12.000000
vt 0.000000 12.000000
vt 1.000000 14.000000
vt 1.000000 14.000000
vt 1.000000 14.000000
vt 1.000000 14.000000
vt 1.000000 14.000000
vt 1.000000 14.000000
vt 1.000000 14.000000
vt 1.000000 14.000000
vt 1.000000 14.000000
vt 1.000000 14.000000
vt 1.000000 14.000000
vt 1.000000 14.000000
vt 1.000000 14.000000
vt 1.000000 14.000000
vt 1.000000 14.000000
vt 1.000000 14.000000
vt 1.000000 14.000000
vt 1.000000 14.000000
vt 1.000000 14.000000
vt 1.000000 14.000000
vt 1.000000 14.000000
vt 1.000000 14.000000
vt 1.000000 14.000000
vt 1.000000 14.000000
vt 1.000000 14.000000
vt 1.000000 14.000000
vt 1.000000 14.000000
vt 0.000000 14.000000
vt 0.000000 14.000000
vt 0.000000 14.000000
vt 0.000000 14.000000
vt 0.000000 14.000000
vt 0.000000 14.000000
vt 0.000000 14.000000
vt 0.000000 14.000000
vt 0.000000 14.000000
vt 0.000000 14.000000
vt 0.000000 14.000000
vt 0.000000 14.000000
vt 0.000000 14.000000
vt 0.000000 14.000000
vt 0.000000 14.000000
vt 0.000000 14.000000
vt 0.000000 14.000000
vt 0.000000 14.000000
vt 0.000000 14.000000
vt 0.000000 14.000000
vt 0.000000 14.000000
vt 0.000000 14.000000
vt 0.000000 14.000000
vt 0.000000 14.000000
vt 0.000000 14.000000
vt 0.000000 14.000000
vt 0.000000 14.000000
vt 1.000000 16.000000
vt 1.000000 16.000000
vt 1.000000 16.000000
vt 1.000000 16.000000
vt 1.000000 16.000000
vt 1.000000 16.000000
vt 1.000000 16.000000
vt 1.000000 16.000000
vt 1.000000 16.000000
vt 1.000000 16.000000
vt 1.000000 16.000000
vt 1.000000 16.000000
vt 1.000000 16.000000
vt 1.000000 16.000000
vt 1.000000 16.000000
vt 1.000000 16.000000
vt 1.000000 16.000000
vt 1.000000 16.000000
vt 1.000000 16.000000
vt 1.000000 16.000000
vt 1.000000 16.000000
vt 1.000000 16.000000
vt 1.000000 16.000000
vt 1.000000 16.000000
vt 1.000000 16.000000
vt 1.000000 16.000000
vt 1.000000 16.000000
vt 0.000000 16.000000
vt 0.000000 16.000000
vt 0.000000 16.000000
vt 0.000000 16.000000
vt 0.000000 16.000000
vt 0.000000 16.000000
vt 0.000000 16.000000
vt 0.000000 16.000000
vt 0.000000 16.000000
vt 0.000000 16.000000
vt 0.000000 16.000000
vt 0.000000 16.000000
vt 0.000000 16.000000
vt 0.000000 16.000000
vt 0.000000 16.000000
vt 0.000000 16.000000
vt 0.000000 16.000000
vt 0.000000 16.000000
vt 0.000000 16.000000
vt 0.000000 16.000000
vt 0.000000 16.000000
vt 0.000000 16.000000
vt 0.000000 16.000000
vt 0.000000 16.000000
vt 0.000000 16.000000
vt 0.000000 16.000000
vt 0.000000 16.000000
vt 1.000000 18.000000
vt 1.000000 18.000000
vt 1.000000 18.000000
vt 1.000000 18.000000
vt 1.000000 18.000000
vt 1.000000 18.000000
vt 1.000000 18.000000
vt 1.000000 18.000000
vt 1.000000 18.000000
vt 1.000000 18.000000
vt 1.000000 18.000000
vt 1.000000 18.000000
vt 1.000000 18.000000
vt 1.000000 18.000000
vt 1.000000 18.000000
vt 1.000000 18.000000
vt 1.000000 18.000000
vt 1.000000 18.000000
vt 1.000000 18.000000
vt 1.000000 18.000000
vt 1.000000 18.000000
vt 1.000000 18.000000
vt 1.000000 18.000000
vt 1.000000 18.000000
vt 1.000000 18.000000
vt 1.000000 18.000000
vt 1.000000 18.000000
vt 0.000000 18.000000
vt 0.000000 18.000000
vt 0.000000 18.000000
vt 0.000000 18.000000
vt 0.000000 18.000000
vt 0.000000 18.000000
vt 0.000000 18.000000
vt 0.000000 18.000000
vt 0.000000 18.000000
vt 0.000000 18.000000
vt 0.000000 18.000000
vt 0.000000 18.000000
vt 0.000000 18.000000
vt 0.000000 18.000000
vt 0.000000 18.000000
vt 0.000000 18.000000
vt 0.000000 18.000000
vt 0.000000 18.000000
vt 0.000000 18.000000
vt 0.000000 18.000000
vt 0.000000 18.000000
vt 0.000000 18.000000
vt 0.000000 18.000000
vt 0.000000 18.000000
vt 0.000000 18.000000
vt 0.000000 18.000000
vt 0.000000 18.000000
vt 1.000000 20.000000
vt 1.000000 20.000000
vt 1.000000 20.000000
vt 1.000000 20.000000
vt 1.000000 20.000000
vt 1.000000 20.000000
vt 1.000000 20.000000
vt 1.000000 20.000000
vt 1.000000 20.000000
vt 1.000000 20.000000
vt 1.000000 20.000000
vt 1.000000 20.000000
vt 1.000000 20.000000
vt 1.000000 20.000000
vt 1.000000 20.000000
vt 1.000000 20.000000
vt 1.000000 20.000000
vt 1.000000 20.000000
vt 1.000000 20.000000
vt 1.000000 20.000000
vt 1.000000 20.000000
vt 1.000000 20.000000
vt 1.000000 20.000000
vt 1.000000 20.000000
vt 1.000000 20.000000
vt 1.000000 20.000000
vt 1.000000 20.000000
vt 0.000000 20.000000
vt 0.000000 20.000000
vt 0.000000 20.000000
vt 0.000000 20.000000
vt 0.000000 20.000000
vt 0.000000 20.000000
vt 0.000000 20.000000
vt 0.000000 20.000000
vt 0.000000 20.000000
vt 0.000000 20.000000
vt 0.000000 20.000000
vt 0.000000 20.000000
vt 0.000000 20.000000
vt 0.000000 20.000000
vt 0.000000 20.000000
vt 0.000000 20.000000
vt 0.000000 20.000000
vt 0.000000 20.000000
vt 0.000000 20.000000
vt 0.000000 20.000000
vt 0.000000 20.000000
vt 0.000000 20.000000
vt 0.000000 20.000000
vt 0.000000 20.000000
vt 0.000000 20.000000
vt 0.000000 20.000000
vt 0.000000 20.000000
vt 1.000000 22.000000
vt 1.000000 22.000000
vt 1.000000 22.000000
vt 1.000000 22.000000
vt 1.000000 22.000000
vt 1.000000 22.000000
vt 1.000000 22.000000
vt 1.000000 22.000000
vt 1.000000 22.000000
vt 1.000000 22.000000
vt 1.000000 22.000000
vt 1.000000 22.000000
vt 1.000000 22.000000
vt 1.000000 22.000000
vt 1.000000 22.000000
vt 1.000000 22.000000
vt 1.000000 22.000000
vt 1.000000 22.000000
vt 1.000000 22.000000
vt 1.000000 22.000000
vt 1.000000 22.000000
vt 1.000000 22.000000
vt 1.000000 22.000000
vt 1.000000 22.000000
vt 1.000000 22.000000
vt 1.000000 22.000000
vt 1.000000 22.000000
vt 0.000000 22.000000
vt 0.000000 22.000000
vt 0.000000 22.000000
vt 0.000000 22.000000
vt 0.000000 22.000000
vt 0.000000 22.000000
vt 0.000000 22.000000
vt 0.000000 22.000000
vt 0.000000 22.000000
vt 0.000000 22.000000
vt 0.000000 22.000000
vt 0.000000 22.000000
vt 0.000000 22.000000
vt 0.000000 22.000000
vt 0.000000 22.000000
vt 0.000000 22.000000
vt 0.000000 22.000000
vt 0.000000 22.000000
vt 0.000000 22.000000
vt 0.000000 22.000000
vt 0.000000 22.000000
vt 0.000000 22.000000
vt 0.000000 22.000000
vt 0.000000 22.000000
vt 0.000000 22.000000
vt 0.000000 22.000000
vt 0.000000 22.000000
vt 1.000000 24.000000
vt 1.000000 24.000000
vt 1.000000 24.000000
vt 1.000000 24.000000
vt 1.000000 24.000000
vt 1.000000 24.000000
vt 1.000000 24.000000
vt 1.000000 24.000000
vt 1.000000 24.000000
vt 1.000000 24.000000
vt 1.000000 24.000000
vt 1.000000 24.000000
vt 1.000000 24.000000
vt 1.000000 24.000000
vt 1.000000 24.000000
vt 1.000000 24.000000
vt 1.000000 24.000000
vt 1.000000 24.000000
vt 1.000000 24.000000
vt 1.000000 24.000000
vt 1.000000 24.000000
vt 1.000000 24.000000
vt 1.000000 24.000000
vt 1.000000 24.000000
vt 1.000000 24.000000
vt 1.000000 24.000000
vt 1.000000 24.000000
vt 0.000000 24.000000
vt 0.000000 24.000000
vt 0.000000 24.000000
vt 0.000000 24.000000
vt 0.000000 24.000000
vt 0.000000 24.000000
vt 0.000000 24.000000
vt 0.000000 24.000000
vt 0.000000 24.000000
vt 0.000000 24.000000
vt 0.000000 24.000000
vt 0.000000 24.000000
vt 0.000000 24.000000
vt 0.000000 24.000000
vt 0.000000 24.000000
vt 0.000000 24.000000
vt 0.000000 24.000000
vt 0.000000 24.000000
vt 0.000000 24.000000
vt 0.000000 24.000000
vt 0.000000 24.000000
vt 0.000000 24.000000
vt 0.000000 24.000000
vt 0.000000 24.000000
vt 0.000000 24.000000
vt 0.000000 24.000000
vt 0.000000 24.000000
vt 1.000000 26.000000
vt 1.000000 26.000000
vt 1.000000 26.000000
vt 1.000000 26.000000
vt 1.000000 26.000000
vt 1.000000 26.000000
vt 1.000000 26.000000
vt 1.000000 26.000000
vt 1.000000 26.000000
vt 1.000000 26.000000
vt 1.000000 26.000000
vt 1.000000 26.000000
vt 1.000000 26.000000
vt 1.000000 26.000000
vt 1.000000 26.000000
vt 1.000000 26.000000
vt 1.000000 26.000000
vt 1.000000 26.000000
vt 1.000000 26.000000
vt 1.000000 26.000000
vt 1.000000 26.000000
vt 1.000000 26.000000
vt 1.000000 26.000000
vt 1.000000 26.000000
vt 1.000000 26.000000
vt 1.000000 26.000000
vt 1.000000 26.000000
vt 0.000000 26.000000
vt 0.000000 26.000000
vt 0.000000 26.000000
vt 0.000000 26.000000
vt 0.000000 26.000000
vt 0.000000 26.000000
vt 0.000000 26.000000
vt 0.000000 26.000000
vt 0.000000 26.000000
vt 0.000000 26.000000
vt 0.000000 26.000000
vt 0.000000 26.000000
vt 0.000000 26.000000
vt 0.000000 26.000000
vt 0.000000 26.000000
vt 0.000000 26.000000
vt 0.000000 26.000000
vt 0.000000 26.000000
vt 0.000000 26.000000
vt 0.000000 26.000000
vt 0.000000 26.000000
vt 0.000000 26.000000
vt 0.000000 26.000000
vt 0.000000 26.000000
vt 0.000000 26.000000
vt 0.000000 26.000000
vt 0.000000 26.000000
vt 1.000000 28.000000
vt 1.000000 28.000000
vt 1.000000 28.000000
vt 1.000000 28.000000
vt 1.000000 28.000000
vt 1.000000 28.000000
vt 1.000000 28.000000
vt 1.000000 28.000000
vt 1.000000 28.000000
vt 1.000000 28.000000
vt 1.000000 28.000000
vt 1.000000 28.000000
vt 1.000000 28.000000
vt 1.000000 28.000000
vt 1.000000 28.000000
vt 1.000000 28.000000
vt 1.000000 28.000000
vt 1.000000 28.000000
vt 1.000000 28.000000
vt 1.000000 28.000000
vt 1.000000 28.000000
vt 1.000000 28.000000
vt 1.000000 28.000000
vt 1.000000 28.000000
vt 1.000000 28.000000
vt 1.000000 28.000000
vt 1.000000 28.000000
vt 0.000000 28.000000
vt 0.000000 28.000000
vt 0.000000 28.000000
vt 0.000000 28.000000
vt 0.000000 28.000000
vt 0.000000 28.000000
vt 0.000000 28.000000
vt 0.000000 28.000000
vt 0.000000 28.000000
vt 0.000000 28.000000
vt 0.000000 28.000000
vt 0.000000 28.000000
vt 0.000000 28.000000
vt 0.000000 28.000000
vt 0.000000 28.000000
vt 0.000000 28.000000
vt 0.000000 28.000000
vt 0.000000 28.000000
vt 0.000000 28.000000
vt 0.000000 28.000000
vt 0.000000 28.000000
vt 0.000000 28.000000
vt 0.000000 28.000000
vt 0.000000 28.000000
vt 0.000000 28.000000
vt 0.000000 28.000000
vt 0.000000 28.000000
vt 1.000000 30.000000
vt 1.000000 30.000000
vt 1.000000 30.000000
vt 1.000000 30.000000
vt 1.000000 30.000000
vt 1.000000 30.000000
vt 1.000000 30.000000
vt 1.000000 30.000000
vt 1.000000 30.000000
vt 1.000000 30.000000
vt 1.000000 30.000000
vt 1.000000 30.000000
vt 1.000000 30.000000
vt 1.000000 30.000000
vt 1.000000 30.000000
vt 1.000000 30.000000
vt 1.000000 30.000000
vt 1.000000 30.000000
vt 1.000000 30.000000
vt 1.000000 30.000000
vt 1.000000 30.000000
vt 1.000000 30.000000
vt 1.000000 30.000000
vt 1.000000 30.000000
vt 1.000000 30.000000
vt 1.000000 30.000000
vt 1.000000 30.000000
vt 0.000000 30.000000
vt 0.000000 30.000000
vt 0.000000 30.000000
vt 0.000000 30.000000
vt 0.000000 30.000000
vt 0.000000 30.000000
vt 0.000000 30.000000
vt 0.000000 30.000000
vt 0.000000 30.000000
vt 0.000000 30.000000
vt 0.000000 30.000000
vt 0.000000 30.000000
vt 0.000000 30.000000
vt 0.000000 30.000000
vt 0.000000 30.000000
vt 0.000000 30.000000
vt 0.000000 30.000000
vt 0.000000 30.000000
vt 0.000000 30.000000
vt 0.000000 30.000000
vt 0.000000 30.000000
vt 0.000000 30.000000
vt 0.000000 30.000000
vt 0.000000 30.000000
vt 0.000000 30.000000
vt 0.000000 30.000000
vt 0.000000 30.000000
vt 1.000000 32.000000
vt 1.000000 32.000000
vt 1.000000 32.000000
vt 1.000000 32.000000
vt 1.000000 32.000000
vt 1.000000 32.000000
vt 1.000000 32.000000
vt 1.000000 32.000000
vt 1.000000 32.000000
vt 1.000000 32.000000
vt 1.000000 32.000000
vt 1.000000 32.000000
vt 1.000000 32.000000
vt 1.000000 32.000000
vt 1.000000 32.000000
vt 1.000000 32.000000
vt 1.000000 32.000000
vt 1.000000 32.000000
vt 1.000000 32.000000
vt 1.000000 32.000000
vt 1.000000 32.000000
vt 1.000000 32.000000
vt 1.000000 32.000000
vt 1.000000 32.000000
vt 1.000000 32.000000
vt 1.000000 32.000000
vt 1.000000 32.000000
vt 0.000000 32.000000
vt 0.000000 32.000000
vt 0.000000 32.000000
vt 0.000000 32.000000
vt 0.000000 32.000000
vt 0.000000 32.000000
vt 0.000000 32.000000
vt 0.000000 32.000000
vt 0.000000 32.000000
vt 0.000000 32.000000
vt 0.000000 32.000000
vt 0.000000 32.000000
vt 0.000000 32.000000
vt 0.000000 32.000000
vt 0.000000 32.000000
vt 0.000000 32.000000
vt 0.000000 32.000000
vt 0.000000 32.000000
vt 0.000000 32.000000
vt 0.000000 32.000000
vt 0.000000 32.000000
vt 0.000000 32.000000
vt 0.000000 32.000000
vt 0.000000 32.000000
vt 0.000000 32.000000
vt 0.000000 32.000000
vt 0.000000 32.000000
vt 1.000000 34.000000
vt 1.000000 34.000000
vt 1.000000 34.000000
vt 1.000000 34.000000
vt 1.000000 34.000000
vt 1.000000 34.000000
vt 1.000000 34.000000
vt 1.000000 34.000000
vt 1.000000 34.000000
vt 1.000000 34.000000
vt 1.000000 34.000000
vt 1.000000 34.000000
vt 1.000000 34.000000
vt 1.000000 34.000000
vt 1.000000 34.000000
vt 1.000000 34.000000
vt 1.000000 34.000000
vt 1.000000 34.000000
vt 1.000000 34.000000
vt 1.000000 34.000000
vt 1.000000 34.000000
vt 1.000000 34.000000
vt 1.000000 34.000000
vt 1.000000 34.000000
vt 1.000000 34.000000
vt 1.000000 34.000000
vt 1.000000 34.000000
vt 0.000000 34.000000
vt 0.000000 34.000000
vt 0.000000 34.000000
vt 0.000000 34.000000
vt 0.000000 34.000000
vt 0.000000 34.000000
vt 0.000000 34.000000
vt 0.000000 34.000000
vt 0.000000 34.000000
vt 0.000000 34.000000
vt 0.000000 34.000000
vt 0.000000 34.000000
vt 0.000000 34.000000
vt 0.000000 34.000000
vt 0.000000 34.000000
vt 0.000000 34.000000
vt 0.000000 34.000000
vt 0.000000 34.000000
vt 0.000000 34.000000
vt 0.000000 34.000000
vt 0.000000 34.000000
vt 0.000000 34.000000
vt 0.000000 34.000000
vt 0.000000 34.000000
vt 0.000000 34.000000
vt 0.000000 34.000000
vt 0.000000 34.000000
vt 1.000000 36.000000
vt 1.000000 36.000000
vt 1.000000 36.000000
vt 1.000000 36.000000
vt 1.000000 36.000000
vt 1.000000 36.000000
vt 1.000000 36.000000
vt 1.000000 36.000000
vt 1.000000 36.000000
vt 1.000000 36.000000
vt 1.000000 36.000000
vt 1.000000 36.000000
vt 1.000000 36.000000
vt 1.000000 36.000000
vt 1.000000 36.000000
vt 1.000000 36.000000
vt 1.000000 36.000000
vt 1.000000 36.000000
vt 1.000000 36.000000
vt 1.000000 36.000000
vt 1.000000 36.000000
vt 1.000000 36.000000
vt 1.000000 36.000000
vt 1.000000 36.000000
vt 1.000000 36.000000
vt 1.000000 36.000000
vt 1.000000 36.000000
vt 0.000000 36.000000
vt 0.000000 36.000000
vt 0.000000 36.000000
vt 0.000000 36.000000
vt 0.000000 36.000000
vt 0.000000 36.000000
vt 0.000000 36.000000
vt 0.000000 36.000000
vt 0.000000 36.000000
vt 0.000000 36.000000
vt 0.000000 36.000000
vt 0.000000 36.000000
vt 0.000000 36.000000
vt 0.000000 36.000000
vt 0.000000 36.000000
vt 0.000000 36.000000
vt 0.000000 36.000000
vt 0.000000 36.000000
vt 0.000000 36.000000
vt 0.000000 36.000000
vt 0.000000 36.000000
vt 0.000000 36.000000
vt 0.000000 36.000000
vt 0.000000 36.000000
vt 0.000000 36.000000
vt 0.000000 36.000000
vt 0.000000 36.000000
vt 1.000000 38.000000
vt 1.000000 38.000000
vt 1.000000 38.000000
vt 1.000000 38.000000
vt 1.000000 38.000000
vt 1.000000 38.000000
vt 1.000000 38.000000
vt 1.000000 38.000000
vt 1.000000 38.000000
vt 1.000000 38.000000
vt 1.000000 38.000000
vt 1.000000 38.000000
vt 1.000000 38.000000
vt 1.000000 38.000000
vt 1.000000 38.000000
vt 1.000000 38.000000
vt 1.000000 38.000000
vt 1.000000 38.000000
vt 1.000000 38.000000
vt 1.000000 38.000000
vt 1.000000 38.000000
vt 1.000000 38.000000
vt 1.000000 38.000000
vt 1.000000 38.000000
vt 1.000000 38.000000
vt 1.000000 38.000000
vt 1.000000 38.000000
vt 0.000000 38.000000
vt 0.000000 38.000000
vt 0.000000 38.000000
vt 0.000000 38.000000
vt 0.000000 38.000000
vt 0.000000 38.000000
vt 0.000000 38.000000
vt 0.000000 38.000000
vt 0.000000 38.000000
vt 0.000000 38.000000
vt 0.000000 38.000000
vt 0.000000 38.000000
vt 0.000000 38.000000
vt 0.000000 38.000000
vt 0.000000 38.000000
vt 0.000000 38.000000
vt 0.000000 38.000000
vt 0.000000 38.000000
vt 0.000000 38.000000
vt 0.000000 38.000000
vt 0.000000 38.000000
vt 0.000000 38.000000
vt 0.000000 38.000000
vt 0.000000 38.000000
vt 0.000000 38.000000
vt 0.000000 38.000000
vt 0.000000 38.000000
vt 1.000000 40.000000
vt 1.000000 40.000000
vt 1.000000 40.000000
vt 1.000000 40.000000
vt 1.000000 40.000000
vt 1.000000 40.000000
vt 1.000000 40.000000
vt 1.000000 40.000000
vt 1.000000 40.000000
vt 1.000000 40.000000
vt 1.000000 40.000000
vt 1.000000 40.000000
vt 1.000000 40.000000
vt 1.000000 40.000000
vt 1.000000 40.000000
vt 1.000000 40.000000
vt 1.000000 40.000000
vt 1.000000 40.000000
vt 1.000000 40.000000
vt 1.000000 40.000000
vt 1.000000 40.000000
vt 1.000000 40.000000
vt 1.000000 40.000000
vt 1.000000 40.000000
vt 1.000000 40.000000
vt 1.000000 40.000000
vt 1.000000 40.000000
vt 0.000000 40.000000
vt 0.000000 40.000000
vt 0.000000 40.000000
vt 0.000000 40.000000
vt 0.000000 40.000000
vt 0.000000 40.000000
vt 0.000000 40.000000
vt 0.000000 40.000000
vt 0.000000 40.000000
vt 0.000000 40.000000
vt 0.000000 40.000000
vt 0.000000 40.000000
vt 0.000000 40.000000
vt 0.000000 40.000000
vt 0.000000 40.000000
vt 0.000000 40.000000
vt 0.000000 40.000000
vt 0.000000 40.000000
vt 0.000000 40.000000
vt 0.000000 40.000000
vt 0.000000 40.000000
vt 0.000000 40.000000
vt 0.000000 40.000000
vt 0.000000 40.000000
vt 0.000000 40.000000
vt 0.000000 40.000000
vt 0.000000 40.000000
vt 1.000000 42.000000
vt 1.000000 42.000000
vt 1.000000 42.000000
vt 1.000000 42.000000
vt 1.000000 42.000000
vt 1.000000 42.000000
vt 1.000000 42.000000
vt 1.000000 42.000000
vt 1.000000 42.000000
vt 1.000000 42.000000
vt 1.000000 42.000000
vt 1.000000 42.000000
vt 1.000000 42.000000
vt 1.000000 42.000000
vt 1.000000 42.000000
vt 1.000000 42.000000
vt 1.000000 42.000000
vt 1.000000 42.000000
vt 1.000000 42.000000
vt 1.000000 42.000000
vt 1.000000 42.000000
vt 1.000000 42.000000
vt 1.000000 42.000000
vt 1.000000 42.000000
vt 1.000000 42.000000
vt 1.000000 42.000000
vt 1.000000 42.000000
vt 0.000000 42.000000
vt 0.000000 42.000000
vt 0.000000 42.000000
vt 0.000000 42.000000
vt 0.000000 42.000000
vt 0.000000 42.000000
vt 0.000000 42.000000
vt 0.000000 42.000000
vt 0.000000 42.000000
vt 0.000000 42.000000
vt 0.000000 42.000000
vt 0.000000 42.000000
vt 0.000000 42.000000
vt 0.000000 42.000000
vt 0.000000 42.000000
vt 0.000000 42.000000
vt 0.000000 42.000000
vt 0.000000 42.000000
vt 0.000000 42.000000
vt 0.000000 42.000000
vt 0.000000 42.000000
vt 0.000000 42.000000
vt 0.000000 42.000000
vt 0.000000 42.000000
vt 0.000000 42.000000
vt 0.000000 42.000000
vt 0.000000 42.000000
vt 1.000000 44.000000
vt 1.000000 44.000000
vt 1.000000 44.000000
vt 1.000000 44.000000
vt 1.000000 44.000000
vt 1.000000 44.000000
vt 1.000000 44.000000
vt 1.000000 44.000000
vt 1.000000 44.000000
vt 1.000000 44.000000
vt 1.000000 44.000000
vt 1.000000 44.000000
vt 1.000000 44.000000
vt 1.000000 44.000000
vt 1.000000 44.000000
vt 1.000000 44.000000
vt 1.000000 44.000000
vt 1.000000 44.000000
vt 1.000000 44.000000
vt 1.000000 44.000000
vt 1.000000 44.000000
vt 1.000000 44.000000
vt 1.000000 44.000000
vt 1.000000 44.000000
vt 1.000000 44.000000
vt 1.000000 44.000000
vt 1.000000 44.000000
vt 0.000000 44.000000
vt 0.000000 44.000000
vt 0.000000 44.000000
vt 0.000000 44.000000
vt 0.000000 44.000000
vt 0.000000 44.000000
vt 0.000000 44.000000
vt 0.000000 44.000000
vt 0.000000 44.000000
vt 0.000000 44.000000
vt 0.000000 44.000000
vt 0.000000 44.000000
vt 0.000000 44.000000
vt 0.000000 44.000000
vt 0.000000 44.000000
vt 0.000000 44.000000
vt 0.000000 44.000000
vt 0.000000 44.000000
vt 0.000000 44.000000
vt 0.000000 44.000000
vt 0.000000 44.000000
vt 0.000000 44.000000
vt 0.000000 44.000000
vt 0.000000 44.000000
vt 0.000000 44.000000
vt 0.000000 44.000000
vt 0.000000 44.000000
vt 1.000000 46.000000
vt 1.000000 46.000000
vt 1.000000 46.000000
vt 1.000000 46.000000
vt 1.000000 46.000000
vt 1.000000 46.000000
vt 1.000000 46.000000
vt 1.000000 46.000000
vt 1.000000 46.000000
vt 1.000000 46.000000
vt 1.000000 46.000000
vt 1.000000 46.000000
vt 1.000000 46.000000
vt 1.000000 46.000000
vt 1.000000 46.000000
vt 1.000000 46.000000
vt 1.000000 46.000000
vt 1.000000 46.000000
vt 1.000000 46.000000
vt 1.000000 46.000000
vt 1.000000 46.000000
vt 1.000000 46.000000
vt 1.000000 46.000000
vt 1.000000 46.000000
vt 1.000000 46.000000
vt 1.000000 46.000000
vt 1.000000 46.000000
vt 0.000000 46.000000
vt 0.000000 46.000000
vt 0.000000 46.000000
vt 0.000000 46.000000
vt 0.000000 46.000000
vt 0.000000 46.000000
vt 0.000000 46.000000
vt 0.000000 46.000000
vt 0.000000 46.000000
vt 0.000000 46.000000
vt 0.000000 46.000000
vt 0.000000 46.000000
vt 0.000000 46.000000
vt 0.000000 46.000000
vt 0.000000 46.000000
vt 0.000000 46.000000
vt 0.000000 46.000000
vt 0.000000 46.000000
vt 0.000000 46.000000
vt 0.000000 46.000000
vt 0.000000 46.000000
vt 0.000000 46.000000
vt 0.000000 46.000000
vt 0.000000 46.000000
vt 0.000000 46.000000
vt 0.000000 46.000000
vt 0.000000 46.000000
vt 1.000000 48.000000
vt 1.000000 48.000000
vt 1.000000 48.000000
vt 1.000000 48.000000
vt 1.000000 48.000000
vt 1.000000 48.000000
vt 1.000000 48.000000
vt 1.000000 48.000000
vt 1.000000 48.000000
vt 1.000000 48.000000
vt 1.000000 48.000000
vt 1.000000 48.000000
vt 1.000000 48.000000
vt 1.000000 48.000000
vt 1.000000 48.000000
vt 1.000000 48.000000
vt 1.000000 48.000000
vt 1.000000 48.000000
vt 1.000000 48.000000
vt 1.000000 48.000000
vt 1.000000 48.000000
vt 1.000000 48.000000
vt 1.000000 48.000000
vt 1.000000 48.000000
vt 1.000000 48.000000
vt 1.000000 48.000000
vt 1.000000 48.000000
vt 0.000000 48.000000
vt 0.000000 48.000000
vt 0.000000 48.000000
vt 0.000000 48.000000
vt 0.000000 48.000000
vt 0.000000 48.000000
vt 0.000000 48.000000
vt 0.000000 48.000000
vt 0.000000 48.000000
vt 0.000000 48.000000
vt 0.000000 48.000000
vt 0.000000 48.000000
vt 0.000000 48.000000
vt 0.000000 48.000000
vt 0.000000 48.000000
vt 0.000000 48.000000
vt 0.000000 48.000000
vt 0.000000 48.000000
vt 0.000000 48.000000
vt 0.000000 48.000000
vt 0.000000 48.000000
vt 0.000000 48.000000
vt 0.000000 48.000000
vt 0.000000 48.000000
vt 0.000000 48.000000
vt 0.000000 48.000000
vt 0.000000 48.000000
vt 1.000000 50.000000
vt 1.000000 50.000000
vt 1.000000 50.000000
vt 1.000000 50.000000
vt 1.000000 50.000000
vt 1.000000 50.000000
vt 1.000000 50.000000
vt 1.000000 50.000000
vt 1.000000 50.000000
vt 1.000000 50.000000
vt 1.000000 50.000000
vt 1.000000 50.000000
vt 1.000000 50.000000
vt 1.000000 50.000000
vt 1.000000 50.000000
vt 1.000000 50.000000
vt 1.000000 50.000000
vt 1.000000 50.000000
vt 1.000000 50.000000
vt 1.000000 50.000000
vt 1.000000 50.000000
vt 1.000000 50.000000
vt 1.000000 50.000000
vt 1.000000 50.000000
vt 1.000000 50.000000
vt 1.000000 50.000000
vt 1.000000 50.000000
vt 0.000000 50.000000
vt 0.000000 50.000000
vt 0.000000 50.000000
vt 0.000000 50.000000
vt 0.000000 50.000000
vt 0.000000 50.000000
vt 0.000000 50.000000
vt 0.000000 50.000000
vt 0.000000 50.000000
vt 0.000000 50.000000
vt 0.000000 50.000000
vt 0.000000 50.000000
vt 0.000000 50.000000
vt 0.000000 50.000000
vt 0.000000 50.000000
vt 0.000000 50.000000
vt 0.000000 50.000000
vt 0.000000 50.000000
vt 0.000000 50.000000
vt 0.000000 50.000000
vt 0.000000 50.000000
vt 0.000000 50.000000
vt 0.000000 50.000000
vt 0.000000 50.000000
vt 0.000000 50.000000
vt 0.000000 50.000000
vt 0.000000 50.000000
vt 1.000000 52.000000
vt 1.000000 52.000000
vt 1.000000 52.000000
vt 1.000000 52.000000
vt 1.000000 52.000000
vt 1.000000 52.000000
vt 1.000000 52.000000
vt 1.000000 52.000000
vt 1.000000 52.000000
vt 1.000000 52.000000
vt 1.000000 52.000000
vt 1.000000 52.000000
vt 1.000000 52.000000
vt 1.000000 52.000000
vt 1.000000 52.000000
vt 1.000000 52.000000
vt 1.000000 52.000000
vt 1.000000 52.000000
vt 1.000000 52.000000
vt 1.000000 52.000000
vt 1.000000 52.000000
vt 1.000000 52.000000
vt 1.000000 52.000000
vt 1.000000 52.000000
vt 1.000000 52.000000
vt 1.000000 52.000000
vt 1.000000 52.000000
vt 0.000000 52.000000
vt 0.000000 52.000000
vt 0.000000 52.000000
vt 0.000000 52.000000
vt 0.000000 52.000000
vt 0.000000 52.000000
vt 0.000000 52.000000
vt 0.000000 52.000000
vt 0.000000 52.000000
vt 0.000000 52.000000
vt 0.000000 52.000000
vt 0.000000 52.000000
vt 0.000000 52.000000
vt 0.000000 52.000000
vt 0.000000 52.000000
vt 0.000000 52.000000
vt 0.000000 52.000000
vt 0.000000 52.000000
vt 0.000000 52.000000
vt 0.000000 52.000000
vt 0.000000 52.000000
vt 0.000000 52.000000
vt 0.000000 52.000000
vt 0.000000 52.000000
vt 0.000000 52.000000
vt 0.000000 52.000000
vt 0.000000 52.000000
vt 1.000000 54.000000
vt 1.000000 54.000000
vt 1.000000 54.000000
vt 1.000000 54.000000
vt 1.000000 54.000000
vt 1.000000 54.000000
vt 1.000000 54.000000
vt 1.000000 54.000000
vt 1.000000 54.000000
vt 1.000000 54.000000
vt 1.000000 54.000000
vt 1.000000 54.000000
vt 1.000000 54.000000
vt 1.000000 54.000000
vt 1.000000 54.000000
vt 1.000000 54.000000
vt 1.000000 54.000000
vt 1.000000 54.000000
vt 1.000000 54.000000
vt 1.000000 54.000000
vt 1.000000 54.000000
vt 1.000000 54.000000
vt 1.000000 54.000000
vt 1.000000 54.000000
vt 1.000000 54.000000
vt 1.000000 54.000000
vt 1.000000 54.000000
vt 0.000000 54.000000
vt 0.000000 54.000000
vt 0.000000 54.000000
vt 0.000000 54.000000
vt 0.000000 54.000000
vt 0.000000 54.000000
vt 0.000000 54.000000
vt 0.000000 54.000000
vt 0.000000 54.000000
vt 0.000000 54.000000
vt 0.000000 54.000000
vt 0.000000 54.000000
vt 0.000000 54.000000
vt 0.000000 54.000000
vt 0.000000 54.000000
vt 0.000000 54.000000
vt 0.000000 54.000000
vt 0.000000 54.000000
vt 0.000000 54.000000
vt 0.000000 54.000000
vt 0.000000 54.000000
vt 0.000000 54.000000
vt 0.000000 54.000000
vt 0.000000 54.000000
vt 0.000000 54.000000
vt 0.000000 54.000000
vt 0.000000 54.000000
vt 1.000000 56.000000
vt 1.000000 56.000000
vt 1.000000 56.000000
vt 1.000000 56.000000
vt 1.000000 56.000000
vt 1.000000 56.000000
vt 1.000000 56.000000
vt 1.000000 56.000000
vt 1.000000 56.000000
vt 1.000000 56.000000
vt 1.000000 56.000000
vt 1.000000 56.000000
vt 1.000000 56.000000
vt 1.000000 56.000000
vt 1.000000 56.000000
vt 1.000000 56.000000
vt 1.000000 56.000000
vt 1.000000 56.000000
vt 1.000000 56.000000
vt 1.000000 56.000000
vt 1.000000 56.000000
vt 1.000000 56.000000
vt 1.000000 56.000000
vt 1.000000 56.000000
vt 1.000000 56.000000
vt 1.000000 56.000000
vt 1.000000 56.000000
vt 0.000000 56.000000
vt 0.000000 56.000000
vt 0.000000 56.000000
vt 0.000000 56.000000
vt 0.000000 56.000000
vt 0.000000 56.000000
vt 0.000000 56.000000
vt 0.000000 56.000000
vt 0.000000 56.000000
vt 0.000000 56.000000
vt 0.000000 56.000000
vt 0.000000 56.000000
vt 0.000000 56.000000
vt 0.000000 56.000000
vt 0.000000 56.000000
vt 0.000000 56.000000
vt 0.000000 56.000000
vt 0.000000 56.000000
vt 0.000000 56.000000
vt 0.000000 56.000000
vt 0.000000 56.000000
vt 0.000000 56.000000
vt 0.000000 56.000000
vt 0.000000 56.000000
vt 0.000000 56.000000
vt 0.000000 56.000000
vt 0.000000 56.000000
vt 1.000000 58.000000
vt 1.000000 58.000000
vt 1.000000 58.000000
vt 1.000000 58.000000
vt 1.000000 58.000000
vt 1.000000 58.000000
vt 1.000000 58.000000
vt 1.000000 58.000000
vt 1.000000 58.000000
vt 1.000000 58.000000
vt 1.000000 58.000000
vt 1.000000 58.000000
vt 1.000000 58.000000
vt 1.000000 58.000000
vt 1.000000 58.000000
vt 1.000000 58.000000
vt 1.000000 58.000000
vt 1.000000 58.000000
vt 1.000000 58.000000
vt 1.000000 58.000000
vt 1.000000 58.000000
vt 1.000000 58.000000
vt 1.000000 58.000000
vt 1.000000 58.000000
vt 1.000000 58.000000
vt 1.000000 58.000000
vt 1.000000 58.000000
vt 0.000000 58.000000
vt 0.000000 58.000000
vt 0.000000 58.000000
vt 0.000000 58.000000
vt 0.000000 58.000000
vt 0.000000 58.000000
vt 0.000000 58.000000
vt 0.000000 58.000000
vt 0.000000 58.000000
vt 0.000000 58.000000
vt 0.000000 58.000000
vt 0.000000 58.000000
vt 0.000000 58.000000
vt 0.000000 58.000000
vt 0.000000 58.000000
vt 0.000000 58.000000
vt 0.000000 58.000000
vt 0.000000 58.000000
vt 0.000000 58.000000
vt 0.000000 58.000000
vt 0.000000 58.000000
vt 0.000000 58.000000
vt 0.000000 58.000000
vt 0.000000 58.000000
vt 0.000000 58.000000
vt 0.000000 58.000000
vt 0.000000 58.000000
vt 1.000000 60.000000
vt 1.000000 60.000000
vt 1.000000 60.000000
vt 1.000000 60.000000
vt 1.000000 60.000000
vt 1.000000 60.000000
vt 1.000000 60.000000
vt 1.000000 60.000000
vt 1.000000 60.000000
vt 1.000000 60.000000
vt 1.000000 60.000000
vt 1.000000 60.000000
vt 1.000000 60.000000
vt 1.000000 60.000000
vt 1.000000 60.000000
vt 1.000000 60.000000
vt 1.000000 60.000000
vt 1.000000 60.000000
vt 1.000000 60.000000
vt 1.000000 60.000000
vt 1.000000 60.000000
vt 1.000000 60.000000
vt 1.000000 60.000000
vt 1.000000 60.000000
vt 1.000000 60.000000
vt 1.000000 60.000000
vt 1.000000 60.000000
vt 0.000000 60.000000
vt 0.000000 60.000000
vt 0.000000 60.000000
vt 0.000000 60.000000
vt 0.000000 60.000000
vt 0.000000 60.000000
vt 0.000000 60.000000
vt 0.000000 60.000000
vt 0.000000 60.000000
vt 0.000000 60.000000
vt 0.000000 60.000000
vt 0.000000 60.000000
vt 0.000000 60.000000
vt 0.000000 60.000000
vt 0.000000 60.000000
vt 0.000000 60.000000
vt 0.000000 60.000000
vt 0.000000 60.000000
vt 0.000000 60.000000
vt 0.000000 60.000000
vt 0.000000 60.000000
vt 0.000000 60.000000
vt 0.000000 60.000000
vt 0.000000 60.000000
vt 0.000000 60.000000
vt 0.000000 60.000000
vt 0.000000 60.000000
vt 1.000000 62.000000
vt 1.000000 62.000000
vt 1.000000 62.000000
vt 1.000000 62.000000
vt 1.000000 62.000000
vt 1.000000 62.000000
vt 1.000000 62.000000
vt 1.000000 62.000000
vt 1.000000 62.000000
vt 1.000000 62.000000
vt 1.000000 62.000000
vt 1.000000 62.000000
vt 1.000000 62.000000
vt 1.000000 62.000000
vt 1.000000 62.000000
vt 1.000000 62.000000
vt 1.000000 62.000000
vt 1.000000 62.000000
vt 1.000000 62.000000
vt 1.000000 62.000000
vt 1.000000 62.000000
vt 1.000000 62.000000
vt 1.000000 62.000000
vt 1.000000 62.000000
vt 1.000000 62.000000
vt 1.000000 62.000000
vt 1.000000 62.000000
vt 0.000000 62.000000
vt 0.000000 62.000000
vt 0.000000 62.000000
vt 0.000000 62.000000
vt 0.000000 62.000000
vt 0.000000 62.000000
vt 0.000000 62.000000
vt 0.000000 62.000000
vt 0.000000 62.000000
vt 0.000000 62.000000
vt 0.000000 62.000000
vt 0.000000 62.000000
vt 0.000000 62.000000
vt 0.000000 62.000000
vt 0.000000 62.000000
vt 0.000000 62.000000
vt 0.000000 62.000000
vt 0.000000 62.000000
vt 0.000000 62.000000
vt 0.000000 62.000000
vt 0.000000 62.000000
vt 0.000000 62.000000
vt 0.000000 62.000000
vt 0.000000 62.000000
vt 0.000000 62.000000
vt 0.000000 62.000000
vt 0.000000 62.000000
vt 1.000000 64.000000
vt 1.000000 64.000000
vt 1.000000 64.000000
vt 1.000000 64.000000
vt 1.000000 64.000000
vt 1.000000 64.000000
vt 1.000000 64.000000
vt 1.000000 64.000000
vt 1.000000 64.000000
vt 1.000000 64.000000
vt 1.000000 64.000000
vt 1.000000 64.000000
vt 1.000000 64.000000
vt 1.000000 64.000000
vt 1.000000 64.000000
vt 1.000000 64.000000
vt 1.000000 64.000000
vt 1.000000 64.000000
vt 1.000000 64.000000
vt 1.000000 64.000000
vt 1.000000 64.000000
vt 1.000000 64.000000
vt 1.000000 64.000000
vt 1.000000 64.000000
vt 1.000000 64.000000
vt 1.000000 64.000000
vt 1.000000 64.000000
vt 0.000000 64.000000
vt 0.000000 64.000000
vt 0.000000 64.000000
vt 0.000000 64.000000
vt 0.000000 64.000000
vt 0.000000 64.000000
vt 0.000000 64.000000
vt 0.000000 64.000000
vt 0.000000 64.000000
vt 0.000000 64.000000
vt 0.000000 64.000000
vt 0.000000 64.000000
vt 0.000000 64.000000
vt 0.000000 64.000000
vt 0.000000 64.000000
vt 0.000000 64.000000
vt 0.000000 64.000000
vt 0.000000 64.000000
vt 0.000000 64.000000
vt 0.000000 64.000000
vt 0.000000 64.000000
vt 0.000000 64.000000
vt 0.000000 64.000000
vt 0.000000 64.000000
vt 0.000000 64.000000
vt 0.000000 64.000000
vt 0.000000 64.000000
vt 1.000000 66.000000
vt 1.000000 66.000000
vt 1.000000 66.000000
vt 1.000000 66.000000
vt 1.000000 66.000000
vt 1.000000 66.000000
vt 1.000000 66.000000
vt 1.000000 66.000000
vt 1.000000 66.000000
vt 1.000000 66.000000
vt 1.000000 66.000000
vt 1.000000 66.000000
vt 1.000000 66.000000
vt 1.000000 66.000000
vt 1.000000 66.000000
vt 1.000000 66.000000
vt 1.000000 66.000000
vt 1.000000 66.000000
vt 1.000000 66.000000
vt 1.000000 66.000000
vt 1.000000 66.000000
vt 1.000000 66.000000
vt 1.000000 66.000000
vt 1.000000 66.000000
vt 1.000000 66.000000
vt 1.000000 66.000000
vt 1.000000 66.000000
vt 0.000000 66.000000
vt 0.000000 66.000000
vt 0.000000 66.000000
vt 0.000000 66.000000
vt 0.000000 66.000000
vt 0.000000 66.000000
vt 0.000000 66.000000
vt 0.000000 66.000000
vt 0.000000 66.000000
vt 0.000000 66.000000
vt 0.000000 66.000000
vt 0.000000 66.000000
vt 0.000000 66.000000
vt 0.000000 66.000000
vt 0.000000 66.000000
vt 0.000000 66.000000
vt 0.000000 66.000000
vt 0.000000 66.000000
vt 0.000000 66.000000
vt 0.000000 66.000000
vt 0.000000 66.000000
vt 0.000000 66.000000
vt 0.000000 66.000000
vt 0.000000 66.000000
vt 0.000000 66.000000
vt 0.000000 66.000000
vt 0.000000 66.000000
vt 1.000000 68.000000
vt 1.000000 68.000000
vt 1.000000 68.000000
vt 1.000000 68.000000
vt 1.000000 68.000000
vt 1.000000 68.000000
vt 1.000000 68.000000
vt 1.000000 68.000000
vt 1.000000 68.000000
vt 1.000000 68.000000
vt 1.000000 68.000000
vt 1.000000 68.000000
vt 1.000000 68.000000
vt 1.000000 68.000000
vt 1.000000 68.000000
vt 1.000000 68.000000
vt 1.000000 68.000000
vt 1.000000 68.000000
vt 1.000000 68.000000
vt 1.000000 68.000000
vt 1.000000 68.000000
vt 1.000000 68.000000
vt 1.000000 68.000000
vt 1.000000 68.000000
vt 1.000000 68.000000
vt 1.000000 68.000000
vt 1.000000 68.000000
vt 0.000000 68.000000
vt 0.000000 68.000000
vt 0.000000 68.000000
vt 0.000000 68.000000
vt 0.000000 68.000000
vt 0.000000 68.000000
vt 0.000000 68.000000
vt 0.000000 68.000000
vt 0.000000 68.000000
vt 0.000000 68.000000
vt 0.000000 68.000000
vt 0.000000 68.000000
vt 0.000000 68.000000
vt 0.000000 68.000000
vt 0.000000 68.000000
vt 0.000000 68.000000
vt 0.000000 68.000000
vt 0.000000 68.000000
vt 0.000000 68.000000
vt 0.000000 68.000000
vt 0.000000 68.000000
vt 0.000000 68.000000
vt 0.000000 68.000000
vt 0.000000 68.000000
vt 0.000000 68.000000
vt 0.000000 68.000000
vt 0.000000 68.000000
vt 1.000000 70.000000
vt 1.000000 70.000000
vt 1.000000 70.000000
vt 1.000000 70.000000
vt 1.000000 70.000000
vt 1.000000 70.000000
vt 1.000000 70.000000
vt 1.000000 70.000000
vt 1.000000 70.000000
vt 1.000000 70.000000
vt 1.000000 70.000000
vt 1.000000 70.000000
vt 1.000000 70.000000
vt 1.000000 70.000000
vt 1.000000 70.000000
vt 1.000000 70.000000
vt 1.000000 70.000000
vt 1.000000 70.000000
vt 1.000000 70.000000
vt 1.000000 70.000000
vt 1.000000 70.000000
vt 1.000000 70.000000
vt 1.000000 70.000000
vt 1.000000 70.000000
vt 1.000000 70.000000
vt 1.000000 70.000000
vt 1.000000 70.000000
vt 0.000000 70.000000
vt 0.000000 70.000000
vt 0.000000 70.000000
vt 0.000000 70.000000
vt 0.000000 70.000000
vt 0.000000 70.000000
vt 0.000000 70.000000
vt 0.000000 70.000000
vt 0.000000 70.000000
vt 0.000000 70.000000
vt 0.000000 70.000000
vt 0.000000 70.000000
vt 0.000000 70.000000
vt 0.000000 70.000000
vt 0.000000 70.000000
vt 0.000000 70.000000
vt 0.000000 70.000000
vt 0.000000 70.000000
vt 0.000000 70.000000
vt 0.000000 70.000000
vt 0.000000 70.000000
vt 0.000000 70.000000
vt 0.000000 70.000000
vt 0.000000 70.000000
vt 0.000000 70.000000
vt 0.000000 70.000000
vt 0.000000 70.000000
vt 1.000000 72.000000
vt 1.000000 72.000000
vt 1.000000 72.000000
vt 1.000000 72.000000
vt 1.000000 72.000000
vt 1.000000 72.000000
vt 1.000000 72.000000
vt 1.000000 72.000000
vt 1.000000 72.000000
vt 1.000000 72.000000
vt 1.000000 72.000000
vt 1.000000 72.000000
vt 1.000000 72.000000
vt 1.000000 72.000000
vt 1.000000 72.000000
vt 1.000000 72.000000
vt 1.000000 72.000000
vt 1.000000 72.000000
vt 1.000000 72.000000
vt 1.000000 72.000000
vt 1.000000 72.000000
vt 1.000000 72.000000
vt 1.000000 72.000000
vt 1.000000 72.000000
vt 1.000000 72.000000
vt 1.000000 72.000000
vt 1.000000 72.000000
vt 0.000000 72.000000
vt 0.000000 72.000000
vt 0.000000 72.000000
vt 0.000000 72.000000
vt 0.000000 72.000000
vt 0.000000 72.000000
vt 0.000000 72.000000
vt 0.000000 72.000000
vt 0.000000 72.000000
vt 0.000000 72.000000
vt 0.000000 72.000000
vt 0.000000 72.000000
vt 0.000000 72.000000
vt 0.000000 72.000000
vt 0.000000 72.000000
vt 0.000000 72.000000
vt 0.000000 72.000000
vt 0.000000 72.000000
vt 0.000000 72.000000
vt 0.000000 72.000000
vt 0.000000 72.000000
vt 0.000000 72.000000
vt 0.000000 72.000000
vt 0.000000 72.000000
vt 0.000000 72.000000
vt 0.000000 72.000000
vt 0.000000 72.000000
vt 1.000000 74.000000
vt 1.000000 74.000000
vt 1.000000 74.000000
vt 1.000000 74.000000
vt 1.000000 74.000000
vt 1.000000 74.000000
vt 1.000000 74.000000
vt 1.000000 74.000000
vt 1.000000 74.000000
vt 1.000000 74.000000
vt 1.000000 74.000000
vt 1.000000 74.000000
vt 1.000000 74.000000
vt 1.000000 74.000000
vt 1.000000 74.000000
vt 1.000000 74.000000
vt 1.000000 74.000000
vt 1.000000 74.000000
vt 1.000000 74.000000
vt 1.000000 74.000000
vt 1.000000 74.000000
vt 1.000000 74.000000
vt 1.000000 74.000000
vt 1.000000 74.000000
vt 1.000000 74.000000
vt 1.000000 74.000000
vt 1.000000 74.000000
vt 0.000000 74.000000
vt 0.000000 74.000000
vt 0.000000 74.000000
vt 0.000000 74.000000
vt 0.000000 74.000000
vt 0.000000 74.000000
vt 0.000000 74.000000
vt 0.000000 74.000000
vt 0.000000 74.000000
vt 0.000000 74.000000
vt 0.000000 74.000000
vt 0.000000 74.000000
vt 0.000000 74.000000
vt 0.000000 74.000000
vt 0.000000 74.000000
vt 0.000000 74.000000
vt 0.000000 74.000000
vt 0.000000 74.000000
vt 0.000000 74.000000
vt 0.000000 74.000000
vt 0.000000 74.000000
vt 0.000000 74.000000
vt 0.000000 74.000000
vt 0.000000 74.000000
vt 0.000000 74.000000
vt 0.000000 74.000000
vt 0.000000 74.000000
vt 1.000000 76.000000
vt 1.000000 76.000000
vt 1.000000 76.000000
vt 1.000000 76.000000
vt 1.000000 76.000000
vt 1.000000 76.000000
vt 1.000000 76.000000
vt 1.000000 76.000000
vt 1.000000 76.000000
vt 1.000000 76.000000
vt 1.000000 76.000000
vt 1.000000 76.000000
vt 1.000000 76.000000
vt 1.000000 76.000000
vt 1.000000 76.000000
vt 1.000000 76.000000
vt 1.000000 76.000000
vt 1.000000 76.000000
vt 1.000000 76.000000
vt 1.000000 76.000000
vt 1.000000 76.000000
vt 1.000000 76.000000
vt 1.000000 76.000000
vt 1.000000 76.000000
vt 1.000000 76.000000
vt 1.000000 76.000000
vt 1.000000 76.000000
vt 0.000000 76.000000
vt 0.000000 76.000000
vt 0.000000 76.000000
vt 0.000000 76.000000
vt 0.000000 76.000000
vt 0.000000 76.000000
vt 0.000000 76.000000
vt 0.000000 76.000000
vt 0.000000 76.000000
vt 0.000000 76.000000
vt 0.000000 76.000000
vt 0.000000 76.000000
vt 0.000000 76.000000
vt 0.000000 76.000000
vt 0.000000 76.000000
vt 0.000000 76.000000
vt 0.000000 76.000000
vt 0.000000 76.000000
vt 0.000000 76.000000
vt 0.000000 76.000000
vt 0.000000 76.000000
vt 0.000000 76.000000
vt 0.000000 76.000000
vt 0.000000 76.000000
vt 0.000000 76.000000
vt 0.000000 76.000000
vt 0.000000 76.000000
vt 1.000000 78.000000
vt 1.000000 78.000000
vt 1.000000 78.000000
vt 1.000000 78.000000
vt 1.000000 78.000000
vt 1.000000 78.000000
vt 1.000000 78.000000
vt 1.000000 78.000000
vt 1.000000 78.000000
vt 1.000000 78.000000
vt 1.000000 78.000000
vt 1.000000 78.000000
vt 1.000000 78.000000
vt 1.000000 78.000000
vt 1.000000 78.000000
vt 1.000000 78.000000
vt 1.000000 78.000000
vt 1.000000 78.000000
vt 1.000000 78.000000
vt 1.000000 78.000000
vt 1.000000 78.000000
vt 1.000000 78.000000
vt 1.000000 78.000000
vt 1.000000 78.000000
vt 1.000000 78.000000
vt 1.000000 78.000000
vt 1.000000 78.000000
vt 0.000000 78.000000
vt 0.000000 78.000000
vt 0.000000 78.000000
vt 0.000000 78.000000
vt 0.000000 78.000000
vt 0.000000 78.000000
vt 0.000000 78.000000
vt 0.000000 78.000000
vt 0.000000 78.000000
vt 0.000000 78.000000
vt 0.000000 78.000000
vt 0.000000 78.000000
vt 0.000000 78.000000
vt 0.000000 78.000000
vt 0.000000 78.000000
vt 0.000000 78.000000
vt 0.000000 78.000000
vt 0.000000 78.000000
vt 0.000000 78.000000
vt 0.000000 78.000000
vt 0.000000 78.000000
vt 0.000000 78.000000
vt 0.000000 78.000000
vt 0.000000 78.000000
vt 0.000000 78.000000
vt 0.000000 78.000000
vt 0.000000 78.000000
vt 1.000000 80.000000
vt 1.000000 80.000000
vt 1.000000 80.000000
vt 1.000000 80.000000
vt 1.000000 80.000000
vt 1.000000 80.000000
vt 1.000000 80.000000
vt 1.000000 80.000000
vt 1.000000 80.000000
vt 1.000000 80.000000
vt 1.000000 80.000000
vt 1.000000 80.000000
vt 1.000000 80.000000
vt 1.000000 80.000000
vt 1.000000 80.000000
vt 1.000000 80.000000
vt 1.000000 80.000000
vt 1.000000 80.000000
vt 1.000000 80.000000
vt 1.000000 80.000000
vt 1.000000 80.000000
vt 1.000000 80.000000
vt 1.000000 80.000000
vt 1.000000 80.000000
vt 1.000000 80.000000
vt 1.000000 80.000000
vt 1.000000 80.000000
vt 0.000000 80.000000
vt 0.000000 80.000000
vt 0.000000 80.000000
vt 0.000000 80.000000
vt 0.000000 80.000000
vt 0.000000 80.000000
vt 0.000000 80.000000
vt 0.000000 80.000000
vt 0.000000 80.000000
vt 0.000000 80.000000
vt 0.000000 80.000000
vt 0.000000 80.000000
vt 0.000000 80.000000
vt 0.000000 80.000000
vt 0.000000 80.000000
vt 0.000000 80.000000
vt 0.000000 80.000000
vt 0.000000 80.000000
vt 0.000000 80.000000
vt 0.000000 80.000000
vt 0.000000 80.000000
vt 0.000000 80.000000
vt 0.000000 80.000000
vt 0.000000 80.000000
vt 0.000000 80.000000
vt 0.000000 80.000000
vt 0.000000 80.000000
vt 0.875000 0.000000
vt 0.875000 0.000000
vt 0.875000 0.000000
vt 0.875000 0.000000
vt 0.875000 0.000000
vt 0.875000 0.000000
vt 0.875000 0.000000
vt 0.875000 0.000000
vt 0.875000 0.000000
vt 0.875000 0.000000
vt 0.875000 0.000000
vt 0.875000 0.000000
vt 0.875000 0.000000
vt 0.875000 0.000000
vt 0.875000 0.000000
vt 0.875000 0.000000
vt 0.875000 0.000000
vt 0.875000 0.000000
vt 0.875000 0.000000
vt 0.875000 0.000000
vt 0.875000 0.000000
vt 0.875000 0.000000
vt 0.875000 0.000000
vt 0.875000 0.000000
vt 0.875000 0.000000
vt 0.875000 0.000000
vt 0.875000 0.000000
vt 0.750000 0.000000
vt 0.750000 0.000000
vt 0.750000 0.000000
vt 0.750000 0.000000
vt 0.750000 0.000000
vt 0.750000 0.000000
vt 0.750000 0.000000
vt 0.750000 0.000000
vt 0.750000 0.000000
vt 0.750000 0.000000
vt 0.750000 0.000000
vt 0.750000 0.000000
vt 0.750000 0.000000
vt 0.750000 0.000000
vt 0.750000 0.000000
vt 0.750000 0.000000
vt 0.750000 0.000000
vt 0.750000 0.000000
vt 0.750000 0.000000
vt 0.750000 0.000000
vt 0.750000 0.000000
vt 0.750000 0.000000
vt 0.750000 0.000000
vt 0.750000 0.000000
vt 0.750000 0.000000
vt 0.750000 0.000000
vt 0.750000 0.000000
vt 0.625000 0.000000
vt 0.625000 0.000000
vt 0.625000 0.000000
vt 0.625000 0.000000
vt 0.625000 0.000000
vt 0.625000 0.000000
vt 0.625000 0.000000
vt 0.625000 0.000000
vt 0.625000 0.000000
vt 0.625000 0.000000
vt 0.625000 0.000000
vt 0.625000 0.000000
vt 0.625000 0.000000
vt 0.625000 0.000000
vt 0.625000 0.000000
vt 0.625000 0.000000
vt 0.625000 0.000000
vt 0.625000 0.000000
vt 0.625000 0.000000
vt 0.625000 0.000000
vt 0.625000 0.000000
vt 0.625000 0.000000
vt 0.625000 0.000000
vt 0.625000 0.000000
vt 0.625000 0.000000
vt 0.625000 0.000000
vt 0.625000 0.000000
vt 0.500000 0.000000
vt 0.500000 0.000000
vt 0.500000 0.000000
vt 0.500000 0.000000
vt 0.500000 0.000000
vt 0.500000 0.000000
vt 0.500000 0.000000
vt 0.500000 0.000000
vt 0.500000 0.000000
vt 0.500000 0.000000
vt 0.500000 0.000000
vt 0.500000 0.000000
vt 0.500000 0.000000
vt 0.500000 0.000000
vt 0.500000 0.000000
vt 0.500000 0.000000
vt 0.500000 0.000000
vt 0.500000 0.000000
vt 0.500000 0.000000
vt 0.500000 0.000000
vt 0.500000 0.000000
vt 0.500000 0.000000
vt 0.500000 0.000000
vt 0.500000 0.000000
vt 0.500000 0.000000
vt 0.500000 0.000000
vt 0.500000 0.000000
vt 0.375000 0.000000
vt 0.375000 0.000000
vt 0.375000 0.000000
vt 0.375000 0.000000
vt 0.375000 0.000000
vt 0.375000 0.000000
vt 0.375000 0.000000
vt 0.375000 0.000000
vt 0.375000 0.000000
vt 0.375000 0.000000
vt 0.375000 0.000000
vt 0.375000 0.000000
vt 0.375000 0.000000
vt 0.375000 0.000000
vt 0.375000 0.000000
vt 0.375000 0.000000
vt 0.375000 0.000000
vt 0.375000 0.000000
vt 0.375000 0.000000
vt 0.375000 0.000000
vt 0.375000 0.000000
vt 0.375000 0.000000
vt 0.375000 0.000000
vt 0.375000 0.000000
vt 0.375000 0.000000
vt 0.375000 0.000000
vt 0.375000 0.000000
vt 0.250000 0.000000
vt 0.250000 0.000000
vt 0.250000 0.000000
vt 0.250000 0.000000
vt 0.250000 0.000000
vt 0.250000 0.000000
vt 0.250000 0.000000
vt 0.250000 0.000000
vt 0.250000 0.000000
vt 0.250000 0.000000
vt 0.250000 0.000000
vt 0.250000 0.000000
vt 0.250000 0.000000
vt 0.250000 0.000000
vt 0.250000 0.000000
vt 0.250000 0.000000
vt 0.250000 0.000000
vt 0.250000 0.000000
vt 0.250000 0.000000
vt 0.250000 0.000000
vt 0.250000 0.000000
vt 0.250000 0.000000
vt 0.250000 0.000000
vt 0.250000 0.000000
vt 0.250000 0.000000
vt 0.250000 0.000000
vt 0.250000 0.000000
vt 0.125000 0.000000
vt 0.125000 0.000000
vt 0.125000 0.000000
vt 0.125000 0.000000
vt 0.125000 0.000000
vt 0.125000 0.000000
vt 0.125000 0.000000
vt 0.125000 0.000000
vt 0.125000 0.000000
vt 0.125000 0.000000
vt 0.125000 0.000000
vt 0.125000 0.000000
vt 0.125000 0.000000
vt 0.125000 0.000000
vt 0.125000 0.000000
vt 0.125000 0.000000
vt 0.125000 0.000000
vt 0.125000 0.000000
vt 0.125000 0.000000
vt 0.125000 0.000000
vt 0.125000 0.000000
vt 0.125000 0.000000
vt 0.125000 0.000000
vt 0.125000 0.000000
vt 0.125000 0.000000
vt 0.125000 0.000000
vt 0.125000 0.000000
vt 1.000000 78.000000
vt 0.000000 80.000000
vn 0.9971679 0.0000000 0.0752072
vn 0.9972770 0.0000000 0.0737474
vn 0.9813164 0.1767463 0.0760191
vn 0.9971679 0.0000000 0.0752072
vn 0.9813164 0.1767463 0.0760191
vn 0.9659556 0.2473089 0.0759482
vn -0.9596606 -0.0333641 -0.2791745
vn -0.9590167 -0.0518554 -0.2785643
vn -0.9596061 0.0000000 -0.2813470
vn -0.9596606 -0.0333641 -0.2791745
vn -0.9596061 0.0000000 -0.2813470
vn -0.9601952 0.0000000 -0.2793300
vn 0.9659556 0.2473089 0.0759482
vn 0.9813164 0.1767463 0.0760191
vn 0.9625699 0.2566780 0.0870384
vn 0.9659556 0.2473089 0.0759482
vn 0.9625699 0.2566780 0.0870384
vn 0.9686815 0.2330250 0.0857638
vn -0.9618452 -0.0664729 -0.2653964
vn -0.9638399 -0.0558113 -0.2605720
vn -0.9590167 -0.0518554 -0.2785643
vn -0.9618452 -0.0664729 -0.2653964
vn -0.9590167 -0.0518554 -0.2785643
vn -0.9596606 -0.0333641 -0.2791745
vn 0.9686815 0.2330250 0.0857638
vn 0.9625699 0.2566780 0.0870384
vn 0.9946448 0.0080538 0.1030379
vn 0.9686815 0.2330250 0.0857638
vn 0.9946448 0.0080538 0.1030379
vn 0.9944928 -0.0375842 0.0978338
vn -0.9686553 0.0859616 -0.2330613
vn -0.9676012 0.1150500 -0.2247473
vn -0.9638399 -0.0558113 -0.2605720
vn -0.9686553 0.0859616 -0.2330613
vn -0.9638399 -0.0558113 -0.2605720
vn -0.9618452 -0.0664729 -0.2653964
vn 0.9944928 -0.0375842 0.0978338
vn 0.9946448 0.0080538 0.1030379
vn 0.9489651 -0.2959125 0.1090916
vn 0.9944928 -0.0375842 0.0978338
vn 0.9489651 -0.2959125 0.1090916
vn 0.9309672 -0.3509017 0.1008365
vn -0.9191169 0.3525879 -0.1758004
vn -0.9079350 0.3854048 -0.1646730
vn -0.9676012 0.1150500 -0.2247473
vn -0.9191169 0.3525879 -0.1758004
vn -0.9676012 0.1150500 -0.2247473
vn -0.9686553 0.0859616 -0.2330613
vn 0.9309672 -0.3509017 0.1008365
vn 0.9489651 -0.2959125 0.1090916
vn 0.8246544 -0.5565560 0.1009477
vn 0.9309672 -0.3509017 0.1008365
vn 0.8246544 -0.5565560 0.1009477
vn 0.7919472 -0.6038259 0.0906310
vn -0.7779081 0.6201894 -0.1011142
vn -0.7588690 0.6450168 -0.0898396
vn -0.9079350 0.3854048 -0.1646730
vn -0.7779081 0.6201894 -0.1011142
vn -0.9079350 0.3854048 -0.1646730
vn -0.9191169 0.3525879 -0.1758004
vn 0.7919472 -0.6038259 0.0906310
vn 0.8246544 -0.5565560 0.1009477
vn 0.6944569 -0.7152366 0.0785254
vn 0.7919472 -0.6038259 0.0906310
vn 0.6944569 -0.7152366 0.0785254
vn 0.6556508 -0.7522981 0.0645725
vn -0.5859082 0.8097832 -0.0310296
vn -0.5659767 0.8241399 -0.0215349
vn -0.7588690 0.6450168 -0.0898396
vn -0.5859082 0.8097832 -0.0310296
vn -0.7588690 0.6450168 -0.0898396
vn -0.7779081 0.6201894 -0.1011142
vn 0.6556508 -0.7522981 0.0645725
vn 0.6944569 -0.7152366 0.0785254
vn 0.6165366 -0.7862592 0.0409773
vn 0.6556508 -0.7522981 0.0645725
vn 0.6165366 -0.7862592 0.0409773
vn 0.5779177 -0.8158022 0.0218619
vn -0.4027065 0.9150973 0.0205992
vn -0.3851650 0.9224230 0.0279968
vn -0.5659767 0.8241399 -0.0215349
vn -0.4027065 0.9150973 0.0205992
vn -0.5659767 0.8241399 -0.0215349
vn -0.5859082 0.8097832 -0.0310296
vn 0.5779177 -0.8158022 0.0218619
vn 0.6165366 -0.7862592 0.0409773
vn 0.5889626 -0.8081316 -0.0068077
vn 0.5779177 -0.8158022 0.0218619
vn 0.5889626 -0.8081316 -0.0068077
vn 0.5547092 -0.8315600 -0.0283850
vn -0.2535702 0.9658559 0.0531456
vn -0.2386868 0.9693340 0.0584835
vn -0.3851650 0.9224230 0.0279968
vn -0.2535702 0.9658559 0.0531456
vn -0.3851650 0.9224230 0.0279968
vn -0.4027065 0.9150973 0.0205992
vn 0.5547092 -0.8315600 -0.0283850
vn 0.5889626 -0.8081316 -0.0068077
vn 0.5613509 -0.8259687 -0.0515841
vn 0.5547092 -0.8315600 -0.0283850
vn 0.5613509 -0.8259687 -0.0515841
vn 0.5290310 -0.8456807 -0.0703595
vn -0.1406457 0.9875859 0.0699489
vn -0.1279667 0.9890854 0.0730377
vn -0.2386868 0.9693340 0.0584835
vn -0.1406457 0.9875859 0.0699489
vn -0.2386868 0.9693340 0.0584835
vn -0.2535702 0.9658559 0.0531456
vn 0.5290310 -0.8456807 -0.0703595
vn 0.5613509 -0.8259687 -0.0515841
vn 0.4677908 -0.8797860 -0.0845474
vn 0.5290310 -0.8456807 -0.0703595
vn 0.4677908 -0.8797860 -0.0845474
vn 0.4321745 -0.8965552 -0.0970260
vn -0.0611549 0.9954218 0.0734538
vn -0.0503227 0.9959946 0.0739074
vn -0.1279667 0.9890854 0.0730377
vn -0.0611549 0.9954218 0.0734538
vn -0.1279667 0.9890854 0.0730377
vn -0.1406457 0.9875859 0.0699489
vn 0.4321745 -0.8965552 -0.0970260
vn 0.4677908 -0.8797860 -0.0845474
vn 0.2619961 -0.9594415 -0.1040671
vn 0.4321745 -0.8965552 -0.0970260
vn 0.2619961 -0.9594415 -0.1040671
vn 0.2271023 -0.9679439 -0.1072806
vn -0.0129739 0.9978194 0.0647164
vn -0.0037454 0.9980569 0.0621967
vn -0.0503227 0.9959946 0.0739074
vn -0.0129739 0.9978194 0.0647164
vn -0.0503227 0.9959946 0.0739074
vn -0.0611549 0.9954218 0.0734538
vn 0.2271023 -0.9679439 -0.1072806
vn 0.2619961 -0.9594415 -0.1040671
vn -0.0283385 -0.9942183 -0.1035709
vn 0.2271023 -0.9679439 -0.1072806
vn -0.0283385 -0.9942183 -0.1035709
vn -0.0421267 -0.9946578 -0.0942398
vn 0.0069535 0.9989890 0.0444141
vn 0.0150308 0.9991262 0.0390000
vn -0.0037454 0.9980569 0.0621967
vn 0.0069535 0.9989890 0.0444141
vn -0.0037454 0.9980569 0.0621967
vn -0.0129739 0.9978194 0.0647164
vn -0.0421267 -0.9946578 -0.0942398
vn -0.0283385 -0.9942183 -0.1035709
vn -0.2908108 -0.9536144 -0.0777725
vn -0.0421267 -0.9946578 -0.0942398
vn -0.2908108 -0.9536144 -0.0777725
vn -0.2693903 -0.9613932 -0.0561427
vn 0.0067497 0.9998714 0.0145485
vn 0.0146550 0.9998675 0.0070797
vn 0.0150308 0.9991262 0.0390000
vn 0.0067497 0.9998714 0.0145485
vn 0.0150308 0.9991262 0.0390000
vn 0.0069535 0.9989890 0.0444141
vn -0.2693903 -0.9613932 -0.0561427
vn -0.2908108 -0.9536144 -0.0777725
vn -0.4439409 -0.8954186 -0.0337946
vn -0.2693903 -0.9613932 -0.0561427
vn -0.4439409 -0.8954186 -0.0337946
vn -0.3953706 -0.9185149 -0.0035259
vn 0.0016136 0.9997943 -0.0202162
vn 0.0106186 0.9995462 -0.0281903
vn 0.0146550 0.9998675 0.0070797
vn 0.0016136 0.9997943 -0.0202162
vn 0.0146550 0.9998675 0.0070797
vn 0.0067497 0.9998714 0.0145485
vn -0.3953706 -0.9185149 -0.0035259
vn -0.4439409 -0.8954186 -0.0337946
vn -0.4798695 -0.8771818 0.0166572
vn -0.3953706 -0.9185149 -0.0035259
vn -0.4798695 -0.8771818 0.0166572
vn -0.4193004 -0.9065137 0.0491948
vn 0.0096679 0.9985297 -0.0533384
vn 0.0206523 0.9979793 -0.0600906
vn 0.0106186 0.9995462 -0.0281903
vn 0.0096679 0.9985297 -0.0533384
vn 0.0106186 0.9995462 -0.0281903
vn 0.0016136 0.9997943 -0.0202162
vn -0.4193004 -0.9065137 0.0491948
vn -0.4798695 -0.8771818 0.0166572
vn -0.4147512 -0.9078642 0.0613522
vn -0.4193004 -0.9065137 0.0491948
vn -0.4147512 -0.9078642 0.0613522
vn -0.3609453 -0.9284882 0.0873389
vn 0.0448344 0.9958842 -0.0787690
vn 0.0580995 0.9948645 -0.0828797
vn 0.0206523 0.9979793 -0.0600906
vn 0.0448344 0.9958842 -0.0787690
vn 0.0206523 0.9979793 -0.0600906
vn 0.0096679 0.9985297 -0.0533384
vn -0.3609453 -0.9284882 0.0873389
vn -0.4147512 -0.9078642 0.0613522
vn -0.2992045 -0.9502073 0.0870791
vn -0.3609453 -0.9284882 0.0873389
vn -0.2992045 -0.9502073 0.0870791
vn -0.2757429 -0.9560736 0.0994438
vn 0.1146039 0.9891421 -0.0919987
vn 0.1303374 0.9871505 -0.0924444
vn 0.0580995 0.9948645 -0.0828797
vn 0.1146039 0.9891421 -0.0919987
vn 0.0580995 0.9948645 -0.0828797
vn 0.0448344 0.9958842 -0.0787690
vn -0.2757429 -0.9560736 0.0994438
vn -0.2992045 -0.9502073 0.0870791
vn -0.2334455 -0.9683805 0.0879906
vn -0.2757429 -0.9560736 0.0994438
vn -0.2334455 -0.9683805 0.0879906
vn -0.2545060 -0.9633138 0.0851654
vn 0.2236011 0.9706058 -0.0890335
vn 0.2423190 0.9664622 -0.0850429
vn 0.1303374 0.9871505 -0.0924444
vn 0.2236011 0.9706058 -0.0890335
vn 0.1303374 0.9871505 -0.0924444
vn 0.1146039 0.9891421 -0.0919987
vn -0.2545060 -0.9633138 0.0851654
vn -0.2334455 -0.9683805 0.0879906
vn -0.2977941 -0.9522335 0.0676021
vn -0.2545060 -0.9633138 0.0851654
vn -0.2977941 -0.9522335 0.0676021
vn -0.3594570 -0.9317995 0.0504012
vn 0.3767745 0.9240297 -0.0648847
vn 0.3991794 0.9151713 -0.0558330
vn 0.2423190 0.9664622 -0.0850429
vn 0.3767745 0.9240297 -0.0648847
vn 0.2423190 0.9664622 -0.0850429
vn 0.2236011 0.9706058 -0.0890335
vn -0.3594570 -0.9317995 0.0504012
vn -0.2977941 -0.9522335 0.0676021
vn -0.4989344 -0.8661550 0.0289811
vn -0.3594570 -0.9317995 0.0504012
vn -0.4989344 -0.8661550 0.0289811
vn -0.5796083 -0.8148952 0.0001793
vn 0.5738324 0.8188600 -0.0135912
vn 0.5990908 0.8006808 0.0006160
vn 0.3991794 0.9151713 -0.0558330
vn 0.5738324 0.8188600 -0.0135912
vn 0.3991794 0.9151713 -0.0558330
vn 0.3767745 0.9240297 -0.0648847
vn -0.5796083 -0.8148952 0.0001793
vn -0.4989344 -0.8661550 0.0289811
vn -0.7545593 -0.6559415 -0.0195210
vn -0.5796083 -0.8148952 0.0001793
vn -0.7545593 -0.6559415 -0.0195210
vn -0.8160203 -0.5757635 -0.0510604
vn 0.7852865 0.6156584 0.0654967
vn 0.8070460 0.5846646 0.0827289
vn 0.5990908 0.8006808 0.0006160
vn 0.7852865 0.6156584 0.0654967
vn 0.5990908 0.8006808 0.0006160
vn 0.5738324 0.8188600 -0.0135912
vn -0.8160203 -0.5757635 -0.0510604
vn -0.7545593 -0.6559415 -0.0195210
vn -0.9357652 -0.3477631 -0.0583462
vn -0.8160203 -0.5757635 -0.0510604
vn -0.9357652 -0.3477631 -0.0583462
vn -0.9595214 -0.2690763 -0.0831667
vn 0.9358870 0.3169444 0.1538238
vn 0.9448219 0.2807271 0.1688307
vn 0.8070460 0.5846646 0.0827289
vn 0.9358870 0.3169444 0.1538238
vn 0.8070460 0.5846646 0.0827289
vn 0.7852865 0.6156584 0.0654967
vn -0.9595214 -0.2690763 -0.0831667
vn -0.9357652 -0.3477631 -0.0583462
vn -0.9961087 -0.0419500 -0.0775088
vn -0.9595214 -0.2690763 -0.0831667
vn -0.9961087 -0.0419500 -0.0775088
vn -0.9954544 0.0174213 -0.0936326
vn 0.9752941 0.0182778 0.2201530
vn 0.9732420 -0.0083287 0.2296315
vn 0.9448219 0.2807271 0.1688307
vn 0.9752941 0.0182778 0.2201530
vn 0.9448219 0.2807271 0.1688307
vn 0.9358870 0.3169444 0.1538238
vn -0.9954544 0.0174213 -0.0936326
vn -0.9961087 -0.0419500 -0.0775088
vn -0.9761037 0.1996797 -0.0857294
vn -0.9954544 0.0174213 -0.0936326
vn -0.9761037 0.1996797 -0.0857294
vn -0.9655085 0.2424054 -0.0950422
vn 0.9540881 -0.1553146 0.2561117
vn 0.9523981 -0.1569349 0.2613605
vn 0.9732420 -0.0083287 0.2296315
vn 0.9540881 -0.1553146 0.2561117
vn 0.9732420 -0.0083287 0.2296315
vn 0.9752941 0.0182778 0.2201530
vn -0.9655085 0.2424054 -0.0950422
vn -0.9761037 0.1996797 -0.0857294
vn -0.9832990 0.1546668 -0.0959236
vn -0.9655085 0.2424054 -0.0950422
vn -0.9832990 0.1546668 -0.0959236
vn -0.9891952 0.1050339 -0.1022773
vn 0.9535629 -0.1245652 0.2742286
vn 0.9560021 -0.0922678 0.2784721
vn 0.9523981 -0.1569349 0.2613605
vn 0.9535629 -0.1245652 0.2742286
vn 0.9523981 -0.1569349 0.2613605
vn 0.9540881 -0.1553146 0.2561117
vn -0.9891952 0.1050339 -0.1022773
vn -0.9832990 0.1546668 -0.0959236
vn -0.9949876 0.0000000 -0.0999982
vn -0.9891952 0.1050339 -0.1022773
vn -0.9949876 0.0000000 -0.0999982
vn -0.9946973 0.0000000 -0.1028461
vn 0.9601952 0.0000000 0.2793300
vn 0.9590128 0.0000000 0.2833628
vn 0.9560021 -0.0922678 0.2784721
vn 0.9601952 0.0000000 0.2793300
vn 0.9560021 -0.0922678 0.2784721
vn 0.9535629 -0.1245652 0.2742286
vn 0.0000000 -1.0000000 0.0000000
vn 0.0000000 -1.0000000 0.0000000
vn 0.0000000 -1.0000000 0.0000000
vn 0.0000000 -1.0000000 0.0000000
vn 0.0000000 -1.0000000 0.0000000
vn 0.0000000 -1.0000000 0.0000000
vn 0.0000000 1.0000000 0.0000000
vn 0.0000000 1.0000000 0.0000000
vn 0.0000000 1.0000000 0.0000000
vn 0.0000000 -1.0000000 0.0000000
vn 0.0000000 -1.0000000 0.0000000
vn 0.0000000 -1.0000000 0.0000000
vn 0.0000000 -1.0000000 0.0000000
vn 0.0000000 -1.0000000 0.0000000
vn 0.0000000 -1.0000000 0.0000000
vn 0.0000000 -1.0000000 0.0000000
vn 0.0000000 -1.0000000 0.0000000
vn 0.0000000 -1.0000000 0.0000000
vn 0.0000000 -1.0000000 0.0000000
vn 0.0000000 -1.0000000 0.0000000
vn 0.0000000 -1.0000000 0.0000000
vn 0.0000000 -1.0000000 0.0000000
vn 0.0000000 -1.0000000 0.0000000
vn 0.0000000 -1.0000000 0.0000000
vn 0.0000000 -1.0000000 0.0000000
vn 0.0000000 -1.0000000 0.0000000
vn 0.0000000 -1.0000000 0.0000000
vn 0.0000000 -1.0000000 0.0000000
vn 0.0000000 -1.0000000 0.0000000
vn 0.0000000 -1.0000000 0.0000000
vn 0.0000000 -1.0000000 0.0000000
vn 0.0000000 -1.0000000 0.0000000
vn 0.0000000 -1.0000000 0.0000000
vn 0.0000000 1.0000000 0.0000000
vn 0.0000000 1.0000000 0.0000000
vn 0.0000000 1.0000000 0.0000000
vn 0.0000000 1.0000000 0.0000000
vn 0.0000000 1.0000000 0.0000000
vn 0.0000000 1.0000000 0.0000000
vn 0.0000000 1.0000000 0.0000000
vn 0.0000000 1.0000000 0.0000000
vn 0.0000000 1.0000000 0.0000000
vn 0.0000000 -1.0000000 0.0000000
vn 0.0000000 -1.0000000 0.0000000
vn 0.0000000 -1.0000000 0.0000000
vn 0.0000000 1.0000000 0.0000000
vn 0.0000000 1.0000000 0.0000000
vn 0.0000000 1.0000000 0.0000000
vn 0.0000000 -1.0000000 0.0000000
vn 0.0000000 -1.0000000 0.0000000
vn 0.0000000 -1.0000000 0.0000000
vn 0.0000000 -1.0000000 0.0000000
vn 0.0000000 -1.0000000 0.0000000
vn 0.0000000 -1.0000000 0.0000000
vn 0.9972770 0.0000000 0.0737474
vn 0.9976410 0.0000000 0.0686466
vn 0.9846348 0.1584360 0.0734323
vn 0.9972770 0.0000000 0.0737474
vn 0.9846348 0.1584360 0.0734323
vn 0.9813164 0.1767463 0.0760191
vn -0.9590167 -0.0518554 -0.2785643
vn -0.9574236 -0.0535079 -0.2836845
vn -0.9582008 0.0000000 -0.2860964
vn -0.9590167 -0.0518554 -0.2785643
vn -0.9582008 0.0000000 -0.2860964
vn -0.9596061 0.0000000 -0.2813470
vn 0.9813164 0.1767463 0.0760191
vn 0.9846348 0.1584360 0.0734323
vn 0.9688516 0.2298246 0.0922349
vn 0.9813164 0.1767463 0.0760191
vn 0.9688516 0.2298246 0.0922349
vn 0.9625699 0.2566780 0.0870384
vn -0.9638399 -0.0558113 -0.2605720
vn -0.9605371 -0.0641857 -0.2706451
vn -0.9574236 -0.0535079 -0.2836845
vn -0.9638399 -0.0558113 -0.2605720
vn -0.9574236 -0.0535079 -0.2836845
vn -0.9590167 -0.0518554 -0.2785643
vn 0.9625699 0.2566780 0.0870384
vn 0.9688516 0.2298246 0.0922349
vn 0.9933459 -0.0067916 0.1149689
vn 0.9625699 0.2566780 0.0870384
vn 0.9933459 -0.0067916 0.1149689
vn 0.9946448 0.0080538 0.1030379
vn -0.9676012 0.1150500 -0.2247473
vn -0.9659557 0.0962621 -0.2401316
vn -0.9605371 -0.0641857 -0.2706451
vn -0.9676012 0.1150500 -0.2247473
vn -0.9605371 -0.0641857 -0.2706451
vn -0.9638399 -0.0558113 -0.2605720
vn 0.9946448 0.0080538 0.1030379
vn 0.9933459 -0.0067916 0.1149689
vn 0.9482210 -0.2924907 0.1237986
vn 0.9946448 0.0080538 0.1030379
vn 0.9482210 -0.2924907 0.1237986
vn 0.9489651 -0.2959125 0.1090916
vn -0.9079350 0.3854048 -0.1646730
vn -0.9142590 0.3612058 -0.1834688
vn -0.9659557 0.0962621 -0.2401316
vn -0.9079350 0.3854048 -0.1646730
vn -0.9659557 0.0962621 -0.2401316
vn -0.9676012 0.1150500 -0.2247473
vn 0.9489651 -0.2959125 0.1090916
vn 0.9482210 -0.2924907 0.1237986
vn 0.8351440 -0.5381391 0.1137576
vn 0.9489651 -0.2959125 0.1090916
vn 0.8351440 -0.5381391 0.1137576
vn 0.8246544 -0.5565560 0.1009477
vn -0.7588690 0.6450168 -0.0898396
vn -0.7734374 0.6246575 -0.1076919
vn -0.9142590 0.3612058 -0.1834688
vn -0.7588690 0.6450168 -0.0898396
vn -0.9142590 0.3612058 -0.1834688
vn -0.9079350 0.3854048 -0.1646730
vn 0.8246544 -0.5565560 0.1009477
vn 0.8351440 -0.5381391 0.1137576
vn 0.7228030 -0.6854532 0.0878054
vn 0.8246544 -0.5565560 0.1009477
vn 0.7228030 -0.6854532 0.0878054
vn 0.6944569 -0.7152366 0.0785254
vn -0.5659767 0.8241399 -0.0215349
vn -0.5825906 0.8120335 -0.0344930
vn -0.7734374 0.6246575 -0.1076919
vn -0.5659767 0.8241399 -0.0215349
vn -0.7734374 0.6246575 -0.1076919
vn -0.7588690 0.6450168 -0.0898396
vn 0.6944569 -0.7152366 0.0785254
vn 0.7228030 -0.6854532 0.0878054
vn 0.6618373 -0.7480636 0.0487049
vn 0.6944569 -0.7152366 0.0785254
vn 0.6618373 -0.7480636 0.0487049
vn 0.6165366 -0.7862592 0.0409773
vn -0.3851650 0.9224230 0.0279968
vn -0.3987907 0.9168004 0.0210489
vn -0.5825906 0.8120335 -0.0344930
vn -0.3851650 0.9224230 0.0279968
vn -0.5825906 0.8120335 -0.0344930
vn -0.5659767 0.8241399 -0.0215349
vn 0.6165366 -0.7862592 0.0409773
vn 0.6618373 -0.7480636 0.0487049
vn 0.6395838 -0.7687180 0.0023017
vn 0.6165366 -0.7862592 0.0409773
vn 0.6395838 -0.7687180 0.0023017
vn 0.5889626 -0.8081316 -0.0068077
vn -0.2386868 0.9693340 0.0584835
vn -0.2475751 0.9672003 0.0568351
vn -0.3987907 0.9168004 0.0210489
vn -0.2386868 0.9693340 0.0584835
vn -0.3987907 0.9168004 0.0210489
vn -0.3851650 0.9224230 0.0279968
vn 0.5889626 -0.8081316 -0.0068077
vn 0.6395838 -0.7687180 0.0023017
vn 0.6035253 -0.7963468 -0.0398616
vn 0.5889626 -0.8081316 -0.0068077
vn 0.6035253 -0.7963468 -0.0398616
vn 0.5613509 -0.8259687 -0.0515841
vn -0.1279667 0.9890854 0.0730377
vn -0.1317279 0.9884057 0.0755115
vn -0.2475751 0.9672003 0.0568351
vn -0.1279667 0.9890854 0.0730377
vn -0.2475751 0.9672003 0.0568351
vn -0.2386868 0.9693340 0.0584835
vn 0.5613509 -0.8259687 -0.0515841
vn 0.6035253 -0.7963468 -0.0398616
vn 0.4932982 -0.8669079 -0.0716070
vn 0.5613509 -0.8259687 -0.0515841
vn 0.4932982 -0.8669079 -0.0716070
vn 0.4677908 -0.8797860 -0.0845474
vn -0.0503227 0.9959946 0.0739074
vn -0.0487563 0.9956544 0.0793418
vn -0.1317279 0.9884057 0.0755115
vn -0.0503227 0.9959946 0.0739074
vn -0.1317279 0.9884057 0.0755115
vn -0.1279667 0.9890854 0.0730377
vn 0.4677908 -0.8797860 -0.0845474
vn 0.4932982 -0.8669079 -0.0716070
vn 0.2629384 -0.9602870 -0.0933397
vn 0.4677908 -0.8797860 -0.0845474
vn 0.2629384 -0.9602870 -0.0933397
vn 0.2619961 -0.9594415 -0.1040671
vn -0.0037454 0.9980569 0.0621967
vn 0.0032151 0.9975765 0.0695042
vn -0.0487563 0.9956544 0.0793418
vn -0.0037454 0.9980569 0.0621967
vn -0.0487563 0.9956544 0.0793418
vn -0.0503227 0.9959946 0.0739074
vn 0.2619961 -0.9594415 -0.1040671
vn 0.2629384 -0.9602870 -0.0933397
vn -0.0604686 -0.9931976 -0.0995094
vn 0.2619961 -0.9594415 -0.1040671
vn -0.0604686 -0.9931976 -0.0995094
vn -0.0283385 -0.9942183 -0.1035709
vn 0.0150308 0.9991262 0.0390000
vn 0.0267538 0.9985323 0.0470902
vn 0.0032151 0.9975765 0.0695042
vn 0.0150308 0.9991262 0.0390000
vn 0.0032151 0.9975765 0.0695042
vn -0.0037454 0.9980569 0.0621967
vn -0.0283385 -0.9942183 -0.1035709
vn -0.0604686 -0.9931976 -0.0995094
vn -0.3512767 -0.9325354 -0.0835604
vn -0.0283385 -0.9942183 -0.1035709
vn -0.3512767 -0.9325354 -0.0835604
vn -0.2908108 -0.9536144 -0.0777725
vn 0.0146550 0.9998675 0.0070797
vn 0.0292001 0.9994643 0.0147809
vn 0.0267538 0.9985323 0.0470902
vn 0.0146550 0.9998675 0.0070797
vn 0.0267538 0.9985323 0.0470902
vn 0.0150308 0.9991262 0.0390000
vn -0.2908108 -0.9536144 -0.0777725
vn -0.3512767 -0.9325354 -0.0835604
vn -0.5180903 -0.8538210 -0.0507170
vn -0.2908108 -0.9536144 -0.0777725
vn -0.5180903 -0.8538210 -0.0507170
vn -0.4439409 -0.8954186 -0.0337946
vn 0.0106186 0.9995462 -0.0281903
vn 0.0249356 0.9994464 -0.0220229
vn 0.0292001 0.9994643 0.0147809
vn 0.0106186 0.9995462 -0.0281903
vn 0.0292001 0.9994643 0.0147809
vn 0.0146550 0.9998675 0.0070797
vn -0.4439409 -0.8954186 -0.0337946
vn -0.5180903 -0.8538210 -0.0507170
vn -0.5557725 -0.8312722 -0.0101739
vn -0.4439409 -0.8954186 -0.0337946
vn -0.5557725 -0.8312722 -0.0101739
vn -0.4798695 -0.8771818 0.0166572
vn 0.0206523 0.9979793 -0.0600906
vn 0.0317607 0.9979088 -0.0562966
vn 0.0249356 0.9994464 -0.0220229
vn 0.0206523 0.9979793 -0.0600906
vn 0.0249356 0.9994464 -0.0220229
vn 0.0106186 0.9995462 -0.0281903
vn -0.4798695 -0.8771818 0.0166572
vn -0.5557725 -0.8312722 -0.0101739
vn -0.4776466 -0.8780320 0.0302256
vn -0.4798695 -0.8771818 0.0166572
vn -0.4776466 -0.8780320 0.0302256
vn -0.4147512 -0.9078642 0.0613522
vn 0.0580995 0.9948645 -0.0828797
vn 0.0640914 0.9945754 -0.0819277
vn 0.0317607 0.9979088 -0.0562966
vn 0.0580995 0.9948645 -0.0828797
vn 0.0317607 0.9979088 -0.0562966
vn 0.0206523 0.9979793 -0.0600906
vn -0.4147512 -0.9078642 0.0613522
vn -0.4776466 -0.8780320 0.0302256
vn -0.3300346 -0.9420288 0.0604887
vn -0.4147512 -0.9078642 0.0613522
vn -0.3300346 -0.9420288 0.0604887
vn -0.2992045 -0.9502073 0.0870791
vn 0.1303374 0.9871505 -0.0924444
vn 0.1303238 0.9869366 -0.0947194
vn 0.0640914 0.9945754 -0.0819277
vn 0.1303374 0.9871505 -0.0924444
vn 0.0640914 0.9945754 -0.0819277
vn 0.0580995 0.9948645 -0.0828797
vn -0.2992045 -0.9502073 0.0870791
vn -0.3300346 -0.9420288 0.0604887
vn -0.2281217 -0.9708908 0.0730174
vn -0.2992045 -0.9502073 0.0870791
vn -0.2281217 -0.9708908 0.0730174
vn -0.2334455 -0.9683805 0.0879906
vn 0.2423190 0.9664622 -0.0850429
vn 0.2358427 0.9675053 -0.0911685
vn 0.1303238 0.9869366 -0.0947194
vn 0.2423190 0.9664622 -0.0850429
vn 0.1303238 0.9869366 -0.0947194
vn 0.1303374 0.9871505 -0.0924444
vn -0.2334455 -0.9683805 0.0879906
vn -0.2281217 -0.9708908 0.0730174
vn -0.2667061 -0.9613546 0.0683026
vn -0.2334455 -0.9683805 0.0879906
vn -0.2667061 -0.9613546 0.0683026
vn -0.2977941 -0.9522335 0.0676021
vn 0.3991794 0.9151713 -0.0558330
vn 0.3861445 0.9200233 -0.0667057
vn 0.2358427 0.9675053 -0.0911685
vn 0.3991794 0.9151713 -0.0558330
vn 0.2358427 0.9675053 -0.0911685
vn 0.2423190 0.9664622 -0.0850429
vn -0.2977941 -0.9522335 0.0676021
vn -0.2667061 -0.9613546 0.0683026
vn -0.4554007 -0.8890544 0.0468236
vn -0.2977941 -0.9522335 0.0676021
vn -0.4554007 -0.8890544 0.0468236
vn -0.4989344 -0.8661550 0.0289811
vn 0.5990908 0.8006808 0.0006160
vn 0.5813876 0.8134796 -0.0154711
vn 0.3861445 0.9200233 -0.0667057
vn 0.5990908 0.8006808 0.0006160
vn 0.3861445 0.9200233 -0.0667057
vn 0.3991794 0.9151713 -0.0558330
vn -0.4989344 -0.8661550 0.0289811
vn -0.4554007 -0.8890544 0.0468236
vn -0.7195440 -0.6943545 0.0113258
vn -0.4989344 -0.8661550 0.0289811
vn -0.7195440 -0.6943545 0.0113258
vn -0.7545593 -0.6559415 -0.0195210
vn 0.8070460 0.5846646 0.0827289
vn 0.7915261 0.6078291 0.0634842
vn 0.5813876 0.8134796 -0.0154711
vn 0.8070460 0.5846646 0.0827289
vn 0.5813876 0.8134796 -0.0154711
vn 0.5990908 0.8006808 0.0006160
vn -0.7545593 -0.6559415 -0.0195210
vn -0.7195440 -0.6943545 0.0113258
vn -0.9223043 -0.3857075 -0.0241776
vn -0.7545593 -0.6559415 -0.0195210
vn -0.9223043 -0.3857075 -0.0241776
vn -0.9357652 -0.3477631 -0.0583462
vn 0.9448219 0.2807271 0.1688307
vn 0.9392425 0.3077601 0.1520108
vn 0.7915261 0.6078291 0.0634842
vn 0.9448219 0.2807271 0.1688307
vn 0.7915261 0.6078291 0.0634842
vn 0.8070460 0.5846646 0.0827289
vn -0.9357652 -0.3477631 -0.0583462
vn -0.9223043 -0.3857075 -0.0241776
vn -0.9964478 -0.0691199 -0.0481070
vn -0.9357652 -0.3477631 -0.0583462
vn -0.9964478 -0.0691199 -0.0481070
vn -0.9961087 -0.0419500 -0.0775088
vn 0.9732420 -0.0083287 0.2296315
vn 0.9754957 0.0114949 0.2197178
vn 0.9392425 0.3077601 0.1520108
vn 0.9732420 -0.0083287 0.2296315
vn 0.9392425 0.3077601 0.1520108
vn 0.9448219 0.2807271 0.1688307
vn -0.9961087 -0.0419500 -0.0775088
vn -0.9964478 -0.0691199 -0.0481070
vn -0.9819817 0.1772913 -0.0654199
vn -0.9961087 -0.0419500 -0.0775088
vn -0.9819817 0.1772913 -0.0654199
vn -0.9761037 0.1996797 -0.0857294
vn 0.9523981 -0.1569349 0.2613605
vn 0.9545497 -0.1480898 0.2586585
vn 0.9754957 0.0114949 0.2197178
vn 0.9523981 -0.1569349 0.2613605
vn 0.9754957 0.0114949 0.2197178
vn 0.9732420 -0.0083287 0.2296315
vn -0.9761037 0.1996797 -0.0857294
vn -0.9819817 0.1772913 -0.0654199
vn -0.9857887 0.1455515 -0.0838775
vn -0.9761037 0.1996797 -0.0857294
vn -0.9857887 0.1455515 -0.0838775
vn -0.9832990 0.1546668 -0.0959236
vn 0.9560021 -0.0922678 0.2784721
vn 0.9553322 -0.0902643 0.2814120
vn 0.9545497 -0.1480898 0.2586585
vn 0.9560021 -0.0922678 0.2784721
vn 0.9545497 -0.1480898 0.2586585
vn 0.9523981 -0.1569349 0.2613605
vn -0.9832990 0.1546668 -0.0959236
vn -0.9857887 0.1455515 -0.0838775
vn -0.9959254 0.0000000 -0.0901807
vn -0.9832990 0.1546668 -0.0959236
vn -0.9959254 0.0000000 -0.0901807
vn -0.9949876 0.0000000 -0.0999982
vn 0.9590128 0.0000000 0.2833628
vn 0.9579859 0.0000000 0.2868154
vn 0.9553322 -0.0902643 0.2814120
vn 0.9590128 0.0000000 0.2833628
vn 0.9553322 -0.0902643 0.2814120
vn 0.9560021 -0.0922678 0.2784721
vn 0.0000000 -1.0000000 0.0000000
vn 0.0000000 -1.0000000 0.0000000
vn 0.0000000 -1.0000000 0.0000000
vn 0.0000000 -1.0000000 0.0000000
vn 0.0000000 -1.0000000 0.0000000
vn 0.0000000 -1.0000000 0.0000000
vn 0.0000000 -1.0000000 0.0000000
vn 0.0000000 -1.0000000 0.0000000
vn 0.0000000 -1.0000000 0.0000000
vn 0.0000000 -1.0000000 0.0000000
vn 0.0000000 -1.0000000 0.0000000
vn 0.0000000 -1.0000000 0.0000000
vn 0.9976410 0.0000000 0.0686466
vn 0.9982351 0.0000000 0.0593858
vn 0.9890085 0.1320160 0.0665881
vn 0.9976410 0.0000000 0.0686466
vn 0.9890085 0.1320160 0.0665881
vn 0.9846348 0.1584360 0.0734323
vn -0.9574236 -0.0535079 -0.2836845
vn -0.9569787 -0.0545107 -0.2849919
vn -0.9579421 0.0000000 -0.2869616
vn -0.9574236 -0.0535079 -0.2836845
vn -0.9579421 0.0000000 -0.2869616
vn -0.9582008 0.0000000 -0.2860964
vn 0.9846348 0.1584360 0.0734323
vn 0.9890085 0.1320160 0.0665881
vn 0.9779760 0.1868799 0.0929459
vn 0.9846348 0.1584360 0.0734323
vn 0.9779760 0.1868799 0.0929459
vn 0.9688516 0.2298246 0.0922349
vn -0.9605371 -0.0641857 -0.2706451
vn -0.9582033 -0.0708785 -0.2771690
vn -0.9569787 -0.0545107 -0.2849919
vn -0.9605371 -0.0641857 -0.2706451
vn -0.9569787 -0.0545107 -0.2849919
vn -0.9574236 -0.0535079 -0.2836845
vn 0.9688516 0.2298246 0.0922349
vn 0.9779760 0.1868799 0.0929459
vn 0.9919524 -0.0350448 0.1216651
vn 0.9688516 0.2298246 0.0922349
vn 0.9919524 -0.0350448 0.1216651
vn 0.9933459 -0.0067916 0.1149689
vn -0.9659557 0.0962621 -0.2401316
vn -0.9643674 0.0793903 -0.2523741
vn -0.9582033 -0.0708785 -0.2771690
vn -0.9659557 0.0962621 -0.2401316
vn -0.9582033 -0.0708785 -0.2771690
vn -0.9605371 -0.0641857 -0.2706451
vn 0.9933459 -0.0067916 0.1149689
vn 0.9919524 -0.0350448 0.1216651
vn 0.9461960 -0.2948798 0.1332628
vn 0.9933459 -0.0067916 0.1149689
vn 0.9461960 -0.2948798 0.1332628
vn 0.9482210 -0.2924907 0.1237986
vn -0.9142590 0.3612058 -0.1834688
vn -0.9196523 0.3379245 -0.2001166
vn -0.9643674 0.0793903 -0.2523741
vn -0.9142590 0.3612058 -0.1834688
vn -0.9643674 0.0793903 -0.2523741
vn -0.9659557 0.0962621 -0.2401316
vn 0.9482210 -0.2924907 0.1237986
vn 0.9461960 -0.2948798 0.1332628
vn 0.8467940 -0.5176312 0.1224656
vn 0.9482210 -0.2924907 0.1237986
vn 0.8467940 -0.5176312 0.1224656
vn 0.8351440 -0.5381391 0.1137576
vn -0.7734374 0.6246575 -0.1076919
vn -0.7872124 0.6039012 -0.1248994
vn -0.9196523 0.3379245 -0.2001166
vn -0.7734374 0.6246575 -0.1076919
vn -0.9196523 0.3379245 -0.2001166
vn -0.9142590 0.3612058 -0.1834688
vn 0.8351440 -0.5381391 0.1137576
vn 0.8467940 -0.5176312 0.1224656
vn 0.7537327 -0.6503998 0.0941651
vn 0.8351440 -0.5381391 0.1137576
vn 0.7537327 -0.6503998 0.0941651
vn 0.7228030 -0.6854532 0.0878054
vn -0.5825906 0.8120335 -0.0344930
vn -0.5992687 0.7991076 -0.0480001
vn -0.7872124 0.6039012 -0.1248994
vn -0.5825906 0.8120335 -0.0344930
vn -0.7872124 0.6039012 -0.1248994
vn -0.7734374 0.6246575 -0.1076919
vn 0.7228030 -0.6854532 0.0878054
vn 0.7537327 -0.6503998 0.0941651
vn 0.7067454 -0.7053877 0.0542144
vn 0.7228030 -0.6854532 0.0878054
vn 0.7067454 -0.7053877 0.0542144
vn 0.6618373 -0.7480636 0.0487049
vn -0.3987907 0.9168004 0.0210489
vn -0.4130716 0.9106055 0.0130212
vn -0.5992687 0.7991076 -0.0480001
vn -0.3987907 0.9168004 0.0210489
vn -0.5992687 0.7991076 -0.0480001
vn -0.5825906 0.8120335 -0.0344930
vn 0.6618373 -0.7480636 0.0487049
vn 0.7067454 -0.7053877 0.0542144
vn 0.6857086 -0.7278073 0.0100152
vn 0.6618373 -0.7480636 0.0487049
vn 0.6857086 -0.7278073 0.0100152
vn 0.6395838 -0.7687180 0.0023017
vn -0.2475751 0.9672003 0.0568351
vn -0.2573518 0.9648063 0.0540269
vn -0.4130716 0.9106055 0.0130212
vn -0.2475751 0.9672003 0.0568351
vn -0.4130716 0.9106055 0.0130212
vn -0.3987907 0.9168004 0.0210489
vn 0.6395838 -0.7687180 0.0023017
vn 0.6857086 -0.7278073 0.0100152
vn 0.6402527 -0.7676517 -0.0280598
vn 0.6395838 -0.7687180 0.0023017
vn 0.6402527 -0.7676517 -0.0280598
vn 0.6035253 -0.7963468 -0.0398616
vn -0.1317279 0.9884057 0.0755115
vn -0.1364615 0.9876502 0.0769760
vn -0.2573518 0.9648063 0.0540269
vn -0.1317279 0.9884057 0.0755115
vn -0.2573518 0.9648063 0.0540269
vn -0.2475751 0.9672003 0.0568351
vn 0.6035253 -0.7963468 -0.0398616
vn 0.6402527 -0.7676517 -0.0280598
vn 0.5167232 -0.8543063 -0.0561950
vn 0.6035253 -0.7963468 -0.0398616
vn 0.5167232 -0.8543063 -0.0561950
vn 0.4932982 -0.8669079 -0.0716070
vn -0.0487563 0.9956544 0.0793418
vn -0.0481930 0.9952963 0.0840394
vn -0.1364615 0.9876502 0.0769760
vn -0.0487563 0.9956544 0.0793418
vn -0.1364615 0.9876502 0.0769760
vn -0.1317279 0.9884057 0.0755115
vn 0.4932982 -0.8669079 -0.0716070
vn 0.5167232 -0.8543063 -0.0561950
vn 0.2702437 -0.9596896 -0.0772287
vn 0.4932982 -0.8669079 -0.0716070
vn 0.2702437 -0.9596896 -0.0772287
vn 0.2629384 -0.9602870 -0.0933397
vn 0.0032151 0.9975765 0.0695042
vn 0.0092219 0.9970330 0.0764204
vn -0.0481930 0.9952963 0.0840394
vn 0.0032151 0.9975765 0.0695042
vn -0.0481930 0.9952963 0.0840394
vn -0.0487563 0.9956544 0.0793418
vn 0.2629384 -0.9602870 -0.0933397
vn 0.2702437 -0.9596896 -0.0772287
vn -0.0750410 -0.9932618 -0.0883163
vn 0.2629384 -0.9602870 -0.0933397
vn -0.0750410 -0.9932618 -0.0883163
vn -0.0604686 -0.9931976 -0.0995094
vn 0.0267538 0.9985323 0.0470902
vn 0.0377476 0.9977627 0.0551795
vn 0.0092219 0.9970330 0.0764204
vn 0.0267538 0.9985323 0.0470902
vn 0.0092219 0.9970330 0.0764204
vn 0.0032151 0.9975765 0.0695042
vn -0.0604686 -0.9931976 -0.0995094
vn -0.0750410 -0.9932618 -0.0883163
vn -0.3871397 -0.9183308 -0.0824102
vn -0.0604686 -0.9931976 -0.0995094
vn -0.3871397 -0.9183308 -0.0824102
vn -0.3512767 -0.9325354 -0.0835604
vn 0.0292001 0.9994643 0.0147809
vn 0.0434645 0.9987931 0.0228731
vn 0.0377476 0.9977627 0.0551795
vn 0.0292001 0.9994643 0.0147809
vn 0.0377476 0.9977627 0.0551795
vn 0.0267538 0.9985323 0.0470902
vn -0.3512767 -0.9325354 -0.0835604
vn -0.3871397 -0.9183308 -0.0824102
vn -0.5665447 -0.8217160 -0.0617235
vn -0.3512767 -0.9325354 -0.0835604
vn -0.5665447 -0.8217160 -0.0617235
vn -0.5180903 -0.8538210 -0.0507170
vn 0.0249356 0.9994464 -0.0220229
vn 0.0395210 0.9991038 -0.0151537
vn 0.0434645 0.9987931 0.0228731
vn 0.0249356 0.9994464 -0.0220229
vn 0.0434645 0.9987931 0.0228731
vn 0.0292001 0.9994643 0.0147809
vn -0.5180903 -0.8538210 -0.0507170
vn -0.5665447 -0.8217160 -0.0617235
vn -0.6108269 -0.7910701 -0.0331439
vn -0.5180903 -0.8538210 -0.0507170
vn -0.6108269 -0.7910701 -0.0331439
vn -0.5557725 -0.8312722 -0.0101739
vn 0.0317607 0.9979088 -0.0562966
vn 0.0435726 0.9977147 -0.0516405
vn 0.0395210 0.9991038 -0.0151537
vn 0.0317607 0.9979088 -0.0562966
vn 0.0395210 0.9991038 -0.0151537
vn 0.0249356 0.9994464 -0.0220229
vn -0.5557725 -0.8312722 -0.0101739
vn -0.6108269 -0.7910701 -0.0331439
vn -0.5334020 -0.8458612 -0.0010837
vn -0.5557725 -0.8312722 -0.0101739
vn -0.5334020 -0.8458612 -0.0010837
vn -0.4776466 -0.8780320 0.0302256
vn 0.0640914 0.9945754 -0.0819277
vn 0.0710234 0.9942539 -0.0800933
vn 0.0435726 0.9977147 -0.0516405
vn 0.0640914 0.9945754 -0.0819277
vn 0.0435726 0.9977147 -0.0516405
vn 0.0317607 0.9979088 -0.0562966
vn -0.4776466 -0.8780320 0.0302256
vn -0.5334020 -0.8458612 -0.0010837
vn -0.3726437 -0.9275032 0.0295722
vn -0.4776466 -0.8780320 0.0302256
vn -0.3726437 -0.9275032 0.0295722
vn -0.3300346 -0.9420288 0.0604887
vn 0.1303238 0.9869366 -0.0947194
vn 0.1313615 0.9866583 -0.0961748
vn 0.0710234 0.9942539 -0.0800933
vn 0.1303238 0.9869366 -0.0947194
vn 0.0710234 0.9942539 -0.0800933
vn 0.0640914 0.9945754 -0.0819277
vn -0.3300346 -0.9420288 0.0604887
vn -0.3726437 -0.9275032 0.0295722
vn -0.2472619 -0.9675669 0.0517289
vn -0.3300346 -0.9420288 0.0604887
vn -0.2472619 -0.9675669 0.0517289
vn -0.2281217 -0.9708908 0.0730174
vn 0.2358427 0.9675053 -0.0911685
vn 0.2304749 0.9682724 -0.0965916
vn 0.1313615 0.9866583 -0.0961748
vn 0.2358427 0.9675053 -0.0911685
vn 0.1313615 0.9866583 -0.0961748
vn 0.1303238 0.9869366 -0.0947194
vn -0.2281217 -0.9708908 0.0730174
vn -0.2472619 -0.9675669 0.0517289
vn -0.2635261 -0.9626609 0.0619521
vn -0.2281217 -0.9708908 0.0730174
vn -0.2635261 -0.9626609 0.0619521
vn -0.2667061 -0.9613546 0.0683026
vn 0.3861445 0.9200233 -0.0667057
vn 0.3741351 0.9241633 -0.0771048
vn 0.2304749 0.9682724 -0.0965916
vn 0.3861445 0.9200233 -0.0667057
vn 0.2304749 0.9682724 -0.0965916
vn 0.2358427 0.9675053 -0.0911685
vn -0.2667061 -0.9613546 0.0683026
vn -0.2635261 -0.9626609 0.0619521
vn -0.4344273 -0.8988423 0.0579262
vn -0.2667061 -0.9613546 0.0683026
vn -0.4344273 -0.8988423 0.0579262
vn -0.4554007 -0.8890544 0.0468236
vn 0.5813876 0.8134796 -0.0154711
vn 0.5641387 0.8250726 -0.0316657
vn 0.3741351 0.9241633 -0.0771048
vn 0.5813876 0.8134796 -0.0154711
vn 0.3741351 0.9241633 -0.0771048
vn 0.3861445 0.9200233 -0.0667057
vn -0.4554007 -0.8890544 0.0468236
vn -0.4344273 -0.8988423 0.0579262
vn -0.6940730 -0.7189035 0.0379542
vn -0.4554007 -0.8890544 0.0468236
vn -0.6940730 -0.7189035 0.0379542
vn -0.7195440 -0.6943545 0.0113258
vn 0.7915261 0.6078291 0.0634842
vn 0.7753248 0.6301072 0.0428528
vn 0.5641387 0.8250726 -0.0316657
vn 0.7915261 0.6078291 0.0634842
vn 0.5641387 0.8250726 -0.0316657
vn 0.5813876 0.8134796 -0.0154711
vn -0.7195440 -0.6943545 0.0113258
vn -0.6940730 -0.7189035 0.0379542
vn -0.9083554 -0.4180989 0.0091573
vn -0.7195440 -0.6943545 0.0113258
vn -0.9083554 -0.4180989 0.0091573
vn -0.9223043 -0.3857075 -0.0241776
vn 0.9392425 0.3077601 0.1520108
vn 0.9327098 0.3354997 0.1322585
vn 0.7753248 0.6301072 0.0428528
vn 0.9392425 0.3077601 0.1520108
vn 0.7753248 0.6301072 0.0428528
vn 0.7915261 0.6078291 0.0634842
vn -0.9223043 -0.3857075 -0.0241776
vn -0.9083554 -0.4180989 0.0091573
vn -0.9948066 -0.1002376 -0.0176682
vn -0.9223043 -0.3857075 -0.0241776
vn -0.9948066 -0.1002376 -0.0176682
vn -0.9964478 -0.0691199 -0.0481070
vn 0.9754957 0.0114949 0.2197178
vn 0.9779619 0.0331298 0.2061383
vn 0.9327098 0.3354997 0.1322585
vn 0.9754957 0.0114949 0.2197178
vn 0.9327098 0.3354997 0.1322585
vn 0.9392425 0.3077601 0.1520108
vn -0.9964478 -0.0691199 -0.0481070
vn -0.9948066 -0.1002376 -0.0176682
vn -0.9885609 0.1445548 -0.0430265
vn -0.9964478 -0.0691199 -0.0481070
vn -0.9885609 0.1445548 -0.0430265
vn -0.9819817 0.1772913 -0.0654199
vn 0.9545497 -0.1480898 0.2586585
vn 0.9578146 -0.1377536 0.2522203
vn 0.9779619 0.0331298 0.2061383
vn 0.9545497 -0.1480898 0.2586585
vn 0.9779619 0.0331298 0.2061383
vn 0.9754957 0.0114949 0.2197178
vn -0.9819817 0.1772913 -0.0654199
vn -0.9885609 0.1445548 -0.0430265
vn -0.9891590 0.1298370 -0.0686069
vn -0.9819817 0.1772913 -0.0654199
vn -0.9891590 0.1298370 -0.0686069
vn -0.9857887 0.1455515 -0.0838775
vn 0.9553322 -0.0902643 0.2814120
vn 0.9558336 -0.0877167 0.2805137
vn 0.9578146 -0.1377536 0.2522203
vn 0.9553322 -0.0902643 0.2814120
vn 0.9578146 -0.1377536 0.2522203
vn 0.9545497 -0.1480898 0.2586585
vn -0.9857887 0.1455515 -0.0838775
vn -0.9891590 0.1298370 -0.0686069
vn -0.9970523 0.0000000 -0.0767254
vn -0.9857887 0.1455515 -0.0838775
vn -0.9970523 0.0000000 -0.0767254
vn -0.9959254 0.0000000 -0.0901807
vn 0.9579859 0.0000000 0.2868154
vn 0.9581135 0.0000000 0.2863889
vn 0.9558336 -0.0877167 0.2805137
vn 0.9579859 0.0000000 0.2868154
vn 0.9558336 -0.0877167 0.2805137
vn 0.9553322 -0.0902643 0.2814120
vn 0.0000000 -1.0000000 0.0000000
vn 0.0000000 -1.0000000 0.0000000
vn 0.0000000 -1.0000000 0.0000000
vn 0.0000000 -1.0000000 0.0000000
vn 0.0000000 -1.0000000 0.0000000
vn 0.0000000 -1.0000000 0.0000000
vn 0.0000000 -1.0000000 0.0000000
vn 0.0000000 -1.0000000 0.0000000
vn 0.0000000 -1.0000000 0.0000000
vn 0.0000000 -1.0000000 0.0000000
vn 0.0000000 -1.0000000 0.0000000
vn 0.0000000 -1.0000000 0.0000000
vn 0.9982351 0.0000000 0.0593858
vn 0.9989199 0.0000000 0.0464654
vn 0.9936214 0.0980138 0.0557658
vn 0.9982351 0.0000000 0.0593858
vn 0.9936214 0.0980138 0.0557658
vn 0.9890085 0.1320160 0.0665881
vn -0.9569787 -0.0545107 -0.2849919
vn -0.9576927 -0.0548595 -0.2825155
vn -0.9588309 0.0000000 -0.2839778
vn -0.9569787 -0.0545107 -0.2849919
vn -0.9588309 0.0000000 -0.2839778
vn -0.9579421 0.0000000 -0.2869616
vn 0.9890085 0.1320160 0.0665881
vn 0.9936214 0.0980138 0.0557658
vn 0.9876953 0.1286767 0.0888841
vn 0.9890085 0.1320160 0.0665881
vn 0.9876953 0.1286767 0.0888841
vn 0.9779760 0.1868799 0.0929459
vn -0.9582033 -0.0708785 -0.2771690
vn -0.9569685 -0.0758574 -0.2801016
vn -0.9576927 -0.0548595 -0.2825155
vn -0.9582033 -0.0708785 -0.2771690
vn -0.9576927 -0.0548595 -0.2825155
vn -0.9569787 -0.0545107 -0.2849919
vn 0.9779760 0.1868799 0.0929459
vn 0.9876953 0.1286767 0.0888841
vn 0.9895526 -0.0756262 0.1227448
vn 0.9779760 0.1868799 0.0929459
vn 0.9895526 -0.0756262 0.1227448
vn 0.9919524 -0.0350448 0.1216651
vn -0.9643674 0.0793903 -0.2523741
vn -0.9630980 0.0645940 -0.2612851
vn -0.9569685 -0.0758574 -0.2801016
vn -0.9643674 0.0793903 -0.2523741
vn -0.9569685 -0.0758574 -0.2801016
vn -0.9582033 -0.0708785 -0.2771690
vn 0.9919524 -0.0350448 0.1216651
vn 0.9895526 -0.0756262 0.1227448
vn 0.9431166 -0.3028611 0.1371357
vn 0.9919524 -0.0350448 0.1216651
vn 0.9431166 -0.3028611 0.1371357
vn 0.9461960 -0.2948798 0.1332628
vn -0.9196523 0.3379245 -0.2001166
vn -0.9243003 0.3158950 -0.2141943
vn -0.9630980 0.0645940 -0.2612851
vn -0.9196523 0.3379245 -0.2001166
vn -0.9630980 0.0645940 -0.2612851
vn -0.9643674 0.0793903 -0.2523741
vn 0.9461960 -0.2948798 0.1332628
vn 0.9431166 -0.3028611 0.1371357
vn 0.8594920 -0.4951621 0.1268387
vn 0.9461960 -0.2948798 0.1332628
vn 0.8594920 -0.4951621 0.1268387
vn 0.8467940 -0.5176312 0.1224656
vn -0.7872124 0.6039012 -0.1248994
vn -0.8001298 0.5830352 -0.1409334
vn -0.9243003 0.3158950 -0.2141943
vn -0.7872124 0.6039012 -0.1248994
vn -0.9243003 0.3158950 -0.2141943
vn -0.9196523 0.3379245 -0.2001166
vn 0.8467940 -0.5176312 0.1224656
vn 0.8594920 -0.4951621 0.1268387
vn 0.7864137 -0.6099469 0.0975619
vn 0.8467940 -0.5176312 0.1224656
vn 0.7864137 -0.6099469 0.0975619
vn 0.7537327 -0.6503998 0.0941651
vn -0.5992687 0.7991076 -0.0480001
vn -0.6158488 0.7854487 -0.0616487
vn -0.8001298 0.5830352 -0.1409334
vn -0.5992687 0.7991076 -0.0480001
vn -0.8001298 0.5830352 -0.1409334
vn -0.7872124 0.6039012 -0.1248994
vn 0.7537327 -0.6503998 0.0941651
vn 0.7864137 -0.6099469 0.0975619
vn 0.7501300 -0.6587790 0.0575789
vn 0.7537327 -0.6503998 0.0941651
vn 0.7501300 -0.6587790 0.0575789
vn 0.7067454 -0.7053877 0.0542144
vn -0.4130716 0.9106055 0.0130212
vn -0.4278976 0.9038178 0.0041303
vn -0.6158488 0.7854487 -0.0616487
vn -0.4130716 0.9106055 0.0130212
vn -0.6158488 0.7854487 -0.0616487
vn -0.5992687 0.7991076 -0.0480001
vn 0.7067454 -0.7053877 0.0542144
vn 0.7501300 -0.6587790 0.0575789
vn 0.7264931 -0.6869821 0.0162312
vn 0.7067454 -0.7053877 0.0542144
vn 0.7264931 -0.6869821 0.0162312
vn 0.6857086 -0.7278073 0.0100152
vn -0.2573518 0.9648063 0.0540269
vn -0.2679645 0.9621240 0.0501236
vn -0.4278976 0.9038178 0.0041303
vn -0.2573518 0.9648063 0.0540269
vn -0.4278976 0.9038178 0.0041303
vn -0.4130716 0.9106055 0.0130212
vn 0.6857086 -0.7278073 0.0100152
vn 0.7264931 -0.6869821 0.0162312
vn 0.6706194 -0.7416114 -0.0167945
vn 0.6857086 -0.7278073 0.0100152
vn 0.6706194 -0.7416114 -0.0167945
vn 0.6402527 -0.7676517 -0.0280598
vn -0.1364615 0.9876502 0.0769760
vn -0.1421442 0.9868157 0.0773941
vn -0.2679645 0.9621240 0.0501236
vn -0.1364615 0.9876502 0.0769760
vn -0.2679645 0.9621240 0.0501236
vn -0.2573518 0.9648063 0.0540269
vn 0.6402527 -0.7676517 -0.0280598
vn 0.6706194 -0.7416114 -0.0167945
vn 0.5360761 -0.8432429 -0.0395444
vn 0.6402527 -0.7676517 -0.0280598
vn 0.5360761 -0.8432429 -0.0395444
vn 0.5167232 -0.8543063 -0.0561950
vn -0.0481930 0.9952963 0.0840394
vn -0.0486240 0.9949421 0.0878972
vn -0.1421442 0.9868157 0.0773941
vn -0.0481930 0.9952963 0.0840394
vn -0.1421442 0.9868157 0.0773941
vn -0.1364615 0.9876502 0.0769760
vn 0.5167232 -0.8543063 -0.0561950
vn 0.5360761 -0.8432429 -0.0395444
vn 0.2807093 -0.9580817 -0.0572867
vn 0.5167232 -0.8543063 -0.0561950
vn 0.2807093 -0.9580817 -0.0572867
vn 0.2702437 -0.9596896 -0.0772287
vn 0.0092219 0.9970330 0.0764204
vn 0.0142658 0.9964640 0.0828013
vn -0.0486240 0.9949421 0.0878972
vn 0.0092219 0.9970330 0.0764204
vn -0.0486240 0.9949421 0.0878972
vn -0.0481930 0.9952963 0.0840394
vn 0.2702437 -0.9596896 -0.0772287
vn 0.2807093 -0.9580817 -0.0572867
vn -0.0751943 -0.9946243 -0.0711927
vn 0.2702437 -0.9596896 -0.0772287
vn -0.0751943 -0.9946243 -0.0711927
vn -0.0750410 -0.9932618 -0.0883163
vn 0.0377476 0.9977627 0.0551795
vn 0.0479744 0.9968533 0.0631028
vn 0.0142658 0.9964640 0.0828013
vn 0.0377476 0.9977627 0.0551795
vn 0.0142658 0.9964640 0.0828013
vn 0.0092219 0.9970330 0.0764204
vn -0.0750410 -0.9932618 -0.0883163
vn -0.0751943 -0.9946243 -0.0711927
vn -0.4013670 -0.9128411 -0.0750050
vn -0.0750410 -0.9932618 -0.0883163
vn -0.4013670 -0.9128411 -0.0750050
vn -0.3871397 -0.9183308 -0.0824102
vn 0.0434645 0.9987931 0.0228731
vn 0.0573863 0.9978647 0.0311906
vn 0.0479744 0.9968533 0.0631028
vn 0.0434645 0.9987931 0.0228731
vn 0.0479744 0.9968533 0.0631028
vn 0.0377476 0.9977627 0.0551795
vn -0.3871397 -0.9183308 -0.0824102
vn -0.4013670 -0.9128411 -0.0750050
vn -0.5922730 -0.8029452 -0.0670201
vn -0.3871397 -0.9183308 -0.0824102
vn -0.5922730 -0.8029452 -0.0670201
vn -0.5665447 -0.8217160 -0.0617235
vn 0.0395210 0.9991038 -0.0151537
vn 0.0543203 0.9984937 -0.0077264
vn 0.0573863 0.9978647 0.0311906
vn 0.0395210 0.9991038 -0.0151537
vn 0.0573863 0.9978647 0.0311906
vn 0.0434645 0.9987931 0.0228731
vn -0.5665447 -0.8217160 -0.0617235
vn -0.5922730 -0.8029452 -0.0670201
vn -0.6455447 -0.7619930 -0.0513678
vn -0.5665447 -0.8217160 -0.0617235
vn -0.6455447 -0.7619930 -0.0513678
vn -0.6108269 -0.7910701 -0.0331439
vn 0.0435726 0.9977147 -0.0516405
vn 0.0560671 0.9973561 -0.0462310
vn 0.0543203 0.9984937 -0.0077264
vn 0.0435726 0.9977147 -0.0516405
vn 0.0543203 0.9984937 -0.0077264
vn 0.0395210 0.9991038 -0.0151537
vn -0.6108269 -0.7910701 -0.0331439
vn -0.6455447 -0.7619930 -0.0513678
vn -0.5776101 -0.8157546 -0.0301827
vn -0.6108269 -0.7910701 -0.0331439
vn -0.5776101 -0.8157546 -0.0301827
vn -0.5334020 -0.8458612 -0.0010837
vn 0.0710234 0.9942539 -0.0800933
vn 0.0789028 0.9938693 -0.0774483
vn 0.0560671 0.9973561 -0.0462310
vn 0.0710234 0.9942539 -0.0800933
vn 0.0560671 0.9973561 -0.0462310
vn 0.0435726 0.9977147 -0.0516405
vn -0.5334020 -0.8458612 -0.0010837
vn -0.5776101 -0.8157546 -0.0301827
vn -0.4209364 -0.9070850 -0.0030682
vn -0.5334020 -0.8458612 -0.0010837
vn -0.4209364 -0.9070850 -0.0030682
vn -0.3726437 -0.9275032 0.0295722
vn 0.1313615 0.9866583 -0.0961748
vn 0.1334670 0.9863106 -0.0968404
vn 0.0789028 0.9938693 -0.0774483
vn 0.1313615 0.9866583 -0.0961748
vn 0.0789028 0.9938693 -0.0774483
vn 0.0710234 0.9942539 -0.0800933
vn -0.3726437 -0.9275032 0.0295722
vn -0.4209364 -0.9070850 -0.0030682
vn -0.2870972 -0.9575522 0.0258657
vn -0.3726437 -0.9275032 0.0295722
vn -0.2870972 -0.9575522 0.0258657
vn -0.2472619 -0.9675669 0.0517289
vn 0.2304749 0.9682724 -0.0965916
vn 0.2262376 0.9687923 -0.1012823
vn 0.1334670 0.9863106 -0.0968404
vn 0.2304749 0.9682724 -0.0965916
vn 0.1334670 0.9863106 -0.0968404
vn 0.1313615 0.9866583 -0.0961748
vn -0.2472619 -0.9675669 0.0517289
vn -0.2870972 -0.9575522 0.0258657
vn -0.2867246 -0.9567257 0.0496481
vn -0.2472619 -0.9675669 0.0517289
vn -0.2867246 -0.9567257 0.0496481
vn -0.2635261 -0.9626609 0.0619521
vn 0.3741351 0.9241633 -0.0771048
vn 0.3632093 0.9276459 -0.0869028
vn 0.2262376 0.9687923 -0.1012823
vn 0.3741351 0.9241633 -0.0771048
vn 0.2262376 0.9687923 -0.1012823
vn 0.2304749 0.9682724 -0.0965916
vn -0.2635261 -0.9626609 0.0619521
vn -0.2867246 -0.9567257 0.0496481
vn -0.4371462 -0.8972169 0.0624905
vn -0.2635261 -0.9626609 0.0619521
vn -0.4371462 -0.8972169 0.0624905
vn -0.4344273 -0.8988423 0.0579262
vn 0.5641387 0.8250726 -0.0316657
vn 0.5474878 0.8354544 -0.0476772
vn 0.3632093 0.9276459 -0.0869028
vn 0.5641387 0.8250726 -0.0316657
vn 0.3632093 0.9276459 -0.0869028
vn 0.3741351 0.9241633 -0.0771048
vn -0.4344273 -0.8988423 0.0579262
vn -0.4371462 -0.8972169 0.0624905
vn -0.6811247 -0.7297815 0.0590609
vn -0.4344273 -0.8988423 0.0579262
vn -0.6811247 -0.7297815 0.0590609
vn -0.6940730 -0.7189035 0.0379542
vn 0.7753248 0.6301072 0.0428528
vn 0.7585587 0.6512568 0.0212914
vn 0.5474878 0.8354544 -0.0476772
vn 0.7753248 0.6301072 0.0428528
vn 0.5474878 0.8354544 -0.0476772
vn 0.5641387 0.8250726 -0.0316657
vn -0.6940730 -0.7189035 0.0379542
vn -0.6811247 -0.7297815 0.0590609
vn -0.8953172 -0.4436495 0.0397789
vn -0.6940730 -0.7189035 0.0379542
vn -0.8953172 -0.4436495 0.0397789
vn -0.9083554 -0.4180989 0.0091573
vn 0.9327098 0.3354997 0.1322585
vn 0.9250494 0.3635795 0.1099705
vn 0.7585587 0.6512568 0.0212914
vn 0.9327098 0.3354997 0.1322585
vn 0.7585587 0.6512568 0.0212914
vn 0.7753248 0.6301072 0.0428528
vn -0.9083554 -0.4180989 0.0091573
vn -0.8953172 -0.4436495 0.0397789
vn -0.9908286 -0.1345367 0.0125902
vn -0.9083554 -0.4180989 0.0091573
vn -0.9908286 -0.1345367 0.0125902
vn -0.9948066 -0.1002376 -0.0176682
vn 0.9779619 0.0331298 0.2061383
vn 0.9803419 0.0564033 0.1890727
vn 0.9250494 0.3635795 0.1099705
vn 0.9779619 0.0331298 0.2061383
vn 0.9250494 0.3635795 0.1099705
vn 0.9327098 0.3354997 0.1322585
vn -0.9948066 -0.1002376 -0.0176682
vn -0.9908286 -0.1345367 0.0125902
vn -0.9945922 0.1020895 -0.0190791
vn -0.9948066 -0.1002376 -0.0176682
vn -0.9945922 0.1020895 -0.0190791
vn -0.9885609 0.1445548 -0.0430265
vn 0.9578146 -0.1377536 0.2522203
vn 0.9620350 -0.1259583 0.2421222
vn 0.9803419 0.0564033 0.1890727
vn 0.9578146 -0.1377536 0.2522203
vn 0.9803419 0.0564033 0.1890727
vn 0.9779619 0.0331298 0.2061383
vn -0.9885609 0.1445548 -0.0430265
vn -0.9945922 0.1020895 -0.0190791
vn -0.9928607 0.1079978 -0.0506371
vn -0.9885609 0.1445548 -0.0430265
vn -0.9928607 0.1079978 -0.0506371
vn -0.9891590 0.1298370 -0.0686069
vn 0.9558336 -0.0877167 0.2805137
vn 0.9574741 -0.0846341 0.2758267
vn 0.9620350 -0.1259583 0.2421222
vn 0.9558336 -0.0877167 0.2805137
vn 0.9620350 -0.1259583 0.2421222
vn 0.9578146 -0.1377536 0.2522203
vn -0.9891590 0.1298370 -0.0686069
vn -0.9928607 0.1079978 -0.0506371
vn -0.9981849 0.0000000 -0.0602241
vn -0.9891590 0.1298370 -0.0686069
vn -0.9981849 0.0000000 -0.0602241
vn -0.9970523 0.0000000 -0.0767254
vn 0.9581135 0.0000000 0.2863889
vn 0.9593737 0.0000000 0.2821384
vn 0.9574741 -0.0846341 0.2758267
vn 0.9581135 0.0000000 0.2863889
vn 0.9574741 -0.0846341 0.2758267
vn 0.9558336 -0.0877167 0.2805137
vn 0.0000000 -1.0000000 0.0000000
vn 0.0000000 -1.0000000 0.0000000
vn 0.0000000 -1.0000000 0.0000000
vn 0.0000000 -1.0000000 0.0000000
vn 0.0000000 -1.0000000 0.0000000
vn 0.0000000 -1.0000000 0.0000000
vn 0.0000000 -1.0000000 0.0000000
vn 0.0000000 -1.0000000 0.0000000
vn 0.0000000 -1.0000000 0.0000000
vn 0.0000000 -1.0000000 0.0000000
vn 0.0000000 -1.0000000 0.0000000
vn 0.0000000 -1.0000000 0.0000000
vn 0.9989199 0.0000000 0.0464654
vn 0.9995304 0.0000000 0.0306438
vn 0.9974849 0.0574377 0.0415315
vn 0.9989199 0.0000000 0.0464654
vn 0.9974849 0.0574377 0.0415315
vn 0.9936214 0.0980138 0.0557658
vn -0.9576927 -0.0548595 -0.2825155
vn -0.9595105 -0.0545519 -0.2763399
vn -0.9608022 0.0000000 -0.2772349
vn -0.9576927 -0.0548595 -0.2825155
vn -0.9608022 0.0000000 -0.2772349
vn -0.9588309 0.0000000 -0.2839778
vn 0.9936214 0.0980138 0.0557658
vn 0.9974849 0.0574377 0.0415315
vn 0.9951671 0.0568938 0.0800348
vn 0.9936214 0.0980138 0.0557658
vn 0.9951671 0.0568938 0.0800348
vn 0.9876953 0.1286767 0.0888841
vn -0.9569685 -0.0758574 -0.2801016
vn -0.9568889 -0.0791052 -0.2794744
vn -0.9595105 -0.0545519 -0.2763399
vn -0.9569685 -0.0758574 -0.2801016
vn -0.9595105 -0.0545519 -0.2763399
vn -0.9576927 -0.0548595 -0.2825155
vn 0.9876953 0.1286767 0.0888841
vn 0.9951671 0.0568938 0.0800348
vn 0.9848692 -0.1268265 0.1181001
vn 0.9876953 0.1286767 0.0888841
vn 0.9848692 -0.1268265 0.1181001
vn 0.9895526 -0.0756262 0.1227448
vn -0.9630980 0.0645940 -0.2612851
vn -0.9623521 0.0519841 -0.2667884
vn -0.9568889 -0.0791052 -0.2794744
vn -0.9630980 0.0645940 -0.2612851
vn -0.9568889 -0.0791052 -0.2794744
vn -0.9569685 -0.0758574 -0.2801016
vn 0.9895526 -0.0756262 0.1227448
vn 0.9848692 -0.1268265 0.1181001
vn 0.9390201 -0.3161294 0.1352904
vn 0.9895526 -0.0756262 0.1227448
vn 0.9390201 -0.3161294 0.1352904
vn 0.9431166 -0.3028611 0.1371357
vn -0.9243003 0.3158950 -0.2141943
vn -0.9283992 0.2954063 -0.2254108
vn -0.9623521 0.0519841 -0.2667884
vn -0.9243003 0.3158950 -0.2141943
vn -0.9623521 0.0519841 -0.2667884
vn -0.9630980 0.0645940 -0.2612851
vn 0.9431166 -0.3028611 0.1371357
vn 0.9390201 -0.3161294 0.1352904
vn 0.8727677 -0.4714155 0.1266648
vn 0.9431166 -0.3028611 0.1371357
vn 0.8727677 -0.4714155 0.1266648
vn 0.8594920 -0.4951621 0.1268387
vn -0.8001298 0.5830352 -0.1409334
vn -0.8121701 0.5623604 -0.1553401
vn -0.9283992 0.2954063 -0.2254108
vn -0.8001298 0.5830352 -0.1409334
vn -0.9283992 0.2954063 -0.2254108
vn -0.9243003 0.3158950 -0.2141943
vn 0.8594920 -0.4951621 0.1268387
vn 0.8727677 -0.4714155 0.1266648
vn 0.8194948 -0.5646664 0.0978776
vn 0.8594920 -0.4951621 0.1268387
vn 0.8194948 -0.5646664 0.0978776
vn 0.7864137 -0.6099469 0.0975619
vn -0.6158488 0.7854487 -0.0616487
vn -0.6321822 0.7711781 -0.0750333
vn -0.8121701 0.5623604 -0.1553401
vn -0.6158488 0.7854487 -0.0616487
vn -0.8121701 0.5623604 -0.1553401
vn -0.8001298 0.5830352 -0.1409334
vn 0.7864137 -0.6099469 0.0975619
vn 0.8194948 -0.5646664 0.0978776
vn 0.7908320 -0.6091961 0.0588633
vn 0.7864137 -0.6099469 0.0975619
vn 0.7908320 -0.6091961 0.0588633
vn 0.7501300 -0.6587790 0.0575789
vn -0.4278976 0.9038178 0.0041303
vn -0.4431497 0.8964315 -0.0053760
vn -0.6321822 0.7711781 -0.0750333
vn -0.4278976 0.9038178 0.0041303
vn -0.6321822 0.7711781 -0.0750333
vn -0.6158488 0.7854487 -0.0616487
vn 0.7501300 -0.6587790 0.0575789
vn 0.7908320 -0.6091961 0.0588633
vn 0.7616144 -0.6476924 0.0209301
vn 0.7501300 -0.6587790 0.0575789
vn 0.7616144 -0.6476924 0.0209301
vn 0.7264931 -0.6869821 0.0162312
vn -0.2679645 0.9621240 0.0501236
vn -0.2793519 0.9591230 0.0452288
vn -0.4431497 0.8964315 -0.0053760
vn -0.2679645 0.9621240 0.0501236
vn -0.4431497 0.8964315 -0.0053760
vn -0.4278976 0.9038178 0.0041303
vn 0.7264931 -0.6869821 0.0162312
vn 0.7616144 -0.6476924 0.0209301
vn 0.6943855 -0.7195738 -0.0065091
vn 0.7264931 -0.6869821 0.0162312
vn 0.6943855 -0.7195738 -0.0065091
vn 0.6706194 -0.7416114 -0.0167945
vn -0.1421442 0.9868157 0.0773941
vn -0.1487488 0.9858909 0.0767654
vn -0.2793519 0.9591230 0.0452288
vn -0.1421442 0.9868157 0.0773941
vn -0.2793519 0.9591230 0.0452288
vn -0.2679645 0.9621240 0.0501236
vn 0.6706194 -0.7416114 -0.0167945
vn 0.6943855 -0.7195738 -0.0065091
vn 0.5500121 -0.8348468 -0.0227482
vn 0.6706194 -0.7416114 -0.0167945
vn 0.5500121 -0.8348468 -0.0227482
vn 0.5360761 -0.8432429 -0.0395444
vn -0.0486240 0.9949421 0.0878972
vn -0.0500399 0.9946071 0.0908444
vn -0.1487488 0.9858909 0.0767654
vn -0.0486240 0.9949421 0.0878972
vn -0.1487488 0.9858909 0.0767654
vn -0.1421442 0.9868157 0.0773941
vn 0.5360761 -0.8432429 -0.0395444
vn 0.5500121 -0.8348468 -0.0227482
vn 0.2913181 -0.9559783 -0.0352027
vn 0.5360761 -0.8432429 -0.0395444
vn 0.2913181 -0.9559783 -0.0352027
vn 0.2807093 -0.9580817 -0.0572867
vn 0.0142658 0.9964640 0.0828013
vn 0.0183380 0.9959048 0.0885290
vn -0.0500399 0.9946071 0.0908444
vn 0.0142658 0.9964640 0.0828013
vn -0.0500399 0.9946071 0.0908444
vn -0.0486240 0.9949421 0.0878972
vn 0.2807093 -0.9580817 -0.0572867
vn 0.2913181 -0.9559783 -0.0352027
vn -0.0644962 -0.9966810 -0.0496704
vn 0.2807093 -0.9580817 -0.0572867
vn -0.0644962 -0.9966810 -0.0496704
vn -0.0751943 -0.9946243 -0.0711927
vn 0.0479744 0.9968533 0.0631028
vn 0.0573971 0.9958440 0.0707123
vn 0.0183380 0.9959048 0.0885290
vn 0.0479744 0.9968533 0.0631028
vn 0.0183380 0.9959048 0.0885290
vn 0.0142658 0.9964640 0.0828013
vn -0.0751943 -0.9946243 -0.0711927
vn -0.0644962 -0.9966810 -0.0496704
vn -0.3968216 -0.9157864 -0.0621926
vn -0.0751943 -0.9946243 -0.0711927
vn -0.3968216 -0.9157864 -0.0621926
vn -0.4013670 -0.9128411 -0.0750050
vn 0.0573863 0.9978647 0.0311906
vn 0.0709031 0.9966978 0.0395761
vn 0.0573971 0.9958440 0.0707123
vn 0.0573863 0.9978647 0.0311906
vn 0.0573971 0.9958440 0.0707123
vn 0.0479744 0.9968533 0.0631028
vn -0.4013670 -0.9128411 -0.0750050
vn -0.3968216 -0.9157864 -0.0621926
vn -0.5978752 -0.7987795 -0.0670558
vn -0.4013670 -0.9128411 -0.0750050
vn -0.5978752 -0.7987795 -0.0670558
vn -0.5922730 -0.8029452 -0.0670201
vn 0.0543203 0.9984937 -0.0077264
vn 0.0692744 0.9975976 0.0001164
vn 0.0709031 0.9966978 0.0395761
vn 0.0543203 0.9984937 -0.0077264
vn 0.0709031 0.9966978 0.0395761
vn 0.0573863 0.9978647 0.0311906
vn -0.5922730 -0.8029452 -0.0670201
vn -0.5978752 -0.7987795 -0.0670558
vn -0.6614402 -0.7472030 -0.0646880
vn -0.5922730 -0.8029452 -0.0670201
vn -0.6614402 -0.7472030 -0.0646880
vn -0.6455447 -0.7619930 -0.0513678
vn 0.0560671 0.9973561 -0.0462310
vn 0.0692184 0.9967920 -0.0401799
vn 0.0692744 0.9975976 0.0001164
vn 0.0560671 0.9973561 -0.0462310
vn 0.0692744 0.9975976 0.0001164
vn 0.0543203 0.9984937 -0.0077264
vn -0.6455447 -0.7619930 -0.0513678
vn -0.6614402 -0.7472030 -0.0646880
vn -0.6079994 -0.7919989 -0.0554485
vn -0.6455447 -0.7619930 -0.0513678
vn -0.6079994 -0.7919989 -0.0554485
vn -0.5776101 -0.8157546 -0.0301827
vn 0.0789028 0.9938693 -0.0774483
vn 0.0877358 0.9933861 -0.0740702
vn 0.0692184 0.9967920 -0.0401799
vn 0.0789028 0.9938693 -0.0774483
vn 0.0692184 0.9967920 -0.0401799
vn 0.0560671 0.9973561 -0.0462310
vn -0.5776101 -0.8157546 -0.0301827
vn -0.6079994 -0.7919989 -0.0554485
vn -0.4689903 -0.8825190 -0.0347603
vn -0.5776101 -0.8157546 -0.0301827
vn -0.4689903 -0.8825190 -0.0347603
vn -0.4209364 -0.9070850 -0.0030682
vn 0.1334670 0.9863106 -0.0968404
vn 0.1366583 0.9858817 -0.0967561
vn 0.0877358 0.9933861 -0.0740702
vn 0.1334670 0.9863106 -0.0968404
vn 0.0877358 0.9933861 -0.0740702
vn 0.0789028 0.9938693 -0.0774483
vn -0.4209364 -0.9070850 -0.0030682
vn -0.4689903 -0.8825190 -0.0347603
vn -0.3425704 -0.9394891 -0.0024093
vn -0.4209364 -0.9070850 -0.0030682
vn -0.3425704 -0.9394891 -0.0024093
vn -0.2870972 -0.9575522 0.0258657
vn 0.2262376 0.9687923 -0.1012823
vn 0.2231527 0.9690871 -0.1052290
vn 0.1366583 0.9858817 -0.0967561
vn 0.2262376 0.9687923 -0.1012823
vn 0.1366583 0.9858817 -0.0967561
vn 0.1334670 0.9863106 -0.0968404
vn -0.2870972 -0.9575522 0.0258657
vn -0.3425704 -0.9394891 -0.0024093
vn -0.3336240 -0.9421346 0.0328232
vn -0.2870972 -0.9575522 0.0258657
vn -0.3336240 -0.9421346 0.0328232
vn -0.2867246 -0.9567257 0.0496481
vn 0.3632093 0.9276459 -0.0869028
vn 0.3534184 0.9305262 -0.0960024
vn 0.2231527 0.9690871 -0.1052290
vn 0.3632093 0.9276459 -0.0869028
vn 0.2231527 0.9690871 -0.1052290
vn 0.2262376 0.9687923 -0.1012823
vn -0.2867246 -0.9567257 0.0496481
vn -0.3336240 -0.9421346 0.0328232
vn -0.4631874 -0.8841390 0.0612832
vn -0.2867246 -0.9567257 0.0496481
vn -0.4631874 -0.8841390 0.0612832
vn -0.4371462 -0.8972169 0.0624905
vn 0.5474878 0.8354544 -0.0476772
vn 0.5315731 0.8446473 -0.0632542
vn 0.3534184 0.9305262 -0.0960024
vn 0.5474878 0.8354544 -0.0476772
vn 0.3534184 0.9305262 -0.0960024
vn 0.3632093 0.9276459 -0.0869028
vn -0.4371462 -0.8972169 0.0624905
vn -0.4631874 -0.8841390 0.0612832
vn -0.6826352 -0.7269897 0.0741292
vn -0.4371462 -0.8972169 0.0624905
vn -0.6826352 -0.7269897 0.0741292
vn -0.6811247 -0.7297815 0.0590609
vn 0.7585587 0.6512568 0.0212914
vn 0.7413826 0.6710822 -0.0007524
vn 0.5315731 0.8446473 -0.0632542
vn 0.7585587 0.6512568 0.0212914
vn 0.5315731 0.8446473 -0.0632542
vn 0.5474878 0.8354544 -0.0476772
vn -0.6811247 -0.7297815 0.0590609
vn -0.6826352 -0.7269897 0.0741292
vn -0.8848797 -0.4611053 0.0661043
vn -0.6811247 -0.7297815 0.0590609
vn -0.8848797 -0.4611053 0.0661043
vn -0.8953172 -0.4436495 0.0397789
vn 0.9250494 0.3635795 0.1099705
vn 0.9161355 0.3916225 0.0856013
vn 0.7413826 0.6710822 -0.0007524
vn 0.9250494 0.3635795 0.1099705
vn 0.7413826 0.6710822 -0.0007524
vn 0.7585587 0.6512568 0.0212914
vn -0.8953172 -0.4436495 0.0397789
vn -0.8848797 -0.4611053 0.0661043
vn -0.9844289 -0.1708718 0.0412617
vn -0.8953172 -0.4436495 0.0397789
vn -0.9844289 -0.1708718 0.0412617
vn -0.9908286 -0.1345367 0.0125902
vn 0.9803419 0.0564033 0.1890727
vn 0.9823136 0.0811013 0.1687678
vn 0.9161355 0.3916225 0.0856013
vn 0.9803419 0.0564033 0.1890727
vn 0.9161355 0.3916225 0.0856013
vn 0.9250494 0.3635795 0.1099705
vn -0.9908286 -0.1345367 0.0125902
vn -0.9844289 -0.1708718 0.0412617
vn -0.9986956 0.0507537 0.0055759
vn -0.9908286 -0.1345367 0.0125902
vn -0.9986956 0.0507537 0.0055759
vn -0.9945922 0.1020895 -0.0190791
vn 0.9620350 -0.1259583 0.2421222
vn 0.9669962 -0.1127484 0.2284865
vn 0.9823136 0.0811013 0.1687678
vn 0.9620350 -0.1259583 0.2421222
vn 0.9823136 0.0811013 0.1687678
vn 0.9803419 0.0564033 0.1890727
vn -0.9945922 0.1020895 -0.0190791
vn -0.9986956 0.0507537 0.0055759
vn -0.9962814 0.0805079 -0.0306911
vn -0.9945922 0.1020895 -0.0190791
vn -0.9962814 0.0805079 -0.0306911
vn -0.9928607 0.1079978 -0.0506371
vn 0.9574741 -0.0846341 0.2758267
vn 0.9601588 -0.0810249 0.2674511
vn 0.9669962 -0.1127484 0.2284865
vn 0.9574741 -0.0846341 0.2758267
vn 0.9669962 -0.1127484 0.2284865
vn 0.9620350 -0.1259583 0.2421222
vn -0.9928607 0.1079978 -0.0506371
vn -0.9962814 0.0805079 -0.0306911
vn -0.9991413 0.0000000 -0.0414319
vn -0.9928607 0.1079978 -0.0506371
vn -0.9991413 0.0000000 -0.0414319
vn -0.9981849 0.0000000 -0.0602241
vn 0.9593737 0.0000000 0.2821384
vn 0.9616815 0.0000000 0.2741690
vn 0.9601588 -0.0810249 0.2674511
vn 0.9593737 0.0000000 0.2821384
vn 0.9601588 -0.0810249 0.2674511
vn 0.9574741 -0.0846341 0.2758267
vn 0.0000000 -1.0000000 0.0000000
vn 0.0000000 -1.0000000 0.0000000
vn 0.0000000 -1.0000000 0.0000000
vn 0.0000000 -1.0000000 0.0000000
vn 0.0000000 -1.0000000 0.0000000
vn 0.0000000 -1.0000000 0.0000000
vn 0.0000000 -1.0000000 0.0000000
vn 0.0000000 -1.0000000 0.0000000
vn 0.0000000 -1.0000000 0.0000000
vn 0.0000000 -1.0000000 0.0000000
vn 0.0000000 -1.0000000 0.0000000
vn 0.0000000 -1.0000000 0.0000000
vn 0.9995304 0.0000000 0.0306438
vn 0.9999170 0.0000000 0.0128834
vn 0.9996223 0.0119849 0.0247300
vn 0.9995304 0.0000000 0.0306438
vn 0.9996223 0.0119849 0.0247300
vn 0.9974849 0.0574377 0.0415315
vn -0.9595105 -0.0545519 -0.2763399
vn -0.9623187 -0.0535866 -0.2665919
vn -0.9637338 0.0000000 -0.2668655
vn -0.9595105 -0.0545519 -0.2763399
vn -0.9637338 0.0000000 -0.2668655
vn -0.9608022 0.0000000 -0.2772349
vn 0.9974849 0.0574377 0.0415315
vn 0.9996223 0.0119849 0.0247300
vn 0.9974423 -0.0254547 0.0667903
vn 0.9974849 0.0574377 0.0415315
vn 0.9974423 -0.0254547 0.0667903
vn 0.9951671 0.0568938 0.0800348
vn -0.9568889 -0.0791052 -0.2794744
vn -0.9579516 -0.0806142 -0.2753727
vn -0.9623187 -0.0535866 -0.2665919
vn -0.9568889 -0.0791052 -0.2794744
vn -0.9623187 -0.0535866 -0.2665919
vn -0.9595105 -0.0545519 -0.2763399
vn 0.9951671 0.0568938 0.0800348
vn 0.9974423 -0.0254547 0.0667903
vn 0.9765806 -0.1860979 0.1079719
vn 0.9951671 0.0568938 0.0800348
vn 0.9765806 -0.1860979 0.1079719
vn 0.9848692 -0.1268265 0.1181001
vn -0.9623521 0.0519841 -0.2667884
vn -0.9622689 0.0416338 -0.2688961
vn -0.9579516 -0.0806142 -0.2753727
vn -0.9623521 0.0519841 -0.2667884
vn -0.9579516 -0.0806142 -0.2753727
vn -0.9568889 -0.0791052 -0.2794744
vn 0.9848692 -0.1268265 0.1181001
vn 0.9765806 -0.1860979 0.1079719
vn 0.9338124 -0.3341436 0.1278376
vn 0.9848692 -0.1268265 0.1181001
vn 0.9338124 -0.3341436 0.1278376
vn 0.9390201 -0.3161294 0.1352904
vn -0.9283992 0.2954063 -0.2254108
vn -0.9321332 0.2766964 -0.2335955
vn -0.9622689 0.0416338 -0.2688961
vn -0.9283992 0.2954063 -0.2254108
vn -0.9622689 0.0416338 -0.2688961
vn -0.9623521 0.0519841 -0.2667884
vn 0.9390201 -0.3161294 0.1352904
vn 0.9338124 -0.3341436 0.1278376
vn 0.8858747 -0.4476543 0.1217852
vn 0.9390201 -0.3161294 0.1352904
vn 0.8858747 -0.4476543 0.1217852
vn 0.8727677 -0.4714155 0.1266648
vn -0.8121701 0.5623604 -0.1553401
vn -0.8233494 0.5421750 -0.1677562
vn -0.9321332 0.2766964 -0.2335955
vn -0.8121701 0.5623604 -0.1553401
vn -0.9321332 0.2766964 -0.2335955
vn -0.9283992 0.2954063 -0.2254108
vn 0.8727677 -0.4714155 0.1266648
vn 0.8858747 -0.4476543 0.1217852
vn 0.8512099 -0.5161685 0.0949307
vn 0.8727677 -0.4714155 0.1266648
vn 0.8512099 -0.5161685 0.0949307
vn 0.8194948 -0.5646664 0.0978776
vn -0.6321822 0.7711781 -0.0750333
vn -0.6481376 0.7564479 -0.0877731
vn -0.8233494 0.5421750 -0.1677562
vn -0.6321822 0.7711781 -0.0750333
vn -0.8233494 0.5421750 -0.1677562
vn -0.8121701 0.5623604 -0.1553401
vn 0.8194948 -0.5646664 0.0978776
vn 0.8512099 -0.5161685 0.0949307
vn 0.8276411 -0.5582431 0.0580936
vn 0.8194948 -0.5646664 0.0978776
vn 0.8276411 -0.5582431 0.0580936
vn 0.7908320 -0.6091961 0.0588633
vn -0.4431497 0.8964315 -0.0053760
vn -0.4587030 0.8884590 -0.0152338
vn -0.6481376 0.7564479 -0.0877731
vn -0.4431497 0.8964315 -0.0053760
vn -0.6481376 0.7564479 -0.0877731
vn -0.6321822 0.7711781 -0.0750333
vn 0.7908320 -0.6091961 0.0588633
vn 0.8276411 -0.5582431 0.0580936
vn 0.7910181 -0.6113168 0.0241263
vn 0.7908320 -0.6091961 0.0588633
vn 0.7910181 -0.6113168 0.0241263
vn 0.7616144 -0.6476924 0.0209301
vn -0.2793519 0.9591230 0.0452288
vn -0.2914433 0.9557732 0.0394760
vn -0.4587030 0.8884590 -0.0152338
vn -0.2793519 0.9591230 0.0452288
vn -0.4587030 0.8884590 -0.0152338
vn -0.4431497 0.8964315 -0.0053760
vn 0.7616144 -0.6476924 0.0209301
vn 0.7910181 -0.6113168 0.0241263
vn 0.7116535 -0.7025262 0.0024890
vn 0.7616144 -0.6476924 0.0209301
vn 0.7116535 -0.7025262 0.0024890
vn 0.6943855 -0.7195738 -0.0065091
vn -0.1487488 0.9858909 0.0767654
vn -0.1562432 0.9848577 0.0751220
vn -0.2914433 0.9557732 0.0394760
vn -0.1487488 0.9858909 0.0767654
vn -0.2914433 0.9557732 0.0394760
vn -0.2793519 0.9591230 0.0452288
vn 0.6943855 -0.7195738 -0.0065091
vn 0.7116535 -0.7025262 0.0024890
vn 0.5577025 -0.8300138 -0.0067163
vn 0.6943855 -0.7195738 -0.0065091
vn 0.5577025 -0.8300138 -0.0067163
vn 0.5500121 -0.8348468 -0.0227482
vn -0.0500399 0.9946071 0.0908444
vn -0.0524298 0.9942996 0.0928403
vn -0.1562432 0.9848577 0.0751220
vn -0.0500399 0.9946071 0.0908444
vn -0.1562432 0.9848577 0.0751220
vn -0.1487488 0.9858909 0.0767654
vn 0.5500121 -0.8348468 -0.0227482
vn 0.5577025 -0.8300138 -0.0067163
vn 0.2995535 -0.9539958 -0.0126355
vn 0.5500121 -0.8348468 -0.0227482
vn 0.2995535 -0.9539958 -0.0126355
vn 0.2913181 -0.9559783 -0.0352027
vn 0.0183380 0.9959048 0.0885290
vn 0.0214303 0.9953875 0.0935117
vn -0.0524298 0.9942996 0.0928403
vn 0.0183380 0.9959048 0.0885290
vn -0.0524298 0.9942996 0.0928403
vn -0.0500399 0.9946071 0.0908444
vn 0.2913181 -0.9559783 -0.0352027
vn 0.2995535 -0.9539958 -0.0126355
vn -0.0465495 -0.9985895 -0.0255364
vn 0.2913181 -0.9559783 -0.0352027
vn -0.0465495 -0.9985895 -0.0255364
vn -0.0644962 -0.9966810 -0.0496704
vn 0.0573971 0.9958440 0.0707123
vn 0.0659796 0.9947770 0.0778814
vn 0.0214303 0.9953875 0.0935117
vn 0.0573971 0.9958440 0.0707123
vn 0.0214303 0.9953875 0.0935117
vn 0.0183380 0.9959048 0.0885290
vn -0.0644962 -0.9966810 -0.0496704
vn -0.0465495 -0.9985895 -0.0255364
vn -0.3759780 -0.9255358 -0.0449890
vn -0.0644962 -0.9966810 -0.0496704
vn -0.3759780 -0.9255358 -0.0449890
vn -0.3968216 -0.9157864 -0.0621926
vn 0.0709031 0.9966978 0.0395761
vn 0.0839504 0.9953187 0.0478860
vn 0.0659796 0.9947770 0.0778814
vn 0.0709031 0.9966978 0.0395761
vn 0.0659796 0.9947770 0.0778814
vn 0.0573971 0.9958440 0.0707123
vn -0.3968216 -0.9157864 -0.0621926
vn -0.3759780 -0.9255358 -0.0449890
vn -0.5847829 -0.8087952 -0.0622832
vn -0.3968216 -0.9157864 -0.0621926
vn -0.5847829 -0.8087952 -0.0622832
vn -0.5978752 -0.7987795 -0.0670558
vn 0.0692744 0.9975976 0.0001164
vn 0.0843183 0.9964048 0.0082382
vn 0.0839504 0.9953187 0.0478860
vn 0.0692744 0.9975976 0.0001164
vn 0.0839504 0.9953187 0.0478860
vn 0.0709031 0.9966978 0.0395761
vn -0.5978752 -0.7987795 -0.0670558
vn -0.5847829 -0.8087952 -0.0622832
vn -0.6595951 -0.7480459 -0.0732238
vn -0.5978752 -0.7987795 -0.0670558
vn -0.6595951 -0.7480459 -0.0732238
vn -0.6614402 -0.7472030 -0.0646880
vn 0.0692184 0.9967920 -0.0401799
vn 0.0829943 0.9959835 -0.0335971
vn 0.0843183 0.9964048 0.0082382
vn 0.0692184 0.9967920 -0.0401799
vn 0.0843183 0.9964048 0.0082382
vn 0.0692744 0.9975976 0.0001164
vn -0.6614402 -0.7472030 -0.0646880
vn -0.6595951 -0.7480459 -0.0732238
vn -0.6237339 -0.7779353 -0.0759781
vn -0.6614402 -0.7472030 -0.0646880
vn -0.6237339 -0.7779353 -0.0759781
vn -0.6079994 -0.7919989 -0.0554485
vn 0.0877358 0.9933861 -0.0740702
vn 0.0975260 0.9927656 -0.0700372
vn 0.0829943 0.9959835 -0.0335971
vn 0.0877358 0.9933861 -0.0740702
vn 0.0829943 0.9959835 -0.0335971
vn 0.0692184 0.9967920 -0.0401799
vn -0.6079994 -0.7919989 -0.0554485
vn -0.6237339 -0.7779353 -0.0759781
vn -0.5119379 -0.8566955 -0.0631857
vn -0.6079994 -0.7919989 -0.0554485
vn -0.5119379 -0.8566955 -0.0631857
vn -0.4689903 -0.8825190 -0.0347603
vn 0.1366583 0.9858817 -0.0967561
vn 0.1409541 0.9853538 -0.0959678
vn 0.0975260 0.9927656 -0.0700372
vn 0.1366583 0.9858817 -0.0967561
vn 0.0975260 0.9927656 -0.0700372
vn 0.0877358 0.9933861 -0.0740702
vn -0.4689903 -0.8825190 -0.0347603
vn -0.5119379 -0.8566955 -0.0631857
vn -0.4075527 -0.9126682 -0.0306206
vn -0.4689903 -0.8825190 -0.0347603
vn -0.4075527 -0.9126682 -0.0306206
vn -0.3425704 -0.9394891 -0.0024093
vn 0.2231527 0.9690871 -0.1052290
vn 0.2212418 0.9691718 -0.1084346
vn 0.1409541 0.9853538 -0.0959678
vn 0.2231527 0.9690871 -0.1052290
vn 0.1409541 0.9853538 -0.0959678
vn 0.1366583 0.9858817 -0.0967561
vn -0.3425704 -0.9394891 -0.0024093
vn -0.4075527 -0.9126682 -0.0306206
vn -0.4000165 -0.9164121 0.0132565
vn -0.3425704 -0.9394891 -0.0024093
vn -0.4000165 -0.9164121 0.0132565
vn -0.3336240 -0.9421346 0.0328232
vn 0.3534184 0.9305262 -0.0960024
vn 0.3448070 0.9328572 -0.1043342
vn 0.2212418 0.9691718 -0.1084346
vn 0.3534184 0.9305262 -0.0960024
vn 0.2212418 0.9691718 -0.1084346
vn 0.2231527 0.9690871 -0.1052290
vn -0.3336240 -0.9421346 0.0328232
vn -0.4000165 -0.9164121 0.0132565
vn -0.5105676 -0.8580497 0.0554213
vn -0.3336240 -0.9421346 0.0328232
vn -0.5105676 -0.8580497 0.0554213
vn -0.4631874 -0.8841390 0.0612832
vn 0.5315731 0.8446473 -0.0632542
vn 0.5165234 0.8526959 -0.0781877
vn 0.3448070 0.9328572 -0.1043342
vn 0.5315731 0.8446473 -0.0632542
vn 0.3448070 0.9328572 -0.1043342
vn 0.3534184 0.9305262 -0.0960024
vn -0.4631874 -0.8841390 0.0612832
vn -0.5105676 -0.8580497 0.0554213
vn -0.6991979 -0.7100633 0.0832609
vn -0.4631874 -0.8841390 0.0612832
vn -0.6991979 -0.7100633 0.0832609
vn -0.6826352 -0.7269897 0.0741292
vn 0.7413826 0.6710822 -0.0007524
vn 0.7239826 0.6894395 -0.0228567
vn 0.5165234 0.8526959 -0.0781877
vn 0.7413826 0.6710822 -0.0007524
vn 0.5165234 0.8526959 -0.0781877
vn 0.5315731 0.8446473 -0.0632542
vn -0.6826352 -0.7269897 0.0741292
vn -0.6991979 -0.7100633 0.0832609
vn -0.8787368 -0.4693090 0.0870098
vn -0.6826352 -0.7269897 0.0741292
vn -0.8787368 -0.4693090 0.0870098
vn -0.8848797 -0.4611053 0.0661043
vn 0.9161355 0.3916225 0.0856013
vn 0.9059056 0.4192577 0.0596486
vn 0.7239826 0.6894395 -0.0228567
vn 0.9161355 0.3916225 0.0856013
vn 0.7239826 0.6894395 -0.0228567
vn 0.7413826 0.6710822 -0.0007524
vn -0.8848797 -0.4611053 0.0661043
vn -0.8787368 -0.4693090 0.0870098
vn -0.9759014 -0.2077064 0.0668913
vn -0.8848797 -0.4611053 0.0661043
vn -0.9759014 -0.2077064 0.0668913
vn -0.9844289 -0.1708718 0.0412617
vn 0.9823136 0.0811013 0.1687678
vn 0.9835528 0.1069691 0.1455388
vn 0.9059056 0.4192577 0.0596486
vn 0.9823136 0.0811013 0.1687678
vn 0.9059056 0.4192577 0.0596486
vn 0.9161355 0.3916225 0.0856013
vn -0.9844289 -0.1708718 0.0412617
vn -0.9759014 -0.2077064 0.0668913
vn -0.9995236 -0.0080767 0.0297884
vn -0.9844289 -0.1708718 0.0412617
vn -0.9995236 -0.0080767 0.0297884
vn -0.9986956 0.0507537 0.0055759
vn 0.9669962 -0.1127484 0.2284865
vn 0.9724378 -0.0981848 0.2114815
vn 0.9835528 0.1069691 0.1455388
vn 0.9669962 -0.1127484 0.2284865
vn 0.9835528 0.1069691 0.1455388
vn 0.9823136 0.0811013 0.1687678
vn -0.9986956 0.0507537 0.0055759
vn -0.9995236 -0.0080767 0.0297884
vn -0.9988009 0.0479904 -0.0096814
vn -0.9986956 0.0507537 0.0055759
vn -0.9988009 0.0479904 -0.0096814
vn -0.9962814 0.0805079 -0.0306911
vn 0.9601588 -0.0810249 0.2674511
vn 0.9637386 -0.0768982 0.2555279
vn 0.9724378 -0.0981848 0.2114815
vn 0.9601588 -0.0810249 0.2674511
vn 0.9724378 -0.0981848 0.2114815
vn 0.9669962 -0.1127484 0.2284865
vn -0.9962814 0.0805079 -0.0306911
vn -0.9988009 0.0479904 -0.0096814
vn -0.9997743 0.0000000 -0.0212454
vn -0.9962814 0.0805079 -0.0306911
vn -0.9997743 0.0000000 -0.0212454
vn -0.9991413 0.0000000 -0.0414319
vn 0.9616815 0.0000000 0.2741690
vn 0.9648979 0.0000000 0.2626255
vn 0.9637386 -0.0768982 0.2555279
vn 0.9616815 0.0000000 0.2741690
vn 0.9637386 -0.0768982 0.2555279
vn 0.9601588 -0.0810249 0.2674511
vn 0.0000000 -1.0000000 0.0000000
vn 0.0000000 -1.0000000 0.0000000
vn 0.0000000 -1.0000000 0.0000000
vn 0.0000000 -1.0000000 0.0000000
vn 0.0000000 -1.0000000 0.0000000
vn 0.0000000 -1.0000000 0.0000000
vn 0.0000000 -1.0000000 0.0000000
vn 0.0000000 -1.0000000 0.0000000
vn 0.0000000 -1.0000000 0.0000000
vn 0.0000000 -1.0000000 0.0000000
vn 0.0000000 -1.0000000 0.0000000
vn 0.0000000 -1.0000000 0.0000000
vn 0.9999170 0.0000000 0.0128834
vn 0.9999836 0.0000000 -0.0057192
vn 0.9993334 -0.0359333 0.0064400
vn 0.9999170 0.0000000 0.0128834
vn 0.9993334 -0.0359333 0.0064400
vn 0.9996223 0.0119849 0.0247300
vn -0.9623187 -0.0535866 -0.2665919
vn -0.9659558 -0.0519639 -0.2534349
vn -0.9674563 0.0000000 -0.2530382
vn -0.9623187 -0.0535866 -0.2665919
vn -0.9674563 0.0000000 -0.2530382
vn -0.9637338 0.0000000 -0.2668655
vn 0.9996223 0.0119849 0.0247300
vn 0.9993334 -0.0359333 0.0064400
vn 0.9922363 -0.1138595 0.0500308
vn 0.9996223 0.0119849 0.0247300
vn 0.9922363 -0.1138595 0.0500308
vn 0.9974423 -0.0254547 0.0667903
vn -0.9579516 -0.0806142 -0.2753727
vn -0.9600821 -0.0803814 -0.2679203
vn -0.9659558 -0.0519639 -0.2534349
vn -0.9579516 -0.0806142 -0.2753727
vn -0.9659558 -0.0519639 -0.2534349
vn -0.9623187 -0.0535866 -0.2665919
vn 0.9974423 -0.0254547 0.0667903
vn 0.9922363 -0.1138595 0.0500308
vn 0.9637535 -0.2500601 0.0930012
vn 0.9974423 -0.0254547 0.0667903
vn 0.9637535 -0.2500601 0.0930012
vn 0.9765806 -0.1860979 0.1079719
vn -0.9622689 0.0416338 -0.2688961
vn -0.9629208 0.0335883 -0.2676853
vn -0.9600821 -0.0803814 -0.2679203
vn -0.9622689 0.0416338 -0.2688961
vn -0.9600821 -0.0803814 -0.2679203
vn -0.9579516 -0.0806142 -0.2753727
vn 0.9765806 -0.1860979 0.1079719
vn 0.9637535 -0.2500601 0.0930012
vn 0.9273541 -0.3560310 0.1151362
vn 0.9765806 -0.1860979 0.1079719
vn 0.9273541 -0.3560310 0.1151362
vn 0.9338124 -0.3341436 0.1278376
vn -0.9321332 0.2766964 -0.2335955
vn -0.9356579 0.2599533 -0.2386811
vn -0.9629208 0.0335883 -0.2676853
vn -0.9321332 0.2766964 -0.2335955
vn -0.9629208 0.0335883 -0.2676853
vn -0.9622689 0.0416338 -0.2688961
vn 0.9338124 -0.3341436 0.1278376
vn 0.9273541 -0.3560310 0.1151362
vn 0.8979393 -0.4255905 0.1121504
vn 0.9338124 -0.3341436 0.1278376
vn 0.8979393 -0.4255905 0.1121504
vn 0.8858747 -0.4476543 0.1217852
vn -0.8233494 0.5421750 -0.1677562
vn -0.8337068 0.5227612 -0.1779147
vn -0.9356579 0.2599533 -0.2386811
vn -0.8233494 0.5421750 -0.1677562
vn -0.9356579 0.2599533 -0.2386811
vn -0.9321332 0.2766964 -0.2335955
vn 0.8858747 -0.4476543 0.1217852
vn 0.8979393 -0.4255905 0.1121504
vn 0.8796962 -0.4672232 0.0885279
vn 0.8858747 -0.4476543 0.1217852
vn 0.8796962 -0.4672232 0.0885279
vn 0.8512099 -0.5161685 0.0949307
vn -0.6481376 0.7564479 -0.0877731
vn -0.6636038 0.7414338 -0.0995284
vn -0.8337068 0.5227612 -0.1779147
vn -0.6481376 0.7564479 -0.0877731
vn -0.8337068 0.5227612 -0.1779147
vn -0.8233494 0.5421750 -0.1677562
vn 0.8512099 -0.5161685 0.0949307
vn 0.8796962 -0.4672232 0.0885279
vn 0.8594058 -0.5083014 0.0552399
vn 0.8512099 -0.5161685 0.0949307
vn 0.8594058 -0.5083014 0.0552399
vn 0.8276411 -0.5582431 0.0580936
vn -0.4587030 0.8884590 -0.0152338
vn -0.4744301 0.8799331 -0.0251765
vn -0.6636038 0.7414338 -0.0995284
vn -0.4587030 0.8884590 -0.0152338
vn -0.6636038 0.7414338 -0.0995284
vn -0.6481376 0.7564479 -0.0877731
vn 0.8276411 -0.5582431 0.0580936
vn 0.8594058 -0.5083014 0.0552399
vn 0.8147451 -0.5792437 0.0258298
vn 0.8276411 -0.5582431 0.0580936
vn 0.8147451 -0.5792437 0.0258298
vn 0.7910181 -0.6113168 0.0241263
vn -0.2914433 0.9557732 0.0394760
vn -0.3041590 0.9520488 0.0330197
vn -0.4744301 0.8799331 -0.0251765
vn -0.2914433 0.9557732 0.0394760
vn -0.4744301 0.8799331 -0.0251765
vn -0.4587030 0.8884590 -0.0152338
vn 0.7910181 -0.6113168 0.0241263
vn 0.8147451 -0.5792437 0.0258298
vn 0.7226174 -0.6911759 0.0099935
vn 0.7910181 -0.6113168 0.0241263
vn 0.7226174 -0.6911759 0.0099935
vn 0.7116535 -0.7025262 0.0024890
vn -0.1562432 0.9848577 0.0751220
vn -0.1645895 0.9836924 0.0725222
vn -0.3041590 0.9520488 0.0330197
vn -0.1562432 0.9848577 0.0751220
vn -0.3041590 0.9520488 0.0330197
vn -0.2914433 0.9557732 0.0394760
vn 0.7116535 -0.7025262 0.0024890
vn 0.7226174 -0.6911759 0.0099935
vn 0.5586575 -0.8293614 0.0078358
vn 0.7116535 -0.7025262 0.0024890
vn 0.5586575 -0.8293614 0.0078358
vn 0.5577025 -0.8300138 -0.0067163
vn -0.0524298 0.9942996 0.0928403
vn -0.0557810 0.9940204 0.0938713
vn -0.1645895 0.9836924 0.0725222
vn -0.0524298 0.9942996 0.0928403
vn -0.1645895 0.9836924 0.0725222
vn -0.1562432 0.9848577 0.0751220
vn 0.5577025 -0.8300138 -0.0067163
vn 0.5586575 -0.8293614 0.0078358
vn 0.3035200 -0.9527833 0.0089278
vn 0.5577025 -0.8300138 -0.0067163
vn 0.3035200 -0.9527833 0.0089278
vn 0.2995535 -0.9539958 -0.0126355
vn 0.0214303 0.9953875 0.0935117
vn 0.0235352 0.9949393 0.0976827
vn -0.0557810 0.9940204 0.0938713
vn 0.0214303 0.9953875 0.0935117
vn -0.0557810 0.9940204 0.0938713
vn -0.0524298 0.9942996 0.0928403
vn 0.2995535 -0.9539958 -0.0126355
vn 0.3035200 -0.9527833 0.0089278
vn -0.0247646 -0.9996931 -0.0007066
vn 0.2995535 -0.9539958 -0.0126355
vn -0.0247646 -0.9996931 -0.0007066
vn -0.0465495 -0.9985895 -0.0255364
vn 0.0659796 0.9947770 0.0778814
vn 0.0736864 0.9936947 0.0845050
vn 0.0235352 0.9949393 0.0976827
vn 0.0659796 0.9947770 0.0778814
vn 0.0235352 0.9949393 0.0976827
vn 0.0214303 0.9953875 0.0935117
vn -0.0465495 -0.9985895 -0.0255364
vn -0.0247646 -0.9996931 -0.0007066
vn -0.3411765 -0.9396755 -0.0246678
vn -0.0465495 -0.9985895 -0.0255364
vn -0.3411765 -0.9396755 -0.0246678
vn -0.3759780 -0.9255358 -0.0449890
vn 0.0839504 0.9953187 0.0478860
vn 0.0964625 0.9937604 0.0559931
vn 0.0736864 0.9936947 0.0845050
vn 0.0839504 0.9953187 0.0478860
vn 0.0736864 0.9936947 0.0845050
vn 0.0659796 0.9947770 0.0778814
vn -0.3759780 -0.9255358 -0.0449890
vn -0.3411765 -0.9396755 -0.0246678
vn -0.5533471 -0.8312532 -0.0531515
vn -0.3759780 -0.9255358 -0.0449890
vn -0.5533471 -0.8312532 -0.0531515
vn -0.5847829 -0.8087952 -0.0622832
vn 0.0843183 0.9964048 0.0082382
vn 0.0993802 0.9949125 0.0165130
vn 0.0964625 0.9937604 0.0559931
vn 0.0843183 0.9964048 0.0082382
vn 0.0964625 0.9937604 0.0559931
vn 0.0839504 0.9953187 0.0478860
vn -0.5847829 -0.8087952 -0.0622832
vn -0.5533471 -0.8312532 -0.0531515
vn -0.6400567 -0.7644513 -0.0770818
vn -0.5847829 -0.8087952 -0.0622832
vn -0.6400567 -0.7644513 -0.0770818
vn -0.6595951 -0.7480459 -0.0732238
vn 0.0829943 0.9959835 -0.0335971
vn 0.0973538 0.9948947 -0.0265862
vn 0.0993802 0.9949125 0.0165130
vn 0.0829943 0.9959835 -0.0335971
vn 0.0993802 0.9949125 0.0165130
vn 0.0843183 0.9964048 0.0082382
vn -0.6595951 -0.7480459 -0.0732238
vn -0.6400567 -0.7644513 -0.0770818
vn -0.6245635 -0.7756160 -0.0913254
vn -0.6595951 -0.7480459 -0.0732238
vn -0.6245635 -0.7756160 -0.0913254
vn -0.6237339 -0.7779353 -0.0759781
vn 0.0975260 0.9927656 -0.0700372
vn 0.1082723 0.9919661 -0.0654251
vn 0.0973538 0.9948947 -0.0265862
vn 0.0975260 0.9927656 -0.0700372
vn 0.0973538 0.9948947 -0.0265862
vn 0.0829943 0.9959835 -0.0335971
vn -0.6237339 -0.7779353 -0.0759781
vn -0.6245635 -0.7756160 -0.0913254
vn -0.5464409 -0.8330010 -0.0866696
vn -0.6237339 -0.7779353 -0.0759781
vn -0.5464409 -0.8330010 -0.0866696
vn -0.5119379 -0.8566955 -0.0631857
vn 0.1409541 0.9853538 -0.0959678
vn 0.1463732 0.9847031 -0.0945233
vn 0.1082723 0.9919661 -0.0654251
vn 0.1409541 0.9853538 -0.0959678
vn 0.1082723 0.9919661 -0.0654251
vn 0.0975260 0.9927656 -0.0700372
vn -0.5119379 -0.8566955 -0.0631857
vn -0.5464409 -0.8330010 -0.0866696
vn -0.4755006 -0.8779119 -0.0563006
vn -0.5119379 -0.8566955 -0.0631857
vn -0.4755006 -0.8779119 -0.0563006
vn -0.4075527 -0.9126682 -0.0306206
vn 0.2212418 0.9691718 -0.1084346
vn 0.2205269 0.9690544 -0.1109120
vn 0.1463732 0.9847031 -0.0945233
vn 0.2212418 0.9691718 -0.1084346
vn 0.1463732 0.9847031 -0.0945233
vn 0.1409541 0.9853538 -0.0959678
vn -0.4075527 -0.9126682 -0.0306206
vn -0.4755006 -0.8779119 -0.0563006
vn -0.4797271 -0.8773902 -0.0069622
vn -0.4075527 -0.9126682 -0.0306206
vn -0.4797271 -0.8773902 -0.0069622
vn -0.4000165 -0.9164121 0.0132565
vn 0.3448070 0.9328572 -0.1043342
vn 0.3374142 0.9346876 -0.1118516
vn 0.2205269 0.9690544 -0.1109120
vn 0.3448070 0.9328572 -0.1043342
vn 0.2205269 0.9690544 -0.1109120
vn 0.2212418 0.9691718 -0.1084346
vn -0.4000165 -0.9164121 0.0132565
vn -0.4797271 -0.8773902 -0.0069622
vn -0.5751521 -0.8167372 0.0462645
vn -0.4000165 -0.9164121 0.0132565
vn -0.5751521 -0.8167372 0.0462645
vn -0.5105676 -0.8580497 0.0554213
vn 0.5165234 0.8526959 -0.0781877
vn 0.5024558 0.8596610 -0.0923101
vn 0.3374142 0.9346876 -0.1118516
vn 0.5165234 0.8526959 -0.0781877
vn 0.3374142 0.9346876 -0.1118516
vn 0.3448070 0.9328572 -0.1043342
vn -0.5105676 -0.8580497 0.0554213
vn -0.5751521 -0.8167372 0.0462645
vn -0.7296909 -0.6782229 0.0869770
vn -0.5105676 -0.8580497 0.0554213
vn -0.7296909 -0.6782229 0.0869770
vn -0.6991979 -0.7100633 0.0832609
vn 0.7239826 0.6894395 -0.0228567
vn 0.7065659 0.7062380 -0.0446380
vn 0.5024558 0.8596610 -0.0923101
vn 0.7239826 0.6894395 -0.0228567
vn 0.5024558 0.8596610 -0.0923101
vn 0.5165234 0.8526959 -0.0781877
vn -0.6991979 -0.7100633 0.0832609
vn -0.7296909 -0.6782229 0.0869770
vn -0.8782186 -0.4672804 0.1018881
vn -0.6991979 -0.7100633 0.0832609
vn -0.8782186 -0.4672804 0.1018881
vn -0.8787368 -0.4693090 0.0870098
vn 0.9059056 0.4192577 0.0596486
vn 0.8943695 0.4461369 0.0326361
vn 0.7065659 0.7062380 -0.0446380
vn 0.9059056 0.4192577 0.0596486
vn 0.7065659 0.7062380 -0.0446380
vn 0.7239826 0.6894395 -0.0228567
vn -0.8787368 -0.4693090 0.0870098
vn -0.8782186 -0.4672804 0.1018881
vn -0.9659734 -0.2431580 0.0881455
vn -0.8787368 -0.4693090 0.0870098
vn -0.9659734 -0.2431580 0.0881455
vn -0.9759014 -0.2077064 0.0668913
vn 0.9835528 0.1069691 0.1455388
vn 0.9837557 0.1337159 0.1197694
vn 0.8943695 0.4461369 0.0326361
vn 0.9835528 0.1069691 0.1455388
vn 0.8943695 0.4461369 0.0326361
vn 0.9059056 0.4192577 0.0596486
vn -0.9759014 -0.2077064 0.0668913
vn -0.9659734 -0.2431580 0.0881455
vn -0.9960185 -0.0722753 0.0521874
vn -0.9759014 -0.2077064 0.0668913
vn -0.9960185 -0.0722753 0.0521874
vn -0.9995236 -0.0080767 0.0297884
vn 0.9724378 -0.0981848 0.2114815
vn 0.9780662 -0.0823499 0.1913241
vn 0.9837557 0.1337159 0.1197694
vn 0.9724378 -0.0981848 0.2114815
vn 0.9837557 0.1337159 0.1197694
vn 0.9835528 0.1069691 0.1455388
vn -0.9995236 -0.0080767 0.0297884
vn -0.9960185 -0.0722753 0.0521874
vn -0.9998712 0.0113719 0.0113280
vn -0.9995236 -0.0080767 0.0297884
vn -0.9998712 0.0113719 0.0113280
vn -0.9988009 0.0479904 -0.0096814
vn 0.9637386 -0.0768982 0.2555279
vn 0.9680211 -0.0722657 0.2402351
vn 0.9780662 -0.0823499 0.1913241
vn 0.9637386 -0.0768982 0.2555279
vn 0.9780662 -0.0823499 0.1913241
vn 0.9724378 -0.0981848 0.2114815
vn -0.9988009 0.0479904 -0.0096814
vn -0.9998712 0.0113719 0.0113280
vn -0.9999998 0.0000000 -0.0006605
vn -0.9988009 0.0479904 -0.0096814
vn -0.9999998 0.0000000 -0.0006605
vn -0.9997743 0.0000000 -0.0212454
vn 0.9648979 0.0000000 0.2626255
vn 0.9688398 0.0000000 0.2476880
vn 0.9680211 -0.0722657 0.2402351
vn 0.9648979 0.0000000 0.2626255
vn 0.9680211 -0.0722657 0.2402351
vn 0.9637386 -0.0768982 0.2555279
vn 0.0000000 -1.0000000 0.0000000
vn 0.0000000 -1.0000000 0.0000000
vn 0.0000000 -1.0000000 0.0000000
vn 0.0000000 -1.0000000 0.0000000
vn 0.0000000 -1.0000000 0.0000000
vn 0.0000000 -1.0000000 0.0000000
vn 0.0000000 -1.0000000 0.0000000
vn 0.0000000 -1.0000000 0.0000000
vn 0.0000000 -1.0000000 0.0000000
vn 0.0000000 -1.0000000 0.0000000
vn 0.0000000 -1.0000000 0.0000000
vn 0.0000000 -1.0000000 0.0000000
vn 0.9999836 0.0000000 -0.0057192
vn 0.9997116 0.0000000 -0.0240145
vn 0.9964385 -0.0834474 -0.0121219
vn 0.9999836 0.0000000 -0.0057192
vn 0.9964385 -0.0834474 -0.0121219
vn 0.9993334 -0.0359333 0.0064400
vn -0.9659558 -0.0519639 -0.2534349
vn -0.9702222 -0.0496856 -0.2370659
vn -0.9717636 0.0000000 -0.2359567
vn -0.9659558 -0.0519639 -0.2534349
vn -0.9717636 0.0000000 -0.2359567
vn -0.9674563 0.0000000 -0.2530382
vn 0.9993334 -0.0359333 0.0064400
vn 0.9964385 -0.0834474 -0.0121219
vn 0.9787395 -0.2027411 0.0310642
vn 0.9993334 -0.0359333 0.0064400
vn 0.9787395 -0.2027411 0.0310642
vn 0.9922363 -0.1138595 0.0500308
vn -0.9600821 -0.0803814 -0.2679203
vn -0.9631530 -0.0784077 -0.2572712
vn -0.9702222 -0.0496856 -0.2370659
vn -0.9600821 -0.0803814 -0.2679203
vn -0.9702222 -0.0496856 -0.2370659
vn -0.9659558 -0.0519639 -0.2534349
vn 0.9922363 -0.1138595 0.0500308
vn 0.9787395 -0.2027411 0.0310642
vn 0.9462510 -0.3148062 0.0742035
vn 0.9922363 -0.1138595 0.0500308
vn 0.9462510 -0.3148062 0.0742035
vn 0.9637535 -0.2500601 0.0930012
vn -0.9629208 0.0335883 -0.2676853
vn -0.9643168 0.0278729 -0.2632796
vn -0.9631530 -0.0784077 -0.2572712
vn -0.9629208 0.0335883 -0.2676853
vn -0.9631530 -0.0784077 -0.2572712
vn -0.9600821 -0.0803814 -0.2679203
vn 0.9637535 -0.2500601 0.0930012
vn 0.9462510 -0.3148062 0.0742035
vn 0.9195642 -0.3805771 0.0977893
vn 0.9637535 -0.2500601 0.0930012
vn 0.9195642 -0.3805771 0.0977893
vn 0.9273541 -0.3560310 0.1151362
vn -0.9356579 0.2599533 -0.2386811
vn -0.9390898 0.2453195 -0.2406836
vn -0.9643168 0.0278729 -0.2632796
vn -0.9356579 0.2599533 -0.2386811
vn -0.9643168 0.0278729 -0.2632796
vn -0.9629208 0.0335883 -0.2676853
vn 0.9273541 -0.3560310 0.1151362
vn 0.9195642 -0.3805771 0.0977893
vn 0.9081375 -0.4070676 0.0978889
vn 0.9273541 -0.3560310 0.1151362
vn 0.9081375 -0.4070676 0.0978889
vn 0.8979393 -0.4255905 0.1121504
vn -0.8337068 0.5227612 -0.1779147
vn -0.8432927 0.5043755 -0.1856413
vn -0.9390898 0.2453195 -0.2406836
vn -0.8337068 0.5227612 -0.1779147
vn -0.9390898 0.2453195 -0.2406836
vn -0.9356579 0.2599533 -0.2386811
vn 0.8979393 -0.4255905 0.1121504
vn 0.9081375 -0.4070676 0.0978889
vn 0.9034328 -0.4214728 0.0785491
vn 0.8979393 -0.4255905 0.1121504
vn 0.9034328 -0.4214728 0.0785491
vn 0.8796962 -0.4672232 0.0885279
vn -0.6636038 0.7414338 -0.0995284
vn -0.6784886 0.7263267 -0.1100125
vn -0.8432927 0.5043755 -0.1856413
vn -0.6636038 0.7414338 -0.0995284
vn -0.8432927 0.5043755 -0.1856413
vn -0.8337068 0.5227612 -0.1779147
vn 0.8796962 -0.4672232 0.0885279
vn 0.9034328 -0.4214728 0.0785491
vn 0.8852324 -0.4624294 0.0502261
vn 0.8796962 -0.4672232 0.0885279
vn 0.8852324 -0.4624294 0.0502261
vn 0.8594058 -0.5083014 0.0552399
vn -0.4744301 0.8799331 -0.0251765
vn -0.4902036 0.8709071 -0.0349474
vn -0.6784886 0.7263267 -0.1100125
vn -0.4744301 0.8799331 -0.0251765
vn -0.6784886 0.7263267 -0.1100125
vn -0.6636038 0.7414338 -0.0995284
vn 0.8594058 -0.5083014 0.0552399
vn 0.8852324 -0.4624294 0.0502261
vn 0.8328282 -0.5529193 0.0260269
vn 0.8594058 -0.5083014 0.0552399
vn 0.8328282 -0.5529193 0.0260269
vn 0.8147451 -0.5792437 0.0258298
vn -0.3041590 0.9520488 0.0330197
vn -0.3174112 0.9479308 0.0260267
vn -0.4902036 0.8709071 -0.0349474
vn -0.3041590 0.9520488 0.0330197
vn -0.4902036 0.8709071 -0.0349474
vn -0.4744301 0.8799331 -0.0251765
vn 0.8147451 -0.5792437 0.0258298
vn 0.8328282 -0.5529193 0.0260269
vn 0.7274053 -0.6860244 0.0158766
vn 0.8147451 -0.5792437 0.0258298
vn 0.7274053 -0.6860244 0.0158766
vn 0.7226174 -0.6911759 0.0099935
vn -0.1645895 0.9836924 0.0725222
vn -0.1737429 0.9823677 0.0690449
vn -0.3174112 0.9479308 0.0260267
vn -0.1645895 0.9836924 0.0725222
vn -0.3174112 0.9479308 0.0260267
vn -0.3041590 0.9520488 0.0330197
vn 0.7226174 -0.6911759 0.0099935
vn 0.7274053 -0.6860244 0.0158766
vn 0.5525816 -0.8332096 0.0203801
vn 0.7226174 -0.6911759 0.0099935
vn 0.5525816 -0.8332096 0.0203801
vn 0.5586575 -0.8293614 0.0078358
vn -0.0557810 0.9940204 0.0938713
vn -0.0600773 0.9937630 0.0939463
vn -0.1737429 0.9823677 0.0690449
vn -0.0557810 0.9940204 0.0938713
vn -0.1737429 0.9823677 0.0690449
vn -0.1645895 0.9836924 0.0725222
vn 0.5586575 -0.8293614 0.0078358
vn 0.5525816 -0.8332096 0.0203801
vn 0.3019430 -0.9529067 0.0282706
vn 0.5586575 -0.8293614 0.0078358
vn 0.3019430 -0.9529067 0.0282706
vn 0.3035200 -0.9527833 0.0089278
vn 0.0235352 0.9949393 0.0976827
vn 0.0246465 0.9945813 0.1009979
vn -0.0600773 0.9937630 0.0939463
vn 0.0235352 0.9949393 0.0976827
vn -0.0600773 0.9937630 0.0939463
vn -0.0557810 0.9940204 0.0938713
vn 0.3035200 -0.9527833 0.0089278
vn 0.3019430 -0.9529067 0.0282706
vn -0.0021704 -0.9997341 0.0229586
vn 0.3035200 -0.9527833 0.0089278
vn -0.0021704 -0.9997341 0.0229586
vn -0.0247646 -0.9996931 -0.0007066
vn 0.0736864 0.9936947 0.0845050
vn 0.0804831 0.9926391 0.0904993
vn 0.0246465 0.9945813 0.1009979
vn 0.0736864 0.9936947 0.0845050
vn 0.0246465 0.9945813 0.1009979
vn 0.0235352 0.9949393 0.0976827
vn -0.0247646 -0.9996931 -0.0007066
vn -0.0021704 -0.9997341 0.0229586
vn -0.2950414 -0.9554803 -0.0028115
vn -0.0247646 -0.9996931 -0.0007066
vn -0.2950414 -0.9554803 -0.0028115
vn -0.3411765 -0.9396755 -0.0246678
vn 0.0964625 0.9937604 0.0559931
vn 0.1083722 0.9920618 0.0637878
vn 0.0804831 0.9926391 0.0904993
vn 0.0964625 0.9937604 0.0559931
vn 0.0804831 0.9926391 0.0904993
vn 0.0736864 0.9936947 0.0845050
vn -0.3411765 -0.9396755 -0.0246678
vn -0.2950414 -0.9554803 -0.0028115
vn -0.5035037 -0.8630551 -0.0402494
vn -0.3411765 -0.9396755 -0.0246678
vn -0.5035037 -0.8630551 -0.0402494
vn -0.5533471 -0.8312532 -0.0531515
vn 0.0993802 0.9949125 0.0165130
vn 0.1143816 0.9931266 0.0248273
vn 0.1083722 0.9920618 0.0637878
vn 0.0993802 0.9949125 0.0165130
vn 0.1083722 0.9920618 0.0637878
vn 0.0964625 0.9937604 0.0559931
vn -0.5533471 -0.8312532 -0.0531515
vn -0.5035037 -0.8630551 -0.0402494
vn -0.6019272 -0.7949009 -0.0762639
vn -0.5533471 -0.8312532 -0.0531515
vn -0.6019272 -0.7949009 -0.0762639
vn -0.6400567 -0.7644513 -0.0770818
vn 0.0973538 0.9948947 -0.0265862
vn 0.1122466 0.9934940 -0.0192429
vn 0.1143816 0.9931266 0.0248273
vn 0.0973538 0.9948947 -0.0265862
vn 0.1143816 0.9931266 0.0248273
vn 0.0993802 0.9949125 0.0165130
vn -0.6400567 -0.7644513 -0.0770818
vn -0.6019272 -0.7949009 -0.0762639
vn -0.6102471 -0.7857180 -0.1012214
vn -0.6400567 -0.7644513 -0.0770818
vn -0.6102471 -0.7857180 -0.1012214
vn -0.6245635 -0.7756160 -0.0913254
vn 0.1082723 0.9919661 -0.0654251
vn 0.1199676 0.9909446 -0.0603036
vn 0.1122466 0.9934940 -0.0192429
vn 0.1082723 0.9919661 -0.0654251
vn 0.1122466 0.9934940 -0.0192429
vn 0.0973538 0.9948947 -0.0265862
vn -0.6245635 -0.7756160 -0.0913254
vn -0.6102471 -0.7857180 -0.1012214
vn -0.5706632 -0.8145438 -0.1042203
vn -0.6245635 -0.7756160 -0.0913254
vn -0.5706632 -0.8145438 -0.1042203
vn -0.5464409 -0.8330010 -0.0866696
vn 0.1463732 0.9847031 -0.0945233
vn 0.1529332 0.9839009 -0.0924693
vn 0.1199676 0.9909446 -0.0603036
vn 0.1463732 0.9847031 -0.0945233
vn 0.1199676 0.9909446 -0.0603036
vn 0.1082723 0.9919661 -0.0654251
vn -0.5464409 -0.8330010 -0.0866696
vn -0.5706632 -0.8145438 -0.1042203
vn -0.5404800 -0.8377880 -0.0774118
vn -0.5464409 -0.8330010 -0.0866696
vn -0.5404800 -0.8377880 -0.0774118
vn -0.4755006 -0.8779119 -0.0563006
vn 0.2205269 0.9690544 -0.1109120
vn 0.2210301 0.9687356 -0.1126807
vn 0.1529332 0.9839009 -0.0924693
vn 0.2205269 0.9690544 -0.1109120
vn 0.1529332 0.9839009 -0.0924693
vn 0.1463732 0.9847031 -0.0945233
vn -0.4755006 -0.8779119 -0.0563006
vn -0.5404800 -0.8377880 -0.0774118
vn -0.5648922 -0.8247658 -0.0256553
vn -0.4755006 -0.8779119 -0.0563006
vn -0.5648922 -0.8247658 -0.0256553
vn -0.4797271 -0.8773902 -0.0069622
vn 0.3374142 0.9346876 -0.1118516
vn 0.3312741 0.9360602 -0.1185275
vn 0.2210301 0.9687356 -0.1126807
vn 0.3374142 0.9346876 -0.1118516
vn 0.2210301 0.9687356 -0.1126807
vn 0.2205269 0.9690544 -0.1109120
vn -0.4797271 -0.8773902 -0.0069622
vn -0.5648922 -0.8247658 -0.0256553
vn -0.6503045 -0.7588516 0.0353298
vn -0.4797271 -0.8773902 -0.0069622
vn -0.6503045 -0.7588516 0.0353298
vn -0.5751521 -0.8167372 0.0462645
vn 0.5024558 0.8596610 -0.0923101
vn 0.4894734 0.8656137 -0.1054929
vn 0.3312741 0.9360602 -0.1185275
vn 0.5024558 0.8596610 -0.0923101
vn 0.3312741 0.9360602 -0.1185275
vn 0.3374142 0.9346876 -0.1118516
vn -0.5751521 -0.8167372 0.0462645
vn -0.6503045 -0.7588516 0.0353298
vn -0.7709710 -0.6310302 0.0860500
vn -0.5751521 -0.8167372 0.0462645
vn -0.7709710 -0.6310302 0.0860500
vn -0.7296909 -0.6782229 0.0869770
vn 0.7065659 0.7062380 -0.0446380
vn 0.6893500 0.7214375 -0.0657611
vn 0.4894734 0.8656137 -0.1054929
vn 0.7065659 0.7062380 -0.0446380
vn 0.4894734 0.8656137 -0.1054929
vn 0.5024558 0.8596610 -0.0923101
vn -0.7296909 -0.6782229 0.0869770
vn -0.7709710 -0.6310302 0.0860500
vn -0.8839155 -0.4543778 0.1106082
vn -0.7296909 -0.6782229 0.0869770
vn -0.8839155 -0.4543778 0.1106082
vn -0.8782186 -0.4672804 0.1018881
vn 0.8943695 0.4461369 0.0326361
vn 0.8816109 0.4719494 0.0050929
vn 0.6893500 0.7214375 -0.0657611
vn 0.8943695 0.4461369 0.0326361
vn 0.6893500 0.7214375 -0.0657611
vn 0.7065659 0.7062380 -0.0446380
vn -0.8782186 -0.4672804 0.1018881
vn -0.8839155 -0.4543778 0.1106082
vn -0.9557700 -0.2751225 0.1039778
vn -0.8782186 -0.4672804 0.1018881
vn -0.9557700 -0.2751225 0.1039778
vn -0.9659734 -0.2431580 0.0881455
vn 0.9837557 0.1337159 0.1197694
vn 0.9826621 0.1610222 0.0919075
vn 0.8816109 0.4719494 0.0050929
vn 0.9837557 0.1337159 0.1197694
vn 0.8816109 0.4719494 0.0050929
vn 0.8943695 0.4461369 0.0326361
vn -0.9659734 -0.2431580 0.0881455
vn -0.9557700 -0.2751225 0.1039778
vn -0.9877356 -0.1388814 0.0713464
vn -0.9659734 -0.2431580 0.0881455
vn -0.9877356 -0.1388814 0.0713464
vn -0.9960185 -0.0722753 0.0521874
vn 0.9780662 -0.0823499 0.1913241
vn 0.9835698 -0.0653515 0.1682846
vn 0.9826621 0.1610222 0.0919075
vn 0.9780662 -0.0823499 0.1913241
vn 0.9826621 0.1610222 0.0919075
vn 0.9837557 0.1337159 0.1197694
vn -0.9960185 -0.0722753 0.0521874
vn -0.9877356 -0.1388814 0.0713464
vn -0.9991210 -0.0280023 0.0311953
vn -0.9960185 -0.0722753 0.0521874
vn -0.9991210 -0.0280023 0.0311953
vn -0.9998712 0.0113719 0.0113280
vn 0.9680211 -0.0722657 0.2402351
vn 0.9727805 -0.0671434 0.2217881
vn 0.9835698 -0.0653515 0.1682846
vn 0.9680211 -0.0722657 0.2402351
vn 0.9835698 -0.0653515 0.1682846
vn 0.9780662 -0.0823499 0.1913241
vn -0.9998712 0.0113719 0.0113280
vn -0.9991210 -0.0280023 0.0311953
vn -0.9998140 0.0000000 0.0192860
vn -0.9998712 0.0113719 0.0113280
vn -0.9998140 0.0000000 0.0192860
vn -0.9999998 0.0000000 -0.0006605
vn 0.9688398 0.0000000 0.2476880
vn 0.9732916 0.0000000 0.2295724
vn 0.9727805 -0.0671434 0.2217881
vn 0.9688398 0.0000000 0.2476880
vn 0.9727805 -0.0671434 0.2217881
vn 0.9680211 -0.0722657 0.2402351
vn 0.0000000 -1.0000000 0.0000000
vn 0.0000000 -1.0000000 0.0000000
vn 0.0000000 -1.0000000 0.0000000
vn 0.0000000 -1.0000000 0.0000000
vn 0.0000000 -1.0000000 0.0000000
vn 0.0000000 -1.0000000 0.0000000
vn 0.0000000 -1.0000000 0.0000000
vn 0.0000000 -1.0000000 0.0000000
vn 0.0000000 -1.0000000 0.0000000
vn 0.0000000 -1.0000000 0.0000000
vn 0.0000000 -1.0000000 0.0000000
vn 0.0000000 -1.0000000 0.0000000
vn 0.9997116 0.0000000 -0.0240145
vn 0.9991639 0.0000000 -0.0408840
vn 0.9913666 -0.1277033 -0.0297356
vn 0.9997116 0.0000000 -0.0240145
vn 0.9913666 -0.1277033 -0.0297356
vn 0.9964385 -0.0834474 -0.0121219
vn -0.9702222 -0.0496856 -0.2370659
vn -0.9748911 -0.0467572 -0.2177179
vn -0.9764239 0.0000000 -0.2158617
vn -0.9702222 -0.0496856 -0.2370659
vn -0.9764239 0.0000000 -0.2158617
vn -0.9717636 0.0000000 -0.2359567
vn 0.9964385 -0.0834474 -0.0121219
vn 0.9913666 -0.1277033 -0.0297356
vn 0.9580378 -0.2864151 0.0113983
vn 0.9964385 -0.0834474 -0.0121219
vn 0.9580378 -0.2864151 0.0113983
vn 0.9787395 -0.2027411 0.0310642
vn -0.9631530 -0.0784077 -0.2572712
vn -0.9669934 -0.0746979 -0.2436063
vn -0.9748911 -0.0467572 -0.2177179
vn -0.9631530 -0.0784077 -0.2572712
vn -0.9748911 -0.0467572 -0.2177179
vn -0.9702222 -0.0496856 -0.2370659
vn 0.9787395 -0.2027411 0.0310642
vn 0.9580378 -0.2864151 0.0113983
vn 0.9249294 -0.3764486 0.0528395
vn 0.9787395 -0.2027411 0.0310642
vn 0.9249294 -0.3764486 0.0528395
vn 0.9462510 -0.3148062 0.0742035
vn -0.9643168 0.0278729 -0.2632796
vn -0.9664096 0.0244998 -0.2558365
vn -0.9669934 -0.0746979 -0.2436063
vn -0.9643168 0.0278729 -0.2632796
vn -0.9669934 -0.0746979 -0.2436063
vn -0.9631530 -0.0784077 -0.2572712
vn 0.9462510 -0.3148062 0.0742035
vn 0.9249294 -0.3764486 0.0528395
vn 0.9105163 -0.4063126 0.0766171
vn 0.9462510 -0.3148062 0.0742035
vn 0.9105163 -0.4063126 0.0766171
vn 0.9195642 -0.3805771 0.0977893
vn -0.9390898 0.2453195 -0.2406836
vn -0.9425019 0.2328981 -0.2396846
vn -0.9664096 0.0244998 -0.2558365
vn -0.9390898 0.2453195 -0.2406836
vn -0.9664096 0.0244998 -0.2558365
vn -0.9643168 0.0278729 -0.2632796
vn 0.9195642 -0.3805771 0.0977893
vn 0.9105163 -0.4063126 0.0766171
vn 0.9158312 -0.3936427 0.0793644
vn 0.9195642 -0.3805771 0.0977893
vn 0.9158312 -0.3936427 0.0793644
vn 0.9081375 -0.4070676 0.0978889
vn -0.8432927 0.5043755 -0.1856413
vn -0.8521574 0.4872423 -0.1908473
vn -0.9425019 0.2328981 -0.2396846
vn -0.8432927 0.5043755 -0.1856413
vn -0.9425019 0.2328981 -0.2396846
vn -0.9390898 0.2453195 -0.2406836
vn 0.9081375 -0.4070676 0.0978889
vn 0.9158312 -0.3936427 0.0793644
vn 0.9215648 -0.3827385 0.0650356
vn 0.9081375 -0.4070676 0.0978889
vn 0.9215648 -0.3827385 0.0650356
vn 0.9034328 -0.4214728 0.0785491
vn -0.6784886 0.7263267 -0.1100125
vn -0.6927175 0.7113240 -0.1189984
vn -0.8521574 0.4872423 -0.1908473
vn -0.6784886 0.7263267 -0.1100125
vn -0.8521574 0.4872423 -0.1908473
vn -0.8432927 0.5043755 -0.1856413
vn 0.9034328 -0.4214728 0.0785491
vn 0.9215648 -0.3827385 0.0650356
vn 0.9046527 -0.4239775 0.0429714
vn 0.9034328 -0.4214728 0.0785491
vn 0.9046527 -0.4239775 0.0429714
vn 0.8852324 -0.4624294 0.0502261
vn -0.4902036 0.8709071 -0.0349474
vn -0.5058992 0.8614539 -0.0443091
vn -0.6927175 0.7113240 -0.1189984
vn -0.4902036 0.8709071 -0.0349474
vn -0.6927175 0.7113240 -0.1189984
vn -0.6784886 0.7263267 -0.1100125
vn 0.8852324 -0.4624294 0.0502261
vn 0.9046527 -0.4239775 0.0429714
vn 0.8452361 -0.5338225 0.0246864
vn 0.8852324 -0.4624294 0.0502261
vn 0.8452361 -0.5338225 0.0246864
vn 0.8328282 -0.5529193 0.0260269
vn -0.3174112 0.9479308 0.0260267
vn -0.3311047 0.9434093 0.0186687
vn -0.5058992 0.8614539 -0.0443091
vn -0.3174112 0.9479308 0.0260267
vn -0.5058992 0.8614539 -0.0443091
vn -0.4902036 0.8709071 -0.0349474
vn 0.8328282 -0.5529193 0.0260269
vn 0.8452361 -0.5338225 0.0246864
vn 0.7260045 -0.6873967 0.0200822
vn 0.8328282 -0.5529193 0.0260269
vn 0.7260045 -0.6873967 0.0200822
vn 0.7274053 -0.6860244 0.0158766
vn -0.1737429 0.9823677 0.0690449
vn -0.1836514 0.9808543 0.0647840
vn -0.3311047 0.9434093 0.0186687
vn -0.1737429 0.9823677 0.0690449
vn -0.3311047 0.9434093 0.0186687
vn -0.3174112 0.9479308 0.0260267
vn 0.7274053 -0.6860244 0.0158766
vn 0.7260045 -0.6873967 0.0200822
vn 0.5393011 -0.8415581 0.0305673
vn 0.7274053 -0.6860244 0.0158766
vn 0.5393011 -0.8415581 0.0305673
vn 0.5525816 -0.8332096 0.0203801
vn -0.0600773 0.9937630 0.0939463
vn -0.0652987 0.9935139 0.0930927
vn -0.1836514 0.9808543 0.0647840
vn -0.0600773 0.9937630 0.0939463
vn -0.1836514 0.9808543 0.0647840
vn -0.1737429 0.9823677 0.0690449
vn 0.5525816 -0.8332096 0.0203801
vn 0.5393011 -0.8415581 0.0305673
vn 0.2941177 -0.9547329 0.0444956
vn 0.5525816 -0.8332096 0.0203801
vn 0.2941177 -0.9547329 0.0444956
vn 0.3019430 -0.9529067 0.0282706
vn 0.0246465 0.9945813 0.1009979
vn 0.0247597 0.9943282 0.1034328
vn -0.0652987 0.9935139 0.0930927
vn 0.0246465 0.9945813 0.1009979
vn -0.0652987 0.9935139 0.0930927
vn -0.0600773 0.9937630 0.0939463
vn 0.3019430 -0.9529067 0.0282706
vn 0.2941177 -0.9547329 0.0444956
vn 0.0187634 -0.9988619 0.0438490
vn 0.3019430 -0.9529067 0.0282706
vn 0.0187634 -0.9988619 0.0438490
vn -0.0021704 -0.9997341 0.0229586
vn 0.0804831 0.9926391 0.0904993
vn 0.0863364 0.9916494 0.0957993
vn 0.0247597 0.9943282 0.1034328
vn 0.0804831 0.9926391 0.0904993
vn 0.0247597 0.9943282 0.1034328
vn 0.0246465 0.9945813 0.1009979
vn -0.0021704 -0.9997341 0.0229586
vn 0.0187634 -0.9988619 0.0438490
vn -0.2407949 -0.9703948 0.0187529
vn -0.0021704 -0.9997341 0.0229586
vn -0.2407949 -0.9703948 0.0187529
vn -0.2950414 -0.9554803 -0.0028115
vn 0.1083722 0.9920618 0.0637878
vn 0.1196117 0.9902660 0.0711775
vn 0.0863364 0.9916494 0.0957993
vn 0.1083722 0.9920618 0.0637878
vn 0.0863364 0.9916494 0.0957993
vn 0.0804831 0.9926391 0.0904993
vn -0.2950414 -0.9554803 -0.0028115
vn -0.2407949 -0.9703948 0.0187529
vn -0.4358981 -0.8996621 -0.0245127
vn -0.2950414 -0.9554803 -0.0028115
vn -0.4358981 -0.8996621 -0.0245127
vn -0.5035037 -0.8630551 -0.0402494
vn 0.1143816 0.9931266 0.0248273
vn 0.1292376 0.9910617 0.0330807
vn 0.1196117 0.9902660 0.0711775
vn 0.1143816 0.9931266 0.0248273
vn 0.1196117 0.9902660 0.0711775
vn 0.1083722 0.9920618 0.0637878
vn -0.5035037 -0.8630551 -0.0402494
vn -0.4358981 -0.8996621 -0.0245127
vn -0.5441263 -0.8360136 -0.0707665
vn -0.5035037 -0.8630551 -0.0402494
vn -0.5441263 -0.8360136 -0.0707665
vn -0.6019272 -0.7949009 -0.0762639
vn 0.1122466 0.9934940 -0.0192429
vn 0.1276114 0.9917558 -0.0116530
vn 0.1292376 0.9910617 0.0330807
vn 0.1122466 0.9934940 -0.0192429
vn 0.1292376 0.9910617 0.0330807
vn 0.1143816 0.9931266 0.0248273
vn -0.6019272 -0.7949009 -0.0762639
vn -0.5441263 -0.8360136 -0.0707665
vn -0.5804408 -0.8074509 -0.1054115
vn -0.6019272 -0.7949009 -0.0762639
vn -0.5804408 -0.8074509 -0.1054115
vn -0.6102471 -0.7857180 -0.1012214
vn 0.1199676 0.9909446 -0.0603036
vn 0.1325967 0.9896576 -0.0547356
vn 0.1276114 0.9917558 -0.0116530
vn 0.1199676 0.9909446 -0.0603036
vn 0.1276114 0.9917558 -0.0116530
vn 0.1122466 0.9934940 -0.0192429
vn -0.6102471 -0.7857180 -0.1012214
vn -0.5804408 -0.8074509 -0.1054115
vn -0.5839156 -0.8035744 -0.1153722
vn -0.6102471 -0.7857180 -0.1012214
vn -0.5839156 -0.8035744 -0.1153722
vn -0.5706632 -0.8145438 -0.1042203
vn 0.1529332 0.9839009 -0.0924693
vn 0.1606495 0.9829135 -0.0898488
vn 0.1325967 0.9896576 -0.0547356
vn 0.1529332 0.9839009 -0.0924693
vn 0.1325967 0.9896576 -0.0547356
vn 0.1199676 0.9909446 -0.0603036
vn -0.5706632 -0.8145438 -0.1042203
vn -0.5839156 -0.8035744 -0.1153722
vn -0.5980996 -0.7960479 -0.0926531
vn -0.5706632 -0.8145438 -0.1042203
vn -0.5980996 -0.7960479 -0.0926531
vn -0.5404800 -0.8377880 -0.0774118
vn 0.2210301 0.9687356 -0.1126807
vn 0.2227741 0.9682095 -0.1137636
vn 0.1606495 0.9829135 -0.0898488
vn 0.2210301 0.9687356 -0.1126807
vn 0.1606495 0.9829135 -0.0898488
vn 0.1529332 0.9839009 -0.0924693
vn -0.5404800 -0.8377880 -0.0774118
vn -0.5980996 -0.7960479 -0.0926531
vn -0.6473356 -0.7611038 -0.0409594
vn -0.5404800 -0.8377880 -0.0774118
vn -0.6473356 -0.7611038 -0.0409594
vn -0.5648922 -0.8247658 -0.0256553
vn 0.3312741 0.9360602 -0.1185275
vn 0.3264173 0.9370106 -0.1243496
vn 0.2227741 0.9682095 -0.1137636
vn 0.3312741 0.9360602 -0.1185275
vn 0.2227741 0.9682095 -0.1137636
vn 0.2210301 0.9687356 -0.1126807
vn -0.5648922 -0.8247658 -0.0256553
vn -0.6473356 -0.7611038 -0.0409594
vn -0.7275588 -0.6856207 0.0241318
vn -0.5648922 -0.8247658 -0.0256553
vn -0.7275588 -0.6856207 0.0241318
vn -0.6503045 -0.7588516 0.0353298
vn 0.4894734 0.8656137 -0.1054929
vn 0.4776652 0.8706299 -0.1176421
vn 0.3264173 0.9370106 -0.1243496
vn 0.4894734 0.8656137 -0.1054929
vn 0.3264173 0.9370106 -0.1243496
vn 0.3312741 0.9360602 -0.1185275
vn -0.6503045 -0.7588516 0.0353298
vn -0.7275588 -0.6856207 0.0241318
vn -0.8180111 -0.5694157 0.0813851
vn -0.6503045 -0.7588516 0.0353298
vn -0.8180111 -0.5694157 0.0813851
vn -0.7709710 -0.6310302 0.0860500
vn 0.6893500 0.7214375 -0.0657611
vn 0.6725519 0.7350425 -0.0859446
vn 0.4776652 0.8706299 -0.1176421
vn 0.6893500 0.7214375 -0.0657611
vn 0.4776652 0.8706299 -0.1176421
vn 0.4894734 0.8656137 -0.1054929
vn -0.7709710 -0.6310302 0.0860500
vn -0.8180111 -0.5694157 0.0813851
vn -0.8954018 -0.4305722 0.1134159
vn -0.7709710 -0.6310302 0.0860500
vn -0.8954018 -0.4305722 0.1134159
vn -0.8839155 -0.4543778 0.1106082
vn 0.8816109 0.4719494 0.0050929
vn 0.8677834 0.4964345 -0.0224670
vn 0.6725519 0.7350425 -0.0859446
vn 0.8816109 0.4719494 0.0050929
vn 0.6725519 0.7350425 -0.0859446
vn 0.6893500 0.7214375 -0.0657611
vn -0.8839155 -0.4543778 0.1106082
vn -0.8954018 -0.4305722 0.1134159
vn -0.9466625 -0.3014829 0.1137462
vn -0.8839155 -0.4543778 0.1106082
vn -0.9466625 -0.3014829 0.1137462
vn -0.9557700 -0.2751225 0.1039778
vn 0.9826621 0.1610222 0.0919075
vn 0.9800753 0.1885515 0.0624554
vn 0.8677834 0.4964345 -0.0224670
vn 0.9826621 0.1610222 0.0919075
vn 0.8677834 0.4964345 -0.0224670
vn 0.8816109 0.4719494 0.0050929
vn -0.9557700 -0.2751225 0.1039778
vn -0.9466625 -0.3014829 0.1137462
vn -0.9751314 -0.2042573 0.0860097
vn -0.9557700 -0.2751225 0.1039778
vn -0.9751314 -0.2042573 0.0860097
vn -0.9877356 -0.1388814 0.0713464
vn 0.9835698 -0.0653515 0.1682846
vn 0.9886354 -0.0473259 0.1426898
vn 0.9800753 0.1885515 0.0624554
vn 0.9835698 -0.0653515 0.1682846
vn 0.9800753 0.1885515 0.0624554
vn 0.9826621 0.1610222 0.0919075
vn -0.9877356 -0.1388814 0.0713464
vn -0.9751314 -0.2042573 0.0860097
vn -0.9964672 -0.0683471 0.0488037
vn -0.9877356 -0.1388814 0.0713464
vn -0.9964672 -0.0683471 0.0488037
vn -0.9991210 -0.0280023 0.0311953
vn 0.9727805 -0.0671434 0.2217881
vn 0.9777699 -0.0615541 0.2004421
vn 0.9886354 -0.0473259 0.1426898
vn 0.9727805 -0.0671434 0.2217881
vn 0.9886354 -0.0473259 0.1426898
vn 0.9835698 -0.0653515 0.1682846
vn -0.9991210 -0.0280023 0.0311953
vn -0.9964672 -0.0683471 0.0488037
vn -0.9992935 0.0000000 0.0375824
vn -0.9991210 -0.0280023 0.0311953
vn -0.9992935 0.0000000 0.0375824
vn -0.9998140 0.0000000 0.0192860
vn 0.9732916 0.0000000 0.2295724
vn 0.9780155 0.0000000 0.2085323
vn 0.9777699 -0.0615541 0.2004421
vn 0.9732916 0.0000000 0.2295724
vn 0.9777699 -0.0615541 0.2004421
vn 0.9727805 -0.0671434 0.2217881
vn 0.0000000 -1.0000000 0.0000000
vn 0.0000000 -1.0000000 0.0000000
vn 0.0000000 -1.0000000 0.0000000
vn 0.0000000 -1.0000000 0.0000000
vn 0.0000000 -1.0000000 0.0000000
vn 0.0000000 -1.0000000 0.0000000
vn 0.0000000 -1.0000000 0.0000000
vn 0.0000000 -1.0000000 0.0000000
vn 0.0000000 -1.0000000 0.0000000
vn 0.0000000 -1.0000000 0.0000000
vn 0.0000000 -1.0000000 0.0000000
vn 0.0000000 -1.0000000 0.0000000
vn 0.9991639 0.0000000 -0.0408840
vn 0.9984688 0.0000000 -0.0553181
vn 0.9850276 -0.1663359 -0.0453108
vn 0.9991639 0.0000000 -0.0408840
vn 0.9850276 -0.1663359 -0.0453108
vn 0.9913666 -0.1277033 -0.0297356
vn -0.9748911 -0.0467572 -0.2177179
vn -0.9797198 -0.0431895 -0.1956626
vn -0.9811920 0.0000000 -0.1930345
vn -0.9748911 -0.0467572 -0.2177179
vn -0.9811920 0.0000000 -0.1930345
vn -0.9764239 0.0000000 -0.2158617
vn 0.9913666 -0.1277033 -0.0297356
vn 0.9850276 -0.1663359 -0.0453108
vn 0.9328595 -0.3601609 -0.0075672
vn 0.9913666 -0.1277033 -0.0297356
vn 0.9328595 -0.3601609 -0.0075672
vn 0.9580378 -0.2864151 0.0113983
vn -0.9669934 -0.0746979 -0.2436063
vn -0.9713974 -0.0692637 -0.2271335
vn -0.9797198 -0.0431895 -0.1956626
vn -0.9669934 -0.0746979 -0.2436063
vn -0.9797198 -0.0431895 -0.1956626
vn -0.9748911 -0.0467572 -0.2177179
vn 0.9580378 -0.2864151 0.0113983
vn 0.9328595 -0.3601609 -0.0075672
vn 0.9015204 -0.4316804 0.0302166
vn 0.9580378 -0.2864151 0.0113983
vn 0.9015204 -0.4316804 0.0302166
vn 0.9249294 -0.3764486 0.0528395
vn -0.9664096 0.0244998 -0.2558365
vn -0.9691025 0.0234704 -0.2455392
vn -0.9713974 -0.0692637 -0.2271335
vn -0.9664096 0.0244998 -0.2558365
vn -0.9713974 -0.0692637 -0.2271335
vn -0.9669934 -0.0746979 -0.2436063
vn 0.9249294 -0.3764486 0.0528395
vn 0.9015204 -0.4316804 0.0302166
vn 0.9004986 -0.4316657 0.0526021
vn 0.9249294 -0.3764486 0.0528395
vn 0.9004986 -0.4316657 0.0526021
vn 0.9105163 -0.4063126 0.0766171
vn -0.9425019 0.2328981 -0.2396846
vn -0.9459224 0.2227596 -0.2358154
vn -0.9691025 0.0234704 -0.2455392
vn -0.9425019 0.2328981 -0.2396846
vn -0.9691025 0.0234704 -0.2455392
vn -0.9664096 0.0244998 -0.2558365
vn 0.9105163 -0.4063126 0.0766171
vn 0.9004986 -0.4316657 0.0526021
vn 0.9206247 -0.3862355 0.0572039
vn 0.9105163 -0.4063126 0.0766171
vn 0.9206247 -0.3862355 0.0572039
vn 0.9158312 -0.3936427 0.0793644
vn -0.8521574 0.4872423 -0.1908473
vn -0.8603431 0.4715514 -0.1935177
vn -0.9459224 0.2227596 -0.2358154
vn -0.8521574 0.4872423 -0.1908473
vn -0.9459224 0.2227596 -0.2358154
vn -0.9425019 0.2328981 -0.2396846
vn 0.9158312 -0.3936427 0.0793644
vn 0.9206247 -0.3862355 0.0572039
vn 0.9339267 -0.3541929 0.0482529
vn 0.9158312 -0.3936427 0.0793644
vn 0.9339267 -0.3541929 0.0482529
vn 0.9215648 -0.3827385 0.0650356
vn -0.6927175 0.7113240 -0.1189984
vn -0.7062303 0.6966218 -0.1263204
vn -0.8603431 0.4715514 -0.1935177
vn -0.6927175 0.7113240 -0.1189984
vn -0.8603431 0.4715514 -0.1935177
vn -0.8521574 0.4872423 -0.1908473
vn 0.9215648 -0.3827385 0.0650356
vn 0.9339267 -0.3541929 0.0482529
vn 0.9176319 -0.3960205 0.0334575
vn 0.9215648 -0.3827385 0.0650356
vn 0.9176319 -0.3960205 0.0334575
vn 0.9046527 -0.4239775 0.0429714
vn -0.5058992 0.8614539 -0.0443091
vn -0.5213972 0.8516634 -0.0530515
vn -0.7062303 0.6966218 -0.1263204
vn -0.5058992 0.8614539 -0.0443091
vn -0.7062303 0.6966218 -0.1263204
vn -0.6927175 0.7113240 -0.1189984
vn 0.9046527 -0.4239775 0.0429714
vn 0.9176319 -0.3960205 0.0334575
vn 0.8518386 -0.5233507 0.0217930
vn 0.9046527 -0.4239775 0.0429714
vn 0.8518386 -0.5233507 0.0217930
vn 0.8452361 -0.5338225 0.0246864
vn -0.3311047 0.9434093 0.0186687
vn -0.3451384 0.9384860 0.0111156
vn -0.5213972 0.8516634 -0.0530515
vn -0.3311047 0.9434093 0.0186687
vn -0.5213972 0.8516634 -0.0530515
vn -0.5058992 0.8614539 -0.0443091
vn 0.8452361 -0.5338225 0.0246864
vn 0.8518386 -0.5233507 0.0217930
vn 0.7182594 -0.6954071 0.0226339
vn 0.8452361 -0.5338225 0.0246864
vn 0.7182594 -0.6954071 0.0226339
vn 0.7260045 -0.6873967 0.0200822
vn -0.1836514 0.9808543 0.0647840
vn -0.1942552 0.9791239 0.0598437
vn -0.3451384 0.9384860 0.0111156
vn -0.1836514 0.9808543 0.0647840
vn -0.3451384 0.9384860 0.0111156
vn -0.3311047 0.9434093 0.0186687
vn 0.7260045 -0.6873967 0.0200822
vn 0.7182594 -0.6954071 0.0226339
vn 0.5187807 -0.8540524 0.0382226
vn 0.7260045 -0.6873967 0.0200822
vn 0.5187807 -0.8540524 0.0382226
vn 0.5393011 -0.8415581 0.0305673
vn -0.0652987 0.9935139 0.0930927
vn -0.0714201 0.9932542 0.0913527
vn -0.1942552 0.9791239 0.0598437
vn -0.0652987 0.9935139 0.0930927
vn -0.1942552 0.9791239 0.0598437
vn -0.1836514 0.9808543 0.0647840
vn 0.5393011 -0.8415581 0.0305673
vn 0.5187807 -0.8540524 0.0382226
vn 0.2798661 -0.9583434 0.0570343
vn 0.5393011 -0.8415581 0.0305673
vn 0.2798661 -0.9583434 0.0570343
vn 0.2941177 -0.9547329 0.0444956
vn 0.0247597 0.9943282 0.1034328
vn 0.0238730 0.9941879 0.1049789
vn -0.0714201 0.9932542 0.0913527
vn 0.0247597 0.9943282 0.1034328
vn -0.0714201 0.9932542 0.0913527
vn -0.0652987 0.9935139 0.0930927
vn 0.2941177 -0.9547329 0.0444956
vn 0.2798661 -0.9583434 0.0570343
vn 0.0362690 -0.9974937 0.0607520
vn 0.2941177 -0.9547329 0.0444956
vn 0.0362690 -0.9974937 0.0607520
vn 0.0187634 -0.9988619 0.0438490
vn 0.0863364 0.9916494 0.0957993
vn 0.0912149 0.9907614 0.1003575
vn 0.0238730 0.9941879 0.1049789
vn 0.0863364 0.9916494 0.0957993
vn 0.0238730 0.9941879 0.1049789
vn 0.0247597 0.9943282 0.1034328
vn 0.0187634 -0.9988619 0.0438490
vn 0.0362690 -0.9974937 0.0607520
vn -0.1822590 -0.9825099 0.0381579
vn 0.0187634 -0.9988619 0.0438490
vn -0.1822590 -0.9825099 0.0381579
vn -0.2407949 -0.9703948 0.0187529
vn 0.1196117 0.9902660 0.0711775
vn 0.1301132 0.9884195 0.0780862
vn 0.0912149 0.9907614 0.1003575
vn 0.1196117 0.9902660 0.0711775
vn 0.0912149 0.9907614 0.1003575
vn 0.0863364 0.9916494 0.0957993
vn -0.2407949 -0.9703948 0.0187529
vn -0.1822590 -0.9825099 0.0381579
vn -0.3532034 -0.9355175 -0.0073760
vn -0.2407949 -0.9703948 0.0187529
vn -0.3532034 -0.9355175 -0.0073760
vn -0.4358981 -0.8996621 -0.0245127
vn 0.1292376 0.9910617 0.0330807
vn 0.1438573 0.9887410 0.0411860
vn 0.1301132 0.9884195 0.0780862
vn 0.1292376 0.9910617 0.0330807
vn 0.1301132 0.9884195 0.0780862
vn 0.1196117 0.9902660 0.0711775
vn -0.4358981 -0.8996621 -0.0245127
vn -0.3532034 -0.9355175 -0.0073760
vn -0.4668754 -0.8822273 -0.0608466
vn -0.4358981 -0.8996621 -0.0245127
vn -0.4668754 -0.8822273 -0.0608466
vn -0.5441263 -0.8360136 -0.0707665
vn 0.1276114 0.9917558 -0.0116530
vn 0.1433760 0.9896606 -0.0038922
vn 0.1438573 0.9887410 0.0411860
vn 0.1276114 0.9917558 -0.0116530
vn 0.1438573 0.9887410 0.0411860
vn 0.1292376 0.9910617 0.0330807
vn -0.5441263 -0.8360136 -0.0707665
vn -0.4668754 -0.8822273 -0.0608466
vn -0.5351234 -0.8383884 -0.1036717
vn -0.5441263 -0.8360136 -0.0707665
vn -0.5351234 -0.8383884 -0.1036717
vn -0.5804408 -0.8074509 -0.1054115
vn 0.1325967 0.9896576 -0.0547356
vn 0.1461354 0.9880614 -0.0487753
vn 0.1433760 0.9896606 -0.0038922
vn 0.1325967 0.9896576 -0.0547356
vn 0.1433760 0.9896606 -0.0038922
vn 0.1276114 0.9917558 -0.0116530
vn -0.5804408 -0.8074509 -0.1054115
vn -0.5351234 -0.8383884 -0.1036717
vn -0.5862477 -0.8011989 -0.1199747
vn -0.5804408 -0.8074509 -0.1054115
vn -0.5862477 -0.8011989 -0.1199747
vn -0.5839156 -0.8035744 -0.1153722
vn 0.1606495 0.9829135 -0.0898488
vn 0.1695345 0.9817032 -0.0866995
vn 0.1461354 0.9880614 -0.0487753
vn 0.1606495 0.9829135 -0.0898488
vn 0.1461354 0.9880614 -0.0487753
vn 0.1325967 0.9896576 -0.0547356
vn -0.5839156 -0.8035744 -0.1153722
vn -0.5862477 -0.8011989 -0.1199747
vn -0.6459020 -0.7566426 -0.1015021
vn -0.5839156 -0.8035744 -0.1153722
vn -0.6459020 -0.7566426 -0.1015021
vn -0.5980996 -0.7960479 -0.0926531
vn 0.2227741 0.9682095 -0.1137636
vn 0.2257817 0.9674630 -0.1141840
vn 0.1695345 0.9817032 -0.0866995
vn 0.2227741 0.9682095 -0.1137636
vn 0.1695345 0.9817032 -0.0866995
vn 0.1606495 0.9829135 -0.0898488
vn -0.5980996 -0.7960479 -0.0926531
vn -0.6459020 -0.7566426 -0.1015021
vn -0.7204997 -0.6915245 -0.0517118
vn -0.5980996 -0.7960479 -0.0926531
vn -0.7204997 -0.6915245 -0.0517118
vn -0.6473356 -0.7611038 -0.0409594
vn 0.3264173 0.9370106 -0.1243496
vn 0.3228716 0.9375666 -0.1293165
vn 0.2257817 0.9674630 -0.1141840
vn 0.3264173 0.9370106 -0.1243496
vn 0.2257817 0.9674630 -0.1141840
vn 0.2227741 0.9682095 -0.1137636
vn -0.6473356 -0.7611038 -0.0409594
vn -0.7204997 -0.6915245 -0.0517118
vn -0.7986096 -0.6016881 0.0139334
vn -0.6473356 -0.7611038 -0.0409594
vn -0.7986096 -0.6016881 0.0139334
vn -0.7275588 -0.6856207 0.0241318
vn 0.4776652 0.8706299 -0.1176421
vn 0.4671065 0.8747853 -0.1286938
vn 0.3228716 0.9375666 -0.1293165
vn 0.4776652 0.8706299 -0.1176421
vn 0.3228716 0.9375666 -0.1293165
vn 0.3264173 0.9370106 -0.1243496
vn -0.7275588 -0.6856207 0.0241318
vn -0.7986096 -0.6016881 0.0139334
vn -0.8648534 -0.4965511 0.0739294
vn -0.7275588 -0.6856207 0.0241318
vn -0.8648534 -0.4965511 0.0739294
vn -0.8180111 -0.5694157 0.0813851
vn 0.6725519 0.7350425 -0.0859446
vn 0.6563789 0.7470943 -0.1049616
vn 0.4671065 0.8747853 -0.1286938
vn 0.6725519 0.7350425 -0.0859446
vn 0.4671065 0.8747853 -0.1286938
vn 0.4776652 0.8706299 -0.1176421
vn -0.8180111 -0.5694157 0.0813851
vn -0.8648534 -0.4965511 0.0739294
vn -0.9112002 -0.3967780 0.1108213
vn -0.8180111 -0.5694157 0.0813851
vn -0.9112002 -0.3967780 0.1108213
vn -0.8954018 -0.4305722 0.1134159
vn 0.8677834 0.4964345 -0.0224670
vn 0.8530992 0.5193893 -0.0495638
vn 0.6563789 0.7470943 -0.1049616
vn 0.8677834 0.4964345 -0.0224670
vn 0.6563789 0.7470943 -0.1049616
vn 0.6725519 0.7350425 -0.0859446
vn -0.8954018 -0.4305722 0.1134159
vn -0.9112002 -0.3967780 0.1108213
vn -0.9400041 -0.3203804 0.1172548
vn -0.8954018 -0.4305722 0.1134159
vn -0.9400041 -0.3203804 0.1172548
vn -0.9466625 -0.3014829 0.1137462
vn 0.9800753 0.1885515 0.0624554
vn 0.9758783 0.2159639 0.0319547
vn 0.8530992 0.5193893 -0.0495638
vn 0.9800753 0.1885515 0.0624554
vn 0.8530992 0.5193893 -0.0495638
vn 0.8677834 0.4964345 -0.0224670
vn -0.9466625 -0.3014829 0.1137462
vn -0.9400041 -0.3203804 0.1172548
vn -0.9596656 -0.2644942 0.0953137
vn -0.9466625 -0.3014829 0.1137462
vn -0.9596656 -0.2644942 0.0953137
vn -0.9751314 -0.2042573 0.0860097
vn 0.9886354 -0.0473259 0.1426898
vn 0.9929671 -0.0284376 0.1149247
vn 0.9758783 0.2159639 0.0319547
vn 0.9886354 -0.0473259 0.1426898
vn 0.9758783 0.2159639 0.0319547
vn 0.9800753 0.1885515 0.0624554
vn -0.9751314 -0.2042573 0.0860097
vn -0.9596656 -0.2644942 0.0953137
vn -0.9921906 -0.1075473 0.0631769
vn -0.9751314 -0.2042573 0.0860097
vn -0.9921906 -0.1075473 0.0631769
vn -0.9964672 -0.0683471 0.0488037
vn 0.9777699 -0.0615541 0.2004421
vn 0.9827338 -0.0555287 0.1764960
vn 0.9929671 -0.0284376 0.1149247
vn 0.9777699 -0.0615541 0.2004421
vn 0.9929671 -0.0284376 0.1149247
vn 0.9886354 -0.0473259 0.1426898
vn -0.9964672 -0.0683471 0.0488037
vn -0.9921906 -0.1075473 0.0631769
vn -0.9985781 0.0000000 0.0533075
vn -0.9964672 -0.0683471 0.0488037
vn -0.9985781 0.0000000 0.0533075
vn -0.9992935 0.0000000 0.0375824
vn 0.9780155 0.0000000 0.2085323
vn 0.9827642 0.0000000 0.1848633
vn 0.9827338 -0.0555287 0.1764960
vn 0.9780155 0.0000000 0.2085323
vn 0.9827338 -0.0555287 0.1764960
vn 0.9777699 -0.0615541 0.2004421
vn 0.0000000 -1.0000000 0.0000000
vn 0.0000000 -1.0000000 0.0000000
vn 0.0000000 -1.0000000 0.0000000
vn 0.0000000 -1.0000000 0.0000000
vn 0.0000000 -1.0000000 0.0000000
vn 0.0000000 -1.0000000 0.0000000
vn 0.0000000 -1.0000000 0.0000000
vn 0.0000000 -1.0000000 0.0000000
vn 0.0000000 -1.0000000 0.0000000
vn 0.0000000 -1.0000000 0.0000000
vn 0.0000000 -1.0000000 0.0000000
vn 0.0000000 -1.0000000 0.0000000
vn 0.9984688 0.0000000 -0.0553181
vn 0.9977878 0.0000000 -0.0664788
vn 0.9785424 -0.1977206 -0.0579777
vn 0.9984688 0.0000000 -0.0553181
vn 0.9785424 -0.1977206 -0.0579777
vn 0.9850276 -0.1663359 -0.0453108
vn -0.9797198 -0.0431895 -0.1956626
vn -0.9844618 -0.0390005 -0.1712131
vn -0.9858211 0.0000000 -0.1677995
vn -0.9797198 -0.0431895 -0.1956626
vn -0.9858211 0.0000000 -0.1677995
vn -0.9811920 0.0000000 -0.1930345
vn 0.9850276 -0.1663359 -0.0453108
vn 0.9785424 -0.1977206 -0.0579777
vn 0.9067898 -0.4208543 -0.0247775
vn 0.9850276 -0.1663359 -0.0453108
vn 0.9067898 -0.4208543 -0.0247775
vn 0.9328595 -0.3601609 -0.0075672
vn -0.9713974 -0.0692637 -0.2271335
vn -0.9761346 -0.0621273 -0.2080901
vn -0.9844618 -0.0390005 -0.1712131
vn -0.9713974 -0.0692637 -0.2271335
vn -0.9844618 -0.0390005 -0.1712131
vn -0.9797198 -0.0431895 -0.1956626
vn 0.9328595 -0.3601609 -0.0075672
vn 0.9067898 -0.4208543 -0.0247775
vn 0.8782659 -0.4781137 0.0074991
vn 0.9328595 -0.3601609 -0.0075672
vn 0.8782659 -0.4781137 0.0074991
vn 0.9015204 -0.4316804 0.0302166
vn -0.9691025 0.0234704 -0.2455392
vn -0.9722583 0.0247765 -0.2325939
vn -0.9761346 -0.0621273 -0.2080901
vn -0.9691025 0.0234704 -0.2455392
vn -0.9761346 -0.0621273 -0.2080901
vn -0.9713974 -0.0692637 -0.2271335
vn 0.9015204 -0.4316804 0.0302166
vn 0.8782659 -0.4781137 0.0074991
vn 0.8900242 -0.4551242 0.0268139
vn 0.9015204 -0.4316804 0.0302166
vn 0.8900242 -0.4551242 0.0268139
vn 0.9004986 -0.4316657 0.0526021
vn -0.9459224 0.2227596 -0.2358154
vn -0.9493386 0.2149478 -0.2292459
vn -0.9722583 0.0247765 -0.2325939
vn -0.9459224 0.2227596 -0.2358154
vn -0.9722583 0.0247765 -0.2325939
vn -0.9691025 0.0234704 -0.2455392
vn 0.9004986 -0.4316657 0.0526021
vn 0.8900242 -0.4551242 0.0268139
vn 0.9223596 -0.3849811 0.0322855
vn 0.9004986 -0.4316657 0.0526021
vn 0.9223596 -0.3849811 0.0322855
vn 0.9206247 -0.3862355 0.0572039
vn -0.8603431 0.4715514 -0.1935177
vn -0.8678778 0.4574583 -0.1937012
vn -0.9493386 0.2149478 -0.2292459
vn -0.8603431 0.4715514 -0.1935177
vn -0.9493386 0.2149478 -0.2292459
vn -0.9459224 0.2227596 -0.2358154
vn 0.9206247 -0.3862355 0.0572039
vn 0.9223596 -0.3849811 0.0322855
vn 0.9407921 -0.3377656 0.0287173
vn 0.9206247 -0.3862355 0.0572039
vn 0.9407921 -0.3377656 0.0287173
vn 0.9339267 -0.3541929 0.0482529
vn -0.7062303 0.6966218 -0.1263204
vn -0.7189778 0.6824077 -0.1318736
vn -0.8678778 0.4574583 -0.1937012
vn -0.7062303 0.6966218 -0.1263204
vn -0.8678778 0.4574583 -0.1937012
vn -0.8603431 0.4715514 -0.1935177
vn 0.9339267 -0.3541929 0.0482529
vn 0.9407921 -0.3377656 0.0287173
vn 0.9243914 -0.3808214 0.0218082
vn 0.9339267 -0.3541929 0.0482529
vn 0.9243914 -0.3808214 0.0218082
vn 0.9176319 -0.3960205 0.0334575
vn -0.5213972 0.8516634 -0.0530515
vn -0.5365846 0.8416391 -0.0609969
vn -0.7189778 0.6824077 -0.1318736
vn -0.5213972 0.8516634 -0.0530515
vn -0.7189778 0.6824077 -0.1318736
vn -0.7062303 0.6966218 -0.1263204
vn 0.9176319 -0.3960205 0.0334575
vn 0.9243914 -0.3808214 0.0218082
vn 0.8523854 -0.5226244 0.0174033
vn 0.9176319 -0.3960205 0.0334575
vn 0.8523854 -0.5226244 0.0174033
vn 0.8518386 -0.5233507 0.0217930
vn -0.3451384 0.9384860 0.0111156
vn -0.3594065 0.9331744 0.0035298
vn -0.5365846 0.8416391 -0.0609969
vn -0.3451384 0.9384860 0.0111156
vn -0.5365846 0.8416391 -0.0609969
vn -0.5213972 0.8516634 -0.0530515
vn 0.8518386 -0.5233507 0.0217930
vn 0.8523854 -0.5226244 0.0174033
vn 0.7039397 -0.7098657 0.0236533
vn 0.8518386 -0.5233507 0.0217930
vn 0.7039397 -0.7098657 0.0236533
vn 0.7182594 -0.6954071 0.0226339
vn -0.1942552 0.9791239 0.0598437
vn -0.2054867 0.9771505 0.0543337
vn -0.3594065 0.9331744 0.0035298
vn -0.1942552 0.9791239 0.0598437
vn -0.3594065 0.9331744 0.0035298
vn -0.3451384 0.9384860 0.0111156
vn 0.7182594 -0.6954071 0.0226339
vn 0.7039397 -0.7098657 0.0236533
vn 0.4912348 -0.8699478 0.0433493
vn 0.7182594 -0.6954071 0.0226339
vn 0.4912348 -0.8699478 0.0433493
vn 0.5187807 -0.8540524 0.0382226
vn -0.0714201 0.9932542 0.0913527
vn -0.0784103 0.9929602 0.0887798
vn -0.2054867 0.9771505 0.0543337
vn -0.0714201 0.9932542 0.0913527
vn -0.2054867 0.9771505 0.0543337
vn -0.1942552 0.9791239 0.0598437
vn 0.5187807 -0.8540524 0.0382226
vn 0.4912348 -0.8699478 0.0433493
vn 0.2595403 -0.9634992 0.0656358
vn 0.5187807 -0.8540524 0.0382226
vn 0.2595403 -0.9634992 0.0656358
vn 0.2798661 -0.9583434 0.0570343
vn 0.0238730 0.9941879 0.1049789
vn 0.0219885 0.9941611 0.1056417
vn -0.0784103 0.9929602 0.0887798
vn 0.0238730 0.9941879 0.1049789
vn -0.0784103 0.9929602 0.0887798
vn -0.0714201 0.9932542 0.0913527
vn 0.2798661 -0.9583434 0.0570343
vn 0.2595403 -0.9634992 0.0656358
vn 0.0493579 -0.9961158 0.0729191
vn 0.2798661 -0.9583434 0.0570343
vn 0.0493579 -0.9961158 0.0729191
vn 0.0362690 -0.9974937 0.0607520
vn 0.0912149 0.9907614 0.1003575
vn 0.0950899 0.9900064 0.1041408
vn 0.0219885 0.9941611 0.1056417
vn 0.0912149 0.9907614 0.1003575
vn 0.0219885 0.9941611 0.1056417
vn 0.0238730 0.9941879 0.1049789
vn 0.0362690 -0.9974937 0.0607520
vn 0.0493579 -0.9961158 0.0729191
vn -0.1234694 -0.9908901 0.0537781
vn 0.0362690 -0.9974937 0.0607520
vn -0.1234694 -0.9908901 0.0537781
vn -0.1822590 -0.9825099 0.0381579
vn 0.1301132 0.9884195 0.0780862
vn 0.1398095 0.9865704 0.0844523
vn 0.0950899 0.9900064 0.1041408
vn 0.1301132 0.9884195 0.0780862
vn 0.0950899 0.9900064 0.1041408
vn 0.0912149 0.9907614 0.1003575
vn -0.1822590 -0.9825099 0.0381579
vn -0.1234694 -0.9908901 0.0537781
vn -0.2609066 -0.9653194 0.0092879
vn -0.1822590 -0.9825099 0.0381579
vn -0.2609066 -0.9653194 0.0092879
vn -0.3532034 -0.9355175 -0.0073760
vn 0.1438573 0.9887410 0.0411860
vn 0.1581450 0.9861959 0.0490687
vn 0.1398095 0.9865704 0.0844523
vn 0.1438573 0.9887410 0.0411860
vn 0.1398095 0.9865704 0.0844523
vn 0.1301132 0.9884195 0.0780862
vn -0.3532034 -0.9355175 -0.0073760
vn -0.2609066 -0.9653194 0.0092879
vn -0.3735114 -0.9264163 -0.0473504
vn -0.3532034 -0.9355175 -0.0073760
vn -0.3735114 -0.9264163 -0.0473504
vn -0.4668754 -0.8822273 -0.0608466
vn 0.1433760 0.9896606 -0.0038922
vn 0.1594567 0.9871969 0.0039737
vn 0.1581450 0.9861959 0.0490687
vn 0.1433760 0.9896606 -0.0038922
vn 0.1581450 0.9861959 0.0490687
vn 0.1438573 0.9887410 0.0411860
vn -0.4668754 -0.8822273 -0.0608466
vn -0.3735114 -0.9264163 -0.0473504
vn -0.4754940 -0.8744644 -0.0960078
vn -0.4668754 -0.8822273 -0.0608466
vn -0.4754940 -0.8744644 -0.0960078
vn -0.5351234 -0.8383884 -0.1036717
vn 0.1461354 0.9880614 -0.0487753
vn 0.1605485 0.9861139 -0.0424683
vn 0.1594567 0.9871969 0.0039737
vn 0.1461354 0.9880614 -0.0487753
vn 0.1594567 0.9871969 0.0039737
vn 0.1433760 0.9896606 -0.0038922
vn -0.5351234 -0.8383884 -0.1036717
vn -0.4754940 -0.8744644 -0.0960078
vn -0.5782026 -0.8073071 -0.1180550
vn -0.5351234 -0.8383884 -0.1036717
vn -0.5782026 -0.8073071 -0.1180550
vn -0.5862477 -0.8011989 -0.1199747
vn 0.1695345 0.9817032 -0.0866995
vn 0.1795962 0.9802283 -0.0830519
vn 0.1605485 0.9861139 -0.0424683
vn 0.1695345 0.9817032 -0.0866995
vn 0.1605485 0.9861139 -0.0424683
vn 0.1461354 0.9880614 -0.0487753
vn -0.5862477 -0.8011989 -0.1199747
vn -0.5782026 -0.8073071 -0.1180550
vn -0.6831257 -0.7228541 -0.1040252
vn -0.5862477 -0.8011989 -0.1199747
vn -0.6831257 -0.7228541 -0.1040252
vn -0.6459020 -0.7566426 -0.1015021
vn 0.2257817 0.9674630 -0.1141840
vn 0.2300760 0.9664768 -0.1139633
vn 0.1795962 0.9802283 -0.0830519
vn 0.2257817 0.9674630 -0.1141840
vn 0.1795962 0.9802283 -0.0830519
vn 0.1695345 0.9817032 -0.0866995
vn -0.6459020 -0.7566426 -0.1015021
vn -0.6831257 -0.7228541 -0.1040252
vn -0.7807542 -0.6221797 -0.0575787
vn -0.6459020 -0.7566426 -0.1015021
vn -0.7807542 -0.6221797 -0.0575787
vn -0.7204997 -0.6915245 -0.0517118
vn 0.3228716 0.9375666 -0.1293165
vn 0.3206633 0.9377476 -0.1334338
vn 0.2300760 0.9664768 -0.1139633
vn 0.3228716 0.9375666 -0.1293165
vn 0.2300760 0.9664768 -0.1139633
vn 0.2257817 0.9674630 -0.1141840
vn -0.7204997 -0.6915245 -0.0517118
vn -0.7807542 -0.6221797 -0.0575787
vn -0.8576568 -0.5141929 0.0055169
vn -0.7204997 -0.6915245 -0.0517118
vn -0.8576568 -0.5141929 0.0055169
vn -0.7986096 -0.6016881 0.0139334
vn 0.4671065 0.8747853 -0.1286938
vn 0.4578607 0.8781522 -0.1386086
vn 0.3206633 0.9377476 -0.1334338
vn 0.4671065 0.8747853 -0.1286938
vn 0.3206633 0.9377476 -0.1334338
vn 0.3228716 0.9375666 -0.1293165
vn -0.7986096 -0.6016881 0.0139334
vn -0.8576568 -0.5141929 0.0055169
vn -0.9062251 -0.4178341 0.0645812
vn -0.7986096 -0.6016881 0.0139334
vn -0.9062251 -0.4178341 0.0645812
vn -0.8648534 -0.4965511 0.0739294
vn 0.6563789 0.7470943 -0.1049616
vn 0.6410217 0.7576615 -0.1226385
vn 0.4578607 0.8781522 -0.1386086
vn 0.6563789 0.7470943 -0.1049616
vn 0.4578607 0.8781522 -0.1386086
vn 0.4671065 0.8747853 -0.1286938
vn -0.8648534 -0.4965511 0.0739294
vn -0.9062251 -0.4178341 0.0645812
vn -0.9290897 -0.3550758 0.1035061
vn -0.8648534 -0.4965511 0.0739294
vn -0.9290897 -0.3550758 0.1035061
vn -0.9112002 -0.3967780 0.1108213
vn 0.8530992 0.5193893 -0.0495638
vn 0.8378145 0.5406717 -0.0757687
vn 0.6410217 0.7576615 -0.1226385
vn 0.8530992 0.5193893 -0.0495638
vn 0.6410217 0.7576615 -0.1226385
vn 0.6563789 0.7470943 -0.1049616
vn -0.9112002 -0.3967780 0.1108213
vn -0.9290897 -0.3550758 0.1035061
vn -0.9368098 -0.3304972 0.1147123
vn -0.9112002 -0.3967780 0.1108213
vn -0.9368098 -0.3304972 0.1147123
vn -0.9400041 -0.3203804 0.1172548
vn 0.9758783 0.2159639 0.0319547
vn 0.9700430 0.2429315 0.0009661
vn 0.8378145 0.5406717 -0.0757687
vn 0.9758783 0.2159639 0.0319547
vn 0.8378145 0.5406717 -0.0757687
vn 0.8530992 0.5193893 -0.0495638
vn -0.9400041 -0.3203804 0.1172548
vn -0.9368098 -0.3304972 0.1147123
vn -0.9436079 -0.3159425 0.0989164
vn -0.9400041 -0.3203804 0.1172548
vn -0.9436079 -0.3159425 0.0989164
vn -0.9596656 -0.2644942 0.0953137
vn 0.9929671 -0.0284376 0.1149247
vn 0.9963048 -0.0088774 0.0854283
vn 0.9700430 0.2429315 0.0009661
vn 0.9929671 -0.0284376 0.1149247
vn 0.9700430 0.2429315 0.0009661
vn 0.9758783 0.2159639 0.0319547
vn -0.9596656 -0.2644942 0.0953137
vn -0.9436079 -0.3159425 0.0989164
vn -0.9869289 -0.1433796 0.0735773
vn -0.9596656 -0.2644942 0.0953137
vn -0.9869289 -0.1433796 0.0735773
vn -0.9921906 -0.1075473 0.0631769
vn 0.9827338 -0.0555287 0.1764960
vn 0.9874210 -0.0491075 0.1502938
vn 0.9963048 -0.0088774 0.0854283
vn 0.9827338 -0.0555287 0.1764960
vn 0.9963048 -0.0088774 0.0854283
vn 0.9929671 -0.0284376 0.1149247
vn -0.9921906 -0.1075473 0.0631769
vn -0.9869289 -0.1433796 0.0735773
vn -0.9978403 0.0000000 0.0656861
vn -0.9921906 -0.1075473 0.0631769
vn -0.9978403 0.0000000 0.0656861
vn -0.9985781 0.0000000 0.0533075
vn 0.9827642 0.0000000 0.1848633
vn 0.9872939 0.0000000 0.1589048
vn 0.9874210 -0.0491075 0.1502938
vn 0.9827642 0.0000000 0.1848633
vn 0.9874210 -0.0491075 0.1502938
vn 0.9827338 -0.0555287 0.1764960
vn 0.0000000 -1.0000000 0.0000000
vn 0.0000000 -1.0000000 0.0000000
vn 0.0000000 -1.0000000 0.0000000
vn 0.0000000 -1.0000000 0.0000000
vn 0.0000000 -1.0000000 0.0000000
vn 0.0000000 -1.0000000 0.0000000
vn 0.0000000 -1.0000000 0.0000000
vn 0.0000000 -1.0000000 0.0000000
vn 0.0000000 -1.0000000 0.0000000
vn 0.0000000 -1.0000000 0.0000000
vn 0.0000000 -1.0000000 0.0000000
vn 0.0000000 -1.0000000 0.0000000
vn 0.9977878 0.0000000 -0.0664788
vn 0.9972772 0.0000000 -0.0737445
vn 0.9729737 -0.2209460 -0.0671197
vn 0.9977878 0.0000000 -0.0664788
vn 0.9729737 -0.2209460 -0.0671197
vn 0.9785424 -0.1977206 -0.0579777
vn -0.9844618 -0.0390005 -0.1712131
vn -0.9888800 -0.0342171 -0.1447255
vn -0.9900770 0.0000000 -0.1405259
vn -0.9844618 -0.0390005 -0.1712131
vn -0.9900770 0.0000000 -0.1405259
vn -0.9858211 0.0000000 -0.1677995
vn 0.9785424 -0.1977206 -0.0579777
vn 0.9729737 -0.2209460 -0.0671197
vn 0.8833985 -0.4669468 -0.0395947
vn 0.9785424 -0.1977206 -0.0579777
vn 0.8833985 -0.4669468 -0.0395947
vn 0.9067898 -0.4208543 -0.0247775
vn -0.9761346 -0.0621273 -0.2080901
vn -0.9809598 -0.0533253 -0.1867468
vn -0.9888800 -0.0342171 -0.1447255
vn -0.9761346 -0.0621273 -0.2080901
vn -0.9888800 -0.0342171 -0.1447255
vn -0.9844618 -0.0390005 -0.1712131
vn 0.9067898 -0.4208543 -0.0247775
vn 0.8833985 -0.4669468 -0.0395947
vn 0.8574965 -0.5142883 -0.0143997
vn 0.9067898 -0.4208543 -0.0247775
vn 0.8574965 -0.5142883 -0.0143997
vn 0.8782659 -0.4781137 0.0074991
vn -0.9722583 0.0247765 -0.2325939
vn -0.9757075 0.0283983 -0.2172290
vn -0.9809598 -0.0533253 -0.1867468
vn -0.9722583 0.0247765 -0.2325939
vn -0.9809598 -0.0533253 -0.1867468
vn -0.9761346 -0.0621273 -0.2080901
vn 0.8782659 -0.4781137 0.0074991
vn 0.8574965 -0.5142883 -0.0143997
vn 0.8797966 -0.4753502 0.0003311
vn 0.8782659 -0.4781137 0.0074991
vn 0.8797966 -0.4753502 0.0003311
vn 0.8900242 -0.4551242 0.0268139
vn -0.9493386 0.2149478 -0.2292459
vn -0.9527008 0.2094838 -0.2201767
vn -0.9757075 0.0283983 -0.2172290
vn -0.9493386 0.2149478 -0.2292459
vn -0.9757075 0.0283983 -0.2172290
vn -0.9722583 0.0247765 -0.2325939
vn 0.8900242 -0.4551242 0.0268139
vn 0.8797966 -0.4753502 0.0003311
vn 0.9210915 -0.3893047 0.0056869
vn 0.8900242 -0.4551242 0.0268139
vn 0.9210915 -0.3893047 0.0056869
vn 0.9223596 -0.3849811 0.0322855
vn -0.8678778 0.4574583 -0.1937012
vn -0.8747729 0.4450850 -0.1914987
vn -0.9527008 0.2094838 -0.2201767
vn -0.8678778 0.4574583 -0.1937012
vn -0.9527008 0.2094838 -0.2201767
vn -0.9493386 0.2149478 -0.2292459
vn 0.9223596 -0.3849811 0.0322855
vn 0.9210915 -0.3893047 0.0056869
vn 0.9425548 -0.3339742 0.0071909
vn 0.9223596 -0.3849811 0.0322855
vn 0.9425548 -0.3339742 0.0071909
vn 0.9407921 -0.3377656 0.0287173
vn -0.7189778 0.6824077 -0.1318736
vn -0.7309186 0.6688556 -0.1356102
vn -0.8747729 0.4450850 -0.1914987
vn -0.7189778 0.6824077 -0.1318736
vn -0.8747729 0.4450850 -0.1914987
vn -0.8678778 0.4574583 -0.1937012
vn 0.9407921 -0.3377656 0.0287173
vn 0.9425548 -0.3339742 0.0071909
vn 0.9251527 -0.3795032 0.0083604
vn 0.9407921 -0.3377656 0.0287173
vn 0.9251527 -0.3795032 0.0083604
vn 0.9243914 -0.3808214 0.0218082
vn -0.5365846 0.8416391 -0.0609969
vn -0.5513558 0.8314940 -0.0680036
vn -0.7309186 0.6688556 -0.1356102
vn -0.5365846 0.8416391 -0.0609969
vn -0.7309186 0.6688556 -0.1356102
vn -0.7189778 0.6824077 -0.1318736
vn 0.9243914 -0.3808214 0.0218082
vn 0.9251527 -0.3795032 0.0083604
vn 0.8465084 -0.5322465 0.0117097
vn 0.9243914 -0.3808214 0.0218082
vn 0.8465084 -0.5322465 0.0117097
vn 0.8523854 -0.5226244 0.0174033
vn -0.3594065 0.9331744 0.0035298
vn -0.3738007 0.9275007 -0.0039384
vn -0.5513558 0.8314940 -0.0680036
vn -0.3594065 0.9331744 0.0035298
vn -0.5513558 0.8314940 -0.0680036
vn -0.5365846 0.8416391 -0.0609969
vn 0.8523854 -0.5226244 0.0174033
vn 0.8465084 -0.5322465 0.0117097
vn 0.6828835 -0.7301531 0.0233802
vn 0.8523854 -0.5226244 0.0174033
vn 0.6828835 -0.7301531 0.0233802
vn 0.7039397 -0.7098657 0.0236533
vn -0.2054867 0.9771505 0.0543337
vn -0.2172708 0.9749123 0.0483664
vn -0.3738007 0.9275007 -0.0039384
vn -0.2054867 0.9771505 0.0543337
vn -0.3738007 0.9275007 -0.0039384
vn -0.3594065 0.9331744 0.0035298
vn 0.7039397 -0.7098657 0.0236533
vn 0.6828835 -0.7301531 0.0233802
vn 0.4573153 -0.8881071 0.0461346
vn 0.7039397 -0.7098657 0.0236533
vn 0.4573153 -0.8881071 0.0461346
vn 0.4912348 -0.8699478 0.0433493
vn -0.0784103 0.9929602 0.0887798
vn -0.0862312 0.9926051 0.0854362
vn -0.2172708 0.9749123 0.0483664
vn -0.0784103 0.9929602 0.0887798
vn -0.2172708 0.9749123 0.0483664
vn -0.2054867 0.9771505 0.0543337
vn 0.4912348 -0.8699478 0.0433493
vn 0.4573153 -0.8881071 0.0461346
vn 0.2340765 -0.9696698 0.0703461
vn 0.4912348 -0.8699478 0.0433493
vn 0.2340765 -0.9696698 0.0703461
vn 0.2595403 -0.9634992 0.0656358
vn 0.0219885 0.9941611 0.1056417
vn 0.0191125 0.9942422 0.1054376
vn -0.0862312 0.9926051 0.0854362
vn 0.0219885 0.9941611 0.1056417
vn -0.0862312 0.9926051 0.0854362
vn -0.0784103 0.9929602 0.0887798
vn 0.2595403 -0.9634992 0.0656358
vn 0.2340765 -0.9696698 0.0703461
vn 0.0578316 -0.9951111 0.0800588
vn 0.2595403 -0.9634992 0.0656358
vn 0.0578316 -0.9951111 0.0800588
vn 0.0493579 -0.9961158 0.0729191
vn 0.0950899 0.9900064 0.1041408
vn 0.0979356 0.9894100 0.1071287
vn 0.0191125 0.9942422 0.1054376
vn 0.0950899 0.9900064 0.1041408
vn 0.0191125 0.9942422 0.1054376
vn 0.0219885 0.9941611 0.1056417
vn 0.0493579 -0.9961158 0.0729191
vn 0.0578316 -0.9951111 0.0800588
vn -0.0680380 -0.9955967 0.0644822
vn 0.0493579 -0.9961158 0.0729191
vn -0.0680380 -0.9955967 0.0644822
vn -0.1234694 -0.9908901 0.0537781
vn 0.1398095 0.9865704 0.0844523
vn 0.1486354 0.9847673 0.0902272
vn 0.0979356 0.9894100 0.1071287
vn 0.1398095 0.9865704 0.0844523
vn 0.0979356 0.9894100 0.1071287
vn 0.0950899 0.9900064 0.1041408
vn -0.1234694 -0.9908901 0.0537781
vn -0.0680380 -0.9955967 0.0644822
vn -0.1666977 -0.9857275 0.0235180
vn -0.1234694 -0.9908901 0.0537781
vn -0.1666977 -0.9857275 0.0235180
vn -0.2609066 -0.9653194 0.0092879
vn 0.1581450 0.9861959 0.0490687
vn 0.1720011 0.9834656 0.0566657
vn 0.1486354 0.9847673 0.0902272
vn 0.1581450 0.9861959 0.0490687
vn 0.1486354 0.9847673 0.0902272
vn 0.1398095 0.9865704 0.0844523
vn -0.2609066 -0.9653194 0.0092879
vn -0.1666977 -0.9857275 0.0235180
vn -0.2713867 -0.9619430 -0.0318583
vn -0.2609066 -0.9653194 0.0092879
vn -0.2713867 -0.9619430 -0.0318583
vn -0.3735114 -0.9264163 -0.0473504
vn 0.1594567 0.9871969 0.0039737
vn 0.1757584 0.9843616 0.0118883
vn 0.1720011 0.9834656 0.0566657
vn 0.1594567 0.9871969 0.0039737
vn 0.1720011 0.9834656 0.0566657
vn 0.1581450 0.9861959 0.0490687
vn -0.3735114 -0.9264163 -0.0473504
vn -0.2713867 -0.9619430 -0.0318583
vn -0.4049425 -0.9105714 -0.0829536
vn -0.3735114 -0.9264163 -0.0473504
vn -0.4049425 -0.9105714 -0.0829536
vn -0.4754940 -0.8744644 -0.0960078
vn 0.1605485 0.9861139 -0.0424683
vn 0.1757884 0.9837749 -0.0358512
vn 0.1757584 0.9843616 0.0118883
vn 0.1605485 0.9861139 -0.0424683
vn 0.1757584 0.9843616 0.0118883
vn 0.1594567 0.9871969 0.0039737
vn -0.4754940 -0.8744644 -0.0960078
vn -0.4049425 -0.9105714 -0.0829536
vn -0.5608013 -0.8206360 -0.1098111
vn -0.4754940 -0.8744644 -0.0960078
vn -0.5608013 -0.8206360 -0.1098111
vn -0.5782026 -0.8073071 -0.1180550
vn 0.1795962 0.9802283 -0.0830519
vn 0.1908363 0.9784436 -0.0789283
vn 0.1757884 0.9837749 -0.0358512
vn 0.1795962 0.9802283 -0.0830519
vn 0.1757884 0.9837749 -0.0358512
vn 0.1605485 0.9861139 -0.0424683
vn -0.5782026 -0.8073071 -0.1180550
vn -0.5608013 -0.8206360 -0.1098111
vn -0.7101197 -0.6968552 -0.1006124
vn -0.5782026 -0.8073071 -0.1180550
vn -0.7101197 -0.6968552 -0.1006124
vn -0.6831257 -0.7228541 -0.1040252
vn 0.2300760 0.9664768 -0.1139633
vn 0.2356798 0.9652250 -0.1131185
vn 0.1908363 0.9784436 -0.0789283
vn 0.2300760 0.9664768 -0.1139633
vn 0.1908363 0.9784436 -0.0789283
vn 0.1795962 0.9802283 -0.0830519
vn -0.6831257 -0.7228541 -0.1040252
vn -0.7101197 -0.6968552 -0.1006124
vn -0.8273802 -0.5585486 -0.0588690
vn -0.6831257 -0.7228541 -0.1040252
vn -0.8273802 -0.5585486 -0.0588690
vn -0.7807542 -0.6221797 -0.0575787
vn 0.3206633 0.9377476 -0.1334338
vn 0.3198179 0.9375642 -0.1367110
vn 0.2356798 0.9652250 -0.1131185
vn 0.3206633 0.9377476 -0.1334338
vn 0.2356798 0.9652250 -0.1131185
vn 0.2300760 0.9664768 -0.1139633
vn -0.7807542 -0.6221797 -0.0575787
vn -0.8273802 -0.5585486 -0.0588690
vn -0.9025515 -0.4305810 -0.0008708
vn -0.7807542 -0.6221797 -0.0575787
vn -0.9025515 -0.4305810 -0.0008708
vn -0.8576568 -0.5141929 0.0055169
vn 0.4578607 0.8781522 -0.1386086
vn 0.4499801 0.8807957 -0.1473662
vn 0.3198179 0.9375642 -0.1367110
vn 0.4578607 0.8781522 -0.1386086
vn 0.3198179 0.9375642 -0.1367110
vn 0.3206633 0.9377476 -0.1334338
vn -0.8576568 -0.5141929 0.0055169
vn -0.9025515 -0.4305810 -0.0008708
vn -0.9389620 -0.3397402 0.0541007
vn -0.8576568 -0.5141929 0.0055169
vn -0.9389620 -0.3397402 0.0541007
vn -0.9062251 -0.4178341 0.0645812
vn 0.6410217 0.7576615 -0.1226385
vn 0.6266501 0.7668314 -0.1388499
vn 0.4499801 0.8807957 -0.1473662
vn 0.6410217 0.7576615 -0.1226385
vn 0.4499801 0.8807957 -0.1473662
vn 0.4578607 0.8781522 -0.1386086
vn -0.9062251 -0.4178341 0.0645812
vn -0.9389620 -0.3397402 0.0541007
vn -0.9466969 -0.3086317 0.0922579
vn -0.9062251 -0.4178341 0.0645812
vn -0.9466969 -0.3086317 0.0922579
vn -0.9290897 -0.3550758 0.1035061
vn 0.8378145 0.5406717 -0.0757687
vn 0.8222122 0.5601997 -0.1007146
vn 0.6266501 0.7668314 -0.1388499
vn 0.8378145 0.5406717 -0.0757687
vn 0.6266501 0.7668314 -0.1388499
vn 0.6410217 0.7576615 -0.1226385
vn -0.9290897 -0.3550758 0.1035061
vn -0.9466969 -0.3086317 0.0922579
vn -0.9374830 -0.3312909 0.1066391
vn -0.9290897 -0.3550758 0.1035061
vn -0.9374830 -0.3312909 0.1066391
vn -0.9368098 -0.3304972 0.1147123
vn 0.9700430 0.2429315 0.0009661
vn 0.9626316 0.2691529 -0.0299531
vn 0.8222122 0.5601997 -0.1007146
vn 0.9700430 0.2429315 0.0009661
vn 0.8222122 0.5601997 -0.1007146
vn 0.8378145 0.5406717 -0.0757687
vn -0.9368098 -0.3304972 0.1147123
vn -0.9374830 -0.3312909 0.1066391
vn -0.9295652 -0.3556724 0.0969827
vn -0.9368098 -0.3304972 0.1147123
vn -0.9295652 -0.3556724 0.0969827
vn -0.9436079 -0.3159425 0.0989164
vn 0.9963048 -0.0088774 0.0854283
vn 0.9984414 0.0111433 0.0546856
vn 0.9626316 0.2691529 -0.0299531
vn 0.9963048 -0.0088774 0.0854283
vn 0.9626316 0.2691529 -0.0299531
vn 0.9700430 0.2429315 0.0009661
vn -0.9436079 -0.3159425 0.0989164
vn -0.9295652 -0.3556724 0.0969827
vn -0.9815664 -0.1737740 0.0795608
vn -0.9436079 -0.3159425 0.0989164
vn -0.9815664 -0.1737740 0.0795608
vn -0.9869289 -0.1433796 0.0735773
vn 0.9874210 -0.0491075 0.1502938
vn 0.9915989 -0.0423413 0.1222245
vn 0.9984414 0.0111433 0.0546856
vn 0.9874210 -0.0491075 0.1502938
vn 0.9984414 0.0111433 0.0546856
vn 0.9963048 -0.0088774 0.0854283
vn -0.9869289 -0.1433796 0.0735773
vn -0.9815664 -0.1737740 0.0795608
vn -0.9972485 0.0000000 0.0741312
vn -0.9869289 -0.1433796 0.0735773
vn -0.9972485 0.0000000 0.0741312
vn -0.9978403 0.0000000 0.0656861
vn 0.9872939 0.0000000 0.1589048
vn 0.9913771 0.0000000 0.1310402
vn 0.9915989 -0.0423413 0.1222245
vn 0.9872939 0.0000000 0.1589048
vn 0.9915989 -0.0423413 0.1222245
vn 0.9874210 -0.0491075 0.1502938
vn 0.0000000 -1.0000000 0.0000000
vn 0.0000000 -1.0000000 0.0000000
vn 0.0000000 -1.0000000 0.0000000
vn 0.0000000 -1.0000000 0.0000000
vn 0.0000000 -1.0000000 0.0000000
vn 0.0000000 -1.0000000 0.0000000
vn 0.0000000 -1.0000000 0.0000000
vn 0.0000000 -1.0000000 0.0000000
vn 0.0000000 -1.0000000 0.0000000
vn 0.0000000 -1.0000000 0.0000000
vn 0.0000000 -1.0000000 0.0000000
vn 0.0000000 -1.0000000 0.0000000
vn 0.9972772 0.0000000 -0.0737445
vn 0.9970515 0.0000000 -0.0767355
vn 0.9691491 -0.2356134 -0.0723623
vn 0.9972772 0.0000000 -0.0737445
vn 0.9691491 -0.2356134 -0.0723623
vn 0.9729737 -0.2209460 -0.0671197
vn -0.9888800 -0.0342171 -0.1447255
vn -0.9927595 -0.0288767 -0.1165967
vn -0.9937505 0.0000000 -0.1116245
vn -0.9888800 -0.0342171 -0.1447255
vn -0.9937505 0.0000000 -0.1116245
vn -0.9900770 0.0000000 -0.1405259
vn 0.9729737 -0.2209460 -0.0671197
vn 0.9691491 -0.2356134 -0.0723623
vn 0.8656460 -0.4979780 -0.0517188
vn 0.9729737 -0.2209460 -0.0671197
vn 0.8656460 -0.4979780 -0.0517188
vn 0.8833985 -0.4669468 -0.0395947
vn -0.9809598 -0.0533253 -0.1867468
vn -0.9856246 -0.0429134 -0.1634095
vn -0.9927595 -0.0288767 -0.1165967
vn -0.9809598 -0.0533253 -0.1867468
vn -0.9927595 -0.0288767 -0.1165967
vn -0.9888800 -0.0342171 -0.1447255
vn 0.8833985 -0.4669468 -0.0395947
vn 0.8656460 -0.4979780 -0.0517188
vn 0.8413114 -0.5394278 -0.0348244
vn 0.8833985 -0.4669468 -0.0395947
vn 0.8413114 -0.5394278 -0.0348244
vn 0.8574965 -0.5142883 -0.0143997
vn -0.9757075 0.0283983 -0.2172290
vn -0.9792572 0.0343019 -0.1996966
vn -0.9856246 -0.0429134 -0.1634095
vn -0.9757075 0.0283983 -0.2172290
vn -0.9856246 -0.0429134 -0.1634095
vn -0.9809598 -0.0533253 -0.1867468
vn 0.8574965 -0.5142883 -0.0143997
vn 0.8413114 -0.5394278 -0.0348244
vn 0.8706497 -0.4912254 -0.0258209
vn 0.8574965 -0.5142883 -0.0143997
vn 0.8706497 -0.4912254 -0.0258209
vn 0.8797966 -0.4753502 0.0003311
vn -0.9527008 0.2094838 -0.2201767
vn -0.9559289 0.2063693 -0.2088342
vn -0.9792572 0.0343019 -0.1996966
vn -0.9527008 0.2094838 -0.2201767
vn -0.9792572 0.0343019 -0.1996966
vn -0.9757075 0.0283983 -0.2172290
vn 0.8797966 -0.4753502 0.0003311
vn 0.8706497 -0.4912254 -0.0258209
vn 0.9170769 -0.3981357 -0.0213968
vn 0.8797966 -0.4753502 0.0003311
vn 0.9170769 -0.3981357 -0.0213968
vn 0.9210915 -0.3893047 0.0056869
vn -0.8747729 0.4450850 -0.1914987
vn -0.8810222 0.4345231 -0.1870552
vn -0.9559289 0.2063693 -0.2088342
vn -0.8747729 0.4450850 -0.1914987
vn -0.9559289 0.2063693 -0.2088342
vn -0.9527008 0.2094838 -0.2201767
vn 0.9210915 -0.3893047 0.0056869
vn 0.9170769 -0.3981357 -0.0213968
vn 0.9395314 -0.3421184 -0.0153560
vn 0.9210915 -0.3893047 0.0056869
vn 0.9395314 -0.3421184 -0.0153560
vn 0.9425548 -0.3339742 0.0071909
vn -0.7309186 0.6688556 -0.1356102
vn -0.7420161 0.6561222 -0.1375348
vn -0.8810222 0.4345231 -0.1870552
vn -0.7309186 0.6688556 -0.1356102
vn -0.8810222 0.4345231 -0.1870552
vn -0.8747729 0.4450850 -0.1914987
vn 0.9425548 -0.3339742 0.0071909
vn 0.9395314 -0.3421184 -0.0153560
vn 0.9199539 -0.3919760 -0.0062993
vn 0.9425548 -0.3339742 0.0071909
vn 0.9199539 -0.3919760 -0.0062993
vn 0.9251527 -0.3795032 0.0083604
vn -0.5513558 0.8314940 -0.0680036
vn -0.5656136 0.8213465 -0.0739679
vn -0.7420161 0.6561222 -0.1375348
vn -0.5513558 0.8314940 -0.0680036
vn -0.7420161 0.6561222 -0.1375348
vn -0.7309186 0.6688556 -0.1356102
vn 0.9251527 -0.3795032 0.0083604
vn 0.9199539 -0.3919760 -0.0062993
vn 0.8337770 -0.5520780 0.0050854
vn 0.9251527 -0.3795032 0.0083604
vn 0.8337770 -0.5520780 0.0050854
vn 0.8465084 -0.5322465 0.0117097
vn -0.3738007 0.9275007 -0.0039384
vn -0.3882117 0.9215027 -0.0111547
vn -0.5656136 0.8213465 -0.0739679
vn -0.3738007 0.9275007 -0.0039384
vn -0.5656136 0.8213465 -0.0739679
vn -0.5513558 0.8314940 -0.0680036
vn 0.8465084 -0.5322465 0.0117097
vn 0.8337770 -0.5520780 0.0050854
vn 0.6552030 -0.7551272 0.0221790
vn 0.8465084 -0.5322465 0.0117097
vn 0.6552030 -0.7551272 0.0221790
vn 0.6828835 -0.7301531 0.0233802
vn -0.2172708 0.9749123 0.0483664
vn -0.2295254 0.9723938 0.0420527
vn -0.3882117 0.9215027 -0.0111547
vn -0.2172708 0.9749123 0.0483664
vn -0.3882117 0.9215027 -0.0111547
vn -0.3738007 0.9275007 -0.0039384
vn 0.6828835 -0.7301531 0.0233802
vn 0.6552030 -0.7551272 0.0221790
vn 0.4183259 -0.9070831 0.0469432
vn 0.6828835 -0.7301531 0.0233802
vn 0.4183259 -0.9070831 0.0469432
vn 0.4573153 -0.8881071 0.0461346
vn -0.0862312 0.9926051 0.0854362
vn -0.0948376 0.9921600 0.0813903
vn -0.2295254 0.9723938 0.0420527
vn -0.0862312 0.9926051 0.0854362
vn -0.2295254 0.9723938 0.0420527
vn -0.2172708 0.9749123 0.0483664
vn 0.4573153 -0.8881071 0.0461346
vn 0.4183259 -0.9070831 0.0469432
vn 0.2050696 -0.9761337 0.0714812
vn 0.4573153 -0.8881071 0.0461346
vn 0.2050696 -0.9761337 0.0714812
vn 0.2340765 -0.9696698 0.0703461
vn 0.0191125 0.9942422 0.1054376
vn 0.0152568 0.9944192 0.1043921
vn -0.0948376 0.9921600 0.0813903
vn 0.0191125 0.9942422 0.1054376
vn -0.0948376 0.9921600 0.0813903
vn -0.0862312 0.9926051 0.0854362
vn 0.2340765 -0.9696698 0.0703461
vn 0.2050696 -0.9761337 0.0714812
vn 0.0622407 -0.9946638 0.0822807
vn 0.2340765 -0.9696698 0.0703461
vn 0.0622407 -0.9946638 0.0822807
vn 0.0578316 -0.9951111 0.0800588
vn 0.0979356 0.9894100 0.1071287
vn 0.0997305 0.9889919 0.1093108
vn 0.0152568 0.9944192 0.1043921
vn 0.0979356 0.9894100 0.1071287
vn 0.0152568 0.9944192 0.1043921
vn 0.0191125 0.9942422 0.1054376
vn 0.0578316 -0.9951111 0.0800588
vn 0.0622407 -0.9946638 0.0822807
vn -0.0185714 -0.9973913 0.0697543
vn 0.0578316 -0.9951111 0.0800588
vn -0.0185714 -0.9973913 0.0697543
vn -0.0680380 -0.9955967 0.0644822
vn 0.1486354 0.9847673 0.0902272
vn 0.1565282 0.9830579 0.0953732
vn 0.0997305 0.9889919 0.1093108
vn 0.1486354 0.9847673 0.0902272
vn 0.0997305 0.9889919 0.1093108
vn 0.0979356 0.9894100 0.1071287
vn -0.0680380 -0.9955967 0.0644822
vn -0.0185714 -0.9973913 0.0697543
vn -0.0784641 -0.9963451 0.0337617
vn -0.0680380 -0.9955967 0.0644822
vn -0.0784641 -0.9963451 0.0337617
vn -0.1666977 -0.9857275 0.0235180
vn 0.1720011 0.9834656 0.0566657
vn 0.1853235 0.9805962 0.0639242
vn 0.1565282 0.9830579 0.0953732
vn 0.1720011 0.9834656 0.0566657
vn 0.1565282 0.9830579 0.0953732
vn 0.1486354 0.9847673 0.0902272
vn -0.1666977 -0.9857275 0.0235180
vn -0.0784641 -0.9963451 0.0337617
vn -0.1705366 -0.9852147 -0.0164108
vn -0.1666977 -0.9857275 0.0235180
vn -0.1705366 -0.9852147 -0.0164108
vn -0.2713867 -0.9619430 -0.0318583
vn 0.1757584 0.9843616 0.0118883
vn 0.1921748 0.9811609 0.0198035
vn 0.1853235 0.9805962 0.0639242
vn 0.1757584 0.9843616 0.0118883
vn 0.1853235 0.9805962 0.0639242
vn 0.1720011 0.9834656 0.0566657
vn -0.2713867 -0.9619430 -0.0318583
vn -0.1705366 -0.9852147 -0.0164108
vn -0.3293219 -0.9419247 -0.0657645
vn -0.2713867 -0.9619430 -0.0318583
vn -0.3293219 -0.9419247 -0.0657645
vn -0.4049425 -0.9105714 -0.0829536
vn 0.1757884 0.9837749 -0.0358512
vn 0.1917941 0.9810080 -0.0289525
vn 0.1921748 0.9811609 0.0198035
vn 0.1757884 0.9837749 -0.0358512
vn 0.1921748 0.9811609 0.0198035
vn 0.1757584 0.9843616 0.0118883
vn -0.4049425 -0.9105714 -0.0829536
vn -0.3293219 -0.9419247 -0.0657645
vn -0.5356923 -0.8389712 -0.0957140
vn -0.4049425 -0.9105714 -0.0829536
vn -0.5356923 -0.8389712 -0.0957140
vn -0.5608013 -0.8206360 -0.1098111
vn 0.1908363 0.9784436 -0.0789283
vn 0.2032492 0.9763006 -0.0743428
vn 0.1917941 0.9810080 -0.0289525
vn 0.1908363 0.9784436 -0.0789283
vn 0.1917941 0.9810080 -0.0289525
vn 0.1757884 0.9837749 -0.0358512
vn -0.5608013 -0.8206360 -0.1098111
vn -0.5356923 -0.8389712 -0.0957140
vn -0.7277606 -0.6796627 -0.0917779
vn -0.5608013 -0.8206360 -0.1098111
vn -0.7277606 -0.6796627 -0.0917779
vn -0.7101197 -0.6968552 -0.1006124
vn 0.2356798 0.9652250 -0.1131185
vn 0.2426145 0.9636753 -0.1116608
vn 0.2032492 0.9763006 -0.0743428
vn 0.2356798 0.9652250 -0.1131185
vn 0.2032492 0.9763006 -0.0743428
vn 0.1908363 0.9784436 -0.0789283
vn -0.7101197 -0.6968552 -0.1006124
vn -0.7277606 -0.6796627 -0.0917779
vn -0.8615804 -0.5045008 -0.0561974
vn -0.7101197 -0.6968552 -0.1006124
vn -0.8615804 -0.5045008 -0.0561974
vn -0.8273802 -0.5585486 -0.0588690
vn 0.3198179 0.9375642 -0.1367110
vn 0.3203608 0.9370186 -0.1391584
vn 0.2426145 0.9636753 -0.1116608
vn 0.3198179 0.9375642 -0.1367110
vn 0.2426145 0.9636753 -0.1116608
vn 0.2356798 0.9652250 -0.1131185
vn -0.8273802 -0.5585486 -0.0588690
vn -0.8615804 -0.5045008 -0.0561974
vn -0.9342098 -0.3566837 -0.0053693
vn -0.8273802 -0.5585486 -0.0588690
vn -0.9342098 -0.3566837 -0.0053693
vn -0.9025515 -0.4305810 -0.0008708
vn 0.4499801 0.8807957 -0.1473662
vn 0.4435088 0.8827725 -0.1549604
vn 0.3203608 0.9370186 -0.1391584
vn 0.4499801 0.8807957 -0.1473662
vn 0.3203608 0.9370186 -0.1391584
vn 0.3198179 0.9375642 -0.1367110
vn -0.9025515 -0.4305810 -0.0008708
vn -0.9342098 -0.3566837 -0.0053693
vn -0.9623970 -0.2682130 0.0430565
vn -0.9025515 -0.4305810 -0.0008708
vn -0.9623970 -0.2682130 0.0430565
vn -0.9389620 -0.3397402 0.0541007
vn 0.6266501 0.7668314 -0.1388499
vn 0.6134106 0.7747008 -0.1535124
vn 0.4435088 0.8827725 -0.1549604
vn 0.6266501 0.7668314 -0.1388499
vn 0.4435088 0.8827725 -0.1549604
vn 0.4499801 0.8807957 -0.1473662
vn -0.9389620 -0.3397402 0.0541007
vn -0.9623970 -0.2682130 0.0430565
vn -0.9621194 -0.2612563 0.0779193
vn -0.9389620 -0.3397402 0.0541007
vn -0.9621194 -0.2612563 0.0779193
vn -0.9466969 -0.3086317 0.0922579
vn 0.8222122 0.5601997 -0.1007146
vn 0.8065842 0.5779452 -0.1241022
vn 0.6134106 0.7747008 -0.1535124
vn 0.8222122 0.5601997 -0.1007146
vn 0.6134106 0.7747008 -0.1535124
vn 0.6266501 0.7668314 -0.1388499
vn -0.9466969 -0.3086317 0.0922579
vn -0.9621194 -0.2612563 0.0779193
vn -0.9416980 -0.3231289 0.0937683
vn -0.9466969 -0.3086317 0.0922579
vn -0.9416980 -0.3231289 0.0937683
vn -0.9374830 -0.3312909 0.1066391
vn 0.9626316 0.2691529 -0.0299531
vn 0.9537907 0.2943648 -0.0602721
vn 0.8065842 0.5779452 -0.1241022
vn 0.9626316 0.2691529 -0.0299531
vn 0.8065842 0.5779452 -0.1241022
vn 0.8222122 0.5601997 -0.1007146
vn -0.9374830 -0.3312909 0.1066391
vn -0.9416980 -0.3231289 0.0937683
vn -0.9198812 -0.3817203 0.0900453
vn -0.9374830 -0.3312909 0.1066391
vn -0.9198812 -0.3817203 0.0900453
vn -0.9295652 -0.3556724 0.0969827
vn 0.9984414 0.0111433 0.0546856
vn 0.9992373 0.0314003 0.0232131
vn 0.9537907 0.2943648 -0.0602721
vn 0.9984414 0.0111433 0.0546856
vn 0.9537907 0.2943648 -0.0602721
vn 0.9626316 0.2691529 -0.0299531
vn -0.9295652 -0.3556724 0.0969827
vn -0.9198812 -0.3817203 0.0900453
vn -0.9770494 -0.1970205 0.0809778
vn -0.9295652 -0.3556724 0.0969827
vn -0.9770494 -0.1970205 0.0809778
vn -0.9815664 -0.1737740 0.0795608
vn 0.9915989 -0.0423413 0.1222245
vn 0.9950668 -0.0352900 0.0927179
vn 0.9992373 0.0314003 0.0232131
vn 0.9915989 -0.0423413 0.1222245
vn 0.9992373 0.0314003 0.0232131
vn 0.9984414 0.0111433 0.0546856
vn -0.9815664 -0.1737740 0.0795608
vn -0.9770494 -0.1970205 0.0809778
vn -0.9969321 0.0000000 0.0782708
vn -0.9815664 -0.1737740 0.0795608
vn -0.9969321 0.0000000 0.0782708
vn -0.9972485 0.0000000 0.0741312
vn 0.9913771 0.0000000 0.1310402
vn 0.9948158 0.0000000 0.1016935
vn 0.9950668 -0.0352900 0.0927179
vn 0.9913771 0.0000000 0.1310402
vn 0.9950668 -0.0352900 0.0927179
vn 0.9915989 -0.0423413 0.1222245
vn 0.0000000 -1.0000000 0.0000000
vn 0.0000000 -1.0000000 0.0000000
vn 0.0000000 -1.0000000 0.0000000
vn 0.0000000 -1.0000000 0.0000000
vn 0.0000000 -1.0000000 0.0000000
vn 0.0000000 -1.0000000 0.0000000
vn 0.0000000 -1.0000000 0.0000000
vn 0.0000000 -1.0000000 0.0000000
vn 0.0000000 -1.0000000 0.0000000
vn 0.0000000 -1.0000000 0.0000000
vn 0.0000000 -1.0000000 0.0000000
vn 0.0000000 -1.0000000 0.0000000
vn 0.9970515 0.0000000 -0.0767355
vn 0.9971590 0.0000000 -0.0753259
vn 0.9675833 -0.2416070 -0.0735440
vn 0.9970515 0.0000000 -0.0767355
vn 0.9675833 -0.2416070 -0.0735440
vn 0.9691491 -0.2356134 -0.0723623
vn -0.9927595 -0.0288767 -0.1165967
vn -0.9959195 -0.0230275 -0.0872592
vn -0.9966699 0.0000000 -0.0815423
vn -0.9927595 -0.0288767 -0.1165967
vn -0.9966699 0.0000000 -0.0815423
vn -0.9937505 0.0000000 -0.1116245
vn 0.9691491 -0.2356134 -0.0723623
vn 0.9675833 -0.2416070 -0.0735440
vn 0.8556374 -0.5139641 -0.0610372
vn 0.9691491 -0.2356134 -0.0723623
vn 0.8556374 -0.5139641 -0.0610372
vn 0.8656460 -0.4979780 -0.0517188
vn -0.9856246 -0.0429134 -0.1634095
vn -0.9898892 -0.0309698 -0.1384207
vn -0.9959195 -0.0230275 -0.0872592
vn -0.9856246 -0.0429134 -0.1634095
vn -0.9959195 -0.0230275 -0.0872592
vn -0.9927595 -0.0288767 -0.1165967
vn 0.8656460 -0.4979780 -0.0517188
vn 0.8556374 -0.5139641 -0.0610372
vn 0.8314100 -0.5530966 -0.0533063
vn 0.8656460 -0.4979780 -0.0517188
vn 0.8314100 -0.5530966 -0.0533063
vn 0.8413114 -0.5394278 -0.0348244
vn -0.9792572 0.0343019 -0.1996966
vn -0.9827007 0.0424350 -0.1802739
vn -0.9898892 -0.0309698 -0.1384207
vn -0.9792572 0.0343019 -0.1996966
vn -0.9898892 -0.0309698 -0.1384207
vn -0.9856246 -0.0429134 -0.1634095
vn 0.8413114 -0.5394278 -0.0348244
vn 0.8314100 -0.5530966 -0.0533063
vn 0.8634777 -0.5018318 -0.0507064
vn 0.8413114 -0.5394278 -0.0348244
vn 0.8634777 -0.5018318 -0.0507064
vn 0.8706497 -0.4912254 -0.0258209
vn -0.9559289 0.2063693 -0.2088342
vn -0.9589194 0.2055873 -0.1954674
vn -0.9827007 0.0424350 -0.1802739
vn -0.9559289 0.2063693 -0.2088342
vn -0.9827007 0.0424350 -0.1802739
vn -0.9792572 0.0343019 -0.1996966
vn 0.8706497 -0.4912254 -0.0258209
vn 0.8634777 -0.5018318 -0.0507064
vn 0.9107657 -0.4101531 -0.0477525
vn 0.8706497 -0.4912254 -0.0258209
vn 0.9107657 -0.4101531 -0.0477525
vn 0.9170769 -0.3981357 -0.0213968
vn -0.8810222 0.4345231 -0.1870552
vn -0.8866031 0.4258358 -0.1805515
vn -0.9589194 0.2055873 -0.1954674
vn -0.8810222 0.4345231 -0.1870552
vn -0.9589194 0.2055873 -0.1954674
vn -0.9559289 0.2063693 -0.2088342
vn 0.9170769 -0.3981357 -0.0213968
vn 0.9107657 -0.4101531 -0.0477525
vn 0.9319347 -0.3606488 -0.0378165
vn 0.9170769 -0.3981357 -0.0213968
vn 0.9319347 -0.3606488 -0.0378165
vn 0.9395314 -0.3421184 -0.0153560
vn -0.7420161 0.6561222 -0.1375348
vn -0.7522368 0.6443437 -0.1376993
vn -0.8866031 0.4258358 -0.1805515
vn -0.7420161 0.6561222 -0.1375348
vn -0.8866031 0.4258358 -0.1805515
vn -0.8810222 0.4345231 -0.1870552
vn 0.9395314 -0.3421184 -0.0153560
vn 0.9319347 -0.3606488 -0.0378165
vn 0.9086266 -0.4170631 -0.0213550
vn 0.9395314 -0.3421184 -0.0153560
vn 0.9086266 -0.4170631 -0.0213550
vn 0.9199539 -0.3919760 -0.0062993
vn -0.5656136 0.8213465 -0.0739679
vn -0.5792695 0.8113160 -0.0788242
vn -0.7522368 0.6443437 -0.1376993
vn -0.5656136 0.8213465 -0.0739679
vn -0.7522368 0.6443437 -0.1376993
vn -0.7420161 0.6561222 -0.1375348
vn 0.9199539 -0.3919760 -0.0062993
vn 0.9086266 -0.4170631 -0.0213550
vn 0.8138232 -0.5811094 -0.0019156
vn 0.9199539 -0.3919760 -0.0062993
vn 0.8138232 -0.5811094 -0.0019156
vn 0.8337770 -0.5520780 0.0050854
vn -0.3882117 0.9215027 -0.0111547
vn -0.4025311 0.9152292 -0.0180040
vn -0.5792695 0.8113160 -0.0788242
vn -0.3882117 0.9215027 -0.0111547
vn -0.5792695 0.8113160 -0.0788242
vn -0.5656136 0.8213465 -0.0739679
vn 0.8337770 -0.5520780 0.0050854
vn 0.8138232 -0.5811094 -0.0019156
vn 0.6215002 -0.7831454 0.0205120
vn 0.8337770 -0.5520780 0.0050854
vn 0.6215002 -0.7831454 0.0205120
vn 0.6552030 -0.7551272 0.0221790
vn -0.2295254 0.9723938 0.0420527
vn -0.2421622 0.9695861 0.0355001
vn -0.4025311 0.9152292 -0.0180040
vn -0.2295254 0.9723938 0.0420527
vn -0.4025311 0.9152292 -0.0180040
vn -0.3882117 0.9215027 -0.0111547
vn 0.6552030 -0.7551272 0.0221790
vn 0.6215002 -0.7831454 0.0205120
vn 0.3763564 -0.9253182 0.0462828
vn 0.6552030 -0.7551272 0.0221790
vn 0.3763564 -0.9253182 0.0462828
vn 0.4183259 -0.9070831 0.0469432
vn -0.0948376 0.9921600 0.0813903
vn -0.1041763 0.9915958 0.0767146
vn -0.2421622 0.9695861 0.0355001
vn -0.0948376 0.9921600 0.0813903
vn -0.2421622 0.9695861 0.0355001
vn -0.2295254 0.9723938 0.0420527
vn 0.4183259 -0.9070831 0.0469432
vn 0.3763564 -0.9253182 0.0462828
vn 0.1748008 -0.9821419 0.0695842
vn 0.4183259 -0.9070831 0.0469432
vn 0.1748008 -0.9821419 0.0695842
vn 0.2050696 -0.9761337 0.0714812
vn 0.0152568 0.9944192 0.1043921
vn 0.0104396 0.9946743 0.1025382
vn -0.1041763 0.9915958 0.0767146
vn 0.0152568 0.9944192 0.1043921
vn -0.1041763 0.9915958 0.0767146
vn -0.0948376 0.9921600 0.0813903
vn 0.2050696 -0.9761337 0.0714812
vn 0.1748008 -0.9821419 0.0695842
vn 0.0638116 -0.9947486 0.0800211
vn 0.2050696 -0.9761337 0.0714812
vn 0.0638116 -0.9947486 0.0800211
vn 0.0622407 -0.9946638 0.0822807
vn 0.0997305 0.9889919 0.1093108
vn 0.1004578 0.9887654 0.1106856
vn 0.0104396 0.9946743 0.1025382
vn 0.0997305 0.9889919 0.1093108
vn 0.0104396 0.9946743 0.1025382
vn 0.0152568 0.9944192 0.1043921
vn 0.0622407 -0.9946638 0.0822807
vn 0.0638116 -0.9947486 0.0800211
vn 0.0236042 -0.9972910 0.0696668
vn 0.0622407 -0.9946638 0.0822807
vn 0.0236042 -0.9972910 0.0696668
vn -0.0185714 -0.9973913 0.0697543
vn 0.1565282 0.9830579 0.0953732
vn 0.1634287 0.9814880 0.0998620
vn 0.1004578 0.9887654 0.1106856
vn 0.1565282 0.9830579 0.0953732
vn 0.1004578 0.9887654 0.1106856
vn 0.0997305 0.9889919 0.1093108
vn -0.0185714 -0.9973913 0.0697543
vn 0.0236042 -0.9972910 0.0696668
vn -0.0021600 -0.9992282 0.0392226
vn -0.0185714 -0.9973913 0.0697543
vn -0.0021600 -0.9992282 0.0392226
vn -0.0784641 -0.9963451 0.0337617
vn 0.1853235 0.9805962 0.0639242
vn 0.1980088 0.9776399 0.0708001
vn 0.1634287 0.9814880 0.0998620
vn 0.1853235 0.9805962 0.0639242
vn 0.1634287 0.9814880 0.0998620
vn 0.1565282 0.9830579 0.0953732
vn -0.0784641 -0.9963451 0.0337617
vn -0.0021600 -0.9992282 0.0392226
vn -0.0805505 -0.9967463 -0.0029087
vn -0.0784641 -0.9963451 0.0337617
vn -0.0805505 -0.9967463 -0.0029087
vn -0.1705366 -0.9852147 -0.0164108
vn 0.1921748 0.9811609 0.0198035
vn 0.2085897 0.9776115 0.0276783
vn 0.1980088 0.9776399 0.0708001
vn 0.1921748 0.9811609 0.0198035
vn 0.1980088 0.9776399 0.0708001
vn 0.1853235 0.9805962 0.0639242
vn -0.1705366 -0.9852147 -0.0164108
vn -0.0805505 -0.9967463 -0.0029087
vn -0.2559558 -0.9655793 -0.0462953
vn -0.1705366 -0.9852147 -0.0164108
vn -0.2559558 -0.9655793 -0.0462953
vn -0.3293219 -0.9419247 -0.0657645
vn 0.1917941 0.9810080 -0.0289525
vn 0.2084894 0.9777818 -0.0217931
vn 0.2085897 0.9776115 0.0276783
vn 0.1917941 0.9810080 -0.0289525
vn 0.2085897 0.9776115 0.0276783
vn 0.1921748 0.9811609 0.0198035
vn -0.3293219 -0.9419247 -0.0657645
vn -0.2559558 -0.9655793 -0.0462953
vn -0.5052941 -0.8595372 -0.0766394
vn -0.3293219 -0.9419247 -0.0657645
vn -0.5052941 -0.8595372 -0.0766394
vn -0.5356923 -0.8389712 -0.0957140
vn 0.2032492 0.9763006 -0.0743428
vn 0.2168190 0.9737489 -0.0693002
vn 0.2084894 0.9777818 -0.0217931
vn 0.2032492 0.9763006 -0.0743428
vn 0.2084894 0.9777818 -0.0217931
vn 0.1917941 0.9810080 -0.0289525
vn -0.5356923 -0.8389712 -0.0957140
vn -0.5052941 -0.8595372 -0.0766394
vn -0.7370718 -0.6712884 -0.0780833
vn -0.5356923 -0.8389712 -0.0957140
vn -0.7370718 -0.6712884 -0.0780833
vn -0.7277606 -0.6796627 -0.0917779
vn 0.2426145 0.9636753 -0.1116608
vn 0.2508994 0.9617893 -0.1095940
vn 0.2168190 0.9737489 -0.0693002
vn 0.2426145 0.9636753 -0.1116608
vn 0.2168190 0.9737489 -0.0693002
vn 0.2032492 0.9763006 -0.0743428
vn -0.7277606 -0.6796627 -0.0917779
vn -0.7370718 -0.6712884 -0.0780833
vn -0.8853234 -0.4622587 -0.0501929
vn -0.7277606 -0.6796627 -0.0917779
vn -0.8853234 -0.4622587 -0.0501929
vn -0.8615804 -0.5045008 -0.0561974
vn 0.3203608 0.9370186 -0.1391584
vn 0.3223175 0.9361043 -0.1407842
vn 0.2508994 0.9617893 -0.1095940
vn 0.3203608 0.9370186 -0.1391584
vn 0.2508994 0.9617893 -0.1095940
vn 0.2426145 0.9636753 -0.1116608
vn -0.8615804 -0.5045008 -0.0561974
vn -0.8853234 -0.4622587 -0.0501929
vn -0.9551333 -0.2960611 -0.0082628
vn -0.8615804 -0.5045008 -0.0561974
vn -0.9551333 -0.2960611 -0.0082628
vn -0.9342098 -0.3566837 -0.0053693
vn 0.4435088 0.8827725 -0.1549604
vn 0.4384842 0.8841286 -0.1613944
vn 0.3223175 0.9361043 -0.1407842
vn 0.4435088 0.8827725 -0.1549604
vn 0.3223175 0.9361043 -0.1407842
vn 0.3203608 0.9370186 -0.1391584
vn -0.9342098 -0.3566837 -0.0053693
vn -0.9551333 -0.2960611 -0.0082628
vn -0.9776994 -0.2075811 0.0318431
vn -0.9342098 -0.3566837 -0.0053693
vn -0.9776994 -0.2075811 0.0318431
vn -0.9623970 -0.2682130 0.0430565
vn 0.6134106 0.7747008 -0.1535124
vn 0.6014266 0.7813694 -0.1665773
vn 0.4384842 0.8841286 -0.1613944
vn 0.6134106 0.7747008 -0.1535124
vn 0.4384842 0.8841286 -0.1613944
vn 0.4435088 0.8827725 -0.1549604
vn -0.9623970 -0.2682130 0.0430565
vn -0.9776994 -0.2075811 0.0318431
vn -0.9742923 -0.2167756 0.0613425
vn -0.9623970 -0.2682130 0.0430565
vn -0.9742923 -0.2167756 0.0613425
vn -0.9621194 -0.2612563 0.0779193
vn 0.8065842 0.5779452 -0.1241022
vn 0.7912166 0.5939255 -0.1457011
vn 0.6014266 0.7813694 -0.1665773
vn 0.8065842 0.5779452 -0.1241022
vn 0.6014266 0.7813694 -0.1665773
vn 0.6134106 0.7747008 -0.1535124
vn -0.9621194 -0.2612563 0.0779193
vn -0.9742923 -0.2167756 0.0613425
vn -0.9484970 -0.3072918 0.0769752
vn -0.9621194 -0.2612563 0.0779193
vn -0.9484970 -0.3072918 0.0769752
vn -0.9416980 -0.3231289 0.0937683
vn 0.9537907 0.2943648 -0.0602721
vn 0.9437378 0.3183512 -0.0895067
vn 0.7912166 0.5939255 -0.1457011
vn 0.9537907 0.2943648 -0.0602721
vn 0.7912166 0.5939255 -0.1457011
vn 0.8065842 0.5779452 -0.1241022
vn -0.9416980 -0.3231289 0.0937683
vn -0.9484970 -0.3072918 0.0769752
vn -0.9161019 -0.3931212 0.0788234
vn -0.9416980 -0.3231289 0.0937683
vn -0.9161019 -0.3931212 0.0788234
vn -0.9198812 -0.3817203 0.0900453
vn 0.9992373 0.0314003 0.0232131
vn 0.9986286 0.0516662 -0.0084582
vn 0.9437378 0.3183512 -0.0895067
vn 0.9992373 0.0314003 0.0232131
vn 0.9437378 0.3183512 -0.0895067
vn 0.9537907 0.2943648 -0.0602721
vn -0.9198812 -0.3817203 0.0900453
vn -0.9161019 -0.3931212 0.0788234
vn -0.9741837 -0.2118783 0.0779346
vn -0.9198812 -0.3817203 0.0900453
vn -0.9741837 -0.2118783 0.0779346
vn -0.9770494 -0.1970205 0.0809778
vn 0.9950668 -0.0352900 0.0927179
vn 0.9976680 -0.0280223 0.0622362
vn 0.9986286 0.0516662 -0.0084582
vn 0.9950668 -0.0352900 0.0927179
vn 0.9986286 0.0516662 -0.0084582
vn 0.9992373 0.0314003 0.0232131
vn -0.9770494 -0.1970205 0.0809778
vn -0.9741837 -0.2118783 0.0779346
vn -0.9969562 0.0000000 0.0779633
vn -0.9770494 -0.1970205 0.0809778
vn -0.9969562 0.0000000 0.0779633
vn -0.9969321 0.0000000 0.0782708
vn 0.9948158 0.0000000 0.1016935
vn 0.9974534 0.0000000 0.0713215
vn 0.9976680 -0.0280223 0.0622362
vn 0.9948158 0.0000000 0.1016935
vn 0.9976680 -0.0280223 0.0622362
vn 0.9950668 -0.0352900 0.0927179
vn 0.0000000 -1.0000000 0.0000000
vn 0.0000000 -1.0000000 0.0000000
vn 0.0000000 -1.0000000 0.0000000
vn 0.0000000 -1.0000000 0.0000000
vn 0.0000000 -1.0000000 0.0000000
vn 0.0000000 -1.0000000 0.0000000
vn 0.0000000 -1.0000000 0.0000000
vn 0.0000000 -1.0000000 0.0000000
vn 0.0000000 -1.0000000 0.0000000
vn 0.0000000 -1.0000000 0.0000000
vn 0.0000000 -1.0000000 0.0000000
vn 0.0000000 -1.0000000 0.0000000
vn 0.9971590 0.0000000 -0.0753259
vn 0.9975719 0.0000000 -0.0696435
vn 0.9684597 -0.2389329 -0.0706888
vn 0.9971590 0.0000000 -0.0753259
vn 0.9684597 -0.2389329 -0.0706888
vn 0.9675833 -0.2416070 -0.0735440
vn -0.9959195 -0.0230275 -0.0872592
vn -0.9982242 -0.0167286 -0.0571715
vn -0.9987113 0.0000000 -0.0507514
vn -0.9959195 -0.0230275 -0.0872592
vn -0.9987113 0.0000000 -0.0507514
vn -0.9966699 0.0000000 -0.0815423
vn 0.9675833 -0.2416070 -0.0735440
vn 0.9684597 -0.2389329 -0.0706888
vn 0.8545836 -0.5149114 -0.0674772
vn 0.9675833 -0.2416070 -0.0735440
vn 0.8545836 -0.5149114 -0.0674772
vn 0.8556374 -0.5139641 -0.0610372
vn -0.9898892 -0.0309698 -0.1384207
vn -0.9935347 -0.0175978 -0.1121570
vn -0.9982242 -0.0167286 -0.0571715
vn -0.9898892 -0.0309698 -0.1384207
vn -0.9982242 -0.0167286 -0.0571715
vn -0.9959195 -0.0230275 -0.0872592
vn 0.8556374 -0.5139641 -0.0610372
vn 0.8545836 -0.5149114 -0.0674772
vn 0.8290181 -0.5548917 -0.0694557
vn 0.8556374 -0.5139641 -0.0610372
vn 0.8290181 -0.5548917 -0.0694557
vn 0.8314100 -0.5530966 -0.0533063
vn -0.9827007 0.0424350 -0.1802739
vn -0.9858271 0.0527233 -0.1592643
vn -0.9935347 -0.0175978 -0.1121570
vn -0.9827007 0.0424350 -0.1802739
vn -0.9935347 -0.0175978 -0.1121570
vn -0.9898892 -0.0309698 -0.1384207
vn 0.8314100 -0.5530966 -0.0533063
vn 0.8290181 -0.5548917 -0.0694557
vn 0.8591642 -0.5063960 -0.0734848
vn 0.8314100 -0.5530966 -0.0533063
vn 0.8591642 -0.5063960 -0.0734848
vn 0.8634777 -0.5018318 -0.0507064
vn -0.9589194 0.2055873 -0.1954674
vn -0.9615530 0.2071023 -0.1803456
vn -0.9858271 0.0527233 -0.1592643
vn -0.9589194 0.2055873 -0.1954674
vn -0.9858271 0.0527233 -0.1592643
vn -0.9827007 0.0424350 -0.1802739
vn 0.8634777 -0.5018318 -0.0507064
vn 0.8591642 -0.5063960 -0.0734848
vn 0.9027823 -0.4239870 -0.0722432
vn 0.8634777 -0.5018318 -0.0507064
vn 0.9027823 -0.4239870 -0.0722432
vn 0.9107657 -0.4101531 -0.0477525
vn -0.8866031 0.4258358 -0.1805515
vn -0.8914795 0.4190609 -0.1721980
vn -0.9615530 0.2071023 -0.1803456
vn -0.8866031 0.4258358 -0.1805515
vn -0.9615530 0.2071023 -0.1803456
vn -0.9589194 0.2055873 -0.1954674
vn 0.9107657 -0.4101531 -0.0477525
vn 0.9027823 -0.4239870 -0.0722432
vn 0.9199563 -0.3875478 -0.0590515
vn 0.9107657 -0.4101531 -0.0477525
vn 0.9199563 -0.3875478 -0.0590515
vn 0.9319347 -0.3606488 -0.0378165
vn -0.7522368 0.6443437 -0.1376993
vn -0.7615489 0.6336353 -0.1361967
vn -0.8914795 0.4190609 -0.1721980
vn -0.7522368 0.6443437 -0.1376993
vn -0.8914795 0.4190609 -0.1721980
vn -0.8866031 0.4258358 -0.1805515
vn 0.9319347 -0.3606488 -0.0378165
vn 0.9199563 -0.3875478 -0.0590515
vn 0.8909194 -0.4527445 -0.0358473
vn 0.9319347 -0.3606488 -0.0378165
vn 0.8909194 -0.4527445 -0.0358473
vn 0.9086266 -0.4170631 -0.0213550
vn -0.5792695 0.8113160 -0.0788242
vn -0.5922439 0.8015196 -0.0825441
vn -0.7615489 0.6336353 -0.1361967
vn -0.5792695 0.8113160 -0.0788242
vn -0.7615489 0.6336353 -0.1361967
vn -0.7522368 0.6443437 -0.1376993
vn 0.9086266 -0.4170631 -0.0213550
vn 0.8909194 -0.4527445 -0.0358473
vn 0.7865219 -0.6175022 -0.0086244
vn 0.9086266 -0.4170631 -0.0213550
vn 0.7865219 -0.6175022 -0.0086244
vn 0.8138232 -0.5811094 -0.0019156
vn -0.4025311 0.9152292 -0.0180040
vn -0.4166533 0.9087382 -0.0243924
vn -0.5922439 0.8015196 -0.0825441
vn -0.4025311 0.9152292 -0.0180040
vn -0.5922439 0.8015196 -0.0825441
vn -0.5792695 0.8113160 -0.0788242
vn 0.8138232 -0.5811094 -0.0019156
vn 0.7865219 -0.6175022 -0.0086244
vn 0.5829910 -0.8122595 0.0188672
vn 0.8138232 -0.5811094 -0.0019156
vn 0.5829910 -0.8122595 0.0188672
vn 0.6215002 -0.7831454 0.0205120
vn -0.2421622 0.9695861 0.0355001
vn -0.2550882 0.9664885 0.0288095
vn -0.4166533 0.9087382 -0.0243924
vn -0.2421622 0.9695861 0.0355001
vn -0.4166533 0.9087382 -0.0243924
vn -0.4025311 0.9152292 -0.0180040
vn 0.6215002 -0.7831454 0.0205120
vn 0.5829910 -0.8122595 0.0188672
vn 0.3342138 -0.9414355 0.0447254
vn 0.6215002 -0.7831454 0.0205120
vn 0.3342138 -0.9414355 0.0447254
vn 0.3763564 -0.9253182 0.0462828
vn -0.1041763 0.9915958 0.0767146
vn -0.1141865 0.9908842 0.0714841
vn -0.2550882 0.9664885 0.0288095
vn -0.1041763 0.9915958 0.0767146
vn -0.2550882 0.9664885 0.0288095
vn -0.2421622 0.9695861 0.0355001
vn 0.3763564 -0.9253182 0.0462828
vn 0.3342138 -0.9414355 0.0447254
vn 0.1461425 -0.9871025 0.0653532
vn 0.3763564 -0.9253182 0.0462828
vn 0.1461425 -0.9871025 0.0653532
vn 0.1748008 -0.9821419 0.0695842
vn 0.0104396 0.9946743 0.1025382
vn 0.0046861 0.9949850 0.0999146
vn -0.1141865 0.9908842 0.0714841
vn 0.0104396 0.9946743 0.1025382
vn -0.1141865 0.9908842 0.0714841
vn -0.1041763 0.9915958 0.0767146
vn 0.1748008 -0.9821419 0.0695842
vn 0.1461425 -0.9871025 0.0653532
vn 0.0643382 -0.9951836 0.0739604
vn 0.1748008 -0.9821419 0.0695842
vn 0.0643382 -0.9951836 0.0739604
vn 0.0638116 -0.9947486 0.0800211
vn 0.1004578 0.9887654 0.1106856
vn 0.1001064 0.9887367 0.1112587
vn 0.0046861 0.9949850 0.0999146
vn 0.1004578 0.9887654 0.1106856
vn 0.0046861 0.9949850 0.0999146
vn 0.0104396 0.9946743 0.1025382
vn 0.0638116 -0.9947486 0.0800211
vn 0.0643382 -0.9951836 0.0739604
vn 0.0583748 -0.9961921 0.0647583
vn 0.0638116 -0.9947486 0.0800211
vn 0.0583748 -0.9961921 0.0647583
vn 0.0236042 -0.9972910 0.0696668
vn 0.1634287 0.9814880 0.0998620
vn 0.1692826 0.9800996 0.1036731
vn 0.1001064 0.9887367 0.1112587
vn 0.1634287 0.9814880 0.0998620
vn 0.1001064 0.9887367 0.1112587
vn 0.1004578 0.9887654 0.1106856
vn 0.0236042 -0.9972910 0.0696668
vn 0.0583748 -0.9961921 0.0647583
vn 0.0591342 -0.9974527 0.0398898
vn 0.0236042 -0.9972910 0.0696668
vn 0.0591342 -0.9974527 0.0398898
vn -0.0021600 -0.9992282 0.0392226
vn 0.1980088 0.9776399 0.0708001
vn 0.2099541 0.9746541 0.0772565
vn 0.1692826 0.9800996 0.1036731
vn 0.1980088 0.9776399 0.0708001
vn 0.1692826 0.9800996 0.1036731
vn 0.1634287 0.9814880 0.0998620
vn -0.0021600 -0.9992282 0.0392226
vn 0.0591342 -0.9974527 0.0398898
vn -0.0078952 -0.9999414 0.0074060
vn -0.0021600 -0.9992282 0.0392226
vn -0.0078952 -0.9999414 0.0074060
vn -0.0805505 -0.9967463 -0.0029087
vn 0.2085897 0.9776115 0.0276783
vn 0.2248774 0.9737410 0.0354779
vn 0.2099541 0.9746541 0.0772565
vn 0.2085897 0.9776115 0.0276783
vn 0.2099541 0.9746541 0.0772565
vn 0.1980088 0.9776399 0.0708001
vn -0.0805505 -0.9967463 -0.0029087
vn -0.0078952 -0.9999414 0.0074060
vn -0.1918056 -0.9810734 -0.0265648
vn -0.0805505 -0.9967463 -0.0029087
vn -0.1918056 -0.9810734 -0.0265648
vn -0.2559558 -0.9655793 -0.0462953
vn 0.2084894 0.9777818 -0.0217931
vn 0.2257824 0.9740715 -0.0143878
vn 0.2248774 0.9737410 0.0354779
vn 0.2084894 0.9777818 -0.0217931
vn 0.2248774 0.9737410 0.0354779
vn 0.2085897 0.9776115 0.0276783
vn -0.2559558 -0.9655793 -0.0462953
vn -0.1918056 -0.9810734 -0.0265648
vn -0.4727463 -0.8795475 -0.0539175
vn -0.2559558 -0.9655793 -0.0462953
vn -0.4727463 -0.8795475 -0.0539175
vn -0.5052941 -0.8595372 -0.0766394
vn 0.2168190 0.9737489 -0.0693002
vn 0.2315180 0.9707365 -0.0637972
vn 0.2257824 0.9740715 -0.0143878
vn 0.2168190 0.9737489 -0.0693002
vn 0.2257824 0.9740715 -0.0143878
vn 0.2084894 0.9777818 -0.0217931
vn -0.5052941 -0.8595372 -0.0766394
vn -0.4727463 -0.8795475 -0.0539175
vn -0.7390724 -0.6709336 -0.0601675
vn -0.5052941 -0.8595372 -0.0766394
vn -0.7390724 -0.6709336 -0.0601675
vn -0.7370718 -0.6712884 -0.0780833
vn 0.2508994 0.9617893 -0.1095940
vn 0.2605503 0.9595223 -0.1069133
vn 0.2315180 0.9707365 -0.0637972
vn 0.2508994 0.9617893 -0.1095940
vn 0.2315180 0.9707365 -0.0637972
vn 0.2168190 0.9737489 -0.0693002
vn -0.7370718 -0.6712884 -0.0780833
vn -0.7390724 -0.6709336 -0.0601675
vn -0.9005271 -0.4328298 -0.0413439
vn -0.7370718 -0.6712884 -0.0780833
vn -0.9005271 -0.4328298 -0.0413439
vn -0.8853234 -0.4622587 -0.0501929
vn 0.3223175 0.9361043 -0.1407842
vn 0.3257140 0.9348058 -0.1415926
vn 0.2605503 0.9595223 -0.1069133
vn 0.3223175 0.9361043 -0.1407842
vn 0.2605503 0.9595223 -0.1069133
vn 0.2508994 0.9617893 -0.1095940
vn -0.8853234 -0.4622587 -0.0501929
vn -0.9005271 -0.4328298 -0.0413439
vn -0.9680882 -0.2504190 -0.0097758
vn -0.8853234 -0.4622587 -0.0501929
vn -0.9680882 -0.2504190 -0.0097758
vn -0.9551333 -0.2960611 -0.0082628
vn 0.4384842 0.8841286 -0.1613944
vn 0.4349390 0.8848994 -0.1666766
vn 0.3257140 0.9348058 -0.1415926
vn 0.4384842 0.8841286 -0.1613944
vn 0.3257140 0.9348058 -0.1415926
vn 0.3223175 0.9361043 -0.1407842
vn -0.9551333 -0.2960611 -0.0082628
vn -0.9680882 -0.2504190 -0.0097758
vn -0.9868339 -0.1603993 0.0207570
vn -0.9551333 -0.2960611 -0.0082628
vn -0.9868339 -0.1603993 0.0207570
vn -0.9776994 -0.2075811 0.0318431
vn 0.6014266 0.7813694 -0.1665773
vn 0.5907995 0.7869331 -0.1780230
vn 0.4349390 0.8848994 -0.1666766
vn 0.6014266 0.7813694 -0.1665773
vn 0.4349390 0.8848994 -0.1666766
vn 0.4384842 0.8841286 -0.1613944
vn -0.9776994 -0.2075811 0.0318431
vn -0.9868339 -0.1603993 0.0207570
vn -0.9829852 -0.1784948 0.0433564
vn -0.9776994 -0.2075811 0.0318431
vn -0.9829852 -0.1784948 0.0433564
vn -0.9742923 -0.2167756 0.0613425
vn 0.7912166 0.5939255 -0.1457011
vn 0.7763771 0.6081937 -0.1653453
vn 0.5907995 0.7869331 -0.1780230
vn 0.7912166 0.5939255 -0.1457011
vn 0.5907995 0.7869331 -0.1780230
vn 0.6014266 0.7813694 -0.1665773
vn -0.9742923 -0.2167756 0.0613425
vn -0.9829852 -0.1784948 0.0433564
vn -0.9565665 -0.2858393 0.0572399
vn -0.9742923 -0.2167756 0.0613425
vn -0.9565665 -0.2858393 0.0572399
vn -0.9484970 -0.3072918 0.0769752
vn 0.9437378 0.3183512 -0.0895067
vn 0.9327436 0.3409475 -0.1172353
vn 0.7763771 0.6081937 -0.1653453
vn 0.9437378 0.3183512 -0.0895067
vn 0.7763771 0.6081937 -0.1653453
vn 0.7912166 0.5939255 -0.1457011
vn -0.9484970 -0.3072918 0.0769752
vn -0.9565665 -0.2858393 0.0572399
vn -0.9186505 -0.3898386 0.0640870
vn -0.9484970 -0.3072918 0.0769752
vn -0.9186505 -0.3898386 0.0640870
vn -0.9161019 -0.3931212 0.0788234
vn 0.9986286 0.0516662 -0.0084582
vn 0.9966302 0.0717206 -0.0398036
vn 0.9327436 0.3409475 -0.1172353
vn 0.9986286 0.0516662 -0.0084582
vn 0.9327436 0.3409475 -0.1172353
vn 0.9437378 0.3183512 -0.0895067
vn -0.9161019 -0.3931212 0.0788234
vn -0.9186505 -0.3898386 0.0640870
vn -0.9734700 -0.2176042 0.0707425
vn -0.9161019 -0.3931212 0.0788234
vn -0.9734700 -0.2176042 0.0707425
vn -0.9741837 -0.2118783 0.0779346
vn 0.9976680 -0.0280223 0.0622362
vn 0.9992987 -0.0206127 0.0312619
vn 0.9966302 0.0717206 -0.0398036
vn 0.9976680 -0.0280223 0.0622362
vn 0.9966302 0.0717206 -0.0398036
vn 0.9986286 0.0516662 -0.0084582
vn -0.9741837 -0.2118783 0.0779346
vn -0.9734700 -0.2176042 0.0707425
vn -0.9973098 0.0000000 0.0733023
vn -0.9741837 -0.2118783 0.0779346
vn -0.9973098 0.0000000 0.0733023
vn -0.9969562 0.0000000 0.0779633
vn 0.9974534 0.0000000 0.0713215
vn 0.9991835 0.0000000 0.0404021
vn 0.9992987 -0.0206127 0.0312619
vn 0.9974534 0.0000000 0.0713215
vn 0.9992987 -0.0206127 0.0312619
vn 0.9976680 -0.0280223 0.0622362
vn 0.0000000 -1.0000000 0.0000000
vn 0.0000000 -1.0000000 0.0000000
vn 0.0000000 -1.0000000 0.0000000
vn 0.0000000 -1.0000000 0.0000000
vn 0.0000000 -1.0000000 0.0000000
vn 0.0000000 -1.0000000 0.0000000
vn 0.0000000 -1.0000000 0.0000000
vn 0.0000000 -1.0000000 0.0000000
vn 0.0000000 -1.0000000 0.0000000
vn 0.0000000 -1.0000000 0.0000000
vn 0.0000000 -1.0000000 0.0000000
vn 0.0000000 -1.0000000 0.0000000
vn 0.9975719 0.0000000 -0.0696435
vn 0.9981946 0.0000000 -0.0600621
vn 0.9716340 -0.2276674 -0.0639920
vn 0.9975719 0.0000000 -0.0696435
vn 0.9716340 -0.2276674 -0.0639920
vn 0.9684597 -0.2389329 -0.0706888
vn -0.9982242 -0.0167286 -0.0571715
vn -0.9995902 -0.0100485 -0.0268058
vn -0.9998052 0.0000000 -0.0197364
vn -0.9982242 -0.0167286 -0.0571715
vn -0.9998052 0.0000000 -0.0197364
vn -0.9987113 0.0000000 -0.0507514
vn 0.9684597 -0.2389329 -0.0706888
vn 0.9716340 -0.2276674 -0.0639920
vn 0.8627916 -0.5005632 -0.0709032
vn 0.9684597 -0.2389329 -0.0706888
vn 0.8627916 -0.5005632 -0.0709032
vn 0.8545836 -0.5149114 -0.0674772
vn -0.9935347 -0.0175978 -0.1121570
vn -0.9963747 -0.0029266 -0.0850234
vn -0.9995902 -0.0100485 -0.0268058
vn -0.9935347 -0.0175978 -0.1121570
vn -0.9995902 -0.0100485 -0.0268058
vn -0.9982242 -0.0167286 -0.0571715
vn 0.8545836 -0.5149114 -0.0674772
vn 0.8627916 -0.5005632 -0.0709032
vn 0.8348239 -0.5442464 -0.0828550
vn 0.8545836 -0.5149114 -0.0674772
vn 0.8348239 -0.5442464 -0.0828550
vn 0.8290181 -0.5548917 -0.0694557
vn -0.9858271 0.0527233 -0.1592643
vn -0.9884322 0.0650667 -0.1369967
vn -0.9963747 -0.0029266 -0.0850234
vn -0.9858271 0.0527233 -0.1592643
vn -0.9963747 -0.0029266 -0.0850234
vn -0.9935347 -0.0175978 -0.1121570
vn 0.8290181 -0.5548917 -0.0694557
vn 0.8348239 -0.5442464 -0.0828550
vn 0.8585041 -0.5042308 -0.0933923
vn 0.8290181 -0.5548917 -0.0694557
vn 0.8585041 -0.5042308 -0.0933923
vn 0.8591642 -0.5063960 -0.0734848
vn -0.9615530 0.2071023 -0.1803456
vn -0.9637021 0.2108602 -0.1637570
vn -0.9884322 0.0650667 -0.1369967
vn -0.9615530 0.2071023 -0.1803456
vn -0.9884322 0.0650667 -0.1369967
vn -0.9858271 0.0527233 -0.1592643
vn 0.8591642 -0.5063960 -0.0734848
vn 0.8585041 -0.5042308 -0.0933923
vn 0.8938892 -0.4383478 -0.0938792
vn 0.8591642 -0.5063960 -0.0734848
vn 0.8938892 -0.4383478 -0.0938792
vn 0.9027823 -0.4239870 -0.0722432
vn -0.8914795 0.4190609 -0.1721980
vn -0.8956055 0.4142129 -0.1622296
vn -0.9637021 0.2108602 -0.1637570
vn -0.8914795 0.4190609 -0.1721980
vn -0.9637021 0.2108602 -0.1637570
vn -0.9615530 0.2071023 -0.1803456
vn 0.9027823 -0.4239870 -0.0722432
vn 0.8938892 -0.4383478 -0.0938792
vn 0.9038706 -0.4206339 -0.0780068
vn 0.9027823 -0.4239870 -0.0722432
vn 0.9038706 -0.4206339 -0.0780068
vn 0.9199563 -0.3875478 -0.0590515
vn -0.7615489 0.6336353 -0.1361967
vn -0.7699222 0.6240908 -0.1331557
vn -0.8956055 0.4142129 -0.1622296
vn -0.7615489 0.6336353 -0.1361967
vn -0.8956055 0.4142129 -0.1622296
vn -0.8914795 0.4190609 -0.1721980
vn 0.9199563 -0.3875478 -0.0590515
vn 0.9038706 -0.4206339 -0.0780068
vn 0.8666888 -0.4964554 -0.0488122
vn 0.9199563 -0.3875478 -0.0590515
vn 0.8666888 -0.4964554 -0.0488122
vn 0.8909194 -0.4527445 -0.0358473
vn -0.5922439 0.8015196 -0.0825441
vn -0.6044661 0.7920687 -0.0851346
vn -0.7699222 0.6240908 -0.1331557
vn -0.5922439 0.8015196 -0.0825441
vn -0.7699222 0.6240908 -0.1331557
vn -0.7615489 0.6336353 -0.1361967
vn 0.8909194 -0.4527445 -0.0358473
vn 0.8666888 -0.4964554 -0.0488122
vn 0.7521587 -0.6588251 -0.0143816
vn 0.8909194 -0.4527445 -0.0358473
vn 0.7521587 -0.6588251 -0.0143816
vn 0.7865219 -0.6175022 -0.0086244
vn -0.4166533 0.9087382 -0.0243924
vn -0.4304770 0.9020945 -0.0302488
vn -0.6044661 0.7920687 -0.0851346
vn -0.4166533 0.9087382 -0.0243924
vn -0.6044661 0.7920687 -0.0851346
vn -0.5922439 0.8015196 -0.0825441
vn 0.7865219 -0.6175022 -0.0086244
vn 0.7521587 -0.6588251 -0.0143816
vn 0.5414370 -0.8405561 0.0176488
vn 0.7865219 -0.6175022 -0.0086244
vn 0.5414370 -0.8405561 0.0176488
vn 0.5829910 -0.8122595 0.0188672
vn -0.2550882 0.9664885 0.0288095
vn -0.2682069 0.9631084 0.0220734
vn -0.4304770 0.9020945 -0.0302488
vn -0.2550882 0.9664885 0.0288095
vn -0.4304770 0.9020945 -0.0302488
vn -0.4166533 0.9087382 -0.0243924
vn 0.5829910 -0.8122595 0.0188672
vn 0.5414370 -0.8405561 0.0176488
vn 0.2950728 -0.9545161 0.0427897
vn 0.5829910 -0.8122595 0.0188672
vn 0.2950728 -0.9545161 0.0427897
vn 0.3342138 -0.9414355 0.0447254
vn -0.1141865 0.9908842 0.0714841
vn -0.1247997 0.9899994 0.0657747
vn -0.2682069 0.9631084 0.0220734
vn -0.1141865 0.9908842 0.0714841
vn -0.2682069 0.9631084 0.0220734
vn -0.2550882 0.9664885 0.0288095
vn 0.3342138 -0.9414355 0.0447254
vn 0.2950728 -0.9545161 0.0427897
vn 0.1222889 -0.9907073 0.0595362
vn 0.3342138 -0.9414355 0.0447254
vn 0.1222889 -0.9907073 0.0595362
vn 0.1461425 -0.9871025 0.0653532
vn 0.0046861 0.9949850 0.0999146
vn -0.0019707 0.9953247 0.0965652
vn -0.1247997 0.9899994 0.0657747
vn 0.0046861 0.9949850 0.0999146
vn -0.1247997 0.9899994 0.0657747
vn -0.1141865 0.9908842 0.0714841
vn 0.1461425 -0.9871025 0.0653532
vn 0.1222889 -0.9907073 0.0595362
vn 0.0660195 -0.9957031 0.0649371
vn 0.1461425 -0.9871025 0.0653532
vn 0.0660195 -0.9957031 0.0649371
vn 0.0643382 -0.9951836 0.0739604
vn 0.1001064 0.9887367 0.1112587
vn 0.0986721 0.9889052 0.1110417
vn -0.0019707 0.9953247 0.0965652
vn 0.1001064 0.9887367 0.1112587
vn -0.0019707 0.9953247 0.0965652
vn 0.0046861 0.9949850 0.0999146
vn 0.0643382 -0.9951836 0.0739604
vn 0.0660195 -0.9957031 0.0649371
vn 0.0865587 -0.9946780 0.0558868
vn 0.0643382 -0.9951836 0.0739604
vn 0.0865587 -0.9946780 0.0558868
vn 0.0583748 -0.9961921 0.0647583
vn 0.1692826 0.9800996 0.1036731
vn 0.1740410 0.9789306 0.1067922
vn 0.0986721 0.9889052 0.1110417
vn 0.1692826 0.9800996 0.1036731
vn 0.0986721 0.9889052 0.1110417
vn 0.1001064 0.9887367 0.1112587
vn 0.0583748 -0.9961921 0.0647583
vn 0.0865587 -0.9946780 0.0558868
vn 0.1048448 -0.9938245 0.0363365
vn 0.0583748 -0.9961921 0.0647583
vn 0.1048448 -0.9938245 0.0363365
vn 0.0591342 -0.9974527 0.0398898
vn 0.2099541 0.9746541 0.0772565
vn 0.2210586 0.9716998 0.0832625
vn 0.1740410 0.9789306 0.1067922
vn 0.2099541 0.9746541 0.0772565
vn 0.1740410 0.9789306 0.1067922
vn 0.1692826 0.9800996 0.1036731
vn 0.0591342 -0.9974527 0.0398898
vn 0.1048448 -0.9938245 0.0363365
vn 0.0447204 -0.9989001 0.0140924
vn 0.0591342 -0.9974527 0.0398898
vn 0.0447204 -0.9989001 0.0140924
vn -0.0078952 -0.9999414 0.0074060
vn 0.2248774 0.9737410 0.0354779
vn 0.2409046 0.9695882 0.0431715
vn 0.2210586 0.9716998 0.0832625
vn 0.2248774 0.9737410 0.0354779
vn 0.2210586 0.9716998 0.0832625
vn 0.2099541 0.9746541 0.0772565
vn -0.0078952 -0.9999414 0.0074060
vn 0.0447204 -0.9989001 0.0140924
vn -0.1419494 -0.9898394 -0.0082634
vn -0.0078952 -0.9999414 0.0074060
vn -0.1419494 -0.9898394 -0.0082634
vn -0.1918056 -0.9810734 -0.0265648
vn 0.2257824 0.9740715 -0.0143878
vn 0.2435644 0.9698613 -0.0067468
vn 0.2409046 0.9695882 0.0431715
vn 0.2257824 0.9740715 -0.0143878
vn 0.2409046 0.9695882 0.0431715
vn 0.2248774 0.9737410 0.0354779
vn -0.1918056 -0.9810734 -0.0265648
vn -0.1419494 -0.9898394 -0.0082634
vn -0.4415914 -0.8967402 -0.0292250
vn -0.1918056 -0.9810734 -0.0265648
vn -0.4415914 -0.8967402 -0.0292250
vn -0.4727463 -0.8795475 -0.0539175
vn 0.2315180 0.9707365 -0.0637972
vn 0.2473041 0.9672111 -0.0578224
vn 0.2435644 0.9698613 -0.0067468
vn 0.2315180 0.9707365 -0.0637972
vn 0.2435644 0.9698613 -0.0067468
vn 0.2257824 0.9740715 -0.0143878
vn -0.4727463 -0.8795475 -0.0539175
vn -0.4415914 -0.8967402 -0.0292250
vn -0.7347949 -0.6771770 -0.0388314
vn -0.4727463 -0.8795475 -0.0539175
vn -0.7347949 -0.6771770 -0.0388314
vn -0.7390724 -0.6709336 -0.0601675
vn 0.2605503 0.9595223 -0.1069133
vn 0.2715770 0.9568239 -0.1036049
vn 0.2473041 0.9672111 -0.0578224
vn 0.2605503 0.9595223 -0.1069133
vn 0.2473041 0.9672111 -0.0578224
vn 0.2315180 0.9707365 -0.0637972
vn -0.7390724 -0.6709336 -0.0601675
vn -0.7347949 -0.6771770 -0.0388314
vn -0.9086515 -0.4164780 -0.0299756
vn -0.7390724 -0.6709336 -0.0601675
vn -0.9086515 -0.4164780 -0.0299756
vn -0.9005271 -0.4328298 -0.0413439
vn 0.3257140 0.9348058 -0.1415926
vn 0.3305760 0.9330992 -0.1415816
vn 0.2715770 0.9568239 -0.1036049
vn 0.3257140 0.9348058 -0.1415926
vn 0.2715770 0.9568239 -0.1036049
vn 0.2605503 0.9595223 -0.1069133
vn -0.9005271 -0.4328298 -0.0413439
vn -0.9086515 -0.4164780 -0.0299756
vn -0.9753579 -0.2204034 -0.0099641
vn -0.9005271 -0.4328298 -0.0413439
vn -0.9753579 -0.2204034 -0.0099641
vn -0.9680882 -0.2504190 -0.0097758
vn 0.4349390 0.8848994 -0.1666766
vn 0.4329026 0.8851084 -0.1708173
vn 0.3305760 0.9330992 -0.1415816
vn 0.4349390 0.8848994 -0.1666766
vn 0.3305760 0.9330992 -0.1415816
vn 0.3257140 0.9348058 -0.1415926
vn -0.9680882 -0.2504190 -0.0097758
vn -0.9753579 -0.2204034 -0.0099641
vn -0.9917321 -0.1279277 0.0100937
vn -0.9680882 -0.2504190 -0.0097758
vn -0.9917321 -0.1279277 0.0100937
vn -0.9868339 -0.1603993 0.0207570
vn 0.5907995 0.7869331 -0.1780230
vn 0.5816117 0.7914802 -0.1878482
vn 0.4329026 0.8851084 -0.1708173
vn 0.5907995 0.7869331 -0.1780230
vn 0.4329026 0.8851084 -0.1708173
vn 0.4349390 0.8848994 -0.1666766
vn -0.9868339 -0.1603993 0.0207570
vn -0.9917321 -0.1279277 0.0100937
vn -0.9885367 -0.1489375 0.0247561
vn -0.9868339 -0.1603993 0.0207570
vn -0.9885367 -0.1489375 0.0247561
vn -0.9829852 -0.1784948 0.0433564
vn 0.7763771 0.6081937 -0.1653453
vn 0.7623067 0.6208273 -0.1829261
vn 0.5816117 0.7914802 -0.1878482
vn 0.7763771 0.6081937 -0.1653453
vn 0.5816117 0.7914802 -0.1878482
vn 0.5907995 0.7869331 -0.1780230
vn -0.9829852 -0.1784948 0.0433564
vn -0.9885367 -0.1489375 0.0247561
vn -0.9645839 -0.2613596 0.0356247
vn -0.9829852 -0.1784948 0.0433564
vn -0.9645839 -0.2613596 0.0356247
vn -0.9565665 -0.2858393 0.0572399
vn 0.9327436 0.3409475 -0.1172353
vn 0.9211116 0.3620406 -0.1431087
vn 0.7623067 0.6208273 -0.1829261
vn 0.9327436 0.3409475 -0.1172353
vn 0.7623067 0.6208273 -0.1829261
vn 0.7763771 0.6081937 -0.1653453
vn -0.9565665 -0.2858393 0.0572399
vn -0.9645839 -0.2613596 0.0356247
vn -0.9267731 -0.3727183 0.0466113
vn -0.9565665 -0.2858393 0.0572399
vn -0.9267731 -0.3727183 0.0466113
vn -0.9186505 -0.3898386 0.0640870
vn 0.9966302 0.0717206 -0.0398036
vn 0.9933318 0.0913590 -0.0703245
vn 0.9211116 0.3620406 -0.1431087
vn 0.9966302 0.0717206 -0.0398036
vn 0.9211116 0.3620406 -0.1431087
vn 0.9327436 0.3409475 -0.1172353
vn -0.9186505 -0.3898386 0.0640870
vn -0.9267731 -0.3727183 0.0466113
vn -0.9750044 -0.2139650 0.0598777
vn -0.9186505 -0.3898386 0.0640870
vn -0.9750044 -0.2139650 0.0598777
vn -0.9734700 -0.2176042 0.0707425
vn 0.9992987 -0.0206127 0.0312619
vn 0.9999136 -0.0131388 0.0002830
vn 0.9933318 0.0913590 -0.0703245
vn 0.9992987 -0.0206127 0.0312619
vn 0.9933318 0.0913590 -0.0703245
vn 0.9966302 0.0717206 -0.0398036
vn -0.9734700 -0.2176042 0.0707425
vn -0.9750044 -0.2139650 0.0598777
vn -0.9979103 0.0000000 0.0646145
vn -0.9734700 -0.2176042 0.0707425
vn -0.9979103 0.0000000 0.0646145
vn -0.9973098 0.0000000 0.0733023
vn 0.9991835 0.0000000 0.0404021
vn 0.9999556 0.0000000 0.0094202
vn 0.9999136 -0.0131388 0.0002830
vn 0.9991835 0.0000000 0.0404021
vn 0.9999136 -0.0131388 0.0002830
vn 0.9992987 -0.0206127 0.0312619
vn 0.0000000 -1.0000000 0.0000000
vn 0.0000000 -1.0000000 0.0000000
vn 0.0000000 -1.0000000 0.0000000
vn 0.0000000 -1.0000000 0.0000000
vn 0.0000000 -1.0000000 0.0000000
vn 0.0000000 -1.0000000 0.0000000
vn 0.0000000 -1.0000000 0.0000000
vn 0.0000000 -1.0000000 0.0000000
vn 0.0000000 -1.0000000 0.0000000
vn 0.0000000 -1.0000000 0.0000000
vn 0.0000000 -1.0000000 0.0000000
vn 0.0000000 -1.0000000 0.0000000
vn 0.9981946 0.0000000 -0.0600621
vn 0.9988863 0.0000000 -0.0471827
vn 0.9766437 -0.2080156 -0.0538195
vn 0.9981946 0.0000000 -0.0600621
vn 0.9766437 -0.2080156 -0.0538195
vn 0.9716340 -0.2276674 -0.0639920
vn -0.9995902 -0.0100485 -0.0268058
vn -0.9999896 -0.0030632 0.0033670
vn -0.9999393 0.0000000 0.0110221
vn -0.9995902 -0.0100485 -0.0268058
vn -0.9999393 0.0000000 0.0110221
vn -0.9998052 0.0000000 -0.0197364
vn 0.9716340 -0.2276674 -0.0639920
vn 0.9766437 -0.2080156 -0.0538195
vn 0.8795758 -0.4704189 -0.0710812
vn 0.9716340 -0.2276674 -0.0639920
vn 0.8795758 -0.4704189 -0.0710812
vn 0.8627916 -0.5005632 -0.0709032
vn -0.9963747 -0.0029266 -0.0850234
vn -0.9982654 0.0128901 -0.0574451
vn -0.9999896 -0.0030632 0.0033670
vn -0.9963747 -0.0029266 -0.0850234
vn -0.9999896 -0.0030632 0.0033670
vn -0.9995902 -0.0100485 -0.0268058
vn 0.8627916 -0.5005632 -0.0709032
vn 0.8795758 -0.4704189 -0.0710812
vn 0.8488482 -0.5203957 -0.0929789
vn 0.8627916 -0.5005632 -0.0709032
vn 0.8488482 -0.5203957 -0.0929789
vn 0.8348239 -0.5442464 -0.0828550
vn -0.9884322 0.0650667 -0.1369967
vn -0.9903282 0.0793377 -0.1138224
vn -0.9982654 0.0128901 -0.0574451
vn -0.9884322 0.0650667 -0.1369967
vn -0.9982654 0.0128901 -0.0574451
vn -0.9963747 -0.0029266 -0.0850234
vn 0.8348239 -0.5442464 -0.0828550
vn 0.8488482 -0.5203957 -0.0929789
vn 0.8621087 -0.4947041 -0.1097107
vn 0.8348239 -0.5442464 -0.0828550
vn 0.8621087 -0.4947041 -0.1097107
vn 0.8585041 -0.5042308 -0.0933923
vn -0.9637021 0.2108602 -0.1637570
vn -0.9652388 0.2167867 -0.1460051
vn -0.9903282 0.0793377 -0.1138224
vn -0.9637021 0.2108602 -0.1637570
vn -0.9903282 0.0793377 -0.1138224
vn -0.9884322 0.0650667 -0.1369967
vn 0.8585041 -0.5042308 -0.0933923
vn 0.8621087 -0.4947041 -0.1097107
vn 0.8849331 -0.4520862 -0.1118549
vn 0.8585041 -0.5042308 -0.0933923
vn 0.8849331 -0.4520862 -0.1118549
vn 0.8938892 -0.4383478 -0.0938792
vn -0.8956055 0.4142129 -0.1622296
vn -0.8989293 0.4112849 -0.1509001
vn -0.9652388 0.2167867 -0.1460051
vn -0.8956055 0.4142129 -0.1622296
vn -0.9652388 0.2167867 -0.1460051
vn -0.9637021 0.2108602 -0.1637570
vn 0.8938892 -0.4383478 -0.0938792
vn 0.8849331 -0.4520862 -0.1118549
vn 0.8841096 -0.4577651 -0.0938158
vn 0.8938892 -0.4383478 -0.0938792
vn 0.8841096 -0.4577651 -0.0938158
vn 0.9038706 -0.4206339 -0.0780068
vn -0.7699222 0.6240908 -0.1331557
vn -0.7773282 0.6157827 -0.1287345
vn -0.8989293 0.4112849 -0.1509001
vn -0.7699222 0.6240908 -0.1331557
vn -0.8989293 0.4112849 -0.1509001
vn -0.8956055 0.4142129 -0.1622296
vn 0.9038706 -0.4206339 -0.0780068
vn 0.8841096 -0.4577651 -0.0938158
vn 0.8360714 -0.5453915 -0.0594363
vn 0.9038706 -0.4206339 -0.0780068
vn 0.8360714 -0.5453915 -0.0594363
vn 0.8666888 -0.4964554 -0.0488122
vn -0.6044661 0.7920687 -0.0851346
vn -0.6158746 0.7830662 -0.0866353
vn -0.7773282 0.6157827 -0.1287345
vn -0.6044661 0.7920687 -0.0851346
vn -0.7773282 0.6157827 -0.1287345
vn -0.7699222 0.6240908 -0.1331557
vn 0.8666888 -0.4964554 -0.0488122
vn 0.8360714 -0.5453915 -0.0594363
vn 0.7115064 -0.7024311 -0.0186861
vn 0.8666888 -0.4964554 -0.0488122
vn 0.7115064 -0.7024311 -0.0186861
vn 0.7521587 -0.6588251 -0.0143816
vn -0.4304770 0.9020945 -0.0302488
vn -0.4439070 0.8953683 -0.0355256
vn -0.6158746 0.7830662 -0.0866353
vn -0.4304770 0.9020945 -0.0302488
vn -0.6158746 0.7830662 -0.0866353
vn -0.6044661 0.7920687 -0.0851346
vn 0.7521587 -0.6588251 -0.0143816
vn 0.7115064 -0.7024311 -0.0186861
vn 0.4988622 -0.8665132 0.0170669
vn 0.7521587 -0.6588251 -0.0143816
vn 0.4988622 -0.8665132 0.0170669
vn 0.5414370 -0.8405561 0.0176488
vn -0.2682069 0.9631084 0.0220734
vn -0.2814201 0.9594615 0.0153736
vn -0.4439070 0.8953683 -0.0355256
vn -0.2682069 0.9631084 0.0220734
vn -0.4439070 0.8953683 -0.0355256
vn -0.4304770 0.9020945 -0.0302488
vn 0.5414370 -0.8405561 0.0176488
vn 0.4988622 -0.8665132 0.0170669
vn 0.2619107 -0.9642285 0.0408196
vn 0.5414370 -0.8405561 0.0176488
vn 0.2619107 -0.9642285 0.0408196
vn 0.2950728 -0.9545161 0.0427897
vn -0.1247997 0.9899994 0.0657747
vn -0.1359405 0.9889190 0.0596613
vn -0.2814201 0.9594615 0.0153736
vn -0.1247997 0.9899994 0.0657747
vn -0.2814201 0.9594615 0.0153736
vn -0.2682069 0.9631084 0.0220734
vn 0.2950728 -0.9545161 0.0427897
vn 0.2619107 -0.9642285 0.0408196
vn 0.1063311 -0.9929275 0.0528073
vn 0.2950728 -0.9545161 0.0427897
vn 0.1063311 -0.9929275 0.0528073
vn 0.1222889 -0.9907073 0.0595362
vn -0.0019707 0.9953247 0.0965652
vn -0.0094896 0.9956640 0.0925377
vn -0.1359405 0.9889190 0.0596613
vn -0.0019707 0.9953247 0.0965652
vn -0.1359405 0.9889190 0.0596613
vn -0.1247997 0.9899994 0.0657747
vn 0.1222889 -0.9907073 0.0595362
vn 0.1063311 -0.9929275 0.0528073
vn 0.0712203 -0.9960056 0.0538571
vn 0.1222889 -0.9907073 0.0595362
vn 0.0712203 -0.9960056 0.0538571
vn 0.0660195 -0.9957031 0.0649371
vn 0.0986721 0.9889052 0.1110417
vn 0.0961578 0.9892636 0.1100513
vn -0.0094896 0.9956640 0.0925377
vn 0.0986721 0.9889052 0.1110417
vn -0.0094896 0.9956640 0.0925377
vn -0.0019707 0.9953247 0.0965652
vn 0.0660195 -0.9957031 0.0649371
vn 0.0712203 -0.9960056 0.0538571
vn 0.1095637 -0.9930010 0.0441004
vn 0.0660195 -0.9957031 0.0649371
vn 0.1095637 -0.9930010 0.0441004
vn 0.0865587 -0.9946780 0.0558868
vn 0.1740410 0.9789306 0.1067922
vn 0.1776617 0.9780130 0.1092101
vn 0.0961578 0.9892636 0.1100513
vn 0.1740410 0.9789306 0.1067922
vn 0.0961578 0.9892636 0.1100513
vn 0.0986721 0.9889052 0.1110417
vn 0.0865587 -0.9946780 0.0558868
vn 0.1095637 -0.9930010 0.0441004
vn 0.1359813 -0.9902729 0.0294724
vn 0.0865587 -0.9946780 0.0558868
vn 0.1359813 -0.9902729 0.0294724
vn 0.1048448 -0.9938245 0.0363365
vn 0.2210586 0.9716998 0.0832625
vn 0.2312251 0.9688400 0.0887916
vn 0.1776617 0.9780130 0.1092101
vn 0.2210586 0.9716998 0.0832625
vn 0.1776617 0.9780130 0.1092101
vn 0.1740410 0.9789306 0.1067922
vn 0.1048448 -0.9938245 0.0363365
vn 0.1359813 -0.9902729 0.0294724
vn 0.0773725 -0.9968513 0.0173474
vn 0.1048448 -0.9938245 0.0363365
vn 0.0773725 -0.9968513 0.0173474
vn 0.0447204 -0.9989001 0.0140924
vn 0.2409046 0.9695882 0.0431715
vn 0.2565325 0.9652033 0.0507312
vn 0.2312251 0.9688400 0.0887916
vn 0.2409046 0.9695882 0.0431715
vn 0.2312251 0.9688400 0.0887916
vn 0.2210586 0.9716998 0.0832625
vn 0.0447204 -0.9989001 0.0140924
vn 0.0773725 -0.9968513 0.0173474
vn -0.1090999 -0.9940023 0.0075303
vn 0.0447204 -0.9989001 0.0140924
vn -0.1090999 -0.9940023 0.0075303
vn -0.1419494 -0.9898394 -0.0082634
vn 0.2435644 0.9698613 -0.0067468
vn 0.2617102 0.9651458 0.0011226
vn 0.2565325 0.9652033 0.0507312
vn 0.2435644 0.9698613 -0.0067468
vn 0.2565325 0.9652033 0.0507312
vn 0.2409046 0.9695882 0.0431715
vn -0.1419494 -0.9898394 -0.0082634
vn -0.1090999 -0.9940023 0.0075303
vn -0.4152800 -0.9096833 -0.0043374
vn -0.1419494 -0.9898394 -0.0082634
vn -0.4152800 -0.9096833 -0.0043374
vn -0.4415914 -0.8967402 -0.0292250
vn 0.2473041 0.9672111 -0.0578224
vn 0.2641182 0.9631220 -0.0513582
vn 0.2617102 0.9651458 0.0011226
vn 0.2473041 0.9672111 -0.0578224
vn 0.2617102 0.9651458 0.0011226
vn 0.2435644 0.9698613 -0.0067468
vn -0.4415914 -0.8967402 -0.0292250
vn -0.4152800 -0.9096833 -0.0043374
vn -0.7253863 -0.6881760 -0.0151144
vn -0.4415914 -0.8967402 -0.0292250
vn -0.7253863 -0.6881760 -0.0151144
vn -0.7347949 -0.6771770 -0.0388314
vn 0.2715770 0.9568239 -0.1036049
vn 0.2839815 0.9536379 -0.0996455
vn 0.2641182 0.9631220 -0.0513582
vn 0.2715770 0.9568239 -0.1036049
vn 0.2641182 0.9631220 -0.0513582
vn 0.2473041 0.9672111 -0.0578224
vn -0.7347949 -0.6771770 -0.0388314
vn -0.7253863 -0.6881760 -0.0151144
vn -0.9105734 -0.4130253 -0.0163154
vn -0.7347949 -0.6771770 -0.0388314
vn -0.9105734 -0.4130253 -0.0163154
vn -0.9086515 -0.4164780 -0.0299756
vn 0.3305760 0.9330992 -0.1415816
vn 0.3369282 0.9309518 -0.1407414
vn 0.2839815 0.9536379 -0.0996455
vn 0.3305760 0.9330992 -0.1415816
vn 0.2839815 0.9536379 -0.0996455
vn 0.2715770 0.9568239 -0.1036049
vn -0.9086515 -0.4164780 -0.0299756
vn -0.9105734 -0.4130253 -0.0163154
vn -0.9784547 -0.2062782 -0.0086952
vn -0.9086515 -0.4164780 -0.0299756
vn -0.9784547 -0.2062782 -0.0086952
vn -0.9753579 -0.2204034 -0.0099641
vn 0.4329026 0.8851084 -0.1708173
vn 0.4324021 0.8847673 -0.1738250
vn 0.3369282 0.9309518 -0.1407414
vn 0.4329026 0.8851084 -0.1708173
vn 0.3369282 0.9309518 -0.1407414
vn 0.3305760 0.9330992 -0.1415816
vn -0.9753579 -0.2204034 -0.0099641
vn -0.9784547 -0.2062782 -0.0086952
vn -0.9938460 -0.1107704 0.0002227
vn -0.9753579 -0.2204034 -0.0099641
vn -0.9938460 -0.1107704 0.0002227
vn -0.9917321 -0.1279277 0.0100937
vn 0.5816117 0.7914802 -0.1878482
vn 0.5739287 0.7950876 -0.1960652
vn 0.4324021 0.8847673 -0.1738250
vn 0.5816117 0.7914802 -0.1878482
vn 0.4324021 0.8847673 -0.1738250
vn 0.4329026 0.8851084 -0.1708173
vn -0.9917321 -0.1279277 0.0100937
vn -0.9938460 -0.1107704 0.0002227
vn -0.9915118 -0.1298634 0.0063165
vn -0.9917321 -0.1279277 0.0100937
vn -0.9915118 -0.1298634 0.0063165
vn -0.9885367 -0.1489375 0.0247561
vn 0.7623067 0.6208273 -0.1829261
vn 0.7492148 0.6319186 -0.1983835
vn 0.5739287 0.7950876 -0.1960652
vn 0.7623067 0.6208273 -0.1829261
vn 0.5739287 0.7950876 -0.1960652
vn 0.5816117 0.7914802 -0.1878482
vn -0.9885367 -0.1489375 0.0247561
vn -0.9915118 -0.1298634 0.0063165
vn -0.9715052 -0.2366480 0.0132424
vn -0.9885367 -0.1489375 0.0247561
vn -0.9715052 -0.2366480 0.0132424
vn -0.9645839 -0.2613596 0.0356247
vn 0.9211116 0.3620406 -0.1431087
vn 0.9091579 0.3815652 -0.1668531
vn 0.7492148 0.6319186 -0.1983835
vn 0.9211116 0.3620406 -0.1431087
vn 0.7492148 0.6319186 -0.1983835
vn 0.7623067 0.6208273 -0.1829261
vn -0.9645839 -0.2613596 0.0356247
vn -0.9715052 -0.2366480 0.0132424
vn -0.9387563 -0.3435057 0.0272110
vn -0.9645839 -0.2613596 0.0356247
vn -0.9387563 -0.3435057 0.0272110
vn -0.9267731 -0.3727183 0.0466113
vn 0.9933318 0.0913590 -0.0703245
vn 0.9888874 0.1104007 -0.0995660
vn 0.9091579 0.3815652 -0.1668531
vn 0.9933318 0.0913590 -0.0703245
vn 0.9091579 0.3815652 -0.1668531
vn 0.9211116 0.3620406 -0.1431087
vn -0.9267731 -0.3727183 0.0466113
vn -0.9387563 -0.3435057 0.0272110
vn -0.9784541 -0.2012834 0.0459632
vn -0.9267731 -0.3727183 0.0466113
vn -0.9784541 -0.2012834 0.0459632
vn -0.9750044 -0.2139650 0.0598777
vn 0.9999136 -0.0131388 0.0002830
vn 0.9995270 -0.0056783 -0.0302236
vn 0.9888874 0.1104007 -0.0995660
vn 0.9999136 -0.0131388 0.0002830
vn 0.9888874 0.1104007 -0.0995660
vn 0.9933318 0.0913590 -0.0703245
vn -0.9750044 -0.2139650 0.0598777
vn -0.9784541 -0.2012834 0.0459632
vn -0.9986237 0.0000000 0.0524479
vn -0.9750044 -0.2139650 0.0598777
vn -0.9986237 0.0000000 0.0524479
vn -0.9979103 0.0000000 0.0646145
vn 0.9999556 0.0000000 0.0094202
vn 0.9997764 0.0000000 -0.0211482
vn 0.9995270 -0.0056783 -0.0302236
vn 0.9999556 0.0000000 0.0094202
vn 0.9995270 -0.0056783 -0.0302236
vn 0.9999136 -0.0131388 0.0002830
vn 0.0000000 -1.0000000 0.0000000
vn 0.0000000 -1.0000000 0.0000000
vn 0.0000000 -1.0000000 0.0000000
vn 0.0000000 -1.0000000 0.0000000
vn 0.0000000 -1.0000000 0.0000000
vn 0.0000000 -1.0000000 0.0000000
vn 0.0000000 -1.0000000 0.0000000
vn 0.0000000 -1.0000000 0.0000000
vn 0.0000000 -1.0000000 0.0000000
vn 0.0000000 -1.0000000 0.0000000
vn 0.0000000 -1.0000000 0.0000000
vn 0.0000000 -1.0000000 0.0000000
vn 0.9988863 0.0000000 -0.0471827
vn 0.9994941 0.0000000 -0.0318043
vn 0.9827380 -0.1804661 -0.0407188
vn 0.9988863 0.0000000 -0.0471827
vn 0.9827380 -0.1804661 -0.0407188
vn 0.9766437 -0.2080156 -0.0538195
vn -0.9999896 -0.0030632 0.0033670
vn -0.9994503 0.0041466 0.0328925
vn -0.9991566 0.0000000 0.0410630
vn -0.9999896 -0.0030632 0.0033670
vn -0.9991566 0.0000000 0.0410630
vn -0.9999393 0.0000000 0.0110221
vn 0.9766437 -0.2080156 -0.0538195
vn 0.9827380 -0.1804661 -0.0407188
vn 0.9030987 -0.4240594 -0.0677232
vn 0.9766437 -0.2080156 -0.0538195
vn 0.9030987 -0.4240594 -0.0677232
vn 0.8795758 -0.4704189 -0.0710812
vn -0.9982654 0.0128901 -0.0574451
vn -0.9991136 0.0296775 -0.0298555
vn -0.9994503 0.0041466 0.0328925
vn -0.9982654 0.0128901 -0.0574451
vn -0.9994503 0.0041466 0.0328925
vn -0.9999896 -0.0030632 0.0033670
vn 0.8795758 -0.4704189 -0.0710812
vn 0.9030987 -0.4240594 -0.0677232
vn 0.8702330 -0.4825553 -0.0991708
vn 0.8795758 -0.4704189 -0.0710812
vn 0.8702330 -0.4825553 -0.0991708
vn 0.8488482 -0.5203957 -0.0929789
vn -0.9903282 0.0793377 -0.1138224
vn -0.9913541 0.0953800 -0.0901097
vn -0.9991136 0.0296775 -0.0298555
vn -0.9903282 0.0793377 -0.1138224
vn -0.9991136 0.0296775 -0.0298555
vn -0.9982654 0.0128901 -0.0574451
vn 0.8488482 -0.5203957 -0.0929789
vn 0.8702330 -0.4825553 -0.0991708
vn 0.8702847 -0.4772672 -0.1217394
vn 0.8488482 -0.5203957 -0.0929789
vn 0.8702847 -0.4772672 -0.1217394
vn 0.8621087 -0.4947041 -0.1097107
vn -0.9652388 0.2167867 -0.1460051
vn -0.9660426 0.2247872 -0.1274063
vn -0.9913541 0.0953800 -0.0901097
vn -0.9652388 0.2167867 -0.1460051
vn -0.9913541 0.0953800 -0.0901097
vn -0.9903282 0.0793377 -0.1138224
vn 0.8621087 -0.4947041 -0.1097107
vn 0.8702847 -0.4772672 -0.1217394
vn 0.8767839 -0.4642059 -0.1255504
vn 0.8621087 -0.4947041 -0.1097107
vn 0.8767839 -0.4642059 -0.1255504
vn 0.8849331 -0.4520862 -0.1118549
vn -0.8989293 0.4112849 -0.1509001
vn -0.9013981 0.4102504 -0.1384773
vn -0.9660426 0.2247872 -0.1274063
vn -0.8989293 0.4112849 -0.1509001
vn -0.9660426 0.2247872 -0.1274063
vn -0.9652388 0.2167867 -0.1460051
vn 0.8849331 -0.4520862 -0.1118549
vn 0.8767839 -0.4642059 -0.1255504
vn 0.8612973 -0.4969503 -0.1058650
vn 0.8849331 -0.4520862 -0.1118549
vn 0.8612973 -0.4969503 -0.1058650
vn 0.8841096 -0.4577651 -0.0938158
vn -0.7773282 0.6157827 -0.1287345
vn -0.7837410 0.6087633 -0.1231152
vn -0.9013981 0.4102504 -0.1384773
vn -0.7773282 0.6157827 -0.1287345
vn -0.9013981 0.4102504 -0.1384773
vn -0.8989293 0.4112849 -0.1509001
vn 0.8841096 -0.4577651 -0.0938158
vn 0.8612973 -0.4969503 -0.1058650
vn 0.7995871 -0.5967802 -0.0671850
vn 0.8841096 -0.4577651 -0.0938158
vn 0.7995871 -0.5967802 -0.0671850
vn 0.8360714 -0.5453915 -0.0594363
vn -0.6158746 0.7830662 -0.0866353
vn -0.6264168 0.7746051 -0.0871148
vn -0.7837410 0.6087633 -0.1231152
vn -0.6158746 0.7830662 -0.0866353
vn -0.7837410 0.6087633 -0.1231152
vn -0.7773282 0.6157827 -0.1287345
vn 0.8360714 -0.5453915 -0.0594363
vn 0.7995871 -0.5967802 -0.0671850
vn 0.6657754 -0.7458477 -0.0213125
vn 0.8360714 -0.5453915 -0.0594363
vn 0.6657754 -0.7458477 -0.0213125
vn 0.7115064 -0.7024311 -0.0186861
vn -0.4439070 0.8953683 -0.0355256
vn -0.4568553 0.8886323 -0.0401984
vn -0.6264168 0.7746051 -0.0871148
vn -0.4439070 0.8953683 -0.0355256
vn -0.6264168 0.7746051 -0.0871148
vn -0.6158746 0.7830662 -0.0866353
vn 0.7115064 -0.7024311 -0.0186861
vn 0.6657754 -0.7458477 -0.0213125
vn 0.4571629 -0.8892191 0.0170716
vn 0.7115064 -0.7024311 -0.0186861
vn 0.4571629 -0.8892191 0.0170716
vn 0.4988622 -0.8665132 0.0170669
vn -0.2814201 0.9594615 0.0153736
vn -0.2946296 0.9555712 0.0087803
vn -0.4568553 0.8886323 -0.0401984
vn -0.2814201 0.9594615 0.0153736
vn -0.4568553 0.8886323 -0.0401984
vn -0.4439070 0.8953683 -0.0355256
vn 0.4988622 -0.8665132 0.0170669
vn 0.4571629 -0.8892191 0.0170716
vn 0.2369176 -0.9707506 0.0389008
vn 0.4988622 -0.8665132 0.0170669
vn 0.2369176 -0.9707506 0.0389008
vn 0.2619107 -0.9642285 0.0408196
vn -0.1359405 0.9889190 0.0596613
vn -0.1475273 0.9876253 0.0532168
vn -0.2946296 0.9555712 0.0087803
vn -0.1359405 0.9889190 0.0596613
vn -0.2946296 0.9555712 0.0087803
vn -0.2814201 0.9594615 0.0153736
vn 0.2619107 -0.9642285 0.0408196
vn 0.2369176 -0.9707506 0.0389008
vn 0.1007518 -0.9938633 0.0456592
vn 0.2619107 -0.9642285 0.0408196
vn 0.1007518 -0.9938633 0.0456592
vn 0.1063311 -0.9929275 0.0528073
vn -0.0094896 0.9956640 0.0925377
vn -0.0178208 0.9959714 0.0878826
vn -0.1475273 0.9876253 0.0532168
vn -0.0094896 0.9956640 0.0925377
vn -0.1475273 0.9876253 0.0532168
vn -0.1359405 0.9889190 0.0596613
vn 0.1063311 -0.9929275 0.0528073
vn 0.1007518 -0.9938633 0.0456592
vn 0.0821420 -0.9957518 0.0416052
vn 0.1063311 -0.9929275 0.0528073
vn 0.0821420 -0.9957518 0.0416052
vn 0.0712203 -0.9960056 0.0538571
vn 0.0961578 0.9892636 0.1100513
vn 0.0925746 0.9897976 0.1083085
vn -0.0178208 0.9959714 0.0878826
vn 0.0961578 0.9892636 0.1100513
vn -0.0178208 0.9959714 0.0878826
vn -0.0094896 0.9956640 0.0925377
vn 0.0712203 -0.9960056 0.0538571
vn 0.0821420 -0.9957518 0.0416052
vn 0.1290581 -0.9911669 0.0305319
vn 0.0712203 -0.9960056 0.0538571
vn 0.1290581 -0.9911669 0.0305319
vn 0.1095637 -0.9930010 0.0441004
vn 0.1776617 0.9780130 0.1092101
vn 0.1801102 0.9773723 0.1109217
vn 0.0925746 0.9897976 0.1083085
vn 0.1776617 0.9780130 0.1092101
vn 0.0925746 0.9897976 0.1083085
vn 0.0961578 0.9892636 0.1100513
vn 0.1095637 -0.9930010 0.0441004
vn 0.1290581 -0.9911669 0.0305319
vn 0.1543088 -0.9878130 0.0203539
vn 0.1095637 -0.9930010 0.0441004
vn 0.1543088 -0.9878130 0.0203539
vn 0.1359813 -0.9902729 0.0294724
vn 0.2312251 0.9688400 0.0887916
vn 0.2403620 0.9661386 0.0938205
vn 0.1801102 0.9773723 0.1109217
vn 0.2312251 0.9688400 0.0887916
vn 0.1801102 0.9773723 0.1109217
vn 0.1776617 0.9780130 0.1092101
vn 0.1359813 -0.9902729 0.0294724
vn 0.1543088 -0.9878130 0.0203539
vn 0.0916015 -0.9956375 0.0177541
vn 0.1359813 -0.9902729 0.0294724
vn 0.0916015 -0.9956375 0.0177541
vn 0.0773725 -0.9968513 0.0173474
vn 0.2565325 0.9652033 0.0507312
vn 0.2716186 0.9606478 0.0581305
vn 0.2403620 0.9661386 0.0938205
vn 0.2565325 0.9652033 0.0507312
vn 0.2403620 0.9661386 0.0938205
vn 0.2312251 0.9688400 0.0887916
vn 0.0773725 -0.9968513 0.0173474
vn 0.0916015 -0.9956375 0.0177541
vn -0.0939793 -0.9953658 0.0203646
vn 0.0773725 -0.9968513 0.0173474
vn -0.0939793 -0.9953658 0.0203646
vn -0.1090999 -0.9940023 0.0075303
vn 0.2617102 0.9651458 0.0011226
vn 0.2800785 0.9599329 0.0092138
vn 0.2716186 0.9606478 0.0581305
vn 0.2617102 0.9651458 0.0011226
vn 0.2716186 0.9606478 0.0581305
vn 0.2565325 0.9652033 0.0507312
vn -0.1090999 -0.9940023 0.0075303
vn -0.0939793 -0.9953658 0.0203646
vn -0.3966833 -0.9177557 0.0191531
vn -0.1090999 -0.9940023 0.0075303
vn -0.3966833 -0.9177557 0.0191531
vn -0.4152800 -0.9096833 -0.0043374
vn 0.2641182 0.9631220 -0.0513582
vn 0.2818819 0.9584221 -0.0443820
vn 0.2800785 0.9599329 0.0092138
vn 0.2641182 0.9631220 -0.0513582
vn 0.2800785 0.9599329 0.0092138
vn 0.2617102 0.9651458 0.0011226
vn -0.4152800 -0.9096833 -0.0043374
vn -0.3966833 -0.9177557 0.0191531
vn -0.7122075 -0.7019020 0.0096951
vn -0.4152800 -0.9096833 -0.0043374
vn -0.7122075 -0.7019020 0.0096951
vn -0.7253863 -0.6881760 -0.0151144
vn 0.2839815 0.9536379 -0.0996455
vn 0.2977554 0.9499033 -0.0950029
vn 0.2818819 0.9584221 -0.0443820
vn 0.2839815 0.9536379 -0.0996455
vn 0.2818819 0.9584221 -0.0443820
vn 0.2641182 0.9631220 -0.0513582
vn -0.7253863 -0.6881760 -0.0151144
vn -0.7122075 -0.7019020 0.0096951
vn -0.9066207 -0.4219461 -0.0006130
vn -0.7253863 -0.6881760 -0.0151144
vn -0.9066207 -0.4219461 -0.0006130
vn -0.9105734 -0.4130253 -0.0163154
vn 0.3369282 0.9309518 -0.1407414
vn 0.3447935 0.9283219 -0.1390534
vn 0.2977554 0.9499033 -0.0950029
vn 0.3369282 0.9309518 -0.1407414
vn 0.2977554 0.9499033 -0.0950029
vn 0.2839815 0.9536379 -0.0996455
vn -0.9105734 -0.4130253 -0.0163154
vn -0.9066207 -0.4219461 -0.0006130
vn -0.9780464 -0.2083095 -0.0056927
vn -0.9105734 -0.4130253 -0.0163154
vn -0.9780464 -0.2083095 -0.0056927
vn -0.9784547 -0.2062782 -0.0086952
vn 0.4324021 0.8847673 -0.1738250
vn 0.4334637 0.8838762 -0.1757046
vn 0.3447935 0.9283219 -0.1390534
vn 0.4324021 0.8847673 -0.1738250
vn 0.3447935 0.9283219 -0.1390534
vn 0.3369282 0.9309518 -0.1407414
vn -0.9784547 -0.2062782 -0.0086952
vn -0.9780464 -0.2083095 -0.0056927
vn -0.9939653 -0.1093749 -0.0083765
vn -0.9784547 -0.2062782 -0.0086952
vn -0.9939653 -0.1093749 -0.0083765
vn -0.9938460 -0.1107704 0.0002227
vn 0.5739287 0.7950876 -0.1960652
vn 0.5678026 0.7978191 -0.2026940
vn 0.4334637 0.8838762 -0.1757046
vn 0.5739287 0.7950876 -0.1960652
vn 0.4334637 0.8838762 -0.1757046
vn 0.4324021 0.8847673 -0.1738250
vn -0.9938460 -0.1107704 0.0002227
vn -0.9939653 -0.1093749 -0.0083765
vn -0.9924126 -0.1224423 -0.0111828
vn -0.9938460 -0.1107704 0.0002227
vn -0.9924126 -0.1224423 -0.0111828
vn -0.9915118 -0.1298634 0.0063165
vn 0.7492148 0.6319186 -0.1983835
vn 0.7372779 0.6415656 -0.2116953
vn 0.5678026 0.7978191 -0.2026940
vn 0.7492148 0.6319186 -0.1983835
vn 0.5678026 0.7978191 -0.2026940
vn 0.5739287 0.7950876 -0.1960652
vn -0.9915118 -0.1298634 0.0063165
vn -0.9924126 -0.1224423 -0.0111828
vn -0.9767107 -0.2143806 -0.0087875
vn -0.9915118 -0.1298634 0.0063165
vn -0.9767107 -0.2143806 -0.0087875
vn -0.9715052 -0.2366480 0.0132424
vn 0.9091579 0.3815652 -0.1668531
vn 0.8971939 0.3994973 -0.1882685
vn 0.7372779 0.6415656 -0.2116953
vn 0.9091579 0.3815652 -0.1668531
vn 0.7372779 0.6415656 -0.2116953
vn 0.7492148 0.6319186 -0.1983835
vn -0.9715052 -0.2366480 0.0132424
vn -0.9767107 -0.2143806 -0.0087875
vn -0.9523740 -0.3048566 0.0067970
vn -0.9715052 -0.2366480 0.0132424
vn -0.9523740 -0.3048566 0.0067970
vn -0.9387563 -0.3435057 0.0272110
vn 0.9888874 0.1104007 -0.0995660
vn 0.9835018 0.1286937 -0.1271302
vn 0.8971939 0.3994973 -0.1882685
vn 0.9888874 0.1104007 -0.0995660
vn 0.8971939 0.3994973 -0.1882685
vn 0.9091579 0.3815652 -0.1668531
vn -0.9387563 -0.3435057 0.0272110
vn -0.9523740 -0.3048566 0.0067970
vn -0.9831211 -0.1805184 0.0297669
vn -0.9387563 -0.3435057 0.0272110
vn -0.9831211 -0.1805184 0.0297669
vn -0.9784541 -0.2012834 0.0459632
vn 0.9995270 -0.0056783 -0.0302236
vn 0.9982085 0.0016945 -0.0598072
vn 0.9835018 0.1286937 -0.1271302
vn 0.9995270 -0.0056783 -0.0302236
vn 0.9835018 0.1286937 -0.1271302
vn 0.9888874 0.1104007 -0.0995660
vn -0.9784541 -0.2012834 0.0459632
vn -0.9831211 -0.1805184 0.0297669
vn -0.9992948 0.0000000 0.0375494
vn -0.9784541 -0.2012834 0.0459632
vn -0.9992948 0.0000000 0.0375494
vn -0.9986237 0.0000000 0.0524479
vn 0.9997764 0.0000000 -0.0211482
vn 0.9987062 0.0000000 -0.0508518
vn 0.9982085 0.0016945 -0.0598072
vn 0.9997764 0.0000000 -0.0211482
vn 0.9982085 0.0016945 -0.0598072
vn 0.9995270 -0.0056783 -0.0302236
vn 0.0000000 -1.0000000 0.0000000
vn 0.0000000 -1.0000000 0.0000000
vn 0.0000000 -1.0000000 0.0000000
vn 0.0000000 -1.0000000 0.0000000
vn 0.0000000 -1.0000000 0.0000000
vn 0.0000000 -1.0000000 0.0000000
vn 0.0000000 -1.0000000 0.0000000
vn 0.0000000 -1.0000000 0.0000000
vn 0.0000000 -1.0000000 0.0000000
vn 0.0000000 -1.0000000 0.0000000
vn 0.0000000 -1.0000000 0.0000000
vn 0.0000000 -1.0000000 0.0000000
vn 0.9994941 0.0000000 -0.0318043
vn 0.9998893 0.0000000 -0.0148792
vn 0.9889592 -0.1459897 -0.0254296
vn 0.9994941 0.0000000 -0.0318043
vn 0.9889592 -0.1459897 -0.0254296
vn 0.9827380 -0.1804661 -0.0407188
vn -0.9994503 0.0041466 0.0328925
vn -0.9980503 0.0114989 0.0613468
vn -0.9975499 0.0000000 0.0699590
vn -0.9994503 0.0041466 0.0328925
vn -0.9975499 0.0000000 0.0699590
vn -0.9991566 0.0000000 0.0410630
vn 0.9827380 -0.1804661 -0.0407188
vn 0.9889592 -0.1459897 -0.0254296
vn 0.9302892 -0.3617827 -0.0606235
vn 0.9827380 -0.1804661 -0.0407188
vn 0.9302892 -0.3617827 -0.0606235
vn 0.9030987 -0.4240594 -0.0677232
vn -0.9991136 0.0296775 -0.0298555
vn -0.9988798 0.0472443 -0.0026827
vn -0.9980503 0.0114989 0.0613468
vn -0.9991136 0.0296775 -0.0298555
vn -0.9980503 0.0114989 0.0613468
vn -0.9994503 0.0041466 0.0328925
vn 0.9030987 -0.4240594 -0.0677232
vn 0.9302892 -0.3617827 -0.0606235
vn 0.8970173 -0.4303690 -0.1007098
vn 0.9030987 -0.4240594 -0.0677232
vn 0.8970173 -0.4303690 -0.1007098
vn 0.8702330 -0.4825553 -0.0991708
vn -0.9913541 0.0953800 -0.0901097
vn -0.9913836 0.1130108 -0.0662361
vn -0.9988798 0.0472443 -0.0026827
vn -0.9913541 0.0953800 -0.0901097
vn -0.9988798 0.0472443 -0.0026827
vn -0.9991136 0.0296775 -0.0298555
vn 0.8702330 -0.4825553 -0.0991708
vn 0.8970173 -0.4303690 -0.1007098
vn 0.8828925 -0.4515672 -0.1287939
vn 0.8702330 -0.4825553 -0.0991708
vn 0.8828925 -0.4515672 -0.1287939
vn 0.8702847 -0.4772672 -0.1217394
vn -0.9660426 0.2247872 -0.1274063
vn -0.9660066 0.2347461 -0.1082840
vn -0.9913836 0.1130108 -0.0662361
vn -0.9660426 0.2247872 -0.1274063
vn -0.9913836 0.1130108 -0.0662361
vn -0.9913541 0.0953800 -0.0901097
vn 0.8702847 -0.4772672 -0.1217394
vn 0.8828925 -0.4515672 -0.1287939
vn 0.8702702 -0.4738537 -0.1345078
vn 0.8702847 -0.4772672 -0.1217394
vn 0.8702702 -0.4738537 -0.1345078
vn 0.8767839 -0.4642059 -0.1255504
vn -0.9013981 0.4102504 -0.1384773
vn -0.9029625 0.4110646 -0.1252380
vn -0.9660066 0.2347461 -0.1082840
vn -0.9013981 0.4102504 -0.1384773
vn -0.9660066 0.2347461 -0.1082840
vn -0.9660426 0.2247872 -0.1274063
vn 0.8767839 -0.4642059 -0.1255504
vn 0.8702702 -0.4738537 -0.1345078
vn 0.8362591 -0.5363931 -0.1138118
vn 0.8767839 -0.4642059 -0.1255504
vn 0.8362591 -0.5363931 -0.1138118
vn 0.8612973 -0.4969503 -0.1058650
vn -0.7837410 0.6087633 -0.1231152
vn -0.7891386 0.6030660 -0.1164974
vn -0.9029625 0.4110646 -0.1252380
vn -0.7837410 0.6087633 -0.1231152
vn -0.9029625 0.4110646 -0.1252380
vn -0.9013981 0.4102504 -0.1384773
vn 0.8612973 -0.4969503 -0.1058650
vn 0.8362591 -0.5363931 -0.1138118
vn 0.7581674 -0.6480875 -0.0718665
vn 0.8612973 -0.4969503 -0.1058650
vn 0.7581674 -0.6480875 -0.0718665
vn 0.7995871 -0.5967802 -0.0671850
vn -0.6264168 0.7746051 -0.0871148
vn -0.6360489 0.7667664 -0.0866667
vn -0.7891386 0.6030660 -0.1164974
vn -0.6264168 0.7746051 -0.0871148
vn -0.7891386 0.6030660 -0.1164974
vn -0.7837410 0.6087633 -0.1231152
vn 0.7995871 -0.5967802 -0.0671850
vn 0.7581674 -0.6480875 -0.0718665
vn 0.6164734 -0.7870583 -0.0223582
vn 0.7995871 -0.5967802 -0.0671850
vn 0.6164734 -0.7870583 -0.0223582
vn 0.6657754 -0.7458477 -0.0213125
vn -0.4568553 0.8886323 -0.0401984
vn -0.4692421 0.8819594 -0.0442653
vn -0.6360489 0.7667664 -0.0866667
vn -0.4568553 0.8886323 -0.0401984
vn -0.6360489 0.7667664 -0.0866667
vn -0.6264168 0.7746051 -0.0871148
vn 0.6657754 -0.7458477 -0.0213125
vn 0.6164734 -0.7870583 -0.0223582
vn 0.4177857 -0.9083797 0.0173606
vn 0.6657754 -0.7458477 -0.0213125
vn 0.4177857 -0.9083797 0.0173606
vn 0.4571629 -0.8892191 0.0170716
vn -0.2946296 0.9555712 0.0087803
vn -0.3077390 0.9514679 0.0023505
vn -0.4692421 0.8819594 -0.0442653
vn -0.2946296 0.9555712 0.0087803
vn -0.4692421 0.8819594 -0.0442653
vn -0.4568553 0.8886323 -0.0401984
vn 0.4571629 -0.8892191 0.0170716
vn 0.4177857 -0.9083797 0.0173606
vn 0.2211000 -0.9745546 0.0368529
vn 0.4571629 -0.8892191 0.0170716
vn 0.2211000 -0.9745546 0.0368529
vn 0.2369176 -0.9707506 0.0389008
vn -0.1475273 0.9876253 0.0532168
vn -0.1594735 0.9861060 0.0465106
vn -0.3077390 0.9514679 0.0023505
vn -0.1475273 0.9876253 0.0532168
vn -0.3077390 0.9514679 0.0023505
vn -0.2946296 0.9555712 0.0087803
vn 0.2369176 -0.9707506 0.0389008
vn 0.2211000 -0.9745546 0.0368529
vn 0.1069404 -0.9935257 0.0383459
vn 0.2369176 -0.9707506 0.0389008
vn 0.1069404 -0.9935257 0.0383459
vn 0.1007518 -0.9938633 0.0456592
vn -0.0178208 0.9959714 0.0878826
vn -0.0269065 0.9962151 0.0826528
vn -0.1594735 0.9861060 0.0465106
vn -0.0178208 0.9959714 0.0878826
vn -0.1594735 0.9861060 0.0465106
vn -0.1475273 0.9876253 0.0532168
vn 0.1007518 -0.9938633 0.0456592
vn 0.1069404 -0.9935257 0.0383459
vn 0.1004163 -0.9945236 0.0289715
vn 0.1007518 -0.9938633 0.0456592
vn 0.1004163 -0.9945236 0.0289715
vn 0.0821420 -0.9957518 0.0416052
vn 0.0925746 0.9897976 0.1083085
vn 0.0879428 0.9904869 0.1058382
vn -0.0269065 0.9962151 0.0826528
vn 0.0925746 0.9897976 0.1083085
vn -0.0269065 0.9962151 0.0826528
vn -0.0178208 0.9959714 0.0878826
vn 0.0821420 -0.9957518 0.0416052
vn 0.1004163 -0.9945236 0.0289715
vn 0.1466654 -0.9890517 0.0163099
vn 0.0821420 -0.9957518 0.0416052
vn 0.1466654 -0.9890517 0.0163099
vn 0.1290581 -0.9911669 0.0305319
vn 0.1801102 0.9773723 0.1109217
vn 0.1813606 0.9770267 0.1119251
vn 0.0879428 0.9904869 0.1058382
vn 0.1801102 0.9773723 0.1109217
vn 0.0879428 0.9904869 0.1058382
vn 0.0925746 0.9897976 0.1083085
vn 0.1290581 -0.9911669 0.0305319
vn 0.1466654 -0.9890517 0.0163099
vn 0.1618290 -0.9867675 0.0100664
vn 0.1290581 -0.9911669 0.0305319
vn 0.1618290 -0.9867675 0.0100664
vn 0.1543088 -0.9878130 0.0203539
vn 0.2403620 0.9661386 0.0938205
vn 0.2483847 0.9636580 0.0983278
vn 0.1813606 0.9770267 0.1119251
vn 0.2403620 0.9661386 0.0938205
vn 0.1813606 0.9770267 0.1119251
vn 0.1801102 0.9773723 0.1109217
vn 0.1543088 -0.9878130 0.0203539
vn 0.1618290 -0.9867675 0.0100664
vn 0.0894884 -0.9958580 0.0160814
vn 0.1543088 -0.9878130 0.0203539
vn 0.0894884 -0.9958580 0.0160814
vn 0.0916015 -0.9956375 0.0177541
vn 0.2716186 0.9606478 0.0581305
vn 0.2860197 0.9559933 0.0653425
vn 0.2483847 0.9636580 0.0983278
vn 0.2716186 0.9606478 0.0581305
vn 0.2483847 0.9636580 0.0983278
vn 0.2403620 0.9661386 0.0938205
vn 0.0916015 -0.9956375 0.0177541
vn 0.0894884 -0.9958580 0.0160814
vn -0.0959665 -0.9949243 0.0302651
vn 0.0916015 -0.9956375 0.0177541
vn -0.0959665 -0.9949243 0.0302651
vn -0.0939793 -0.9953658 0.0203646
vn 0.2800785 0.9599329 0.0092138
vn 0.2985129 0.9542448 0.0175187
vn 0.2860197 0.9559933 0.0653425
vn 0.2800785 0.9599329 0.0092138
vn 0.2860197 0.9559933 0.0653425
vn 0.2716186 0.9606478 0.0581305
vn -0.0939793 -0.9953658 0.0203646
vn -0.0959665 -0.9949243 0.0302651
vn -0.3877557 -0.9208921 0.0400402
vn -0.0939793 -0.9953658 0.0203646
vn -0.3877557 -0.9208921 0.0400402
vn -0.3966833 -0.9177557 0.0191531
vn 0.2818819 0.9584221 -0.0443820
vn 0.3004956 0.9530703 -0.0368693
vn 0.2985129 0.9542448 0.0175187
vn 0.2818819 0.9584221 -0.0443820
vn 0.2985129 0.9542448 0.0175187
vn 0.2800785 0.9599329 0.0092138
vn -0.3966833 -0.9177557 0.0191531
vn -0.3877557 -0.9208921 0.0400402
vn -0.6968621 -0.7163920 0.0341433
vn -0.3966833 -0.9177557 0.0191531
vn -0.6968621 -0.7163920 0.0341433
vn -0.7122075 -0.7019020 0.0096951
vn 0.2977554 0.9499033 -0.0950029
vn 0.3128758 0.9455549 -0.0896368
vn 0.3004956 0.9530703 -0.0368693
vn 0.2977554 0.9499033 -0.0950029
vn 0.3004956 0.9530703 -0.0368693
vn 0.2818819 0.9584221 -0.0443820
vn -0.7122075 -0.7019020 0.0096951
vn -0.6968621 -0.7163920 0.0341433
vn -0.8967138 -0.4422948 0.0167209
vn -0.7122075 -0.7019020 0.0096951
vn -0.8967138 -0.4422948 0.0167209
vn -0.9066207 -0.4219461 -0.0006130
vn 0.3447935 0.9283219 -0.1390534
vn 0.3541904 0.9251593 -0.1364897
vn 0.3128758 0.9455549 -0.0896368
vn 0.3447935 0.9283219 -0.1390534
vn 0.3128758 0.9455549 -0.0896368
vn 0.2977554 0.9499033 -0.0950029
vn -0.9066207 -0.4219461 -0.0006130
vn -0.8967138 -0.4422948 0.0167209
vn -0.9739328 -0.2268359 -0.0006298
vn -0.9066207 -0.4219461 -0.0006130
vn -0.9739328 -0.2268359 -0.0006298
vn -0.9780464 -0.2083095 -0.0056927
vn 0.4334637 0.8838762 -0.1757046
vn 0.4361122 0.8824228 -0.1764545
vn 0.3541904 0.9251593 -0.1364897
vn 0.4334637 0.8838762 -0.1757046
vn 0.3541904 0.9251593 -0.1364897
vn 0.3447935 0.9283219 -0.1390534
vn -0.9780464 -0.2083095 -0.0056927
vn -0.9739328 -0.2268359 -0.0006298
vn -0.9921320 -0.1242796 -0.0151203
vn -0.9780464 -0.2083095 -0.0056927
vn -0.9921320 -0.1242796 -0.0151203
vn -0.9939653 -0.1093749 -0.0083765
vn 0.5678026 0.7978191 -0.2026940
vn 0.5632748 0.7997237 -0.2077583
vn 0.4361122 0.8824228 -0.1764545
vn 0.5678026 0.7978191 -0.2026940
vn 0.4361122 0.8824228 -0.1764545
vn 0.4334637 0.8838762 -0.1757046
vn -0.9939653 -0.1093749 -0.0083765
vn -0.9921320 -0.1242796 -0.0151203
vn -0.9914794 -0.1274479 -0.0269387
vn -0.9939653 -0.1093749 -0.0083765
vn -0.9914794 -0.1274479 -0.0269387
vn -0.9924126 -0.1224423 -0.0111828
vn 0.7372779 0.6415656 -0.2116953
vn 0.7266401 0.6498644 -0.2228685
vn 0.5632748 0.7997237 -0.2077583
vn 0.7372779 0.6415656 -0.2116953
vn 0.5632748 0.7997237 -0.2077583
vn 0.5678026 0.7978191 -0.2026940
vn -0.9924126 -0.1224423 -0.0111828
vn -0.9914794 -0.1274479 -0.0269387
vn -0.9799936 -0.1968471 -0.0293883
vn -0.9924126 -0.1224423 -0.0111828
vn -0.9799936 -0.1968471 -0.0293883
vn -0.9767107 -0.2143806 -0.0087875
vn 0.8971939 0.3994973 -0.1882685
vn 0.8855119 0.4158460 -0.2072215
vn 0.7266401 0.6498644 -0.2228685
vn 0.8971939 0.3994973 -0.1882685
vn 0.7266401 0.6498644 -0.2228685
vn 0.7372779 0.6415656 -0.2116953
vn -0.9767107 -0.2143806 -0.0087875
vn -0.9799936 -0.1968471 -0.0293883
vn -0.9654570 -0.2602074 -0.0136012
vn -0.9767107 -0.2143806 -0.0087875
vn -0.9654570 -0.2602074 -0.0136012
vn -0.9523740 -0.3048566 0.0067970
vn 0.9835018 0.1286937 -0.1271302
vn 0.9774136 0.1461167 -0.1526845
vn 0.8855119 0.4158460 -0.2072215
vn 0.9835018 0.1286937 -0.1271302
vn 0.8855119 0.4158460 -0.2072215
vn 0.8971939 0.3994973 -0.1882685
vn -0.9523740 -0.3048566 0.0067970
vn -0.9654570 -0.2602074 -0.0136012
vn -0.9881025 -0.1533122 0.0121976
vn -0.9523740 -0.3048566 0.0067970
vn -0.9881025 -0.1533122 0.0121976
vn -0.9831211 -0.1805184 0.0297669
vn 0.9982085 0.0016945 -0.0598072
vn 0.9960755 0.0089110 -0.0880575
vn 0.9774136 0.1461167 -0.1526845
vn 0.9982085 0.0016945 -0.0598072
vn 0.9774136 0.1461167 -0.1526845
vn 0.9835018 0.1286937 -0.1271302
vn -0.9831211 -0.1805184 0.0297669
vn -0.9881025 -0.1533122 0.0121976
vn -0.9997831 0.0000000 0.0208285
vn -0.9831211 -0.1805184 0.0297669
vn -0.9997831 0.0000000 0.0208285
vn -0.9992948 0.0000000 0.0375494
vn 0.9987062 0.0000000 -0.0508518
vn 0.9968526 0.0000000 -0.0792778
vn 0.9960755 0.0089110 -0.0880575
vn 0.9987062 0.0000000 -0.0508518
vn 0.9960755 0.0089110 -0.0880575
vn 0.9982085 0.0016945 -0.0598072
vn 0.0000000 -1.0000000 0.0000000
vn 0.0000000 -1.0000000 0.0000000
vn 0.0000000 -1.0000000 0.0000000
vn 0.0000000 -1.0000000 0.0000000
vn 0.0000000 -1.0000000 0.0000000
vn 0.0000000 -1.0000000 0.0000000
vn 0.0000000 -1.0000000 0.0000000
vn 0.0000000 -1.0000000 0.0000000
vn 0.0000000 -1.0000000 0.0000000
vn 0.0000000 -1.0000000 0.0000000
vn 0.0000000 -1.0000000 0.0000000
vn 0.0000000 -1.0000000 0.0000000
vn 0.9998893 0.0000000 -0.0148792
vn 0.9999968 0.0000000 0.0025448
vn 0.9943062 -0.1061899 -0.0088786
vn 0.9998893 0.0000000 -0.0148792
vn 0.9943062 -0.1061899 -0.0088786
vn 0.9889592 -0.1459897 -0.0254296
vn -0.9980503 0.0114989 0.0613468
vn -0.9959100 0.0189129 0.0883489
vn -0.9952523 0.0000000 0.0973289
vn -0.9980503 0.0114989 0.0613468
vn -0.9952523 0.0000000 0.0973289
vn -0.9975499 0.0000000 0.0699590
vn 0.9889592 -0.1459897 -0.0254296
vn 0.9943062 -0.1061899 -0.0088786
vn 0.9571075 -0.2854092 -0.0498686
vn 0.9889592 -0.1459897 -0.0254296
vn 0.9571075 -0.2854092 -0.0498686
vn 0.9302892 -0.3617827 -0.0606235
vn -0.9988798 0.0472443 -0.0026827
vn -0.9975792 0.0653898 0.0236637
vn -0.9959100 0.0189129 0.0883489
vn -0.9988798 0.0472443 -0.0026827
vn -0.9959100 0.0189129 0.0883489
vn -0.9980503 0.0114989 0.0613468
vn 0.9302892 -0.3617827 -0.0606235
vn 0.9571075 -0.2854092 -0.0498686
vn 0.9260976 -0.3646025 -0.0969964
vn 0.9302892 -0.3617827 -0.0606235
vn 0.9260976 -0.3646025 -0.0969964
vn 0.8970173 -0.4303690 -0.1007098
vn -0.9913836 0.1130108 -0.0662361
vn -0.9903317 0.1320237 -0.0425787
vn -0.9975792 0.0653898 0.0236637
vn -0.9913836 0.1130108 -0.0662361
vn -0.9975792 0.0653898 0.0236637
vn -0.9988798 0.0472443 -0.0026827
vn 0.8970173 -0.4303690 -0.1007098
vn 0.9260976 -0.3646025 -0.0969964
vn 0.8992204 -0.4176557 -0.1302552
vn 0.8970173 -0.4303690 -0.1007098
vn 0.8992204 -0.4176557 -0.1302552
vn 0.8828925 -0.4515672 -0.1287939
vn -0.9660066 0.2347461 -0.1082840
vn -0.9650439 0.2465275 -0.0889633
vn -0.9903317 0.1320237 -0.0425787
vn -0.9660066 0.2347461 -0.1082840
vn -0.9903317 0.1320237 -0.0425787
vn -0.9913836 0.1130108 -0.0662361
vn 0.8828925 -0.4515672 -0.1287939
vn 0.8992204 -0.4176557 -0.1302552
vn 0.8661103 -0.4803114 -0.1383978
vn 0.8828925 -0.4515672 -0.1287939
vn 0.8661103 -0.4803114 -0.1383978
vn 0.8702702 -0.4738537 -0.1345078
vn -0.9029625 0.4110646 -0.1252380
vn -0.9035800 0.4136658 -0.1114620
vn -0.9650439 0.2465275 -0.0889633
vn -0.9029625 0.4110646 -0.1252380
vn -0.9650439 0.2465275 -0.0889633
vn -0.9660066 0.2347461 -0.1082840
vn 0.8702702 -0.4738537 -0.1345078
vn 0.8661103 -0.4803114 -0.1383978
vn 0.8100198 -0.5744983 -0.1175567
vn 0.8702702 -0.4738537 -0.1345078
vn 0.8100198 -0.5744983 -0.1175567
vn 0.8362591 -0.5363931 -0.1138118
vn -0.7891386 0.6030660 -0.1164974
vn -0.7935043 0.5987066 -0.1090931
vn -0.9035800 0.4136658 -0.1114620
vn -0.7891386 0.6030660 -0.1164974
vn -0.9035800 0.4136658 -0.1114620
vn -0.9029625 0.4110646 -0.1252380
vn 0.8362591 -0.5363931 -0.1138118
vn 0.8100198 -0.5744983 -0.1175567
vn 0.7131354 -0.6971499 -0.0736203
vn 0.8362591 -0.5363931 -0.1138118
vn 0.7131354 -0.6971499 -0.0736203
vn 0.7581674 -0.6480875 -0.0718665
vn -0.6360489 0.7667664 -0.0866667
vn -0.6447362 0.7596191 -0.0854051
vn -0.7935043 0.5987066 -0.1090931
vn -0.6360489 0.7667664 -0.0866667
vn -0.7935043 0.5987066 -0.1090931
vn -0.7891386 0.6030660 -0.1164974
vn 0.7581674 -0.6480875 -0.0718665
vn 0.7131354 -0.6971499 -0.0736203
vn 0.5652508 -0.8246202 -0.0222053
vn 0.7581674 -0.6480875 -0.0718665
vn 0.5652508 -0.8246202 -0.0222053
vn 0.6164734 -0.7870583 -0.0223582
vn -0.4692421 0.8819594 -0.0442653
vn -0.4809967 0.8754214 -0.0477451
vn -0.6447362 0.7596191 -0.0854051
vn -0.4692421 0.8819594 -0.0442653
vn -0.6447362 0.7596191 -0.0854051
vn -0.6360489 0.7667664 -0.0866667
vn 0.6164734 -0.7870583 -0.0223582
vn 0.5652508 -0.8246202 -0.0222053
vn 0.3816025 -0.9241618 0.0174508
vn 0.6164734 -0.7870583 -0.0223582
vn 0.3816025 -0.9241618 0.0174508
vn 0.4177857 -0.9083797 0.0173606
vn -0.3077390 0.9514679 0.0023505
vn -0.3206553 0.9471880 -0.0038723
vn -0.4809967 0.8754214 -0.0477451
vn -0.3077390 0.9514679 0.0023505
vn -0.4809967 0.8754214 -0.0477451
vn -0.4692421 0.8819594 -0.0442653
vn 0.4177857 -0.9083797 0.0173606
vn 0.3816025 -0.9241618 0.0174508
vn 0.2141908 -0.9761896 0.0342947
vn 0.4177857 -0.9083797 0.0173606
vn 0.2141908 -0.9761896 0.0342947
vn 0.2211000 -0.9745546 0.0368529
vn -0.1594735 0.9861060 0.0465106
vn -0.1716891 0.9843547 0.0396071
vn -0.3206553 0.9471880 -0.0038723
vn -0.1594735 0.9861060 0.0465106
vn -0.3206553 0.9471880 -0.0038723
vn -0.3077390 0.9514679 0.0023505
vn 0.2211000 -0.9745546 0.0368529
vn 0.2141908 -0.9761896 0.0342947
vn 0.1248205 -0.9916982 0.0308962
vn 0.2211000 -0.9745546 0.0368529
vn 0.1248205 -0.9916982 0.0308962
vn 0.1069404 -0.9935257 0.0383459
vn -0.0269065 0.9962151 0.0826528
vn -0.0366803 0.9963637 0.0769022
vn -0.1716891 0.9843547 0.0396071
vn -0.0269065 0.9962151 0.0826528
vn -0.1716891 0.9843547 0.0396071
vn -0.1594735 0.9861060 0.0465106
vn 0.1069404 -0.9935257 0.0383459
vn 0.1248205 -0.9916982 0.0308962
vn 0.1266688 -0.9918061 0.0166064
vn 0.1069404 -0.9935257 0.0383459
vn 0.1266688 -0.9918061 0.0166064
vn 0.1004163 -0.9945236 0.0289715
vn 0.0879428 0.9904869 0.1058382
vn 0.0822919 0.9913058 0.1026684
vn -0.0366803 0.9963637 0.0769022
vn 0.0879428 0.9904869 0.1058382
vn -0.0366803 0.9963637 0.0769022
vn -0.0269065 0.9962151 0.0826528
vn 0.1004163 -0.9945236 0.0289715
vn 0.1266688 -0.9918061 0.0166064
vn 0.1636769 -0.9865109 0.0024801
vn 0.1004163 -0.9945236 0.0289715
vn 0.1636769 -0.9865109 0.0024801
vn 0.1466654 -0.9890517 0.0163099
vn 0.1813606 0.9770267 0.1119251
vn 0.1813964 0.9769861 0.1122209
vn 0.0822919 0.9913058 0.1026684
vn 0.1813606 0.9770267 0.1119251
vn 0.0822919 0.9913058 0.1026684
vn 0.0879428 0.9904869 0.1058382
vn 0.1466654 -0.9890517 0.0163099
vn 0.1636769 -0.9865109 0.0024801
vn 0.1605115 -0.9870339 -0.0003534
vn 0.1466654 -0.9890517 0.0163099
vn 0.1605115 -0.9870339 -0.0003534
vn 0.1618290 -0.9867675 0.0100664
vn 0.2483847 0.9636580 0.0983278
vn 0.2552172 0.9614574 0.1022930
vn 0.1813964 0.9769861 0.1122209
vn 0.2483847 0.9636580 0.0983278
vn 0.1813964 0.9769861 0.1122209
vn 0.1813606 0.9770267 0.1119251
vn 0.1618290 -0.9867675 0.0100664
vn 0.1605115 -0.9870339 -0.0003534
vn 0.0732267 -0.9972286 0.0131523
vn 0.1618290 -0.9867675 0.0100664
vn 0.0732267 -0.9972286 0.0131523
vn 0.0894884 -0.9958580 0.0160814
vn 0.2860197 0.9559933 0.0653425
vn 0.2995945 0.9513203 0.0723386
vn 0.2552172 0.9614574 0.1022930
vn 0.2860197 0.9559933 0.0653425
vn 0.2552172 0.9614574 0.1022930
vn 0.2483847 0.9636580 0.0983278
vn 0.0894884 -0.9958580 0.0160814
vn 0.0732267 -0.9972286 0.0131523
vn -0.1136107 -0.9928156 0.0375461
vn 0.0894884 -0.9958580 0.0160814
vn -0.1136107 -0.9928156 0.0375461
vn -0.0959665 -0.9949243 0.0302651
vn 0.2985129 0.9542448 0.0175187
vn 0.3168441 0.9481205 0.0260252
vn 0.2995945 0.9513203 0.0723386
vn 0.2985129 0.9542448 0.0175187
vn 0.2995945 0.9513203 0.0723386
vn 0.2860197 0.9559933 0.0653425
vn -0.0959665 -0.9949243 0.0302651
vn -0.1136107 -0.9928156 0.0375461
vn -0.3893874 -0.9192732 0.0575698
vn -0.0959665 -0.9949243 0.0302651
vn -0.3893874 -0.9192732 0.0575698
vn -0.3877557 -0.9208921 0.0400402
vn 0.3004956 0.9530703 -0.0368693
vn 0.3198367 0.9470350 -0.0287958
vn 0.3168441 0.9481205 0.0260252
vn 0.3004956 0.9530703 -0.0368693
vn 0.3168441 0.9481205 0.0260252
vn 0.2985129 0.9542448 0.0175187
vn -0.3877557 -0.9208921 0.0400402
vn -0.3893874 -0.9192732 0.0575698
vn -0.6811185 -0.7299689 0.0567716
vn -0.3877557 -0.9208921 0.0400402
vn -0.6811185 -0.7299689 0.0567716
vn -0.6968621 -0.7163920 0.0341433
vn 0.3128758 0.9455549 -0.0896368
vn 0.3293029 0.9405250 -0.0835005
vn 0.3198367 0.9470350 -0.0287958
vn 0.3128758 0.9455549 -0.0896368
vn 0.3198367 0.9470350 -0.0287958
vn 0.3004956 0.9530703 -0.0368693
vn -0.6968621 -0.7163920 0.0341433
vn -0.6811185 -0.7299689 0.0567716
vn -0.8806108 -0.4725465 0.0349904
vn -0.6968621 -0.7163920 0.0341433
vn -0.8806108 -0.4725465 0.0349904
vn -0.8967138 -0.4422948 0.0167209
vn 0.3541904 0.9251593 -0.1364897
vn 0.3651312 0.9214048 -0.1330124
vn 0.3293029 0.9405250 -0.0835005
vn 0.3541904 0.9251593 -0.1364897
vn 0.3293029 0.9405250 -0.0835005
vn 0.3128758 0.9455549 -0.0896368
vn -0.8967138 -0.4422948 0.0167209
vn -0.8806108 -0.4725465 0.0349904
vn -0.9650389 -0.2620202 0.0067310
vn -0.8967138 -0.4422948 0.0167209
vn -0.9650389 -0.2620202 0.0067310
vn -0.9739328 -0.2268359 -0.0006298
vn 0.4361122 0.8824228 -0.1764545
vn 0.4403708 0.8803831 -0.1760656
vn 0.3651312 0.9214048 -0.1330124
vn 0.4361122 0.8824228 -0.1764545
vn 0.3651312 0.9214048 -0.1330124
vn 0.3541904 0.9251593 -0.1364897
vn -0.9739328 -0.2268359 -0.0006298
vn -0.9650389 -0.2620202 0.0067310
vn -0.9875562 -0.1560689 -0.0193718
vn -0.9739328 -0.2268359 -0.0006298
vn -0.9875562 -0.1560689 -0.0193718
vn -0.9921320 -0.1242796 -0.0151203
vn 0.5632748 0.7997237 -0.2077583
vn 0.5603783 0.8008349 -0.2112809
vn 0.4403708 0.8803831 -0.1760656
vn 0.5632748 0.7997237 -0.2077583
vn 0.4403708 0.8803831 -0.1760656
vn 0.4361122 0.8824228 -0.1764545
vn -0.9921320 -0.1242796 -0.0151203
vn -0.9875562 -0.1560689 -0.0193718
vn -0.9885642 -0.1453635 -0.0401289
vn -0.9921320 -0.1242796 -0.0151203
vn -0.9885642 -0.1453635 -0.0401289
vn -0.9914794 -0.1274479 -0.0269387
vn 0.7266401 0.6498644 -0.2228685
vn 0.7174161 0.6569040 -0.2319295
vn 0.5603783 0.8008349 -0.2112809
vn 0.7266401 0.6498644 -0.2228685
vn 0.5603783 0.8008349 -0.2112809
vn 0.5632748 0.7997237 -0.2077583
vn -0.9914794 -0.1274479 -0.0269387
vn -0.9885642 -0.1453635 -0.0401289
vn -0.9814378 -0.1857880 -0.0475686
vn -0.9914794 -0.1274479 -0.0269387
vn -0.9814378 -0.1857880 -0.0475686
vn -0.9799936 -0.1968471 -0.0293883
vn 0.8855119 0.4158460 -0.2072215
vn 0.8743753 0.4306445 -0.2236363
vn 0.7174161 0.6569040 -0.2319295
vn 0.8855119 0.4158460 -0.2072215
vn 0.7174161 0.6569040 -0.2319295
vn 0.7266401 0.6498644 -0.2228685
vn -0.9799936 -0.1968471 -0.0293883
vn -0.9814378 -0.1857880 -0.0475686
vn -0.9764087 -0.2134123 -0.0328817
vn -0.9799936 -0.1968471 -0.0293883
vn -0.9764087 -0.2134123 -0.0328817
vn -0.9654570 -0.2602074 -0.0136012
vn 0.9774136 0.1461167 -0.1526845
vn 0.9708782 0.1625791 -0.1759648
vn 0.8743753 0.4306445 -0.2236363
vn 0.9774136 0.1461167 -0.1526845
vn 0.8743753 0.4306445 -0.2236363
vn 0.8855119 0.4158460 -0.2072215
vn -0.9654570 -0.2602074 -0.0136012
vn -0.9764087 -0.2134123 -0.0328817
vn -0.9925262 -0.1218974 -0.0057214
vn -0.9654570 -0.2602074 -0.0136012
vn -0.9925262 -0.1218974 -0.0057214
vn -0.9881025 -0.1533122 0.0121976
vn 0.9960755 0.0089110 -0.0880575
vn 0.9932826 0.0159110 -0.1146147
vn 0.9708782 0.1625791 -0.1759648
vn 0.9960755 0.0089110 -0.0880575
vn 0.9708782 0.1625791 -0.1759648
vn 0.9774136 0.1461167 -0.1526845
vn -0.9881025 -0.1533122 0.0121976
vn -0.9925262 -0.1218974 -0.0057214
vn -0.9999945 0.0000000 0.0033055
vn -0.9881025 -0.1533122 0.0121976
vn -0.9999945 0.0000000 0.0033055
vn -0.9997831 0.0000000 0.0208285
vn 0.9968526 0.0000000 -0.0792778
vn 0.9943595 0.0000000 -0.1060621
vn 0.9932826 0.0159110 -0.1146147
vn 0.9968526 0.0000000 -0.0792778
vn 0.9932826 0.0159110 -0.1146147
vn 0.9960755 0.0089110 -0.0880575
vn 0.0000000 -1.0000000 0.0000000
vn 0.0000000 -1.0000000 0.0000000
vn 0.0000000 -1.0000000 0.0000000
vn 0.0000000 -1.0000000 0.0000000
vn 0.0000000 -1.0000000 0.0000000
vn 0.0000000 -1.0000000 0.0000000
vn 0.0000000 -1.0000000 0.0000000
vn 0.0000000 -1.0000000 0.0000000
vn 0.0000000 -1.0000000 0.0000000
vn 0.0000000 -1.0000000 0.0000000
vn 0.0000000 -1.0000000 0.0000000
vn 0.0000000 -1.0000000 0.0000000
vn 0.9999968 0.0000000 0.0025448
vn 0.9998119 0.0000000 0.0193930
vn 0.9979646 -0.0632844 0.0078626
vn 0.9999968 0.0000000 0.0025448
vn 0.9979646 -0.0632844 0.0078626
vn 0.9943062 -0.1061899 -0.0088786
vn -0.9959100 0.0189129 0.0883489
vn -0.9931816 0.0263126 0.1135688
vn -0.9924259 0.0000000 0.1228451
vn -0.9959100 0.0189129 0.0883489
vn -0.9924259 0.0000000 0.1228451
vn -0.9952523 0.0000000 0.0973289
vn 0.9943062 -0.1061899 -0.0088786
vn 0.9979646 -0.0632844 0.0078626
vn 0.9793671 -0.1988498 -0.0360387
vn 0.9943062 -0.1061899 -0.0088786
vn 0.9793671 -0.1988498 -0.0360387
vn 0.9571075 -0.2854092 -0.0498686
vn -0.9975792 0.0653898 0.0236637
vn -0.9952774 0.0839102 0.0488060
vn -0.9931816 0.0263126 0.1135688
vn -0.9975792 0.0653898 0.0236637
vn -0.9931816 0.0263126 0.1135688
vn -0.9959100 0.0189129 0.0883489
vn 0.9571075 -0.2854092 -0.0498686
vn 0.9793671 -0.1988498 -0.0360387
vn 0.9536381 -0.2878520 -0.0878381
vn 0.9571075 -0.2854092 -0.0498686
vn 0.9536381 -0.2878520 -0.0878381
vn 0.9260976 -0.3646025 -0.0969964
vn -0.9903317 0.1320237 -0.0425787
vn -0.9881582 0.1521941 -0.0195031
vn -0.9952774 0.0839102 0.0488060
vn -0.9903317 0.1320237 -0.0425787
vn -0.9952774 0.0839102 0.0488060
vn -0.9975792 0.0653898 0.0236637
vn 0.9260976 -0.3646025 -0.0969964
vn 0.9536381 -0.2878520 -0.0878381
vn 0.9179499 -0.3762593 -0.1256860
vn 0.9260976 -0.3646025 -0.0969964
vn 0.9179499 -0.3762593 -0.1256860
vn 0.8992204 -0.4176557 -0.1302552
vn -0.9650439 0.2465275 -0.0889633
vn -0.9630914 0.2599769 -0.0697633
vn -0.9881582 0.1521941 -0.0195031
vn -0.9650439 0.2465275 -0.0889633
vn -0.9881582 0.1521941 -0.0195031
vn -0.9903317 0.1320237 -0.0425787
vn 0.8992204 -0.4176557 -0.1302552
vn 0.9179499 -0.3762593 -0.1256860
vn 0.8648354 -0.4830036 -0.1369932
vn 0.8992204 -0.4176557 -0.1302552
vn 0.8648354 -0.4830036 -0.1369932
vn 0.8661103 -0.4803114 -0.1383978
vn -0.9035800 0.4136658 -0.1114620
vn -0.9032183 0.4179769 -0.0974267
vn -0.9630914 0.2599769 -0.0697633
vn -0.9035800 0.4136658 -0.1114620
vn -0.9630914 0.2599769 -0.0697633
vn -0.9650439 0.2465275 -0.0889633
vn 0.8661103 -0.4803114 -0.1383978
vn 0.8648354 -0.4830036 -0.1369932
vn 0.7837925 -0.6098672 -0.1171805
vn 0.8661103 -0.4803114 -0.1383978
vn 0.7837925 -0.6098672 -0.1171805
vn 0.8100198 -0.5744983 -0.1175567
vn -0.7935043 0.5987066 -0.1090931
vn -0.7968274 0.5956853 -0.1011198
vn -0.9032183 0.4179769 -0.0974267
vn -0.7935043 0.5987066 -0.1090931
vn -0.9032183 0.4179769 -0.0974267
vn -0.9035800 0.4136658 -0.1114620
vn 0.8100198 -0.5744983 -0.1175567
vn 0.7837925 -0.6098672 -0.1171805
vn 0.6661613 -0.7422425 -0.0728363
vn 0.8100198 -0.5744983 -0.1175567
vn 0.6661613 -0.7422425 -0.0728363
vn 0.7131354 -0.6971499 -0.0736203
vn -0.6447362 0.7596191 -0.0854051
vn -0.6524529 0.7532196 -0.0834596
vn -0.7968274 0.5956853 -0.1011198
vn -0.6447362 0.7596191 -0.0854051
vn -0.7968274 0.5956853 -0.1011198
vn -0.7935043 0.5987066 -0.1090931
vn 0.7131354 -0.6971499 -0.0736203
vn 0.6661613 -0.7422425 -0.0728363
vn 0.5137972 -0.8576442 -0.0214192
vn 0.7131354 -0.6971499 -0.0736203
vn 0.5137972 -0.8576442 -0.0214192
vn 0.5652508 -0.8246202 -0.0222053
vn -0.4809967 0.8754214 -0.0477451
vn -0.4920580 0.8690863 -0.0506751
vn -0.6524529 0.7532196 -0.0834596
vn -0.4809967 0.8754214 -0.0477451
vn -0.6524529 0.7532196 -0.0834596
vn -0.6447362 0.7596191 -0.0854051
vn 0.5652508 -0.8246202 -0.0222053
vn 0.5137972 -0.8576442 -0.0214192
vn 0.3489932 -0.9369749 0.0167854
vn 0.5652508 -0.8246202 -0.0222053
vn 0.3489932 -0.9369749 0.0167854
vn 0.3816025 -0.9241618 0.0174508
vn -0.3206553 0.9471880 -0.0038723
vn -0.3332904 0.9427727 -0.0098586
vn -0.4920580 0.8690863 -0.0506751
vn -0.3206553 0.9471880 -0.0038723
vn -0.4920580 0.8690863 -0.0506751
vn -0.4809967 0.8754214 -0.0477451
vn 0.3816025 -0.9241618 0.0174508
vn 0.3489932 -0.9369749 0.0167854
vn 0.2148525 -0.9761621 0.0307569
vn 0.3816025 -0.9241618 0.0174508
vn 0.2148525 -0.9761621 0.0307569
vn 0.2141908 -0.9761896 0.0342947
vn -0.1716891 0.9843547 0.0396071
vn -0.1840820 0.9823713 0.0325653
vn -0.3332904 0.9427727 -0.0098586
vn -0.1716891 0.9843547 0.0396071
vn -0.3332904 0.9427727 -0.0098586
vn -0.3206553 0.9471880 -0.0038723
vn 0.2141908 -0.9761896 0.0342947
vn 0.2148525 -0.9761621 0.0307569
vn 0.1526939 -0.9880014 0.0231891
vn 0.2141908 -0.9761896 0.0342947
vn 0.1526939 -0.9880014 0.0231891
vn 0.1248205 -0.9916982 0.0308962
vn -0.0366803 0.9963637 0.0769022
vn -0.0470689 0.9963875 0.0706854
vn -0.1840820 0.9823713 0.0325653
vn -0.0366803 0.9963637 0.0769022
vn -0.1840820 0.9823713 0.0325653
vn -0.1716891 0.9843547 0.0396071
vn 0.1248205 -0.9916982 0.0308962
vn 0.1526939 -0.9880014 0.0231891
vn 0.1601570 -0.9870789 0.0050039
vn 0.1248205 -0.9916982 0.0308962
vn 0.1601570 -0.9870789 0.0050039
vn 0.1266688 -0.9918061 0.0166064
vn 0.0822919 0.9913058 0.1026684
vn 0.0756611 0.9922238 0.0988301
vn -0.0470689 0.9963875 0.0706854
vn 0.0822919 0.9913058 0.1026684
vn -0.0470689 0.9963875 0.0706854
vn -0.0366803 0.9963637 0.0769022
vn 0.1266688 -0.9918061 0.0166064
vn 0.1601570 -0.9870789 0.0050039
vn 0.1807950 -0.9834693 -0.0100649
vn 0.1266688 -0.9918061 0.0166064
vn 0.1807950 -0.9834693 -0.0100649
vn 0.1636769 -0.9865109 0.0024801
vn 0.1813964 0.9769861 0.1122209
vn 0.1802114 0.9772522 0.1118121
vn 0.0756611 0.9922238 0.0988301
vn 0.1813964 0.9769861 0.1122209
vn 0.0756611 0.9922238 0.0988301
vn 0.0822919 0.9913058 0.1026684
vn 0.1636769 -0.9865109 0.0024801
vn 0.1807950 -0.9834693 -0.0100649
vn 0.1521593 -0.9883056 -0.0099788
vn 0.1636769 -0.9865109 0.0024801
vn 0.1521593 -0.9883056 -0.0099788
vn 0.1605115 -0.9870339 -0.0003534
vn 0.2552172 0.9614574 0.1022930
vn 0.2607939 0.9595910 0.1056960
vn 0.1802114 0.9772522 0.1118121
vn 0.2552172 0.9614574 0.1022930
vn 0.1802114 0.9772522 0.1118121
vn 0.1813964 0.9769861 0.1122209
vn 0.1605115 -0.9870339 -0.0003534
vn 0.1521593 -0.9883056 -0.0099788
vn 0.0450179 -0.9989385 0.0097571
vn 0.1605115 -0.9870339 -0.0003534
vn 0.0450179 -0.9989385 0.0097571
vn 0.0732267 -0.9972286 0.0131523
vn 0.2995945 0.9513203 0.0723386
vn 0.3122067 0.9467165 0.0790875
vn 0.2607939 0.9595910 0.1056960
vn 0.2995945 0.9513203 0.0723386
vn 0.2607939 0.9595910 0.1056960
vn 0.2552172 0.9614574 0.1022930
vn 0.0732267 -0.9972286 0.0131523
vn 0.0450179 -0.9989385 0.0097571
vn -0.1449048 -0.9885261 0.0426463
vn 0.0732267 -0.9972286 0.0131523
vn -0.1449048 -0.9885261 0.0426463
vn -0.1136107 -0.9928156 0.0375461
vn 0.3168441 0.9481205 0.0260252
vn 0.3348927 0.9416165 0.0347151
vn 0.3122067 0.9467165 0.0790875
vn 0.3168441 0.9481205 0.0260252
vn 0.3122067 0.9467165 0.0790875
vn 0.2995945 0.9513203 0.0723386
vn -0.1136107 -0.9928156 0.0375461
vn -0.1449048 -0.9885261 0.0426463
vn -0.4014162 -0.9131092 0.0713909
vn -0.1136107 -0.9928156 0.0375461
vn -0.4014162 -0.9131092 0.0713909
vn -0.3893874 -0.9192732 0.0575698
vn 0.3198367 0.9470350 -0.0287958
vn 0.3397591 0.9402968 -0.0201413
vn 0.3348927 0.9416165 0.0347151
vn 0.3198367 0.9470350 -0.0287958
vn 0.3348927 0.9416165 0.0347151
vn 0.3168441 0.9481205 0.0260252
vn -0.3893874 -0.9192732 0.0575698
vn -0.4014162 -0.9131092 0.0713909
vn -0.6667272 -0.7413859 0.0763000
vn -0.3893874 -0.9192732 0.0575698
vn -0.6667272 -0.7413859 0.0763000
vn -0.6811185 -0.7299689 0.0567716
vn 0.3293029 0.9405250 -0.0835005
vn 0.3469756 0.9347455 -0.0765433
vn 0.3397591 0.9402968 -0.0201413
vn 0.3293029 0.9405250 -0.0835005
vn 0.3397591 0.9402968 -0.0201413
vn 0.3198367 0.9470350 -0.0287958
vn -0.6811185 -0.7299689 0.0567716
vn -0.6667272 -0.7413859 0.0763000
vn -0.8582582 -0.5104580 0.0531552
vn -0.6811185 -0.7299689 0.0567716
vn -0.8582582 -0.5104580 0.0531552
vn -0.8806108 -0.4725465 0.0349904
vn 0.3651312 0.9214048 -0.1330124
vn 0.3776188 0.9169911 -0.1285745
vn 0.3469756 0.9347455 -0.0765433
vn 0.3651312 0.9214048 -0.1330124
vn 0.3469756 0.9347455 -0.0765433
vn 0.3293029 0.9405250 -0.0835005
vn -0.8806108 -0.4725465 0.0349904
vn -0.8582582 -0.5104580 0.0531552
vn -0.9495218 -0.3132745 0.0163537
vn -0.8806108 -0.4725465 0.0349904
vn -0.9495218 -0.3132745 0.0163537
vn -0.9650389 -0.2620202 0.0067310
vn 0.4403708 0.8803831 -0.1760656
vn 0.4462607 0.8777210 -0.1745200
vn 0.3776188 0.9169911 -0.1285745
vn 0.4403708 0.8803831 -0.1760656
vn 0.3776188 0.9169911 -0.1285745
vn 0.3651312 0.9214048 -0.1330124
vn -0.9650389 -0.2620202 0.0067310
vn -0.9495218 -0.3132745 0.0163537
vn -0.9785487 -0.2049889 -0.0205424
vn -0.9650389 -0.2620202 0.0067310
vn -0.9785487 -0.2049889 -0.0205424
vn -0.9875562 -0.1560689 -0.0193718
vn 0.5603783 0.8008349 -0.2112809
vn 0.5591392 0.8011707 -0.2132811
vn 0.4462607 0.8777210 -0.1745200
vn 0.5603783 0.8008349 -0.2112809
vn 0.4462607 0.8777210 -0.1745200
vn 0.4403708 0.8803831 -0.1760656
vn -0.9875562 -0.1560689 -0.0193718
vn -0.9785487 -0.2049889 -0.0205424
vn -0.9830630 -0.1763303 -0.0499482
vn -0.9875562 -0.1560689 -0.0193718
vn -0.9830630 -0.1763303 -0.0499482
vn -0.9885642 -0.1453635 -0.0401289
vn 0.7174161 0.6569040 -0.2319295
vn 0.7096942 0.6627616 -0.2389170
vn 0.5591392 0.8011707 -0.2132811
vn 0.7174161 0.6569040 -0.2319295
vn 0.5591392 0.8011707 -0.2132811
vn 0.5603783 0.8008349 -0.2112809
vn -0.9885642 -0.1453635 -0.0401289
vn -0.9830630 -0.1763303 -0.0499482
vn -0.9812513 -0.1823332 -0.0624537
vn -0.9885642 -0.1453635 -0.0401289
vn -0.9812513 -0.1823332 -0.0624537
vn -0.9814378 -0.1857880 -0.0475686
vn 0.8743753 0.4306445 -0.2236363
vn 0.8640123 0.4439417 -0.2374836
vn 0.7096942 0.6627616 -0.2389170
vn 0.8743753 0.4306445 -0.2236363
vn 0.7096942 0.6627616 -0.2389170
vn 0.7174161 0.6569040 -0.2319295
vn -0.9814378 -0.1857880 -0.0475686
vn -0.9812513 -0.1823332 -0.0624537
vn -0.9844850 -0.1682032 -0.0499702
vn -0.9814378 -0.1857880 -0.0475686
vn -0.9844850 -0.1682032 -0.0499702
vn -0.9764087 -0.2134123 -0.0328817
vn 0.9708782 0.1625791 -0.1759648
vn 0.9641524 0.1780180 -0.1967733
vn 0.8640123 0.4439417 -0.2374836
vn 0.9708782 0.1625791 -0.1759648
vn 0.8640123 0.4439417 -0.2374836
vn 0.8743753 0.4306445 -0.2236363
vn -0.9764087 -0.2134123 -0.0328817
vn -0.9844850 -0.1682032 -0.0499702
vn -0.9957847 -0.0888132 -0.0229140
vn -0.9764087 -0.2134123 -0.0328817
vn -0.9957847 -0.0888132 -0.0229140
vn -0.9925262 -0.1218974 -0.0057214
vn 0.9932826 0.0159110 -0.1146147
vn 0.9900088 0.0226433 -0.1391757
vn 0.9641524 0.1780180 -0.1967733
vn 0.9932826 0.0159110 -0.1146147
vn 0.9641524 0.1780180 -0.1967733
vn 0.9708782 0.1625791 -0.1759648
vn -0.9925262 -0.1218974 -0.0057214
vn -0.9957847 -0.0888132 -0.0229140
vn -0.9999027 0.0000000 -0.0139520
vn -0.9925262 -0.1218974 -0.0057214
vn -0.9999027 0.0000000 -0.0139520
vn -0.9999945 0.0000000 0.0033055
vn 0.9943595 0.0000000 -0.1060621
vn 0.9913961 0.0000000 -0.1308963
vn 0.9900088 0.0226433 -0.1391757
vn 0.9943595 0.0000000 -0.1060621
vn 0.9900088 0.0226433 -0.1391757
vn 0.9932826 0.0159110 -0.1146147
vn 0.0000000 -1.0000000 0.0000000
vn 0.0000000 -1.0000000 0.0000000
vn 0.0000000 -1.0000000 0.0000000
vn 0.0000000 -1.0000000 0.0000000
vn 0.0000000 -1.0000000 0.0000000
vn 0.0000000 -1.0000000 0.0000000
vn 0.0000000 -1.0000000 0.0000000
vn 0.0000000 -1.0000000 0.0000000
vn 0.0000000 -1.0000000 0.0000000
vn 0.0000000 -1.0000000 0.0000000
vn 0.0000000 -1.0000000 0.0000000
vn 0.0000000 -1.0000000 0.0000000
vn 0.9998119 0.0000000 0.0193930
vn 0.9994000 0.0000000 0.0346350
vn 0.9995228 -0.0198537 0.0236644
vn 0.9998119 0.0000000 0.0193930
vn 0.9995228 -0.0198537 0.0236644
vn 0.9979646 -0.0632844 0.0078626
vn -0.9931816 0.0263126 0.1135688
vn -0.9900371 0.0336285 0.1367321
vn -0.9892494 0.0000000 0.1462379
vn -0.9931816 0.0263126 0.1135688
vn -0.9892494 0.0000000 0.1462379
vn -0.9924259 0.0000000 0.1228451
vn 0.9979646 -0.0632844 0.0078626
vn 0.9995228 -0.0198537 0.0236644
vn 0.9939544 -0.1079075 -0.0202659
vn 0.9979646 -0.0632844 0.0078626
vn 0.9939544 -0.1079075 -0.0202659
vn 0.9793671 -0.1988498 -0.0360387
vn -0.9952774 0.0839102 0.0488060
vn -0.9920831 0.1026064 0.0724083
vn -0.9900371 0.0336285 0.1367321
vn -0.9952774 0.0839102 0.0488060
vn -0.9900371 0.0336285 0.1367321
vn -0.9931816 0.0263126 0.1135688
vn 0.9793671 -0.1988498 -0.0360387
vn 0.9939544 -0.1079075 -0.0202659
vn 0.9760264 -0.2047897 -0.0737135
vn 0.9793671 -0.1988498 -0.0360387
vn 0.9760264 -0.2047897 -0.0737135
vn 0.9536381 -0.2878520 -0.0878381
vn -0.9881582 0.1521941 -0.0195031
vn -0.9848680 0.1732859 0.0026473
vn -0.9920831 0.1026064 0.0724083
vn -0.9881582 0.1521941 -0.0195031
vn -0.9920831 0.1026064 0.0724083
vn -0.9952774 0.0839102 0.0488060
vn 0.9536381 -0.2878520 -0.0878381
vn 0.9760264 -0.2047897 -0.0737135
vn 0.9372979 -0.3290106 -0.1149985
vn 0.9536381 -0.2878520 -0.0878381
vn 0.9372979 -0.3290106 -0.1149985
vn 0.9179499 -0.3762593 -0.1256860
vn -0.9630914 0.2599769 -0.0697633
vn -0.9601132 0.2749230 -0.0509905
vn -0.9848680 0.1732859 0.0026473
vn -0.9630914 0.2599769 -0.0697633
vn -0.9848680 0.1732859 0.0026473
vn -0.9881582 0.1521941 -0.0195031
vn 0.9179499 -0.3762593 -0.1256860
vn 0.9372979 -0.3290106 -0.1149985
vn 0.8667082 -0.4815327 -0.1301659
vn 0.9179499 -0.3762593 -0.1256860
vn 0.8667082 -0.4815327 -0.1301659
vn 0.8648354 -0.4830036 -0.1369932
vn -0.9032183 0.4179769 -0.0974267
vn -0.9018579 0.4239065 -0.0834007
vn -0.9601132 0.2749230 -0.0509905
vn -0.9032183 0.4179769 -0.0974267
vn -0.9601132 0.2749230 -0.0509905
vn -0.9630914 0.2599769 -0.0697633
vn 0.8648354 -0.4830036 -0.1369932
vn 0.8667082 -0.4815327 -0.1301659
vn 0.7589490 -0.6412943 -0.1128634
vn 0.8648354 -0.4830036 -0.1369932
vn 0.7589490 -0.6412943 -0.1128634
vn 0.7837925 -0.6098672 -0.1171805
vn -0.7968274 0.5956853 -0.1011198
vn -0.7991046 0.5939873 -0.0927956
vn -0.9018579 0.4239065 -0.0834007
vn -0.7968274 0.5956853 -0.1011198
vn -0.9018579 0.4239065 -0.0834007
vn -0.9032183 0.4179769 -0.0974267
vn 0.7837925 -0.6098672 -0.1171805
vn 0.7589490 -0.6412943 -0.1128634
vn 0.6192061 -0.7820995 -0.0700292
vn 0.7837925 -0.6098672 -0.1171805
vn 0.6192061 -0.7820995 -0.0700292
vn 0.6661613 -0.7422425 -0.0728363
vn -0.6524529 0.7532196 -0.0834596
vn -0.6591817 0.7476117 -0.0809705
vn -0.7991046 0.5939873 -0.0927956
vn -0.6524529 0.7532196 -0.0834596
vn -0.7991046 0.5939873 -0.0927956
vn -0.7968274 0.5956853 -0.1011198
vn 0.6661613 -0.7422425 -0.0728363
vn 0.6192061 -0.7820995 -0.0700292
vn 0.4638028 -0.8856986 -0.0206139
vn 0.6661613 -0.7422425 -0.0728363
vn 0.4638028 -0.8856986 -0.0206139
vn 0.5137972 -0.8576442 -0.0214192
vn -0.4920580 0.8690863 -0.0506751
vn -0.5023746 0.8630176 -0.0531084
vn -0.6591817 0.7476117 -0.0809705
vn -0.4920580 0.8690863 -0.0506751
vn -0.6591817 0.7476117 -0.0809705
vn -0.6524529 0.7532196 -0.0834596
vn 0.5137972 -0.8576442 -0.0214192
vn 0.4638028 -0.8856986 -0.0206139
vn 0.3200552 -0.9472826 0.0148416
vn 0.5137972 -0.8576442 -0.0214192
vn 0.3200552 -0.9472826 0.0148416
vn 0.3489932 -0.9369749 0.0167854
vn -0.3332904 0.9427727 -0.0098586
vn -0.3455627 0.9382661 -0.0155918
vn -0.5023746 0.8630176 -0.0531084
vn -0.3332904 0.9427727 -0.0098586
vn -0.5023746 0.8630176 -0.0531084
vn -0.4920580 0.8690863 -0.0506751
vn 0.3489932 -0.9369749 0.0167854
vn 0.3200552 -0.9472826 0.0148416
vn 0.2210801 -0.9749143 0.0258022
vn 0.3489932 -0.9369749 0.0167854
vn 0.2210801 -0.9749143 0.0258022
vn 0.2148525 -0.9761621 0.0307569
vn -0.1840820 0.9823713 0.0325653
vn -0.1965596 0.9801619 0.0254374
vn -0.3455627 0.9382661 -0.0155918
vn -0.1840820 0.9823713 0.0325653
vn -0.3455627 0.9382661 -0.0155918
vn -0.3332904 0.9427727 -0.0098586
vn 0.2148525 -0.9761621 0.0307569
vn 0.2210801 -0.9749143 0.0258022
vn 0.1874175 -0.9821650 0.0150549
vn 0.2148525 -0.9761621 0.0307569
vn 0.1874175 -0.9821650 0.0150549
vn 0.1526939 -0.9880014 0.0231891
vn -0.0470689 0.9963875 0.0706854
vn -0.0579922 0.9962598 0.0640567
vn -0.1965596 0.9801619 0.0254374
vn -0.0470689 0.9963875 0.0706854
vn -0.1965596 0.9801619 0.0254374
vn -0.1840820 0.9823713 0.0325653
vn 0.1526939 -0.9880014 0.0231891
vn 0.1874175 -0.9821650 0.0150549
vn 0.1986481 -0.9800555 -0.0054965
vn 0.1526939 -0.9880014 0.0231891
vn 0.1986481 -0.9800555 -0.0054965
vn 0.1601570 -0.9870789 0.0050039
vn 0.0756611 0.9922238 0.0988301
vn 0.0680993 0.9932066 0.0943565
vn -0.0579922 0.9962598 0.0640567
vn 0.0756611 0.9922238 0.0988301
vn -0.0579922 0.9962598 0.0640567
vn -0.0470689 0.9963875 0.0706854
vn 0.1601570 -0.9870789 0.0050039
vn 0.1986481 -0.9800555 -0.0054965
vn 0.1979520 -0.9799943 -0.0206445
vn 0.1601570 -0.9870789 0.0050039
vn 0.1979520 -0.9799943 -0.0206445
vn 0.1807950 -0.9834693 -0.0100649
vn 0.1802114 0.9772522 0.1118121
vn 0.1778103 0.9778181 0.1107034
vn 0.0680993 0.9932066 0.0943565
vn 0.1802114 0.9772522 0.1118121
vn 0.0680993 0.9932066 0.0943565
vn 0.0756611 0.9922238 0.0988301
vn 0.1807950 -0.9834693 -0.0100649
vn 0.1979520 -0.9799943 -0.0206445
vn 0.1383219 -0.9902228 -0.0180504
vn 0.1807950 -0.9834693 -0.0100649
vn 0.1383219 -0.9902228 -0.0180504
vn 0.1521593 -0.9883056 -0.0099788
vn 0.2607939 0.9595910 0.1056960
vn 0.2650605 0.9581060 0.1085161
vn 0.1778103 0.9778181 0.1107034
vn 0.2607939 0.9595910 0.1056960
vn 0.1778103 0.9778181 0.1107034
vn 0.1802114 0.9772522 0.1118121
vn 0.1521593 -0.9883056 -0.0099788
vn 0.1383219 -0.9902228 -0.0180504
vn 0.0071013 -0.9999531 0.0065842
vn 0.1521593 -0.9883056 -0.0099788
vn 0.0071013 -0.9999531 0.0065842
vn 0.0450179 -0.9989385 0.0097571
vn 0.3122067 0.9467165 0.0790875
vn 0.3237280 0.9422742 0.0855536
vn 0.2650605 0.9581060 0.1085161
vn 0.3122067 0.9467165 0.0790875
vn 0.2650605 0.9581060 0.1085161
vn 0.2607939 0.9595910 0.1056960
vn 0.0450179 -0.9989385 0.0097571
vn 0.0071013 -0.9999531 0.0065842
vn -0.1873918 -0.9812072 0.0460088
vn 0.0450179 -0.9989385 0.0097571
vn -0.1873918 -0.9812072 0.0460088
vn -0.1449048 -0.9885261 0.0426463
vn 0.3348927 0.9416165 0.0347151
vn 0.3524730 0.9348075 0.0435621
vn 0.3237280 0.9422742 0.0855536
vn 0.3348927 0.9416165 0.0347151
vn 0.3237280 0.9422742 0.0855536
vn 0.3122067 0.9467165 0.0790875
vn -0.1449048 -0.9885261 0.0426463
vn -0.1873918 -0.9812072 0.0460088
vn -0.4227516 -0.9025786 0.0814436
vn -0.1449048 -0.9885261 0.0426463
vn -0.4227516 -0.9025786 0.0814436
vn -0.4014162 -0.9131092 0.0713909
vn 0.3397591 0.9402968 -0.0201413
vn 0.3600931 0.9328528 -0.0108933
vn 0.3524730 0.9348075 0.0435621
vn 0.3397591 0.9402968 -0.0201413
vn 0.3524730 0.9348075 0.0435621
vn 0.3348927 0.9416165 0.0347151
vn -0.4014162 -0.9131092 0.0713909
vn -0.4227516 -0.9025786 0.0814436
vn -0.6551783 -0.7498799 0.0917689
vn -0.4014162 -0.9131092 0.0713909
vn -0.6551783 -0.7498799 0.0917689
vn -0.6667272 -0.7413859 0.0763000
vn 0.3469756 0.9347455 -0.0765433
vn 0.3658082 0.9281502 -0.0687140
vn 0.3600931 0.9328528 -0.0108933
vn 0.3469756 0.9347455 -0.0765433
vn 0.3600931 0.9328528 -0.0108933
vn 0.3397591 0.9402968 -0.0201413
vn -0.6667272 -0.7413859 0.0763000
vn -0.6551783 -0.7498799 0.0917689
vn -0.8301879 -0.5530856 0.0698879
vn -0.6667272 -0.7413859 0.0763000
vn -0.8301879 -0.5530856 0.0698879
vn -0.8582582 -0.5104580 0.0531552
vn 0.3776188 0.9169911 -0.1285745
vn 0.3916430 0.9118426 -0.1231210
vn 0.3658082 0.9281502 -0.0687140
vn 0.3776188 0.9169911 -0.1285745
vn 0.3658082 0.9281502 -0.0687140
vn 0.3469756 0.9347455 -0.0765433
vn -0.8582582 -0.5104580 0.0531552
vn -0.8301879 -0.5530856 0.0698879
vn -0.9252035 -0.3784566 0.0277338
vn -0.8582582 -0.5104580 0.0531552
vn -0.9252035 -0.3784566 0.0277338
vn -0.9495218 -0.3132745 0.0163537
vn 0.4462607 0.8777210 -0.1745200
vn 0.4537987 0.8743882 -0.1717904
vn 0.3916430 0.9118426 -0.1231210
vn 0.4462607 0.8777210 -0.1745200
vn 0.3916430 0.9118426 -0.1231210
vn 0.3776188 0.9169911 -0.1285745
vn -0.9495218 -0.3132745 0.0163537
vn -0.9252035 -0.3784566 0.0277338
vn -0.9626331 -0.2701928 -0.0182593
vn -0.9495218 -0.3132745 0.0163537
vn -0.9626331 -0.2701928 -0.0182593
vn -0.9785487 -0.2049889 -0.0205424
vn 0.5591392 0.8011707 -0.2132811
vn 0.5595783 0.8007331 -0.2137723
vn 0.4537987 0.8743882 -0.1717904
vn 0.5591392 0.8011707 -0.2132811
vn 0.4537987 0.8743882 -0.1717904
vn 0.4462607 0.8777210 -0.1745200
vn -0.9785487 -0.2049889 -0.0205424
vn -0.9626331 -0.2701928 -0.0182593
vn -0.9739310 -0.2199026 -0.0556891
vn -0.9785487 -0.2049889 -0.0205424
vn -0.9739310 -0.2199026 -0.0556891
vn -0.9830630 -0.1763303 -0.0499482
vn 0.7096942 0.6627616 -0.2389170
vn 0.7035399 0.6675000 -0.2438756
vn 0.5595783 0.8007331 -0.2137723
vn 0.7096942 0.6627616 -0.2389170
vn 0.5595783 0.8007331 -0.2137723
vn 0.5591392 0.8011707 -0.2132811
vn -0.9830630 -0.1763303 -0.0499482
vn -0.9739310 -0.2199026 -0.0556891
vn -0.9796191 -0.1870063 -0.0733141
vn -0.9830630 -0.1763303 -0.0499482
vn -0.9796191 -0.1870063 -0.0733141
vn -0.9812513 -0.1823332 -0.0624537
vn 0.8640123 0.4439417 -0.2374836
vn 0.8546141 0.4557941 -0.2487701
vn 0.7035399 0.6675000 -0.2438756
vn 0.8640123 0.4439417 -0.2374836
vn 0.7035399 0.6675000 -0.2438756
vn 0.7096942 0.6627616 -0.2389170
vn -0.9812513 -0.1823332 -0.0624537
vn -0.9796191 -0.1870063 -0.0733141
vn -0.9897546 -0.1276678 -0.0639271
vn -0.9812513 -0.1823332 -0.0624537
vn -0.9897546 -0.1276678 -0.0639271
vn -0.9844850 -0.1682032 -0.0499702
vn 0.9641524 0.1780180 -0.1967733
vn 0.9574816 0.1923946 -0.2149730
vn 0.8546141 0.4557941 -0.2487701
vn 0.9641524 0.1780180 -0.1967733
vn 0.8546141 0.4557941 -0.2487701
vn 0.8640123 0.4439417 -0.2374836
vn -0.9844850 -0.1682032 -0.0499702
vn -0.9897546 -0.1276678 -0.0639271
vn -0.9976664 -0.0564983 -0.0383378
vn -0.9844850 -0.1682032 -0.0499702
vn -0.9976664 -0.0564983 -0.0383378
vn -0.9957847 -0.0888132 -0.0229140
vn 0.9900088 0.0226433 -0.1391757
vn 0.9864452 0.0290666 -0.1614963
vn 0.9574816 0.1923946 -0.2149730
vn 0.9900088 0.0226433 -0.1391757
vn 0.9574816 0.1923946 -0.2149730
vn 0.9641524 0.1780180 -0.1967733
vn -0.9957847 -0.0888132 -0.0229140
vn -0.9976664 -0.0564983 -0.0383378
vn -0.9995529 0.0000000 -0.0298991
vn -0.9957847 -0.0888132 -0.0229140
vn -0.9995529 0.0000000 -0.0298991
vn -0.9999027 0.0000000 -0.0139520
vn 0.9913961 0.0000000 -0.1308963
vn 0.9881440 0.0000000 -0.1535301
vn 0.9864452 0.0290666 -0.1614963
vn 0.9913961 0.0000000 -0.1308963
vn 0.9864452 0.0290666 -0.1614963
vn 0.9900088 0.0226433 -0.1391757
vn 0.0000000 -1.0000000 0.0000000
vn 0.0000000 -1.0000000 0.0000000
vn 0.0000000 -1.0000000 0.0000000
vn 0.0000000 -1.0000000 0.0000000
vn 0.0000000 -1.0000000 0.0000000
vn 0.0000000 -1.0000000 0.0000000
vn 0.0000000 -1.0000000 0.0000000
vn 0.0000000 -1.0000000 0.0000000
vn 0.0000000 -1.0000000 0.0000000
vn 0.0000000 -1.0000000 0.0000000
vn 0.0000000 -1.0000000 0.0000000
vn 0.0000000 -1.0000000 0.0000000
vn 0.9994000 0.0000000 0.0346350
vn 0.9988783 0.0000000 0.0473509
vn 0.9990654 0.0215720 0.0374551
vn 0.9994000 0.0000000 0.0346350
vn 0.9990654 0.0215720 0.0374551
vn 0.9995228 -0.0198537 0.0236644
vn -0.9900371 0.0336285 0.1367321
vn -0.9866565 0.0407994 0.1576211
vn -0.9859068 0.0000000 0.1672954
vn -0.9900371 0.0336285 0.1367321
vn -0.9859068 0.0000000 0.1672954
vn -0.9892494 0.0000000 0.1462379
vn 0.9995228 -0.0198537 0.0236644
vn 0.9990654 0.0215720 0.0374551
vn 0.9998084 -0.0191480 -0.0040535
vn 0.9995228 -0.0198537 0.0236644
vn 0.9998084 -0.0191480 -0.0040535
vn 0.9939544 -0.1079075 -0.0202659
vn -0.9920831 0.1026064 0.0724083
vn -0.9881387 0.1212896 0.0941849
vn -0.9866565 0.0407994 0.1576211
vn -0.9920831 0.1026064 0.0724083
vn -0.9866565 0.0407994 0.1576211
vn -0.9900371 0.0336285 0.1367321
vn 0.9939544 -0.1079075 -0.0202659
vn 0.9998084 -0.0191480 -0.0040535
vn 0.9910166 -0.1215249 -0.0558368
vn 0.9939544 -0.1079075 -0.0202659
vn 0.9910166 -0.1215249 -0.0558368
vn 0.9760264 -0.2047897 -0.0737135
vn -0.9848680 0.1732859 0.0026473
vn -0.9805087 0.1950579 0.0235612
vn -0.9881387 0.1212896 0.0941849
vn -0.9848680 0.1732859 0.0026473
vn -0.9881387 0.1212896 0.0941849
vn -0.9920831 0.1026064 0.0724083
vn 0.9760264 -0.2047897 -0.0737135
vn 0.9910166 -0.1215249 -0.0558368
vn 0.9553652 -0.2784836 -0.0986115
vn 0.9760264 -0.2047897 -0.0737135
vn 0.9553652 -0.2784836 -0.0986115
vn 0.9372979 -0.3290106 -0.1149985
vn -0.9601132 0.2749230 -0.0509905
vn -0.9561009 0.2911815 -0.0329304
vn -0.9805087 0.1950579 0.0235612
vn -0.9601132 0.2749230 -0.0509905
vn -0.9805087 0.1950579 0.0235612
vn -0.9848680 0.1732859 0.0026473
vn 0.9372979 -0.3290106 -0.1149985
vn 0.9553652 -0.2784836 -0.0986115
vn 0.8716477 -0.4757368 -0.1179183
vn 0.9372979 -0.3290106 -0.1149985
vn 0.8716477 -0.4757368 -0.1179183
vn 0.8667082 -0.4815327 -0.1301659
vn -0.9018579 0.4239065 -0.0834007
vn -0.8994927 0.4313506 -0.0696381
vn -0.9561009 0.2911815 -0.0329304
vn -0.9018579 0.4239065 -0.0834007
vn -0.9561009 0.2911815 -0.0329304
vn -0.9601132 0.2749230 -0.0509905
vn 0.8667082 -0.4815327 -0.1301659
vn 0.8716477 -0.4757368 -0.1179183
vn 0.7369558 -0.6677669 -0.1048024
vn 0.8667082 -0.4815327 -0.1301659
vn 0.7369558 -0.6677669 -0.1048024
vn 0.7589490 -0.6412943 -0.1128634
vn -0.7991046 0.5939873 -0.0927956
vn -0.8003403 0.5935852 -0.0843328
vn -0.8994927 0.4313506 -0.0696381
vn -0.7991046 0.5939873 -0.0927956
vn -0.8994927 0.4313506 -0.0696381
vn -0.9018579 0.4239065 -0.0834007
vn 0.7589490 -0.6412943 -0.1128634
vn 0.7369558 -0.6677669 -0.1048024
vn 0.5744538 -0.8158965 -0.0656948
vn 0.7589490 -0.6412943 -0.1128634
vn 0.5744538 -0.8158965 -0.0656948
vn 0.6192061 -0.7820995 -0.0700292
vn -0.6591817 0.7476117 -0.0809705
vn -0.6649136 0.7428276 -0.0780835
vn -0.8003403 0.5935852 -0.0843328
vn -0.6591817 0.7476117 -0.0809705
vn -0.8003403 0.5935852 -0.0843328
vn -0.7991046 0.5939873 -0.0927956
vn 0.6192061 -0.7820995 -0.0700292
vn 0.5744538 -0.8158965 -0.0656948
vn 0.4169727 -0.9086919 -0.0203156
vn 0.6192061 -0.7820995 -0.0700292
vn 0.4169727 -0.9086919 -0.0203156
vn 0.4638028 -0.8856986 -0.0206139
vn -0.5023746 0.8630176 -0.0531084
vn -0.5119048 0.8572726 -0.0551105
vn -0.6649136 0.7428276 -0.0780835
vn -0.5023746 0.8630176 -0.0531084
vn -0.6649136 0.7428276 -0.0780835
vn -0.6591817 0.7476117 -0.0809705
vn 0.4638028 -0.8856986 -0.0206139
vn 0.4169727 -0.9086919 -0.0203156
vn 0.2948442 -0.9554794 0.0112217
vn 0.4638028 -0.8856986 -0.0206139
vn 0.2948442 -0.9554794 0.0112217
vn 0.3200552 -0.9472826 0.0148416
vn -0.3455627 0.9382661 -0.0155918
vn -0.3573978 0.9337146 -0.0210680
vn -0.5119048 0.8572726 -0.0551105
vn -0.3455627 0.9382661 -0.0155918
vn -0.5119048 0.8572726 -0.0551105
vn -0.5023746 0.8630176 -0.0531084
vn 0.3200552 -0.9472826 0.0148416
vn 0.2948442 -0.9554794 0.0112217
vn 0.2306829 -0.9728411 0.0191196
vn 0.3200552 -0.9472826 0.0148416
vn 0.2306829 -0.9728411 0.0191196
vn 0.2210801 -0.9749143 0.0258022
vn -0.1965596 0.9801619 0.0254374
vn -0.2090307 0.9777384 0.0182688
vn -0.3573978 0.9337146 -0.0210680
vn -0.1965596 0.9801619 0.0254374
vn -0.3573978 0.9337146 -0.0210680
vn -0.3455627 0.9382661 -0.0155918
vn 0.2210801 -0.9749143 0.0258022
vn 0.2306829 -0.9728411 0.0191196
vn 0.2249679 -0.9743454 0.0063623
vn 0.2210801 -0.9749143 0.0258022
vn 0.2249679 -0.9743454 0.0063623
vn 0.1874175 -0.9821650 0.0150549
vn -0.0579922 0.9962598 0.0640567
vn -0.0693649 0.9959576 0.0570694
vn -0.2090307 0.9777384 0.0182688
vn -0.0579922 0.9962598 0.0640567
vn -0.2090307 0.9777384 0.0182688
vn -0.1965596 0.9801619 0.0254374
vn 0.1874175 -0.9821650 0.0150549
vn 0.2249679 -0.9743454 0.0063623
vn 0.2386894 -0.9709846 -0.0147088
vn 0.1874175 -0.9821650 0.0150549
vn 0.2386894 -0.9709846 -0.0147088
vn 0.1986481 -0.9800555 -0.0054965
vn 0.0680993 0.9932066 0.0943565
vn 0.0596653 0.9942175 0.0892837
vn -0.0693649 0.9959576 0.0570694
vn 0.0680993 0.9932066 0.0943565
vn -0.0693649 0.9959576 0.0570694
vn -0.0579922 0.9962598 0.0640567
vn 0.1986481 -0.9800555 -0.0054965
vn 0.2386894 -0.9709846 -0.0147088
vn 0.2142646 -0.9763500 -0.0288348
vn 0.1986481 -0.9800555 -0.0054965
vn 0.2142646 -0.9763500 -0.0288348
vn 0.1979520 -0.9799943 -0.0206445
vn 0.1778103 0.9778181 0.1107034
vn 0.1742094 0.9786682 0.1089015
vn 0.0596653 0.9942175 0.0892837
vn 0.1778103 0.9778181 0.1107034
vn 0.0596653 0.9942175 0.0892837
vn 0.0680993 0.9932066 0.0943565
vn 0.1979520 -0.9799943 -0.0206445
vn 0.2142646 -0.9763500 -0.0288348
vn 0.1202194 -0.9924566 -0.0240257
vn 0.1979520 -0.9799943 -0.0206445
vn 0.1202194 -0.9924566 -0.0240257
vn 0.1383219 -0.9902228 -0.0180504
vn 0.2650605 0.9581060 0.1085161
vn 0.2679754 0.9570411 0.1107319
vn 0.1742094 0.9786682 0.1089015
vn 0.2650605 0.9581060 0.1085161
vn 0.1742094 0.9786682 0.1089015
vn 0.1778103 0.9778181 0.1107034
vn 0.1383219 -0.9902228 -0.0180504
vn 0.1202194 -0.9924566 -0.0240257
vn -0.0382114 -0.9992610 0.0041591
vn 0.1383219 -0.9902228 -0.0180504
vn -0.0382114 -0.9992610 0.0041591
vn 0.0071013 -0.9999531 0.0065842
vn 0.3237280 0.9422742 0.0855536
vn 0.3340405 0.9380878 0.0916968
vn 0.2679754 0.9570411 0.1107319
vn 0.3237280 0.9422742 0.0855536
vn 0.2679754 0.9570411 0.1107319
vn 0.2650605 0.9581060 0.1085161
vn 0.0071013 -0.9999531 0.0065842
vn -0.0382114 -0.9992610 0.0041591
vn -0.2382284 -0.9700223 0.0479998
vn 0.0071013 -0.9999531 0.0065842
vn -0.2382284 -0.9700223 0.0479998
vn -0.1873918 -0.9812072 0.0460088
vn 0.3524730 0.9348075 0.0435621
vn 0.3693968 0.9277859 0.0525295
vn 0.3340405 0.9380878 0.0916968
vn 0.3524730 0.9348075 0.0435621
vn 0.3340405 0.9380878 0.0916968
vn 0.3237280 0.9422742 0.0855536
vn -0.1873918 -0.9812072 0.0460088
vn -0.2382284 -0.9700223 0.0479998
vn -0.4515751 -0.8878985 0.0878423
vn -0.1873918 -0.9812072 0.0460088
vn -0.4515751 -0.8878985 0.0878423
vn -0.4227516 -0.9025786 0.0814436
vn 0.3600931 0.9328528 -0.0108933
vn 0.3806473 0.9247197 -0.0010504
vn 0.3693968 0.9277859 0.0525295
vn 0.3600931 0.9328528 -0.0108933
vn 0.3693968 0.9277859 0.0525295
vn 0.3524730 0.9348075 0.0435621
vn -0.4227516 -0.9025786 0.0814436
vn -0.4515751 -0.8878985 0.0878423
vn -0.6474757 -0.7551479 0.1026005
vn -0.4227516 -0.9025786 0.0814436
vn -0.6474757 -0.7551479 0.1026005
vn -0.6551783 -0.7498799 0.0917689
vn 0.3658082 0.9281502 -0.0687140
vn 0.3856869 0.9206790 -0.0599649
vn 0.3806473 0.9247197 -0.0010504
vn 0.3658082 0.9281502 -0.0687140
vn 0.3806473 0.9247197 -0.0010504
vn 0.3600931 0.9328528 -0.0108933
vn -0.6551783 -0.7498799 0.0917689
vn -0.6474757 -0.7551479 0.1026005
vn -0.7978041 -0.5970697 0.0837635
vn -0.6551783 -0.7498799 0.0917689
vn -0.7978041 -0.5970697 0.0837635
vn -0.8301879 -0.5530856 0.0698879
vn 0.3916430 0.9118426 -0.1231210
vn 0.4071763 0.9058775 -0.1165908
vn 0.3856869 0.9206790 -0.0599649
vn 0.3916430 0.9118426 -0.1231210
vn 0.3856869 0.9206790 -0.0599649
vn 0.3658082 0.9281502 -0.0687140
vn -0.8301879 -0.5530856 0.0698879
vn -0.7978041 -0.5970697 0.0837635
vn -0.8905136 -0.4532139 0.0397836
vn -0.8301879 -0.5530856 0.0698879
vn -0.8905136 -0.4532139 0.0397836
vn -0.9252035 -0.3784566 0.0277338
vn 0.4537987 0.8743882 -0.1717904
vn 0.4629955 0.8703246 -0.1678402
vn 0.4071763 0.9058775 -0.1165908
vn 0.4537987 0.8743882 -0.1717904
vn 0.4071763 0.9058775 -0.1165908
vn 0.3916430 0.9118426 -0.1231210
vn -0.9252035 -0.3784566 0.0277338
vn -0.8905136 -0.4532139 0.0397836
vn -0.9371232 -0.3487718 -0.0125869
vn -0.9252035 -0.3784566 0.0277338
vn -0.9371232 -0.3487718 -0.0125869
vn -0.9626331 -0.2701928 -0.0182593
vn 0.5595783 0.8007331 -0.2137723
vn 0.5617108 0.7995085 -0.2127608
vn 0.4629955 0.8703246 -0.1678402
vn 0.5595783 0.8007331 -0.2137723
vn 0.4629955 0.8703246 -0.1678402
vn 0.4537987 0.8743882 -0.1717904
vn -0.9626331 -0.2701928 -0.0182593
vn -0.9371232 -0.3487718 -0.0125869
vn -0.9598635 -0.2746408 -0.0568717
vn -0.9626331 -0.2701928 -0.0182593
vn -0.9598635 -0.2746408 -0.0568717
vn -0.9739310 -0.2199026 -0.0556891
vn 0.7035399 0.6675000 -0.2438756
vn 0.6989997 0.6711660 -0.2468514
vn 0.5617108 0.7995085 -0.2127608
vn 0.7035399 0.6675000 -0.2438756
vn 0.5617108 0.7995085 -0.2127608
vn 0.5595783 0.8007331 -0.2137723
vn -0.9739310 -0.2199026 -0.0556891
vn -0.9598635 -0.2746408 -0.0568717
vn -0.9766101 -0.1997419 -0.0795982
vn -0.9739310 -0.2199026 -0.0556891
vn -0.9766101 -0.1997419 -0.0795982
vn -0.9796191 -0.1870063 -0.0733141
vn 0.8546141 0.4557941 -0.2487701
vn 0.8463343 0.4662592 -0.2575279
vn 0.6989997 0.6711660 -0.2468514
vn 0.8546141 0.4557941 -0.2487701
vn 0.6989997 0.6711660 -0.2468514
vn 0.7035399 0.6675000 -0.2438756
vn -0.9796191 -0.1870063 -0.0733141
vn -0.9766101 -0.1997419 -0.0795982
vn -0.9928218 -0.0939458 -0.0740200
vn -0.9796191 -0.1870063 -0.0733141
vn -0.9928218 -0.0939458 -0.0740200
vn -0.9897546 -0.1276678 -0.0639271
vn 0.9574816 0.1923946 -0.2149730
vn 0.9510893 0.2056891 -0.2304804
vn 0.8463343 0.4662592 -0.2575279
vn 0.9574816 0.1923946 -0.2149730
vn 0.8463343 0.4662592 -0.2575279
vn 0.8546141 0.4557941 -0.2487701
vn -0.9897546 -0.1276678 -0.0639271
vn -0.9928218 -0.0939458 -0.0740200
vn -0.9983319 -0.0269283 -0.0510717
vn -0.9897546 -0.1276678 -0.0639271
vn -0.9983319 -0.0269283 -0.0510717
vn -0.9976664 -0.0564983 -0.0383378
vn 0.9864452 0.0290666 -0.1614963
vn 0.9827830 0.0351487 -0.1813897
vn 0.9510893 0.2056891 -0.2304804
vn 0.9864452 0.0290666 -0.1614963
vn 0.9510893 0.2056891 -0.2304804
vn 0.9574816 0.1923946 -0.2149730
vn -0.9976664 -0.0564983 -0.0383378
vn -0.9983319 -0.0269283 -0.0510717
vn -0.9990499 0.0000000 -0.0435808
vn -0.9976664 -0.0564983 -0.0383378
vn -0.9990499 0.0000000 -0.0435808
vn -0.9995529 0.0000000 -0.0298991
vn 0.9881440 0.0000000 -0.1535301
vn 0.9847862 0.0000000 -0.1737704
vn 0.9827830 0.0351487 -0.1813897
vn 0.9881440 0.0000000 -0.1535301
vn 0.9827830 0.0351487 -0.1813897
vn 0.9864452 0.0290666 -0.1614963
vn 0.0000000 -1.0000000 0.0000000
vn 0.0000000 -1.0000000 0.0000000
vn 0.0000000 -1.0000000 0.0000000
vn 0.0000000 -1.0000000 0.0000000
vn 0.0000000 -1.0000000 0.0000000
vn 0.0000000 -1.0000000 0.0000000
vn 0.0000000 -1.0000000 0.0000000
vn 0.0000000 -1.0000000 0.0000000
vn 0.0000000 -1.0000000 0.0000000
vn 0.0000000 -1.0000000 0.0000000
vn 0.0000000 -1.0000000 0.0000000
vn 0.0000000 -1.0000000 0.0000000
vn 0.9988783 0.0000000 0.0473509
vn 0.9983864 0.0000000 0.0567850
vn 0.9970931 0.0589010 0.0483329
vn 0.9988783 0.0000000 0.0473509
vn 0.9970931 0.0589010 0.0483329
vn 0.9990654 0.0215720 0.0374551
vn -0.9866565 0.0407994 0.1576211
vn -0.9832172 0.0477730 0.1760727
vn -0.9825762 0.0000000 0.1858604
vn -0.9866565 0.0407994 0.1576211
vn -0.9825762 0.0000000 0.1858604
vn -0.9859068 0.0000000 0.1672954
vn 0.9990654 0.0215720 0.0374551
vn 0.9970931 0.0589010 0.0483329
vn 0.9980387 0.0616124 0.0110744
vn 0.9990654 0.0215720 0.0374551
vn 0.9980387 0.0616124 0.0110744
vn 0.9998084 -0.0191480 -0.0040535
vn -0.9881387 0.1212896 0.0941849
vn -0.9836085 0.1397866 0.1139038
vn -0.9832172 0.0477730 0.1760727
vn -0.9881387 0.1212896 0.0941849
vn -0.9832172 0.0477730 0.1760727
vn -0.9866565 0.0407994 0.1576211
vn 0.9998084 -0.0191480 -0.0040535
vn 0.9980387 0.0616124 0.0110744
vn 0.9983755 -0.0442267 -0.0359208
vn 0.9998084 -0.0191480 -0.0040535
vn 0.9983755 -0.0442267 -0.0359208
vn 0.9910166 -0.1215249 -0.0558368
vn -0.9805087 0.1950579 0.0235612
vn -0.9751650 0.2172718 0.0429678
vn -0.9836085 0.1397866 0.1139038
vn -0.9805087 0.1950579 0.0235612
vn -0.9836085 0.1397866 0.1139038
vn -0.9881387 0.1212896 0.0941849
vn 0.9910166 -0.1215249 -0.0558368
vn 0.9983755 -0.0442267 -0.0359208
vn 0.9705866 -0.2279348 -0.0775075
vn 0.9910166 -0.1215249 -0.0558368
vn 0.9705866 -0.2279348 -0.0775075
vn 0.9553652 -0.2784836 -0.0986115
vn -0.9561009 0.2911815 -0.0329304
vn -0.9510735 0.3085584 -0.0158413
vn -0.9751650 0.2172718 0.0429678
vn -0.9561009 0.2911815 -0.0329304
vn -0.9751650 0.2172718 0.0429678
vn -0.9805087 0.1950579 0.0235612
vn 0.9553652 -0.2784836 -0.0986115
vn 0.9705866 -0.2279348 -0.0775075
vn 0.8791904 -0.4657621 -0.1004486
vn 0.9553652 -0.2784836 -0.0986115
vn 0.8791904 -0.4657621 -0.1004486
vn 0.8716477 -0.4757368 -0.1179183
vn -0.8994927 0.4313506 -0.0696381
vn -0.8961311 0.4401945 -0.0563730
vn -0.9510735 0.3085584 -0.0158413
vn -0.8994927 0.4313506 -0.0696381
vn -0.9510735 0.3085584 -0.0158413
vn -0.9561009 0.2911815 -0.0329304
vn 0.8716477 -0.4757368 -0.1179183
vn 0.8791904 -0.4657621 -0.1004486
vn 0.7192673 -0.6884605 -0.0931488
vn 0.8716477 -0.4757368 -0.1179183
vn 0.7192673 -0.6884605 -0.0931488
vn 0.7369558 -0.6677669 -0.1048024
vn -0.8003403 0.5935852 -0.0843328
vn -0.8005469 0.5944400 -0.0759330
vn -0.8961311 0.4401945 -0.0563730
vn -0.8003403 0.5935852 -0.0843328
vn -0.8961311 0.4401945 -0.0563730
vn -0.8994927 0.4313506 -0.0696381
vn 0.7369558 -0.6677669 -0.1048024
vn 0.7192673 -0.6884605 -0.0931488
vn 0.5342306 -0.8431942 -0.0601772
vn 0.7369558 -0.6677669 -0.1048024
vn 0.5342306 -0.8431942 -0.0601772
vn 0.5744538 -0.8158965 -0.0656948
vn -0.6649136 0.7428276 -0.0780835
vn -0.6696477 0.7388878 -0.0749451
vn -0.8005469 0.5944400 -0.0759330
vn -0.6649136 0.7428276 -0.0780835
vn -0.8005469 0.5944400 -0.0759330
vn -0.8003403 0.5935852 -0.0843328
vn 0.5744538 -0.8158965 -0.0656948
vn 0.5342306 -0.8431942 -0.0601772
vn 0.3750652 -0.9267640 -0.0208466
vn 0.5744538 -0.8158965 -0.0656948
vn 0.3750652 -0.9267640 -0.0208466
vn 0.4169727 -0.9086919 -0.0203156
vn -0.5119048 0.8572726 -0.0551105
vn -0.5206165 0.8519021 -0.0567560
vn -0.6696477 0.7388878 -0.0749451
vn -0.5119048 0.8572726 -0.0551105
vn -0.6696477 0.7388878 -0.0749451
vn -0.6649136 0.7428276 -0.0780835
vn 0.4169727 -0.9086919 -0.0203156
vn 0.3750652 -0.9267640 -0.0208466
vn 0.2735798 -0.9618323 0.0057228
vn 0.4169727 -0.9086919 -0.0203156
vn 0.2735798 -0.9618323 0.0057228
vn 0.2948442 -0.9554794 0.0112217
vn -0.3573978 0.9337146 -0.0210680
vn -0.3687295 0.9291648 -0.0262941
vn -0.5206165 0.8519021 -0.0567560
vn -0.3573978 0.9337146 -0.0210680
vn -0.5206165 0.8519021 -0.0567560
vn -0.5119048 0.8572726 -0.0551105
vn 0.2948442 -0.9554794 0.0112217
vn 0.2735798 -0.9618323 0.0057228
vn 0.2417265 -0.9702867 0.0105806
vn 0.2948442 -0.9554794 0.0112217
vn 0.2417265 -0.9702867 0.0105806
vn 0.2306829 -0.9728411 0.0191196
vn -0.2090307 0.9777384 0.0182688
vn -0.2214070 0.9751183 0.0110973
vn -0.3687295 0.9291648 -0.0262941
vn -0.2090307 0.9777384 0.0182688
vn -0.3687295 0.9291648 -0.0262941
vn -0.3573978 0.9337146 -0.0210680
vn 0.2306829 -0.9728411 0.0191196
vn 0.2417265 -0.9702867 0.0105806
vn 0.2612626 -0.9652633 -0.0029411
vn 0.2306829 -0.9728411 0.0191196
vn 0.2612626 -0.9652633 -0.0029411
vn 0.2249679 -0.9743454 0.0063623
vn -0.0693649 0.9959576 0.0570694
vn -0.0810977 0.9954625 0.0497754
vn -0.2214070 0.9751183 0.0110973
vn -0.0693649 0.9959576 0.0570694
vn -0.2214070 0.9751183 0.0110973
vn -0.2090307 0.9777384 0.0182688
vn 0.2249679 -0.9743454 0.0063623
vn 0.2612626 -0.9652633 -0.0029411
vn 0.2762706 -0.9608140 -0.0226054
vn 0.2249679 -0.9743454 0.0063623
vn 0.2762706 -0.9608140 -0.0226054
vn 0.2386894 -0.9709846 -0.0147088
vn 0.0596653 0.9942175 0.0892837
vn 0.0504265 0.9952185 0.0836494
vn -0.0810977 0.9954625 0.0497754
vn 0.0596653 0.9942175 0.0892837
vn -0.0810977 0.9954625 0.0497754
vn -0.0693649 0.9959576 0.0570694
vn 0.2386894 -0.9709846 -0.0147088
vn 0.2762706 -0.9608140 -0.0226054
vn 0.2281600 -0.9730124 -0.0344944
vn 0.2386894 -0.9709846 -0.0147088
vn 0.2281600 -0.9730124 -0.0344944
vn 0.2142646 -0.9763500 -0.0288348
vn 0.1742094 0.9786682 0.1089015
vn 0.1694366 0.9797791 0.1064153
vn 0.0504265 0.9952185 0.0836494
vn 0.1742094 0.9786682 0.1089015
vn 0.0504265 0.9952185 0.0836494
vn 0.0596653 0.9942175 0.0892837
vn 0.2142646 -0.9763500 -0.0288348
vn 0.2281600 -0.9730124 -0.0344944
vn 0.0986755 -0.9947364 -0.0276170
vn 0.2142646 -0.9763500 -0.0288348
vn 0.0986755 -0.9947364 -0.0276170
vn 0.1202194 -0.9924566 -0.0240257
vn 0.2679754 0.9570411 0.1107319
vn 0.2695104 0.9564246 0.1123215
vn 0.1694366 0.9797791 0.1064153
vn 0.2679754 0.9570411 0.1107319
vn 0.1694366 0.9797791 0.1064153
vn 0.1742094 0.9786682 0.1089015
vn 0.1202194 -0.9924566 -0.0240257
vn 0.0986755 -0.9947364 -0.0276170
vn -0.0885634 -0.9960666 0.0027957
vn 0.1202194 -0.9924566 -0.0240257
vn -0.0885634 -0.9960666 0.0027957
vn -0.0382114 -0.9992610 0.0041591
vn 0.3340405 0.9380878 0.0916968
vn 0.3430396 0.9342500 0.0974718
vn 0.2695104 0.9564246 0.1123215
vn 0.3340405 0.9380878 0.0916968
vn 0.2695104 0.9564246 0.1123215
vn 0.2679754 0.9570411 0.1107319
vn -0.0382114 -0.9992610 0.0041591
vn -0.0885634 -0.9960666 0.0027957
vn -0.2943040 -0.9544620 0.0488621
vn -0.0382114 -0.9992610 0.0041591
vn -0.2943040 -0.9544620 0.0488621
vn -0.2382284 -0.9700223 0.0479998
vn 0.3693968 0.9277859 0.0525295
vn 0.3854785 0.9206604 0.0615694
vn 0.3430396 0.9342500 0.0974718
vn 0.3693968 0.9277859 0.0525295
vn 0.3430396 0.9342500 0.0974718
vn 0.3340405 0.9380878 0.0916968
vn -0.2382284 -0.9700223 0.0479998
vn -0.2943040 -0.9544620 0.0488621
vn -0.4855956 -0.8694568 0.0907842
vn -0.2382284 -0.9700223 0.0479998
vn -0.4855956 -0.8694568 0.0907842
vn -0.4515751 -0.8878985 0.0878423
vn 0.3806473 0.9247197 -0.0010504
vn 0.4012110 0.9159377 0.0093733
vn 0.3854785 0.9206604 0.0615694
vn 0.3806473 0.9247197 -0.0010504
vn 0.3854785 0.9206604 0.0615694
vn 0.3693968 0.9277859 0.0525295
vn -0.4515751 -0.8878985 0.0878423
vn -0.4855956 -0.8694568 0.0907842
vn -0.6440058 -0.7572762 0.1085788
vn -0.4515751 -0.8878985 0.0878423
vn -0.6440058 -0.7572762 0.1085788
vn -0.6474757 -0.7551479 0.1026005
vn 0.3856869 0.9206790 -0.0599649
vn 0.4064678 0.9122819 -0.0502565
vn 0.4012110 0.9159377 0.0093733
vn 0.3856869 0.9206790 -0.0599649
vn 0.4012110 0.9159377 0.0093733
vn 0.3806473 0.9247197 -0.0010504
vn -0.6474757 -0.7551479 0.1026005
vn -0.6440058 -0.7572762 0.1085788
vn -0.7633549 -0.6391716 0.0935357
vn -0.6474757 -0.7551479 0.1026005
vn -0.7633549 -0.6391716 0.0935357
vn -0.7978041 -0.5970697 0.0837635
vn 0.4071763 0.9058775 -0.1165908
vn 0.4241690 0.8990089 -0.1089206
vn 0.4064678 0.9122819 -0.0502565
vn 0.4071763 0.9058775 -0.1165908
vn 0.4064678 0.9122819 -0.0502565
vn 0.3856869 0.9206790 -0.0599649
vn -0.7978041 -0.5970697 0.0837635
vn -0.7633549 -0.6391716 0.0935357
vn -0.8457526 -0.5311389 0.0509324
vn -0.7978041 -0.5970697 0.0837635
vn -0.8457526 -0.5311389 0.0509324
vn -0.8905136 -0.4532139 0.0397836
vn 0.4629955 0.8703246 -0.1678402
vn 0.4738520 0.8654579 -0.1626248
vn 0.4241690 0.8990089 -0.1089206
vn 0.4629955 0.8703246 -0.1678402
vn 0.4241690 0.8990089 -0.1089206
vn 0.4071763 0.9058775 -0.1165908
vn -0.8905136 -0.4532139 0.0397836
vn -0.8457526 -0.5311389 0.0509324
vn -0.9003563 -0.4351331 -0.0042190
vn -0.8905136 -0.4532139 0.0397836
vn -0.9003563 -0.4351331 -0.0042190
vn -0.9371232 -0.3487718 -0.0125869
vn 0.5617108 0.7995085 -0.2127608
vn 0.5655466 0.7974674 -0.2102445
vn 0.4738520 0.8654579 -0.1626248
vn 0.5617108 0.7995085 -0.2127608
vn 0.4738520 0.8654579 -0.1626248
vn 0.4629955 0.8703246 -0.1678402
vn -0.9371232 -0.3487718 -0.0125869
vn -0.9003563 -0.4351331 -0.0042190
vn -0.9397337 -0.3377099 -0.0534106
vn -0.9371232 -0.3487718 -0.0125869
vn -0.9397337 -0.3377099 -0.0534106
vn -0.9598635 -0.2746408 -0.0568717
vn 0.6989997 0.6711660 -0.2468514
vn 0.6961035 0.6737888 -0.2478881
vn 0.5655466 0.7974674 -0.2102445
vn 0.6989997 0.6711660 -0.2468514
vn 0.5655466 0.7974674 -0.2102445
vn 0.5617108 0.7995085 -0.2127608
vn -0.9598635 -0.2746408 -0.0568717
vn -0.9397337 -0.3377099 -0.0534106
vn -0.9721586 -0.2198867 -0.0809788
vn -0.9598635 -0.2746408 -0.0568717
vn -0.9721586 -0.2198867 -0.0809788
vn -0.9766101 -0.1997419 -0.0795982
vn 0.8463343 0.4662592 -0.2575279
vn 0.8392912 0.4753906 -0.2638069
vn 0.6961035 0.6737888 -0.2478881
vn 0.8463343 0.4662592 -0.2575279
vn 0.6961035 0.6737888 -0.2478881
vn 0.6989997 0.6711660 -0.2468514
vn -0.9766101 -0.1997419 -0.0795982
vn -0.9721586 -0.2198867 -0.0809788
vn -0.9944787 -0.0682046 -0.0797510
vn -0.9766101 -0.1997419 -0.0795982
vn -0.9944787 -0.0682046 -0.0797510
vn -0.9928218 -0.0939458 -0.0740200
vn 0.9510893 0.2056891 -0.2304804
vn 0.9451708 0.2178959 -0.2432562
vn 0.8392912 0.4753906 -0.2638069
vn 0.9510893 0.2056891 -0.2304804
vn 0.8392912 0.4753906 -0.2638069
vn 0.8463343 0.4662592 -0.2575279
vn -0.9928218 -0.0939458 -0.0740200
vn -0.9944787 -0.0682046 -0.0797510
vn -0.9981745 -0.0014345 -0.0603796
vn -0.9928218 -0.0939458 -0.0740200
vn -0.9981745 -0.0014345 -0.0603796
vn -0.9983319 -0.0269283 -0.0510717
vn 0.9827830 0.0351487 -0.1813897
vn 0.9792034 0.0408661 -0.1987225
vn 0.9451708 0.2178959 -0.2432562
vn 0.9827830 0.0351487 -0.1813897
vn 0.9451708 0.2178959 -0.2432562
vn 0.9510893 0.2056891 -0.2304804
vn -0.9983319 -0.0269283 -0.0510717
vn -0.9981745 -0.0014345 -0.0603796
vn -0.9985307 0.0000000 -0.0541898
vn -0.9983319 -0.0269283 -0.0510717
vn -0.9985307 0.0000000 -0.0541898
vn -0.9990499 0.0000000 -0.0435808
vn 0.9847862 0.0000000 -0.1737704
vn 0.9814970 0.0000000 -0.1914774
vn 0.9792034 0.0408661 -0.1987225
vn 0.9847862 0.0000000 -0.1737704
vn 0.9792034 0.0408661 -0.1987225
vn 0.9827830 0.0351487 -0.1813897
vn 0.0000000 -1.0000000 0.0000000
vn 0.0000000 -1.0000000 0.0000000
vn 0.0000000 -1.0000000 0.0000000
vn 0.0000000 -1.0000000 0.0000000
vn 0.0000000 -1.0000000 0.0000000
vn 0.0000000 -1.0000000 0.0000000
vn 0.0000000 -1.0000000 0.0000000
vn 0.0000000 -1.0000000 0.0000000
vn 0.0000000 -1.0000000 0.0000000
vn 0.0000000 -1.0000000 0.0000000
vn 0.0000000 -1.0000000 0.0000000
vn 0.0000000 -1.0000000 0.0000000
vn 0.9983864 0.0000000 0.0567850
vn 0.9980522 0.0000000 0.0623849
vn 0.9943253 0.0906724 0.0556399
vn 0.9983864 0.0000000 0.0567850
vn 0.9943253 0.0906724 0.0556399
vn 0.9970931 0.0589010 0.0483329
vn -0.9832172 0.0477730 0.1760727
vn -0.9798853 0.0545060 0.1919739
vn -0.9794214 0.0000000 0.2018258
vn -0.9832172 0.0477730 0.1760727
vn -0.9794214 0.0000000 0.2018258
vn -0.9825762 0.0000000 0.1858604
vn 0.9970931 0.0589010 0.0483329
vn 0.9943253 0.0906724 0.0556399
vn 0.9911814 0.1303388 0.0239000
vn 0.9970931 0.0589010 0.0483329
vn 0.9911814 0.1303388 0.0239000
vn 0.9980387 0.0616124 0.0110744
vn -0.9836085 0.1397866 0.1139038
vn -0.9786680 0.1579432 0.1313883
vn -0.9798853 0.0545060 0.1919739
vn -0.9836085 0.1397866 0.1139038
vn -0.9798853 0.0545060 0.1919739
vn -0.9832172 0.0477730 0.1760727
vn 0.9980387 0.0616124 0.0110744
vn 0.9911814 0.1303388 0.0239000
vn 0.9996287 0.0222298 -0.0157547
vn 0.9980387 0.0616124 0.0110744
vn 0.9996287 0.0222298 -0.0157547
vn 0.9983755 -0.0442267 -0.0359208
vn -0.9751650 0.2172718 0.0429678
vn -0.9689517 0.2396980 0.0606427
vn -0.9786680 0.1579432 0.1313883
vn -0.9751650 0.2172718 0.0429678
vn -0.9786680 0.1579432 0.1313883
vn -0.9836085 0.1397866 0.1139038
vn 0.9983755 -0.0442267 -0.0359208
vn 0.9996287 0.0222298 -0.0157547
vn 0.9820827 -0.1808066 -0.0531278
vn 0.9983755 -0.0442267 -0.0359208
vn 0.9820827 -0.1808066 -0.0531278
vn 0.9705866 -0.2279348 -0.0775075
vn -0.9510735 0.3085584 -0.0158413
vn -0.9450747 0.3268543 0.0000521
vn -0.9689517 0.2396980 0.0606427
vn -0.9510735 0.3085584 -0.0158413
vn -0.9689517 0.2396980 0.0606427
vn -0.9751650 0.2172718 0.0429678
vn 0.9705866 -0.2279348 -0.0775075
vn 0.9820827 -0.1808066 -0.0531278
vn 0.8885161 -0.4521269 -0.0782332
vn 0.9705866 -0.2279348 -0.0775075
vn 0.8885161 -0.4521269 -0.0782332
vn 0.8791904 -0.4657621 -0.1004486
vn -0.8961311 0.4401945 -0.0563730
vn -0.8917946 0.4503139 -0.0438143
vn -0.9450747 0.3268543 0.0000521
vn -0.8961311 0.4401945 -0.0563730
vn -0.9450747 0.3268543 0.0000521
vn -0.9510735 0.3085584 -0.0158413
vn 0.8791904 -0.4657621 -0.1004486
vn 0.8885161 -0.4521269 -0.0782332
vn 0.7071757 -0.7027238 -0.0779857
vn 0.8791904 -0.4657621 -0.1004486
vn 0.7071757 -0.7027238 -0.0779857
vn 0.7192673 -0.6884605 -0.0931488
vn -0.8005469 0.5944400 -0.0759330
vn -0.7997440 0.5965023 -0.0677823
vn -0.8917946 0.4503139 -0.0438143
vn -0.8005469 0.5944400 -0.0759330
vn -0.8917946 0.4503139 -0.0438143
vn -0.8961311 0.4401945 -0.0563730
vn 0.7192673 -0.6884605 -0.0931488
vn 0.7071757 -0.7027238 -0.0779857
vn 0.5009124 -0.8638385 -0.0535711
vn 0.7192673 -0.6884605 -0.0931488
vn 0.5009124 -0.8638385 -0.0535711
vn 0.5342306 -0.8431942 -0.0601772
vn -0.6696477 0.7388878 -0.0749451
vn -0.6733901 0.7358024 -0.0716979
vn -0.7997440 0.5965023 -0.0677823
vn -0.6696477 0.7388878 -0.0749451
vn -0.7997440 0.5965023 -0.0677823
vn -0.8005469 0.5944400 -0.0759330
vn 0.5342306 -0.8431942 -0.0601772
vn 0.5009124 -0.8638385 -0.0535711
vn 0.3399355 -0.9401857 -0.0222414
vn 0.5342306 -0.8431942 -0.0601772
vn 0.3399355 -0.9401857 -0.0222414
vn 0.3750652 -0.9267640 -0.0208466
vn -0.5206165 0.8519021 -0.0567560
vn -0.5284865 0.8469495 -0.0581251
vn -0.6733901 0.7358024 -0.0716979
vn -0.5206165 0.8519021 -0.0567560
vn -0.6733901 0.7358024 -0.0716979
vn -0.6696477 0.7388878 -0.0749451
vn 0.3750652 -0.9267640 -0.0208466
vn 0.3399355 -0.9401857 -0.0222414
vn 0.2567881 -0.9664664 -0.0016132
vn 0.3750652 -0.9267640 -0.0208466
vn 0.2567881 -0.9664664 -0.0016132
vn 0.2735798 -0.9618323 0.0057228
vn -0.3687295 0.9291648 -0.0262941
vn -0.3795001 0.9246626 -0.0312862
vn -0.5284865 0.8469495 -0.0581251
vn -0.3687295 0.9291648 -0.0262941
vn -0.5284865 0.8469495 -0.0581251
vn -0.5206165 0.8519021 -0.0567560
vn 0.2735798 -0.9618323 0.0057228
vn 0.2567881 -0.9664664 -0.0016132
vn 0.2528492 -0.9675057 0.0002599
vn 0.2735798 -0.9618323 0.0057228
vn 0.2528492 -0.9675057 0.0002599
vn 0.2417265 -0.9702867 0.0105806
vn -0.2214070 0.9751183 0.0110973
vn -0.2336046 0.9723236 0.0039540
vn -0.3795001 0.9246626 -0.0312862
vn -0.2214070 0.9751183 0.0110973
vn -0.3795001 0.9246626 -0.0312862
vn -0.3687295 0.9291648 -0.0262941
vn 0.2417265 -0.9702867 0.0105806
vn 0.2528492 -0.9675057 0.0002599
vn 0.2929327 -0.9560470 -0.0128295
vn 0.2417265 -0.9702867 0.0105806
vn 0.2929327 -0.9560470 -0.0128295
vn 0.2612626 -0.9652633 -0.0029411
vn -0.0810977 0.9954625 0.0497754
vn -0.0930993 0.9947611 0.0422244
vn -0.2336046 0.9723236 0.0039540
vn -0.0810977 0.9954625 0.0497754
vn -0.2336046 0.9723236 0.0039540
vn -0.2214070 0.9751183 0.0110973
vn 0.2612626 -0.9652633 -0.0029411
vn 0.2929327 -0.9560470 -0.0128295
vn 0.3076373 -0.9510519 -0.0293179
vn 0.2612626 -0.9652633 -0.0029411
vn 0.3076373 -0.9510519 -0.0293179
vn 0.2762706 -0.9608140 -0.0226054
vn 0.0504265 0.9952185 0.0836494
vn 0.0404588 0.9961716 0.0774933
vn -0.0930993 0.9947611 0.0422244
vn 0.0504265 0.9952185 0.0836494
vn -0.0930993 0.9947611 0.0422244
vn -0.0810977 0.9954625 0.0497754
vn 0.2762706 -0.9608140 -0.0226054
vn 0.3076373 -0.9510519 -0.0293179
vn 0.2376457 -0.9706175 -0.0377654
vn 0.2762706 -0.9608140 -0.0226054
vn 0.2376457 -0.9706175 -0.0377654
vn 0.2281600 -0.9730124 -0.0344944
vn 0.1694366 0.9797791 0.1064153
vn 0.1635317 0.9811196 0.1032556
vn 0.0404588 0.9961716 0.0774933
vn 0.1694366 0.9797791 0.1064153
vn 0.0404588 0.9961716 0.0774933
vn 0.0504265 0.9952185 0.0836494
vn 0.2281600 -0.9730124 -0.0344944
vn 0.2376457 -0.9706175 -0.0377654
vn 0.0740816 -0.9968359 -0.0288107
vn 0.2281600 -0.9730124 -0.0344944
vn 0.0740816 -0.9968359 -0.0288107
vn 0.0986755 -0.9947364 -0.0276170
vn 0.2695104 0.9564246 0.1123215
vn 0.2696515 0.9562739 0.1132622
vn 0.1635317 0.9811196 0.1032556
vn 0.2695104 0.9564246 0.1123215
vn 0.1635317 0.9811196 0.1032556
vn 0.1694366 0.9797791 0.1064153
vn 0.0986755 -0.9947364 -0.0276170
vn 0.0740816 -0.9968359 -0.0288107
vn -0.1416574 -0.9899124 0.0025716
vn 0.0986755 -0.9947364 -0.0276170
vn -0.1416574 -0.9899124 0.0025716
vn -0.0885634 -0.9960666 0.0027957
vn 0.3430396 0.9342500 0.0974718
vn 0.3506360 0.9308495 0.1028282
vn 0.2696515 0.9562739 0.1132622
vn 0.3430396 0.9342500 0.0974718
vn 0.2696515 0.9562739 0.1132622
vn 0.2695104 0.9564246 0.1123215
vn -0.0885634 -0.9960666 0.0027957
vn -0.1416574 -0.9899124 0.0025716
vn -0.3524508 -0.9345623 0.0487008
vn -0.0885634 -0.9960666 0.0027957
vn -0.3524508 -0.9345623 0.0487008
vn -0.2943040 -0.9544620 0.0488621
vn 0.3854785 0.9206604 0.0615694
vn 0.4005398 0.9135538 0.0706212
vn 0.3506360 0.9308495 0.1028282
vn 0.3854785 0.9206604 0.0615694
vn 0.3506360 0.9308495 0.1028282
vn 0.3430396 0.9342500 0.0974718
vn -0.2943040 -0.9544620 0.0488621
vn -0.3524508 -0.9345623 0.0487008
vn -0.5223339 -0.8479258 0.0904938
vn -0.2943040 -0.9544620 0.0488621
vn -0.5223339 -0.8479258 0.0904938
vn -0.4855956 -0.8694568 0.0907842
vn 0.4012110 0.9159377 0.0093733
vn 0.4215588 0.9065728 0.0203456
vn 0.4005398 0.9135538 0.0706212
vn 0.4012110 0.9159377 0.0093733
vn 0.4005398 0.9135538 0.0706212
vn 0.3854785 0.9206604 0.0615694
vn -0.4855956 -0.8694568 0.0907842
vn -0.5223339 -0.8479258 0.0904938
vn -0.6445370 -0.7566512 0.1097775
vn -0.4855956 -0.8694568 0.0907842
vn -0.6445370 -0.7566512 0.1097775
vn -0.6440058 -0.7572762 0.1085788
vn 0.4064678 0.9122819 -0.0502565
vn 0.4279749 0.9029243 -0.0395632
vn 0.4215588 0.9065728 0.0203456
vn 0.4064678 0.9122819 -0.0502565
vn 0.4215588 0.9065728 0.0203456
vn 0.4012110 0.9159377 0.0093733
vn -0.6440058 -0.7572762 0.1085788
vn -0.6445370 -0.7566512 0.1097775
vn -0.7295054 -0.6768620 0.0983851
vn -0.6440058 -0.7572762 0.1085788
vn -0.7295054 -0.6768620 0.0983851
vn -0.7633549 -0.6391716 0.0935357
vn 0.4241690 0.8990089 -0.1089206
vn 0.4425447 0.8911479 -0.1000479
vn 0.4279749 0.9029243 -0.0395632
vn 0.4241690 0.8990089 -0.1089206
vn 0.4279749 0.9029243 -0.0395632
vn 0.4064678 0.9122819 -0.0502565
vn -0.7633549 -0.6391716 0.0935357
vn -0.7295054 -0.6768620 0.0983851
vn -0.7938846 -0.6051502 0.0595014
vn -0.7633549 -0.6391716 0.0935357
vn -0.7938846 -0.6051502 0.0595014
vn -0.8457526 -0.5311389 0.0509324
vn 0.4738520 0.8654579 -0.1626248
vn 0.4863562 0.8597050 -0.1560926
vn 0.4425447 0.8911479 -0.1000479
vn 0.4738520 0.8654579 -0.1626248
vn 0.4425447 0.8911479 -0.1000479
vn 0.4241690 0.8990089 -0.1089206
vn -0.8457526 -0.5311389 0.0509324
vn -0.7938846 -0.6051502 0.0595014
vn -0.8531929 -0.5215663 0.0055186
vn -0.8457526 -0.5311389 0.0509324
vn -0.8531929 -0.5215663 0.0055186
vn -0.9003563 -0.4351331 -0.0042190
vn 0.5655466 0.7974674 -0.2102445
vn 0.5710885 0.7945652 -0.2062135
vn 0.4863562 0.8597050 -0.1560926
vn 0.5655466 0.7974674 -0.2102445
vn 0.4863562 0.8597050 -0.1560926
vn 0.4738520 0.8654579 -0.1626248
vn -0.9003563 -0.4351331 -0.0042190
vn -0.8531929 -0.5215663 0.0055186
vn -0.9132556 -0.4048093 -0.0457569
vn -0.9003563 -0.4351331 -0.0042190
vn -0.9132556 -0.4048093 -0.0457569
vn -0.9397337 -0.3377099 -0.0534106
vn 0.6961035 0.6737888 -0.2478881
vn 0.6948671 0.6753801 -0.2470250
vn 0.5710885 0.7945652 -0.2062135
vn 0.6961035 0.6737888 -0.2478881
vn 0.5710885 0.7945652 -0.2062135
vn 0.5655466 0.7974674 -0.2102445
vn -0.9397337 -0.3377099 -0.0534106
vn -0.9132556 -0.4048093 -0.0457569
vn -0.9661246 -0.2461930 -0.0774097
vn -0.9397337 -0.3377099 -0.0534106
vn -0.9661246 -0.2461930 -0.0774097
vn -0.9721586 -0.2198867 -0.0809788
vn 0.8392912 0.4753906 -0.2638069
vn 0.8335706 0.4832331 -0.2676672
vn 0.6948671 0.6753801 -0.2470250
vn 0.8392912 0.4753906 -0.2638069
vn 0.6948671 0.6753801 -0.2470250
vn 0.6961035 0.6737888 -0.2478881
vn -0.9721586 -0.2198867 -0.0809788
vn -0.9661246 -0.2461930 -0.0774097
vn -0.9954302 -0.0508068 -0.0808542
vn -0.9721586 -0.2198867 -0.0809788
vn -0.9954302 -0.0508068 -0.0808542
vn -0.9944787 -0.0682046 -0.0797510
vn 0.9451708 0.2178959 -0.2432562
vn 0.9398890 0.2290184 -0.2532966
vn 0.8335706 0.4832331 -0.2676672
vn 0.9451708 0.2178959 -0.2432562
vn 0.8335706 0.4832331 -0.2676672
vn 0.8392912 0.4753906 -0.2638069
vn -0.9944787 -0.0682046 -0.0797510
vn -0.9954302 -0.0508068 -0.0808542
vn -0.9976503 0.0192742 -0.0657450
vn -0.9944787 -0.0682046 -0.0797510
vn -0.9976503 0.0192742 -0.0657450
vn -0.9981745 -0.0014345 -0.0603796
vn 0.9792034 0.0408661 -0.1987225
vn 0.9758700 0.0462022 -0.2134085
vn 0.9398890 0.2290184 -0.2532966
vn 0.9792034 0.0408661 -0.1987225
vn 0.9398890 0.2290184 -0.2532966
vn 0.9451708 0.2178959 -0.2432562
vn -0.9981745 -0.0014345 -0.0603796
vn -0.9976503 0.0192742 -0.0657450
vn -0.9981311 0.0000000 -0.0611097
vn -0.9981745 -0.0014345 -0.0603796
vn -0.9981311 0.0000000 -0.0611097
vn -0.9985307 0.0000000 -0.0541898
vn 0.9814970 0.0000000 -0.1914774
vn 0.9784341 0.0000000 -0.2065590
vn 0.9758700 0.0462022 -0.2134085
vn 0.9814970 0.0000000 -0.1914774
vn 0.9758700 0.0462022 -0.2134085
vn 0.9792034 0.0408661 -0.1987225
vn 0.0000000 -1.0000000 0.0000000
vn 0.0000000 -1.0000000 0.0000000
vn 0.0000000 -1.0000000 0.0000000
vn 0.0000000 -1.0000000 0.0000000
vn 0.0000000 -1.0000000 0.0000000
vn 0.0000000 -1.0000000 0.0000000
vn 0.0000000 -1.0000000 0.0000000
vn 0.0000000 -1.0000000 0.0000000
vn 0.0000000 -1.0000000 0.0000000
vn 0.0000000 -1.0000000 0.0000000
vn 0.0000000 -1.0000000 0.0000000
vn 0.0000000 -1.0000000 0.0000000
vn 0.9980522 0.0000000 0.0623849
vn 0.9979611 0.0000000 0.0638245
vn 0.9914935 0.1160213 0.0589882
vn 0.9980522 0.0000000 0.0623849
vn 0.9914935 0.1160213 0.0589882
vn 0.9943253 0.0906724 0.0556399
vn -0.9798853 0.0545060 0.1919739
vn -0.9768077 0.0609637 0.2052560
vn -0.9765859 0.0000000 0.2151277
vn -0.9798853 0.0545060 0.1919739
vn -0.9765859 0.0000000 0.2151277
vn -0.9794214 0.0000000 0.2018258
vn 0.9943253 0.0906724 0.0556399
vn 0.9914935 0.1160213 0.0589882
vn 0.9821767 0.1849206 0.0336648
vn 0.9943253 0.0906724 0.0556399
vn 0.9821767 0.1849206 0.0336648
vn 0.9911814 0.1303388 0.0239000
vn -0.9786680 0.1579432 0.1313883
vn -0.9734933 0.1756255 0.1465145
vn -0.9768077 0.0609637 0.2052560
vn -0.9786680 0.1579432 0.1313883
vn -0.9768077 0.0609637 0.2052560
vn -0.9798853 0.0545060 0.1919739
vn 0.9911814 0.1303388 0.0239000
vn 0.9821767 0.1849206 0.0336648
vn 0.9971874 0.0748817 0.0031713
vn 0.9911814 0.1303388 0.0239000
vn 0.9971874 0.0748817 0.0031713
vn 0.9996287 0.0222298 -0.0157547
vn -0.9689517 0.2396980 0.0606427
vn -0.9620052 0.2621209 0.0764108
vn -0.9734933 0.1756255 0.1465145
vn -0.9689517 0.2396980 0.0606427
vn -0.9734933 0.1756255 0.1465145
vn -0.9786680 0.1579432 0.1313883
vn 0.9996287 0.0222298 -0.0157547
vn 0.9971874 0.0748817 0.0031713
vn 0.9897510 -0.1402025 -0.0271343
vn 0.9996287 0.0222298 -0.0157547
vn 0.9897510 -0.1402025 -0.0271343
vn 0.9820827 -0.1808066 -0.0531278
vn -0.9450747 0.3268543 0.0000521
vn -0.9381701 0.3458683 0.0145627
vn -0.9620052 0.2621209 0.0764108
vn -0.9450747 0.3268543 0.0000521
vn -0.9620052 0.2621209 0.0764108
vn -0.9689517 0.2396980 0.0606427
vn 0.9820827 -0.1808066 -0.0531278
vn 0.9897510 -0.1402025 -0.0271343
vn 0.8985570 -0.4357545 -0.0520909
vn 0.9820827 -0.1808066 -0.0531278
vn 0.8985570 -0.4357545 -0.0520909
vn 0.8885161 -0.4521269 -0.0782332
vn -0.8917946 0.4503139 -0.0438143
vn -0.8865175 0.4615773 -0.0321421
vn -0.9381701 0.3458683 0.0145627
vn -0.8917946 0.4503139 -0.0438143
vn -0.9381701 0.3458683 0.0145627
vn -0.9450747 0.3268543 0.0000521
vn 0.8885161 -0.4521269 -0.0782332
vn 0.8985570 -0.4357545 -0.0520909
vn 0.7016340 -0.7100605 -0.0593618
vn 0.8885161 -0.4521269 -0.0782332
vn 0.7016340 -0.7100605 -0.0593618
vn 0.7071757 -0.7027238 -0.0779857
vn -0.7997440 0.5965023 -0.0677823
vn -0.7979583 0.5997140 -0.0600469
vn -0.8865175 0.4615773 -0.0321421
vn -0.7997440 0.5965023 -0.0677823
vn -0.8865175 0.4615773 -0.0321421
vn -0.8917946 0.4503139 -0.0438143
vn 0.7071757 -0.7027238 -0.0779857
vn 0.7016340 -0.7100605 -0.0593618
vn 0.4768221 -0.8778122 -0.0456774
vn 0.7071757 -0.7027238 -0.0779857
vn 0.4768221 -0.8778122 -0.0456774
vn 0.5009124 -0.8638385 -0.0535711
vn -0.6733901 0.7358024 -0.0716979
vn -0.6761535 0.7335718 -0.0684760
vn -0.7979583 0.5997140 -0.0600469
vn -0.6733901 0.7358024 -0.0716979
vn -0.7979583 0.5997140 -0.0600469
vn -0.7997440 0.5965023 -0.0677823
vn 0.5009124 -0.8638385 -0.0535711
vn 0.4768221 -0.8778122 -0.0456774
vn 0.3135726 -0.9492558 -0.0242018
vn 0.5009124 -0.8638385 -0.0535711
vn 0.3135726 -0.9492558 -0.0242018
vn 0.3399355 -0.9401857 -0.0222414
vn -0.5284865 0.8469495 -0.0581251
vn -0.5354998 0.8424509 -0.0592995
vn -0.6761535 0.7335718 -0.0684760
vn -0.5284865 0.8469495 -0.0581251
vn -0.6761535 0.7335718 -0.0684760
vn -0.6733901 0.7358024 -0.0716979
vn 0.3399355 -0.9401857 -0.0222414
vn 0.3135726 -0.9492558 -0.0242018
vn 0.2453817 -0.9693700 -0.0104677
vn 0.3399355 -0.9401857 -0.0222414
vn 0.2453817 -0.9693700 -0.0104677
vn 0.2567881 -0.9664664 -0.0016132
vn -0.3795001 0.9246626 -0.0312862
vn -0.3896607 0.9202520 -0.0360676
vn -0.5354998 0.8424509 -0.0592995
vn -0.3795001 0.9246626 -0.0312862
vn -0.5354998 0.8424509 -0.0592995
vn -0.5284865 0.8469495 -0.0581251
vn 0.2567881 -0.9664664 -0.0016132
vn 0.2453817 -0.9693700 -0.0104677
vn 0.2634167 -0.9646129 -0.0115618
vn 0.2567881 -0.9664664 -0.0016132
vn 0.2634167 -0.9646129 -0.0115618
vn 0.2528492 -0.9675057 0.0002599
vn -0.2336046 0.9723236 0.0039540
vn -0.2455450 0.9693801 -0.0031368
vn -0.3896607 0.9202520 -0.0360676
vn -0.2336046 0.9723236 0.0039540
vn -0.3896607 0.9202520 -0.0360676
vn -0.3795001 0.9246626 -0.0312862
vn 0.2528492 -0.9675057 0.0002599
vn 0.2634167 -0.9646129 -0.0115618
vn 0.3177714 -0.9478831 -0.0232159
vn 0.2528492 -0.9675057 0.0002599
vn 0.3177714 -0.9478831 -0.0232159
vn 0.2929327 -0.9560470 -0.0128295
vn -0.0930993 0.9947611 0.0422244
vn -0.1052774 0.9938455 0.0344635
vn -0.2455450 0.9693801 -0.0031368
vn -0.0930993 0.9947611 0.0422244
vn -0.2455450 0.9693801 -0.0031368
vn -0.2336046 0.9723236 0.0039540
vn 0.2929327 -0.9560470 -0.0128295
vn 0.3177714 -0.9478831 -0.0232159
vn 0.3299119 -0.9433584 -0.0351156
vn 0.2929327 -0.9560470 -0.0128295
vn 0.3299119 -0.9433584 -0.0351156
vn 0.3076373 -0.9510519 -0.0293179
vn 0.0404588 0.9961716 0.0774933
vn 0.0298452 0.9970399 0.0708570
vn -0.1052774 0.9938455 0.0344635
vn 0.0404588 0.9961716 0.0774933
vn -0.1052774 0.9938455 0.0344635
vn -0.0930993 0.9947611 0.0422244
vn 0.3076373 -0.9510519 -0.0293179
vn 0.3299119 -0.9433584 -0.0351156
vn 0.2406405 -0.9698287 -0.0390437
vn 0.3076373 -0.9510519 -0.0293179
vn 0.2406405 -0.9698287 -0.0390437
vn 0.2376457 -0.9706175 -0.0377654
vn 0.1635317 0.9811196 0.1032556
vn 0.1565459 0.9826524 0.0994362
vn 0.0298452 0.9970399 0.0708570
vn 0.1635317 0.9811196 0.1032556
vn 0.0298452 0.9970399 0.0708570
vn 0.0404588 0.9961716 0.0774933
vn 0.2376457 -0.9706175 -0.0377654
vn 0.2406405 -0.9698287 -0.0390437
vn 0.0464151 -0.9985336 -0.0278635
vn 0.2376457 -0.9706175 -0.0377654
vn 0.0464151 -0.9985336 -0.0278635
vn 0.0740816 -0.9968359 -0.0288107
vn 0.2696515 0.9562739 0.1132622
vn 0.2683990 0.9565942 0.1135316
vn 0.1565459 0.9826524 0.0994362
vn 0.2696515 0.9562739 0.1132622
vn 0.1565459 0.9826524 0.0994362
vn 0.1635317 0.9811196 0.1032556
vn 0.0740816 -0.9968359 -0.0288107
vn 0.0464151 -0.9985336 -0.0278635
vn -0.1954042 -0.9807171 0.0033330
vn 0.0740816 -0.9968359 -0.0288107
vn -0.1954042 -0.9807171 0.0033330
vn -0.1416574 -0.9899124 0.0025716
vn 0.3506360 0.9308495 0.1028282
vn 0.3567572 0.9279670 0.1077109
vn 0.2683990 0.9565942 0.1135316
vn 0.3506360 0.9308495 0.1028282
vn 0.2683990 0.9565942 0.1135316
vn 0.2696515 0.9562739 0.1132622
vn -0.1416574 -0.9899124 0.0025716
vn -0.1954042 -0.9807171 0.0033330
vn -0.4097116 -0.9109776 0.0474995
vn -0.1416574 -0.9899124 0.0025716
vn -0.4097116 -0.9109776 0.0474995
vn -0.3524508 -0.9345623 0.0487008
vn 0.4005398 0.9135538 0.0706212
vn 0.4144145 0.9065994 0.0796121
vn 0.3567572 0.9279670 0.1077109
vn 0.4005398 0.9135538 0.0706212
vn 0.3567572 0.9279670 0.1077109
vn 0.3506360 0.9308495 0.1028282
vn -0.3524508 -0.9345623 0.0487008
vn -0.4097116 -0.9109776 0.0474995
vn -0.5593954 -0.8243016 0.0871987
vn -0.3524508 -0.9345623 0.0487008
vn -0.5593954 -0.8243016 0.0871987
vn -0.5223339 -0.8479258 0.0904938
vn 0.4215588 0.9065728 0.0203456
vn 0.4414567 0.8967184 0.0318131
vn 0.4144145 0.9065994 0.0796121
vn 0.4215588 0.9065728 0.0203456
vn 0.4144145 0.9065994 0.0796121
vn 0.4005398 0.9135538 0.0706212
vn -0.5223339 -0.8479258 0.0904938
vn -0.5593954 -0.8243016 0.0871987
vn -0.6483361 -0.7538724 0.1064736
vn -0.5223339 -0.8479258 0.0904938
vn -0.6483361 -0.7538724 0.1064736
vn -0.6445370 -0.7566512 0.1097775
vn 0.4279749 0.9029243 -0.0395632
vn 0.4500011 0.8925927 -0.0278790
vn 0.4414567 0.8967184 0.0318131
vn 0.4279749 0.9029243 -0.0395632
vn 0.4414567 0.8967184 0.0318131
vn 0.4215588 0.9065728 0.0203456
vn -0.6445370 -0.7566512 0.1097775
vn -0.6483361 -0.7538724 0.1064736
vn -0.6986901 -0.7086760 0.0980332
vn -0.6445370 -0.7566512 0.1097775
vn -0.6986901 -0.7086760 0.0980332
vn -0.7295054 -0.6768620 0.0983851
vn 0.4425447 0.8911479 -0.1000479
vn 0.4621953 0.8822076 -0.0899175
vn 0.4500011 0.8925927 -0.0278790
vn 0.4425447 0.8911479 -0.1000479
vn 0.4500011 0.8925927 -0.0278790
vn 0.4279749 0.9029243 -0.0395632
vn -0.7295054 -0.6768620 0.0983851
vn -0.6986901 -0.7086760 0.0980332
vn -0.7400090 -0.6695262 0.0641978
vn -0.7295054 -0.6768620 0.0983851
vn -0.7400090 -0.6695262 0.0641978
vn -0.7938846 -0.6051502 0.0595014
vn 0.4863562 0.8597050 -0.1560926
vn 0.5004777 0.8529726 -0.1481883
vn 0.4621953 0.8822076 -0.0899175
vn 0.4863562 0.8597050 -0.1560926
vn 0.4621953 0.8822076 -0.0899175
vn 0.4425447 0.8911479 -0.1000479
vn -0.7938846 -0.6051502 0.0595014
vn -0.7400090 -0.6695262 0.0641978
vn -0.7996686 -0.6002549 0.0149724
vn -0.7938846 -0.6051502 0.0595014
vn -0.7996686 -0.6002549 0.0149724
vn -0.8531929 -0.5215663 0.0055186
vn 0.5710885 0.7945652 -0.2062135
vn 0.5783303 0.7907424 -0.2006505
vn 0.5004777 0.8529726 -0.1481883
vn 0.5710885 0.7945652 -0.2062135
vn 0.5004777 0.8529726 -0.1481883
vn 0.4863562 0.8597050 -0.1560926
vn -0.8531929 -0.5215663 0.0055186
vn -0.7996686 -0.6002549 0.0149724
vn -0.8815820 -0.4707375 -0.0349191
vn -0.8531929 -0.5215663 0.0055186
vn -0.8815820 -0.4707375 -0.0349191
vn -0.9132556 -0.4048093 -0.0457569
vn 0.6948671 0.6753801 -0.2470250
vn 0.6952931 0.6759341 -0.2442961
vn 0.5783303 0.7907424 -0.2006505
vn 0.6948671 0.6753801 -0.2470250
vn 0.5783303 0.7907424 -0.2006505
vn 0.5710885 0.7945652 -0.2062135
vn -0.9132556 -0.4048093 -0.0457569
vn -0.8815820 -0.4707375 -0.0349191
vn -0.9584205 -0.2768477 -0.0691772
vn -0.9132556 -0.4048093 -0.0457569
vn -0.9584205 -0.2768477 -0.0691772
vn -0.9661246 -0.2461930 -0.0774097
vn 0.8335706 0.4832331 -0.2676672
vn 0.8292289 0.4898210 -0.2691743
vn 0.6952931 0.6759341 -0.2442961
vn 0.8335706 0.4832331 -0.2676672
vn 0.6952931 0.6759341 -0.2442961
vn 0.6948671 0.6753801 -0.2470250
vn -0.9661246 -0.2461930 -0.0774097
vn -0.9584205 -0.2768477 -0.0691772
vn -0.9961434 -0.0415341 -0.0772870
vn -0.9661246 -0.2461930 -0.0774097
vn -0.9961434 -0.0415341 -0.0772870
vn -0.9954302 -0.0508068 -0.0808542
vn 0.9398890 0.2290184 -0.2532966
vn 0.9353727 0.2390651 -0.2606256
vn 0.8292289 0.4898210 -0.2691743
vn 0.9398890 0.2290184 -0.2532966
vn 0.8292289 0.4898210 -0.2691743
vn 0.8335706 0.4832331 -0.2676672
vn -0.9954302 -0.0508068 -0.0808542
vn -0.9961434 -0.0415341 -0.0772870
vn -0.9971481 0.0349648 -0.0668815
vn -0.9954302 -0.0508068 -0.0808542
vn -0.9971481 0.0349648 -0.0668815
vn -0.9976503 0.0192742 -0.0657450
vn 0.9758700 0.0462022 -0.2134085
vn 0.9729223 0.0511463 -0.2254024
vn 0.9353727 0.2390651 -0.2606256
vn 0.9758700 0.0462022 -0.2134085
vn 0.9353727 0.2390651 -0.2606256
vn 0.9398890 0.2290184 -0.2532966
vn -0.9976503 0.0192742 -0.0657450
vn -0.9971481 0.0349648 -0.0668815
vn -0.9979535 0.0000000 -0.0639432
vn -0.9976503 0.0192742 -0.0657450
vn -0.9979535 0.0000000 -0.0639432
vn -0.9981311 0.0000000 -0.0611097
vn 0.9784341 0.0000000 -0.2065590
vn 0.9757328 0.0000000 -0.2189647
vn 0.9729223 0.0511463 -0.2254024
vn 0.9784341 0.0000000 -0.2065590
vn 0.9729223 0.0511463 -0.2254024
vn 0.9758700 0.0462022 -0.2134085
vn 0.0000000 -1.0000000 0.0000000
vn 0.0000000 -1.0000000 0.0000000
vn 0.0000000 -1.0000000 0.0000000
vn 0.0000000 -1.0000000 0.0000000
vn 0.0000000 -1.0000000 0.0000000
vn 0.0000000 -1.0000000 0.0000000
vn 0.0000000 -1.0000000 0.0000000
vn 0.0000000 -1.0000000 0.0000000
vn 0.0000000 -1.0000000 0.0000000
vn 0.0000000 -1.0000000 0.0000000
vn 0.0000000 -1.0000000 0.0000000
vn 0.0000000 -1.0000000 0.0000000
vn 0.9979611 0.0000000 0.0638245
vn 0.9981368 0.0000000 0.0610152
vn 0.9891998 0.1345009 0.0582511
vn 0.9979611 0.0000000 0.0638245
vn 0.9891998 0.1345009 0.0582511
vn 0.9914935 0.1160213 0.0589882
vn -0.9768077 0.0609637 0.2052560
vn -0.9741083 0.0671189 0.2158890
vn -0.9741877 0.0000000 0.2257396
vn -0.9768077 0.0609637 0.2052560
vn -0.9741877 0.0000000 0.2257396
vn -0.9765859 0.0000000 0.2151277
vn 0.9914935 0.1160213 0.0589882
vn 0.9891998 0.1345009 0.0582511
vn 0.9736140 0.2246603 0.0400454
vn 0.9914935 0.1160213 0.0589882
vn 0.9736140 0.2246603 0.0400454
vn 0.9821767 0.1849206 0.0336648
vn -0.9734933 0.1756255 0.1465145
vn -0.9682517 0.1927209 0.1592081
vn -0.9741083 0.0671189 0.2158890
vn -0.9734933 0.1756255 0.1465145
vn -0.9741083 0.0671189 0.2158890
vn -0.9768077 0.0609637 0.2052560
vn 0.9821767 0.1849206 0.0336648
vn 0.9736140 0.2246603 0.0400454
vn 0.9934572 0.1124684 0.0198414
vn 0.9821767 0.1849206 0.0336648
vn 0.9934572 0.1124684 0.0198414
vn 0.9971874 0.0748817 0.0031713
vn -0.9620052 0.2621209 0.0764108
vn -0.9544749 0.2843432 0.0901473
vn -0.9682517 0.1927209 0.1592081
vn -0.9620052 0.2621209 0.0764108
vn -0.9682517 0.1927209 0.1592081
vn -0.9734933 0.1756255 0.1465145
vn 0.9971874 0.0748817 0.0031713
vn 0.9934572 0.1124684 0.0198414
vn 0.9940908 -0.1085459 -0.0011353
vn 0.9971874 0.0748817 0.0031713
vn 0.9940908 -0.1085459 -0.0011353
vn 0.9897510 -0.1402025 -0.0271343
vn -0.9381701 0.3458683 0.0145627
vn -0.9304423 0.3654018 0.0275441
vn -0.9544749 0.2843432 0.0901473
vn -0.9381701 0.3458683 0.0145627
vn -0.9544749 0.2843432 0.0901473
vn -0.9620052 0.2621209 0.0764108
vn 0.9897510 -0.1402025 -0.0271343
vn 0.9940908 -0.1085459 -0.0011353
vn 0.9081700 -0.4179587 -0.0231887
vn 0.9897510 -0.1402025 -0.0271343
vn 0.9081700 -0.4179587 -0.0231887
vn 0.8985570 -0.4357545 -0.0520909
vn -0.8865175 0.4615773 -0.0321421
vn -0.8803445 0.4738472 -0.0215042
vn -0.9304423 0.3654018 0.0275441
vn -0.8865175 0.4615773 -0.0321421
vn -0.9304423 0.3654018 0.0275441
vn -0.9381701 0.3458683 0.0145627
vn 0.8985570 -0.4357545 -0.0520909
vn 0.9081700 -0.4179587 -0.0231887
vn 0.7030770 -0.7101303 -0.0373858
vn 0.8985570 -0.4357545 -0.0520909
vn 0.7030770 -0.7101303 -0.0373858
vn 0.7016340 -0.7100605 -0.0593618
vn -0.7979583 0.5997140 -0.0600469
vn -0.7952220 0.6040088 -0.0528700
vn -0.8803445 0.4738472 -0.0215042
vn -0.7979583 0.5997140 -0.0600469
vn -0.8803445 0.4738472 -0.0215042
vn -0.8865175 0.4615773 -0.0321421
vn 0.7016340 -0.7100605 -0.0593618
vn 0.7030770 -0.7101303 -0.0373858
vn 0.4641066 -0.8850466 -0.0360224
vn 0.7016340 -0.7100605 -0.0593618
vn 0.4641066 -0.8850466 -0.0360224
vn 0.4768221 -0.8778122 -0.0456774
vn -0.6761535 0.7335718 -0.0684760
vn -0.6779558 0.7321875 -0.0654015
vn -0.7952220 0.6040088 -0.0528700
vn -0.6761535 0.7335718 -0.0684760
vn -0.7952220 0.6040088 -0.0528700
vn -0.7979583 0.5997140 -0.0600469
vn 0.4768221 -0.8778122 -0.0456774
vn 0.4641066 -0.8850466 -0.0360224
vn 0.2981176 -0.9541725 -0.0260909
vn 0.4768221 -0.8778122 -0.0456774
vn 0.2981176 -0.9541725 -0.0260909
vn 0.3135726 -0.9492558 -0.0242018
vn -0.5354998 0.8424509 -0.0592995
vn -0.5416489 0.8384349 -0.0603598
vn -0.6779558 0.7321875 -0.0654015
vn -0.5354998 0.8424509 -0.0592995
vn -0.6779558 0.7321875 -0.0654015
vn -0.6761535 0.7335718 -0.0684760
vn 0.3135726 -0.9492558 -0.0242018
vn 0.2981176 -0.9541725 -0.0260909
vn 0.2406837 -0.9703927 -0.0202305
vn 0.3135726 -0.9492558 -0.0242018
vn 0.2406837 -0.9703927 -0.0202305
vn 0.2453817 -0.9693700 -0.0104677
vn -0.3896607 0.9202520 -0.0360676
vn -0.3991710 0.9159742 -0.0406665
vn -0.5416489 0.8384349 -0.0603598
vn -0.3896607 0.9202520 -0.0360676
vn -0.5416489 0.8384349 -0.0603598
vn -0.5354998 0.8424509 -0.0592995
vn 0.2453817 -0.9693700 -0.0104677
vn 0.2406837 -0.9703927 -0.0202305
vn 0.2735366 -0.9615520 -0.0244012
vn 0.2453817 -0.9693700 -0.0104677
vn 0.2735366 -0.9615520 -0.0244012
vn 0.2634167 -0.9646129 -0.0115618
vn -0.2455450 0.9693801 -0.0031368
vn -0.2571563 0.9663165 -0.0101570
vn -0.3991710 0.9159742 -0.0406665
vn -0.2455450 0.9693801 -0.0031368
vn -0.3991710 0.9159742 -0.0406665
vn -0.3896607 0.9202520 -0.0360676
vn 0.2634167 -0.9646129 -0.0115618
vn 0.2735366 -0.9615520 -0.0244012
vn 0.3347966 -0.9416783 -0.0339584
vn 0.2634167 -0.9646129 -0.0115618
vn 0.3347966 -0.9416783 -0.0339584
vn 0.3177714 -0.9478831 -0.0232159
vn -0.1052774 0.9938455 0.0344635
vn -0.1175408 0.9927134 0.0265375
vn -0.2571563 0.9663165 -0.0101570
vn -0.1052774 0.9938455 0.0344635
vn -0.2571563 0.9663165 -0.0101570
vn -0.2455450 0.9693801 -0.0031368
vn 0.3177714 -0.9478831 -0.0232159
vn 0.3347966 -0.9416783 -0.0339584
vn 0.3413348 -0.9390751 -0.0403539
vn 0.3177714 -0.9478831 -0.0232159
vn 0.3413348 -0.9390751 -0.0403539
vn 0.3299119 -0.9433584 -0.0351156
vn 0.0298452 0.9970399 0.0708570
vn 0.0186746 0.9977890 0.0637833
vn -0.1175408 0.9927134 0.0265375
vn 0.0298452 0.9970399 0.0708570
vn -0.1175408 0.9927134 0.0265375
vn -0.1052774 0.9938455 0.0344635
vn 0.3299119 -0.9433584 -0.0351156
vn 0.3413348 -0.9390751 -0.0403539
vn 0.2352756 -0.9711491 -0.0389195
vn 0.3299119 -0.9433584 -0.0351156
vn 0.2352756 -0.9711491 -0.0389195
vn 0.2406405 -0.9698287 -0.0390437
vn 0.1565459 0.9826524 0.0994362
vn 0.1485416 0.9843350 0.0949738
vn 0.0186746 0.9977890 0.0637833
vn 0.1565459 0.9826524 0.0994362
vn 0.0186746 0.9977890 0.0637833
vn 0.0298452 0.9970399 0.0708570
vn 0.2406405 -0.9698287 -0.0390437
vn 0.2352756 -0.9711491 -0.0389195
vn 0.0153325 -0.9995629 -0.0252755
vn 0.2406405 -0.9698287 -0.0390437
vn 0.0153325 -0.9995629 -0.0252755
vn 0.0464151 -0.9985336 -0.0278635
vn 0.2683990 0.9565942 0.1135316
vn 0.2657681 0.9573786 0.1131083
vn 0.1485416 0.9843350 0.0949738
vn 0.2683990 0.9565942 0.1135316
vn 0.1485416 0.9843350 0.0949738
vn 0.1565459 0.9826524 0.0994362
vn 0.0464151 -0.9985336 -0.0278635
vn 0.0153325 -0.9995629 -0.0252755
vn -0.2480624 -0.9687325 0.0047333
vn 0.0464151 -0.9985336 -0.0278635
vn -0.2480624 -0.9687325 0.0047333
vn -0.1954042 -0.9807171 0.0033330
vn 0.3567572 0.9279670 0.1077109
vn 0.3613490 0.9256724 0.1120606
vn 0.2657681 0.9573786 0.1131083
vn 0.3567572 0.9279670 0.1077109
vn 0.2657681 0.9573786 0.1131083
vn 0.2683990 0.9565942 0.1135316
vn -0.1954042 -0.9807171 0.0033330
vn -0.2480624 -0.9687325 0.0047333
vn -0.4635841 -0.8849012 0.0451614
vn -0.1954042 -0.9807171 0.0033330
vn -0.4635841 -0.8849012 0.0451614
vn -0.4097116 -0.9109776 0.0474995
vn 0.4144145 0.9065994 0.0796121
vn 0.4269531 0.8999369 0.0884571
vn 0.3613490 0.9256724 0.1120606
vn 0.4144145 0.9065994 0.0796121
vn 0.3613490 0.9256724 0.1120606
vn 0.3567572 0.9279670 0.1077109
vn -0.4097116 -0.9109776 0.0474995
vn -0.4635841 -0.8849012 0.0451614
vn -0.5946820 -0.7998571 0.0811290
vn -0.4097116 -0.9109776 0.0474995
vn -0.5946820 -0.7998571 0.0811290
vn -0.5593954 -0.8243016 0.0871987
vn 0.4414567 0.8967184 0.0318131
vn 0.4606681 0.8864961 0.0436998
vn 0.4269531 0.8999369 0.0884571
vn 0.4414567 0.8967184 0.0318131
vn 0.4269531 0.8999369 0.0884571
vn 0.4144145 0.9065994 0.0796121
vn -0.5593954 -0.8243016 0.0871987
vn -0.5946820 -0.7998571 0.0811290
vn -0.6543444 -0.7496783 0.0990746
vn -0.5593954 -0.8243016 0.0871987
vn -0.6543444 -0.7496783 0.0990746
vn -0.6483361 -0.7538724 0.1064736
vn 0.4500011 0.8925927 -0.0278790
vn 0.4723103 0.8813009 -0.0152231
vn 0.4606681 0.8864961 0.0436998
vn 0.4500011 0.8925927 -0.0278790
vn 0.4606681 0.8864961 0.0436998
vn 0.4414567 0.8967184 0.0318131
vn -0.6483361 -0.7538724 0.1064736
vn -0.6543444 -0.7496783 0.0990746
vn -0.6725825 -0.7341936 0.0926960
vn -0.6483361 -0.7538724 0.1064736
vn -0.6725825 -0.7341936 0.0926960
vn -0.6986901 -0.7086760 0.0980332
vn 0.4621953 0.8822076 -0.0899175
vn 0.4829769 0.8721084 -0.0784873
vn 0.4723103 0.8813009 -0.0152231
vn 0.4621953 0.8822076 -0.0899175
vn 0.4723103 0.8813009 -0.0152231
vn 0.4500011 0.8925927 -0.0278790
vn -0.6986901 -0.7086760 0.0980332
vn -0.6725825 -0.7341936 0.0926960
vn -0.6896672 -0.7212537 0.0644385
vn -0.6986901 -0.7086760 0.0980332
vn -0.6896672 -0.7212537 0.0644385
vn -0.7400090 -0.6695262 0.0641978
vn 0.5004777 0.8529726 -0.1481883
vn 0.5161632 0.8451594 -0.1388567
vn 0.4829769 0.8721084 -0.0784873
vn 0.5004777 0.8529726 -0.1481883
vn 0.4829769 0.8721084 -0.0784873
vn 0.4621953 0.8822076 -0.0899175
vn -0.7400090 -0.6695262 0.0641978
vn -0.6896672 -0.7212537 0.0644385
vn -0.7459473 -0.6656195 0.0226559
vn -0.7400090 -0.6695262 0.0641978
vn -0.7459473 -0.6656195 0.0226559
vn -0.7996686 -0.6002549 0.0149724
vn 0.5783303 0.7907424 -0.2006505
vn 0.5872538 0.7859250 -0.1935325
vn 0.5161632 0.8451594 -0.1388567
vn 0.5783303 0.7907424 -0.2006505
vn 0.5161632 0.8451594 -0.1388567
vn 0.5004777 0.8529726 -0.1481883
vn -0.7996686 -0.6002549 0.0149724
vn -0.7459473 -0.6656195 0.0226559
vn -0.8473935 -0.5304974 -0.0222902
vn -0.7996686 -0.6002549 0.0149724
vn -0.8473935 -0.5304974 -0.0222902
vn -0.8815820 -0.4707375 -0.0349191
vn 0.6952931 0.6759341 -0.2442961
vn 0.6973716 0.6754277 -0.2397297
vn 0.5872538 0.7859250 -0.1935325
vn 0.6952931 0.6759341 -0.2442961
vn 0.5872538 0.7859250 -0.1935325
vn 0.5783303 0.7907424 -0.2006505
vn -0.8815820 -0.4707375 -0.0349191
vn -0.8473935 -0.5304974 -0.0222902
vn -0.9491652 -0.3095894 -0.0569190
vn -0.8815820 -0.4707375 -0.0349191
vn -0.9491652 -0.3095894 -0.0569190
vn -0.9584205 -0.2768477 -0.0691772
vn 0.8292289 0.4898210 -0.2691743
vn 0.8262959 0.4951754 -0.2683961
vn 0.6973716 0.6754277 -0.2397297
vn 0.8292289 0.4898210 -0.2691743
vn 0.6973716 0.6754277 -0.2397297
vn 0.6952931 0.6759341 -0.2442961
vn -0.9584205 -0.2768477 -0.0691772
vn -0.9491652 -0.3095894 -0.0569190
vn -0.9968076 -0.0397732 -0.0692289
vn -0.9584205 -0.2768477 -0.0691772
vn -0.9968076 -0.0397732 -0.0692289
vn -0.9961434 -0.0415341 -0.0772870
vn 0.9353727 0.2390651 -0.2606256
vn 0.9317166 0.2480456 -0.2652878
vn 0.8262959 0.4951754 -0.2683961
vn 0.9353727 0.2390651 -0.2606256
vn 0.8262959 0.4951754 -0.2683961
vn 0.8292289 0.4898210 -0.2691743
vn -0.9961434 -0.0415341 -0.0772870
vn -0.9968076 -0.0397732 -0.0692289
vn -0.9969198 0.0457059 -0.0637324
vn -0.9961434 -0.0415341 -0.0772870
vn -0.9969198 0.0457059 -0.0637324
vn -0.9971481 0.0349648 -0.0668815
vn 0.9729223 0.0511463 -0.2254024
vn 0.9704729 0.0556917 -0.2346929
vn 0.9317166 0.2480456 -0.2652878
vn 0.9729223 0.0511463 -0.2254024
vn 0.9317166 0.2480456 -0.2652878
vn 0.9353727 0.2390651 -0.2606256
vn -0.9971481 0.0349648 -0.0668815
vn -0.9969198 0.0457059 -0.0637324
vn -0.9980433 0.0000000 -0.0625266
vn -0.9971481 0.0349648 -0.0668815
vn -0.9980433 0.0000000 -0.0625266
vn -0.9979535 0.0000000 -0.0639432
vn 0.9757328 0.0000000 -0.2189647
vn 0.9735019 0.0000000 -0.2286788
vn 0.9704729 0.0556917 -0.2346929
vn 0.9757328 0.0000000 -0.2189647
vn 0.9704729 0.0556917 -0.2346929
vn 0.9729223 0.0511463 -0.2254024
vn 0.0000000 -1.0000000 0.0000000
vn 0.0000000 -1.0000000 0.0000000
vn 0.0000000 -1.0000000 0.0000000
vn 0.0000000 -1.0000000 0.0000000
vn 0.0000000 -1.0000000 0.0000000
vn 0.0000000 -1.0000000 0.0000000
vn 0.0000000 -1.0000000 0.0000000
vn 0.0000000 -1.0000000 0.0000000
vn 0.0000000 -1.0000000 0.0000000
vn 0.0000000 -1.0000000 0.0000000
vn 0.0000000 -1.0000000 0.0000000
vn 0.0000000 -1.0000000 0.0000000
vn 0.9981368 0.0000000 0.0610152
vn 0.9985351 0.0000000 0.0541070
vn 0.9878528 0.1458789 0.0535375
vn 0.9981368 0.0000000 0.0610152
vn 0.9878528 0.1458789 0.0535375
vn 0.9891998 0.1345009 0.0582511
vn -0.9741083 0.0671189 0.2158890
vn -0.9718838 0.0729507 0.2238750
vn -0.9723170 0.0000000 0.2336658
vn -0.9741083 0.0671189 0.2158890
vn -0.9723170 0.0000000 0.2336658
vn -0.9741877 0.0000000 0.2257396
vn 0.9891998 0.1345009 0.0582511
vn 0.9878528 0.1458789 0.0535375
vn 0.9673987 0.2495747 0.0430382
vn 0.9891998 0.1345009 0.0582511
vn 0.9673987 0.2495747 0.0430382
vn 0.9736140 0.2246603 0.0400454
vn -0.9682517 0.1927209 0.1592081
vn -0.9630952 0.2091366 0.1694388
vn -0.9718838 0.0729507 0.2238750
vn -0.9682517 0.1927209 0.1592081
vn -0.9718838 0.0729507 0.2238750
vn -0.9741083 0.0671189 0.2158890
vn 0.9736140 0.2246603 0.0400454
vn 0.9673987 0.2495747 0.0430382
vn 0.9903009 0.1347904 0.0336986
vn 0.9736140 0.2246603 0.0400454
vn 0.9903009 0.1347904 0.0336986
vn 0.9934572 0.1124684 0.0198414
vn -0.9544749 0.2843432 0.0901473
vn -0.9465150 0.3061880 0.1017760
vn -0.9630952 0.2091366 0.1694388
vn -0.9544749 0.2843432 0.0901473
vn -0.9630952 0.2091366 0.1694388
vn -0.9682517 0.1927209 0.1592081
vn 0.9934572 0.1124684 0.0198414
vn 0.9903009 0.1347904 0.0336986
vn 0.9958869 -0.0874989 0.0235209
vn 0.9934572 0.1124684 0.0198414
vn 0.9958869 -0.0874989 0.0235209
vn 0.9940908 -0.1085459 -0.0011353
vn -0.9304423 0.3654018 0.0275441
vn -0.9219872 0.3852623 0.0388916
vn -0.9465150 0.3061880 0.1017760
vn -0.9304423 0.3654018 0.0275441
vn -0.9465150 0.3061880 0.1017760
vn -0.9544749 0.2843432 0.0901473
vn 0.9940908 -0.1085459 -0.0011353
vn 0.9958869 -0.0874989 0.0235209
vn 0.9163250 -0.4003737 0.0070338
vn 0.9940908 -0.1085459 -0.0011353
vn 0.9163250 -0.4003737 0.0070338
vn 0.9081700 -0.4179587 -0.0231887
vn -0.8803445 0.4738472 -0.0215042
vn -0.8733290 0.4869826 -0.0120145
vn -0.9219872 0.3852623 0.0388916
vn -0.8803445 0.4738472 -0.0215042
vn -0.9219872 0.3852623 0.0388916
vn -0.9304423 0.3654018 0.0275441
vn 0.9081700 -0.4179587 -0.0231887
vn 0.9163250 -0.4003737 0.0070338
vn 0.7112788 -0.7028012 -0.0123673
vn 0.9081700 -0.4179587 -0.0231887
vn 0.7112788 -0.7028012 -0.0123673
vn 0.7030770 -0.7101303 -0.0373858
vn -0.7952220 0.6040088 -0.0528700
vn -0.7915722 0.6093139 -0.0463688
vn -0.8733290 0.4869826 -0.0120145
vn -0.7952220 0.6040088 -0.0528700
vn -0.8733290 0.4869826 -0.0120145
vn -0.8803445 0.4738472 -0.0215042
vn 0.7030770 -0.7101303 -0.0373858
vn 0.7112788 -0.7028012 -0.0123673
vn 0.4645629 -0.8852162 -0.0239506
vn 0.7030770 -0.7101303 -0.0373858
vn 0.4645629 -0.8852162 -0.0239506
vn 0.4641066 -0.8850466 -0.0360224
vn -0.6779558 0.7321875 -0.0654015
vn -0.6788196 0.7316335 -0.0625812
vn -0.7915722 0.6093139 -0.0463688
vn -0.6779558 0.7321875 -0.0654015
vn -0.7915722 0.6093139 -0.0463688
vn -0.7952220 0.6040088 -0.0528700
vn 0.4641066 -0.8850466 -0.0360224
vn 0.4645629 -0.8852162 -0.0239506
vn 0.2958378 -0.9548575 -0.0269672
vn 0.4641066 -0.8850466 -0.0360224
vn 0.2958378 -0.9548575 -0.0269672
vn 0.2981176 -0.9541725 -0.0260909
vn -0.5416489 0.8384349 -0.0603598
vn -0.5469331 0.8349231 -0.0613814
vn -0.6788196 0.7316335 -0.0625812
vn -0.5416489 0.8384349 -0.0603598
vn -0.6788196 0.7316335 -0.0625812
vn -0.6779558 0.7321875 -0.0654015
vn 0.2981176 -0.9541725 -0.0260909
vn 0.2958378 -0.9548575 -0.0269672
vn 0.2443960 -0.9692112 -0.0300043
vn 0.2981176 -0.9541725 -0.0260909
vn 0.2443960 -0.9692112 -0.0300043
vn 0.2406837 -0.9703927 -0.0202305
vn -0.3991710 0.9159742 -0.0406665
vn -0.4079989 0.9118671 -0.0451138
vn -0.5469331 0.8349231 -0.0613814
vn -0.3991710 0.9159742 -0.0406665
vn -0.5469331 0.8349231 -0.0613814
vn -0.5416489 0.8384349 -0.0603598
vn 0.2406837 -0.9703927 -0.0202305
vn 0.2443960 -0.9692112 -0.0300043
vn 0.2839768 -0.9580946 -0.0375755
vn 0.2406837 -0.9703927 -0.0202305
vn 0.2839768 -0.9580946 -0.0375755
vn 0.2735366 -0.9615520 -0.0244012
vn -0.2571563 0.9663165 -0.0101570
vn -0.2683739 0.9631632 -0.0170931
vn -0.4079989 0.9118671 -0.0451138
vn -0.2571563 0.9663165 -0.0101570
vn -0.4079989 0.9118671 -0.0451138
vn -0.3991710 0.9159742 -0.0406665
vn 0.2735366 -0.9615520 -0.0244012
vn 0.2839768 -0.9580946 -0.0375755
vn 0.3440662 -0.9378738 -0.0448459
vn 0.2735366 -0.9615520 -0.0244012
vn 0.3440662 -0.9378738 -0.0448459
vn 0.3347966 -0.9416783 -0.0339584
vn -0.1175408 0.9927134 0.0265375
vn -0.1298010 0.9913677 0.0184882
vn -0.2683739 0.9631632 -0.0170931
vn -0.1175408 0.9927134 0.0265375
vn -0.2683739 0.9631632 -0.0170931
vn -0.2571563 0.9663165 -0.0101570
vn 0.3347966 -0.9416783 -0.0339584
vn 0.3440662 -0.9378738 -0.0448459
vn 0.3411895 -0.9388974 -0.0454028
vn 0.3347966 -0.9416783 -0.0339584
vn 0.3411895 -0.9388974 -0.0454028
vn 0.3413348 -0.9390751 -0.0403539
vn 0.0186746 0.9977890 0.0637833
vn 0.0070401 0.9983881 0.0563167
vn -0.1298010 0.9913677 0.0184882
vn 0.0186746 0.9977890 0.0637833
vn -0.1298010 0.9913677 0.0184882
vn -0.1175408 0.9927134 0.0265375
vn 0.3413348 -0.9390751 -0.0403539
vn 0.3411895 -0.9388974 -0.0454028
vn 0.2201252 -0.9747275 -0.0380949
vn 0.3413348 -0.9390751 -0.0403539
vn 0.2201252 -0.9747275 -0.0380949
vn 0.2352756 -0.9711491 -0.0389195
vn 0.1485416 0.9843350 0.0949738
vn 0.1395914 0.9861208 0.0898889
vn 0.0070401 0.9983881 0.0563167
vn 0.1485416 0.9843350 0.0949738
vn 0.0070401 0.9983881 0.0563167
vn 0.0186746 0.9977890 0.0637833
vn 0.2352756 -0.9711491 -0.0389195
vn 0.2201252 -0.9747275 -0.0380949
vn -0.0196593 -0.9995704 -0.0217373
vn 0.2352756 -0.9711491 -0.0389195
vn -0.0196593 -0.9995704 -0.0217373
vn 0.0153325 -0.9995629 -0.0252755
vn 0.2657681 0.9573786 0.1131083
vn 0.2617880 0.9586079 0.1119726
vn 0.1395914 0.9861208 0.0898889
vn 0.2657681 0.9573786 0.1131083
vn 0.1395914 0.9861208 0.0898889
vn 0.1485416 0.9843350 0.0949738
vn 0.0153325 -0.9995629 -0.0252755
vn -0.0196593 -0.9995704 -0.0217373
vn -0.2983151 -0.9544467 0.0062947
vn 0.0153325 -0.9995629 -0.0252755
vn -0.2983151 -0.9544467 0.0062947
vn -0.2480624 -0.9687325 0.0047333
vn 0.3613490 0.9256724 0.1120606
vn 0.3643757 0.9240223 0.1158155
vn 0.2617880 0.9586079 0.1119726
vn 0.3613490 0.9256724 0.1120606
vn 0.2617880 0.9586079 0.1119726
vn 0.2657681 0.9573786 0.1131083
vn -0.2480624 -0.9687325 0.0047333
vn -0.2983151 -0.9544467 0.0062947
vn -0.5121670 -0.8578796 0.0415634
vn -0.2480624 -0.9687325 0.0047333
vn -0.5121670 -0.8578796 0.0415634
vn -0.4635841 -0.8849012 0.0451614
vn 0.4269531 0.8999369 0.0884571
vn 0.4380262 0.8937071 0.0970607
vn 0.3643757 0.9240223 0.1158155
vn 0.4269531 0.8999369 0.0884571
vn 0.3643757 0.9240223 0.1158155
vn 0.3613490 0.9256724 0.1120606
vn -0.4635841 -0.8849012 0.0451614
vn -0.5121670 -0.8578796 0.0415634
vn -0.6265054 -0.7760352 0.0725288
vn -0.4635841 -0.8849012 0.0451614
vn -0.6265054 -0.7760352 0.0725288
vn -0.5946820 -0.7998571 0.0811290
vn 0.4606681 0.8864961 0.0436998
vn 0.4789622 0.8760535 0.0559064
vn 0.4380262 0.8937071 0.0970607
vn 0.4606681 0.8864961 0.0436998
vn 0.4380262 0.8937071 0.0970607
vn 0.4269531 0.8999369 0.0884571
vn -0.5946820 -0.7998571 0.0811290
vn -0.6265054 -0.7760352 0.0725288
vn -0.6613538 -0.7448859 0.0880692
vn -0.5946820 -0.7998571 0.0811290
vn -0.6613538 -0.7448859 0.0880692
vn -0.6543444 -0.7496783 0.0990746
vn 0.4723103 0.8813009 -0.0152231
vn 0.4946421 0.8690952 -0.0016443
vn 0.4789622 0.8760535 0.0559064
vn 0.4723103 0.8813009 -0.0152231
vn 0.4789622 0.8760535 0.0559064
vn 0.4606681 0.8864961 0.0436998
vn -0.6543444 -0.7496783 0.0990746
vn -0.6613538 -0.7448859 0.0880692
vn -0.6519065 -0.7537497 0.0829413
vn -0.6543444 -0.7496783 0.0990746
vn -0.6519065 -0.7537497 0.0829413
vn -0.6725825 -0.7341936 0.0926960
vn 0.4829769 0.8721084 -0.0784873
vn 0.5047070 0.8607843 -0.0657356
vn 0.4946421 0.8690952 -0.0016443
vn 0.4829769 0.8721084 -0.0784873
vn 0.4946421 0.8690952 -0.0016443
vn 0.4723103 0.8813009 -0.0152231
vn -0.6725825 -0.7341936 0.0926960
vn -0.6519065 -0.7537497 0.0829413
vn -0.6471710 -0.7599526 0.0603465
vn -0.6725825 -0.7341936 0.0926960
vn -0.6471710 -0.7599526 0.0603465
vn -0.6896672 -0.7212537 0.0644385
vn 0.5161632 0.8451594 -0.1388567
vn 0.5333302 0.8361595 -0.1280477
vn 0.5047070 0.8607843 -0.0657356
vn 0.5161632 0.8451594 -0.1388567
vn 0.5047070 0.8607843 -0.0657356
vn 0.4829769 0.8721084 -0.0784873
vn -0.6896672 -0.7212537 0.0644385
vn -0.6471710 -0.7599526 0.0603465
vn -0.6981867 -0.7153823 0.0276324
vn -0.6896672 -0.7212537 0.0644385
vn -0.6981867 -0.7153823 0.0276324
vn -0.7459473 -0.6656195 0.0226559
vn 0.5872538 0.7859250 -0.1935325
vn 0.5978253 0.7800266 -0.1848334
vn 0.5333302 0.8361595 -0.1280477
vn 0.5872538 0.7859250 -0.1935325
vn 0.5333302 0.8361595 -0.1280477
vn 0.5161632 0.8451594 -0.1388567
vn -0.7459473 -0.6656195 0.0226559
vn -0.6981867 -0.7153823 0.0276324
vn -0.8143027 -0.5803655 -0.0093294
vn -0.7459473 -0.6656195 0.0226559
vn -0.8143027 -0.5803655 -0.0093294
vn -0.8473935 -0.5304974 -0.0222902
vn 0.6973716 0.6754277 -0.2397297
vn 0.7010795 0.6738216 -0.2333495
vn 0.5978253 0.7800266 -0.1848334
vn 0.6973716 0.6754277 -0.2397297
vn 0.5978253 0.7800266 -0.1848334
vn 0.5872538 0.7859250 -0.1935325
vn -0.8473935 -0.5304974 -0.0222902
vn -0.8143027 -0.5803655 -0.0093294
vn -0.9388058 -0.3419277 -0.0415836
vn -0.8473935 -0.5304974 -0.0222902
vn -0.9388058 -0.3419277 -0.0415836
vn -0.9491652 -0.3095894 -0.0569190
vn 0.8262959 0.4951754 -0.2683961
vn 0.8247776 0.4993038 -0.2654009
vn 0.7010795 0.6738216 -0.2333495
vn 0.8262959 0.4951754 -0.2683961
vn 0.7010795 0.6738216 -0.2333495
vn 0.6973716 0.6754277 -0.2397297
vn -0.9491652 -0.3095894 -0.0569190
vn -0.9388058 -0.3419277 -0.0415836
vn -0.9973711 -0.0446292 -0.0570883
vn -0.9491652 -0.3095894 -0.0569190
vn -0.9973711 -0.0446292 -0.0570883
vn -0.9968076 -0.0397732 -0.0692289
vn 0.9317166 0.2480456 -0.2652878
vn 0.9289821 0.2559679 -0.2673438
vn 0.8247776 0.4993038 -0.2654009
vn 0.9317166 0.2480456 -0.2652878
vn 0.8247776 0.4993038 -0.2654009
vn 0.8262959 0.4951754 -0.2683961
vn -0.9968076 -0.0397732 -0.0692289
vn -0.9973711 -0.0446292 -0.0570883
vn -0.9970636 0.0517295 -0.0564649
vn -0.9968076 -0.0397732 -0.0692289
vn -0.9970636 0.0517295 -0.0564649
vn -0.9969198 0.0457059 -0.0637324
vn 0.9704729 0.0556917 -0.2346929
vn 0.9686049 0.0598346 -0.2412971
vn 0.9289821 0.2559679 -0.2673438
vn 0.9704729 0.0556917 -0.2346929
vn 0.9289821 0.2559679 -0.2673438
vn 0.9317166 0.2480456 -0.2652878
vn -0.9969198 0.0457059 -0.0637324
vn -0.9970636 0.0517295 -0.0564649
vn -0.9983780 0.0000000 -0.0569338
vn -0.9969198 0.0457059 -0.0637324
vn -0.9983780 0.0000000 -0.0569338
vn -0.9980433 0.0000000 -0.0625266
vn 0.9735019 0.0000000 -0.2286788
vn 0.9718223 0.0000000 -0.2357146
vn 0.9686049 0.0598346 -0.2412971
vn 0.9735019 0.0000000 -0.2286788
vn 0.9686049 0.0598346 -0.2412971
vn 0.9704729 0.0556917 -0.2346929
vn 0.0000000 -1.0000000 0.0000000
vn 0.0000000 -1.0000000 0.0000000
vn 0.0000000 -1.0000000 0.0000000
vn 0.0000000 -1.0000000 0.0000000
vn 0.0000000 -1.0000000 0.0000000
vn 0.0000000 -1.0000000 0.0000000
vn 0.0000000 -1.0000000 0.0000000
vn 0.0000000 -1.0000000 0.0000000
vn 0.0000000 -1.0000000 0.0000000
vn 0.0000000 -1.0000000 0.0000000
vn 0.0000000 -1.0000000 0.0000000
vn 0.0000000 -1.0000000 0.0000000
vn 0.9985351 0.0000000 0.0541070
vn 0.9990543 0.0000000 0.0434802
vn 0.9876562 0.1499850 0.0451622
vn 0.9985351 0.0000000 0.0541070
vn 0.9876562 0.1499850 0.0451622
vn 0.9878528 0.1458789 0.0535375
vn -0.9718838 0.0729507 0.2238750
vn -0.9702031 0.0784432 0.2292436
vn -0.9710352 0.0000000 0.2389365
vn -0.9718838 0.0729507 0.2238750
vn -0.9710352 0.0000000 0.2389365
vn -0.9723170 0.0000000 0.2336658
vn 0.9878528 0.1458789 0.0535375
vn 0.9876562 0.1499850 0.0451622
vn 0.9647054 0.2598243 0.0428335
vn 0.9878528 0.1458789 0.0535375
vn 0.9647054 0.2598243 0.0428335
vn 0.9673987 0.2495747 0.0430382
vn -0.9630952 0.2091366 0.1694388
vn -0.9581550 0.2247979 0.1772145
vn -0.9702031 0.0784432 0.2292436
vn -0.9630952 0.2091366 0.1694388
vn -0.9702031 0.0784432 0.2292436
vn -0.9718838 0.0729507 0.2238750
vn 0.9673987 0.2495747 0.0430382
vn 0.9647054 0.2598243 0.0428335
vn 0.9888565 0.1420559 0.0445291
vn 0.9673987 0.2495747 0.0430382
vn 0.9888565 0.1420559 0.0445291
vn 0.9903009 0.1347904 0.0336986
vn -0.9465150 0.3061880 0.1017760
vn -0.9382770 0.3275000 0.1112660
vn -0.9581550 0.2247979 0.1772145
vn -0.9465150 0.3061880 0.1017760
vn -0.9581550 0.2247979 0.1772145
vn -0.9630952 0.2091366 0.1694388
vn 0.9903009 0.1347904 0.0336986
vn 0.9888565 0.1420559 0.0445291
vn 0.9958924 -0.0780861 0.0458363
vn 0.9903009 0.1347904 0.0336986
vn 0.9958924 -0.0780861 0.0458363
vn 0.9958869 -0.0874989 0.0235209
vn -0.9219872 0.3852623 0.0388916
vn -0.9129093 0.4052657 0.0485419
vn -0.9382770 0.3275000 0.1112660
vn -0.9219872 0.3852623 0.0388916
vn -0.9382770 0.3275000 0.1112660
vn -0.9465150 0.3061880 0.1017760
vn 0.9958869 -0.0874989 0.0235209
vn 0.9958924 -0.0780861 0.0458363
vn 0.9222439 -0.3848326 0.0370151
vn 0.9958869 -0.0874989 0.0235209
vn 0.9222439 -0.3848326 0.0370151
vn 0.9163250 -0.4003737 0.0070338
vn -0.8733290 0.4869826 -0.0120145
vn -0.8655316 0.5008403 -0.0037520
vn -0.9129093 0.4052657 0.0485419
vn -0.8733290 0.4869826 -0.0120145
vn -0.9129093 0.4052657 0.0485419
vn -0.9219872 0.3852623 0.0388916
vn 0.9163250 -0.4003737 0.0070338
vn 0.9222439 -0.3848326 0.0370151
vn 0.7252900 -0.6882792 0.0150379
vn 0.9163250 -0.4003737 0.0070338
vn 0.7252900 -0.6882792 0.0150379
vn 0.7112788 -0.7028012 -0.0123673
vn -0.7915722 0.6093139 -0.0463688
vn -0.7870492 0.6155506 -0.0406332
vn -0.8655316 0.5008403 -0.0037520
vn -0.7915722 0.6093139 -0.0463688
vn -0.8655316 0.5008403 -0.0037520
vn -0.8733290 0.4869826 -0.0120145
vn 0.7112788 -0.7028012 -0.0123673
vn 0.7252900 -0.6882792 0.0150379
vn 0.4793639 -0.8775721 -0.0087974
vn 0.7112788 -0.7028012 -0.0123673
vn 0.4793639 -0.8775721 -0.0087974
vn 0.4645629 -0.8852162 -0.0239506
vn -0.6788196 0.7316335 -0.0625812
vn -0.6787709 0.7318863 -0.0601040
vn -0.7870492 0.6155506 -0.0406332
vn -0.6788196 0.7316335 -0.0625812
vn -0.7870492 0.6155506 -0.0406332
vn -0.7915722 0.6093139 -0.0463688
vn 0.4645629 -0.8852162 -0.0239506
vn 0.4793639 -0.8775721 -0.0087974
vn 0.3089975 -0.9507166 -0.0256607
vn 0.4645629 -0.8852162 -0.0239506
vn 0.3089975 -0.9507166 -0.0256607
vn 0.2958378 -0.9548575 -0.0269672
vn -0.5469331 0.8349231 -0.0613814
vn -0.5513568 0.8319302 -0.0624324
vn -0.6787709 0.7318863 -0.0601040
vn -0.5469331 0.8349231 -0.0613814
vn -0.6787709 0.7318863 -0.0601040
vn -0.6788196 0.7316335 -0.0625812
vn 0.2958378 -0.9548575 -0.0269672
vn 0.3089975 -0.9507166 -0.0256607
vn 0.2584937 -0.9652401 -0.0386329
vn 0.2958378 -0.9548575 -0.0269672
vn 0.2584937 -0.9652401 -0.0386329
vn 0.2443960 -0.9692112 -0.0300043
vn -0.4079989 0.9118671 -0.0451138
vn -0.4161202 0.9079645 -0.0494405
vn -0.5513568 0.8319302 -0.0624324
vn -0.4079989 0.9118671 -0.0451138
vn -0.5513568 0.8319302 -0.0624324
vn -0.5469331 0.8349231 -0.0613814
vn 0.2443960 -0.9692112 -0.0300043
vn 0.2584937 -0.9652401 -0.0386329
vn 0.2960258 -0.9538593 -0.0502104
vn 0.2443960 -0.9692112 -0.0300043
vn 0.2960258 -0.9538593 -0.0502104
vn 0.2839768 -0.9580946 -0.0375755
vn -0.2683739 0.9631632 -0.0170931
vn -0.2791408 0.9599518 -0.0239357
vn -0.4161202 0.9079645 -0.0494405
vn -0.2683739 0.9631632 -0.0170931
vn -0.4161202 0.9079645 -0.0494405
vn -0.4079989 0.9118671 -0.0451138
vn 0.2839768 -0.9580946 -0.0375755
vn 0.2960258 -0.9538593 -0.0502104
vn 0.3464266 -0.9364299 -0.0555657
vn 0.2839768 -0.9580946 -0.0375755
vn 0.3464266 -0.9364299 -0.0555657
vn 0.3440662 -0.9378738 -0.0448459
vn -0.1298010 0.9913677 0.0184882
vn -0.1419733 0.9898163 0.0103549
vn -0.2791408 0.9599518 -0.0239357
vn -0.1298010 0.9913677 0.0184882
vn -0.2791408 0.9599518 -0.0239357
vn -0.2683739 0.9631632 -0.0170931
vn 0.3440662 -0.9378738 -0.0448459
vn 0.3464266 -0.9364299 -0.0555657
vn 0.3296148 -0.9427604 -0.0505663
vn 0.3440662 -0.9378738 -0.0448459
vn 0.3296148 -0.9427604 -0.0505663
vn 0.3411895 -0.9388974 -0.0454028
vn 0.0070401 0.9983881 0.0563167
vn -0.0049626 0.9988107 0.0485028
vn -0.1419733 0.9898163 0.0103549
vn 0.0070401 0.9983881 0.0563167
vn -0.1419733 0.9898163 0.0103549
vn -0.1298010 0.9913677 0.0184882
vn 0.3411895 -0.9388974 -0.0454028
vn 0.3296148 -0.9427604 -0.0505663
vn 0.1943846 -0.9802164 -0.0372886
vn 0.3411895 -0.9388974 -0.0454028
vn 0.1943846 -0.9802164 -0.0372886
vn 0.2201252 -0.9747275 -0.0380949
vn 0.1395914 0.9861208 0.0898889
vn 0.1297772 0.9879612 0.0842058
vn -0.0049626 0.9988107 0.0485028
vn 0.1395914 0.9861208 0.0898889
vn -0.0049626 0.9988107 0.0485028
vn 0.0070401 0.9983881 0.0563167
vn 0.2201252 -0.9747275 -0.0380949
vn 0.1943846 -0.9802164 -0.0372886
vn -0.0589692 -0.9980966 -0.0180507
vn 0.2201252 -0.9747275 -0.0380949
vn -0.0589692 -0.9980966 -0.0180507
vn -0.0196593 -0.9995704 -0.0217373
vn 0.2617880 0.9586079 0.1119726
vn 0.2565024 0.9602514 0.1101082
vn 0.1297772 0.9879612 0.0842058
vn 0.2617880 0.9586079 0.1119726
vn 0.1297772 0.9879612 0.0842058
vn 0.1395914 0.9861208 0.0898889
vn -0.0196593 -0.9995704 -0.0217373
vn -0.0589692 -0.9980966 -0.0180507
vn -0.3452590 -0.9384776 0.0074835
vn -0.0196593 -0.9995704 -0.0217373
vn -0.3452590 -0.9384776 0.0074835
vn -0.2983151 -0.9544467 0.0062947
vn 0.3643757 0.9240223 0.1158155
vn 0.3658205 0.9230575 0.1189124
vn 0.2565024 0.9602514 0.1101082
vn 0.3643757 0.9240223 0.1158155
vn 0.2565024 0.9602514 0.1101082
vn 0.2617880 0.9586079 0.1119726
vn -0.2983151 -0.9544467 0.0062947
vn -0.3452590 -0.9384776 0.0074835
vn -0.5541775 -0.8315930 0.0366106
vn -0.2983151 -0.9544467 0.0062947
vn -0.5541775 -0.8315930 0.0366106
vn -0.5121670 -0.8578796 0.0415634
vn 0.4380262 0.8937071 0.0970607
vn 0.4475272 0.8880470 0.1053182
vn 0.3658205 0.9230575 0.1189124
vn 0.4380262 0.8937071 0.0970607
vn 0.3658205 0.9230575 0.1189124
vn 0.3643757 0.9240223 0.1158155
vn -0.5121670 -0.8578796 0.0415634
vn -0.5541775 -0.8315930 0.0366106
vn -0.6535966 -0.7543260 0.0616751
vn -0.5121670 -0.8578796 0.0415634
vn -0.6535966 -0.7543260 0.0616751
vn -0.6265054 -0.7760352 0.0725288
vn 0.4789622 0.8760535 0.0559064
vn 0.4961213 0.8655618 0.0683114
vn 0.4475272 0.8880470 0.1053182
vn 0.4789622 0.8760535 0.0559064
vn 0.4475272 0.8880470 0.1053182
vn 0.4380262 0.8937071 0.0970607
vn -0.6265054 -0.7760352 0.0725288
vn -0.6535966 -0.7543260 0.0616751
vn -0.6681460 -0.7403410 0.0740004
vn -0.6265054 -0.7760352 0.0725288
vn -0.6681460 -0.7403410 0.0740004
vn -0.6613538 -0.7448859 0.0880692
vn 0.4946421 0.8690952 -0.0016443
vn 0.5167193 0.8560596 0.0127744
vn 0.4961213 0.8655618 0.0683114
vn 0.4946421 0.8690952 -0.0016443
vn 0.4961213 0.8655618 0.0683114
vn 0.4789622 0.8760535 0.0559064
vn -0.6613538 -0.7448859 0.0880692
vn -0.6681460 -0.7403410 0.0740004
vn -0.6365684 -0.7680794 0.0695316
vn -0.6613538 -0.7448859 0.0880692
vn -0.6365684 -0.7680794 0.0695316
vn -0.6519065 -0.7537497 0.0829413
vn 0.5047070 0.8607843 -0.0657356
vn 0.5271641 0.8481912 -0.0516687
vn 0.5167193 0.8560596 0.0127744
vn 0.5047070 0.8607843 -0.0657356
vn 0.5167193 0.8560596 0.0127744
vn 0.4946421 0.8690952 -0.0016443
vn -0.6519065 -0.7537497 0.0829413
vn -0.6365684 -0.7680794 0.0695316
vn -0.6148993 -0.7868549 0.0525193
vn -0.6519065 -0.7537497 0.0829413
vn -0.6148993 -0.7868549 0.0525193
vn -0.6471710 -0.7599526 0.0603465
vn 0.5333302 0.8361595 -0.1280477
vn 0.5518626 0.8258667 -0.1157232
vn 0.5271641 0.8481912 -0.0516687
vn 0.5333302 0.8361595 -0.1280477
vn 0.5271641 0.8481912 -0.0516687
vn 0.5047070 0.8607843 -0.0657356
vn -0.6471710 -0.7599526 0.0603465
vn -0.6148993 -0.7868549 0.0525193
vn -0.6608337 -0.7499485 0.0295987
vn -0.6471710 -0.7599526 0.0603465
vn -0.6608337 -0.7499485 0.0295987
vn -0.6981867 -0.7153823 0.0276324
vn 0.5978253 0.7800266 -0.1848334
vn 0.6099910 0.7729496 -0.1745279
vn 0.5518626 0.8258667 -0.1157232
vn 0.5978253 0.7800266 -0.1848334
vn 0.5518626 0.8258667 -0.1157232
vn 0.5333302 0.8361595 -0.1280477
vn -0.6981867 -0.7153823 0.0276324
vn -0.6608337 -0.7499485 0.0295987
vn -0.7859110 -0.6183335 0.0027454
vn -0.6981867 -0.7153823 0.0276324
vn -0.7859110 -0.6183335 0.0027454
vn -0.8143027 -0.5803655 -0.0093294
vn 0.7010795 0.6738216 -0.2333495
vn 0.7063794 0.6710616 -0.2251764
vn 0.6099910 0.7729496 -0.1745279
vn 0.7010795 0.6738216 -0.2333495
vn 0.6099910 0.7729496 -0.1745279
vn 0.5978253 0.7800266 -0.1848334
vn -0.8143027 -0.5803655 -0.0093294
vn -0.7859110 -0.6183335 0.0027454
vn -0.9281470 -0.3714181 -0.0243259
vn -0.8143027 -0.5803655 -0.0093294
vn -0.9281470 -0.3714181 -0.0243259
vn -0.9388058 -0.3419277 -0.0415836
vn 0.8247776 0.4993038 -0.2654009
vn 0.8246583 0.5022000 -0.2602573
vn 0.7063794 0.6710616 -0.2251764
vn 0.8247776 0.4993038 -0.2654009
vn 0.7063794 0.6710616 -0.2251764
vn 0.7010795 0.6738216 -0.2333495
vn -0.9388058 -0.3419277 -0.0415836
vn -0.9281470 -0.3714181 -0.0243259
vn -0.9976243 -0.0549814 -0.0415069
vn -0.9388058 -0.3419277 -0.0415836
vn -0.9976243 -0.0549814 -0.0415069
vn -0.9973711 -0.0446292 -0.0570883
vn 0.9289821 0.2559679 -0.2673438
vn 0.9271996 0.2628365 -0.2668667
vn 0.8246583 0.5022000 -0.2602573
vn 0.9289821 0.2559679 -0.2673438
vn 0.8246583 0.5022000 -0.2602573
vn 0.8247776 0.4993038 -0.2654009
vn -0.9973711 -0.0446292 -0.0570883
vn -0.9976243 -0.0549814 -0.0415069
vn -0.9975404 0.0533500 -0.0454630
vn -0.9973711 -0.0446292 -0.0570883
vn -0.9975404 0.0533500 -0.0454630
vn -0.9970636 0.0517295 -0.0564649
vn 0.9686049 0.0598346 -0.2412971
vn 0.9673718 0.0635727 -0.2452555
vn 0.9271996 0.2628365 -0.2668667
vn 0.9686049 0.0598346 -0.2412971
vn 0.9271996 0.2628365 -0.2668667
vn 0.9289821 0.2559679 -0.2673438
vn -0.9970636 0.0517295 -0.0564649
vn -0.9975404 0.0533500 -0.0454630
vn -0.9988726 0.0000000 -0.0474719
vn -0.9970636 0.0517295 -0.0564649
vn -0.9988726 0.0000000 -0.0474719
vn -0.9983780 0.0000000 -0.0569338
vn 0.9718223 0.0000000 -0.2357146
vn 0.9707456 0.0000000 -0.2401102
vn 0.9673718 0.0635727 -0.2452555
vn 0.9718223 0.0000000 -0.2357146
vn 0.9673718 0.0635727 -0.2452555
vn 0.9686049 0.0598346 -0.2412971
vn 0.0000000 -1.0000000 0.0000000
vn 0.0000000 -1.0000000 0.0000000
vn 0.0000000 -1.0000000 0.0000000
vn 0.0000000 -1.0000000 0.0000000
vn 0.0000000 -1.0000000 0.0000000
vn 0.0000000 -1.0000000 0.0000000
vn 0.0000000 -1.0000000 0.0000000
vn 0.0000000 -1.0000000 0.0000000
vn 0.0000000 -1.0000000 0.0000000
vn 0.0000000 -1.0000000 0.0000000
vn 0.0000000 -1.0000000 0.0000000
vn 0.0000000 -1.0000000 0.0000000
vn 0.9990543 0.0000000 0.0434802
vn 0.9995580 0.0000000 0.0297290
vn 0.9886174 0.1466477 0.0336179
vn 0.9990543 0.0000000 0.0434802
vn 0.9886174 0.1466477 0.0336179
vn 0.9876562 0.1499850 0.0451622
vn -0.9702031 0.0784432 0.2292436
vn -0.9691066 0.0835845 0.2320475
vn -0.9703749 0.0000000 0.2416041
vn -0.9702031 0.0784432 0.2292436
vn -0.9703749 0.0000000 0.2416041
vn -0.9710352 0.0000000 0.2389365
vn 0.9876562 0.1499850 0.0451622
vn 0.9886174 0.1466477 0.0336179
vn 0.9660251 0.2553783 0.0397161
vn 0.9876562 0.1499850 0.0451622
vn 0.9660251 0.2553783 0.0397161
vn 0.9647054 0.2598243 0.0428335
vn -0.9581550 0.2247979 0.1772145
vn -0.9535385 0.2396459 0.1825765
vn -0.9691066 0.0835845 0.2320475
vn -0.9581550 0.2247979 0.1772145
vn -0.9691066 0.0835845 0.2320475
vn -0.9702031 0.0784432 0.2292436
vn 0.9647054 0.2598243 0.0428335
vn 0.9660251 0.2553783 0.0397161
vn 0.9895410 0.1344261 0.0523278
vn 0.9647054 0.2598243 0.0428335
vn 0.9895410 0.1344261 0.0523278
vn 0.9888565 0.1420559 0.0445291
vn -0.9382770 0.3275000 0.1112660
vn -0.9299044 0.3481456 0.1186274
vn -0.9535385 0.2396459 0.1825765
vn -0.9382770 0.3275000 0.1112660
vn -0.9535385 0.2396459 0.1825765
vn -0.9581550 0.2247979 0.1772145
vn 0.9888565 0.1420559 0.0445291
vn 0.9895410 0.1344261 0.0523278
vn 0.9945906 -0.0809037 0.0651473
vn 0.9888565 0.1420559 0.0445291
vn 0.9945906 -0.0809037 0.0651473
vn 0.9958924 -0.0780861 0.0458363
vn -0.9129093 0.4052657 0.0485419
vn -0.9033175 0.4252394 0.0564714
vn -0.9299044 0.3481456 0.1186274
vn -0.9129093 0.4052657 0.0485419
vn -0.9299044 0.3481456 0.1186274
vn -0.9382770 0.3275000 0.1112660
vn 0.9958924 -0.0780861 0.0458363
vn 0.9945906 -0.0809037 0.0651473
vn 0.9254498 -0.3732089 0.0652516
vn 0.9958924 -0.0780861 0.0458363
vn 0.9254498 -0.3732089 0.0652516
vn 0.9222439 -0.3848326 0.0370151
vn -0.8655316 0.5008403 -0.0037520
vn -0.8570177 0.5152768 0.0032387
vn -0.9033175 0.4252394 0.0564714
vn -0.8655316 0.5008403 -0.0037520
vn -0.9033175 0.4252394 0.0564714
vn -0.9129093 0.4052657 0.0485419
vn 0.9222439 -0.3848326 0.0370151
vn 0.9254498 -0.3732089 0.0652516
vn 0.7435003 -0.6673037 0.0437387
vn 0.9222439 -0.3848326 0.0370151
vn 0.7435003 -0.6673037 0.0437387
vn 0.7252900 -0.6882792 0.0150379
vn -0.7870492 0.6155506 -0.0406332
vn -0.7816961 0.6226355 -0.0357245
vn -0.8570177 0.5152768 0.0032387
vn -0.7870492 0.6155506 -0.0406332
vn -0.8570177 0.5152768 0.0032387
vn -0.8655316 0.5008403 -0.0037520
vn 0.7252900 -0.6882792 0.0150379
vn 0.7435003 -0.6673037 0.0437387
vn 0.5086419 -0.8609218 0.0098547
vn 0.7252900 -0.6882792 0.0150379
vn 0.5086419 -0.8609218 0.0098547
vn 0.4793639 -0.8775721 -0.0087974
vn -0.6787709 0.7318863 -0.0601040
vn -0.6778380 0.7329168 -0.0580391
vn -0.7816961 0.6226355 -0.0357245
vn -0.6787709 0.7318863 -0.0601040
vn -0.7816961 0.6226355 -0.0357245
vn -0.7870492 0.6155506 -0.0406332
vn 0.4793639 -0.8775721 -0.0087974
vn 0.5086419 -0.8609218 0.0098547
vn 0.3395150 -0.9403681 -0.0209123
vn 0.4793639 -0.8775721 -0.0087974
vn 0.3395150 -0.9403681 -0.0209123
vn 0.3089975 -0.9507166 -0.0256607
vn -0.5513568 0.8319302 -0.0624324
vn -0.5549293 0.8294650 -0.0635706
vn -0.6778380 0.7329168 -0.0580391
vn -0.5513568 0.8319302 -0.0624324
vn -0.6778380 0.7329168 -0.0580391
vn -0.6787709 0.7318863 -0.0601040
vn 0.3089975 -0.9507166 -0.0256607
vn 0.3395150 -0.9403681 -0.0209123
vn 0.2849974 -0.9574825 -0.0447620
vn 0.3089975 -0.9507166 -0.0256607
vn 0.2849974 -0.9574825 -0.0447620
vn 0.2584937 -0.9652401 -0.0386329
vn -0.4161202 0.9079645 -0.0494405
vn -0.4235175 0.9042963 -0.0536759
vn -0.5549293 0.8294650 -0.0635706
vn -0.4161202 0.9079645 -0.0494405
vn -0.5549293 0.8294650 -0.0635706
vn -0.5513568 0.8319302 -0.0624324
vn 0.2584937 -0.9652401 -0.0386329
vn 0.2849974 -0.9574825 -0.0447620
vn 0.3113084 -0.9483322 -0.0612630
vn 0.2584937 -0.9652401 -0.0386329
vn 0.3113084 -0.9483322 -0.0612630
vn 0.2960258 -0.9538593 -0.0502104
vn -0.2791408 0.9599518 -0.0239357
vn -0.2894079 0.9567141 -0.0306779
vn -0.4235175 0.9042963 -0.0536759
vn -0.2791408 0.9599518 -0.0239357
vn -0.4235175 0.9042963 -0.0536759
vn -0.4161202 0.9079645 -0.0494405
vn 0.2960258 -0.9538593 -0.0502104
vn 0.3113084 -0.9483322 -0.0612630
vn 0.3432990 -0.9369277 -0.0656679
vn 0.2960258 -0.9538593 -0.0502104
vn 0.3432990 -0.9369277 -0.0656679
vn 0.3464266 -0.9364299 -0.0555657
vn -0.1419733 0.9898163 0.0103549
vn -0.1539781 0.9880719 0.0021744
vn -0.2894079 0.9567141 -0.0306779
vn -0.1419733 0.9898163 0.0103549
vn -0.2894079 0.9567141 -0.0306779
vn -0.2791408 0.9599518 -0.0239357
vn 0.3464266 -0.9364299 -0.0555657
vn 0.3432990 -0.9369277 -0.0656679
vn 0.3074639 -0.9499103 -0.0560035
vn 0.3464266 -0.9364299 -0.0555657
vn 0.3074639 -0.9499103 -0.0560035
vn 0.3296148 -0.9427604 -0.0505663
vn -0.0049626 0.9988107 0.0485028
vn -0.0172370 0.9990354 0.0403883
vn -0.1539781 0.9880719 0.0021744
vn -0.0049626 0.9988107 0.0485028
vn -0.1539781 0.9880719 0.0021744
vn -0.1419733 0.9898163 0.0103549
vn 0.3296148 -0.9427604 -0.0505663
vn 0.3074639 -0.9499103 -0.0560035
vn 0.1580361 -0.9867349 -0.0371327
vn 0.3296148 -0.9427604 -0.0505663
vn 0.1580361 -0.9867349 -0.0371327
vn 0.1943846 -0.9802164 -0.0372886
vn 0.1297772 0.9879612 0.0842058
vn 0.1191887 0.9898067 0.0779536
vn -0.0172370 0.9990354 0.0403883
vn 0.1297772 0.9879612 0.0842058
vn -0.0172370 0.9990354 0.0403883
vn -0.0049626 0.9988107 0.0485028
vn 0.1943846 -0.9802164 -0.0372886
vn 0.1580361 -0.9867349 -0.0371327
vn -0.1026592 -0.9946031 -0.0150251
vn 0.1943846 -0.9802164 -0.0372886
vn -0.1026592 -0.9946031 -0.0150251
vn -0.0589692 -0.9980966 -0.0180507
vn 0.2565024 0.9602514 0.1101082
vn 0.2499680 0.9622677 0.1075030
vn 0.1191887 0.9898067 0.0779536
vn 0.2565024 0.9602514 0.1101082
vn 0.1191887 0.9898067 0.0779536
vn 0.1297772 0.9879612 0.0842058
vn -0.0589692 -0.9980966 -0.0180507
vn -0.1026592 -0.9946031 -0.0150251
vn -0.3883175 -0.9214927 0.0077866
vn -0.0589692 -0.9980966 -0.0180507
vn -0.3883175 -0.9214927 0.0077866
vn -0.3452590 -0.9384776 0.0074835
vn 0.3658205 0.9230575 0.1189124
vn 0.3656850 0.9228020 0.1212887
vn 0.2499680 0.9622677 0.1075030
vn 0.3658205 0.9230575 0.1189124
vn 0.2499680 0.9622677 0.1075030
vn 0.2565024 0.9602514 0.1101082
vn -0.3452590 -0.9384776 0.0074835
vn -0.3883175 -0.9214927 0.0077866
vn -0.5888649 -0.8076641 0.0302792
vn -0.3452590 -0.9384776 0.0074835
vn -0.5888649 -0.8076641 0.0302792
vn -0.5541775 -0.8315930 0.0366106
vn 0.4475272 0.8880470 0.1053182
vn 0.4553745 0.8830845 0.1131184
vn 0.3656850 0.9228020 0.1212887
vn 0.4475272 0.8880470 0.1053182
vn 0.3656850 0.9228020 0.1212887
vn 0.3658205 0.9230575 0.1189124
vn -0.5541775 -0.8315930 0.0366106
vn -0.5888649 -0.8076641 0.0302792
vn -0.6750376 -0.7361613 0.0488956
vn -0.5541775 -0.8315930 0.0366106
vn -0.6750376 -0.7361613 0.0488956
vn -0.6535966 -0.7543260 0.0616751
vn 0.4961213 0.8655618 0.0683114
vn 0.5119484 0.8552102 0.0807735
vn 0.4553745 0.8830845 0.1131184
vn 0.4961213 0.8655618 0.0683114
vn 0.4553745 0.8830845 0.1131184
vn 0.4475272 0.8880470 0.1053182
vn -0.6535966 -0.7543260 0.0616751
vn -0.6750376 -0.7361613 0.0488956
vn -0.6735828 -0.7368752 0.0574548
vn -0.6535966 -0.7543260 0.0616751
vn -0.6735828 -0.7368752 0.0574548
vn -0.6681460 -0.7403410 0.0740004
vn 0.5167193 0.8560596 0.0127744
vn 0.5382570 0.8423183 0.0279150
vn 0.5119484 0.8552102 0.0807735
vn 0.5167193 0.8560596 0.0127744
vn 0.5119484 0.8552102 0.0807735
vn 0.4961213 0.8655618 0.0683114
vn -0.6681460 -0.7403410 0.0740004
vn -0.6735828 -0.7368752 0.0574548
vn -0.6259438 -0.7780444 0.0533034
vn -0.6681460 -0.7403410 0.0740004
vn -0.6259438 -0.7780444 0.0533034
vn -0.6365684 -0.7680794 0.0695316
vn 0.5271641 0.8481912 -0.0516687
vn 0.5500891 0.8343154 -0.0363280
vn 0.5382570 0.8423183 0.0279150
vn 0.5271641 0.8481912 -0.0516687
vn 0.5382570 0.8423183 0.0279150
vn 0.5167193 0.8560596 0.0127744
vn -0.6365684 -0.7680794 0.0695316
vn -0.6259438 -0.7780444 0.0533034
vn -0.5935251 -0.8037314 0.0417595
vn -0.6365684 -0.7680794 0.0695316
vn -0.5935251 -0.8037314 0.0417595
vn -0.6148993 -0.7868549 0.0525193
vn 0.5518626 0.8258667 -0.1157232
vn 0.5716050 0.8141815 -0.1018640
vn 0.5500891 0.8343154 -0.0363280
vn 0.5518626 0.8258667 -0.1157232
vn 0.5500891 0.8343154 -0.0363280
vn 0.5271641 0.8481912 -0.0516687
vn -0.6148993 -0.7868549 0.0525193
vn -0.5935251 -0.8037314 0.0417595
vn -0.6361460 -0.7710338 0.0287269
vn -0.6148993 -0.7868549 0.0525193
vn -0.6361460 -0.7710338 0.0287269
vn -0.6608337 -0.7499485 0.0295987
vn 0.6099910 0.7729496 -0.1745279
vn 0.6236722 0.7645885 -0.1625961
vn 0.5716050 0.8141815 -0.1018640
vn 0.6099910 0.7729496 -0.1745279
vn 0.5716050 0.8141815 -0.1018640
vn 0.5518626 0.8258667 -0.1157232
vn -0.6608337 -0.7499485 0.0295987
vn -0.6361460 -0.7710338 0.0287269
vn -0.7650462 -0.6438417 0.0131228
vn -0.6608337 -0.7499485 0.0295987
vn -0.7650462 -0.6438417 0.0131228
vn -0.7859110 -0.6183335 0.0027454
vn 0.7063794 0.6710616 -0.2251764
vn 0.7132175 0.6670804 -0.2152314
vn 0.6236722 0.7645885 -0.1625961
vn 0.7063794 0.6710616 -0.2251764
vn 0.6236722 0.7645885 -0.1625961
vn 0.6099910 0.7729496 -0.1745279
vn -0.7859110 -0.6183335 0.0027454
vn -0.7650462 -0.6438417 0.0131228
vn -0.9182693 -0.3959052 -0.0063607
vn -0.7859110 -0.6183335 0.0027454
vn -0.9182693 -0.3959052 -0.0063607
vn -0.9281470 -0.3714181 -0.0243259
vn 0.8246583 0.5022000 -0.2602573
vn 0.8259017 0.5038449 -0.2530350
vn 0.7132175 0.6670804 -0.2152314
vn 0.8246583 0.5022000 -0.2602573
vn 0.7132175 0.6670804 -0.2152314
vn 0.7063794 0.6710616 -0.2251764
vn -0.9281470 -0.3714181 -0.0243259
vn -0.9182693 -0.3959052 -0.0063607
vn -0.9973080 -0.0695089 -0.0233490
vn -0.9281470 -0.3714181 -0.0243259
vn -0.9973080 -0.0695089 -0.0233490
vn -0.9976243 -0.0549814 -0.0415069
vn 0.9271996 0.2628365 -0.2668667
vn 0.9263705 0.2686511 -0.2639400
vn 0.8259017 0.5038449 -0.2530350
vn 0.9271996 0.2628365 -0.2668667
vn 0.8259017 0.5038449 -0.2530350
vn 0.8246583 0.5022000 -0.2602573
vn -0.9976243 -0.0549814 -0.0415069
vn -0.9973080 -0.0695089 -0.0233490
vn -0.9982108 0.0509362 -0.0313157
vn -0.9976243 -0.0549814 -0.0415069
vn -0.9982108 0.0509362 -0.0313157
vn -0.9975404 0.0533500 -0.0454630
vn 0.9673718 0.0635727 -0.2452555
vn 0.9667978 0.0669044 -0.2466290
vn 0.9263705 0.2686511 -0.2639400
vn 0.9673718 0.0635727 -0.2452555
vn 0.9263705 0.2686511 -0.2639400
vn 0.9271996 0.2628365 -0.2668667
vn -0.9975404 0.0533500 -0.0454630
vn -0.9982108 0.0509362 -0.0313157
vn -0.9993989 0.0000000 -0.0346676
vn -0.9975404 0.0533500 -0.0454630
vn -0.9993989 0.0000000 -0.0346676
vn -0.9988726 0.0000000 -0.0474719
vn 0.9707456 0.0000000 -0.2401102
vn 0.9702951 0.0000000 -0.2419245
vn 0.9667978 0.0669044 -0.2466290
vn 0.9707456 0.0000000 -0.2401102
vn 0.9667978 0.0669044 -0.2466290
vn 0.9673718 0.0635727 -0.2452555
vn 0.0000000 -1.0000000 0.0000000
vn 0.0000000 -1.0000000 0.0000000
vn 0.0000000 -1.0000000 0.0000000
vn 0.0000000 -1.0000000 0.0000000
vn 0.0000000 -1.0000000 0.0000000
vn 0.0000000 -1.0000000 0.0000000
vn 0.0000000 -1.0000000 0.0000000
vn 0.0000000 -1.0000000 0.0000000
vn 0.0000000 -1.0000000 0.0000000
vn 0.0000000 -1.0000000 0.0000000
vn 0.0000000 -1.0000000 0.0000000
vn 0.0000000 -1.0000000 0.0000000
vn 0.9995580 0.0000000 0.0297290
vn 0.9999071 0.0000000 0.0136327
vn 0.9905525 0.1357330 0.0195501
vn 0.9995580 0.0000000 0.0297290
vn 0.9905525 0.1357330 0.0195501
vn 0.9886174 0.1466477 0.0336179
vn -0.9691066 0.0835845 0.2320475
vn -0.9686074 0.0883655 0.2323603
vn -0.9703410 0.0000000 0.2417402
vn -0.9691066 0.0835845 0.2320475
vn -0.9703410 0.0000000 0.2417402
vn -0.9703749 0.0000000 0.2416041
vn 0.9886174 0.1466477 0.0336179
vn 0.9905525 0.1357330 0.0195501
vn 0.9711765 0.2359235 0.0340053
vn 0.9886174 0.1466477 0.0336179
vn 0.9711765 0.2359235 0.0340053
vn 0.9660251 0.2553783 0.0397161
vn -0.9535385 0.2396459 0.1825765
vn -0.9493283 0.2536352 0.1855936
vn -0.9686074 0.0883655 0.2323603
vn -0.9535385 0.2396459 0.1825765
vn -0.9686074 0.0883655 0.2323603
vn -0.9691066 0.0835845 0.2320475
vn 0.9660251 0.2553783 0.0397161
vn 0.9711765 0.2359235 0.0340053
vn 0.9920838 0.1118036 0.0571820
vn 0.9660251 0.2553783 0.0397161
vn 0.9920838 0.1118036 0.0571820
vn 0.9895410 0.1344261 0.0523278
vn -0.9299044 0.3481456 0.1186274
vn -0.9215283 0.3680119 0.1239065
vn -0.9493283 0.2536352 0.1855936
vn -0.9299044 0.3481456 0.1186274
vn -0.9493283 0.2536352 0.1855936
vn -0.9535385 0.2396459 0.1825765
vn 0.9895410 0.1344261 0.0523278
vn 0.9920838 0.1118036 0.0571820
vn 0.9920466 -0.0963100 0.0810422
vn 0.9895410 0.1344261 0.0523278
vn 0.9920466 -0.0963100 0.0810422
vn 0.9945906 -0.0809037 0.0651473
vn -0.9033175 0.4252394 0.0564714
vn -0.8933218 0.4450234 0.0626933
vn -0.9215283 0.3680119 0.1239065
vn -0.9033175 0.4252394 0.0564714
vn -0.9215283 0.3680119 0.1239065
vn -0.9299044 0.3481456 0.1186274
vn 0.9945906 -0.0809037 0.0651473
vn 0.9920466 -0.0963100 0.0810422
vn 0.9257151 -0.3672468 0.0904509
vn 0.9945906 -0.0809037 0.0651473
vn 0.9257151 -0.3672468 0.0904509
vn 0.9254498 -0.3732089 0.0652516
vn -0.8570177 0.5152768 0.0032387
vn -0.8478566 0.5301501 0.0089463
vn -0.8933218 0.4450234 0.0626933
vn -0.8570177 0.5152768 0.0032387
vn -0.8933218 0.4450234 0.0626933
vn -0.9033175 0.4252394 0.0564714
vn 0.9254498 -0.3732089 0.0652516
vn 0.9257151 -0.3672468 0.0904509
vn 0.7638490 -0.6413395 0.0722387
vn 0.9254498 -0.3732089 0.0652516
vn 0.7638490 -0.6413395 0.0722387
vn 0.7435003 -0.6673037 0.0437387
vn -0.7816961 0.6226355 -0.0357245
vn -0.7755577 0.6304815 -0.0316758
vn -0.8478566 0.5301501 0.0089463
vn -0.7816961 0.6226355 -0.0357245
vn -0.8478566 0.5301501 0.0089463
vn -0.8570177 0.5152768 0.0032387
vn 0.7435003 -0.6673037 0.0437387
vn 0.7638490 -0.6413395 0.0722387
vn 0.5509678 -0.8339180 0.0318629
vn 0.7435003 -0.6673037 0.0437387
vn 0.5509678 -0.8339180 0.0318629
vn 0.5086419 -0.8609218 0.0098547
vn -0.6778380 0.7329168 -0.0580391
vn -0.6760510 0.7346906 -0.0564343
vn -0.7755577 0.6304815 -0.0316758
vn -0.6778380 0.7329168 -0.0580391
vn -0.7755577 0.6304815 -0.0316758
vn -0.7816961 0.6226355 -0.0357245
vn 0.5086419 -0.8609218 0.0098547
vn 0.5509678 -0.8339180 0.0318629
vn 0.3882625 -0.9214756 -0.0116138
vn 0.5086419 -0.8609218 0.0098547
vn 0.3882625 -0.9214756 -0.0116138
vn 0.3395150 -0.9403681 -0.0209123
vn -0.5549293 0.8294650 -0.0635706
vn -0.5576634 0.8275307 -0.0648420
vn -0.6760510 0.7346906 -0.0564343
vn -0.5549293 0.8294650 -0.0635706
vn -0.6760510 0.7346906 -0.0564343
vn -0.6778380 0.7329168 -0.0580391
vn 0.3395150 -0.9403681 -0.0209123
vn 0.3882625 -0.9214756 -0.0116138
vn 0.3255379 -0.9443624 -0.0469537
vn 0.3395150 -0.9403681 -0.0209123
vn 0.3255379 -0.9443624 -0.0469537
vn 0.2849974 -0.9574825 -0.0447620
vn -0.4235175 0.9042963 -0.0536759
vn -0.4301798 0.9008880 -0.0578453
vn -0.5576634 0.8275307 -0.0648420
vn -0.4235175 0.9042963 -0.0536759
vn -0.5576634 0.8275307 -0.0648420
vn -0.5549293 0.8294650 -0.0635706
vn 0.2849974 -0.9574825 -0.0447620
vn 0.3255379 -0.9443624 -0.0469537
vn 0.3315442 -0.9408712 -0.0695693
vn 0.2849974 -0.9574825 -0.0447620
vn 0.3315442 -0.9408712 -0.0695693
vn 0.3113084 -0.9483322 -0.0612630
vn -0.2894079 0.9567141 -0.0306779
vn -0.2991336 0.9534814 -0.0373138
vn -0.4301798 0.9008880 -0.0578453
vn -0.2894079 0.9567141 -0.0306779
vn -0.4301798 0.9008880 -0.0578453
vn -0.4235175 0.9042963 -0.0536759
vn 0.3113084 -0.9483322 -0.0612630
vn 0.3315442 -0.9408712 -0.0695693
vn 0.3365193 -0.9387216 -0.0745422
vn 0.3113084 -0.9483322 -0.0612630
vn 0.3365193 -0.9387216 -0.0745422
vn 0.3432990 -0.9369277 -0.0656679
vn -0.1539781 0.9880719 0.0021744
vn -0.1657422 0.9861508 -0.0060184
vn -0.2991336 0.9534814 -0.0373138
vn -0.1539781 0.9880719 0.0021744
vn -0.2991336 0.9534814 -0.0373138
vn -0.2894079 0.9567141 -0.0306779
vn 0.3432990 -0.9369277 -0.0656679
vn 0.3365193 -0.9387216 -0.0745422
vn 0.2762573 -0.9591039 -0.0616580
vn 0.3432990 -0.9369277 -0.0656679
vn 0.2762573 -0.9591039 -0.0616580
vn 0.3074639 -0.9499103 -0.0560035
vn -0.0172370 0.9990354 0.0403883
vn -0.0296872 0.9990462 0.0320209
vn -0.1657422 0.9861508 -0.0060184
vn -0.0172370 0.9990354 0.0403883
vn -0.1657422 0.9861508 -0.0060184
vn -0.1539781 0.9880719 0.0021744
vn 0.3074639 -0.9499103 -0.0560035
vn 0.2762573 -0.9591039 -0.0616580
vn 0.1120048 -0.9929782 -0.0380675
vn 0.3074639 -0.9499103 -0.0560035
vn 0.1120048 -0.9929782 -0.0380675
vn 0.1580361 -0.9867349 -0.0371327
vn 0.1191887 0.9898067 0.0779536
vn 0.1079219 0.9916089 0.0711659
vn -0.0296872 0.9990462 0.0320209
vn 0.1191887 0.9898067 0.0779536
vn -0.0296872 0.9990462 0.0320209
vn -0.0172370 0.9990354 0.0403883
vn 0.1580361 -0.9867349 -0.0371327
vn 0.1120048 -0.9929782 -0.0380675
vn -0.1502107 -0.9885638 -0.0133562
vn 0.1580361 -0.9867349 -0.0371327
vn -0.1502107 -0.9885638 -0.0133562
vn -0.1026592 -0.9946031 -0.0150251
vn 0.2499680 0.9622677 0.1075030
vn 0.2422538 0.9646065 0.1041507
vn 0.1079219 0.9916089 0.0711659
vn 0.2499680 0.9622677 0.1075030
vn 0.1079219 0.9916089 0.0711659
vn 0.1191887 0.9898067 0.0779536
vn -0.1026592 -0.9946031 -0.0150251
vn -0.1502107 -0.9885638 -0.0133562
vn -0.4271149 -0.9041719 0.0067825
vn -0.1026592 -0.9946031 -0.0150251
vn -0.4271149 -0.9041719 0.0067825
vn -0.3883175 -0.9214927 0.0077866
vn 0.3656850 0.9228020 0.1212887
vn 0.3639885 0.9232615 0.1228844
vn 0.2422538 0.9646065 0.1041507
vn 0.3656850 0.9228020 0.1212887
vn 0.2422538 0.9646065 0.1041507
vn 0.2499680 0.9622677 0.1075030
vn -0.3883175 -0.9214927 0.0077866
vn -0.4271149 -0.9041719 0.0067825
vn -0.6158713 -0.7875215 0.0226384
vn -0.3883175 -0.9214927 0.0077866
vn -0.6158713 -0.7875215 0.0226384
vn -0.5888649 -0.8076641 0.0302792
vn 0.4553745 0.8830845 0.1131184
vn 0.4615118 0.8789332 0.1203465
vn 0.3639885 0.9232615 0.1228844
vn 0.4553745 0.8830845 0.1131184
vn 0.3639885 0.9232615 0.1228844
vn 0.3656850 0.9228020 0.1212887
vn -0.5888649 -0.8076641 0.0302792
vn -0.6158713 -0.7875215 0.0226384
vn -0.6901594 -0.7228306 0.0345811
vn -0.5888649 -0.8076641 0.0302792
vn -0.6901594 -0.7228306 0.0345811
vn -0.6750376 -0.7361613 0.0488956
vn 0.5119484 0.8552102 0.0807735
vn 0.5262734 0.8451995 0.0931346
vn 0.4615118 0.8789332 0.1203465
vn 0.5119484 0.8552102 0.0807735
vn 0.4615118 0.8789332 0.1203465
vn 0.4553745 0.8830845 0.1131184
vn -0.6750376 -0.7361613 0.0488956
vn -0.6901594 -0.7228306 0.0345811
vn -0.6766562 -0.7352624 0.0390582
vn -0.6750376 -0.7361613 0.0488956
vn -0.6766562 -0.7352624 0.0390582
vn -0.6735828 -0.7368752 0.0574548
vn 0.5382570 0.8423183 0.0279150
vn 0.5589741 0.8280368 0.0436240
vn 0.5262734 0.8451995 0.0931346
vn 0.5382570 0.8423183 0.0279150
vn 0.5262734 0.8451995 0.0931346
vn 0.5119484 0.8552102 0.0807735
vn -0.6735828 -0.7368752 0.0574548
vn -0.6766562 -0.7352624 0.0390582
vn -0.6191715 -0.7844714 0.0350896
vn -0.6735828 -0.7368752 0.0574548
vn -0.6191715 -0.7844714 0.0350896
vn -0.6259438 -0.7780444 0.0533034
vn 0.5500891 0.8343154 -0.0363280
vn 0.5731916 0.8191822 -0.0197968
vn 0.5589741 0.8280368 0.0436240
vn 0.5500891 0.8343154 -0.0363280
vn 0.5589741 0.8280368 0.0436240
vn 0.5382570 0.8423183 0.0279150
vn -0.6259438 -0.7780444 0.0533034
vn -0.6191715 -0.7844714 0.0350896
vn -0.5826254 -0.8122276 0.0288793
vn -0.6259438 -0.7780444 0.0533034
vn -0.5826254 -0.8122276 0.0288793
vn -0.5935251 -0.8037314 0.0417595
vn 0.5716050 0.8141815 -0.1018640
vn 0.5923603 0.8010185 -0.0864789
vn 0.5731916 0.8191822 -0.0197968
vn 0.5716050 0.8141815 -0.1018640
vn 0.5731916 0.8191822 -0.0197968
vn 0.5500891 0.8343154 -0.0363280
vn -0.5935251 -0.8037314 0.0417595
vn -0.5826254 -0.8122276 0.0288793
vn -0.6246172 -0.7805168 0.0254341
vn -0.5935251 -0.8037314 0.0417595
vn -0.6246172 -0.7805168 0.0254341
vn -0.6361460 -0.7710338 0.0287269
vn 0.6236722 0.7645885 -0.1625961
vn 0.6387606 0.7548344 -0.1490299
vn 0.5923603 0.8010185 -0.0864789
vn 0.6236722 0.7645885 -0.1625961
vn 0.5923603 0.8010185 -0.0864789
vn 0.5716050 0.8141815 -0.1018640
vn -0.6361460 -0.7710338 0.0287269
vn -0.6246172 -0.7805168 0.0254341
vn -0.7534439 -0.6571641 0.0213931
vn -0.6361460 -0.7710338 0.0287269
vn -0.7534439 -0.6571641 0.0213931
vn -0.7650462 -0.6438417 0.0131228
vn 0.7132175 0.6670804 -0.2152314
vn 0.7215212 0.6617998 -0.2035392
vn 0.6387606 0.7548344 -0.1490299
vn 0.7132175 0.6670804 -0.2152314
vn 0.6387606 0.7548344 -0.1490299
vn 0.6236722 0.7645885 -0.1625961
vn -0.7650462 -0.6438417 0.0131228
vn -0.7534439 -0.6571641 0.0213931
vn -0.9103624 -0.4136609 0.0111793
vn -0.7650462 -0.6438417 0.0131228
vn -0.9103624 -0.4136609 0.0111793
vn -0.9182693 -0.3959052 -0.0063607
vn 0.8259017 0.5038449 -0.2530350
vn 0.8284522 0.5042076 -0.2438067
vn 0.7215212 0.6617998 -0.2035392
vn 0.8259017 0.5038449 -0.2530350
vn 0.7215212 0.6617998 -0.2035392
vn 0.7132175 0.6670804 -0.2152314
vn -0.9182693 -0.3959052 -0.0063607
vn -0.9103624 -0.4136609 0.0111793
vn -0.9962262 -0.0867181 -0.0036620
vn -0.9182693 -0.3959052 -0.0063607
vn -0.9962262 -0.0867181 -0.0036620
vn -0.9973080 -0.0695089 -0.0233490
vn 0.9263705 0.2686511 -0.2639400
vn 0.9264693 0.2734061 -0.2586577
vn 0.8284522 0.5042076 -0.2438067
vn 0.9263705 0.2686511 -0.2639400
vn 0.8284522 0.5042076 -0.2438067
vn 0.8259017 0.5038449 -0.2530350
vn -0.9973080 -0.0695089 -0.0233490
vn -0.9962262 -0.0867181 -0.0036620
vn -0.9988809 0.0449219 -0.0147971
vn -0.9973080 -0.0695089 -0.0233490
vn -0.9988809 0.0449219 -0.0147971
vn -0.9982108 0.0509362 -0.0313157
vn 0.9667978 0.0669044 -0.2466290
vn 0.9668793 0.0698283 -0.2454963
vn 0.9264693 0.2734061 -0.2586577
vn 0.9667978 0.0669044 -0.2466290
vn 0.9264693 0.2734061 -0.2586577
vn 0.9263705 0.2686511 -0.2639400
vn -0.9982108 0.0509362 -0.0313157
vn -0.9988809 0.0449219 -0.0147971
vn -0.9998148 0.0000000 -0.0192427
vn -0.9982108 0.0509362 -0.0313157
vn -0.9998148 0.0000000 -0.0192427
vn -0.9993989 0.0000000 -0.0346676
vn 0.9702951 0.0000000 -0.2419245
vn 0.9704666 0.0000000 -0.2412353
vn 0.9668793 0.0698283 -0.2454963
vn 0.9702951 0.0000000 -0.2419245
vn 0.9668793 0.0698283 -0.2454963
vn 0.9667978 0.0669044 -0.2466290
vn 0.0000000 -1.0000000 0.0000000
vn 0.0000000 -1.0000000 0.0000000
vn 0.0000000 -1.0000000 0.0000000
vn 0.0000000 -1.0000000 0.0000000
vn 0.0000000 -1.0000000 0.0000000
vn 0.0000000 -1.0000000 0.0000000
vn 0.0000000 -1.0000000 0.0000000
vn 0.0000000 -1.0000000 0.0000000
vn 0.0000000 -1.0000000 0.0000000
vn 0.0000000 -1.0000000 0.0000000
vn 0.0000000 -1.0000000 0.0000000
vn 0.0000000 -1.0000000 0.0000000
vn 0.9999071 0.0000000 0.0136327
vn 0.9999925 0.0000000 -0.0038855
vn 0.9930904 0.1172926 0.0037335
vn 0.9999071 0.0000000 0.0136327
vn 0.9930904 0.1172926 0.0037335
vn 0.9905525 0.1357330 0.0195501
vn -0.9686074 0.0883655 0.2323603
vn -0.9686929 0.0927789 0.2302741
vn -0.9709125 0.0000000 0.2394346
vn -0.9686074 0.0883655 0.2323603
vn -0.9709125 0.0000000 0.2394346
vn -0.9703410 0.0000000 0.2417402
vn 0.9905525 0.1357330 0.0195501
vn 0.9930904 0.1172926 0.0037335
vn 0.9792405 0.2010237 0.0260309
vn 0.9905525 0.1357330 0.0195501
vn 0.9792405 0.2010237 0.0260309
vn 0.9711765 0.2359235 0.0340053
vn -0.9493283 0.2536352 0.1855936
vn -0.9455818 0.2667314 0.1863585
vn -0.9686929 0.0927789 0.2302741
vn -0.9493283 0.2536352 0.1855936
vn -0.9686929 0.0927789 0.2302741
vn -0.9686074 0.0883655 0.2323603
vn 0.9711765 0.2359235 0.0340053
vn 0.9792405 0.2010237 0.0260309
vn 0.9955109 0.0738595 0.0591849
vn 0.9711765 0.2359235 0.0340053
vn 0.9955109 0.0738595 0.0591849
vn 0.9920838 0.1118036 0.0571820
vn -0.9215283 0.3680119 0.1239065
vn -0.9132643 0.3870058 0.1271804
vn -0.9455818 0.2667314 0.1863585
vn -0.9215283 0.3680119 0.1239065
vn -0.9455818 0.2667314 0.1863585
vn -0.9493283 0.2536352 0.1855936
vn 0.9920838 0.1118036 0.0571820
vn 0.9955109 0.0738595 0.0591849
vn 0.9878247 -0.1245234 0.0932541
vn 0.9920838 0.1118036 0.0571820
vn 0.9878247 -0.1245234 0.0932541
vn 0.9920466 -0.0963100 0.0810422
vn -0.8933218 0.4450234 0.0626933
vn -0.8830304 0.4644720 0.0672541
vn -0.9132643 0.3870058 0.1271804
vn -0.8933218 0.4450234 0.0626933
vn -0.9132643 0.3870058 0.1271804
vn -0.9215283 0.3680119 0.1239065
vn 0.9920466 -0.0963100 0.0810422
vn 0.9878247 -0.1245234 0.0932541
vn 0.9229382 -0.3684127 0.1116116
vn 0.9920466 -0.0963100 0.0810422
vn 0.9229382 -0.3684127 0.1116116
vn 0.9257151 -0.3672468 0.0904509
vn -0.8478566 0.5301501 0.0089463
vn -0.8381200 0.5453215 0.0133911
vn -0.8830304 0.4644720 0.0672541
vn -0.8478566 0.5301501 0.0089463
vn -0.8830304 0.4644720 0.0672541
vn -0.8933218 0.4450234 0.0626933
vn 0.9257151 -0.3672468 0.0904509
vn 0.9229382 -0.3684127 0.1116116
vn 0.7841646 -0.6126355 0.0988109
vn 0.9257151 -0.3672468 0.0904509
vn 0.7841646 -0.6126355 0.0988109
vn 0.7638490 -0.6413395 0.0722387
vn -0.7755577 0.6304815 -0.0316758
vn -0.7686798 0.6389989 -0.0284921
vn -0.8381200 0.5453215 0.0133911
vn -0.7755577 0.6304815 -0.0316758
vn -0.8381200 0.5453215 0.0133911
vn -0.8478566 0.5301501 0.0089463
vn 0.7638490 -0.6413395 0.0722387
vn 0.7841646 -0.6126355 0.0988109
vn 0.6029568 -0.7957883 0.0562494
vn 0.7638490 -0.6413395 0.0722387
vn 0.6029568 -0.7957883 0.0562494
vn 0.5509678 -0.8339180 0.0318629
vn -0.6760510 0.7346906 -0.0564343
vn -0.6734407 0.7371688 -0.0553161
vn -0.7686798 0.6389989 -0.0284921
vn -0.6760510 0.7346906 -0.0564343
vn -0.7686798 0.6389989 -0.0284921
vn -0.7755577 0.6304815 -0.0316758
vn 0.5509678 -0.8339180 0.0318629
vn 0.6029568 -0.7957883 0.0562494
vn 0.4539691 -0.8910130 0.0028128
vn 0.5509678 -0.8339180 0.0318629
vn 0.4539691 -0.8910130 0.0028128
vn 0.3882625 -0.9214756 -0.0116138
vn -0.5576634 0.8275307 -0.0648420
vn -0.5595743 0.8261258 -0.0662786
vn -0.6734407 0.7371688 -0.0553161
vn -0.5576634 0.8275307 -0.0648420
vn -0.6734407 0.7371688 -0.0553161
vn -0.6760510 0.7346906 -0.0564343
vn 0.3882625 -0.9214756 -0.0116138
vn 0.4539691 -0.8910130 0.0028128
vn 0.3806262 -0.9236866 -0.0438949
vn 0.3882625 -0.9214756 -0.0116138
vn 0.3806262 -0.9236866 -0.0438949
vn 0.3255379 -0.9443624 -0.0469537
vn -0.4301798 0.9008880 -0.0578453
vn -0.4361011 0.8977615 -0.0619685
vn -0.5595743 0.8261258 -0.0662786
vn -0.4301798 0.9008880 -0.0578453
vn -0.5595743 0.8261258 -0.0662786
vn -0.5576634 0.8275307 -0.0648420
vn 0.3255379 -0.9443624 -0.0469537
vn 0.3806262 -0.9236866 -0.0438949
vn 0.3582261 -0.9307032 -0.0739295
vn 0.3255379 -0.9443624 -0.0469537
vn 0.3582261 -0.9307032 -0.0739295
vn 0.3315442 -0.9408712 -0.0695693
vn -0.2991336 0.9534814 -0.0373138
vn -0.3082839 0.9502838 -0.0438379
vn -0.4361011 0.8977615 -0.0619685
vn -0.2991336 0.9534814 -0.0373138
vn -0.4361011 0.8977615 -0.0619685
vn -0.4301798 0.9008880 -0.0578453
vn 0.3315442 -0.9408712 -0.0695693
vn 0.3582261 -0.9307032 -0.0739295
vn 0.3281970 -0.9410939 -0.0814193
vn 0.3315442 -0.9408712 -0.0695693
vn 0.3281970 -0.9410939 -0.0814193
vn 0.3365193 -0.9387216 -0.0745422
vn -0.1657422 0.9861508 -0.0060184
vn -0.1771988 0.9840728 -0.0141903
vn -0.3082839 0.9502838 -0.0438379
vn -0.1657422 0.9861508 -0.0060184
vn -0.3082839 0.9502838 -0.0438379
vn -0.2991336 0.9534814 -0.0373138
vn 0.3365193 -0.9387216 -0.0745422
vn 0.3281970 -0.9410939 -0.0814193
vn 0.2381758 -0.9688938 -0.0672092
vn 0.3365193 -0.9387216 -0.0745422
vn 0.2381758 -0.9688938 -0.0672092
vn 0.2762573 -0.9591039 -0.0616580
vn -0.0296872 0.9990462 0.0320209
vn -0.0422201 0.9988331 0.0234493
vn -0.1771988 0.9840728 -0.0141903
vn -0.0296872 0.9990462 0.0320209
vn -0.1771988 0.9840728 -0.0141903
vn -0.1657422 0.9861508 -0.0060184
vn 0.2762573 -0.9591039 -0.0616580
vn 0.2381758 -0.9688938 -0.0672092
vn 0.0582498 -0.9974904 -0.0402478
vn 0.2762573 -0.9591039 -0.0616580
vn 0.0582498 -0.9974904 -0.0402478
vn 0.1120048 -0.9929782 -0.0380675
vn 0.1079219 0.9916089 0.0711659
vn 0.0960774 0.9933219 0.0638814
vn -0.0422201 0.9988331 0.0234493
vn 0.1079219 0.9916089 0.0711659
vn -0.0422201 0.9988331 0.0234493
vn -0.0296872 0.9990462 0.0320209
vn 0.1120048 -0.9929782 -0.0380675
vn 0.0582498 -0.9974904 -0.0402478
vn -0.2003927 -0.9796225 -0.0135065
vn 0.1120048 -0.9929782 -0.0380675
vn -0.2003927 -0.9796225 -0.0135065
vn -0.1502107 -0.9885638 -0.0133562
vn 0.2422538 0.9646065 0.1041507
vn 0.2334402 0.9672101 0.1000520
vn 0.0960774 0.9933219 0.0638814
vn 0.2422538 0.9646065 0.1041507
vn 0.0960774 0.9933219 0.0638814
vn 0.1079219 0.9916089 0.0711659
vn -0.1502107 -0.9885638 -0.0133562
vn -0.2003927 -0.9796225 -0.0135065
vn -0.4613552 -0.8872056 0.0041978
vn -0.1502107 -0.9885638 -0.0133562
vn -0.4613552 -0.8872056 0.0041978
vn -0.4271149 -0.9041719 0.0067825
vn 0.3639885 0.9232615 0.1228844
vn 0.3607669 0.9244238 0.1236444
vn 0.2334402 0.9672101 0.1000520
vn 0.3639885 0.9232615 0.1228844
vn 0.2334402 0.9672101 0.1000520
vn 0.2422538 0.9646065 0.1041507
vn -0.4271149 -0.9041719 0.0067825
vn -0.4613552 -0.8872056 0.0041978
vn -0.6350979 -0.7723075 0.0138488
vn -0.4271149 -0.9041719 0.0067825
vn -0.6350979 -0.7723075 0.0138488
vn -0.6158713 -0.7875215 0.0226384
vn 0.4615118 0.8789332 0.1203465
vn 0.4659075 0.8756883 0.1268868
vn 0.3607669 0.9244238 0.1236444
vn 0.4615118 0.8789332 0.1203465
vn 0.3607669 0.9244238 0.1236444
vn 0.3639885 0.9232615 0.1228844
vn -0.6158713 -0.7875215 0.0226384
vn -0.6350979 -0.7723075 0.0138488
vn -0.6984508 -0.7154009 0.0191856
vn -0.6158713 -0.7875215 0.0226384
vn -0.6984508 -0.7154009 0.0191856
vn -0.6901594 -0.7228306 0.0345811
vn 0.5262734 0.8451995 0.0931346
vn 0.5389578 0.8357345 0.1052250
vn 0.4659075 0.8756883 0.1268868
vn 0.5262734 0.8451995 0.0931346
vn 0.4659075 0.8756883 0.1268868
vn 0.4615118 0.8789332 0.1203465
vn -0.6901594 -0.7228306 0.0345811
vn -0.6984508 -0.7154009 0.0191856
vn -0.6765205 -0.7361664 0.0194697
vn -0.6901594 -0.7228306 0.0345811
vn -0.6765205 -0.7361664 0.0194697
vn -0.6766562 -0.7352624 0.0390582
vn 0.5589741 0.8280368 0.0436240
vn 0.5786044 0.8134194 0.0597154
vn 0.5389578 0.8357345 0.1052250
vn 0.5589741 0.8280368 0.0436240
vn 0.5389578 0.8357345 0.1052250
vn 0.5262734 0.8451995 0.0931346
vn -0.6766562 -0.7352624 0.0390582
vn -0.6765205 -0.7361664 0.0194697
vn -0.6153821 -0.7880731 0.0156728
vn -0.6766562 -0.7352624 0.0390582
vn -0.6153821 -0.7880731 0.0156728
vn -0.6191715 -0.7844714 0.0350896
vn 0.5731916 0.8191822 -0.0197968
vn 0.5961581 0.8028641 -0.0022039
vn 0.5786044 0.8134194 0.0597154
vn 0.5731916 0.8191822 -0.0197968
vn 0.5786044 0.8134194 0.0597154
vn 0.5589741 0.8280368 0.0436240
vn -0.6191715 -0.7844714 0.0350896
vn -0.6153821 -0.7880731 0.0156728
vn -0.5812493 -0.8135947 0.0145924
vn -0.6191715 -0.7844714 0.0350896
vn -0.5812493 -0.8135947 0.0145924
vn -0.5826254 -0.8122276 0.0288793
vn 0.5923603 0.8010185 -0.0864789
vn 0.6138891 0.7863169 -0.0696130
vn 0.5961581 0.8028641 -0.0022039
vn 0.5923603 0.8010185 -0.0864789
vn 0.5961581 0.8028641 -0.0022039
vn 0.5731916 0.8191822 -0.0197968
vn -0.5826254 -0.8122276 0.0288793
vn -0.5812493 -0.8135947 0.0145924
vn -0.6256500 -0.7798425 0.0201918
vn -0.5826254 -0.8122276 0.0288793
vn -0.6256500 -0.7798425 0.0201918
vn -0.6246172 -0.7805168 0.0254341
vn 0.6387606 0.7548344 -0.1490299
vn 0.6551137 0.7435812 -0.1338398
vn 0.6138891 0.7863169 -0.0696130
vn 0.6387606 0.7548344 -0.1490299
vn 0.6138891 0.7863169 -0.0696130
vn 0.5923603 0.8010185 -0.0864789
vn -0.6246172 -0.7805168 0.0254341
vn -0.6256500 -0.7798425 0.0201918
vn -0.7517909 -0.6588307 0.0274345
vn -0.6246172 -0.7805168 0.0254341
vn -0.7517909 -0.6588307 0.0274345
vn -0.7534439 -0.6571641 0.0213931
vn 0.7215212 0.6617998 -0.2035392
vn 0.7311961 0.6551349 -0.1901331
vn 0.6551137 0.7435812 -0.1338398
vn 0.7215212 0.6617998 -0.2035392
vn 0.6551137 0.7435812 -0.1338398
vn 0.6387606 0.7548344 -0.1490299
vn -0.7534439 -0.6571641 0.0213931
vn -0.7517909 -0.6588307 0.0274345
vn -0.9055275 -0.4234057 0.0273408
vn -0.7534439 -0.6571641 0.0213931
vn -0.9055275 -0.4234057 0.0273408
vn -0.9103624 -0.4136609 0.0111793
vn 0.8284522 0.5042076 -0.2438067
vn 0.8322350 0.5032478 -0.2326512
vn 0.7311961 0.6551349 -0.1901331
vn 0.8284522 0.5042076 -0.2438067
vn 0.7311961 0.6551349 -0.1901331
vn 0.7215212 0.6617998 -0.2035392
vn -0.9103624 -0.4136609 0.0111793
vn -0.9055275 -0.4234057 0.0273408
vn -0.9943385 -0.1049869 0.0163939
vn -0.9103624 -0.4136609 0.0111793
vn -0.9943385 -0.1049869 0.0163939
vn -0.9962262 -0.0867181 -0.0036620
vn 0.9264693 0.2734061 -0.2586577
vn 0.9274464 0.2770911 -0.2511247
vn 0.8322350 0.5032478 -0.2326512
vn 0.9264693 0.2734061 -0.2586577
vn 0.8322350 0.5032478 -0.2326512
vn 0.8284522 0.5042076 -0.2438067
vn -0.9962262 -0.0867181 -0.0036620
vn -0.9943385 -0.1049869 0.0163939
vn -0.9993527 0.0358363 0.0031671
vn -0.9962262 -0.0867181 -0.0036620
vn -0.9993527 0.0358363 0.0031671
vn -0.9988809 0.0449219 -0.0147971
vn 0.9668793 0.0698283 -0.2454963
vn 0.9675872 0.0723424 -0.2419535
vn 0.9274464 0.2770911 -0.2511247
vn 0.9668793 0.0698283 -0.2454963
vn 0.9274464 0.2770911 -0.2511247
vn 0.9264693 0.2734061 -0.2586577
vn -0.9988809 0.0449219 -0.0147971
vn -0.9993527 0.0358363 0.0031671
vn -0.9999978 0.0000000 -0.0020778
vn -0.9988809 0.0449219 -0.0147971
vn -0.9999978 0.0000000 -0.0020778
vn -0.9998148 0.0000000 -0.0192427
vn 0.9704666 0.0000000 -0.2412353
vn 0.9712312 0.0000000 -0.2381384
vn 0.9675872 0.0723424 -0.2419535
vn 0.9704666 0.0000000 -0.2412353
vn 0.9675872 0.0723424 -0.2419535
vn 0.9668793 0.0698283 -0.2454963
vn 0.0000000 -1.0000000 0.0000000
vn 0.0000000 -1.0000000 0.0000000
vn 0.0000000 -1.0000000 0.0000000
vn 0.0000000 -1.0000000 0.0000000
vn 0.0000000 -1.0000000 0.0000000
vn 0.0000000 -1.0000000 0.0000000
vn 0.0000000 -1.0000000 0.0000000
vn 0.0000000 -1.0000000 0.0000000
vn 0.0000000 -1.0000000 0.0000000
vn 0.0000000 -1.0000000 0.0000000
vn 0.0000000 -1.0000000 0.0000000
vn 0.0000000 -1.0000000 0.0000000
vn 0.9999925 0.0000000 -0.0038855
vn 0.9997621 0.0000000 -0.0218102
vn 0.9956925 0.0918079 -0.0129520
vn 0.9999925 0.0000000 -0.0038855
vn 0.9956925 0.0918079 -0.0129520
vn 0.9930904 0.1172926 0.0037335
vn -0.9686929 0.0927789 0.2302741
vn -0.9693273 0.0968188 0.2258998
vn -0.9720449 0.0000000 0.2347951
vn -0.9686929 0.0927789 0.2302741
vn -0.9720449 0.0000000 0.2347951
vn -0.9709125 0.0000000 0.2394346
vn 0.9930904 0.1172926 0.0037335
vn 0.9956925 0.0918079 -0.0129520
vn 0.9884693 0.1505576 0.0161489
vn 0.9930904 0.1172926 0.0037335
vn 0.9884693 0.1505576 0.0161489
vn 0.9792405 0.2010237 0.0260309
vn -0.9455818 0.2667314 0.1863585
vn -0.9423325 0.2789089 0.1849846
vn -0.9693273 0.0968188 0.2258998
vn -0.9455818 0.2667314 0.1863585
vn -0.9693273 0.0968188 0.2258998
vn -0.9686929 0.0927789 0.2302741
vn 0.9792405 0.2010237 0.0260309
vn 0.9884693 0.1505576 0.0161489
vn 0.9980875 0.0203171 0.0583829
vn 0.9792405 0.2010237 0.0260309
vn 0.9980875 0.0203171 0.0583829
vn 0.9955109 0.0738595 0.0591849
vn -0.9132643 0.3870058 0.1271804
vn -0.9052113 0.4050517 0.1285521
vn -0.9423325 0.2789089 0.1849846
vn -0.9132643 0.3870058 0.1271804
vn -0.9423325 0.2789089 0.1849846
vn -0.9455818 0.2667314 0.1863585
vn 0.9955109 0.0738595 0.0591849
vn 0.9980875 0.0203171 0.0583829
vn 0.9809534 -0.1655779 0.1015598
vn 0.9955109 0.0738595 0.0591849
vn 0.9809534 -0.1655779 0.1015598
vn 0.9878247 -0.1245234 0.0932541
vn -0.8830304 0.4644720 0.0672541
vn -0.8725477 0.4834546 0.0702295
vn -0.9052113 0.4050517 0.1285521
vn -0.8830304 0.4644720 0.0672541
vn -0.9052113 0.4050517 0.1285521
vn -0.9132643 0.3870058 0.1271804
vn 0.9878247 -0.1245234 0.0932541
vn 0.9809534 -0.1655779 0.1015598
vn 0.9169993 -0.3777872 0.1280204
vn 0.9878247 -0.1245234 0.0932541
vn 0.9169993 -0.3777872 0.1280204
vn 0.9229382 -0.3684127 0.1116116
vn -0.8381200 0.5453215 0.0133911
vn -0.8278813 0.5606569 0.0166216
vn -0.8725477 0.4834546 0.0702295
vn -0.8381200 0.5453215 0.0133911
vn -0.8725477 0.4834546 0.0702295
vn -0.8830304 0.4644720 0.0672541
vn 0.9229382 -0.3684127 0.1116116
vn 0.9169993 -0.3777872 0.1280204
vn 0.8025398 -0.5840396 0.1217690
vn 0.9229382 -0.3684127 0.1116116
vn 0.8025398 -0.5840396 0.1217690
vn 0.7841646 -0.6126355 0.0988109
vn -0.7686798 0.6389989 -0.0284921
vn -0.7611090 0.6480965 -0.0261524
vn -0.8278813 0.5606569 0.0166216
vn -0.7686798 0.6389989 -0.0284921
vn -0.8278813 0.5606569 0.0166216
vn -0.8381200 0.5453215 0.0133911
vn 0.7841646 -0.6126355 0.0988109
vn 0.8025398 -0.5840396 0.1217690
vn 0.6594349 -0.7473694 0.0811456
vn 0.7841646 -0.6126355 0.0988109
vn 0.6594349 -0.7473694 0.0811456
vn 0.6029568 -0.7957883 0.0562494
vn -0.6734407 0.7371688 -0.0553161
vn -0.6700382 0.7403094 -0.0546889
vn -0.7611090 0.6480965 -0.0261524
vn -0.6734407 0.7371688 -0.0553161
vn -0.7611090 0.6480965 -0.0261524
vn -0.7686798 0.6389989 -0.0284921
vn 0.6029568 -0.7957883 0.0562494
vn 0.6594349 -0.7473694 0.0811456
vn 0.5321186 -0.8463853 0.0219486
vn 0.6029568 -0.7957883 0.0562494
vn 0.5321186 -0.8463853 0.0219486
vn 0.4539691 -0.8910130 0.0028128
vn -0.5595743 0.8261258 -0.0662786
vn -0.5606793 0.8252446 -0.0678983
vn -0.6700382 0.7403094 -0.0546889
vn -0.5595743 0.8261258 -0.0662786
vn -0.6700382 0.7403094 -0.0546889
vn -0.6734407 0.7371688 -0.0553161
vn 0.4539691 -0.8910130 0.0028128
vn 0.5321186 -0.8463853 0.0219486
vn 0.4486852 -0.8930145 -0.0347372
vn 0.4539691 -0.8910130 0.0028128
vn 0.4486852 -0.8930145 -0.0347372
vn 0.3806262 -0.9236866 -0.0438949
vn -0.4361011 0.8977615 -0.0619685
vn -0.4412803 0.8949347 -0.0660582
vn -0.5606793 0.8252446 -0.0678983
vn -0.4361011 0.8977615 -0.0619685
vn -0.5606793 0.8252446 -0.0678983
vn -0.5595743 0.8261258 -0.0662786
vn 0.3806262 -0.9236866 -0.0438949
vn 0.4486852 -0.8930145 -0.0347372
vn 0.3922121 -0.9169541 -0.0732447
vn 0.3806262 -0.9236866 -0.0438949
vn 0.3922121 -0.9169541 -0.0732447
vn 0.3582261 -0.9307032 -0.0739295
vn -0.3082839 0.9502838 -0.0438379
vn -0.3168314 0.9471502 -0.0502432
vn -0.4412803 0.8949347 -0.0660582
vn -0.3082839 0.9502838 -0.0438379
vn -0.4412803 0.8949347 -0.0660582
vn -0.4361011 0.8977615 -0.0619685
vn 0.3582261 -0.9307032 -0.0739295
vn 0.3922121 -0.9169541 -0.0732447
vn 0.3205500 -0.9433735 -0.0854052
vn 0.3582261 -0.9307032 -0.0739295
vn 0.3205500 -0.9433735 -0.0854052
vn 0.3281970 -0.9410939 -0.0814193
vn -0.1771988 0.9840728 -0.0141903
vn -0.1882887 0.9818603 -0.0223092
vn -0.3168314 0.9471502 -0.0502432
vn -0.1771988 0.9840728 -0.0141903
vn -0.3168314 0.9471502 -0.0502432
vn -0.3082839 0.9502838 -0.0438379
vn 0.3281970 -0.9410939 -0.0814193
vn 0.3205500 -0.9433735 -0.0854052
vn 0.1959993 -0.9779527 -0.0720611
vn 0.3281970 -0.9410939 -0.0814193
vn 0.1959993 -0.9779527 -0.0720611
vn 0.2381758 -0.9688938 -0.0672092
vn -0.0422201 0.9988331 0.0234493
vn -0.0547460 0.9983918 0.0147225
vn -0.1882887 0.9818603 -0.0223092
vn -0.0422201 0.9988331 0.0234493
vn -0.1882887 0.9818603 -0.0223092
vn -0.1771988 0.9840728 -0.0141903
vn 0.2381758 -0.9688938 -0.0672092
vn 0.1959993 -0.9779527 -0.0720611
vn -0.0003071 -0.9990542 -0.0434814
vn 0.2381758 -0.9688938 -0.0672092
vn -0.0003071 -0.9990542 -0.0434814
vn 0.0582498 -0.9974904 -0.0402478
vn 0.0960774 0.9933219 0.0638814
vn 0.0837586 0.9949032 0.0561441
vn -0.0547460 0.9983918 0.0147225
vn 0.0960774 0.9933219 0.0638814
vn -0.0547460 0.9983918 0.0147225
vn -0.0422201 0.9988331 0.0234493
vn 0.0582498 -0.9974904 -0.0402478
vn -0.0003071 -0.9990542 -0.0434814
vn -0.2513015 -0.9677829 -0.0156134
vn 0.0582498 -0.9974904 -0.0402478
vn -0.2513015 -0.9677829 -0.0156134
vn -0.2003927 -0.9796225 -0.0135065
vn 0.2334402 0.9672101 0.1000520
vn 0.2236171 0.9700151 0.0952157
vn 0.0837586 0.9949032 0.0561441
vn 0.2334402 0.9672101 0.1000520
vn 0.0837586 0.9949032 0.0561441
vn 0.0960774 0.9933219 0.0638814
vn -0.2003927 -0.9796225 -0.0135065
vn -0.2513015 -0.9677829 -0.0156134
vn -0.4907428 -0.8713045 -0.0000574
vn -0.2003927 -0.9796225 -0.0135065
vn -0.4907428 -0.8713045 -0.0000574
vn -0.4613552 -0.8872056 0.0041978
vn 0.3607669 0.9244238 0.1236444
vn 0.3560716 0.9262590 0.1235205
vn 0.2236171 0.9700151 0.0952157
vn 0.3607669 0.9244238 0.1236444
vn 0.2236171 0.9700151 0.0952157
vn 0.2334402 0.9672101 0.1000520
vn -0.4613552 -0.8872056 0.0041978
vn -0.4907428 -0.8713045 -0.0000574
vn -0.6466125 -0.7628074 0.0041375
vn -0.4613552 -0.8872056 0.0041978
vn -0.6466125 -0.7628074 0.0041375
vn -0.6350979 -0.7723075 0.0138488
vn 0.4659075 0.8756883 0.1268868
vn 0.4685542 0.8734227 0.1326264
vn 0.3560716 0.9262590 0.1235205
vn 0.4659075 0.8756883 0.1268868
vn 0.3560716 0.9262590 0.1235205
vn 0.3607669 0.9244238 0.1236444
vn -0.6350979 -0.7723075 0.0138488
vn -0.6466125 -0.7628074 0.0041375
vn -0.6995161 -0.7146097 0.0032084
vn -0.6350979 -0.7723075 0.0138488
vn -0.6995161 -0.7146097 0.0032084
vn -0.6984508 -0.7154009 0.0191856
vn 0.5389578 0.8357345 0.1052250
vn 0.5498976 0.8270155 0.1168677
vn 0.4685542 0.8734227 0.1326264
vn 0.5389578 0.8357345 0.1052250
vn 0.4685542 0.8734227 0.1326264
vn 0.4659075 0.8756883 0.1268868
vn -0.6984508 -0.7154009 0.0191856
vn -0.6995161 -0.7146097 0.0032084
vn -0.6725304 -0.7400692 -0.0006330
vn -0.6984508 -0.7154009 0.0191856
vn -0.6725304 -0.7400692 -0.0006330
vn -0.6765205 -0.7361664 0.0194697
vn 0.5786044 0.8134194 0.0597154
vn 0.5969085 0.7987039 0.0759759
vn 0.5498976 0.8270155 0.1168677
vn 0.5786044 0.8134194 0.0597154
vn 0.5498976 0.8270155 0.1168677
vn 0.5389578 0.8357345 0.1052250
vn -0.6765205 -0.7361664 0.0194697
vn -0.6725304 -0.7400692 -0.0006330
vn -0.6138504 -0.7894110 -0.0042461
vn -0.6765205 -0.7361664 0.0194697
vn -0.6138504 -0.7894110 -0.0042461
vn -0.6153821 -0.7880731 0.0156728
vn 0.5961581 0.8028641 -0.0022039
vn 0.6186647 0.7854866 0.0162746
vn 0.5969085 0.7987039 0.0759759
vn 0.5961581 0.8028641 -0.0022039
vn 0.5969085 0.7987039 0.0759759
vn 0.5786044 0.8134194 0.0597154
vn -0.6153821 -0.7880731 0.0156728
vn -0.6138504 -0.7894110 -0.0042461
vn -0.5882904 -0.8086496 -0.0005359
vn -0.6153821 -0.7880731 0.0156728
vn -0.5882904 -0.8086496 -0.0005359
vn -0.5812493 -0.8135947 0.0145924
vn 0.6138891 0.7863169 -0.0696130
vn 0.6359121 0.7700509 -0.0513554
vn 0.6186647 0.7854866 0.0162746
vn 0.6138891 0.7863169 -0.0696130
vn 0.6186647 0.7854866 0.0162746
vn 0.5961581 0.8028641 -0.0022039
vn -0.5812493 -0.8135947 0.0145924
vn -0.5882904 -0.8086496 -0.0005359
vn -0.6380818 -0.7698519 0.0134040
vn -0.5812493 -0.8135947 0.0145924
vn -0.6380818 -0.7698519 0.0134040
vn -0.6256500 -0.7798425 0.0201918
vn 0.6551137 0.7435812 -0.1338398
vn 0.6725520 0.7307325 -0.1170631
vn 0.6359121 0.7700509 -0.0513554
vn 0.6551137 0.7435812 -0.1338398
vn 0.6359121 0.7700509 -0.0513554
vn 0.6138891 0.7863169 -0.0696130
vn -0.6256500 -0.7798425 0.0201918
vn -0.6380818 -0.7698519 0.0134040
vn -0.7599169 -0.6492677 0.0312685
vn -0.6256500 -0.7798425 0.0201918
vn -0.7599169 -0.6492677 0.0312685
vn -0.7517909 -0.6588307 0.0274345
vn 0.7311961 0.6551349 -0.1901331
vn 0.7421238 0.6469979 -0.1750600
vn 0.6725520 0.7307325 -0.1170631
vn 0.7311961 0.6551349 -0.1901331
vn 0.6725520 0.7307325 -0.1170631
vn 0.6551137 0.7435812 -0.1338398
vn -0.7517909 -0.6588307 0.0274345
vn -0.7599169 -0.6492677 0.0312685
vn -0.9045981 -0.4242521 0.0413823
vn -0.7517909 -0.6588307 0.0274345
vn -0.9045981 -0.4242521 0.0413823
vn -0.9055275 -0.4234057 0.0273408
vn 0.8322350 0.5032478 -0.2326512
vn 0.8371569 0.5009184 -0.2196567
vn 0.7421238 0.6469979 -0.1750600
vn 0.8322350 0.5032478 -0.2326512
vn 0.7421238 0.6469979 -0.1750600
vn 0.7311961 0.6551349 -0.1901331
vn -0.9055275 -0.4234057 0.0273408
vn -0.9045981 -0.4242521 0.0413823
vn -0.9918120 -0.1226329 0.0356380
vn -0.9055275 -0.4234057 0.0273408
vn -0.9918120 -0.1226329 0.0356380
vn -0.9943385 -0.1049869 0.0163939
vn 0.9274464 0.2770911 -0.2511247
vn 0.9292310 0.2796914 -0.2414590
vn 0.8371569 0.5009184 -0.2196567
vn 0.9274464 0.2770911 -0.2511247
vn 0.8371569 0.5009184 -0.2196567
vn 0.8322350 0.5032478 -0.2326512
vn -0.9943385 -0.1049869 0.0163939
vn -0.9918120 -0.1226329 0.0356380
vn -0.9994716 0.0243375 0.0215465
vn -0.9943385 -0.1049869 0.0163939
vn -0.9994716 0.0243375 0.0215465
vn -0.9993527 0.0358363 0.0031671
vn 0.9675872 0.0723424 -0.2419535
vn 0.9688695 0.0744446 -0.2361141
vn 0.9292310 0.2796914 -0.2414590
vn 0.9675872 0.0723424 -0.2419535
vn 0.9292310 0.2796914 -0.2414590
vn 0.9274464 0.2770911 -0.2511247
vn -0.9993527 0.0358363 0.0031671
vn -0.9994716 0.0243375 0.0215465
vn -0.9998746 0.0000000 0.0158364
vn -0.9993527 0.0358363 0.0031671
vn -0.9998746 0.0000000 0.0158364
vn -0.9999978 0.0000000 -0.0020778
vn 0.9712312 0.0000000 -0.2381384
vn 0.9725372 0.0000000 -0.2327475
vn 0.9688695 0.0744446 -0.2361141
vn 0.9712312 0.0000000 -0.2381384
vn 0.9688695 0.0744446 -0.2361141
vn 0.9675872 0.0723424 -0.2419535
vn 0.0000000 -1.0000000 0.0000000
vn 0.0000000 -1.0000000 0.0000000
vn 0.0000000 -1.0000000 0.0000000
vn 0.0000000 -1.0000000 0.0000000
vn 0.0000000 -1.0000000 0.0000000
vn 0.0000000 -1.0000000 0.0000000
vn 0.0000000 -1.0000000 0.0000000
vn 0.0000000 -1.0000000 0.0000000
vn 0.0000000 -1.0000000 0.0000000
vn 0.0000000 -1.0000000 0.0000000
vn 0.0000000 -1.0000000 0.0000000
vn 0.0000000 -1.0000000 0.0000000
vn 0.9997621 0.0000000 -0.0218102
vn 0.9992356 0.0000000 -0.0390933
vn 0.9977332 0.0604584 -0.0295501
vn 0.9997621 0.0000000 -0.0218102
vn 0.9977332 0.0604584 -0.0295501
vn 0.9956925 0.0918079 -0.0129520
vn -0.9693273 0.0968188 0.2258998
vn -0.9704545 0.1004802 0.2193667
vn -0.9736733 0.0000000 0.2279480
vn -0.9693273 0.0968188 0.2258998
vn -0.9736733 0.0000000 0.2279480
vn -0.9720449 0.0000000 0.2347951
vn 0.9956925 0.0918079 -0.0129520
vn 0.9977332 0.0604584 -0.0295501
vn 0.9963324 0.0854332 0.0047921
vn 0.9956925 0.0918079 -0.0129520
vn 0.9963324 0.0854332 0.0047921
vn 0.9884693 0.1505576 0.0161489
vn -0.9423325 0.2789089 0.1849846
vn -0.9395923 0.2901492 0.1816034
vn -0.9704545 0.1004802 0.2193667
vn -0.9423325 0.2789089 0.1849846
vn -0.9704545 0.1004802 0.2193667
vn -0.9693273 0.0968188 0.2258998
vn 0.9884693 0.1505576 0.0161489
vn 0.9963324 0.0854332 0.0047921
vn 0.9973218 -0.0484757 0.0547655
vn 0.9884693 0.1505576 0.0161489
vn 0.9973218 -0.0484757 0.0547655
vn 0.9980875 0.0203171 0.0583829
vn -0.9052113 0.4050517 0.1285521
vn -0.8974510 0.4220904 0.1281461
vn -0.9395923 0.2901492 0.1816034
vn -0.9052113 0.4050517 0.1285521
vn -0.9395923 0.2901492 0.1816034
vn -0.9423325 0.2789089 0.1849846
vn 0.9980875 0.0203171 0.0583829
vn 0.9973218 -0.0484757 0.0547655
vn 0.9699583 -0.2191043 0.1057080
vn 0.9980875 0.0203171 0.0583829
vn 0.9699583 -0.2191043 0.1057080
vn 0.9809534 -0.1655779 0.1015598
vn -0.8725477 0.4834546 0.0702295
vn -0.8619724 0.5018564 0.0717199
vn -0.8974510 0.4220904 0.1281461
vn -0.8725477 0.4834546 0.0702295
vn -0.8974510 0.4220904 0.1281461
vn -0.9052113 0.4050517 0.1285521
vn 0.9809534 -0.1655779 0.1015598
vn 0.9699583 -0.2191043 0.1057080
vn 0.9076445 -0.3959906 0.1391864
vn 0.9809534 -0.1655779 0.1015598
vn 0.9076445 -0.3959906 0.1391864
vn 0.9169993 -0.3777872 0.1280204
vn -0.8278813 0.5606569 0.0166216
vn -0.8172149 0.5760292 0.0187118
vn -0.8619724 0.5018564 0.0717199
vn -0.8278813 0.5606569 0.0166216
vn -0.8619724 0.5018564 0.0717199
vn -0.8725477 0.4834546 0.0702295
vn 0.9169993 -0.3777872 0.1280204
vn 0.9076445 -0.3959906 0.1391864
vn 0.8176009 -0.5585741 0.1397273
vn 0.9169993 -0.3777872 0.1280204
vn 0.8176009 -0.5585741 0.1397273
vn 0.8025398 -0.5840396 0.1217690
vn -0.7611090 0.6480965 -0.0261524
vn -0.7528928 0.6576828 -0.0246112
vn -0.8172149 0.5760292 0.0187118
vn -0.7611090 0.6480965 -0.0261524
vn -0.8172149 0.5760292 0.0187118
vn -0.8278813 0.5606569 0.0166216
vn 0.8025398 -0.5840396 0.1217690
vn 0.8176009 -0.5585741 0.1397273
vn 0.7144998 -0.6918453 0.1041165
vn 0.8025398 -0.5840396 0.1217690
vn 0.7144998 -0.6918453 0.1041165
vn 0.6594349 -0.7473694 0.0811456
vn -0.6700382 0.7403094 -0.0546889
vn -0.6658747 0.7440677 -0.0545363
vn -0.7528928 0.6576828 -0.0246112
vn -0.6700382 0.7403094 -0.0546889
vn -0.7528928 0.6576828 -0.0246112
vn -0.7611090 0.6480965 -0.0261524
vn 0.6594349 -0.7473694 0.0811456
vn 0.7144998 -0.6918453 0.1041165
vn 0.6148792 -0.7873884 0.0440800
vn 0.6594349 -0.7473694 0.0811456
vn 0.6148792 -0.7873884 0.0440800
vn 0.5321186 -0.8463853 0.0219486
vn -0.5606793 0.8252446 -0.0678983
vn -0.5609966 0.8248783 -0.0697035
vn -0.6658747 0.7440677 -0.0545363
vn -0.5606793 0.8252446 -0.0678983
vn -0.6658747 0.7440677 -0.0545363
vn -0.6700382 0.7403094 -0.0546889
vn 0.5321186 -0.8463853 0.0219486
vn 0.6148792 -0.7873884 0.0440800
vn 0.5252892 -0.8506997 -0.0195263
vn 0.5321186 -0.8463853 0.0219486
vn 0.5252892 -0.8506997 -0.0195263
vn 0.4486852 -0.8930145 -0.0347372
vn -0.4412803 0.8949347 -0.0660582
vn -0.4457193 0.8924224 -0.0701188
vn -0.5609966 0.8248783 -0.0697035
vn -0.4412803 0.8949347 -0.0660582
vn -0.5609966 0.8248783 -0.0697035
vn -0.5606793 0.8252446 -0.0678983
vn 0.4486852 -0.8930145 -0.0347372
vn 0.5252892 -0.8506997 -0.0195263
vn 0.4332872 -0.8987837 -0.0667093
vn 0.4486852 -0.8930145 -0.0347372
vn 0.4332872 -0.8987837 -0.0667093
vn 0.3922121 -0.9169541 -0.0732447
vn -0.3168314 0.9471502 -0.0502432
vn -0.3247551 0.9441078 -0.0565202
vn -0.4457193 0.8924224 -0.0701188
vn -0.3168314 0.9471502 -0.0502432
vn -0.4457193 0.8924224 -0.0701188
vn -0.4412803 0.8949347 -0.0660582
vn 0.3922121 -0.9169541 -0.0732447
vn 0.4332872 -0.8987837 -0.0667093
vn 0.3156929 -0.9449969 -0.0855499
vn 0.3922121 -0.9169541 -0.0732447
vn 0.3156929 -0.9449969 -0.0855499
vn 0.3205500 -0.9433735 -0.0854052
vn -0.1882887 0.9818603 -0.0223092
vn -0.1989599 0.9795378 -0.0303434
vn -0.3247551 0.9441078 -0.0565202
vn -0.1882887 0.9818603 -0.0223092
vn -0.3247551 0.9441078 -0.0565202
vn -0.3168314 0.9471502 -0.0502432
vn 0.3205500 -0.9433735 -0.0854052
vn 0.3156929 -0.9449969 -0.0855499
vn 0.1529188 -0.9853597 -0.0753797
vn 0.3205500 -0.9433735 -0.0854052
vn 0.1529188 -0.9853597 -0.0753797
vn 0.1959993 -0.9779527 -0.0720611
vn -0.0547460 0.9983918 0.0147225
vn -0.0671808 0.9977234 0.0058904
vn -0.1989599 0.9795378 -0.0303434
vn -0.0547460 0.9983918 0.0147225
vn -0.1989599 0.9795378 -0.0303434
vn -0.1882887 0.9818603 -0.0223092
vn 0.1959993 -0.9779527 -0.0720611
vn 0.1529188 -0.9853597 -0.0753797
vn -0.0600809 -0.9970757 -0.0472269
vn 0.1959993 -0.9779527 -0.0720611
vn -0.0600809 -0.9970757 -0.0472269
vn -0.0003071 -0.9990542 -0.0434814
vn 0.0837586 0.9949032 0.0561441
vn 0.0710700 0.9963156 0.0480024
vn -0.0671808 0.9977234 0.0058904
vn 0.0837586 0.9949032 0.0561441
vn -0.0671808 0.9977234 0.0058904
vn -0.0547460 0.9983918 0.0147225
vn -0.0003071 -0.9990542 -0.0434814
vn -0.0600809 -0.9970757 -0.0472269
vn -0.3005883 -0.9535556 -0.0194538
vn -0.0003071 -0.9990542 -0.0434814
vn -0.3005883 -0.9535556 -0.0194538
vn -0.2513015 -0.9677829 -0.0156134
vn 0.2236171 0.9700151 0.0952157
vn 0.2128829 0.9729553 0.0896595
vn 0.0710700 0.9963156 0.0480024
vn 0.2236171 0.9700151 0.0952157
vn 0.0710700 0.9963156 0.0480024
vn 0.0837586 0.9949032 0.0561441
vn -0.2513015 -0.9677829 -0.0156134
vn -0.3005883 -0.9535556 -0.0194538
vn -0.5149538 -0.8571977 -0.0058813
vn -0.2513015 -0.9677829 -0.0156134
vn -0.5149538 -0.8571977 -0.0058813
vn -0.4907428 -0.8713045 -0.0000574
vn 0.3560716 0.9262590 0.1235205
vn 0.3499679 0.9287210 0.1224736
vn 0.2128829 0.9729553 0.0896595
vn 0.3560716 0.9262590 0.1235205
vn 0.2128829 0.9729553 0.0896595
vn 0.2236171 0.9700151 0.0952157
vn -0.4907428 -0.8713045 -0.0000574
vn -0.5149538 -0.8571977 -0.0058813
vn -0.6506145 -0.7593825 -0.0062424
vn -0.4907428 -0.8713045 -0.0000574
vn -0.6506145 -0.7593825 -0.0062424
vn -0.6466125 -0.7628074 0.0041375
vn 0.4685542 0.8734227 0.1326264
vn 0.4694656 0.8721853 0.1374583
vn 0.3499679 0.9287210 0.1224736
vn 0.4685542 0.8734227 0.1326264
vn 0.3499679 0.9287210 0.1224736
vn 0.3560716 0.9262590 0.1235205
vn -0.6466125 -0.7628074 0.0041375
vn -0.6506145 -0.7593825 -0.0062424
vn -0.6931131 -0.7207144 -0.0128461
vn -0.6466125 -0.7628074 0.0041375
vn -0.6931131 -0.7207144 -0.0128461
vn -0.6995161 -0.7146097 0.0032084
vn 0.5498976 0.8270155 0.1168677
vn 0.5590238 0.8192300 0.1278848
vn 0.4694656 0.8721853 0.1374583
vn 0.5498976 0.8270155 0.1168677
vn 0.4694656 0.8721853 0.1374583
vn 0.4685542 0.8734227 0.1326264
vn -0.6995161 -0.7146097 0.0032084
vn -0.6931131 -0.7207144 -0.0128461
vn -0.6643083 -0.7471752 -0.0205844
vn -0.6995161 -0.7146097 0.0032084
vn -0.6643083 -0.7471752 -0.0205844
vn -0.6725304 -0.7400692 -0.0006330
vn 0.5969085 0.7987039 0.0759759
vn 0.6136836 0.7841535 0.0921721
vn 0.5590238 0.8192300 0.1278848
vn 0.5969085 0.7987039 0.0759759
vn 0.5590238 0.8192300 0.1278848
vn 0.5498976 0.8270155 0.1168677
vn -0.6725304 -0.7400692 -0.0006330
vn -0.6643083 -0.7471752 -0.0205844
vn -0.6140843 -0.7888733 -0.0240710
vn -0.6725304 -0.7400692 -0.0006330
vn -0.6140843 -0.7888733 -0.0240710
vn -0.6138504 -0.7894110 -0.0042461
vn 0.6186647 0.7854866 0.0162746
vn 0.6403922 0.7672310 0.0354172
vn 0.6136836 0.7841535 0.0921721
vn 0.6186647 0.7854866 0.0162746
vn 0.6136836 0.7841535 0.0921721
vn 0.5969085 0.7987039 0.0759759
vn -0.6138504 -0.7894110 -0.0042461
vn -0.6140843 -0.7888733 -0.0240710
vn -0.6026704 -0.7978278 -0.0161012
vn -0.6138504 -0.7894110 -0.0042461
vn -0.6026704 -0.7978278 -0.0161012
vn -0.5882904 -0.8086496 -0.0005359
vn 0.6359121 0.7700509 -0.0513554
vn 0.6581182 0.7522409 -0.0318456
vn 0.6403922 0.7672310 0.0354172
vn 0.6359121 0.7700509 -0.0513554
vn 0.6403922 0.7672310 0.0354172
vn 0.6186647 0.7854866 0.0162746
vn -0.5882904 -0.8086496 -0.0005359
vn -0.6026704 -0.7978278 -0.0161012
vn -0.6604667 -0.7508363 0.0053457
vn -0.5882904 -0.8086496 -0.0005359
vn -0.6604667 -0.7508363 0.0053457
vn -0.6380818 -0.7698519 0.0134040
vn 0.6725520 0.7307325 -0.1170631
vn 0.6908576 0.7162122 -0.0987719
vn 0.6581182 0.7522409 -0.0318456
vn 0.6725520 0.7307325 -0.1170631
vn 0.6581182 0.7522409 -0.0318456
vn 0.6359121 0.7700509 -0.0513554
vn -0.6380818 -0.7698519 0.0134040
vn -0.6604667 -0.7508363 0.0053457
vn -0.7769773 -0.6286665 0.0329335
vn -0.6380818 -0.7698519 0.0134040
vn -0.7769773 -0.6286665 0.0329335
vn -0.7599169 -0.6492677 0.0312685
vn 0.7421238 0.6469979 -0.1750600
vn 0.7541597 0.6373042 -0.1583871
vn 0.6908576 0.7162122 -0.0987719
vn 0.7421238 0.6469979 -0.1750600
vn 0.6908576 0.7162122 -0.0987719
vn 0.6725520 0.7307325 -0.1170631
vn -0.7599169 -0.6492677 0.0312685
vn -0.7769773 -0.6286665 0.0329335
vn -0.9080032 -0.4156292 0.0527495
vn -0.7599169 -0.6492677 0.0312685
vn -0.9080032 -0.4156292 0.0527495
vn -0.9045981 -0.4242521 0.0413823
vn 0.8371569 0.5009184 -0.2196567
vn 0.8431063 0.4971693 -0.2049253
vn 0.7541597 0.6373042 -0.1583871
vn 0.8371569 0.5009184 -0.2196567
vn 0.7541597 0.6373042 -0.1583871
vn 0.7421238 0.6469979 -0.1750600
vn -0.9045981 -0.4242521 0.0413823
vn -0.9080032 -0.4156292 0.0527495
vn -0.9890149 -0.1380010 0.0529644
vn -0.9045981 -0.4242521 0.0413823
vn -0.9890149 -0.1380010 0.0529644
vn -0.9918120 -0.1226329 0.0356380
vn 0.9292310 0.2796914 -0.2414590
vn 0.9317334 0.2811901 -0.2297934
vn 0.8431063 0.4971693 -0.2049253
vn 0.9292310 0.2796914 -0.2414590
vn 0.8431063 0.4971693 -0.2049253
vn 0.8371569 0.5009184 -0.2196567
vn -0.9918120 -0.1226329 0.0356380
vn -0.9890149 -0.1380010 0.0529644
vn -0.9991657 0.0112278 0.0392668
vn -0.9918120 -0.1226329 0.0356380
vn -0.9991657 0.0112278 0.0392668
vn -0.9994716 0.0243375 0.0215465
vn 0.9688695 0.0744446 -0.2361141
vn 0.9706543 0.0761322 -0.2281101
vn 0.9317334 0.2811901 -0.2297934
vn 0.9688695 0.0744446 -0.2361141
vn 0.9317334 0.2811901 -0.2297934
vn 0.9292310 0.2796914 -0.2414590
vn -0.9994716 0.0243375 0.0215465
vn -0.9991657 0.0112278 0.0392668
vn -0.9994402 0.0000000 0.0334564
vn -0.9994716 0.0243375 0.0215465
vn -0.9994402 0.0000000 0.0334564
vn -0.9998746 0.0000000 0.0158364
vn 0.9725372 0.0000000 -0.2327475
vn 0.9743136 0.0000000 -0.2251954
vn 0.9706543 0.0761322 -0.2281101
vn 0.9725372 0.0000000 -0.2327475
vn 0.9706543 0.0761322 -0.2281101
vn 0.9688695 0.0744446 -0.2361141
vn 0.0000000 -1.0000000 0.0000000
vn 0.0000000 -1.0000000 0.0000000
vn 0.0000000 -1.0000000 0.0000000
vn 0.0000000 -1.0000000 0.0000000
vn 0.0000000 -1.0000000 0.0000000
vn 0.0000000 -1.0000000 0.0000000
vn 0.0000000 -1.0000000 0.0000000
vn 0.0000000 -1.0000000 0.0000000
vn 0.0000000 -1.0000000 0.0000000
vn 0.0000000 -1.0000000 0.0000000
vn 0.0000000 -1.0000000 0.0000000
vn 0.0000000 -1.0000000 0.0000000
vn 0.9992356 0.0000000 -0.0390933
vn 0.9985022 0.0000000 -0.0547124
vn 0.9986643 0.0252672 -0.0450692
vn 0.9992356 0.0000000 -0.0390933
vn 0.9986643 0.0252672 -0.0450692
vn 0.9977332 0.0604584 -0.0295501
vn -0.9704545 0.1004802 0.2193667
vn -0.9720019 0.1037585 0.2108235
vn -0.9757160 0.0000000 0.2190394
vn -0.9704545 0.1004802 0.2193667
vn -0.9757160 0.0000000 0.2190394
vn -0.9736733 0.0000000 0.2279480
vn 0.9977332 0.0604584 -0.0295501
vn 0.9986643 0.0252672 -0.0450692
vn 0.9999369 0.0083968 -0.0074644
vn 0.9977332 0.0604584 -0.0295501
vn 0.9999369 0.0083968 -0.0074644
vn 0.9963324 0.0854332 0.0047921
vn -0.9395923 0.2901492 0.1816034
vn -0.9373538 0.3004398 0.1763629
vn -0.9720019 0.1037585 0.2108235
vn -0.9395923 0.2901492 0.1816034
vn -0.9720019 0.1037585 0.2108235
vn -0.9704545 0.1004802 0.2193667
vn 0.9963324 0.0854332 0.0047921
vn 0.9999369 0.0083968 -0.0074644
vn 0.9902401 -0.1307298 0.0483150
vn 0.9963324 0.0854332 0.0047921
vn 0.9902401 -0.1307298 0.0483150
vn 0.9973218 -0.0484757 0.0547655
vn -0.8974510 0.4220904 0.1281461
vn -0.8900484 0.4380770 0.1261046
vn -0.9373538 0.3004398 0.1763629
vn -0.8974510 0.4220904 0.1281461
vn -0.9373538 0.3004398 0.1763629
vn -0.9395923 0.2901492 0.1816034
vn 0.9973218 -0.0484757 0.0547655
vn 0.9902401 -0.1307298 0.0483150
vn 0.9530309 -0.2839425 0.1053985
vn 0.9973218 -0.0484757 0.0547655
vn 0.9530309 -0.2839425 0.1053985
vn 0.9699583 -0.2191043 0.1057080
vn -0.8619724 0.5018564 0.0717199
vn -0.8513966 0.5195785 0.0718465
vn -0.8900484 0.4380770 0.1261046
vn -0.8619724 0.5018564 0.0717199
vn -0.8900484 0.4380770 0.1261046
vn -0.8974510 0.4220904 0.1281461
vn 0.9699583 -0.2191043 0.1057080
vn 0.9530309 -0.2839425 0.1053985
vn 0.8944400 -0.4231114 0.1447545
vn 0.9699583 -0.2191043 0.1057080
vn 0.8944400 -0.4231114 0.1447545
vn 0.9076445 -0.3959906 0.1391864
vn -0.8172149 0.5760292 0.0187118
vn -0.8061957 0.5913189 0.0197573
vn -0.8513966 0.5195785 0.0718465
vn -0.8172149 0.5760292 0.0187118
vn -0.8513966 0.5195785 0.0718465
vn -0.8619724 0.5018564 0.0717199
vn 0.9076445 -0.3959906 0.1391864
vn 0.8944400 -0.4231114 0.1447545
vn 0.8285679 -0.5389345 0.1517391
vn 0.9076445 -0.3959906 0.1391864
vn 0.8285679 -0.5389345 0.1517391
vn 0.8176009 -0.5585741 0.1397273
vn -0.7528928 0.6576828 -0.0246112
vn -0.7440795 0.6676670 -0.0238012
vn -0.8061957 0.5913189 0.0197573
vn -0.7528928 0.6576828 -0.0246112
vn -0.8061957 0.5913189 0.0197573
vn -0.8172149 0.5760292 0.0187118
vn 0.8176009 -0.5585741 0.1397273
vn 0.8285679 -0.5389345 0.1517391
vn 0.7631575 -0.6344377 0.1227979
vn 0.8176009 -0.5585741 0.1397273
vn 0.7631575 -0.6344377 0.1227979
vn 0.7144998 -0.6918453 0.1041165
vn -0.6658747 0.7440677 -0.0545363
vn -0.6609810 0.7483974 -0.0548221
vn -0.7440795 0.6676670 -0.0238012
vn -0.6658747 0.7440677 -0.0545363
vn -0.7440795 0.6676670 -0.0238012
vn -0.7528928 0.6576828 -0.0246112
vn 0.7144998 -0.6918453 0.1041165
vn 0.7631575 -0.6344377 0.1227979
vn 0.6930329 -0.7178365 0.0664540
vn 0.7144998 -0.6918453 0.1041165
vn 0.6930329 -0.7178365 0.0664540
vn 0.6148792 -0.7873884 0.0440800
vn -0.5609966 0.8248783 -0.0697035
vn -0.5605451 0.8250157 -0.0716818
vn -0.6609810 0.7483974 -0.0548221
vn -0.5609966 0.8248783 -0.0697035
vn -0.6609810 0.7483974 -0.0548221
vn -0.6658747 0.7440677 -0.0545363
vn 0.6148792 -0.7873884 0.0440800
vn 0.6930329 -0.7178365 0.0664540
vn 0.6034717 -0.7973842 0.0005003
vn 0.6148792 -0.7873884 0.0440800
vn 0.6034717 -0.7973842 0.0005003
vn 0.5252892 -0.8506997 -0.0195263
vn -0.4457193 0.8924224 -0.0701188
vn -0.4494231 0.8902366 -0.0741458
vn -0.5605451 0.8250157 -0.0716818
vn -0.4457193 0.8924224 -0.0701188
vn -0.5605451 0.8250157 -0.0716818
vn -0.5609966 0.8248783 -0.0697035
vn 0.5252892 -0.8506997 -0.0195263
vn 0.6034717 -0.7973842 0.0005003
vn 0.4798562 -0.8756815 -0.0540372
vn 0.5252892 -0.8506997 -0.0195263
vn 0.4798562 -0.8756815 -0.0540372
vn 0.4332872 -0.8987837 -0.0667093
vn -0.3247551 0.9441078 -0.0565202
vn -0.3320393 0.9411823 -0.0626562
vn -0.4494231 0.8902366 -0.0741458
vn -0.3247551 0.9441078 -0.0565202
vn -0.4494231 0.8902366 -0.0741458
vn -0.4457193 0.8924224 -0.0701188
vn 0.4332872 -0.8987837 -0.0667093
vn 0.4798562 -0.8756815 -0.0540372
vn 0.3153855 -0.9455051 -0.0809446
vn 0.4332872 -0.8987837 -0.0667093
vn 0.3153855 -0.9455051 -0.0809446
vn 0.3156929 -0.9449969 -0.0855499
vn -0.1989599 0.9795378 -0.0303434
vn -0.2091677 0.9771310 -0.0382614
vn -0.3320393 0.9411823 -0.0626562
vn -0.1989599 0.9795378 -0.0303434
vn -0.3320393 0.9411823 -0.0626562
vn -0.3247551 0.9441078 -0.0565202
vn 0.3156929 -0.9449969 -0.0855499
vn 0.3153855 -0.9455051 -0.0809446
vn 0.1122258 -0.9907587 -0.0761739
vn 0.3156929 -0.9449969 -0.0855499
vn 0.1122258 -0.9907587 -0.0761739
vn 0.1529188 -0.9853597 -0.0753797
vn -0.0671808 0.9977234 0.0058904
vn -0.0794462 0.9968346 -0.0029966
vn -0.2091677 0.9771310 -0.0382614
vn -0.0671808 0.9977234 0.0058904
vn -0.2091677 0.9771310 -0.0382614
vn -0.1989599 0.9795378 -0.0303434
vn 0.1529188 -0.9853597 -0.0753797
vn 0.1122258 -0.9907587 -0.0761739
vn -0.1173077 -0.9918027 -0.0506597
vn 0.1529188 -0.9853597 -0.0753797
vn -0.1173077 -0.9918027 -0.0506597
vn -0.0600809 -0.9970757 -0.0472269
vn 0.0710700 0.9963156 0.0480024
vn 0.0581150 0.9975278 0.0395097
vn -0.0794462 0.9968346 -0.0029966
vn 0.0710700 0.9963156 0.0480024
vn -0.0794462 0.9968346 -0.0029966
vn -0.0671808 0.9977234 0.0058904
vn -0.0600809 -0.9970757 -0.0472269
vn -0.1173077 -0.9918027 -0.0506597
vn -0.3458116 -0.9379846 -0.0244796
vn -0.0600809 -0.9970757 -0.0472269
vn -0.3458116 -0.9379846 -0.0244796
vn -0.3005883 -0.9535556 -0.0194538
vn 0.2128829 0.9729553 0.0896595
vn 0.2013422 0.9759631 0.0834105
vn 0.0581150 0.9975278 0.0395097
vn 0.2128829 0.9729553 0.0896595
vn 0.0581150 0.9975278 0.0395097
vn 0.0710700 0.9963156 0.0480024
vn -0.3005883 -0.9535556 -0.0194538
vn -0.3458116 -0.9379846 -0.0244796
vn -0.5336472 -0.8456073 -0.0129991
vn -0.3005883 -0.9535556 -0.0194538
vn -0.5336472 -0.8456073 -0.0129991
vn -0.5149538 -0.8571977 -0.0058813
vn 0.3499679 0.9287210 0.1224736
vn 0.3425332 0.9317492 0.1204757
vn 0.2013422 0.9759631 0.0834105
vn 0.3499679 0.9287210 0.1224736
vn 0.2013422 0.9759631 0.0834105
vn 0.2128829 0.9729553 0.0896595
vn -0.5149538 -0.8571977 -0.0058813
vn -0.5336472 -0.8456073 -0.0129991
vn -0.6474501 -0.7619169 -0.0170577
vn -0.5149538 -0.8571977 -0.0058813
vn -0.6474501 -0.7619169 -0.0170577
vn -0.6506145 -0.7593825 -0.0062424
vn 0.4694656 0.8721853 0.1374583
vn 0.4686752 0.8719991 0.1412841
vn 0.3425332 0.9317492 0.1204757
vn 0.4694656 0.8721853 0.1374583
vn 0.3425332 0.9317492 0.1204757
vn 0.3499679 0.9287210 0.1224736
vn -0.6506145 -0.7593825 -0.0062424
vn -0.6474501 -0.7619169 -0.0170577
vn -0.6792839 -0.7333208 -0.0285291
vn -0.6506145 -0.7593825 -0.0062424
vn -0.6792839 -0.7333208 -0.0285291
vn -0.6931131 -0.7207144 -0.0128461
vn 0.5590238 0.8192300 0.1278848
vn 0.5663016 0.8125456 0.1381018
vn 0.4686752 0.8719991 0.1412841
vn 0.5590238 0.8192300 0.1278848
vn 0.4686752 0.8719991 0.1412841
vn 0.4694656 0.8721853 0.1374583
vn -0.6931131 -0.7207144 -0.0128461
vn -0.6792839 -0.7333208 -0.0285291
vn -0.6518524 -0.7573017 -0.0397820
vn -0.6931131 -0.7207144 -0.0128461
vn -0.6518524 -0.7573017 -0.0397820
vn -0.6643083 -0.7471752 -0.0205844
vn 0.6136836 0.7841535 0.0921721
vn 0.6287707 0.7700459 0.1080588
vn 0.5663016 0.8125456 0.1381018
vn 0.6136836 0.7841535 0.0921721
vn 0.5663016 0.8125456 0.1381018
vn 0.5590238 0.8192300 0.1278848
vn -0.6643083 -0.7471752 -0.0205844
vn -0.6518524 -0.7573017 -0.0397820
vn -0.6158644 -0.7866598 -0.0433301
vn -0.6643083 -0.7471752 -0.0205844
vn -0.6158644 -0.7866598 -0.0433301
vn -0.6140843 -0.7888733 -0.0240710
vn 0.6403922 0.7672310 0.0354172
vn 0.6610421 0.7483331 0.0549629
vn 0.6287707 0.7700459 0.1080588
vn 0.6403922 0.7672310 0.0354172
vn 0.6287707 0.7700459 0.1080588
vn 0.6136836 0.7841535 0.0921721
vn -0.6140843 -0.7888733 -0.0240710
vn -0.6158644 -0.7866598 -0.0433301
vn -0.6233802 -0.7812699 -0.0318509
vn -0.6140843 -0.7888733 -0.0240710
vn -0.6233802 -0.7812699 -0.0318509
vn -0.6026704 -0.7978278 -0.0161012
vn 0.6581182 0.7522409 -0.0318456
vn 0.6801749 0.7329631 -0.0112767
vn 0.6610421 0.7483331 0.0549629
vn 0.6581182 0.7522409 -0.0318456
vn 0.6610421 0.7483331 0.0549629
vn 0.6403922 0.7672310 0.0354172
vn -0.6026704 -0.7978278 -0.0161012
vn -0.6233802 -0.7812699 -0.0318509
vn -0.6911562 -0.7226951 -0.0038547
vn -0.6026704 -0.7978278 -0.0161012
vn -0.6911562 -0.7226951 -0.0038547
vn -0.6604667 -0.7508363 0.0053457
vn 0.6908576 0.7162122 -0.0987719
vn 0.7097765 0.6999740 -0.0790806
vn 0.6801749 0.7329631 -0.0112767
vn 0.6908576 0.7162122 -0.0987719
vn 0.6801749 0.7329631 -0.0112767
vn 0.6581182 0.7522409 -0.0318456
vn -0.6604667 -0.7508363 0.0053457
vn -0.6911562 -0.7226951 -0.0038547
vn -0.8015631 -0.5970316 0.0324013
vn -0.6604667 -0.7508363 0.0053457
vn -0.8015631 -0.5970316 0.0324013
vn -0.7769773 -0.6286665 0.0329335
vn 0.7541597 0.6373042 -0.1583871
vn 0.7671319 0.6259796 -0.1402075
vn 0.7097765 0.6999740 -0.0790806
vn 0.7541597 0.6373042 -0.1583871
vn 0.7097765 0.6999740 -0.0790806
vn 0.6908576 0.7162122 -0.0987719
vn -0.7769773 -0.6286665 0.0329335
vn -0.8015631 -0.5970316 0.0324013
vn -0.9156838 -0.3972403 0.0610186
vn -0.7769773 -0.6286665 0.0329335
vn -0.9156838 -0.3972403 0.0610186
vn -0.9080032 -0.4156292 0.0527495
vn 0.8431063 0.4971693 -0.2049253
vn 0.8499544 0.4919516 -0.1885765
vn 0.7671319 0.6259796 -0.1402075
vn 0.8431063 0.4971693 -0.2049253
vn 0.7671319 0.6259796 -0.1402075
vn 0.7541597 0.6373042 -0.1583871
vn -0.9080032 -0.4156292 0.0527495
vn -0.9156838 -0.3972403 0.0610186
vn -0.9864514 -0.1495617 0.0674168
vn -0.9080032 -0.4156292 0.0527495
vn -0.9864514 -0.1495617 0.0674168
vn -0.9890149 -0.1380010 0.0529644
vn 0.9317334 0.2811901 -0.2297934
vn 0.9348487 0.2815696 -0.2162789
vn 0.8499544 0.4919516 -0.1885765
vn 0.9317334 0.2811901 -0.2297934
vn 0.8499544 0.4919516 -0.1885765
vn 0.8431063 0.4971693 -0.2049253
vn -0.9890149 -0.1380010 0.0529644
vn -0.9864514 -0.1495617 0.0674168
vn -0.9984679 -0.0025601 0.0552746
vn -0.9890149 -0.1380010 0.0529644
vn -0.9984679 -0.0025601 0.0552746
vn -0.9991657 0.0112278 0.0392668
vn 0.9706543 0.0761322 -0.2281101
vn 0.9728536 0.0774030 -0.2180934
vn 0.9348487 0.2815696 -0.2162789
vn 0.9706543 0.0761322 -0.2281101
vn 0.9348487 0.2815696 -0.2162789
vn 0.9317334 0.2811901 -0.2297934
vn -0.9991657 0.0112278 0.0392668
vn -0.9984679 -0.0025601 0.0552746
vn -0.9987619 0.0000000 0.0497455
vn -0.9991657 0.0112278 0.0392668
vn -0.9987619 0.0000000 0.0497455
vn -0.9994402 0.0000000 0.0334564
vn 0.9743136 0.0000000 -0.2251954
vn 0.9764740 0.0000000 -0.2156351
vn 0.9728536 0.0774030 -0.2180934
vn 0.9743136 0.0000000 -0.2251954
vn 0.9728536 0.0774030 -0.2180934
vn 0.9706543 0.0761322 -0.2281101
vn 0.0000000 -1.0000000 0.0000000
vn 0.0000000 -1.0000000 0.0000000
vn 0.0000000 -1.0000000 0.0000000
vn 0.0000000 -1.0000000 0.0000000
vn 0.0000000 -1.0000000 0.0000000
vn 0.0000000 -1.0000000 0.0000000
vn 0.0000000 -1.0000000 0.0000000
vn 0.0000000 -1.0000000 0.0000000
vn 0.0000000 -1.0000000 0.0000000
vn 0.0000000 -1.0000000 0.0000000
vn 0.0000000 -1.0000000 0.0000000
vn 0.0000000 -1.0000000 0.0000000
vn 0.9985022 0.0000000 -0.0547124
vn 0.9977043 0.0000000 -0.0677215
vn 0.9982241 -0.0110468 -0.0585381
vn 0.9985022 0.0000000 -0.0547124
vn 0.9982241 -0.0110468 -0.0585381
vn 0.9986643 0.0252672 -0.0450692
vn -0.9720019 0.1037585 0.2108235
vn -0.9738839 0.1066503 0.2004393
vn -0.9780785 0.0000000 0.2082364
vn -0.9720019 0.1037585 0.2108235
vn -0.9780785 0.0000000 0.2082364
vn -0.9757160 0.0000000 0.2190394
vn 0.9986643 0.0252672 -0.0450692
vn 0.9982241 -0.0110468 -0.0585381
vn 0.9969451 -0.0755370 -0.0198671
vn 0.9986643 0.0252672 -0.0450692
vn 0.9969451 -0.0755370 -0.0198671
vn 0.9999369 0.0083968 -0.0074644
vn -0.9373538 0.3004398 0.1763629
vn -0.9355934 0.3097733 0.1694268
vn -0.9738839 0.1066503 0.2004393
vn -0.9373538 0.3004398 0.1763629
vn -0.9738839 0.1066503 0.2004393
vn -0.9720019 0.1037585 0.2108235
vn 0.9999369 0.0083968 -0.0074644
vn 0.9969451 -0.0755370 -0.0198671
vn 0.9741596 -0.2224468 0.0391201
vn 0.9999369 0.0083968 -0.0074644
vn 0.9741596 -0.2224468 0.0391201
vn 0.9902401 -0.1307298 0.0483150
vn -0.8900484 0.4380770 0.1261046
vn -0.8830529 0.4529799 0.1225836
vn -0.9355934 0.3097733 0.1694268
vn -0.8900484 0.4380770 0.1261046
vn -0.9355934 0.3097733 0.1694268
vn -0.9373538 0.3004398 0.1763629
vn 0.9902401 -0.1307298 0.0483150
vn 0.9741596 -0.2224468 0.0391201
vn 0.9284391 -0.3576782 0.1003348
vn 0.9902401 -0.1307298 0.0483150
vn 0.9284391 -0.3576782 0.1003348
vn 0.9530309 -0.2839425 0.1053985
vn -0.8513966 0.5195785 0.0718465
vn -0.8409055 0.5365378 0.0707463
vn -0.8830529 0.4529799 0.1225836
vn -0.8513966 0.5195785 0.0718465
vn -0.8830529 0.4529799 0.1225836
vn -0.8900484 0.4380770 0.1261046
vn 0.9530309 -0.2839425 0.1053985
vn 0.9284391 -0.3576782 0.1003348
vn 0.8768229 -0.4586069 0.1444347
vn 0.9530309 -0.2839425 0.1053985
vn 0.8768229 -0.4586069 0.1444347
vn 0.8944400 -0.4231114 0.1447545
vn -0.8061957 0.5913189 0.0197573
vn -0.7948991 0.6064162 0.0198715
vn -0.8409055 0.5365378 0.0707463
vn -0.8061957 0.5913189 0.0197573
vn -0.8409055 0.5365378 0.0707463
vn -0.8513966 0.5195785 0.0718465
vn 0.8944400 -0.4231114 0.1447545
vn 0.8768229 -0.4586069 0.1444347
vn 0.8351138 -0.5271142 0.1572755
vn 0.8944400 -0.4231114 0.1447545
vn 0.8351138 -0.5271142 0.1572755
vn 0.8285679 -0.5389345 0.1517391
vn -0.7440795 0.6676670 -0.0238012
vn -0.7347184 0.6779604 -0.0236360
vn -0.7948991 0.6064162 0.0198715
vn -0.7440795 0.6676670 -0.0238012
vn -0.7948991 0.6064162 0.0198715
vn -0.8061957 0.5913189 0.0197573
vn 0.8285679 -0.5389345 0.1517391
vn 0.8351138 -0.5271142 0.1572755
vn 0.8025478 -0.5809979 0.1354934
vn 0.8285679 -0.5389345 0.1517391
vn 0.8025478 -0.5809979 0.1354934
vn 0.7631575 -0.6344377 0.1227979
vn -0.6609810 0.7483974 -0.0548221
vn -0.6553879 0.7532512 -0.0554915
vn -0.7347184 0.6779604 -0.0236360
vn -0.6609810 0.7483974 -0.0548221
vn -0.7347184 0.6779604 -0.0236360
vn -0.7440795 0.6676670 -0.0238012
vn 0.7631575 -0.6344377 0.1227979
vn 0.8025478 -0.5809979 0.1354934
vn 0.7592092 -0.6451205 0.0861454
vn 0.7631575 -0.6344377 0.1227979
vn 0.7592092 -0.6451205 0.0861454
vn 0.6930329 -0.7178365 0.0664540
vn -0.5605451 0.8250157 -0.0716818
vn -0.5593435 0.8256437 -0.0738056
vn -0.6553879 0.7532512 -0.0554915
vn -0.5605451 0.8250157 -0.0716818
vn -0.6553879 0.7532512 -0.0554915
vn -0.6609810 0.7483974 -0.0548221
vn 0.6930329 -0.7178365 0.0664540
vn 0.7592092 -0.6451205 0.0861454
vn 0.6755983 -0.7369090 0.0230686
vn 0.6930329 -0.7178365 0.0664540
vn 0.6755983 -0.7369090 0.0230686
vn 0.6034717 -0.7973842 0.0005003
vn -0.4494231 0.8902366 -0.0741458
vn -0.4523984 0.8883873 -0.0781255
vn -0.5593435 0.8256437 -0.0738056
vn -0.4494231 0.8902366 -0.0741458
vn -0.5593435 0.8256437 -0.0738056
vn -0.5605451 0.8250157 -0.0716818
vn 0.6034717 -0.7973842 0.0005003
vn 0.6755983 -0.7369090 0.0230686
vn 0.5290023 -0.8478715 -0.0356421
vn 0.6034717 -0.7973842 0.0005003
vn 0.5290023 -0.8478715 -0.0356421
vn 0.4798562 -0.8756815 -0.0540372
vn -0.3320393 0.9411823 -0.0626562
vn -0.3386731 0.9383975 -0.0686347
vn -0.4523984 0.8883873 -0.0781255
vn -0.3320393 0.9411823 -0.0626562
vn -0.4523984 0.8883873 -0.0781255
vn -0.4494231 0.8902366 -0.0741458
vn 0.4798562 -0.8756815 -0.0540372
vn 0.5290023 -0.8478715 -0.0356421
vn 0.3207760 -0.9445021 -0.0708414
vn 0.4798562 -0.8756815 -0.0540372
vn 0.3207760 -0.9445021 -0.0708414
vn 0.3153855 -0.9455051 -0.0809446
vn -0.2091677 0.9771310 -0.0382614
vn -0.2188743 0.9746667 -0.0460312
vn -0.3386731 0.9383975 -0.0686347
vn -0.2091677 0.9771310 -0.0382614
vn -0.3386731 0.9383975 -0.0686347
vn -0.3320393 0.9411823 -0.0626562
vn 0.3153855 -0.9455051 -0.0809446
vn 0.3207760 -0.9445021 -0.0708414
vn 0.0769609 -0.9943288 -0.0733984
vn 0.3153855 -0.9455051 -0.0809446
vn 0.0769609 -0.9943288 -0.0733984
vn 0.1122258 -0.9907587 -0.0761739
vn -0.0794462 0.9968346 -0.0029966
vn -0.0914707 0.9957368 -0.0118883
vn -0.2188743 0.9746667 -0.0460312
vn -0.0794462 0.9968346 -0.0029966
vn -0.2188743 0.9746667 -0.0460312
vn -0.2091677 0.9771310 -0.0382614
vn 0.1122258 -0.9907587 -0.0761739
vn 0.0769609 -0.9943288 -0.0733984
vn -0.1685488 -0.9842790 -0.0527846
vn 0.1122258 -0.9907587 -0.0761739
vn -0.1685488 -0.9842790 -0.0527846
vn -0.1173077 -0.9918027 -0.0506597
vn 0.0581150 0.9975278 0.0395097
vn 0.0449947 0.9985147 0.0307235
vn -0.0914707 0.9957368 -0.0118883
vn 0.0581150 0.9975278 0.0395097
vn -0.0914707 0.9957368 -0.0118883
vn -0.0794462 0.9968346 -0.0029966
vn -0.1173077 -0.9918027 -0.0506597
vn -0.1685488 -0.9842790 -0.0527846
vn -0.3847787 -0.9225241 -0.0299098
vn -0.1173077 -0.9918027 -0.0506597
vn -0.3847787 -0.9225241 -0.0299098
vn -0.3458116 -0.9379846 -0.0244796
vn 0.2013422 0.9759631 0.0834105
vn 0.1891043 0.9789721 0.0765056
vn 0.0449947 0.9985147 0.0307235
vn 0.2013422 0.9759631 0.0834105
vn 0.0449947 0.9985147 0.0307235
vn 0.0581150 0.9975278 0.0395097
vn -0.3458116 -0.9379846 -0.0244796
vn -0.3847787 -0.9225241 -0.0299098
vn -0.5464846 -0.8372058 -0.0210017
vn -0.3458116 -0.9379846 -0.0244796
vn -0.5464846 -0.8372058 -0.0210017
vn -0.5336472 -0.8456073 -0.0129991
vn 0.3425332 0.9317492 0.1204757
vn 0.3338560 0.9352707 0.1175114
vn 0.1891043 0.9789721 0.0765056
vn 0.3425332 0.9317492 0.1204757
vn 0.1891043 0.9789721 0.0765056
vn 0.2013422 0.9759631 0.0834105
vn -0.5336472 -0.8456073 -0.0129991
vn -0.5464846 -0.8372058 -0.0210017
vn -0.6376496 -0.7698129 -0.0281279
vn -0.5336472 -0.8456073 -0.0129991
vn -0.6376496 -0.7698129 -0.0281279
vn -0.6474501 -0.7619169 -0.0170577
vn 0.4686752 0.8719991 0.1412841
vn 0.4662330 0.8728607 0.1440174
vn 0.3338560 0.9352707 0.1175114
vn 0.4686752 0.8719991 0.1412841
vn 0.3338560 0.9352707 0.1175114
vn 0.3425332 0.9317492 0.1204757
vn -0.6474501 -0.7619169 -0.0170577
vn -0.6376496 -0.7698129 -0.0281279
vn -0.6585550 -0.7512733 -0.0435181
vn -0.6474501 -0.7619169 -0.0170577
vn -0.6585550 -0.7512733 -0.0435181
vn -0.6792839 -0.7333208 -0.0285291
vn 0.5663016 0.8125456 0.1381018
vn 0.5717266 0.8071033 0.1473535
vn 0.4662330 0.8728607 0.1440174
vn 0.5663016 0.8125456 0.1381018
vn 0.4662330 0.8728607 0.1440174
vn 0.4686752 0.8719991 0.1412841
vn -0.6792839 -0.7333208 -0.0285291
vn -0.6585550 -0.7512733 -0.0435181
vn -0.6356721 -0.7697957 -0.0577549
vn -0.6792839 -0.7333208 -0.0285291
vn -0.6356721 -0.7697957 -0.0577549
vn -0.6518524 -0.7573017 -0.0397820
vn 0.6287707 0.7700459 0.1080588
vn 0.6420586 0.7566612 0.1233881
vn 0.5717266 0.8071033 0.1473535
vn 0.6287707 0.7700459 0.1080588
vn 0.5717266 0.8071033 0.1473535
vn 0.5663016 0.8125456 0.1381018
vn -0.6518524 -0.7573017 -0.0397820
vn -0.6356721 -0.7697957 -0.0577549
vn -0.6192369 -0.7827772 -0.0616890
vn -0.6518524 -0.7573017 -0.0397820
vn -0.6192369 -0.7827772 -0.0616890
vn -0.6158644 -0.7866598 -0.0433301
vn 0.6610421 0.7483331 0.0549629
vn 0.6803522 0.7290766 0.0746205
vn 0.6420586 0.7566612 0.1233881
vn 0.6610421 0.7483331 0.0549629
vn 0.6420586 0.7566612 0.1233881
vn 0.6287707 0.7700459 0.1080588
vn -0.6158644 -0.7866598 -0.0433301
vn -0.6192369 -0.7827772 -0.0616890
vn -0.6494258 -0.7589304 -0.0476523
vn -0.6158644 -0.7866598 -0.0433301
vn -0.6494258 -0.7589304 -0.0476523
vn -0.6233802 -0.7812699 -0.0318509
vn 0.6801749 0.7329631 -0.0112767
vn 0.7017445 0.7123571 0.0101053
vn 0.6803522 0.7290766 0.0746205
vn 0.6801749 0.7329631 -0.0112767
vn 0.6803522 0.7290766 0.0746205
vn 0.6610421 0.7483331 0.0549629
vn -0.6233802 -0.7812699 -0.0318509
vn -0.6494258 -0.7589304 -0.0476523
vn -0.7282533 -0.6851610 -0.0141942
vn -0.6233802 -0.7812699 -0.0318509
vn -0.7282533 -0.6851610 -0.0141942
vn -0.6911562 -0.7226951 -0.0038547
vn 0.7097765 0.6999740 -0.0790806
vn 0.7290243 0.6820132 -0.0581519
vn 0.7017445 0.7123571 0.0101053
vn 0.7097765 0.6999740 -0.0790806
vn 0.7017445 0.7123571 0.0101053
vn 0.6801749 0.7329631 -0.0112767
vn -0.6911562 -0.7226951 -0.0038547
vn -0.7282533 -0.6851610 -0.0141942
vn -0.8317486 -0.5543657 0.0295448
vn -0.6911562 -0.7226951 -0.0038547
vn -0.8317486 -0.5543657 0.0295448
vn -0.8015631 -0.5970316 0.0324013
vn 0.7671319 0.6259796 -0.1402075
vn 0.7808424 0.6129678 -0.1206469
vn 0.7290243 0.6820132 -0.0581519
vn 0.7671319 0.6259796 -0.1402075
vn 0.7290243 0.6820132 -0.0581519
vn 0.7097765 0.6999740 -0.0790806
vn -0.8015631 -0.5970316 0.0324013
vn -0.8317486 -0.5543657 0.0295448
vn -0.9270620 -0.3690824 0.0658355
vn -0.8015631 -0.5970316 0.0324013
vn -0.9270620 -0.3690824 0.0658355
vn -0.9156838 -0.3972403 0.0610186
vn 0.8499544 0.4919516 -0.1885765
vn 0.8575563 0.4852226 -0.1707519
vn 0.7808424 0.6129678 -0.1206469
vn 0.8499544 0.4919516 -0.1885765
vn 0.7808424 0.6129678 -0.1206469
vn 0.7671319 0.6259796 -0.1402075
vn -0.9156838 -0.3972403 0.0610186
vn -0.9270620 -0.3690824 0.0658355
vn -0.9846522 -0.1560148 0.0782268
vn -0.9156838 -0.3972403 0.0610186
vn -0.9846522 -0.1560148 0.0782268
vn -0.9864514 -0.1495617 0.0674168
vn 0.9348487 0.2815696 -0.2162789
vn 0.9384601 0.2808146 -0.2010863
vn 0.8575563 0.4852226 -0.1707519
vn 0.9348487 0.2815696 -0.2162789
vn 0.8575563 0.4852226 -0.1707519
vn 0.8499544 0.4919516 -0.1885765
vn -0.9864514 -0.1495617 0.0674168
vn -0.9846522 -0.1560148 0.0782268
vn -0.9975158 -0.0160151 0.0685985
vn -0.9864514 -0.1495617 0.0674168
vn -0.9975158 -0.0160151 0.0685985
vn -0.9984679 -0.0025601 0.0552746
vn 0.9728536 0.0774030 -0.2180934
vn 0.9753678 0.0782551 -0.2062371
vn 0.9384601 0.2808146 -0.2010863
vn 0.9728536 0.0774030 -0.2180934
vn 0.9384601 0.2808146 -0.2010863
vn 0.9348487 0.2815696 -0.2162789
vn -0.9984679 -0.0025601 0.0552746
vn -0.9975158 -0.0160151 0.0685985
vn -0.9979673 0.0000000 0.0637275
vn -0.9984679 -0.0025601 0.0552746
vn -0.9979673 0.0000000 0.0637275
vn -0.9987619 0.0000000 0.0497455
vn 0.9764740 0.0000000 -0.2156351
vn 0.9789207 0.0000000 -0.2042409
vn 0.9753678 0.0782551 -0.2062371
vn 0.9764740 0.0000000 -0.2156351
vn 0.9753678 0.0782551 -0.2062371
vn 0.9728536 0.0774030 -0.2180934
vn 0.0000000 -1.0000000 0.0000000
vn 0.0000000 -1.0000000 0.0000000
vn 0.0000000 -1.0000000 0.0000000
vn 0.0000000 -1.0000000 0.0000000
vn 0.0000000 -1.0000000 0.0000000
vn 0.0000000 -1.0000000 0.0000000
vn 0.0000000 -1.0000000 0.0000000
vn 0.0000000 -1.0000000 0.0000000
vn 0.0000000 -1.0000000 0.0000000
vn 0.0000000 -1.0000000 0.0000000
vn 0.0000000 -1.0000000 0.0000000
vn 0.0000000 -1.0000000 0.0000000
vn 0.9977043 0.0000000 -0.0677215
vn 0.9970089 0.0000000 -0.0772865
vn 0.9965715 -0.0455514 -0.0690673
vn 0.9977043 0.0000000 -0.0677215
vn 0.9965715 -0.0455514 -0.0690673
vn 0.9982241 -0.0110468 -0.0585381
vn -0.9738839 0.1066503 0.2004393
vn -0.9760069 0.1091530 0.1884044
vn -0.9806582 0.0000000 0.1957279
vn -0.9738839 0.1066503 0.2004393
vn -0.9806582 0.0000000 0.1957279
vn -0.9780785 0.0000000 0.2082364
vn 0.9982241 -0.0110468 -0.0585381
vn 0.9965715 -0.0455514 -0.0690673
vn 0.9866786 -0.1595985 -0.0315233
vn 0.9982241 -0.0110468 -0.0585381
vn 0.9866786 -0.1595985 -0.0315233
vn 0.9969451 -0.0755370 -0.0198671
vn -0.9355934 0.3097733 0.1694268
vn -0.9342750 0.3181473 0.1609734
vn -0.9760069 0.1091530 0.1884044
vn -0.9355934 0.3097733 0.1694268
vn -0.9760069 0.1091530 0.1884044
vn -0.9738839 0.1066503 0.2004393
vn 0.9969451 -0.0755370 -0.0198671
vn 0.9866786 -0.1595985 -0.0315233
vn 0.9479276 -0.3172952 0.0275154
vn 0.9969451 -0.0755370 -0.0198671
vn 0.9479276 -0.3172952 0.0275154
vn 0.9741596 -0.2224468 0.0391201
vn -0.8830529 0.4529799 0.1225836
vn -0.8764999 0.4667790 0.1177504
vn -0.9342750 0.3181473 0.1609734
vn -0.8830529 0.4529799 0.1225836
vn -0.9342750 0.3181473 0.1609734
vn -0.9355934 0.3097733 0.1694268
vn 0.9741596 -0.2224468 0.0391201
vn 0.9479276 -0.3172952 0.0275154
vn 0.8952268 -0.4363542 0.0903549
vn 0.9741596 -0.2224468 0.0391201
vn 0.8952268 -0.4363542 0.0903549
vn 0.9284391 -0.3576782 0.1003348
vn -0.8409055 0.5365378 0.0707463
vn -0.8305766 0.5526671 0.0685685
vn -0.8764999 0.4667790 0.1177504
vn -0.8409055 0.5365378 0.0707463
vn -0.8764999 0.4667790 0.1177504
vn -0.8830529 0.4529799 0.1225836
vn 0.9284391 -0.3576782 0.1003348
vn 0.8952268 -0.4363542 0.0903549
vn 0.8542734 -0.5011773 0.1379792
vn 0.9284391 -0.3576782 0.1003348
vn 0.8542734 -0.5011773 0.1379792
vn 0.8768229 -0.4586069 0.1444347
vn -0.7948991 0.6064162 0.0198715
vn -0.7834001 0.6212216 0.0191813
vn -0.8305766 0.5526671 0.0685685
vn -0.7948991 0.6064162 0.0198715
vn -0.8305766 0.5526671 0.0685685
vn -0.8409055 0.5365378 0.0707463
vn 0.8768229 -0.4586069 0.1444347
vn 0.8542734 -0.5011773 0.1379792
vn 0.8371375 -0.5242469 0.1560959
vn 0.8768229 -0.4586069 0.1444347
vn 0.8371375 -0.5242469 0.1560959
vn 0.8351138 -0.5271142 0.1572755
vn -0.7347184 0.6779604 -0.0236360
vn -0.7248603 0.6884772 -0.0240141
vn -0.7834001 0.6212216 0.0191813
vn -0.7347184 0.6779604 -0.0236360
vn -0.7834001 0.6212216 0.0191813
vn -0.7948991 0.6064162 0.0198715
vn 0.8351138 -0.5271142 0.1572755
vn 0.8371375 -0.5242469 0.1560959
vn 0.8320221 -0.5364228 0.1413850
vn 0.8351138 -0.5271142 0.1572755
vn 0.8320221 -0.5364228 0.1413850
vn 0.8025478 -0.5809979 0.1354934
vn -0.6553879 0.7532512 -0.0554915
vn -0.6491260 0.7585817 -0.0564736
vn -0.7248603 0.6884772 -0.0240141
vn -0.6553879 0.7532512 -0.0554915
vn -0.7248603 0.6884772 -0.0240141
vn -0.7347184 0.6779604 -0.0236360
vn 0.8025478 -0.5809979 0.1354934
vn 0.8320221 -0.5364228 0.1413850
vn 0.8100572 -0.5775878 0.1009937
vn 0.8025478 -0.5809979 0.1354934
vn 0.8100572 -0.5775878 0.1009937
vn 0.7592092 -0.6451205 0.0861454
vn -0.5593435 0.8256437 -0.0738056
vn -0.5574101 0.8267483 -0.0760338
vn -0.6491260 0.7585817 -0.0564736
vn -0.5593435 0.8256437 -0.0738056
vn -0.6491260 0.7585817 -0.0564736
vn -0.6553879 0.7532512 -0.0554915
vn 0.7592092 -0.6451205 0.0861454
vn 0.8100572 -0.5775878 0.1009937
vn 0.7358878 -0.6755704 0.0455390
vn 0.7592092 -0.6451205 0.0861454
vn 0.7358878 -0.6755704 0.0455390
vn 0.6755983 -0.7369090 0.0230686
vn -0.4523984 0.8883873 -0.0781255
vn -0.4546532 0.8868826 -0.0820343
vn -0.5574101 0.8267483 -0.0760338
vn -0.4523984 0.8883873 -0.0781255
vn -0.5574101 0.8267483 -0.0760338
vn -0.5593435 0.8256437 -0.0738056
vn 0.6755983 -0.7369090 0.0230686
vn 0.7358878 -0.6755704 0.0455390
vn 0.5770334 -0.8166225 -0.0126575
vn 0.6755983 -0.7369090 0.0230686
vn 0.5770334 -0.8166225 -0.0126575
vn 0.5290023 -0.8478715 -0.0356421
vn -0.3386731 0.9383975 -0.0686347
vn -0.3446492 0.9357758 -0.0744344
vn -0.4546532 0.8868826 -0.0820343
vn -0.3386731 0.9383975 -0.0686347
vn -0.4546532 0.8868826 -0.0820343
vn -0.4523984 0.8883873 -0.0781255
vn 0.5290023 -0.8478715 -0.0356421
vn 0.5770334 -0.8166225 -0.0126575
vn 0.3321902 -0.9416201 -0.0547832
vn 0.5290023 -0.8478715 -0.0356421
vn 0.3321902 -0.9416201 -0.0547832
vn 0.3207760 -0.9445021 -0.0708414
vn -0.2188743 0.9746667 -0.0460312
vn -0.2280485 0.9721722 -0.0536200
vn -0.3446492 0.9357758 -0.0744344
vn -0.2188743 0.9746667 -0.0460312
vn -0.3446492 0.9357758 -0.0744344
vn -0.3386731 0.9383975 -0.0686347
vn 0.3207760 -0.9445021 -0.0708414
vn 0.3321902 -0.9416201 -0.0547832
vn 0.0496260 -0.9965813 -0.0660532
vn 0.3207760 -0.9445021 -0.0708414
vn 0.0496260 -0.9965813 -0.0660532
vn 0.0769609 -0.9943288 -0.0733984
vn -0.0914707 0.9957368 -0.0118883
vn -0.1031901 0.9944455 -0.0207338
vn -0.2280485 0.9721722 -0.0536200
vn -0.0914707 0.9957368 -0.0118883
vn -0.2280485 0.9721722 -0.0536200
vn -0.2188743 0.9746667 -0.0460312
vn 0.0769609 -0.9943288 -0.0733984
vn 0.0496260 -0.9965813 -0.0660532
vn -0.2110325 -0.9760653 -0.0525533
vn 0.0769609 -0.9943288 -0.0733984
vn -0.2110325 -0.9760653 -0.0525533
vn -0.1685488 -0.9842790 -0.0527846
vn 0.0449947 0.9985147 0.0307235
vn 0.0318061 0.9992584 0.0217047
vn -0.1031901 0.9944455 -0.0207338
vn 0.0449947 0.9985147 0.0307235
vn -0.1031901 0.9944455 -0.0207338
vn -0.0914707 0.9957368 -0.0118883
vn -0.1685488 -0.9842790 -0.0527846
vn -0.2110325 -0.9760653 -0.0525533
vn -0.4157471 -0.9088126 -0.0348434
vn -0.1685488 -0.9842790 -0.0527846
vn -0.4157471 -0.9088126 -0.0348434
vn -0.3847787 -0.9225241 -0.0299098
vn 0.1891043 0.9789721 0.0765056
vn 0.1762813 0.9819191 0.0689915
vn 0.0318061 0.9992584 0.0217047
vn 0.1891043 0.9789721 0.0765056
vn 0.0318061 0.9992584 0.0217047
vn 0.0449947 0.9985147 0.0307235
vn -0.3847787 -0.9225241 -0.0299098
vn -0.4157471 -0.9088126 -0.0348434
vn -0.5531318 -0.8325752 -0.0293890
vn -0.3847787 -0.9225241 -0.0299098
vn -0.5531318 -0.8325752 -0.0293890
vn -0.5464846 -0.8372058 -0.0210017
vn 0.3338560 0.9352707 0.1175114
vn 0.3240336 0.9392028 0.1135796
vn 0.1762813 0.9819191 0.0689915
vn 0.3338560 0.9352707 0.1175114
vn 0.1762813 0.9819191 0.0689915
vn 0.1891043 0.9789721 0.0765056
vn -0.5464846 -0.8372058 -0.0210017
vn -0.5531318 -0.8325752 -0.0293890
vn -0.6219364 -0.7820794 -0.0393298
vn -0.5464846 -0.8372058 -0.0210017
vn -0.6219364 -0.7820794 -0.0393298
vn -0.6376496 -0.7698129 -0.0281279
vn 0.4662330 0.8728607 0.1440174
vn 0.4622031 0.8747417 0.1455861
vn 0.3240336 0.9392028 0.1135796
vn 0.4662330 0.8728607 0.1440174
vn 0.3240336 0.9392028 0.1135796
vn 0.3338560 0.9352707 0.1175114
vn -0.6376496 -0.7698129 -0.0281279
vn -0.6219364 -0.7820794 -0.0393298
vn -0.6321146 -0.7727256 -0.0576735
vn -0.6376496 -0.7698129 -0.0281279
vn -0.6321146 -0.7727256 -0.0576735
vn -0.6585550 -0.7512733 -0.0435181
vn 0.5717266 0.8071033 0.1473535
vn 0.5753212 0.8030126 0.1554875
vn 0.4622031 0.8747417 0.1455861
vn 0.5717266 0.8071033 0.1473535
vn 0.4622031 0.8747417 0.1455861
vn 0.4662330 0.8728607 0.1440174
vn -0.6585550 -0.7512733 -0.0435181
vn -0.6321146 -0.7727256 -0.0576735
vn -0.6168893 -0.7835414 -0.0742328
vn -0.6585550 -0.7512733 -0.0435181
vn -0.6168893 -0.7835414 -0.0742328
vn -0.6356721 -0.7697957 -0.0577549
vn 0.6420586 0.7566612 0.1233881
vn 0.6534844 0.7442692 0.1379185
vn 0.5753212 0.8030126 0.1554875
vn 0.6420586 0.7566612 0.1233881
vn 0.5753212 0.8030126 0.1554875
vn 0.5717266 0.8071033 0.1473535
vn -0.6356721 -0.7697957 -0.0577549
vn -0.6168893 -0.7835414 -0.0742328
vn -0.6244547 -0.7770607 -0.0789492
vn -0.6356721 -0.7697957 -0.0577549
vn -0.6244547 -0.7770607 -0.0789492
vn -0.6192369 -0.7827772 -0.0616890
vn 0.6803522 0.7290766 0.0746205
vn 0.6981096 0.7097830 0.0940801
vn 0.6534844 0.7442692 0.1379185
vn 0.6803522 0.7290766 0.0746205
vn 0.6534844 0.7442692 0.1379185
vn 0.6420586 0.7566612 0.1233881
vn -0.6192369 -0.7827772 -0.0616890
vn -0.6244547 -0.7770607 -0.0789492
vn -0.6797155 -0.7307273 -0.0634385
vn -0.6192369 -0.7827772 -0.0616890
vn -0.6797155 -0.7307273 -0.0634385
vn -0.6494258 -0.7589304 -0.0476523
vn 0.7017445 0.7123571 0.0101053
vn 0.7225019 0.6906276 0.0320071
vn 0.6981096 0.7097830 0.0940801
vn 0.7017445 0.7123571 0.0101053
vn 0.6981096 0.7097830 0.0940801
vn 0.6803522 0.7290766 0.0746205
vn -0.6494258 -0.7589304 -0.0476523
vn -0.6797155 -0.7307273 -0.0634385
vn -0.7695233 -0.6380999 -0.0257384
vn -0.6494258 -0.7589304 -0.0476523
vn -0.7695233 -0.6380999 -0.0257384
vn -0.7282533 -0.6851610 -0.0141942
vn 0.7290243 0.6820132 -0.0581519
vn 0.7482957 0.6623768 -0.0361999
vn 0.7225019 0.6906276 0.0320071
vn 0.7290243 0.6820132 -0.0581519
vn 0.7225019 0.6906276 0.0320071
vn 0.7017445 0.7123571 0.0101053
vn -0.7282533 -0.6851610 -0.0141942
vn -0.7695233 -0.6380999 -0.0257384
vn -0.8651331 -0.5009602 0.0241592
vn -0.7282533 -0.6851610 -0.0141942
vn -0.8651331 -0.5009602 0.0241592
vn -0.8317486 -0.5543657 0.0295448
vn 0.7808424 0.6129678 -0.1206469
vn 0.7950699 0.5982393 -0.0998679
vn 0.7482957 0.6623768 -0.0361999
vn 0.7808424 0.6129678 -0.1206469
vn 0.7482957 0.6623768 -0.0361999
vn 0.7290243 0.6820132 -0.0581519
vn -0.8317486 -0.5543657 0.0295448
vn -0.8651331 -0.5009602 0.0241592
vn -0.9410694 -0.3315352 0.0668791
vn -0.8317486 -0.5543657 0.0295448
vn -0.9410694 -0.3315352 0.0668791
vn -0.9270620 -0.3690824 0.0658355
vn 0.8575563 0.4852226 -0.1707519
vn 0.8657538 0.4769509 -0.1516184
vn 0.7950699 0.5982393 -0.0998679
vn 0.8575563 0.4852226 -0.1707519
vn 0.7950699 0.5982393 -0.0998679
vn 0.7808424 0.6129678 -0.1206469
vn -0.9270620 -0.3690824 0.0658355
vn -0.9410694 -0.3315352 0.0668791
vn -0.9840471 -0.1563908 0.0848134
vn -0.9270620 -0.3690824 0.0658355
vn -0.9840471 -0.1563908 0.0848134
vn -0.9846522 -0.1560148 0.0782268
vn 0.9384601 0.2808146 -0.2010863
vn 0.9424437 0.2789145 -0.1844089
vn 0.8657538 0.4769509 -0.1516184
vn 0.9384601 0.2808146 -0.2010863
vn 0.8657538 0.4769509 -0.1516184
vn 0.8575563 0.4852226 -0.1707519
vn -0.9846522 -0.1560148 0.0782268
vn -0.9840471 -0.1563908 0.0848134
vn -0.9965254 -0.0281309 0.0783951
vn -0.9846522 -0.1560148 0.0782268
vn -0.9965254 -0.0281309 0.0783951
vn -0.9975158 -0.0160151 0.0685985
vn 0.9753678 0.0782551 -0.2062371
vn 0.9780903 0.0786883 -0.1927369
vn 0.9424437 0.2789145 -0.1844089
vn 0.9753678 0.0782551 -0.2062371
vn 0.9424437 0.2789145 -0.1844089
vn 0.9384601 0.2808146 -0.2010863
vn -0.9975158 -0.0160151 0.0685985
vn -0.9965254 -0.0281309 0.0783951
vn -0.9972189 0.0000000 0.0745283
vn -0.9975158 -0.0160151 0.0685985
vn -0.9972189 0.0000000 0.0745283
vn -0.9979673 0.0000000 0.0637275
vn 0.9789207 0.0000000 -0.2042409
vn 0.9815493 0.0000000 -0.1912095
vn 0.9780903 0.0786883 -0.1927369
vn 0.9789207 0.0000000 -0.2042409
vn 0.9780903 0.0786883 -0.1927369
vn 0.9753678 0.0782551 -0.2062371
vn 0.0000000 -1.0000000 0.0000000
vn 0.0000000 -1.0000000 0.0000000
vn 0.0000000 -1.0000000 0.0000000
vn 0.0000000 -1.0000000 0.0000000
vn 0.0000000 -1.0000000 0.0000000
vn 0.0000000 -1.0000000 0.0000000
vn 0.0000000 -1.0000000 0.0000000
vn 0.0000000 -1.0000000 0.0000000
vn 0.0000000 -1.0000000 0.0000000
vn 0.0000000 -1.0000000 0.0000000
vn 0.0000000 -1.0000000 0.0000000
vn 0.0000000 -1.0000000 0.0000000
vn 0.9970089 0.0000000 -0.0772865
vn 0.9965743 0.0000000 -0.0827028
vn 0.9942367 -0.0757209 -0.0758936
vn 0.9970089 0.0000000 -0.0772865
vn 0.9942367 -0.0757209 -0.0758936
vn 0.9965715 -0.0455514 -0.0690673
vn -0.9760069 0.1091530 0.1884044
vn -0.9782738 0.1112654 0.1749298
vn -0.9833492 0.0000000 0.1817258
vn -0.9760069 0.1091530 0.1884044
vn -0.9833492 0.0000000 0.1817258
vn -0.9806582 0.0000000 0.1957279
vn 0.9965715 -0.0455514 -0.0690673
vn 0.9942367 -0.0757209 -0.0758936
vn 0.9706753 -0.2367832 -0.0415118
vn 0.9965715 -0.0455514 -0.0690673
vn 0.9706753 -0.2367832 -0.0415118
vn 0.9866786 -0.1595985 -0.0315233
vn -0.9342750 0.3181473 0.1609734
vn -0.9333532 0.3255639 0.1511950
vn -0.9782738 0.1112654 0.1749298
vn -0.9342750 0.3181473 0.1609734
vn -0.9782738 0.1112654 0.1749298
vn -0.9760069 0.1091530 0.1884044
vn 0.9866786 -0.1595985 -0.0315233
vn 0.9706753 -0.2367832 -0.0415118
vn 0.9130280 -0.4076510 0.0141620
vn 0.9866786 -0.1595985 -0.0315233
vn 0.9130280 -0.4076510 0.0141620
vn 0.9479276 -0.3172952 0.0275154
vn -0.8764999 0.4667790 0.1177504
vn -0.8704125 0.4794655 0.1117810
vn -0.9333532 0.3255639 0.1511950
vn -0.8764999 0.4667790 0.1177504
vn -0.9333532 0.3255639 0.1511950
vn -0.9342750 0.3181473 0.1609734
vn 0.9479276 -0.3172952 0.0275154
vn 0.9130280 -0.4076510 0.0141620
vn 0.8540336 -0.5146951 0.0756015
vn 0.9479276 -0.3172952 0.0275154
vn 0.8540336 -0.5146951 0.0756015
vn 0.8952268 -0.4363542 0.0903549
vn -0.8305766 0.5526671 0.0685685
vn -0.8204796 0.5679144 0.0654707
vn -0.8704125 0.4794655 0.1117810
vn -0.8305766 0.5526671 0.0685685
vn -0.8704125 0.4794655 0.1117810
vn -0.8764999 0.4667790 0.1177504
vn 0.8952268 -0.4363542 0.0903549
vn 0.8540336 -0.5146951 0.0756015
vn 0.8266076 -0.5486712 0.1252187
vn 0.8952268 -0.4363542 0.0903549
vn 0.8266076 -0.5486712 0.1252187
vn 0.8542734 -0.5011773 0.1379792
vn -0.7834001 0.6212216 0.0191813
vn -0.7717737 0.6356475 0.0178235
vn -0.8204796 0.5679144 0.0654707
vn -0.7834001 0.6212216 0.0191813
vn -0.8204796 0.5679144 0.0654707
vn -0.8305766 0.5526671 0.0685685
vn 0.8542734 -0.5011773 0.1379792
vn 0.8266076 -0.5486712 0.1252187
vn 0.8345775 -0.5306124 0.1480910
vn 0.8542734 -0.5011773 0.1379792
vn 0.8345775 -0.5306124 0.1480910
vn 0.8371375 -0.5242469 0.1560959
vn -0.7248603 0.6884772 -0.0240141
vn -0.7145576 0.6991361 -0.0248215
vn -0.7717737 0.6356475 0.0178235
vn -0.7248603 0.6884772 -0.0240141
vn -0.7717737 0.6356475 0.0178235
vn -0.7834001 0.6212216 0.0191813
vn 0.8371375 -0.5242469 0.1560959
vn 0.8345775 -0.5306124 0.1480910
vn 0.8523141 -0.5038514 0.1403371
vn 0.8371375 -0.5242469 0.1560959
vn 0.8523141 -0.5038514 0.1403371
vn 0.8320221 -0.5364228 0.1413850
vn -0.6491260 0.7585817 -0.0564736
vn -0.6422259 0.7643418 -0.0576838
vn -0.7145576 0.6991361 -0.0248215
vn -0.6491260 0.7585817 -0.0564736
vn -0.7145576 0.6991361 -0.0248215
vn -0.7248603 0.6884772 -0.0240141
vn 0.8320221 -0.5364228 0.1413850
vn 0.8523141 -0.5038514 0.1403371
vn 0.8459386 -0.5218174 0.1099752
vn 0.8320221 -0.5364228 0.1413850
vn 0.8459386 -0.5218174 0.1099752
vn 0.8100572 -0.5775878 0.1009937
vn -0.5574101 0.8267483 -0.0760338
vn -0.5547628 0.8283148 -0.0783121
vn -0.6422259 0.7643418 -0.0576838
vn -0.5574101 0.8267483 -0.0760338
vn -0.6422259 0.7643418 -0.0576838
vn -0.6491260 0.7585817 -0.0564736
vn 0.8100572 -0.5775878 0.1009937
vn 0.8459386 -0.5218174 0.1099752
vn 0.7817992 -0.6200597 0.0656957
vn 0.8100572 -0.5775878 0.1009937
vn 0.7817992 -0.6200597 0.0656957
vn 0.7358878 -0.6755704 0.0455390
vn -0.4546532 0.8868826 -0.0820343
vn -0.4561959 0.8857296 -0.0858395
vn -0.5547628 0.8283148 -0.0783121
vn -0.4546532 0.8868826 -0.0820343
vn -0.5547628 0.8283148 -0.0783121
vn -0.5574101 0.8267483 -0.0760338
vn 0.7358878 -0.6755704 0.0455390
vn 0.7817992 -0.6200597 0.0656957
vn 0.6203247 -0.7842329 0.0132696
vn 0.7358878 -0.6755704 0.0455390
vn 0.6203247 -0.7842329 0.0132696
vn 0.5770334 -0.8166225 -0.0126575
vn -0.3446492 0.9357758 -0.0744344
vn -0.3499636 0.9333385 -0.0800292
vn -0.4561959 0.8857296 -0.0858395
vn -0.3446492 0.9357758 -0.0744344
vn -0.4561959 0.8857296 -0.0858395
vn -0.4546532 0.8868826 -0.0820343
vn 0.5770334 -0.8166225 -0.0126575
vn 0.6203247 -0.7842329 0.0132696
vn 0.3490188 -0.9365442 -0.0327245
vn 0.5770334 -0.8166225 -0.0126575
vn 0.3490188 -0.9365442 -0.0327245
vn 0.3321902 -0.9416201 -0.0547832
vn -0.2280485 0.9721722 -0.0536200
vn -0.2366647 0.9696750 -0.0609939
vn -0.3499636 0.9333385 -0.0800292
vn -0.2280485 0.9721722 -0.0536200
vn -0.3499636 0.9333385 -0.0800292
vn -0.3446492 0.9357758 -0.0744344
vn 0.3321902 -0.9416201 -0.0547832
vn 0.3490188 -0.9365442 -0.0327245
vn 0.0320188 -0.9980669 -0.0532666
vn 0.3321902 -0.9416201 -0.0547832
vn 0.0320188 -0.9980669 -0.0532666
vn 0.0496260 -0.9965813 -0.0660532
vn -0.1031901 0.9944455 -0.0207338
vn -0.1145474 0.9929802 -0.0294825
vn -0.2366647 0.9696750 -0.0609939
vn -0.1031901 0.9944455 -0.0207338
vn -0.2366647 0.9696750 -0.0609939
vn -0.2280485 0.9721722 -0.0536200
vn 0.0496260 -0.9965813 -0.0660532
vn 0.0320188 -0.9980669 -0.0532666
vn -0.2427377 -0.9688563 -0.0489469
vn 0.0496260 -0.9965813 -0.0660532
vn -0.2427377 -0.9688563 -0.0489469
vn -0.2110325 -0.9760653 -0.0525533
vn 0.0318061 0.9992584 0.0217047
vn 0.0186410 0.9997479 0.0125171
vn -0.1145474 0.9929802 -0.0294825
vn 0.0318061 0.9992584 0.0217047
vn -0.1145474 0.9929802 -0.0294825
vn -0.1031901 0.9944455 -0.0207338
vn -0.2110325 -0.9760653 -0.0525533
vn -0.2427377 -0.9688563 -0.0489469
vn -0.4374343 -0.8984321 -0.0383537
vn -0.2110325 -0.9760653 -0.0525533
vn -0.4374343 -0.8984321 -0.0383537
vn -0.4157471 -0.9088126 -0.0348434
vn 0.1762813 0.9819191 0.0689915
vn 0.1629863 0.9847455 0.0609240
vn 0.0186410 0.9997479 0.0125171
vn 0.1762813 0.9819191 0.0689915
vn 0.0186410 0.9997479 0.0125171
vn 0.0318061 0.9992584 0.0217047
vn -0.4157471 -0.9088126 -0.0348434
vn -0.4374343 -0.8984321 -0.0383537
vn -0.5532318 -0.8321780 -0.0376077
vn -0.4157471 -0.9088126 -0.0348434
vn -0.5532318 -0.8321780 -0.0376077
vn -0.5531318 -0.8325752 -0.0293890
vn 0.3240336 0.9392028 0.1135796
vn 0.3131710 0.9434562 0.1086938
vn 0.1629863 0.9847455 0.0609240
vn 0.3240336 0.9392028 0.1135796
vn 0.1629863 0.9847455 0.0609240
vn 0.1762813 0.9819191 0.0689915
vn -0.5531318 -0.8325752 -0.0293890
vn -0.5532318 -0.8321780 -0.0376077
vn -0.6011665 -0.7975223 -0.0505669
vn -0.5531318 -0.8325752 -0.0293890
vn -0.6011665 -0.7975223 -0.0505669
vn -0.6219364 -0.7820794 -0.0393298
vn 0.4622031 0.8747417 0.1455861
vn 0.4566611 0.8775898 0.1459345
vn 0.3131710 0.9434562 0.1086938
vn 0.4622031 0.8747417 0.1455861
vn 0.3131710 0.9434562 0.1086938
vn 0.3240336 0.9392028 0.1135796
vn -0.6219364 -0.7820794 -0.0393298
vn -0.6011665 -0.7975223 -0.0505669
vn -0.6018190 -0.7954660 -0.0710471
vn -0.6219364 -0.7820794 -0.0393298
vn -0.6018190 -0.7954660 -0.0710471
vn -0.6321146 -0.7727256 -0.0576735
vn 0.5753212 0.8030126 0.1554875
vn 0.5771295 0.8003487 0.1623682
vn 0.4566611 0.8775898 0.1459345
vn 0.5753212 0.8030126 0.1554875
vn 0.4566611 0.8775898 0.1459345
vn 0.4622031 0.8747417 0.1455861
vn -0.6321146 -0.7727256 -0.0576735
vn -0.6018190 -0.7954660 -0.0710471
vn -0.5972017 -0.7971176 -0.0891839
vn -0.6321146 -0.7727256 -0.0576735
vn -0.5972017 -0.7971176 -0.0891839
vn -0.6168893 -0.7835414 -0.0742328
vn 0.6534844 0.7442692 0.1379185
vn 0.6630302 0.7331181 0.1514227
vn 0.5771295 0.8003487 0.1623682
vn 0.6534844 0.7442692 0.1379185
vn 0.5771295 0.8003487 0.1623682
vn 0.5753212 0.8030126 0.1554875
vn -0.6168893 -0.7835414 -0.0742328
vn -0.5972017 -0.7971176 -0.0891839
vn -0.6318567 -0.7692385 -0.0950219
vn -0.6168893 -0.7835414 -0.0742328
vn -0.6318567 -0.7692385 -0.0950219
vn -0.6244547 -0.7770607 -0.0789492
vn 0.6981096 0.7097830 0.0940801
vn 0.7141604 0.6907966 0.1130267
vn 0.6630302 0.7331181 0.1514227
vn 0.6981096 0.7097830 0.0940801
vn 0.6630302 0.7331181 0.1514227
vn 0.6534844 0.7442692 0.1379185
vn -0.6244547 -0.7770607 -0.0789492
vn -0.6318567 -0.7692385 -0.0950219
vn -0.7129361 -0.6967495 -0.0791336
vn -0.6244547 -0.7770607 -0.0789492
vn -0.7129361 -0.6967495 -0.0791336
vn -0.6797155 -0.7307273 -0.0634385
vn 0.7225019 0.6906276 0.0320071
vn 0.7421538 0.6680429 0.0540975
vn 0.7141604 0.6907966 0.1130267
vn 0.7225019 0.6906276 0.0320071
vn 0.7141604 0.6907966 0.1130267
vn 0.6981096 0.7097830 0.0940801
vn -0.6797155 -0.7307273 -0.0634385
vn -0.7129361 -0.6967495 -0.0791336
vn -0.8123565 -0.5818867 -0.0385337
vn -0.6797155 -0.7307273 -0.0634385
vn -0.8123565 -0.5818867 -0.0385337
vn -0.7695233 -0.6380999 -0.0257384
vn 0.7482957 0.6623768 -0.0361999
vn 0.7672788 0.6411717 -0.0134896
vn 0.7421538 0.6680429 0.0540975
vn 0.7482957 0.6623768 -0.0361999
vn 0.7421538 0.6680429 0.0540975
vn 0.7225019 0.6906276 0.0320071
vn -0.7695233 -0.6380999 -0.0257384
vn -0.8123565 -0.5818867 -0.0385337
vn -0.8989545 -0.4377485 0.0160312
vn -0.7695233 -0.6380999 -0.0257384
vn -0.8989545 -0.4377485 0.0160312
vn -0.8651331 -0.5009602 0.0241592
vn 0.7950699 0.5982393 -0.0998679
vn 0.8095758 0.5818002 -0.0780740
vn 0.7672788 0.6411717 -0.0134896
vn 0.7950699 0.5982393 -0.0998679
vn 0.7672788 0.6411717 -0.0134896
vn 0.7482957 0.6623768 -0.0361999
vn -0.8651331 -0.5009602 0.0241592
vn -0.8989545 -0.4377485 0.0160312
vn -0.9562492 -0.2854983 0.0638605
vn -0.8651331 -0.5009602 0.0241592
vn -0.9562492 -0.2854983 0.0638605
vn -0.9410694 -0.3315352 0.0668791
vn 0.8657538 0.4769509 -0.1516184
vn 0.8743787 0.4671227 -0.1313708
vn 0.8095758 0.5818002 -0.0780740
vn 0.8657538 0.4769509 -0.1516184
vn 0.8095758 0.5818002 -0.0780740
vn 0.7950699 0.5982393 -0.0998679
vn -0.9410694 -0.3315352 0.0668791
vn -0.9562492 -0.2854983 0.0638605
vn -0.9848505 -0.1501442 0.0867534
vn -0.9410694 -0.3315352 0.0668791
vn -0.9848505 -0.1501442 0.0867534
vn -0.9840471 -0.1563908 0.0848134
vn 0.9424437 0.2789145 -0.1844089
vn 0.9466720 0.2758665 -0.1664626
vn 0.8743787 0.4671227 -0.1313708
vn 0.9424437 0.2789145 -0.1844089
vn 0.8743787 0.4671227 -0.1313708
vn 0.8657538 0.4769509 -0.1516184
vn -0.9840471 -0.1563908 0.0848134
vn -0.9848505 -0.1501442 0.0867534
vn -0.9957432 -0.0380051 0.0839706
vn -0.9840471 -0.1563908 0.0848134
vn -0.9957432 -0.0380051 0.0839706
vn -0.9965254 -0.0281309 0.0783951
vn 0.9780903 0.0786883 -0.1927369
vn 0.9809123 0.0787043 -0.1778108
vn 0.9466720 0.2758665 -0.1664626
vn 0.9780903 0.0786883 -0.1927369
vn 0.9466720 0.2758665 -0.1664626
vn 0.9424437 0.2789145 -0.1844089
vn -0.9965254 -0.0281309 0.0783951
vn -0.9957432 -0.0380051 0.0839706
vn -0.9966816 0.0000000 0.0813994
vn -0.9965254 -0.0281309 0.0783951
vn -0.9966816 0.0000000 0.0813994
vn -0.9972189 0.0000000 0.0745283
vn 0.9815493 0.0000000 -0.1912095
vn 0.9842540 0.0000000 -0.1767598
vn 0.9809123 0.0787043 -0.1778108
vn 0.9815493 0.0000000 -0.1912095
vn 0.9809123 0.0787043 -0.1778108
vn 0.9780903 0.0786883 -0.1927369
vn 0.0000000 -1.0000000 0.0000000
vn 0.0000000 -1.0000000 0.0000000
vn 0.0000000 -1.0000000 0.0000000
vn 0.0000000 -1.0000000 0.0000000
vn 0.0000000 -1.0000000 0.0000000
vn 0.0000000 -1.0000000 0.0000000
vn 0.0000000 -1.0000000 0.0000000
vn 0.0000000 -1.0000000 0.0000000
vn 0.0000000 -1.0000000 0.0000000
vn 0.0000000 -1.0000000 0.0000000
vn 0.0000000 -1.0000000 0.0000000
vn 0.0000000 -1.0000000 0.0000000
vn 0.9965743 0.0000000 -0.0827028
vn 0.9965167 0.0000000 -0.0833939
vn 0.9919065 -0.0998820 -0.0783907
vn 0.9965743 0.0000000 -0.0827028
vn 0.9919065 -0.0998820 -0.0783907
vn 0.9942367 -0.0757209 -0.0758936
vn -0.9782738 0.1112654 0.1749298
vn -0.9805888 0.1129885 0.1602472
vn -0.9860476 0.0000000 0.1664634
vn -0.9782738 0.1112654 0.1749298
vn -0.9860476 0.0000000 0.1664634
vn -0.9833492 0.0000000 0.1817258
vn 0.9942367 -0.0757209 -0.0758936
vn 0.9919065 -0.0998820 -0.0783907
vn 0.9521763 -0.3015950 -0.0489965
vn 0.9942367 -0.0757209 -0.0758936
vn 0.9521763 -0.3015950 -0.0489965
vn 0.9706753 -0.2367832 -0.0415118
vn -0.9333532 0.3255639 0.1511950
vn -0.9327769 0.3320303 0.1402966
vn -0.9805888 0.1129885 0.1602472
vn -0.9333532 0.3255639 0.1511950
vn -0.9805888 0.1129885 0.1602472
vn -0.9782738 0.1112654 0.1749298
vn 0.9706753 -0.2367832 -0.0415118
vn 0.9521763 -0.3015950 -0.0489965
vn 0.8736646 -0.4865287 -0.0000046
vn 0.9706753 -0.2367832 -0.0415118
vn 0.8736646 -0.4865287 -0.0000046
vn 0.9130280 -0.4076510 0.0141620
vn -0.8704125 0.4794655 0.1117810
vn -0.8648032 0.4910399 0.1048579
vn -0.9327769 0.3320303 0.1402966
vn -0.8704125 0.4794655 0.1117810
vn -0.9327769 0.3320303 0.1402966
vn -0.9333532 0.3255639 0.1511950
vn 0.9130280 -0.4076510 0.0141620
vn 0.8736646 -0.4865287 -0.0000046
vn 0.8076032 -0.5870004 0.0566357
vn 0.9130280 -0.4076510 0.0141620
vn 0.8076032 -0.5870004 0.0566357
vn 0.8540336 -0.5146951 0.0756015
vn -0.8204796 0.5679144 0.0654707
vn -0.8106770 0.5822425 0.0616154
vn -0.8648032 0.4910399 0.1048579
vn -0.8204796 0.5679144 0.0654707
vn -0.8648032 0.4910399 0.1048579
vn -0.8704125 0.4794655 0.1117810
vn 0.8540336 -0.5146951 0.0756015
vn 0.8076032 -0.5870004 0.0566357
vn 0.7943441 -0.5981227 0.1061450
vn 0.8540336 -0.5146951 0.0756015
vn 0.7943441 -0.5981227 0.1061450
vn 0.8266076 -0.5486712 0.1252187
vn -0.7717737 0.6356475 0.0178235
vn -0.7600937 0.6496179 0.0159404
vn -0.8106770 0.5822425 0.0616154
vn -0.7717737 0.6356475 0.0178235
vn -0.8106770 0.5822425 0.0616154
vn -0.8204796 0.5679144 0.0654707
vn 0.8266076 -0.5486712 0.1252187
vn 0.7943441 -0.5981227 0.1061450
vn 0.8273391 -0.5456900 0.1331635
vn 0.8266076 -0.5486712 0.1252187
vn 0.8273391 -0.5456900 0.1331635
vn 0.8345775 -0.5306124 0.1480910
vn -0.7145576 0.6991361 -0.0248215
vn -0.7038646 0.7098605 -0.0259361
vn -0.7600937 0.6496179 0.0159404
vn -0.7145576 0.6991361 -0.0248215
vn -0.7600937 0.6496179 0.0159404
vn -0.7717737 0.6356475 0.0178235
vn 0.8345775 -0.5306124 0.1480910
vn 0.8273391 -0.5456900 0.1331635
vn 0.8645540 -0.4847508 0.1325257
vn 0.8345775 -0.5306124 0.1480910
vn 0.8645540 -0.4847508 0.1325257
vn 0.8523141 -0.5038514 0.1403371
vn -0.6422259 0.7643418 -0.0576838
vn -0.6347188 0.7704855 -0.0590262
vn -0.7038646 0.7098605 -0.0259361
vn -0.6422259 0.7643418 -0.0576838
vn -0.7038646 0.7098605 -0.0259361
vn -0.7145576 0.6991361 -0.0248215
vn 0.8523141 -0.5038514 0.1403371
vn 0.8645540 -0.4847508 0.1325257
vn 0.8690927 -0.4815805 0.1129518
vn 0.8523141 -0.5038514 0.1403371
vn 0.8690927 -0.4815805 0.1129518
vn 0.8459386 -0.5218174 0.1099752
vn -0.5547628 0.8283148 -0.0783121
vn -0.5514184 0.8303285 -0.0805749
vn -0.6347188 0.7704855 -0.0590262
vn -0.5547628 0.8283148 -0.0783121
vn -0.6347188 0.7704855 -0.0590262
vn -0.6422259 0.7643418 -0.0576838
vn 0.8459386 -0.5218174 0.1099752
vn 0.8690927 -0.4815805 0.1129518
vn 0.8135759 -0.5756229 0.0821743
vn 0.8459386 -0.5218174 0.1099752
vn 0.8135759 -0.5756229 0.0821743
vn 0.7817992 -0.6200597 0.0656957
vn -0.4561959 0.8857296 -0.0858395
vn -0.4570349 0.8849344 -0.0894996
vn -0.5514184 0.8303285 -0.0805749
vn -0.4561959 0.8857296 -0.0858395
vn -0.5514184 0.8303285 -0.0805749
vn -0.5547628 0.8283148 -0.0783121
vn 0.7817992 -0.6200597 0.0656957
vn 0.8135759 -0.5756229 0.0821743
vn 0.6560315 -0.7536543 0.0403464
vn 0.7817992 -0.6200597 0.0656957
vn 0.6560315 -0.7536543 0.0403464
vn 0.6203247 -0.7842329 0.0132696
vn -0.3499636 0.9333385 -0.0800292
vn -0.3546142 0.9311056 -0.0853879
vn -0.4570349 0.8849344 -0.0894996
vn -0.3499636 0.9333385 -0.0800292
vn -0.4570349 0.8849344 -0.0894996
vn -0.4561959 0.8857296 -0.0858395
vn 0.6203247 -0.7842329 0.0132696
vn 0.6560315 -0.7536543 0.0403464
vn 0.3697449 -0.9291193 -0.0051069
vn 0.6203247 -0.7842329 0.0132696
vn 0.3697449 -0.9291193 -0.0051069
vn 0.3490188 -0.9365442 -0.0327245
vn -0.2366647 0.9696750 -0.0609939
vn -0.2447025 0.9672025 -0.0681175
vn -0.3546142 0.9311056 -0.0853879
vn -0.2366647 0.9696750 -0.0609939
vn -0.3546142 0.9311056 -0.0853879
vn -0.3499636 0.9333385 -0.0800292
vn 0.3490188 -0.9365442 -0.0327245
vn 0.3697449 -0.9291193 -0.0051069
vn 0.0251692 -0.9990923 -0.0343662
vn 0.3490188 -0.9365442 -0.0327245
vn 0.0251692 -0.9990923 -0.0343662
vn 0.0320188 -0.9980669 -0.0532666
vn -0.1145474 0.9929802 -0.0294825
vn -0.1254930 0.9913633 -0.0380842
vn -0.2447025 0.9672025 -0.0681175
vn -0.1145474 0.9929802 -0.0294825
vn -0.2447025 0.9672025 -0.0681175
vn -0.2366647 0.9696750 -0.0609939
vn 0.0320188 -0.9980669 -0.0532666
vn 0.0251692 -0.9990923 -0.0343662
vn -0.2622609 -0.9641251 -0.0410115
vn 0.0320188 -0.9980669 -0.0532666
vn -0.2622609 -0.9641251 -0.0410115
vn -0.2427377 -0.9688563 -0.0489469
vn 0.0186410 0.9997479 0.0125171
vn 0.0055851 0.9999792 0.0032267
vn -0.1254930 0.9913633 -0.0380842
vn 0.0186410 0.9997479 0.0125171
vn -0.1254930 0.9913633 -0.0380842
vn -0.1145474 0.9929802 -0.0294825
vn -0.2427377 -0.9688563 -0.0489469
vn -0.2622609 -0.9641251 -0.0410115
vn -0.4488697 -0.8927221 -0.0395389
vn -0.2427377 -0.9688563 -0.0489469
vn -0.4488697 -0.8927221 -0.0395389
vn -0.4374343 -0.8984321 -0.0383537
vn 0.1629863 0.9847455 0.0609240
vn 0.1493314 0.9873995 0.0523674
vn 0.0055851 0.9999792 0.0032267
vn 0.1629863 0.9847455 0.0609240
vn 0.0055851 0.9999792 0.0032267
vn 0.0186410 0.9997479 0.0125171
vn -0.4374343 -0.8984321 -0.0383537
vn -0.4488697 -0.8927221 -0.0395389
vn -0.5463518 -0.8363422 -0.0450716
vn -0.4374343 -0.8984321 -0.0383537
vn -0.5463518 -0.8363422 -0.0450716
vn -0.5532318 -0.8321780 -0.0376077
vn 0.3131710 0.9434562 0.1086938
vn 0.3013786 0.9479378 0.1028830
vn 0.1493314 0.9873995 0.0523674
vn 0.3131710 0.9434562 0.1086938
vn 0.1493314 0.9873995 0.0523674
vn 0.1629863 0.9847455 0.0609240
vn -0.5532318 -0.8321780 -0.0376077
vn -0.5463518 -0.8363422 -0.0450716
vn -0.5761869 -0.8149847 -0.0617140
vn -0.5532318 -0.8321780 -0.0376077
vn -0.5761869 -0.8149847 -0.0617140
vn -0.6011665 -0.7975223 -0.0505669
vn 0.4566611 0.8775898 0.1459345
vn 0.4496920 0.8813312 0.1450254
vn 0.3013786 0.9479378 0.1028830
vn 0.4566611 0.8775898 0.1459345
vn 0.3013786 0.9479378 0.1028830
vn 0.3131710 0.9434562 0.1086938
vn -0.6011665 -0.7975223 -0.0505669
vn -0.5761869 -0.8149847 -0.0617140
vn -0.5699185 -0.8174149 -0.0838199
vn -0.6011665 -0.7975223 -0.0505669
vn -0.5699185 -0.8174149 -0.0838199
vn -0.6018190 -0.7954660 -0.0710471
vn 0.5771295 0.8003487 0.1623682
vn 0.5772122 0.7991512 0.1678793
vn 0.4496920 0.8813312 0.1450254
vn 0.5771295 0.8003487 0.1623682
vn 0.4496920 0.8813312 0.1450254
vn 0.4566611 0.8775898 0.1459345
vn -0.6018190 -0.7954660 -0.0710471
vn -0.5699185 -0.8174149 -0.0838199
vn -0.5786215 -0.8090939 -0.1027824
vn -0.6018190 -0.7954660 -0.0710471
vn -0.5786215 -0.8090939 -0.1027824
vn -0.5972017 -0.7971176 -0.0891839
vn 0.6630302 0.7331181 0.1514227
vn 0.6707173 0.7234243 0.1636938
vn 0.5772122 0.7991512 0.1678793
vn 0.6630302 0.7331181 0.1514227
vn 0.5772122 0.7991512 0.1678793
vn 0.5771295 0.8003487 0.1623682
vn -0.5972017 -0.7971176 -0.0891839
vn -0.5786215 -0.8090939 -0.1027824
vn -0.6416962 -0.7590483 -0.1098708
vn -0.5972017 -0.7971176 -0.0891839
vn -0.6416962 -0.7590483 -0.1098708
vn -0.6318567 -0.7692385 -0.0950219
vn 0.7141604 0.6907966 0.1130267
vn 0.7284127 0.6724684 0.1311533
vn 0.6707173 0.7234243 0.1636938
vn 0.7141604 0.6907966 0.1130267
vn 0.6707173 0.7234243 0.1636938
vn 0.6630302 0.7331181 0.1514227
vn -0.6318567 -0.7692385 -0.0950219
vn -0.6416962 -0.7590483 -0.1098708
vn -0.7474835 -0.6575147 -0.0945658
vn -0.6318567 -0.7692385 -0.0950219
vn -0.7474835 -0.6575147 -0.0945658
vn -0.7129361 -0.6967495 -0.0791336
vn 0.7421538 0.6680429 0.0540975
vn 0.7604555 0.6449249 0.0760215
vn 0.7284127 0.6724684 0.1311533
vn 0.7421538 0.6680429 0.0540975
vn 0.7284127 0.6724684 0.1311533
vn 0.7141604 0.6907966 0.1130267
vn -0.7129361 -0.6967495 -0.0791336
vn -0.7474835 -0.6575147 -0.0945658
vn -0.8538851 -0.5178064 -0.0525046
vn -0.7129361 -0.6967495 -0.0791336
vn -0.8538851 -0.5178064 -0.0525046
vn -0.8123565 -0.5818867 -0.0385337
vn 0.7672788 0.6411717 -0.0134896
vn 0.7856712 0.6185687 0.0096684
vn 0.7604555 0.6449249 0.0760215
vn 0.7672788 0.6411717 -0.0134896
vn 0.7604555 0.6449249 0.0760215
vn 0.7421538 0.6680429 0.0540975
vn -0.8123565 -0.5818867 -0.0385337
vn -0.8538851 -0.5178064 -0.0525046
vn -0.9303518 -0.3666336 0.0050398
vn -0.8123565 -0.5818867 -0.0385337
vn -0.9303518 -0.3666336 0.0050398
vn -0.8989545 -0.4377485 0.0160312
vn 0.8095758 0.5818002 -0.0780740
vn 0.8241126 0.5636995 -0.0555098
vn 0.7856712 0.6185687 0.0096684
vn 0.8095758 0.5818002 -0.0780740
vn 0.7856712 0.6185687 0.0096684
vn 0.7672788 0.6411717 -0.0134896
vn -0.8989545 -0.4377485 0.0160312
vn -0.9303518 -0.3666336 0.0050398
vn -0.9709433 -0.2325299 0.0565588
vn -0.8989545 -0.4377485 0.0160312
vn -0.9709433 -0.2325299 0.0565588
vn -0.9562492 -0.2854983 0.0638605
vn 0.8743787 0.4671227 -0.1313708
vn 0.8832575 0.4557466 -0.1102329
vn 0.8241126 0.5636995 -0.0555098
vn 0.8743787 0.4671227 -0.1313708
vn 0.8241126 0.5636995 -0.0555098
vn 0.8095758 0.5818002 -0.0780740
vn -0.9562492 -0.2854983 0.0638605
vn -0.9709433 -0.2325299 0.0565588
vn -0.9869928 -0.1372320 0.0837413
vn -0.9562492 -0.2854983 0.0638605
vn -0.9869928 -0.1372320 0.0837413
vn -0.9848505 -0.1501442 0.0867534
vn 0.9466720 0.2758665 -0.1664626
vn 0.9510199 0.2716782 -0.1474863
vn 0.8832575 0.4557466 -0.1102329
vn 0.9466720 0.2758665 -0.1664626
vn 0.8832575 0.4557466 -0.1102329
vn 0.8743787 0.4671227 -0.1313708
vn -0.9848505 -0.1501442 0.0867534
vn -0.9869928 -0.1372320 0.0837413
vn -0.9953862 -0.0449341 0.0847774
vn -0.9848505 -0.1501442 0.0867534
vn -0.9953862 -0.0449341 0.0847774
vn -0.9957432 -0.0380051 0.0839706
vn 0.9809123 0.0787043 -0.1778108
vn 0.9837283 0.0783078 -0.1616986
vn 0.9510199 0.2716782 -0.1474863
vn 0.9809123 0.0787043 -0.1778108
vn 0.9510199 0.2716782 -0.1474863
vn 0.9466720 0.2758665 -0.1664626
vn -0.9957432 -0.0380051 0.0839706
vn -0.9953862 -0.0449341 0.0847774
vn -0.9964891 0.0000000 0.0837230
vn -0.9957432 -0.0380051 0.0839706
vn -0.9964891 0.0000000 0.0837230
vn -0.9966816 0.0000000 0.0813994
vn 0.9842540 0.0000000 -0.1767598
vn 0.9869328 0.0000000 -0.1611324
vn 0.9837283 0.0783078 -0.1616986
vn 0.9842540 0.0000000 -0.1767598
vn 0.9837283 0.0783078 -0.1616986
vn 0.9809123 0.0787043 -0.1778108
vn 0.0000000 -1.0000000 0.0000000
vn 0.0000000 -1.0000000 0.0000000
vn 0.0000000 -1.0000000 0.0000000
vn 0.0000000 -1.0000000 0.0000000
vn 0.0000000 -1.0000000 0.0000000
vn 0.0000000 -1.0000000 0.0000000
vn 0.0000000 -1.0000000 0.0000000
vn 0.0000000 -1.0000000 0.0000000
vn 0.0000000 -1.0000000 0.0000000
vn 0.0000000 -1.0000000 0.0000000
vn 0.0000000 -1.0000000 0.0000000
vn 0.0000000 -1.0000000 0.0000000
vn 0.9965167 0.0000000 -0.0833939
vn 0.9965429 0.0000000 -0.0830794
vn 0.9937178 -0.0752452 -0.0828439
vn 0.9965167 0.0000000 -0.0833939
vn 0.9937178 -0.0752452 -0.0828439
vn 0.9919065 -0.0998820 -0.0783907
vn -0.9805888 0.1129885 0.1602472
vn -0.9768621 0.1520254 0.1504287
vn -0.9877891 0.0000000 0.1557969
vn -0.9805888 0.1129885 0.1602472
vn -0.9877891 0.0000000 0.1557969
vn -0.9860476 0.0000000 0.1664634
vn 0.9919065 -0.0998820 -0.0783907
vn 0.9937178 -0.0752452 -0.0828439
vn 0.9532116 -0.2956616 -0.0630229
vn 0.9919065 -0.0998820 -0.0783907
vn 0.9532116 -0.2956616 -0.0630229
vn 0.9521763 -0.3015950 -0.0489965
vn -0.9327769 0.3320303 0.1402966
vn -0.9193831 0.3721375 0.1274692
vn -0.9768621 0.1520254 0.1504287
vn -0.9327769 0.3320303 0.1402966
vn -0.9768621 0.1520254 0.1504287
vn -0.9805888 0.1129885 0.1602472
vn 0.9521763 -0.3015950 -0.0489965
vn 0.9532116 -0.2956616 -0.0630229
vn 0.8633035 -0.5041752 -0.0226784
vn 0.9521763 -0.3015950 -0.0489965
vn 0.8633035 -0.5041752 -0.0226784
vn 0.8736646 -0.4865287 -0.0000046
vn -0.8648032 0.4910399 0.1048579
vn -0.8511937 0.5171262 0.0897203
vn -0.9193831 0.3721375 0.1274692
vn -0.8648032 0.4910399 0.1048579
vn -0.9193831 0.3721375 0.1274692
vn -0.9327769 0.3320303 0.1402966
vn 0.8736646 -0.4865287 -0.0000046
vn 0.8633035 -0.5041752 -0.0226784
vn 0.7827614 -0.6216315 0.0293068
vn 0.8736646 -0.4865287 -0.0000046
vn 0.7827614 -0.6216315 0.0293068
vn 0.8076032 -0.5870004 0.0566357
vn -0.8106770 0.5822425 0.0616154
vn -0.7956445 0.6040541 0.0454797
vn -0.8511937 0.5171262 0.0897203
vn -0.8106770 0.5822425 0.0616154
vn -0.8511937 0.5171262 0.0897203
vn -0.8648032 0.4910399 0.1048579
vn 0.8076032 -0.5870004 0.0566357
vn 0.7827614 -0.6216315 0.0293068
vn 0.7649878 -0.6388660 0.0815102
vn 0.8076032 -0.5870004 0.0566357
vn 0.7649878 -0.6388660 0.0815102
vn 0.7943441 -0.5981227 0.1061450
vn -0.7600937 0.6496179 0.0159404
vn -0.7437820 0.6684221 0.0004968
vn -0.7956445 0.6040541 0.0454797
vn -0.7600937 0.6496179 0.0159404
vn -0.7956445 0.6040541 0.0454797
vn -0.8106770 0.5822425 0.0616154
vn 0.7943441 -0.5981227 0.1061450
vn 0.7649878 -0.6388660 0.0815102
vn 0.8080247 -0.5772312 0.1178991
vn 0.7943441 -0.5981227 0.1061450
vn 0.8080247 -0.5772312 0.1178991
vn 0.8273391 -0.5456900 0.1331635
vn -0.7038646 0.7098605 -0.0259361
vn -0.6865149 0.7260619 -0.0391333
vn -0.7437820 0.6684221 0.0004968
vn -0.7038646 0.7098605 -0.0259361
vn -0.7437820 0.6684221 0.0004968
vn -0.7600937 0.6496179 0.0159404
vn 0.8273391 -0.5456900 0.1331635
vn 0.8080247 -0.5772312 0.1178991
vn 0.8617852 -0.4909362 0.1277026
vn 0.8273391 -0.5456900 0.1331635
vn 0.8617852 -0.4909362 0.1277026
vn 0.8645540 -0.4847508 0.1325257
vn -0.6347188 0.7704855 -0.0590262
vn -0.6170342 0.7839112 -0.0689355
vn -0.6865149 0.7260619 -0.0391333
vn -0.6347188 0.7704855 -0.0590262
vn -0.6865149 0.7260619 -0.0391333
vn -0.7038646 0.7098605 -0.0259361
vn 0.8645540 -0.4847508 0.1325257
vn 0.8617852 -0.4909362 0.1277026
vn 0.8810359 -0.4583127 0.1171548
vn 0.8645540 -0.4847508 0.1325257
vn 0.8810359 -0.4583127 0.1171548
vn 0.8690927 -0.4815805 0.1129518
vn -0.5514184 0.8303285 -0.0805749
vn -0.5343926 0.8407715 -0.0867634
vn -0.6170342 0.7839112 -0.0689355
vn -0.5514184 0.8303285 -0.0805749
vn -0.6170342 0.7839112 -0.0689355
vn -0.6347188 0.7704855 -0.0590262
vn 0.8690927 -0.4815805 0.1129518
vn 0.8810359 -0.4583127 0.1171548
vn 0.8430459 -0.5291834 0.0961172
vn 0.8690927 -0.4815805 0.1129518
vn 0.8430459 -0.5291834 0.0961172
vn 0.8135759 -0.5756229 0.0821743
vn -0.4570349 0.8849344 -0.0894996
vn -0.4413510 0.8926152 -0.0919097
vn -0.5343926 0.8407715 -0.0867634
vn -0.4570349 0.8849344 -0.0894996
vn -0.5343926 0.8407715 -0.0867634
vn -0.5514184 0.8303285 -0.0805749
vn 0.8135759 -0.5756229 0.0821743
vn 0.8430459 -0.5291834 0.0961172
vn 0.7116843 -0.6996072 0.0636806
vn 0.8135759 -0.5756229 0.0821743
vn 0.7116843 -0.6996072 0.0636806
vn 0.6560315 -0.7536543 0.0403464
vn -0.3546142 0.9311056 -0.0853879
vn -0.3403280 0.9365372 -0.0841125
vn -0.4413510 0.8926152 -0.0919097
vn -0.3546142 0.9311056 -0.0853879
vn -0.4413510 0.8926152 -0.0919097
vn -0.4570349 0.8849344 -0.0894996
vn 0.6560315 -0.7536543 0.0403464
vn 0.7116843 -0.6996072 0.0636806
vn 0.4443459 -0.8956284 0.0201596
vn 0.6560315 -0.7536543 0.0403464
vn 0.4443459 -0.8956284 0.0201596
vn 0.3697449 -0.9291193 -0.0051069
vn -0.2447025 0.9672025 -0.0681175
vn -0.2313373 0.9708096 -0.0633385
vn -0.3403280 0.9365372 -0.0841125
vn -0.2447025 0.9672025 -0.0681175
vn -0.3403280 0.9365372 -0.0841125
vn -0.3546142 0.9311056 -0.0853879
vn 0.3697449 -0.9291193 -0.0051069
vn 0.4443459 -0.8956284 0.0201596
vn 0.0860945 -0.9961327 -0.0175299
vn 0.3697449 -0.9291193 -0.0051069
vn 0.0860945 -0.9961327 -0.0175299
vn 0.0251692 -0.9990923 -0.0343662
vn -0.1254930 0.9913633 -0.0380842
vn -0.1122612 0.9932221 -0.0301226
vn -0.2313373 0.9708096 -0.0633385
vn -0.1254930 0.9913633 -0.0380842
vn -0.2313373 0.9708096 -0.0633385
vn -0.2447025 0.9672025 -0.0681175
vn 0.0251692 -0.9990923 -0.0343662
vn 0.0860945 -0.9961327 -0.0175299
vn -0.2281537 -0.9730345 -0.0339075
vn 0.0251692 -0.9990923 -0.0343662
vn -0.2281537 -0.9730345 -0.0339075
vn -0.2622609 -0.9641251 -0.0410115
vn 0.0055851 0.9999792 0.0032267
vn 0.0195845 0.9997129 0.0138051
vn -0.1122612 0.9932221 -0.0301226
vn 0.0055851 0.9999792 0.0032267
vn -0.1122612 0.9932221 -0.0301226
vn -0.1254930 0.9913633 -0.0380842
vn -0.2622609 -0.9641251 -0.0410115
vn -0.2281537 -0.9730345 -0.0339075
vn -0.4297382 -0.9021984 -0.0369189
vn -0.2622609 -0.9641251 -0.0410115
vn -0.4297382 -0.9021984 -0.0369189
vn -0.4488697 -0.8927221 -0.0395389
vn 0.1493314 0.9873995 0.0523674
vn 0.1648956 0.9841927 0.0646077
vn 0.0195845 0.9997129 0.0138051
vn 0.1493314 0.9873995 0.0523674
vn 0.0195845 0.9997129 0.0138051
vn 0.0055851 0.9999792 0.0032267
vn -0.4488697 -0.8927221 -0.0395389
vn -0.4297382 -0.9021984 -0.0369189
vn -0.5311404 -0.8462088 -0.0426673
vn -0.4488697 -0.8927221 -0.0395389
vn -0.5311404 -0.8462088 -0.0426673
vn -0.5463518 -0.8363422 -0.0450716
vn 0.3013786 0.9479378 0.1028830
vn 0.3188614 0.9407643 0.1152819
vn 0.1648956 0.9841927 0.0646077
vn 0.3013786 0.9479378 0.1028830
vn 0.1648956 0.9841927 0.0646077
vn 0.1493314 0.9873995 0.0523674
vn -0.5463518 -0.8363422 -0.0450716
vn -0.5311404 -0.8462088 -0.0426673
vn -0.5599541 -0.8264363 -0.0587747
vn -0.5463518 -0.8363422 -0.0450716
vn -0.5599541 -0.8264363 -0.0587747
vn -0.5761869 -0.8149847 -0.0617140
vn 0.4496920 0.8813312 0.1450254
vn 0.4686361 0.8695949 0.1555147
vn 0.3188614 0.9407643 0.1152819
vn 0.4496920 0.8813312 0.1450254
vn 0.3188614 0.9407643 0.1152819
vn 0.3013786 0.9479378 0.1028830
vn -0.5761869 -0.8149847 -0.0617140
vn -0.5599541 -0.8264363 -0.0587747
vn -0.5508580 -0.8305428 -0.0821836
vn -0.5761869 -0.8149847 -0.0617140
vn -0.5508580 -0.8305428 -0.0821836
vn -0.5699185 -0.8174149 -0.0838199
vn 0.5772122 0.7991512 0.1678793
vn 0.5964608 0.7834979 0.1742572
vn 0.4686361 0.8695949 0.1555147
vn 0.5772122 0.7991512 0.1678793
vn 0.4686361 0.8695949 0.1555147
vn 0.4496920 0.8813312 0.1450254
vn -0.5699185 -0.8174149 -0.0838199
vn -0.5508580 -0.8305428 -0.0821836
vn -0.5586979 -0.8226914 -0.1050500
vn -0.5699185 -0.8174149 -0.0838199
vn -0.5586979 -0.8226914 -0.1050500
vn -0.5786215 -0.8090939 -0.1027824
vn 0.6707173 0.7234243 0.1636938
vn 0.6891945 0.7056669 0.1644542
vn 0.5964608 0.7834979 0.1742572
vn 0.6707173 0.7234243 0.1636938
vn 0.5964608 0.7834979 0.1742572
vn 0.5772122 0.7991512 0.1678793
vn -0.5786215 -0.8090939 -0.1027824
vn -0.5586979 -0.8226914 -0.1050500
vn -0.6287477 -0.7683890 -0.1193932
vn -0.5786215 -0.8090939 -0.1027824
vn -0.6287477 -0.7683890 -0.1193932
vn -0.6416962 -0.7590483 -0.1098708
vn 0.7284127 0.6724684 0.1311533
vn 0.7456897 0.6542457 0.1261323
vn 0.6891945 0.7056669 0.1644542
vn 0.7284127 0.6724684 0.1311533
vn 0.6891945 0.7056669 0.1644542
vn 0.6707173 0.7234243 0.1636938
vn -0.6416962 -0.7590483 -0.1098708
vn -0.6287477 -0.7683890 -0.1193932
vn -0.7470943 -0.6549381 -0.1136056
vn -0.6416962 -0.7590483 -0.1098708
vn -0.7470943 -0.6549381 -0.1136056
vn -0.7474835 -0.6575147 -0.0945658
vn 0.7604555 0.6449249 0.0760215
vn 0.7767355 0.6262891 0.0666636
vn 0.7456897 0.6542457 0.1261323
vn 0.7604555 0.6449249 0.0760215
vn 0.7456897 0.6542457 0.1261323
vn 0.7284127 0.6724684 0.1311533
vn -0.7474835 -0.6575147 -0.0945658
vn -0.7470943 -0.6549381 -0.1136056
vn -0.8624107 -0.5000731 -0.0785791
vn -0.7474835 -0.6575147 -0.0945658
vn -0.8624107 -0.5000731 -0.0785791
vn -0.8538851 -0.5178064 -0.0525046
vn 0.7856712 0.6185687 0.0096684
vn 0.8016288 0.5978209 -0.0011989
vn 0.7767355 0.6262891 0.0666636
vn 0.7856712 0.6185687 0.0096684
vn 0.7767355 0.6262891 0.0666636
vn 0.7604555 0.6449249 0.0760215
vn -0.8538851 -0.5178064 -0.0525046
vn -0.8624107 -0.5000731 -0.0785791
vn -0.9400878 -0.3402584 -0.0214286
vn -0.8538851 -0.5178064 -0.0525046
vn -0.9400878 -0.3402584 -0.0214286
vn -0.9303518 -0.3666336 0.0050398
vn 0.8241126 0.5636995 -0.0555098
vn 0.8401003 0.5385576 -0.0647080
vn 0.8016288 0.5978209 -0.0011989
vn 0.8241126 0.5636995 -0.0555098
vn 0.8016288 0.5978209 -0.0011989
vn 0.7856712 0.6185687 0.0096684
vn -0.9303518 -0.3666336 0.0050398
vn -0.9400878 -0.3402584 -0.0214286
vn -0.9770753 -0.2096690 0.0369154
vn -0.9303518 -0.3666336 0.0050398
vn -0.9770753 -0.2096690 0.0369154
vn -0.9709433 -0.2325299 0.0565588
vn 0.8832575 0.4557466 -0.1102329
vn 0.8980224 0.4246119 -0.1151541
vn 0.8401003 0.5385576 -0.0647080
vn 0.8832575 0.4557466 -0.1102329
vn 0.8401003 0.5385576 -0.0647080
vn 0.8241126 0.5636995 -0.0555098
vn -0.9709433 -0.2325299 0.0565588
vn -0.9770753 -0.2096690 0.0369154
vn -0.9886269 -0.1299259 0.0757368
vn -0.9709433 -0.2325299 0.0565588
vn -0.9886269 -0.1299259 0.0757368
vn -0.9869928 -0.1372320 0.0837413
vn 0.9510199 0.2716782 -0.1474863
vn 0.9619654 0.2306346 -0.1463910
vn 0.8980224 0.4246119 -0.1151541
vn 0.9510199 0.2716782 -0.1474863
vn 0.8980224 0.4246119 -0.1151541
vn 0.8832575 0.4557466 -0.1102329
vn -0.9869928 -0.1372320 0.0837413
vn -0.9886269 -0.1299259 0.0757368
vn -0.9944029 -0.0640999 0.0839887
vn -0.9869928 -0.1372320 0.0837413
vn -0.9944029 -0.0640999 0.0839887
vn -0.9953862 -0.0449341 0.0847774
vn 0.9837283 0.0783078 -0.1616986
vn 0.9864624 0.0518120 -0.1555876
vn 0.9619654 0.2306346 -0.1463910
vn 0.9837283 0.0783078 -0.1616986
vn 0.9619654 0.2306346 -0.1463910
vn 0.9510199 0.2716782 -0.1474863
vn -0.9953862 -0.0449341 0.0847774
vn -0.9944029 -0.0640999 0.0839887
vn -0.9965419 0.0000000 0.0830924
vn -0.9953862 -0.0449341 0.0847774
vn -0.9965419 0.0000000 0.0830924
vn -0.9964891 0.0000000 0.0837230
vn 0.9869328 0.0000000 -0.1611324
vn 0.9877891 0.0000000 -0.1557969
vn 0.9864624 0.0518120 -0.1555876
vn 0.9869328 0.0000000 -0.1611324
vn 0.9864624 0.0518120 -0.1555876
vn 0.9837283 0.0783078 -0.1616986
vn 0.0000000 -1.0000000 0.0000000
vn 0.0000000 -1.0000000 0.0000000
vn 0.0000000 -1.0000000 0.0000000
vn 0.0000000 -1.0000000 0.0000000
vn 0.0000000 -1.0000000 0.0000000
vn 0.0000000 -1.0000000 0.0000000
vn 0.0000000 -1.0000000 0.0000000
vn 0.0000000 -1.0000000 0.0000000
vn 0.0000000 -1.0000000 0.0000000
vn 0.0000000 -1.0000000 0.0000000
vn 0.0000000 -1.0000000 0.0000000
vn 0.0000000 -1.0000000 0.0000000
vn -0.0550750 -0.0203757 0.9982743
vn 0.0140255 0.2408859 0.9704521
vn 0.0383149 0.1145687 0.9926762
vn -0.0550750 -0.0203757 0.9982743
vn 0.0383149 0.1145687 0.9926762
vn 0.0811286 -0.0250462 0.9963889
vn 0.0140255 0.2408859 0.9704521
vn 0.1278493 0.5069682 0.8524305
vn 0.0938688 0.3783062 0.9209088
vn 0.0140255 0.2408859 0.9704521
vn 0.0938688 0.3783062 0.9209088
vn 0.0383149 0.1145687 0.9926762
vn 0.1278493 0.5069682 0.8524305
vn 0.2050752 0.5492557 0.8101002
vn 0.1549653 0.4712754 0.8682657
vn 0.1278493 0.5069682 0.8524305
vn 0.1549653 0.4712754 0.8682657
vn 0.0938688 0.3783062 0.9209088
vn 0.2050752 0.5492557 0.8101002
vn 0.2287818 0.4775735 0.8482820
vn 0.1745656 0.4365913 0.8825615
vn 0.2050752 0.5492557 0.8101002
vn 0.1745656 0.4365913 0.8825615
vn 0.1549653 0.4712754 0.8682657
vn 0.2287818 0.4775735 0.8482820
vn 0.1769330 0.3054111 0.9356382
vn 0.1318617 0.3091120 0.9418398
vn 0.2287818 0.4775735 0.8482820
vn 0.1318617 0.3091120 0.9418398
vn 0.1745656 0.4365913 0.8825615
vn 0.1769330 0.3054111 0.9356382
vn 0.0294364 0.0562647 0.9979819
vn 0.0147351 0.1151192 0.9932424
vn 0.1769330 0.3054111 0.9356382
vn 0.0147351 0.1151192 0.9932424
vn 0.1318617 0.3091120 0.9418398
vn 0.0294364 0.0562647 0.9979819
vn -0.1702613 -0.1702509 0.9705801
vn -0.1484544 -0.0795262 0.9857164
vn 0.0294364 0.0562647 0.9979819
vn -0.1484544 -0.0795262 0.9857164
vn 0.0147351 0.1151192 0.9932424
vn -0.1702613 -0.1702509 0.9705801
vn -0.3382892 -0.2834738 0.8973310
vn -0.2935083 -0.1980033 0.9352259
vn -0.1702613 -0.1702509 0.9705801
vn -0.2935083 -0.1980033 0.9352259
vn -0.1484544 -0.0795262 0.9857164
vn -0.3382892 -0.2834738 0.8973310
vn -0.4312619 -0.2882879 0.8549288
vn -0.3774428 -0.2260094 0.8980294
vn -0.3382892 -0.2834738 0.8973310
vn -0.3774428 -0.2260094 0.8980294
vn -0.2935083 -0.1980033 0.9352259
vn -0.4312619 -0.2882879 0.8549288
vn -0.4339144 -0.2348547 0.8698055
vn -0.3881461 -0.1967667 0.9003474
vn -0.4312619 -0.2882879 0.8549288
vn -0.3881461 -0.1967667 0.9003474
vn -0.3774428 -0.2260094 0.8980294
vn -0.4339144 -0.2348547 0.8698055
vn -0.3381580 -0.1785571 0.9239949
vn -0.3241603 -0.1512992 0.9338247
vn -0.4339144 -0.2348547 0.8698055
vn -0.3241603 -0.1512992 0.9338247
vn -0.3881461 -0.1967667 0.9003474
vn -0.3381580 -0.1785571 0.9239949
vn -0.1846217 -0.1636849 0.9690831
vn -0.2069418 -0.1248082 0.9703597
vn -0.3381580 -0.1785571 0.9239949
vn -0.2069418 -0.1248082 0.9703597
vn -0.3241603 -0.1512992 0.9338247
vn -0.1846217 -0.1636849 0.9690831
vn -0.0628554 -0.1901635 0.9797383
vn -0.0923537 -0.1280109 0.9874634
vn -0.1846217 -0.1636849 0.9690831
vn -0.0923537 -0.1280109 0.9874634
vn -0.2069418 -0.1248082 0.9703597
vn -0.0628554 -0.1901635 0.9797383
vn -0.0174894 -0.2220654 0.9748749
vn -0.0252162 -0.1405843 0.9897475
vn -0.0628554 -0.1901635 0.9797383
vn -0.0252162 -0.1405843 0.9897475
vn -0.0923537 -0.1280109 0.9874634
vn -0.0174894 -0.2220654 0.9748749
vn -0.0221765 -0.2346577 0.9718251
vn -0.0009633 -0.1404282 0.9900904
vn -0.0174894 -0.2220654 0.9748749
vn -0.0009633 -0.1404282 0.9900904
vn -0.0252162 -0.1405843 0.9897475
vn -0.0221765 -0.2346577 0.9718251
vn -0.0321217 -0.2336190 0.9717975
vn 0.0083021 -0.1254242 0.9920685
vn -0.0221765 -0.2346577 0.9718251
vn 0.0083021 -0.1254242 0.9920685
vn -0.0009633 -0.1404282 0.9900904
vn -0.0321217 -0.2336190 0.9717975
vn -0.0142522 -0.2470199 0.9689056
vn 0.0277750 -0.1132937 0.9931732
vn -0.0321217 -0.2336190 0.9717975
vn 0.0277750 -0.1132937 0.9931732
vn 0.0083021 -0.1254242 0.9920685
vn -0.0142522 -0.2470199 0.9689056
vn 0.0356623 -0.2994535 0.9534442
vn 0.0682709 -0.1309807 0.9890314
vn -0.0142522 -0.2470199 0.9689056
vn 0.0682709 -0.1309807 0.9890314
vn 0.0277750 -0.1132937 0.9931732
vn 0.0356623 -0.2994535 0.9534442
vn 0.0843468 -0.3758170 0.9228473
vn 0.1161605 -0.1892736 0.9750294
vn 0.0356623 -0.2994535 0.9534442
vn 0.1161605 -0.1892736 0.9750294
vn 0.0682709 -0.1309807 0.9890314
vn 0.0843468 -0.3758170 0.9228473
vn 0.0944805 -0.4328537 0.8964994
vn 0.1413731 -0.2624106 0.9545440
vn 0.0843468 -0.3758170 0.9228473
vn 0.1413731 -0.2624106 0.9545440
vn 0.1161605 -0.1892736 0.9750294
vn 0.0944805 -0.4328537 0.8964994
vn 0.0583919 -0.4402558 0.8959717
vn 0.1288632 -0.3101607 0.9419101
vn 0.0944805 -0.4328537 0.8964994
vn 0.1288632 -0.3101607 0.9419101
vn 0.1413731 -0.2624106 0.9545440
vn 0.0583919 -0.4402558 0.8959717
vn -0.0149807 -0.3779319 0.9257122
vn 0.0845186 -0.3012606 0.9497887
vn 0.0583919 -0.4402558 0.8959717
vn 0.0845186 -0.3012606 0.9497887
vn 0.1288632 -0.3101607 0.9419101
vn -0.0149807 -0.3779319 0.9257122
vn -0.1126031 -0.2139591 0.9703309
vn 0.0195364 -0.2099279 0.9775217
vn -0.0149807 -0.3779319 0.9257122
vn 0.0195364 -0.2099279 0.9775217
vn 0.0845186 -0.3012606 0.9497887
vn -0.1126031 -0.2139591 0.9703309
vn -0.1789325 0.0488174 0.9826495
vn -0.0405485 -0.0446324 0.9981802
vn -0.1126031 -0.2139591 0.9703309
vn -0.0405485 -0.0446324 0.9981802
vn 0.0195364 -0.2099279 0.9775217
vn -0.1789325 0.0488174 0.9826495
vn -0.1696488 0.0592592 0.9837213
vn -0.0680267 0.0539321 0.9962247
vn -0.1789325 0.0488174 0.9826495
vn -0.0680267 0.0539321 0.9962247
vn -0.0405485 -0.0446324 0.9981802
vn -0.1696488 0.0592592 0.9837213
vn -0.1486598 0.0000000 0.9888884
vn -0.1131269 -0.0164298 0.9934447
vn -0.1696488 0.0592592 0.9837213
vn -0.1131269 -0.0164298 0.9934447
vn -0.0680267 0.0539321 0.9962247
vn 0.0811286 -0.0250462 0.9963889
vn 0.0383149 0.1145687 0.9926762
vn 0.2005528 0.1491740 0.9682591
vn 0.0811286 -0.0250462 0.9963889
vn 0.2005528 0.1491740 0.9682591
vn 0.2670780 0.0255977 0.9633349
vn 0.0383149 0.1145687 0.9926762
vn 0.0938688 0.3783062 0.9209088
vn 0.1848499 0.3356888 0.9236577
vn 0.0383149 0.1145687 0.9926762
vn 0.1848499 0.3356888 0.9236577
vn 0.2005528 0.1491740 0.9682591
vn 0.0938688 0.3783062 0.9209088
vn 0.1549653 0.4712754 0.8682657
vn 0.2240130 0.3885459 0.8937843
vn 0.0938688 0.3783062 0.9209088
vn 0.2240130 0.3885459 0.8937843
vn 0.1848499 0.3356888 0.9236577
vn 0.1549653 0.4712754 0.8682657
vn 0.1745656 0.4365913 0.8825615
vn 0.2436947 0.3285720 0.9124984
vn 0.1549653 0.4712754 0.8682657
vn 0.2436947 0.3285720 0.9124984
vn 0.2240130 0.3885459 0.8937843
vn 0.1745656 0.4365913 0.8825615
vn 0.1318617 0.3091120 0.9418398
vn 0.2031329 0.1972071 0.9590862
vn 0.1745656 0.4365913 0.8825615
vn 0.2031329 0.1972071 0.9590862
vn 0.2436947 0.3285720 0.9124984
vn 0.1318617 0.3091120 0.9418398
vn 0.0147351 0.1151192 0.9932424
vn 0.0828087 0.0297061 0.9961226
vn 0.1318617 0.3091120 0.9418398
vn 0.0828087 0.0297061 0.9961226
vn 0.2031329 0.1972071 0.9590862
vn 0.0147351 0.1151192 0.9932424
vn -0.1484544 -0.0795262 0.9857164
vn -0.0865913 -0.1219302 0.9887543
vn 0.0147351 0.1151192 0.9932424
vn -0.0865913 -0.1219302 0.9887543
vn 0.0828087 0.0297061 0.9961226
vn -0.1484544 -0.0795262 0.9857164
vn -0.2935083 -0.1980033 0.9352259
vn -0.2378331 -0.2131371 0.9476328
vn -0.1484544 -0.0795262 0.9857164
vn -0.2378331 -0.2131371 0.9476328
vn -0.0865913 -0.1219302 0.9887543
vn -0.2935083 -0.1980033 0.9352259
vn -0.3774428 -0.2260094 0.8980294
vn -0.3258584 -0.2395911 0.9145559
vn -0.2935083 -0.1980033 0.9352259
vn -0.3258584 -0.2395911 0.9145559
vn -0.2378331 -0.2131371 0.9476328
vn -0.3774428 -0.2260094 0.8980294
vn -0.3881461 -0.1967667 0.9003474
vn -0.3400502 -0.2229066 0.9136074
vn -0.3774428 -0.2260094 0.8980294
vn -0.3400502 -0.2229066 0.9136074
vn -0.3258584 -0.2395911 0.9145559
vn -0.3881461 -0.1967667 0.9003474
vn -0.3241603 -0.1512992 0.9338247
vn -0.2842599 -0.1868386 0.9403657
vn -0.3881461 -0.1967667 0.9003474
vn -0.2842599 -0.1868386 0.9403657
vn -0.3400502 -0.2229066 0.9136074
vn -0.3241603 -0.1512992 0.9338247
vn -0.2069418 -0.1248082 0.9703597
vn -0.1777911 -0.1482200 0.9728418
vn -0.3241603 -0.1512992 0.9338247
vn -0.1777911 -0.1482200 0.9728418
vn -0.2842599 -0.1868386 0.9403657
vn -0.2069418 -0.1248082 0.9703597
vn -0.0923537 -0.1280109 0.9874634
vn -0.0595055 -0.1110347 0.9920335
vn -0.2069418 -0.1248082 0.9703597
vn -0.0595055 -0.1110347 0.9920335
vn -0.1777911 -0.1482200 0.9728418
vn -0.0923537 -0.1280109 0.9874634
vn -0.0252162 -0.1405843 0.9897475
vn 0.0352667 -0.0677182 0.9970810
vn -0.0923537 -0.1280109 0.9874634
vn 0.0352667 -0.0677182 0.9970810
vn -0.0595055 -0.1110347 0.9920335
vn -0.0252162 -0.1405843 0.9897475
vn -0.0009633 -0.1404282 0.9900904
vn 0.0960093 -0.0120286 0.9953078
vn -0.0252162 -0.1405843 0.9897475
vn 0.0960093 -0.0120286 0.9953078
vn 0.0352667 -0.0677182 0.9970810
vn -0.0009633 -0.1404282 0.9900904
vn 0.0083021 -0.1254242 0.9920685
vn 0.1299270 0.0508135 0.9902207
vn -0.0009633 -0.1404282 0.9900904
vn 0.1299270 0.0508135 0.9902207
vn 0.0960093 -0.0120286 0.9953078
vn 0.0083021 -0.1254242 0.9920685
vn 0.0277750 -0.1132937 0.9931732
vn 0.1493712 0.1030173 0.9834001
vn 0.0083021 -0.1254242 0.9920685
vn 0.1493712 0.1030173 0.9834001
vn 0.1299270 0.0508135 0.9902207
vn 0.0277750 -0.1132937 0.9931732
vn 0.0682709 -0.1309807 0.9890314
vn 0.1653081 0.1189750 0.9790394
vn 0.0277750 -0.1132937 0.9931732
vn 0.1653081 0.1189750 0.9790394
vn 0.1493712 0.1030173 0.9834001
vn 0.0682709 -0.1309807 0.9890314
vn 0.1161605 -0.1892736 0.9750294
vn 0.1799900 0.0795534 0.9804462
vn 0.0682709 -0.1309807 0.9890314
vn 0.1799900 0.0795534 0.9804462
vn 0.1653081 0.1189750 0.9790394
vn 0.1161605 -0.1892736 0.9750294
vn 0.1413731 -0.2624106 0.9545440
vn 0.1851606 -0.0092066 0.9826652
vn 0.1161605 -0.1892736 0.9750294
vn 0.1851606 -0.0092066 0.9826652
vn 0.1799900 0.0795534 0.9804462
vn 0.1413731 -0.2624106 0.9545440
vn 0.1288632 -0.3101607 0.9419101
vn 0.1760010 -0.1124545 0.9779456
vn 0.1413731 -0.2624106 0.9545440
vn 0.1760010 -0.1124545 0.9779456
vn 0.1851606 -0.0092066 0.9826652
vn 0.1288632 -0.3101607 0.9419101
vn 0.0845186 -0.3012606 0.9497887
vn 0.1601808 -0.1809926 0.9703524
vn 0.1288632 -0.3101607 0.9419101
vn 0.1601808 -0.1809926 0.9703524
vn 0.1760010 -0.1124545 0.9779456
vn 0.0845186 -0.3012606 0.9497887
vn 0.0195364 -0.2099279 0.9775217
vn 0.1483143 -0.1741663 0.9734829
vn 0.0845186 -0.3012606 0.9497887
vn 0.1483143 -0.1741663 0.9734829
vn 0.1601808 -0.1809926 0.9703524
vn 0.0195364 -0.2099279 0.9775217
vn -0.0405485 -0.0446324 0.9981802
vn 0.1473617 -0.0864172 0.9853003
vn 0.0195364 -0.2099279 0.9775217
vn 0.1473617 -0.0864172 0.9853003
vn 0.1483143 -0.1741663 0.9734829
vn -0.0405485 -0.0446324 0.9981802
vn -0.0680267 0.0539321 0.9962247
vn 0.1432560 0.0323380 0.9891572
vn -0.0405485 -0.0446324 0.9981802
vn 0.1432560 0.0323380 0.9891572
vn 0.1473617 -0.0864172 0.9853003
vn -0.0680267 0.0539321 0.9962247
vn -0.1131269 -0.0164298 0.9934447
vn 0.0718282 0.0216401 0.9971822
vn -0.0680267 0.0539321 0.9962247
vn 0.0718282 0.0216401 0.9971822
vn 0.1432560 0.0323380 0.9891572
vn 0.2670780 0.0255977 0.9633349
vn 0.2005528 0.1491740 0.9682591
vn 0.2294760 0.1825293 0.9560459
vn 0.2670780 0.0255977 0.9633349
vn 0.2294760 0.1825293 0.9560459
vn 0.2221007 0.0724636 0.9723273
vn 0.2005528 0.1491740 0.9682591
vn 0.1848499 0.3356888 0.9236577
vn 0.2406136 0.2902925 0.9261940
vn 0.2005528 0.1491740 0.9682591
vn 0.2406136 0.2902925 0.9261940
vn 0.2294760 0.1825293 0.9560459
vn 0.1848499 0.3356888 0.9236577
vn 0.2240130 0.3885459 0.8937843
vn 0.3191036 0.2456999 0.9153166
vn 0.1848499 0.3356888 0.9236577
vn 0.3191036 0.2456999 0.9153166
vn 0.2406136 0.2902925 0.9261940
vn 0.2240130 0.3885459 0.8937843
vn 0.2436947 0.3285720 0.9124984
vn 0.3795667 0.1274575 0.9163426
vn 0.2240130 0.3885459 0.8937843
vn 0.3795667 0.1274575 0.9163426
vn 0.3191036 0.2456999 0.9153166
vn 0.2436947 0.3285720 0.9124984
vn 0.2031329 0.1972071 0.9590862
vn 0.3731353 -0.0155360 0.9276469
vn 0.2436947 0.3285720 0.9124984
vn 0.3731353 -0.0155360 0.9276469
vn 0.3795667 0.1274575 0.9163426
vn 0.2031329 0.1972071 0.9590862
vn 0.0828087 0.0297061 0.9961226
vn 0.2758255 -0.1616857 0.9475115
vn 0.2031329 0.1972071 0.9590862
vn 0.2758255 -0.1616857 0.9475115
vn 0.3731353 -0.0155360 0.9276469
vn 0.0828087 0.0297061 0.9961226
vn -0.0865913 -0.1219302 0.9887543
vn 0.0977585 -0.2878097 0.9526851
vn 0.0828087 0.0297061 0.9961226
vn 0.0977585 -0.2878097 0.9526851
vn 0.2758255 -0.1616857 0.9475115
vn -0.0865913 -0.1219302 0.9887543
vn -0.2378331 -0.2131371 0.9476328
vn -0.0964384 -0.3651746 0.9259304
vn -0.0865913 -0.1219302 0.9887543
vn -0.0964384 -0.3651746 0.9259304
vn 0.0977585 -0.2878097 0.9526851
vn -0.2378331 -0.2131371 0.9476328
vn -0.3258584 -0.2395911 0.9145559
vn -0.2294136 -0.3890240 0.8922050
vn -0.2378331 -0.2131371 0.9476328
vn -0.2294136 -0.3890240 0.8922050
vn -0.0964384 -0.3651746 0.9259304
vn -0.3258584 -0.2395911 0.9145559
vn -0.3400502 -0.2229066 0.9136074
vn -0.2701801 -0.3777743 0.8856011
vn -0.3258584 -0.2395911 0.9145559
vn -0.2701801 -0.3777743 0.8856011
vn -0.2294136 -0.3890240 0.8922050
vn -0.3400502 -0.2229066 0.9136074
vn -0.2842599 -0.1868386 0.9403657
vn -0.2216361 -0.3459500 0.9116995
vn -0.3400502 -0.2229066 0.9136074
vn -0.2216361 -0.3459500 0.9116995
vn -0.2701801 -0.3777743 0.8856011
vn -0.2842599 -0.1868386 0.9403657
vn -0.1777911 -0.1482200 0.9728418
vn -0.1036299 -0.2959395 0.9495687
vn -0.2842599 -0.1868386 0.9403657
vn -0.1036299 -0.2959395 0.9495687
vn -0.2216361 -0.3459500 0.9116995
vn -0.1777911 -0.1482200 0.9728418
vn -0.0595055 -0.1110347 0.9920335
vn 0.0425464 -0.2247904 0.9734778
vn -0.1777911 -0.1482200 0.9728418
vn 0.0425464 -0.2247904 0.9734778
vn -0.1036299 -0.2959395 0.9495687
vn -0.0595055 -0.1110347 0.9920335
vn 0.0352667 -0.0677182 0.9970810
vn 0.1689471 -0.1340056 0.9764729
vn -0.0595055 -0.1110347 0.9920335
vn 0.1689471 -0.1340056 0.9764729
vn 0.0425464 -0.2247904 0.9734778
vn 0.0352667 -0.0677182 0.9970810
vn 0.0960093 -0.0120286 0.9953078
vn 0.2457524 -0.0314461 0.9688224
vn 0.0352667 -0.0677182 0.9970810
vn 0.2457524 -0.0314461 0.9688224
vn 0.1689471 -0.1340056 0.9764729
vn 0.0960093 -0.0120286 0.9953078
vn 0.1299270 0.0508135 0.9902207
vn 0.2646854 0.0713471 0.9616918
vn 0.0960093 -0.0120286 0.9953078
vn 0.2646854 0.0713471 0.9616918
vn 0.2457524 -0.0314461 0.9688224
vn 0.1299270 0.0508135 0.9902207
vn 0.1493712 0.1030173 0.9834001
vn 0.2331047 0.1575886 0.9595978
vn 0.1299270 0.0508135 0.9902207
vn 0.2331047 0.1575886 0.9595978
vn 0.2646854 0.0713471 0.9616918
vn 0.1493712 0.1030173 0.9834001
vn 0.1653081 0.1189750 0.9790394
vn 0.1709850 0.2048255 0.9637482
vn 0.1493712 0.1030173 0.9834001
vn 0.1709850 0.2048255 0.9637482
vn 0.2331047 0.1575886 0.9595978
vn 0.1653081 0.1189750 0.9790394
vn 0.1799900 0.0795534 0.9804462
vn 0.1009408 0.1952586 0.9755434
vn 0.1653081 0.1189750 0.9790394
vn 0.1009408 0.1952586 0.9755434
vn 0.1709850 0.2048255 0.9637482
vn 0.1799900 0.0795534 0.9804462
vn 0.1851606 -0.0092066 0.9826652
vn 0.0408661 0.1219596 0.9916934
vn 0.1799900 0.0795534 0.9804462
vn 0.0408661 0.1219596 0.9916934
vn 0.1009408 0.1952586 0.9755434
vn 0.1851606 -0.0092066 0.9826652
vn 0.1760010 -0.1124545 0.9779456
vn 0.0042973 -0.0043152 0.9999815
vn 0.1851606 -0.0092066 0.9826652
vn 0.0042973 -0.0043152 0.9999815
vn 0.0408661 0.1219596 0.9916934
vn 0.1760010 -0.1124545 0.9779456
vn 0.1601808 -0.1809926 0.9703524
vn -0.0014062 -0.1358874 0.9907233
vn 0.1760010 -0.1124545 0.9779456
vn -0.0014062 -0.1358874 0.9907233
vn 0.0042973 -0.0043152 0.9999815
vn 0.1601808 -0.1809926 0.9703524
vn 0.1483143 -0.1741663 0.9734829
vn 0.0239780 -0.2010264 0.9792923
vn 0.1601808 -0.1809926 0.9703524
vn 0.0239780 -0.2010264 0.9792923
vn -0.0014062 -0.1358874 0.9907233
vn 0.1483143 -0.1741663 0.9734829
vn 0.1473617 -0.0864172 0.9853003
vn 0.0775854 -0.1480120 0.9859376
vn 0.1483143 -0.1741663 0.9734829
vn 0.0775854 -0.1480120 0.9859376
vn 0.0239780 -0.2010264 0.9792923
vn 0.1473617 -0.0864172 0.9853003
vn 0.1432560 0.0323380 0.9891572
vn 0.1370286 0.0256068 0.9902361
vn 0.1473617 -0.0864172 0.9853003
vn 0.1370286 0.0256068 0.9902361
vn 0.0775854 -0.1480120 0.9859376
vn 0.1432560 0.0323380 0.9891572
vn 0.0718282 0.0216401 0.9971822
vn 0.1375676 0.0952278 0.9859041
vn 0.1432560 0.0323380 0.9891572
vn 0.1375676 0.0952278 0.9859041
vn 0.1370286 0.0256068 0.9902361
vn 0.2221007 0.0724636 0.9723273
vn 0.2294760 0.1825293 0.9560459
vn 0.0379379 0.1477097 0.9883029
vn 0.2221007 0.0724636 0.9723273
vn 0.0379379 0.1477097 0.9883029
vn -0.0479446 0.0863405 0.9951114
vn 0.2294760 0.1825293 0.9560459
vn 0.2406136 0.2902925 0.9261940
vn 0.1360063 0.1515644 0.9790457
vn 0.2294760 0.1825293 0.9560459
vn 0.1360063 0.1515644 0.9790457
vn 0.0379379 0.1477097 0.9883029
vn 0.2406136 0.2902925 0.9261940
vn 0.3191036 0.2456999 0.9153166
vn 0.2628885 0.0255010 0.9644892
vn 0.2406136 0.2902925 0.9261940
vn 0.2628885 0.0255010 0.9644892
vn 0.1360063 0.1515644 0.9790457
vn 0.3191036 0.2456999 0.9153166
vn 0.3795667 0.1274575 0.9163426
vn 0.3618062 -0.0755389 0.9291879
vn 0.3191036 0.2456999 0.9153166
vn 0.3618062 -0.0755389 0.9291879
vn 0.2628885 0.0255010 0.9644892
vn 0.3795667 0.1274575 0.9163426
vn 0.3731353 -0.0155360 0.9276469
vn 0.4061647 -0.1399396 0.9030211
vn 0.3795667 0.1274575 0.9163426
vn 0.4061647 -0.1399396 0.9030211
vn 0.3618062 -0.0755389 0.9291879
vn 0.3731353 -0.0155360 0.9276469
vn 0.2758255 -0.1616857 0.9475115
vn 0.3704817 -0.2052125 0.9058869
vn 0.3731353 -0.0155360 0.9276469
vn 0.3704817 -0.2052125 0.9058869
vn 0.4061647 -0.1399396 0.9030211
vn 0.2758255 -0.1616857 0.9475115
vn 0.0977585 -0.2878097 0.9526851
vn 0.2311781 -0.2893915 0.9288753
vn 0.2758255 -0.1616857 0.9475115
vn 0.2311781 -0.2893915 0.9288753
vn 0.3704817 -0.2052125 0.9058869
vn 0.0977585 -0.2878097 0.9526851
vn -0.0964384 -0.3651746 0.9259304
vn 0.0171871 -0.3671215 0.9300142
vn 0.0977585 -0.2878097 0.9526851
vn 0.0171871 -0.3671215 0.9300142
vn 0.2311781 -0.2893915 0.9288753
vn -0.0964384 -0.3651746 0.9259304
vn -0.2294136 -0.3890240 0.8922050
vn -0.1650486 -0.4034369 0.8999987
vn -0.0964384 -0.3651746 0.9259304
vn -0.1650486 -0.4034369 0.8999987
vn 0.0171871 -0.3671215 0.9300142
vn -0.2294136 -0.3890240 0.8922050
vn -0.2701801 -0.3777743 0.8856011
vn -0.2348035 -0.4021319 0.8849617
vn -0.2294136 -0.3890240 0.8922050
vn -0.2348035 -0.4021319 0.8849617
vn -0.1650486 -0.4034369 0.8999987
vn -0.2701801 -0.3777743 0.8856011
vn -0.2216361 -0.3459500 0.9116995
vn -0.1808973 -0.3804815 0.9069234
vn -0.2701801 -0.3777743 0.8856011
vn -0.1808973 -0.3804815 0.9069234
vn -0.2348035 -0.4021319 0.8849617
vn -0.2216361 -0.3459500 0.9116995
vn -0.1036299 -0.2959395 0.9495687
vn -0.0305009 -0.3428281 0.9389029
vn -0.2216361 -0.3459500 0.9116995
vn -0.0305009 -0.3428281 0.9389029
vn -0.1808973 -0.3804815 0.9069234
vn -0.1036299 -0.2959395 0.9495687
vn 0.0425464 -0.2247904 0.9734778
vn 0.1510833 -0.2885993 0.9454545
vn -0.1036299 -0.2959395 0.9495687
vn 0.1510833 -0.2885993 0.9454545
vn -0.0305009 -0.3428281 0.9389029
vn 0.0425464 -0.2247904 0.9734778
vn 0.1689471 -0.1340056 0.9764729
vn 0.2906323 -0.2255076 0.9298813
vn 0.0425464 -0.2247904 0.9734778
vn 0.2906323 -0.2255076 0.9298813
vn 0.1510833 -0.2885993 0.9454545
vn 0.1689471 -0.1340056 0.9764729
vn 0.2457524 -0.0314461 0.9688224
vn 0.3493633 -0.1627221 0.9227496
vn 0.1689471 -0.1340056 0.9764729
vn 0.3493633 -0.1627221 0.9227496
vn 0.2906323 -0.2255076 0.9298813
vn 0.2457524 -0.0314461 0.9688224
vn 0.2646854 0.0713471 0.9616918
vn 0.3180177 -0.0996250 0.9428360
vn 0.2457524 -0.0314461 0.9688224
vn 0.3180177 -0.0996250 0.9428360
vn 0.3493633 -0.1627221 0.9227496
vn 0.2646854 0.0713471 0.9616918
vn 0.2331047 0.1575886 0.9595978
vn 0.2044541 -0.0296870 0.9784259
vn 0.2646854 0.0713471 0.9616918
vn 0.2044541 -0.0296870 0.9784259
vn 0.3180177 -0.0996250 0.9428360
vn 0.2331047 0.1575886 0.9595978
vn 0.1709850 0.2048255 0.9637482
vn 0.0447651 0.0461757 0.9979298
vn 0.2331047 0.1575886 0.9595978
vn 0.0447651 0.0461757 0.9979298
vn 0.2044541 -0.0296870 0.9784259
vn 0.1709850 0.2048255 0.9637482
vn 0.1009408 0.1952586 0.9755434
vn -0.1019475 0.1082703 0.9888803
vn 0.1709850 0.2048255 0.9637482
vn -0.1019475 0.1082703 0.9888803
vn 0.0447651 0.0461757 0.9979298
vn 0.1009408 0.1952586 0.9755434
vn 0.0408661 0.1219596 0.9916934
vn -0.1956710 0.1175875 0.9735944
vn 0.1009408 0.1952586 0.9755434
vn -0.1956710 0.1175875 0.9735944
vn -0.1019475 0.1082703 0.9888803
vn 0.0408661 0.1219596 0.9916934
vn 0.0042973 -0.0043152 0.9999815
vn -0.2343415 0.0395750 0.9713485
vn 0.0408661 0.1219596 0.9916934
vn -0.2343415 0.0395750 0.9713485
vn -0.1956710 0.1175875 0.9735944
vn 0.0042973 -0.0043152 0.9999815
vn -0.0014062 -0.1358874 0.9907233
vn -0.2323666 -0.1068011 0.9667468
vn 0.0042973 -0.0043152 0.9999815
vn -0.2323666 -0.1068011 0.9667468
vn -0.2343415 0.0395750 0.9713485
vn -0.0014062 -0.1358874 0.9907233
vn 0.0239780 -0.2010264 0.9792923
vn -0.2099311 -0.2241968 0.9516642
vn -0.0014062 -0.1358874 0.9907233
vn -0.2099311 -0.2241968 0.9516642
vn -0.2323666 -0.1068011 0.9667468
vn 0.0239780 -0.2010264 0.9792923
vn 0.0775854 -0.1480120 0.9859376
vn -0.1830450 -0.1963628 0.9632944
vn 0.0239780 -0.2010264 0.9792923
vn -0.1830450 -0.1963628 0.9632944
vn -0.2099311 -0.2241968 0.9516642
vn 0.0775854 -0.1480120 0.9859376
vn 0.1370286 0.0256068 0.9902361
vn -0.1240892 0.0016077 0.9922698
vn 0.0775854 -0.1480120 0.9859376
vn -0.1240892 0.0016077 0.9922698
vn -0.1830450 -0.1963628 0.9632944
vn 0.1370286 0.0256068 0.9902361
vn 0.1375676 0.0952278 0.9859041
vn -0.0505550 0.1351102 0.9895400
vn 0.1370286 0.0256068 0.9902361
vn -0.0505550 0.1351102 0.9895400
vn -0.1240892 0.0016077 0.9922698
vn -0.0479446 0.0863405 0.9951114
vn 0.0379379 0.1477097 0.9883029
vn -0.1855164 0.0626063 0.9806448
vn -0.0479446 0.0863405 0.9951114
vn -0.1855164 0.0626063 0.9806448
vn -0.2465891 0.0812412 0.9657089
vn 0.0379379 0.1477097 0.9883029
vn 0.1360063 0.1515644 0.9790457
vn -0.0615681 -0.0280999 0.9977073
vn 0.0379379 0.1477097 0.9883029
vn -0.0615681 -0.0280999 0.9977073
vn -0.1855164 0.0626063 0.9806448
vn 0.1360063 0.1515644 0.9790457
vn 0.2628885 0.0255010 0.9644892
vn 0.0391258 -0.1525078 0.9875275
vn 0.1360063 0.1515644 0.9790457
vn 0.0391258 -0.1525078 0.9875275
vn -0.0615681 -0.0280999 0.9977073
vn 0.2628885 0.0255010 0.9644892
vn 0.3618062 -0.0755389 0.9291879
vn 0.1346245 -0.1404574 0.9808914
vn 0.2628885 0.0255010 0.9644892
vn 0.1346245 -0.1404574 0.9808914
vn 0.0391258 -0.1525078 0.9875275
vn 0.3618062 -0.0755389 0.9291879
vn 0.4061647 -0.1399396 0.9030211
vn 0.2377220 -0.0755861 0.9683878
vn 0.3618062 -0.0755389 0.9291879
vn 0.2377220 -0.0755861 0.9683878
vn 0.1346245 -0.1404574 0.9808914
vn 0.4061647 -0.1399396 0.9030211
vn 0.3704817 -0.2052125 0.9058869
vn 0.2998026 -0.0531603 0.9525190
vn 0.4061647 -0.1399396 0.9030211
vn 0.2998026 -0.0531603 0.9525190
vn 0.2377220 -0.0755861 0.9683878
vn 0.3704817 -0.2052125 0.9058869
vn 0.2311781 -0.2893915 0.9288753
vn 0.2499142 -0.1041727 0.9626479
vn 0.3704817 -0.2052125 0.9058869
vn 0.2499142 -0.1041727 0.9626479
vn 0.2998026 -0.0531603 0.9525190
vn 0.2311781 -0.2893915 0.9288753
vn 0.0171871 -0.3671215 0.9300142
vn 0.0690377 -0.1900139 0.9793511
vn 0.2311781 -0.2893915 0.9288753
vn 0.0690377 -0.1900139 0.9793511
vn 0.2499142 -0.1041727 0.9626479
vn 0.0171871 -0.3671215 0.9300142
vn -0.1650486 -0.4034369 0.8999987
vn -0.1412457 -0.2391418 0.9606565
vn 0.0171871 -0.3671215 0.9300142
vn -0.1412457 -0.2391418 0.9606565
vn 0.0690377 -0.1900139 0.9793511
vn -0.1650486 -0.4034369 0.8999987
vn -0.2348035 -0.4021319 0.8849617
vn -0.2410819 -0.2281821 0.9432987
vn -0.1650486 -0.4034369 0.8999987
vn -0.2410819 -0.2281821 0.9432987
vn -0.1412457 -0.2391418 0.9606565
vn -0.2348035 -0.4021319 0.8849617
vn -0.1808973 -0.3804815 0.9069234
vn -0.1835426 -0.1896612 0.9645417
vn -0.2348035 -0.4021319 0.8849617
vn -0.1835426 -0.1896612 0.9645417
vn -0.2410819 -0.2281821 0.9432987
vn -0.1808973 -0.3804815 0.9069234
vn -0.0305009 -0.3428281 0.9389029
vn -0.0021703 -0.1609941 0.9869530
vn -0.1808973 -0.3804815 0.9069234
vn -0.0021703 -0.1609941 0.9869530
vn -0.1835426 -0.1896612 0.9645417
vn -0.0305009 -0.3428281 0.9389029
vn 0.1510833 -0.2885993 0.9454545
vn 0.2032895 -0.1625107 0.9655380
vn -0.0305009 -0.3428281 0.9389029
vn 0.2032895 -0.1625107 0.9655380
vn -0.0021703 -0.1609941 0.9869530
vn 0.1510833 -0.2885993 0.9454545
vn 0.2906323 -0.2255076 0.9298813
vn 0.3315444 -0.1942279 0.9232301
vn 0.1510833 -0.2885993 0.9454545
vn 0.3315444 -0.1942279 0.9232301
vn 0.2032895 -0.1625107 0.9655380
vn 0.2906323 -0.2255076 0.9298813
vn 0.3493633 -0.1627221 0.9227496
vn 0.3463745 -0.2418261 0.9063911
vn 0.2906323 -0.2255076 0.9298813
vn 0.3463745 -0.2418261 0.9063911
vn 0.3315444 -0.1942279 0.9232301
vn 0.3493633 -0.1627221 0.9227496
vn 0.3180177 -0.0996250 0.9428360
vn 0.2548225 -0.2786743 0.9259623
vn 0.3493633 -0.1627221 0.9227496
vn 0.2548225 -0.2786743 0.9259623
vn 0.3463745 -0.2418261 0.9063911
vn 0.3180177 -0.0996250 0.9428360
vn 0.2044541 -0.0296870 0.9784259
vn 0.0889921 -0.2683701 0.9591965
vn 0.3180177 -0.0996250 0.9428360
vn 0.0889921 -0.2683701 0.9591965
vn 0.2548225 -0.2786743 0.9259623
vn 0.2044541 -0.0296870 0.9784259
vn 0.0447651 0.0461757 0.9979298
vn -0.0892825 -0.1829356 0.9790624
vn 0.2044541 -0.0296870 0.9784259
vn -0.0892825 -0.1829356 0.9790624
vn 0.0889921 -0.2683701 0.9591965
vn 0.0447651 0.0461757 0.9979298
vn -0.1019475 0.1082703 0.9888803
vn -0.2143666 -0.0383357 0.9760007
vn 0.0447651 0.0461757 0.9979298
vn -0.2143666 -0.0383357 0.9760007
vn -0.0892825 -0.1829356 0.9790624
vn -0.1019475 0.1082703 0.9888803
vn -0.1956710 0.1175875 0.9735944
vn -0.2596070 0.0890226 0.9616024
vn -0.1019475 0.1082703 0.9888803
vn -0.2596070 0.0890226 0.9616024
vn -0.2143666 -0.0383357 0.9760007
vn -0.1956710 0.1175875 0.9735944
vn -0.2343415 0.0395750 0.9713485
vn -0.2462350 0.1033711 0.9636819
vn -0.1956710 0.1175875 0.9735944
vn -0.2462350 0.1033711 0.9636819
vn -0.2596070 0.0890226 0.9616024
vn -0.2343415 0.0395750 0.9713485
vn -0.2323666 -0.1068011 0.9667468
vn -0.2176206 -0.0230746 0.9757607
vn -0.2343415 0.0395750 0.9713485
vn -0.2176206 -0.0230746 0.9757607
vn -0.2462350 0.1033711 0.9636819
vn -0.2323666 -0.1068011 0.9667468
vn -0.2099311 -0.2241968 0.9516642
vn -0.2217783 -0.1806719 0.9582130
vn -0.2323666 -0.1068011 0.9667468
vn -0.2217783 -0.1806719 0.9582130
vn -0.2176206 -0.0230746 0.9757607
vn -0.2099311 -0.2241968 0.9516642
vn -0.1830450 -0.1963628 0.9632944
vn -0.2904160 -0.1824865 0.9393387
vn -0.2099311 -0.2241968 0.9516642
vn -0.2904160 -0.1824865 0.9393387
vn -0.2217783 -0.1806719 0.9582130
vn -0.1830450 -0.1963628 0.9632944
vn -0.1240892 0.0016077 0.9922698
vn -0.3388666 -0.0129681 0.9407451
vn -0.1830450 -0.1963628 0.9632944
vn -0.3388666 -0.0129681 0.9407451
vn -0.2904160 -0.1824865 0.9393387
vn -0.1240892 0.0016077 0.9922698
vn -0.0505550 0.1351102 0.9895400
vn -0.2974598 0.1225995 0.9468300
vn -0.1240892 0.0016077 0.9922698
vn -0.2974598 0.1225995 0.9468300
vn -0.3388666 -0.0129681 0.9407451
vn -0.2465891 0.0812412 0.9657089
vn -0.1855164 0.0626063 0.9806448
vn -0.1864016 0.0072961 0.9824465
vn -0.2465891 0.0812412 0.9657089
vn -0.1864016 0.0072961 0.9824465
vn -0.1773933 0.0782702 0.9810226
vn -0.1855164 0.0626063 0.9806448
vn -0.0615681 -0.0280999 0.9977073
vn -0.1240625 -0.1171410 0.9853357
vn -0.1855164 0.0626063 0.9806448
vn -0.1240625 -0.1171410 0.9853357
vn -0.1864016 0.0072961 0.9824465
vn -0.0615681 -0.0280999 0.9977073
vn 0.0391258 -0.1525078 0.9875275
vn -0.1260564 -0.1868524 0.9742669
vn -0.0615681 -0.0280999 0.9977073
vn -0.1260564 -0.1868524 0.9742669
vn -0.1240625 -0.1171410 0.9853357
vn 0.0391258 -0.1525078 0.9875275
vn 0.1346245 -0.1404574 0.9808914
vn -0.1009868 -0.0904328 0.9907692
vn 0.0391258 -0.1525078 0.9875275
vn -0.1009868 -0.0904328 0.9907692
vn -0.1260564 -0.1868524 0.9742669
vn 0.1346245 -0.1404574 0.9808914
vn 0.2377220 -0.0755861 0.9683878
vn -0.0003270 0.0262310 0.9996559
vn 0.1346245 -0.1404574 0.9808914
vn -0.0003270 0.0262310 0.9996559
vn -0.1009868 -0.0904328 0.9907692
vn 0.2377220 -0.0755861 0.9683878
vn 0.2998026 -0.0531603 0.9525190
vn 0.1343820 0.0646010 0.9888216
vn 0.2377220 -0.0755861 0.9683878
vn 0.1343820 0.0646010 0.9888216
vn -0.0003270 0.0262310 0.9996559
vn 0.2998026 -0.0531603 0.9525190
vn 0.2499142 -0.1041727 0.9626479
vn 0.1946387 0.0004175 0.9808749
vn 0.2998026 -0.0531603 0.9525190
vn 0.1946387 0.0004175 0.9808749
vn 0.1343820 0.0646010 0.9888216
vn 0.2499142 -0.1041727 0.9626479
vn 0.0690377 -0.1900139 0.9793511
vn 0.1030296 -0.1064079 0.9889703
vn 0.2499142 -0.1041727 0.9626479
vn 0.1030296 -0.1064079 0.9889703
vn 0.1946387 0.0004175 0.9808749
vn 0.0690377 -0.1900139 0.9793511
vn -0.1412457 -0.2391418 0.9606565
vn -0.0823831 -0.1484183 0.9854872
vn 0.0690377 -0.1900139 0.9793511
vn -0.0823831 -0.1484183 0.9854872
vn 0.1030296 -0.1064079 0.9889703
vn -0.1412457 -0.2391418 0.9606565
vn -0.2410819 -0.2281821 0.9432987
vn -0.2009732 -0.0792685 0.9763843
vn -0.1412457 -0.2391418 0.9606565
vn -0.2009732 -0.0792685 0.9763843
vn -0.0823831 -0.1484183 0.9854872
vn -0.2410819 -0.2281821 0.9432987
vn -0.1835426 -0.1896612 0.9645417
vn -0.1628432 0.0374564 0.9859407
vn -0.2410819 -0.2281821 0.9432987
vn -0.1628432 0.0374564 0.9859407
vn -0.2009732 -0.0792685 0.9763843
vn -0.1835426 -0.1896612 0.9645417
vn -0.0021703 -0.1609941 0.9869530
vn -0.0003487 0.1025727 0.9947255
vn -0.1835426 -0.1896612 0.9645417
vn -0.0003487 0.1025727 0.9947255
vn -0.1628432 0.0374564 0.9859407
vn -0.0021703 -0.1609941 0.9869530
vn 0.2032895 -0.1625107 0.9655380
vn 0.1810549 0.0635096 0.9814202
vn -0.0021703 -0.1609941 0.9869530
vn 0.1810549 0.0635096 0.9814202
vn -0.0003487 0.1025727 0.9947255
vn 0.2032895 -0.1625107 0.9655380
vn 0.3315444 -0.1942279 0.9232301
vn 0.2791456 -0.0598496 0.9583819
vn 0.2032895 -0.1625107 0.9655380
vn 0.2791456 -0.0598496 0.9583819
vn 0.1810549 0.0635096 0.9814202
vn 0.3315444 -0.1942279 0.9232301
vn 0.3463745 -0.2418261 0.9063911
vn 0.2559914 -0.2051568 0.9446582
vn 0.3315444 -0.1942279 0.9232301
vn 0.2559914 -0.2051568 0.9446582
vn 0.2791456 -0.0598496 0.9583819
vn 0.3463745 -0.2418261 0.9063911
vn 0.2548225 -0.2786743 0.9259623
vn 0.1392190 -0.3068719 0.9415135
vn 0.3463745 -0.2418261 0.9063911
vn 0.1392190 -0.3068719 0.9415135
vn 0.2559914 -0.2051568 0.9446582
vn 0.2548225 -0.2786743 0.9259623
vn 0.0889921 -0.2683701 0.9591965
vn -0.0005043 -0.3236497 0.9461768
vn 0.2548225 -0.2786743 0.9259623
vn -0.0005043 -0.3236497 0.9461768
vn 0.1392190 -0.3068719 0.9415135
vn 0.0889921 -0.2683701 0.9591965
vn -0.0892825 -0.1829356 0.9790624
vn -0.0984007 -0.2485721 0.9636022
vn 0.0889921 -0.2683701 0.9591965
vn -0.0984007 -0.2485721 0.9636022
vn -0.0005043 -0.3236497 0.9461768
vn -0.0892825 -0.1829356 0.9790624
vn -0.2143666 -0.0383357 0.9760007
vn -0.1349825 -0.0957457 0.9862112
vn -0.0892825 -0.1829356 0.9790624
vn -0.1349825 -0.0957457 0.9862112
vn -0.0984007 -0.2485721 0.9636022
vn -0.2143666 -0.0383357 0.9760007
vn -0.2596070 0.0890226 0.9616024
vn -0.1176067 0.0777238 0.9900140
vn -0.2143666 -0.0383357 0.9760007
vn -0.1176067 0.0777238 0.9900140
vn -0.1349825 -0.0957457 0.9862112
vn -0.2596070 0.0890226 0.9616024
vn -0.2462350 0.1033711 0.9636819
vn -0.0615291 0.1626398 0.9847652
vn -0.2596070 0.0890226 0.9616024
vn -0.0615291 0.1626398 0.9847652
vn -0.1176067 0.0777238 0.9900140
vn -0.2462350 0.1033711 0.9636819
vn -0.2176206 -0.0230746 0.9757607
vn -0.0007664 0.0880202 0.9961184
vn -0.2462350 0.1033711 0.9636819
vn -0.0007664 0.0880202 0.9961184
vn -0.0615291 0.1626398 0.9847652
vn -0.2176206 -0.0230746 0.9757607
vn -0.2217783 -0.1806719 0.9582130
vn -0.0073793 -0.0728339 0.9973168
vn -0.2176206 -0.0230746 0.9757607
vn -0.0073793 -0.0728339 0.9973168
vn -0.0007664 0.0880202 0.9961184
vn -0.2217783 -0.1806719 0.9582130
vn -0.2904160 -0.1824865 0.9393387
vn -0.1411338 -0.1105991 0.9837932
vn -0.2217783 -0.1806719 0.9582130
vn -0.1411338 -0.1105991 0.9837932
vn -0.0073793 -0.0728339 0.9973168
vn -0.2904160 -0.1824865 0.9393387
vn -0.3388666 -0.0129681 0.9407451
vn -0.2948891 0.0018588 0.9555297
vn -0.2904160 -0.1824865 0.9393387
vn -0.2948891 0.0018588 0.9555297
vn -0.1411338 -0.1105991 0.9837932
vn -0.3388666 -0.0129681 0.9407451
vn -0.2974598 0.1225995 0.9468300
vn -0.3262673 0.1001071 0.9399618
vn -0.3388666 -0.0129681 0.9407451
vn -0.3262673 0.1001071 0.9399618
vn -0.2948891 0.0018588 0.9555297
vn -0.1773933 0.0782702 0.9810226
vn -0.1864016 0.0072961 0.9824465
vn 0.0121015 0.0052157 0.9999132
vn -0.1773933 0.0782702 0.9810226
vn 0.0121015 0.0052157 0.9999132
vn 0.0381203 0.0467528 0.9981789
vn -0.1864016 0.0072961 0.9824465
vn -0.1240625 -0.1171410 0.9853357
vn -0.0086637 -0.1031658 0.9946264
vn -0.1864016 0.0072961 0.9824465
vn -0.0086637 -0.1031658 0.9946264
vn 0.0121015 0.0052157 0.9999132
vn -0.1240625 -0.1171410 0.9853357
vn -0.1260564 -0.1868524 0.9742669
vn -0.0753032 -0.1417287 0.9870372
vn -0.1240625 -0.1171410 0.9853357
vn -0.0753032 -0.1417287 0.9870372
vn -0.0086637 -0.1031658 0.9946264
vn -0.1260564 -0.1868524 0.9742669
vn -0.1009868 -0.0904328 0.9907692
vn -0.0990094 -0.0709809 0.9925517
vn -0.1260564 -0.1868524 0.9742669
vn -0.0990094 -0.0709809 0.9925517
vn -0.0753032 -0.1417287 0.9870372
vn -0.1009868 -0.0904328 0.9907692
vn -0.0003270 0.0262310 0.9996559
vn -0.0672107 -0.0099104 0.9976896
vn -0.1009868 -0.0904328 0.9907692
vn -0.0672107 -0.0099104 0.9976896
vn -0.0990094 -0.0709809 0.9925517
vn -0.0003270 0.0262310 0.9996559
vn 0.1343820 0.0646010 0.9888216
vn 0.0242348 -0.0023314 0.9997036
vn -0.0003270 0.0262310 0.9996559
vn 0.0242348 -0.0023314 0.9997036
vn -0.0672107 -0.0099104 0.9976896
vn 0.1343820 0.0646010 0.9888216
vn 0.1946387 0.0004175 0.9808749
vn 0.1199631 -0.0859603 0.9890499
vn 0.1343820 0.0646010 0.9888216
vn 0.1199631 -0.0859603 0.9890499
vn 0.0242348 -0.0023314 0.9997036
vn 0.1946387 0.0004175 0.9808749
vn 0.1030296 -0.1064079 0.9889703
vn 0.1203267 -0.2197755 0.9681013
vn 0.1946387 0.0004175 0.9808749
vn 0.1203267 -0.2197755 0.9681013
vn 0.1199631 -0.0859603 0.9890499
vn 0.1030296 -0.1064079 0.9889703
vn -0.0823831 -0.1484183 0.9854872
vn 0.0162247 -0.2685028 0.9631423
vn 0.1030296 -0.1064079 0.9889703
vn 0.0162247 -0.2685028 0.9631423
vn 0.1203267 -0.2197755 0.9681013
vn -0.0823831 -0.1484183 0.9854872
vn -0.2009732 -0.0792685 0.9763843
vn -0.0822901 -0.1533431 0.9847407
vn -0.0823831 -0.1484183 0.9854872
vn -0.0822901 -0.1533431 0.9847407
vn 0.0162247 -0.2685028 0.9631423
vn -0.2009732 -0.0792685 0.9763843
vn -0.1628432 0.0374564 0.9859407
vn -0.0780562 0.0468711 0.9958465
vn -0.2009732 -0.0792685 0.9763843
vn -0.0780562 0.0468711 0.9958465
vn -0.0822901 -0.1533431 0.9847407
vn -0.1628432 0.0374564 0.9859407
vn -0.0003487 0.1025727 0.9947255
vn 0.0166224 0.1663624 0.9859246
vn -0.1628432 0.0374564 0.9859407
vn 0.0166224 0.1663624 0.9859246
vn -0.0780562 0.0468711 0.9958465
vn -0.0003487 0.1025727 0.9947255
vn 0.1810549 0.0635096 0.9814202
vn 0.1237799 0.1343277 0.9831758
vn -0.0003487 0.1025727 0.9947255
vn 0.1237799 0.1343277 0.9831758
vn 0.0166224 0.1663624 0.9859246
vn 0.1810549 0.0635096 0.9814202
vn 0.2791456 -0.0598496 0.9583819
vn 0.1758597 0.0006085 0.9844151
vn 0.1810549 0.0635096 0.9814202
vn 0.1758597 0.0006085 0.9844151
vn 0.1237799 0.1343277 0.9831758
vn 0.2791456 -0.0598496 0.9583819
vn 0.2559914 -0.2051568 0.9446582
vn 0.1456044 -0.1287104 0.9809348
vn 0.2791456 -0.0598496 0.9583819
vn 0.1456044 -0.1287104 0.9809348
vn 0.1758597 0.0006085 0.9844151
vn 0.2559914 -0.2051568 0.9446582
vn 0.1392190 -0.3068719 0.9415135
vn 0.0658163 -0.1767910 0.9820454
vn 0.2559914 -0.2051568 0.9446582
vn 0.0658163 -0.1767910 0.9820454
vn 0.1456044 -0.1287104 0.9809348
vn 0.1392190 -0.3068719 0.9415135
vn -0.0005043 -0.3236497 0.9461768
vn 0.0013009 -0.1537180 0.9881139
vn 0.1392190 -0.3068719 0.9415135
vn 0.0013009 -0.1537180 0.9881139
vn 0.0658163 -0.1767910 0.9820454
vn -0.0005043 -0.3236497 0.9461768
vn -0.0984007 -0.2485721 0.9636022
vn -0.0151370 -0.1133476 0.9934401
vn -0.0005043 -0.3236497 0.9461768
vn -0.0151370 -0.1133476 0.9934401
vn 0.0013009 -0.1537180 0.9881139
vn -0.0984007 -0.2485721 0.9636022
vn -0.1349825 -0.0957457 0.9862112
vn -0.0062430 -0.0646292 0.9978898
vn -0.0984007 -0.2485721 0.9636022
vn -0.0062430 -0.0646292 0.9978898
vn -0.0151370 -0.1133476 0.9934401
vn -0.1349825 -0.0957457 0.9862112
vn -0.1176067 0.0777238 0.9900140
vn 0.0032186 0.0228166 0.9997345
vn -0.1349825 -0.0957457 0.9862112
vn 0.0032186 0.0228166 0.9997345
vn -0.0062430 -0.0646292 0.9978898
vn -0.1176067 0.0777238 0.9900140
vn -0.0615291 0.1626398 0.9847652
vn 0.0311821 0.1141575 0.9929732
vn -0.1176067 0.0777238 0.9900140
vn 0.0311821 0.1141575 0.9929732
vn 0.0032186 0.0228166 0.9997345
vn -0.0615291 0.1626398 0.9847652
vn -0.0007664 0.0880202 0.9961184
vn 0.0842442 0.1158466 0.9896881
vn -0.0615291 0.1626398 0.9847652
vn 0.0842442 0.1158466 0.9896881
vn 0.0311821 0.1141575 0.9929732
vn -0.0007664 0.0880202 0.9961184
vn -0.0073793 -0.0728339 0.9973168
vn 0.1003303 0.0292809 0.9945232
vn -0.0007664 0.0880202 0.9961184
vn 0.1003303 0.0292809 0.9945232
vn 0.0842442 0.1158466 0.9896881
vn -0.0073793 -0.0728339 0.9973168
vn -0.1411338 -0.1105991 0.9837932
vn 0.0245006 -0.0176940 0.9995432
vn -0.0073793 -0.0728339 0.9973168
vn 0.0245006 -0.0176940 0.9995432
vn 0.1003303 0.0292809 0.9945232
vn -0.1411338 -0.1105991 0.9837932
vn -0.2948891 0.0018588 0.9555297
vn -0.0865453 0.0210624 0.9960252
vn -0.1411338 -0.1105991 0.9837932
vn -0.0865453 0.0210624 0.9960252
vn 0.0245006 -0.0176940 0.9995432
vn -0.2948891 0.0018588 0.9555297
vn -0.3262673 0.1001071 0.9399618
vn -0.1332993 0.0780401 0.9879985
vn -0.2948891 0.0018588 0.9555297
vn -0.1332993 0.0780401 0.9879985
vn -0.0865453 0.0210624 0.9960252
vn 0.0381203 0.0467528 0.9981789
vn 0.0121015 0.0052157 0.9999132
vn 0.1376752 0.0148374 0.9903663
vn 0.0381203 0.0467528 0.9981789
vn 0.1376752 0.0148374 0.9903663
vn 0.0757833 0.0000000 0.9971243
vn 0.0121015 0.0052157 0.9999132
vn -0.0086637 -0.1031658 0.9946264
vn 0.1155706 -0.0575788 0.9916290
vn 0.0121015 0.0052157 0.9999132
vn 0.1155706 -0.0575788 0.9916290
vn 0.1376752 0.0148374 0.9903663
vn -0.0086637 -0.1031658 0.9946264
vn -0.0753032 -0.1417287 0.9870372
vn 0.0074949 -0.1096061 0.9939468
vn -0.0086637 -0.1031658 0.9946264
vn 0.0074949 -0.1096061 0.9939468
vn 0.1155706 -0.0575788 0.9916290
vn -0.0753032 -0.1417287 0.9870372
vn -0.0990094 -0.0709809 0.9925517
vn -0.0269900 -0.0830713 0.9961780
vn -0.0753032 -0.1417287 0.9870372
vn -0.0269900 -0.0830713 0.9961780
vn 0.0074949 -0.1096061 0.9939468
vn -0.0990094 -0.0709809 0.9925517
vn -0.0672107 -0.0099104 0.9976896
vn -0.0188769 -0.0703206 0.9973458
vn -0.0990094 -0.0709809 0.9925517
vn -0.0188769 -0.0703206 0.9973458
vn -0.0269900 -0.0830713 0.9961780
vn -0.0672107 -0.0099104 0.9976896
vn 0.0242348 -0.0023314 0.9997036
vn 0.0059413 -0.0754013 0.9971356
vn -0.0672107 -0.0099104 0.9976896
vn 0.0059413 -0.0754013 0.9971356
vn -0.0188769 -0.0703206 0.9973458
vn 0.0242348 -0.0023314 0.9997036
vn 0.1199631 -0.0859603 0.9890499
vn 0.0605689 -0.1350459 0.9889864
vn 0.0242348 -0.0023314 0.9997036
vn 0.0605689 -0.1350459 0.9889864
vn 0.0059413 -0.0754013 0.9971356
vn 0.1199631 -0.0859603 0.9890499
vn 0.1203267 -0.2197755 0.9681013
vn 0.0981631 -0.2704035 0.9577296
vn 0.1199631 -0.0859603 0.9890499
vn 0.0981631 -0.2704035 0.9577296
vn 0.0605689 -0.1350459 0.9889864
vn 0.1203267 -0.2197755 0.9681013
vn 0.0162247 -0.2685028 0.9631423
vn 0.0706076 -0.3665185 0.9277277
vn 0.1203267 -0.2197755 0.9681013
vn 0.0706076 -0.3665185 0.9277277
vn 0.0981631 -0.2704035 0.9577296
vn 0.0162247 -0.2685028 0.9631423
vn -0.0822901 -0.1533431 0.9847407
vn 0.0156882 -0.3003865 0.9536886
vn 0.0162247 -0.2685028 0.9631423
vn 0.0156882 -0.3003865 0.9536886
vn 0.0706076 -0.3665185 0.9277277
vn -0.0822901 -0.1533431 0.9847407
vn -0.0780562 0.0468711 0.9958465
vn -0.0011528 -0.0840548 0.9964605
vn -0.0822901 -0.1533431 0.9847407
vn -0.0011528 -0.0840548 0.9964605
vn 0.0156882 -0.3003865 0.9536886
vn -0.0780562 0.0468711 0.9958465
vn 0.0166224 0.1663624 0.9859246
vn 0.0343653 0.1071618 0.9936475
vn -0.0780562 0.0468711 0.9958465
vn 0.0343653 0.1071618 0.9936475
vn -0.0011528 -0.0840548 0.9964605
vn 0.0166224 0.1663624 0.9859246
vn 0.1237799 0.1343277 0.9831758
vn 0.0836327 0.1332050 0.9875535
vn 0.0166224 0.1663624 0.9859246
vn 0.0836327 0.1332050 0.9875535
vn 0.0343653 0.1071618 0.9936475
vn 0.1237799 0.1343277 0.9831758
vn 0.1758597 0.0006085 0.9844151
vn 0.1139161 0.0161676 0.9933588
vn 0.1237799 0.1343277 0.9831758
vn 0.1139161 0.0161676 0.9933588
vn 0.0836327 0.1332050 0.9875535
vn 0.1758597 0.0006085 0.9844151
vn 0.1456044 -0.1287104 0.9809348
vn 0.1054791 -0.1194340 0.9872232
vn 0.1758597 0.0006085 0.9844151
vn 0.1054791 -0.1194340 0.9872232
vn 0.1139161 0.0161676 0.9933588
vn 0.1456044 -0.1287104 0.9809348
vn 0.0658163 -0.1767910 0.9820454
vn 0.0660625 -0.1517204 0.9862133
vn 0.1456044 -0.1287104 0.9809348
vn 0.0660625 -0.1517204 0.9862133
vn 0.1054791 -0.1194340 0.9872232
vn 0.0658163 -0.1767910 0.9820454
vn 0.0013009 -0.1537180 0.9881139
vn 0.0317596 -0.0678367 0.9971908
vn 0.0658163 -0.1767910 0.9820454
vn 0.0317596 -0.0678367 0.9971908
vn 0.0660625 -0.1517204 0.9862133
vn 0.0013009 -0.1537180 0.9881139
vn -0.0151370 -0.1133476 0.9934401
vn 0.0336089 0.0215497 0.9992027
vn 0.0013009 -0.1537180 0.9881139
vn 0.0336089 0.0215497 0.9992027
vn 0.0317596 -0.0678367 0.9971908
vn -0.0151370 -0.1133476 0.9934401
vn -0.0062430 -0.0646292 0.9978898
vn 0.0459311 0.0299615 0.9984952
vn -0.0151370 -0.1133476 0.9934401
vn 0.0459311 0.0299615 0.9984952
vn 0.0336089 0.0215497 0.9992027
vn -0.0062430 -0.0646292 0.9978898
vn 0.0032186 0.0228166 0.9997345
vn 0.0304237 0.0110740 0.9994757
vn -0.0062430 -0.0646292 0.9978898
vn 0.0304237 0.0110740 0.9994757
vn 0.0459311 0.0299615 0.9984952
vn 0.0032186 0.0228166 0.9997345
vn 0.0311821 0.1141575 0.9929732
vn 0.0133172 0.0406074 0.9990864
vn 0.0032186 0.0228166 0.9997345
vn 0.0133172 0.0406074 0.9990864
vn 0.0304237 0.0110740 0.9994757
vn 0.0311821 0.1141575 0.9929732
vn 0.0842442 0.1158466 0.9896881
vn 0.0396417 0.0773478 0.9962158
vn 0.0311821 0.1141575 0.9929732
vn 0.0396417 0.0773478 0.9962158
vn 0.0133172 0.0406074 0.9990864
vn 0.0842442 0.1158466 0.9896881
vn 0.1003303 0.0292809 0.9945232
vn 0.0733964 0.0591271 0.9955486
vn 0.0842442 0.1158466 0.9896881
vn 0.0733964 0.0591271 0.9955486
vn 0.0396417 0.0773478 0.9962158
vn 0.1003303 0.0292809 0.9945232
vn 0.0245006 -0.0176940 0.9995432
vn 0.0396485 0.0260142 0.9988750
vn 0.1003303 0.0292809 0.9945232
vn 0.0396485 0.0260142 0.9988750
vn 0.0733964 0.0591271 0.9955486
vn 0.0245006 -0.0176940 0.9995432
vn -0.0865453 0.0210624 0.9960252
vn -0.0151689 0.0216870 0.9996497
vn 0.0245006 -0.0176940 0.9995432
vn -0.0151689 0.0216870 0.9996497
vn 0.0396485 0.0260142 0.9988750
vn -0.0865453 0.0210624 0.9960252
vn -0.1332993 0.0780401 0.9879985
vn 0.0170022 0.0344888 0.9992604
vn -0.0865453 0.0210624 0.9960252
vn 0.0170022 0.0344888 0.9992604
vn -0.0151689 0.0216870 0.9996497
vn -0.0000350 -0.0000050 1.0000000
vn 0.0000255 0.0000929 1.0000000
vn 0.0000711 0.0000017 1.0000000
vn -0.0000350 -0.0000050 1.0000000
vn -0.0000545 0.0002671 1.0000000
vn 0.0000255 0.0000929 1.0000000
vn -0.0000350 -0.0000050 1.0000000
vn -0.0001044 0.0004083 0.9999999
vn -0.0000545 0.0002671 1.0000000
vn -0.0000350 -0.0000050 1.0000000
vn -0.0001179 0.0004476 0.9999999
vn -0.0001044 0.0004083 0.9999999
vn -0.0000350 -0.0000050 1.0000000
vn -0.0001047 0.0003322 0.9999999
vn -0.0001179 0.0004476 0.9999999
vn -0.0000350 -0.0000050 1.0000000
vn -0.0000998 0.0001397 1.0000000
vn -0.0001047 0.0003322 0.9999999
vn -0.0000350 -0.0000050 1.0000000
vn -0.0001184 -0.0000201 1.0000000
vn -0.0000998 0.0001397 1.0000000
vn -0.0000350 -0.0000050 1.0000000
vn -0.0001457 -0.0001080 1.0000000
vn -0.0001184 -0.0000201 1.0000000
vn -0.0000350 -0.0000050 1.0000000
vn -0.0001590 -0.0001344 1.0000000
vn -0.0001457 -0.0001080 1.0000000
vn -0.0000350 -0.0000050 1.0000000
vn -0.0001443 -0.0001236 1.0000000
vn -0.0001590 -0.0001344 1.0000000
vn -0.0000350 -0.0000050 1.0000000
vn -0.0001051 -0.0001012 1.0000000
vn -0.0001443 -0.0001236 1.0000000
vn -0.0000350 -0.0000050 1.0000000
vn -0.0000597 -0.0000854 1.0000000
vn -0.0001051 -0.0001012 1.0000000
vn -0.0000350 -0.0000050 1.0000000
vn -0.0000273 -0.0000808 1.0000000
vn -0.0000597 -0.0000854 1.0000000
vn -0.0000350 -0.0000050 1.0000000
vn -0.0000155 -0.0000811 1.0000000
vn -0.0000273 -0.0000808 1.0000000
vn -0.0000350 -0.0000050 1.0000000
vn -0.0000191 -0.0000788 1.0000000
vn -0.0000155 -0.0000811 1.0000000
vn -0.0000350 -0.0000050 1.0000000
vn -0.0000264 -0.0000734 1.0000000
vn -0.0000191 -0.0000788 1.0000000
vn -0.0000350 -0.0000050 1.0000000
vn -0.0000257 -0.0000760 1.0000000
vn -0.0000264 -0.0000734 1.0000000
vn -0.0000350 -0.0000050 1.0000000
vn -0.0000131 -0.0001008 1.0000000
vn -0.0000257 -0.0000760 1.0000000
vn -0.0000350 -0.0000050 1.0000000
vn 0.0000027 -0.0001440 1.0000000
vn -0.0000131 -0.0001008 1.0000000
vn -0.0000350 -0.0000050 1.0000000
vn 0.0000116 -0.0001813 1.0000000
vn 0.0000027 -0.0001440 1.0000000
vn -0.0000350 -0.0000050 1.0000000
vn 0.0000136 -0.0001929 1.0000000
vn 0.0000116 -0.0001813 1.0000000
vn -0.0000350 -0.0000050 1.0000000
vn 0.0000166 -0.0001704 1.0000000
vn 0.0000136 -0.0001929 1.0000000
vn -0.0000350 -0.0000050 1.0000000
vn 0.0000322 -0.0001074 1.0000000
vn 0.0000166 -0.0001704 1.0000000
vn -0.0000350 -0.0000050 1.0000000
vn 0.0000732 0.0000008 1.0000000
vn 0.0000322 -0.0001074 1.0000000
vn -0.0000350 -0.0000050 1.0000000
vn 0.0000829 0.0000332 1.0000000
vn 0.0000732 0.0000008 1.0000000
vn -0.0000350 -0.0000050 1.0000000
vn 0.0000665 0.0000017 1.0000000
vn 0.0000829 0.0000332 1.0000000
vn -0.0000350 -0.0000050 1.0000000
vn 0.0000711 0.0000017 1.0000000
vn 0.0000665 0.0000017 1.0000000
vn -0.0000155 0.0000111 -1.0000000
vn 0.0000017 0.0000027 -1.0000000
vn -0.0000008 0.0000084 -1.0000000
vn -0.0000155 0.0000111 -1.0000000
vn -0.0000008 0.0000084 -1.0000000
vn -0.0000078 0.0000259 -1.0000000
vn -0.0000155 0.0000111 -1.0000000
vn -0.0000078 0.0000259 -1.0000000
vn -0.0000116 0.0000398 -1.0000000
vn -0.0000155 0.0000111 -1.0000000
vn -0.0000116 0.0000398 -1.0000000
vn -0.0000127 0.0000464 -1.0000000
vn -0.0000155 0.0000111 -1.0000000
vn -0.0000127 0.0000464 -1.0000000
vn -0.0000129 0.0000465 -1.0000000
vn -0.0000155 0.0000111 -1.0000000
vn -0.0000129 0.0000465 -1.0000000
vn -0.0000131 0.0000412 -1.0000000
vn -0.0000155 0.0000111 -1.0000000
vn -0.0000131 0.0000412 -1.0000000
vn -0.0000140 0.0000335 -1.0000000
vn -0.0000155 0.0000111 -1.0000000
vn -0.0000140 0.0000335 -1.0000000
vn -0.0000157 0.0000262 -1.0000000
vn -0.0000155 0.0000111 -1.0000000
vn -0.0000157 0.0000262 -1.0000000
vn -0.0000177 0.0000210 -1.0000000
vn -0.0000155 0.0000111 -1.0000000
vn -0.0000177 0.0000210 -1.0000000
vn -0.0000196 0.0000179 -1.0000000
vn -0.0000155 0.0000111 -1.0000000
vn -0.0000196 0.0000179 -1.0000000
vn -0.0000212 0.0000163 -1.0000000
vn -0.0000155 0.0000111 -1.0000000
vn -0.0000212 0.0000163 -1.0000000
vn -0.0000224 0.0000157 -1.0000000
vn -0.0000155 0.0000111 -1.0000000
vn -0.0000224 0.0000157 -1.0000000
vn -0.0000234 0.0000157 -1.0000000
vn -0.0000155 0.0000111 -1.0000000
vn -0.0000234 0.0000157 -1.0000000
vn -0.0000241 0.0000159 -1.0000000
vn -0.0000155 0.0000111 -1.0000000
vn -0.0000241 0.0000159 -1.0000000
vn -0.0000243 0.0000160 -1.0000000
vn -0.0000155 0.0000111 -1.0000000
vn -0.0000243 0.0000160 -1.0000000
vn -0.0000239 0.0000153 -1.0000000
vn -0.0000155 0.0000111 -1.0000000
vn -0.0000239 0.0000153 -1.0000000
vn -0.0000226 0.0000129 -1.0000000
vn -0.0000155 0.0000111 -1.0000000
vn -0.0000226 0.0000129 -1.0000000
vn -0.0000207 0.0000076 -1.0000000
vn -0.0000155 0.0000111 -1.0000000
vn -0.0000207 0.0000076 -1.0000000
vn -0.0000187 -0.0000008 -1.0000000
vn -0.0000155 0.0000111 -1.0000000
vn -0.0000187 -0.0000008 -1.0000000
vn -0.0000173 -0.0000118 -1.0000000
vn -0.0000155 0.0000111 -1.0000000
vn -0.0000173 -0.0000118 -1.0000000
vn -0.0000170 -0.0000228 -1.0000000
vn -0.0000155 0.0000111 -1.0000000
vn -0.0000170 -0.0000228 -1.0000000
vn -0.0000174 -0.0000304 -1.0000000
vn -0.0000155 0.0000111 -1.0000000
vn -0.0000174 -0.0000304 -1.0000000
vn -0.0000174 -0.0000314 -1.0000000
vn -0.0000155 0.0000111 -1.0000000
vn -0.0000174 -0.0000314 -1.0000000
vn -0.0000149 -0.0000233 -1.0000000
vn -0.0000155 0.0000111 -1.0000000
vn -0.0000149 -0.0000233 -1.0000000
vn -0.0000082 -0.0000082 -1.0000000
vn -0.0000155 0.0000111 -1.0000000
vn -0.0000082 -0.0000082 -1.0000000
vn -0.0000018 0.0000027 -1.0000000
vn -0.0000155 0.0000111 -1.0000000
vn -0.0000018 0.0000027 -1.0000000
vn 0.0000017 0.0000027 -1.0000000
vn 0.0000000 -1.0000000 0.0000000
vn 0.0000000 -1.0000000 0.0000000
vn 0.0000000 -1.0000000 0.0000000
vn 0.0000000 -1.0000000 0.0000000
vn 0.0000000 -1.0000000 0.0000000
vn 0.0000000 -1.0000000 0.0000000
f 1/1/1 55/55/2 56/56/3
f 1/1/4 56/56/5 2/2/6
f 29/29/7 83/83/8 82/82/9
f 29/29/10 82/82/11 28/28/12
f 2/2/13 56/56/14 57/57/15
f 2/2/16 57/57/17 3/3/18
f 30/30/19 84/84/20 83/83/21
f 30/30/22 83/83/23 29/29/24
f 3/3/25 57/57/26 58/58/27
f 3/3/28 58/58/29 4/4/30
f 31/31/31 85/85/32 84/84/33
f 31/31/34 84/84/35 30/30/36
f 4/4/37 58/58/38 59/59/39
f 4/4/40 59/59/41 5/5/42
f 32/32/43 86/86/44 85/85/45
f 32/32/46 85/85/47 31/31/48
f 5/5/49 59/59/50 60/60/51
f 5/5/52 60/60/53 6/6/54
f 33/33/55 87/87/56 86/86/57
f 33/33/58 86/86/59 32/32/60
f 6/6/61 60/60/62 61/61/63
f 6/6/64 61/61/65 7/7/66
f 34/34/67 88/88/68 87/87/69
f 34/34/70 87/87/71 33/33/72
f 7/7/73 61/61/74 62/62/75
f 7/7/76 62/62/77 8/8/78
f 35/35/79 89/89/80 88/88/81
f 35/35/82 88/88/83 34/34/84
f 8/8/85 62/62/86 63/63/87
f 8/8/88 63/63/89 9/9/90
f 36/36/91 90/90/92 89/89/93
f 36/36/94 89/89/95 35/35/96
f 9/9/97 63/63/98 64/64/99
f 9/9/100 64/64/101 10/10/102
f 37/37/103 91/91/104 90/90/105
f 37/37/106 90/90/107 36/36/108
f 10/10/109 64/64/110 65/65/111
f 10/10/112 65/65/113 11/11/114
f 38/38/115 92/92/116 91/91/117
f 38/38/118 91/91/119 37/37/120
f 11/11/121 65/65/122 66/66/123
f 11/11/124 66/66/125 12/12/126
f 39/39/127 93/93/128 92/92/129
f 39/39/130 92/92/131 38/38/132
f 12/12/133 66/66/134 67/67/135
f 12/12/136 67/67/137 13/13/138
f 40/40/139 94/94/140 93/93/141
f 40/40/142 93/93/143 39/39/144
f 13/13/145 67/67/146 68/68/147
f 13/13/148 68/68/149 14/14/150
f 41/41/151 95/95/152 94/94/153
f 41/41/154 94/94/155 40/40/156
f 14/14/157 68/68/158 69/69/159
f 14/14/160 69/69/161 15/15/162
f 42/42/163 96/96/164 95/95/165
f 42/42/166 95/95/167 41/41/168
f 15/15/169 69/69/170 70/70/171
f 15/15/172 70/70/173 16/16/174
f 43/43/175 97/97/176 96/96/177
f 43/43/178 96/96/179 42/42/180
f 16/16/181 70/70/182 71/71/183
f 16/16/184 71/71/185 17/17/186
f 44/44/187 98/98/188 97/97/189
f 44/44/190 97/97/191 43/43/192
f 17/17/193 71/71/194 72/72/195
f 17/17/196 72/72/197 18/18/198
f 45/45/199 99/99/200 98/98/201
f 45/45/202 98/98/203 44/44/204
f 18/18/205 72/72/206 73/73/207
f 18/18/208 73/73/209 19/19/210
f 46/46/211 100/100/212 99/99/213
f 46/46/214 99/99/215 45/45/216
f 19/19/217 73/73/218 74/74/219
f 19/19/220 74/74/221 20/20/222
f 47/47/223 101/101/224 100/100/225
f 47/47/226 100/100/227 46/46/228
f 20/20/229 74/74/230 75/75/231
f 20/20/232 75/75/233 21/21/234
f 48/48/235 102/102/236 101/101/237
f 48/48/238 101/101/239 47/47/240
f 21/21/241 75/75/242 76/76/243
f 21/21/244 76/76/245 22/22/246
f 49/49/247 103/103/248 102/102/249
f 49/49/250 102/102/251 48/48/252
f 22/22/253 76/76/254 77/77/255
f 22/22/256 77/77/257 23/23/258
f 50/50/259 104/104/260 103/103/261
f 50/50/262 103/103/263 49/49/264
f 23/23/265 77/77/266 78/78/267
f 23/23/268 78/78/269 24/24/270
f 51/51/271 105/105/272 104/104/273
f 51/51/274 104/104/275 50/50/276
f 24/24/277 78/78/278 79/79/279
f 24/24/280 79/79/281 25/25/282
f 52/52/283 106/106/284 105/105/285
f 52/52/286 105/105/287 51/51/288
f 25/25/289 79/79/290 80/80/291
f 25/25/292 80/80/293 26/26/294
f 53/53/295 107/107/296 106/106/297
f 53/53/298 106/106/299 52/52/300
f 26/26/301 80/80/302 81/81/303
f 26/26/304 81/81/305 27/27/306
f 54/54/307 108/108/308 107/107/309
f 54/54/310 107/107/311 53/53/312
f 82/82/313 55/55/314 1/1/315
f 81/81/316 108/108/317 54/54/318
f 82/82/319 1/1/320 2215/2215/321
f 81/81/322 2241/2241/323 27/27/324
f 82/82/325 2215/2215/326 2242/2242/327
f 81/81/328 2268/2268/329 2241/2241/330
f 82/82/331 2242/2242/332 2269/2269/333
f 81/81/334 2295/2295/335 2268/2268/336
f 82/82/337 2269/2269/338 2296/2296/339
f 81/81/340 2322/2322/341 2295/2295/342
f 82/82/343 2296/2296/344 2323/2323/345
f 81/81/346 2349/2349/347 2322/2322/348
f 82/82/349 2323/2323/350 2350/2350/351
f 81/81/352 2376/2376/353 2349/2349/354
f 82/82/355 2350/2350/356 2377/2377/357
f 81/81/358 2403/2403/359 2376/2376/360
f 82/82/361 2377/2377/362 28/28/363
f 81/81/364 54/54/365 2403/2403/366
f 55/55/367 109/109/368 110/110/369
f 55/55/370 110/110/371 56/56/372
f 83/83/373 137/137/374 136/136/375
f 83/83/376 136/136/377 82/82/378
f 56/56/379 110/110/380 111/111/381
f 56/56/382 111/111/383 57/57/384
f 84/84/385 138/138/386 137/137/387
f 84/84/388 137/137/389 83/83/390
f 57/57/391 111/111/392 112/112/393
f 57/57/394 112/112/395 58/58/396
f 85/85/397 139/139/398 138/138/399
f 85/85/400 138/138/401 84/84/402
f 58/58/403 112/112/404 113/113/405
f 58/58/406 113/113/407 59/59/408
f 86/86/409 140/140/410 139/139/411
f 86/86/412 139/139/413 85/85/414
f 59/59/415 113/113/416 114/114/417
f 59/59/418 114/114/419 60/60/420
f 87/87/421 141/141/422 140/140/423
f 87/87/424 140/140/425 86/86/426
f 60/60/427 114/114/428 115/115/429
f 60/60/430 115/115/431 61/61/432
f 88/88/433 142/142/434 141/141/435
f 88/88/436 141/141/437 87/87/438
f 61/61/439 115/115/440 116/116/441
f 61/61/442 116/116/443 62/62/444
f 89/89/445 143/143/446 142/142/447
f 89/89/448 142/142/449 88/88/450
f 62/62/451 116/116/452 117/117/453
f 62/62/454 117/117/455 63/63/456
f 90/90/457 144/144/458 143/143/459
f 90/90/460 143/143/461 89/89/462
f 63/63/463 117/117/464 118/118/465
f 63/63/466 118/118/467 64/64/468
f 91/91/469 145/145/470 144/144/471
f 91/91/472 144/144/473 90/90/474
f 64/64/475 118/118/476 119/119/477
f 64/64/478 119/119/479 65/65/480
f 92/92/481 146/146/482 145/145/483
f 92/92/484 145/145/485 91/91/486
f 65/65/487 119/119/488 120/120/489
f 65/65/490 120/120/491 66/66/492
f 93/93/493 147/147/494 146/146/495
f 93/93/496 146/146/497 92/92/498
f 66/66/499 120/120/500 121/121/501
f 66/66/502 121/121/503 67/67/504
f 94/94/505 148/148/506 147/147/507
f 94/94/508 147/147/509 93/93/510
f 67/67/511 121/121/512 122/122/513
f 67/67/514 122/122/515 68/68/516
f 95/95/517 149/149/518 148/148/519
f 95/95/520 148/148/521 94/94/522
f 68/68/523 122/122/524 123/123/525
f 68/68/526 123/123/527 69/69/528
f 96/96/529 150/150/530 149/149/531
f 96/96/532 149/149/533 95/95/534
f 69/69/535 123/123/536 124/124/537
f 69/69/538 124/124/539 70/70/540
f 97/97/541 151/151/542 150/150/543
f 97/97/544 150/150/545 96/96/546
f 70/70/547 124/124/548 125/125/549
f 70/70/550 125/125/551 71/71/552
f 98/98/553 152/152/554 151/151/555
f 98/98/556 151/151/557 97/97/558
f 71/71/559 125/125/560 126/126/561
f 71/71/562 126/126/563 72/72/564
f 99/99/565 153/153/566 152/152/567
f 99/99/568 152/152/569 98/98/570
f 72/72/571 126/126/572 127/127/573
f 72/72/574 127/127/575 73/73/576
f 100/100/577 154/154/578 153/153/579
f 100/100/580 153/153/581 99/99/582
f 73/73/583 127/127/584 128/128/585
f 73/73/586 128/128/587 74/74/588
f 101/101/589 155/155/590 154/154/591
f 101/101/592 154/154/593 100/100/594
f 74/74/595 128/128/596 129/129/597
f 74/74/598 129/129/599 75/75/600
f 102/102/601 156/156/602 155/155/603
f 102/102/604 155/155/605 101/101/606
f 75/75/607 129/129/608 130/130/609
f 75/75/610 130/130/611 76/76/612
f 103/103/613 157/157/614 156/156/615
f 103/103/616 156/156/617 102/102/618
f 76/76/619 130/130/620 131/131/621
f 76/76/622 131/131/623 77/77/624
f 104/104/625 158/158/626 157/157/627
f 104/104/628 157/157/629 103/103/630
f 77/77/631 131/131/632 132/132/633
f 77/77/634 132/132/635 78/78/636
f 105/105/637 159/159/638 158/158/639
f 105/105/640 158/158/641 104/104/642
f 78/78/643 132/132/644 133/133/645
f 78/78/646 133/133/647 79/79/648
f 106/106/649 160/160/650 159/159/651
f 106/106/652 159/159/653 105/105/654
f 79/79/655 133/133/656 134/134/657
f 79/79/658 134/134/659 80/80/660
f 107/107/661 161/161/662 160/160/663
f 107/107/664 160/160/665 106/106/666
f 80/80/667 134/134/668 135/135/669
f 80/80/670 135/135/671 81/81/672
f 108/108/673 162/162/674 161/161/675
f 108/108/676 161/161/677 107/107/678
f 82/82/679 136/136/680 109/109/681
f 82/82/682 109/109/683 55/55/684
f 81/81/685 135/135/686 162/162/687
f 81/81/688 162/162/689 108/108/690
f 109/109/691 163/163/692 164/164/693
f 109/109/694 164/164/695 110/110/696
f 137/137/697 191/191/698 190/190/699
f 137/137/700 190/190/701 136/136/702
f 110/110/703 164/164/704 165/165/705
f 110/110/706 165/165/707 111/111/708
f 138/138/709 192/192/710 191/191/711
f 138/138/712 191/191/713 137/137/714
f 111/111/715 165/165/716 166/166/717
f 111/111/718 166/166/719 112/112/720
f 139/139/721 193/193/722 192/192/723
f 139/139/724 192/192/725 138/138/726
f 112/112/727 166/166/728 167/167/729
f 112/112/730 167/167/731 113/113/732
f 140/140/733 194/194/734 193/193/735
f 140/140/736 193/193/737 139/139/738
f 113/113/739 167/167/740 168/168/741
f 113/113/742 168/168/743 114/114/744
f 141/141/745 195/195/746 194/194/747
f 141/141/748 194/194/749 140/140/750
f 114/114/751 168/168/752 169/169/753
f 114/114/754 169/169/755 115/115/756
f 142/142/757 196/196/758 195/195/759
f 142/142/760 195/195/761 141/141/762
f 115/115/763 169/169/764 170/170/765
f 115/115/766 170/170/767 116/116/768
f 143/143/769 197/197/770 196/196/771
f 143/143/772 196/196/773 142/142/774
f 116/116/775 170/170/776 171/171/777
f 116/116/778 171/171/779 117/117/780
f 144/144/781 198/198/782 197/197/783
f 144/144/784 197/197/785 143/143/786
f 117/117/787 171/171/788 172/172/789
f 117/117/790 172/172/791 118/118/792
f 145/145/793 199/199/794 198/198/795
f 145/145/796 198/198/797 144/144/798
f 118/118/799 172/172/800 173/173/801
f 118/118/802 173/173/803 119/119/804
f 146/146/805 200/200/806 199/199/807
f 146/146/808 199/199/809 145/145/810
f 119/119/811 173/173/812 174/174/813
f 119/119/814 174/174/815 120/120/816
f 147/147/817 201/201/818 200/200/819
f 147/147/820 200/200/821 146/146/822
f 120/120/823 174/174/824 175/175/825
f 120/120/826 175/175/827 121/121/828
f 148/148/829 202/202/830 201/201/831
f 148/148/832 201/201/833 147/147/834
f 121/121/835 175/175/836 176/176/837
f 121/121/838 176/176/839 122/122/840
f 149/149/841 203/203/842 202/202/843
f 149/149/844 202/202/845 148/148/846
f 122/122/847 176/176/848 177/177/849
f 122/122/850 177/177/851 123/123/852
f 150/150/853 204/204/854 203/203/855
f 150/150/856 203/203/857 149/149/858
f 123/123/859 177/177/860 178/178/861
f 123/123/862 178/178/863 124/124/864
f 151/151/865 205/205/866 204/204/867
f 151/151/868 204/204/869 150/150/870
f 124/124/871 178/178/872 179/179/873
f 124/124/874 179/179/875 125/125/876
f 152/152/877 206/206/878 205/205/879
f 152/152/880 205/205/881 151/151/882
f 125/125/883 179/179/884 180/180/885
f 125/125/886 180/180/887 126/126/888
f 153/153/889 207/207/890 206/206/891
f 153/153/892 206/206/893 152/152/894
f 126/126/895 180/180/896 181/181/897
f 126/126/898 181/181/899 127/127/900
f 154/154/901 208/208/902 207/207/903
f 154/154/904 207/207/905 153/153/906
f 127/127/907 181/181/908 182/182/909
f 127/127/910 182/182/911 128/128/912
f 155/155/913 209/209/914 208/208/915
f 155/155/916 208/208/917 154/154/918
f 128/128/919 182/182/920 183/183/921
f 128/128/922 183/183/923 129/129/924
f 156/156/925 210/210/926 209/209/927
f 156/156/928 209/209/929 155/155/930
f 129/129/931 183/183/932 184/184/933
f 129/129/934 184/184/935 130/130/936
f 157/157/937 211/211/938 210/210/939
f 157/157/940 210/210/941 156/156/942
f 130/130/943 184/184/944 185/185/945
f 130/130/946 185/185/947 131/131/948
f 158/158/949 212/212/950 211/211/951
f 158/158/952 211/211/953 157/157/954
f 131/131/955 185/185/956 186/186/957
f 131/131/958 186/186/959 132/132/960
f 159/159/961 213/213/962 212/212/963
f 159/159/964 212/212/965 158/158/966
f 132/132/967 186/186/968 187/187/969
f 132/132/970 187/187/971 133/133/972
f 160/160/973 214/214/974 213/213/975
f 160/160/976 213/213/977 159/159/978
f 133/133/979 187/187/980 188/188/981
f 133/133/982 188/188/983 134/134/984
f 161/161/985 215/215/986 214/214/987
f 161/161/988 214/214/989 160/160/990
f 134/134/991 188/188/992 189/189/993
f 134/134/994 189/189/995 135/135/996
f 162/162/997 216/216/998 215/215/999
f 162/162/1000 215/215/1001 161/161/1002
f 136/136/1003 190/190/1004 163/163/1005
f 136/136/1006 163/163/1007 109/109/1008
f 135/135/1009 189/189/1010 216/216/1011
f 135/135/1012 216/216/1013 162/162/1014
f 163/163/1015 217/217/1016 218/218/1017
f 163/163/1018 218/218/1019 164/164/1020
f 191/191/1021 245/245/1022 244/244/1023
f 191/191/1024 244/244/1025 190/190/1026
f 164/164/1027 218/218/1028 219/219/1029
f 164/164/1030 219/219/1031 165/165/1032
f 192/192/1033 246/246/1034 245/245/1035
f 192/192/1036 245/245/1037 191/191/1038
f 165/165/1039 219/219/1040 220/220/1041
f 165/165/1042 220/220/1043 166/166/1044
f 193/193/1045 247/247/1046 246/246/1047
f 193/193/1048 246/246/1049 192/192/1050
f 166/166/1051 220/220/1052 221/221/1053
f 166/166/1054 221/221/1055 167/167/1056
f 194/194/1057 248/248/1058 247/247/1059
f 194/194/1060 247/247/1061 193/193/1062
f 167/167/1063 221/221/1064 222/222/1065
f 167/167/1066 222/222/1067 168/168/1068
f 195/195/1069 249/249/1070 248/248/1071
f 195/195/1072 248/248/1073 194/194/1074
f 168/168/1075 222/222/1076 223/223/1077
f 168/168/1078 223/223/1079 169/169/1080
f 196/196/1081 250/250/1082 249/249/1083
f 196/196/1084 249/249/1085 195/195/1086
f 169/169/1087 223/223/1088 224/224/1089
f 169/169/1090 224/224/1091 170/170/1092
f 197/197/1093 251/251/1094 250/250/1095
f 197/197/1096 250/250/1097 196/196/1098
f 170/170/1099 224/224/1100 225/225/1101
f 170/170/1102 225/225/1103 171/171/1104
f 198/198/1105 252/252/1106 251/251/1107
f 198/198/1108 251/251/1109 197/197/1110
f 171/171/1111 225/225/1112 226/226/1113
f 171/171/1114 226/226/1115 172/172/1116
f 199/199/1117 253/253/1118 252/252/1119
f 199/199/1120 252/252/1121 198/198/1122
f 172/172/1123 226/226/1124 227/227/1125
f 172/172/1126 227/227/1127 173/173/1128
f 200/200/1129 254/254/1130 253/253/1131
f 200/200/1132 253/253/1133 199/199/1134
f 173/173/1135 227/227/1136 228/228/1137
f 173/173/1138 228/228/1139 174/174/1140
f 201/201/1141 255/255/1142 254/254/1143
f 201/201/1144 254/254/1145 200/200/1146
f 174/174/1147 228/228/1148 229/229/1149
f 174/174/1150 229/229/1151 175/175/1152
f 202/202/1153 256/256/1154 255/255/1155
f 202/202/1156 255/255/1157 201/201/1158
f 175/175/1159 229/229/1160 230/230/1161
f 175/175/1162 230/230/1163 176/176/1164
f 203/203/1165 257/257/1166 256/256/1167
f 203/203/1168 256/256/1169 202/202/1170
f 176/176/1171 230/230/1172 231/231/1173
f 176/176/1174 231/231/1175 177/177/1176
f 204/204/1177 258/258/1178 257/257/1179
f 204/204/1180 257/257/1181 203/203/1182
f 177/177/1183 231/231/1184 232/232/1185
f 177/177/1186 232/232/1187 178/178/1188
f 205/205/1189 259/259/1190 258/258/1191
f 205/205/1192 258/258/1193 204/204/1194
f 178/178/1195 232/232/1196 233/233/1197
f 178/178/1198 233/233/1199 179/179/1200
f 206/206/1201 260/260/1202 259/259/1203
f 206/206/1204 259/259/1205 205/205/1206
f 179/179/1207 233/233/1208 234/234/1209
f 179/179/1210 234/234/1211 180/180/1212
f 207/207/1213 261/261/1214 260/260/1215
f 207/207/1216 260/260/1217 206/206/1218
f 180/180/1219 234/234/1220 235/235/1221
f 180/180/1222 235/235/1223 181/181/1224
f 208/208/1225 262/262/1226 261/261/1227
f 208/208/1228 261/261/1229 207/207/1230
f 181/181/1231 235/235/1232 236/236/1233
f 181/181/1234 236/236/1235 182/182/1236
f 209/209/1237 263/263/1238 262/262/1239
f 209/209/1240 262/262/1241 208/208/1242
f 182/182/1243 236/236/1244 237/237/1245
f 182/182/1246 237/237/1247 183/183/1248
f 210/210/1249 264/264/1250 263/263/1251
f 210/210/1252 263/263/1253 209/209/1254
f 183/183/1255 237/237/1256 238/238/1257
f 183/183/1258 238/238/1259 184/184/1260
f 211/211/1261 265/265/1262 264/264/1263
f 211/211/1264 264/264/1265 210/210/1266
f 184/184/1267 238/238/1268 239/239/1269
f 184/184/1270 239/239/1271 185/185/1272
f 212/212/1273 266/266/1274 265/265/1275
f 212/212/1276 265/265/1277 211/211/1278
f 185/185/1279 239/239/1280 240/240/1281
f 185/185/1282 240/240/1283 186/186/1284
f 213/213/1285 267/267/1286 266/266/1287
f 213/213/1288 266/266/1289 212/212/1290
f 186/186/1291 240/240/1292 241/241/1293
f 186/186/1294 241/241/1295 187/187/1296
f 214/214/1297 268/268/1298 267/267/1299
f 214/214/1300 267/267/1301 213/213/1302
f 187/187/1303 241/241/1304 242/242/1305
f 187/187/1306 242/242/1307 188/188/1308
f 215/215/1309 269/269/1310 268/268/1311
f 215/215/1312 268/268/1313 214/214/1314
f 188/188/1315 242/242/1316 243/243/1317
f 188/188/1318 243/243/1319 189/189/1320
f 216/216/1321 270/270/1322 269/269/1323
f 216/216/1324 269/269/1325 215/215/1326
f 190/190/1327 244/244/1328 217/217/1329
f 190/190/1330 217/217/1331 163/163/1332
f 189/189/1333 243/243/1334 270/270/1335
f 189/189/1336 270/270/1337 216/216/1338
f 217/217/1339 271/271/1340 272/272/1341
f 217/217/1342 272/272/1343 218/218/1344
f 245/245/1345 299/299/1346 298/298/1347
f 245/245/1348 298/298/1349 244/244/1350
f 218/218/1351 272/272/1352 273/273/1353
f 218/218/1354 273/273/1355 219/219/1356
f 246/246/1357 300/300/1358 299/299/1359
f 246/246/1360 299/299/1361 245/245/1362
f 219/219/1363 273/273/1364 274/274/1365
f 219/219/1366 274/274/1367 220/220/1368
f 247/247/1369 301/301/1370 300/300/1371
f 247/247/1372 300/300/1373 246/246/1374
f 220/220/1375 274/274/1376 275/275/1377
f 220/220/1378 275/275/1379 221/221/1380
f 248/248/1381 302/302/1382 301/301/1383
f 248/248/1384 301/301/1385 247/247/1386
f 221/221/1387 275/275/1388 276/276/1389
f 221/221/1390 276/276/1391 222/222/1392
f 249/249/1393 303/303/1394 302/302/1395
f 249/249/1396 302/302/1397 248/248/1398
f 222/222/1399 276/276/1400 277/277/1401
f 222/222/1402 277/277/1403 223/223/1404
f 250/250/1405 304/304/1406 303/303/1407
f 250/250/1408 303/303/1409 249/249/1410
f 223/223/1411 277/277/1412 278/278/1413
f 223/223/1414 278/278/1415 224/224/1416
f 251/251/1417 305/305/1418 304/304/1419
f 251/251/1420 304/304/1421 250/250/1422
f 224/224/1423 278/278/1424 279/279/1425
f 224/224/1426 279/279/1427 225/225/1428
f 252/252/1429 306/306/1430 305/305/1431
f 252/252/1432 305/305/1433 251/251/1434
f 225/225/1435 279/279/1436 280/280/1437
f 225/225/1438 280/280/1439 226/226/1440
f 253/253/1441 307/307/1442 306/306/1443
f 253/253/1444 306/306/1445 252/252/1446
f 226/226/1447 280/280/1448 281/281/1449
f 226/226/1450 281/281/1451 227/227/1452
f 254/254/1453 308/308/1454 307/307/1455
f 254/254/1456 307/307/1457 253/253/1458
f 227/227/1459 281/281/1460 282/282/1461
f 227/227/1462 282/282/1463 228/228/1464
f 255/255/1465 309/309/1466 308/308/1467
f 255/255/1468 308/308/1469 254/254/1470
f 228/228/1471 282/282/1472 283/283/1473
f 228/228/1474 283/283/1475 229/229/1476
f 256/256/1477 310/310/1478 309/309/1479
f 256/256/1480 309/309/1481 255/255/1482
f 229/229/1483 283/283/1484 284/284/1485
f 229/229/1486 284/284/1487 230/230/1488
f 257/257/1489 311/311/1490 310/310/1491
f 257/257/1492 310/310/1493 256/256/1494
f 230/230/1495 284/284/1496 285/285/1497
f 230/230/1498 285/285/1499 231/231/1500
f 258/258/1501 312/312/1502 311/311/1503
f 258/258/1504 311/311/1505 257/257/1506
f 231/231/1507 285/285/1508 286/286/1509
f 231/231/1510 286/286/1511 232/232/1512
f 259/259/1513 313/313/1514 312/312/1515
f 259/259/1516 312/312/1517 258/258/1518
f 232/232/1519 286/286/1520 287/287/1521
f 232/232/1522 287/287/1523 233/233/1524
f 260/260/1525 314/314/1526 313/313/1527
f 260/260/1528 313/313/1529 259/259/1530
f 233/233/1531 287/287/1532 288/288/1533
f 233/233/1534 288/288/1535 234/234/1536
f 261/261/1537 315/315/1538 314/314/1539
f 261/261/1540 314/314/1541 260/260/1542
f 234/234/1543 288/288/1544 289/289/1545
f 234/234/1546 289/289/1547 235/235/1548
f 262/262/1549 316/316/1550 315/315/1551
f 262/262/1552 315/315/1553 261/261/1554
f 235/235/1555 289/289/1556 290/290/1557
f 235/235/1558 290/290/1559 236/236/1560
f 263/263/1561 317/317/1562 316/316/1563
f 263/263/1564 316/316/1565 262/262/1566
f 236/236/1567 290/290/1568 291/291/1569
f 236/236/1570 291/291/1571 237/237/1572
f 264/264/1573 318/318/1574 317/317/1575
f 264/264/1576 317/317/1577 263/263/1578
f 237/237/1579 291/291/1580 292/292/1581
f 237/237/1582 292/292/1583 238/238/1584
f 265/265/1585 319/319/1586 318/318/1587
f 265/265/1588 318/318/1589 264/264/1590
f 238/238/1591 292/292/1592 293/293/1593
f 238/238/1594 293/293/1595 239/239/1596
f 266/266/1597 320/320/1598 319/319/1599
f 266/266/1600 319/319/1601 265/265/1602
f 239/239/1603 293/293/1604 294/294/1605
f 239/239/1606 294/294/1607 240/240/1608
f 267/267/1609 321/321/1610 320/320/1611
f 267/267/1612 320/320/1613 266/266/1614
f 240/240/1615 294/294/1616 295/295/1617
f 240/240/1618 295/295/1619 241/241/1620
f 268/268/1621 322/322/1622 321/321/1623
f 268/268/1624 321/321/1625 267/267/1626
f 241/241/1627 295/295/1628 296/296/1629
f 241/241/1630 296/296/1631 242/242/1632
f 269/269/1633 323/323/1634 322/322/1635
f 269/269/1636 322/322/1637 268/268/1638
f 242/242/1639 296/296/1640 297/297/1641
f 242/242/1642 297/297/1643 243/243/1644
f 270/270/1645 324/324/1646 323/323/1647
f 270/270/1648 323/323/1649 269/269/1650
f 244/244/1651 298/298/1652 271/271/1653
f 244/244/1654 271/271/1655 217/217/1656
f 243/243/1657 297/297/1658 324/324/1659
f 243/243/1660 324/324/1661 270/270/1662
f 271/271/1663 325/325/1664 326/326/1665
f 271/271/1666 326/326/1667 272/272/1668
f 299/299/1669 353/353/1670 352/352/1671
f 299/299/1672 352/352/1673 298/298/1674
f 272/272/1675 326/326/1676 327/327/1677
f 272/272/1678 327/327/1679 273/273/1680
f 300/300/1681 354/354/1682 353/353/1683
f 300/300/1684 353/353/1685 299/299/1686
f 273/273/1687 327/327/1688 328/328/1689
f 273/273/1690 328/328/1691 274/274/1692
f 301/301/1693 355/355/1694 354/354/1695
f 301/301/1696 354/354/1697 300/300/1698
f 274/274/1699 328/328/1700 329/329/1701
f 274/274/1702 329/329/1703 275/275/1704
f 302/302/1705 356/356/1706 355/355/1707
f 302/302/1708 355/355/1709 301/301/1710
f 275/275/1711 329/329/1712 330/330/1713
f 275/275/1714 330/330/1715 276/276/1716
f 303/303/1717 357/357/1718 356/356/1719
f 303/303/1720 356/356/1721 302/302/1722
f 276/276/1723 330/330/1724 331/331/1725
f 276/276/1726 331/331/1727 277/277/1728
f 304/304/1729 358/358/1730 357/357/1731
f 304/304/1732 357/357/1733 303/303/1734
f 277/277/1735 331/331/1736 332/332/1737
f 277/277/1738 332/332/1739 278/278/1740
f 305/305/1741 359/359/1742 358/358/1743
f 305/305/1744 358/358/1745 304/304/1746
f 278/278/1747 332/332/1748 333/333/1749
f 278/278/1750 333/333/1751 279/279/1752
f 306/306/1753 360/360/1754 359/359/1755
f 306/306/1756 359/359/1757 305/305/1758
f 279/279/1759 333/333/1760 334/334/1761
f 279/279/1762 334/334/1763 280/280/1764
f 307/307/1765 361/361/1766 360/360/1767
f 307/307/1768 360/360/1769 306/306/1770
f 280/280/1771 334/334/1772 335/335/1773
f 280/280/1774 335/335/1775 281/281/1776
f 308/308/1777 362/362/1778 361/361/1779
f 308/308/1780 361/361/1781 307/307/1782
f 281/281/1783 335/335/1784 336/336/1785
f 281/281/1786 336/336/1787 282/282/1788
f 309/309/1789 363/363/1790 362/362/1791
f 309/309/1792 362/362/1793 308/308/1794
f 282/282/1795 336/336/1796 337/337/1797
f 282/282/1798 337/337/1799 283/283/1800
f 310/310/1801 364/364/1802 363/363/1803
f 310/310/1804 363/363/1805 309/309/1806
f 283/283/1807 337/337/1808 338/338/1809
f 283/283/1810 338/338/1811 284/284/1812
f 311/311/1813 365/365/1814 364/364/1815
f 311/311/1816 364/364/1817 310/310/1818
f 284/284/1819 338/338/1820 339/339/1821
f 284/284/1822 339/339/1823 285/285/1824
f 312/312/1825 366/366/1826 365/365/1827
f 312/312/1828 365/365/1829 311/311/1830
f 285/285/1831 339/339/1832 340/340/1833
f 285/285/1834 340/340/1835 286/286/1836
f 313/313/1837 367/367/1838 366/366/1839
f 313/313/1840 366/366/1841 312/312/1842
f 286/286/1843 340/340/1844 341/341/1845
f 286/286/1846 341/341/1847 287/287/1848
f 314/314/1849 368/368/1850 367/367/1851
f 314/314/1852 367/367/1853 313/313/1854
f 287/287/1855 341/341/1856 342/342/1857
f 287/287/1858 342/342/1859 288/288/1860
f 315/315/1861 369/369/1862 368/368/1863
f 315/315/1864 368/368/1865 314/314/1866
f 288/288/1867 342/342/1868 343/343/1869
f 288/288/1870 343/343/1871 289/289/1872
f 316/316/1873 370/370/1874 369/369/1875
f 316/316/1876 369/369/1877 315/315/1878
f 289/289/1879 343/343/1880 344/344/1881
f 289/289/1882 344/344/1883 290/290/1884
f 317/317/1885 371/371/1886 370/370/1887
f 317/317/1888 370/370/1889 316/316/1890
f 290/290/1891 344/344/1892 345/345/1893
f 290/290/1894 345/345/1895 291/291/1896
f 318/318/1897 372/372/1898 371/371/1899
f 318/318/1900 371/371/1901 317/317/1902
f 291/291/1903 345/345/1904 346/346/1905
f 291/291/1906 346/346/1907 292/292/1908
f 319/319/1909 373/373/1910 372/372/1911
f 319/319/1912 372/372/1913 318/318/1914
f 292/292/1915 346/346/1916 347/347/1917
f 292/292/1918 347/347/1919 293/293/1920
f 320/320/1921 374/374/1922 373/373/1923
f 320/320/1924 373/373/1925 319/319/1926
f 293/293/1927 347/347/1928 348/348/1929
f 293/293/1930 348/348/1931 294/294/1932
f 321/321/1933 375/375/1934 374/374/1935
f 321/321/1936 374/374/1937 320/320/1938
f 294/294/1939 348/348/1940 349/349/1941
f 294/294/1942 349/349/1943 295/295/1944
f 322/322/1945 376/376/1946 375/375/1947
f 322/322/1948 375/375/1949 321/321/1950
f 295/295/1951 349/349/1952 350/350/1953
f 295/295/1954 350/350/1955 296/296/1956
f 323/323/1957 377/377/1958 376/376/1959
f 323/323/1960 376/376/1961 322/322/1962
f 296/296/1963 350/350/1964 351/351/1965
f 296/296/1966 351/351/1967 297/297/1968
f 324/324/1969 378/378/1970 377/377/1971
f 324/324/1972 377/377/1973 323/323/1974
f 298/298/1975 352/352/1976 325/325/1977
f 298/298/1978 325/325/1979 271/271/1980
f 297/297/1981 351/351/1982 378/378/1983
f 297/297/1984 378/378/1985 324/324/1986
f 325/325/1987 379/379/1988 380/380/1989
f 325/325/1990 380/380/1991 326/326/1992
f 353/353/1993 407/407/1994 406/406/1995
f 353/353/1996 406/406/1997 352/352/1998
f 326/326/1999 380/380/2000 381/381/2001
f 326/326/2002 381/381/2003 327/327/2004
f 354/354/2005 408/408/2006 407/407/2007
f 354/354/2008 407/407/2009 353/353/2010
f 327/327/2011 381/381/2012 382/382/2013
f 327/327/2014 382/382/2015 328/328/2016
f 355/355/2017 409/409/2018 408/408/2019
f 355/355/2020 408/408/2021 354/354/2022
f 328/328/2023 382/382/2024 383/383/2025
f 328/328/2026 383/383/2027 329/329/2028
f 356/356/2029 410/410/2030 409/409/2031
f 356/356/2032 409/409/2033 355/355/2034
f 329/329/2035 383/383/2036 384/384/2037
f 329/329/2038 384/384/2039 330/330/2040
f 357/357/2041 411/411/2042 410/410/2043
f 357/357/2044 410/410/2045 356/356/2046
f 330/330/2047 384/384/2048 385/385/2049
f 330/330/2050 385/385/2051 331/331/2052
f 358/358/2053 412/412/2054 411/411/2055
f 358/358/2056 411/411/2057 357/357/2058
f 331/331/2059 385/385/2060 386/386/2061
f 331/331/2062 386/386/2063 332/332/2064
f 359/359/2065 413/413/2066 412/412/2067
f 359/359/2068 412/412/2069 358/358/2070
f 332/332/2071 386/386/2072 387/387/2073
f 332/332/2074 387/387/2075 333/333/2076
f 360/360/2077 414/414/2078 413/413/2079
f 360/360/2080 413/413/2081 359/359/2082
f 333/333/2083 387/387/2084 388/388/2085
f 333/333/2086 388/388/2087 334/334/2088
f 361/361/2089 415/415/2090 414/414/2091
f 361/361/2092 414/414/2093 360/360/2094
f 334/334/2095 388/388/2096 389/389/2097
f 334/334/2098 389/389/2099 335/335/2100
f 362/362/2101 416/416/2102 415/415/2103
f 362/362/2104 415/415/2105 361/361/2106
f 335/335/2107 389/389/2108 390/390/2109
f 335/335/2110 390/390/2111 336/336/2112
f 363/363/2113 417/417/2114 416/416/2115
f 363/363/2116 416/416/2117 362/362/2118
f 336/336/2119 390/390/2120 391/391/2121
f 336/336/2122 391/391/2123 337/337/2124
f 364/364/2125 418/418/2126 417/417/2127
f 364/364/2128 417/417/2129 363/363/2130
f 337/337/2131 391/391/2132 392/392/2133
f 337/337/2134 392/392/2135 338/338/2136
f 365/365/2137 419/419/2138 418/418/2139
f 365/365/2140 418/418/2141 364/364/2142
f 338/338/2143 392/392/2144 393/393/2145
f 338/338/2146 393/393/2147 339/339/2148
f 366/366/2149 420/420/2150 419/419/2151
f 366/366/2152 419/419/2153 365/365/2154
f 339/339/2155 393/393/2156 394/394/2157
f 339/339/2158 394/394/2159 340/340/2160
f 367/367/2161 421/421/2162 420/420/2163
f 367/367/2164 420/420/2165 366/366/2166
f 340/340/2167 394/394/2168 395/395/2169
f 340/340/2170 395/395/2171 341/341/2172
f 368/368/2173 422/422/2174 421/421/2175
f 368/368/2176 421/421/2177 367/367/2178
f 341/341/2179 395/395/2180 396/396/2181
f 341/341/2182 396/396/2183 342/342/2184
f 369/369/2185 423/423/2186 422/422/2187
f 369/369/2188 422/422/2189 368/368/2190
f 342/342/2191 396/396/2192 397/397/2193
f 342/342/2194 397/397/2195 343/343/2196
f 370/370/2197 424/424/2198 423/423/2199
f 370/370/2200 423/423/2201 369/369/2202
f 343/343/2203 397/397/2204 398/398/2205
f 343/343/2206 398/398/2207 344/344/2208
f 371/371/2209 425/425/2210 424/424/2211
f 371/371/2212 424/424/2213 370/370/2214
f 344/344/2215 398/398/2216 399/399/2217
f 344/344/2218 399/399/2219 345/345/2220
f 372/372/2221 426/426/2222 425/425/2223
f 372/372/2224 425/425/2225 371/371/2226
f 345/345/2227 399/399/2228 400/400/2229
f 345/345/2230 400/400/2231 346/346/2232
f 373/373/2233 427/427/2234 426/426/2235
f 373/373/2236 426/426/2237 372/372/2238
f 346/346/2239 400/400/2240 401/401/2241
f 346/346/2242 401/401/2243 347/347/2244
f 374/374/2245 428/428/2246 427/427/2247
f 374/374/2248 427/427/2249 373/373/2250
f 347/347/2251 401/401/2252 402/402/2253
f 347/347/2254 402/402/2255 348/348/2256
f 375/375/2257 429/429/2258 428/428/2259
f 375/375/2260 428/428/2261 374/374/2262
f 348/348/2263 402/402/2264 403/403/2265
f 348/348/2266 403/403/2267 349/349/2268
f 376/376/2269 430/430/2270 429/429/2271
f 376/376/2272 429/429/2273 375/375/2274
f 349/349/2275 403/403/2276 404/404/2277
f 349/349/2278 404/404/2279 350/350/2280
f 377/377/2281 431/431/2282 430/430/2283
f 377/377/2284 430/430/2285 376/376/2286
f 350/350/2287 404/404/2288 405/405/2289
f 350/350/2290 405/405/2291 351/351/2292
f 378/378/2293 432/432/2294 431/431/2295
f 378/378/2296 431/431/2297 377/377/2298
f 352/352/2299 406/406/2300 379/379/2301
f 352/352/2302 379/379/2303 325/325/2304
f 351/351/2305 405/405/2306 432/432/2307
f 351/351/2308 432/432/2309 378/378/2310
f 379/379/2311 433/433/2312 434/434/2313
f 379/379/2314 434/434/2315 380/380/2316
f 407/407/2317 461/461/2318 460/460/2319
f 407/407/2320 460/460/2321 406/406/2322
f 380/380/2323 434/434/2324 435/435/2325
f 380/380/2326 435/435/2327 381/381/2328
f 408/408/2329 462/462/2330 461/461/2331
f 408/408/2332 461/461/2333 407/407/2334
f 381/381/2335 435/435/2336 436/436/2337
f 381/381/2338 436/436/2339 382/382/2340
f 409/409/2341 463/463/2342 462/462/2343
f 409/409/2344 462/462/2345 408/408/2346
f 382/382/2347 436/436/2348 437/437/2349
f 382/382/2350 437/437/2351 383/383/2352
f 410/410/2353 464/464/2354 463/463/2355
f 410/410/2356 463/463/2357 409/409/2358
f 383/383/2359 437/437/2360 438/438/2361
f 383/383/2362 438/438/2363 384/384/2364
f 411/411/2365 465/465/2366 464/464/2367
f 411/411/2368 464/464/2369 410/410/2370
f 384/384/2371 438/438/2372 439/439/2373
f 384/384/2374 439/439/2375 385/385/2376
f 412/412/2377 466/466/2378 465/465/2379
f 412/412/2380 465/465/2381 411/411/2382
f 385/385/2383 439/439/2384 440/440/2385
f 385/385/2386 440/440/2387 386/386/2388
f 413/413/2389 467/467/2390 466/466/2391
f 413/413/2392 466/466/2393 412/412/2394
f 386/386/2395 440/440/2396 441/441/2397
f 386/386/2398 441/441/2399 387/387/2400
f 414/414/2401 468/468/2402 467/467/2403
f 414/414/2404 467/467/2405 413/413/2406
f 387/387/2407 441/441/2408 442/442/2409
f 387/387/2410 442/442/2411 388/388/2412
f 415/415/2413 469/469/2414 468/468/2415
f 415/415/2416 468/468/2417 414/414/2418
f 388/388/2419 442/442/2420 443/443/2421
f 388/388/2422 443/443/2423 389/389/2424
f 416/416/2425 470/470/2426 469/469/2427
f 416/416/2428 469/469/2429 415/415/2430
f 389/389/2431 443/443/2432 444/444/2433
f 389/389/2434 444/444/2435 390/390/2436
f 417/417/2437 471/471/2438 470/470/2439
f 417/417/2440 470/470/2441 416/416/2442
f 390/390/2443 444/444/2444 445/445/2445
f 390/390/2446 445/445/2447 391/391/2448
f 418/418/2449 472/472/2450 471/471/2451
f 418/418/2452 471/471/2453 417/417/2454
f 391/391/2455 445/445/2456 446/446/2457
f 391/391/2458 446/446/2459 392/392/2460
f 419/419/2461 473/473/2462 472/472/2463
f 419/419/2464 472/472/2465 418/418/2466
f 392/392/2467 446/446/2468 447/447/2469
f 392/392/2470 447/447/2471 393/393/2472
f 420/420/2473 474/474/2474 473/473/2475
f 420/420/2476 473/473/2477 419/419/2478
f 393/393/2479 447/447/2480 448/448/2481
f 393/393/2482 448/448/2483 394/394/2484
f 421/421/2485 475/475/2486 474/474/2487
f 421/421/2488 474/474/2489 420/420/2490
f 394/394/2491 448/448/2492 449/449/2493
f 394/394/2494 449/449/2495 395/395/2496
f 422/422/2497 476/476/2498 475/475/2499
f 422/422/2500 475/475/2501 421/421/2502
f 395/395/2503 449/449/2504 450/450/2505
f 395/395/2506 450/450/2507 396/396/2508
f 423/423/2509 477/477/2510 476/476/2511
f 423/423/2512 476/476/2513 422/422/2514
f 396/396/2515 450/450/2516 451/451/2517
f 396/396/2518 451/451/2519 397/397/2520
f 424/424/2521 478/478/2522 477/477/2523
f 424/424/2524 477/477/2525 423/423/2526
f 397/397/2527 451/451/2528 452/452/2529
f 397/397/2530 452/452/2531 398/398/2532
f 425/425/2533 479/479/2534 478/478/2535
f 425/425/2536 478/478/2537 424/424/2538
f 398/398/2539 452/452/2540 453/453/2541
f 398/398/2542 453/453/2543 399/399/2544
f 426/426/2545 480/480/2546 479/479/2547
f 426/426/2548 479/479/2549 425/425/2550
f 399/399/2551 453/453/2552 454/454/2553
f 399/399/2554 454/454/2555 400/400/2556
f 427/427/2557 481/481/2558 480/480/2559
f 427/427/2560 480/480/2561 426/426/2562
f 400/400/2563 454/454/2564 455/455/2565
f 400/400/2566 455/455/2567 401/401/2568
f 428/428/2569 482/482/2570 481/481/2571
f 428/428/2572 481/481/2573 427/427/2574
f 401/401/2575 455/455/2576 456/456/2577
f 401/401/2578 456/456/2579 402/402/2580
f 429/429/2581 483/483/2582 482/482/2583
f 429/429/2584 482/482/2585 428/428/2586
f 402/402/2587 456/456/2588 457/457/2589
f 402/402/2590 457/457/2591 403/403/2592
f 430/430/2593 484/484/2594 483/483/2595
f 430/430/2596 483/483/2597 429/429/2598
f 403/403/2599 457/457/2600 458/458/2601
f 403/403/2602 458/458/2603 404/404/2604
f 431/431/2605 485/485/2606 484/484/2607
f 431/431/2608 484/484/2609 430/430/2610
f 404/404/2611 458/458/2612 459/459/2613
f 404/404/2614 459/459/2615 405/405/2616
f 432/432/2617 486/486/2618 485/485/2619
f 432/432/2620 485/485/2621 431/431/2622
f 406/406/2623 460/460/2624 433/433/2625
f 406/406/2626 433/433/2627 379/379/2628
f 405/405/2629 459/459/2630 486/486/2631
f 405/405/2632 486/486/2633 432/432/2634
f 433/433/2635 487/487/2636 488/488/2637
f 433/433/2638 488/488/2639 434/434/2640
f 461/461/2641 515/515/2642 514/514/2643
f 461/461/2644 514/514/2645 460/460/2646
f 434/434/2647 488/488/2648 489/489/2649
f 434/434/2650 489/489/2651 435/435/2652
f 462/462/2653 516/516/2654 515/515/2655
f 462/462/2656 515/515/2657 461/461/2658
f 435/435/2659 489/489/2660 490/490/2661
f 435/435/2662 490/490/2663 436/436/2664
f 463/463/2665 517/517/2666 516/516/2667
f 463/463/2668 516/516/2669 462/462/2670
f 436/436/2671 490/490/2672 491/491/2673
f 436/436/2674 491/491/2675 437/437/2676
f 464/464/2677 518/518/2678 517/517/2679
f 464/464/2680 517/517/2681 463/463/2682
f 437/437/2683 491/491/2684 492/492/2685
f 437/437/2686 492/492/2687 438/438/2688
f 465/465/2689 519/519/2690 518/518/2691
f 465/465/2692 518/518/2693 464/464/2694
f 438/438/2695 492/492/2696 493/493/2697
f 438/438/2698 493/493/2699 439/439/2700
f 466/466/2701 520/520/2702 519/519/2703
f 466/466/2704 519/519/2705 465/465/2706
f 439/439/2707 493/493/2708 494/494/2709
f 439/439/2710 494/494/2711 440/440/2712
f 467/467/2713 521/521/2714 520/520/2715
f 467/467/2716 520/520/2717 466/466/2718
f 440/440/2719 494/494/2720 495/495/2721
f 440/440/2722 495/495/2723 441/441/2724
f 468/468/2725 522/522/2726 521/521/2727
f 468/468/2728 521/521/2729 467/467/2730
f 441/441/2731 495/495/2732 496/496/2733
f 441/441/2734 496/496/2735 442/442/2736
f 469/469/2737 523/523/2738 522/522/2739
f 469/469/2740 522/522/2741 468/468/2742
f 442/442/2743 496/496/2744 497/497/2745
f 442/442/2746 497/497/2747 443/443/2748
f 470/470/2749 524/524/2750 523/523/2751
f 470/470/2752 523/523/2753 469/469/2754
f 443/443/2755 497/497/2756 498/498/2757
f 443/443/2758 498/498/2759 444/444/2760
f 471/471/2761 525/525/2762 524/524/2763
f 471/471/2764 524/524/2765 470/470/2766
f 444/444/2767 498/498/2768 499/499/2769
f 444/444/2770 499/499/2771 445/445/2772
f 472/472/2773 526/526/2774 525/525/2775
f 472/472/2776 525/525/2777 471/471/2778
f 445/445/2779 499/499/2780 500/500/2781
f 445/445/2782 500/500/2783 446/446/2784
f 473/473/2785 527/527/2786 526/526/2787
f 473/473/2788 526/526/2789 472/472/2790
f 446/446/2791 500/500/2792 501/501/2793
f 446/446/2794 501/501/2795 447/447/2796
f 474/474/2797 528/528/2798 527/527/2799
f 474/474/2800 527/527/2801 473/473/2802
f 447/447/2803 501/501/2804 502/502/2805
f 447/447/2806 502/502/2807 448/448/2808
f 475/475/2809 529/529/2810 528/528/2811
f 475/475/2812 528/528/2813 474/474/2814
f 448/448/2815 502/502/2816 503/503/2817
f 448/448/2818 503/503/2819 449/449/2820
f 476/476/2821 530/530/2822 529/529/2823
f 476/476/2824 529/529/2825 475/475/2826
f 449/449/2827 503/503/2828 504/504/2829
f 449/449/2830 504/504/2831 450/450/2832
f 477/477/2833 531/531/2834 530/530/2835
f 477/477/2836 530/530/2837 476/476/2838
f 450/450/2839 504/504/2840 505/505/2841
f 450/450/2842 505/505/2843 451/451/2844
f 478/478/2845 532/532/2846 531/531/2847
f 478/478/2848 531/531/2849 477/477/2850
f 451/451/2851 505/505/2852 506/506/2853
f 451/451/2854 506/506/2855 452/452/2856
f 479/479/2857 533/533/2858 532/532/2859
f 479/479/2860 532/532/2861 478/478/2862
f 452/452/2863 506/506/2864 507/507/2865
f 452/452/2866 507/507/2867 453/453/2868
f 480/480/2869 534/534/2870 533/533/2871
f 480/480/2872 533/533/2873 479/479/2874
f 453/453/2875 507/507/2876 508/508/2877
f 453/453/2878 508/508/2879 454/454/2880
f 481/481/2881 535/535/2882 534/534/2883
f 481/481/2884 534/534/2885 480/480/2886
f 454/454/2887 508/508/2888 509/509/2889
f 454/454/2890 509/509/2891 455/455/2892
f 482/482/2893 536/536/2894 535/535/2895
f 482/482/2896 535/535/2897 481/481/2898
f 455/455/2899 509/509/2900 510/510/2901
f 455/455/2902 510/510/2903 456/456/2904
f 483/483/2905 537/537/2906 536/536/2907
f 483/483/2908 536/536/2909 482/482/2910
f 456/456/2911 510/510/2912 511/511/2913
f 456/456/2914 511/511/2915 457/457/2916
f 484/484/2917 538/538/2918 537/537/2919
f 484/484/2920 537/537/2921 483/483/2922
f 457/457/2923 511/511/2924 512/512/2925
f 457/457/2926 512/512/2927 458/458/2928
f 485/485/2929 539/539/2930 538/538/2931
f 485/485/2932 538/538/2933 484/484/2934
f 458/458/2935 512/512/2936 513/513/2937
f 458/458/2938 513/513/2939 459/459/2940
f 486/486/2941 540/540/2942 539/539/2943
f 486/486/2944 539/539/2945 485/485/2946
f 460/460/2947 514/514/2948 487/487/2949
f 460/460/2950 487/487/2951 433/433/2952
f 459/459/2953 513/513/2954 540/540/2955
f 459/459/2956 540/540/2957 486/486/2958
f 487/487/2959 541/541/2960 542/542/2961
f 487/487/2962 542/542/2963 488/488/2964
f 515/515/2965 569/569/2966 568/568/2967
f 515/515/2968 568/568/2969 514/514/2970
f 488/488/2971 542/542/2972 543/543/2973
f 488/488/2974 543/543/2975 489/489/2976
f 516/516/2977 570/570/2978 569/569/2979
f 516/516/2980 569/569/2981 515/515/2982
f 489/489/2983 543/543/2984 544/544/2985
f 489/489/2986 544/544/2987 490/490/2988
f 517/517/2989 571/571/2990 570/570/2991
f 517/517/2992 570/570/2993 516/516/2994
f 490/490/2995 544/544/2996 545/545/2997
f 490/490/2998 545/545/2999 491/491/3000
f 518/518/3001 572/572/3002 571/571/3003
f 518/518/3004 571/571/3005 517/517/3006
f 491/491/3007 545/545/3008 546/546/3009
f 491/491/3010 546/546/3011 492/492/3012
f 519/519/3013 573/573/3014 572/572/3015
f 519/519/3016 572/572/3017 518/518/3018
f 492/492/3019 546/546/3020 547/547/3021
f 492/492/3022 547/547/3023 493/493/3024
f 520/520/3025 574/574/3026 573/573/3027
f 520/520/3028 573/573/3029 519/519/3030
f 493/493/3031 547/547/3032 548/548/3033
f 493/493/3034 548/548/3035 494/494/3036
f 521/521/3037 575/575/3038 574/574/3039
f 521/521/3040 574/574/3041 520/520/3042
f 494/494/3043 548/548/3044 549/549/3045
f 494/494/3046 549/549/3047 495/495/3048
f 522/522/3049 576/576/3050 575/575/3051
f 522/522/3052 575/575/3053 521/521/3054
f 495/495/3055 549/549/3056 550/550/3057
f 495/495/3058 550/550/3059 496/496/3060
f 523/523/3061 577/577/3062 576/576/3063
f 523/523/3064 576/576/3065 522/522/3066
f 496/496/3067 550/550/3068 551/551/3069
f 496/496/3070 551/551/3071 497/497/3072
f 524/524/3073 578/578/3074 577/577/3075
f 524/524/3076 577/577/3077 523/523/3078
f 497/497/3079 551/551/3080 552/552/3081
f 497/497/3082 552/552/3083 498/498/3084
f 525/525/3085 579/579/3086 578/578/3087
f 525/525/3088 578/578/3089 524/524/3090
f 498/498/3091 552/552/3092 553/553/3093
f 498/498/3094 553/553/3095 499/499/3096
f 526/526/3097 580/580/3098 579/579/3099
f 526/526/3100 579/579/3101 525/525/3102
f 499/499/3103 553/553/3104 554/554/3105
f 499/499/3106 554/554/3107 500/500/3108
f 527/527/3109 581/581/3110 580/580/3111
f 527/527/3112 580/580/3113 526/526/3114
f 500/500/3115 554/554/3116 555/555/3117
f 500/500/3118 555/555/3119 501/501/3120
f 528/528/3121 582/582/3122 581/581/3123
f 528/528/3124 581/581/3125 527/527/3126
f 501/501/3127 555/555/3128 556/556/3129
f 501/501/3130 556/556/3131 502/502/3132
f 529/529/3133 583/583/3134 582/582/3135
f 529/529/3136 582/582/3137 528/528/3138
f 502/502/3139 556/556/3140 557/557/3141
f 502/502/3142 557/557/3143 503/503/3144
f 530/530/3145 584/584/3146 583/583/3147
f 530/530/3148 583/583/3149 529/529/3150
f 503/503/3151 557/557/3152 558/558/3153
f 503/503/3154 558/558/3155 504/504/3156
f 531/531/3157 585/585/3158 584/584/3159
f 531/531/3160 584/584/3161 530/530/3162
f 504/504/3163 558/558/3164 559/559/3165
f 504/504/3166 559/559/3167 505/505/3168
f 532/532/3169 586/586/3170 585/585/3171
f 532/532/3172 585/585/3173 531/531/3174
f 505/505/3175 559/559/3176 560/560/3177
f 505/505/3178 560/560/3179 506/506/3180
f 533/533/3181 587/587/3182 586/586/3183
f 533/533/3184 586/586/3185 532/532/3186
f 506/506/3187 560/560/3188 561/561/3189
f 506/506/3190 561/561/3191 507/507/3192
f 534/534/3193 588/588/3194 587/587/3195
f 534/534/3196 587/587/3197 533/533/3198
f 507/507/3199 561/561/3200 562/562/3201
f 507/507/3202 562/562/3203 508/508/3204
f 535/535/3205 589/589/3206 588/588/3207
f 535/535/3208 588/588/3209 534/534/3210
f 508/508/3211 562/562/3212 563/563/3213
f 508/508/3214 563/563/3215 509/509/3216
f 536/536/3217 590/590/3218 589/589/3219
f 536/536/3220 589/589/3221 535/535/3222
f 509/509/3223 563/563/3224 564/564/3225
f 509/509/3226 564/564/3227 510/510/3228
f 537/537/3229 591/591/3230 590/590/3231
f 537/537/3232 590/590/3233 536/536/3234
f 510/510/3235 564/564/3236 565/565/3237
f 510/510/3238 565/565/3239 511/511/3240
f 538/538/3241 592/592/3242 591/591/3243
f 538/538/3244 591/591/3245 537/537/3246
f 511/511/3247 565/565/3248 566/566/3249
f 511/511/3250 566/566/3251 512/512/3252
f 539/539/3253 593/593/3254 592/592/3255
f 539/539/3256 592/592/3257 538/538/3258
f 512/512/3259 566/566/3260 567/567/3261
f 512/512/3262 567/567/3263 513/513/3264
f 540/540/3265 594/594/3266 593/593/3267
f 540/540/3268 593/593/3269 539/539/3270
f 514/514/3271 568/568/3272 541/541/3273
f 514/514/3274 541/541/3275 487/487/3276
f 513/513/3277 567/567/3278 594/594/3279
f 513/513/3280 594/594/3281 540/540/3282
f 541/541/3283 595/595/3284 596/596/3285
f 541/541/3286 596/596/3287 542/542/3288
f 569/569/3289 623/623/3290 622/622/3291
f 569/569/3292 622/622/3293 568/568/3294
f 542/542/3295 596/596/3296 597/597/3297
f 542/542/3298 597/597/3299 543/543/3300
f 570/570/3301 624/624/3302 623/623/3303
f 570/570/3304 623/623/3305 569/569/3306
f 543/543/3307 597/597/3308 598/598/3309
f 543/543/3310 598/598/3311 544/544/3312
f 571/571/3313 625/625/3314 624/624/3315
f 571/571/3316 624/624/3317 570/570/3318
f 544/544/3319 598/598/3320 599/599/3321
f 544/544/3322 599/599/3323 545/545/3324
f 572/572/3325 626/626/3326 625/625/3327
f 572/572/3328 625/625/3329 571/571/3330
f 545/545/3331 599/599/3332 600/600/3333
f 545/545/3334 600/600/3335 546/546/3336
f 573/573/3337 627/627/3338 626/626/3339
f 573/573/3340 626/626/3341 572/572/3342
f 546/546/3343 600/600/3344 601/601/3345
f 546/546/3346 601/601/3347 547/547/3348
f 574/574/3349 628/628/3350 627/627/3351
f 574/574/3352 627/627/3353 573/573/3354
f 547/547/3355 601/601/3356 602/602/3357
f 547/547/3358 602/602/3359 548/548/3360
f 575/575/3361 629/629/3362 628/628/3363
f 575/575/3364 628/628/3365 574/574/3366
f 548/548/3367 602/602/3368 603/603/3369
f 548/548/3370 603/603/3371 549/549/3372
f 576/576/3373 630/630/3374 629/629/3375
f 576/576/3376 629/629/3377 575/575/3378
f 549/549/3379 603/603/3380 604/604/3381
f 549/549/3382 604/604/3383 550/550/3384
f 577/577/3385 631/631/3386 630/630/3387
f 577/577/3388 630/630/3389 576/576/3390
f 550/550/3391 604/604/3392 605/605/3393
f 550/550/3394 605/605/3395 551/551/3396
f 578/578/3397 632/632/3398 631/631/3399
f 578/578/3400 631/631/3401 577/577/3402
f 551/551/3403 605/605/3404 606/606/3405
f 551/551/3406 606/606/3407 552/552/3408
f 579/579/3409 633/633/3410 632/632/3411
f 579/579/3412 632/632/3413 578/578/3414
f 552/552/3415 606/606/3416 607/607/3417
f 552/552/3418 607/607/3419 553/553/3420
f 580/580/3421 634/634/3422 633/633/3423
f 580/580/3424 633/633/3425 579/579/3426
f 553/553/3427 607/607/3428 608/608/3429
f 553/553/3430 608/608/3431 554/554/3432
f 581/581/3433 635/635/3434 634/634/3435
f 581/581/3436 634/634/3437 580/580/3438
f 554/554/3439 608/608/3440 609/609/3441
f 554/554/3442 609/609/3443 555/555/3444
f 582/582/3445 636/636/3446 635/635/3447
f 582/582/3448 635/635/3449 581/581/3450
f 555/555/3451 609/609/3452 610/610/3453
f 555/555/3454 610/610/3455 556/556/3456
f 583/583/3457 637/637/3458 636/636/3459
f 583/583/3460 636/636/3461 582/582/3462
f 556/556/3463 610/610/3464 611/611/3465
f 556/556/3466 611/611/3467 557/557/3468
f 584/584/3469 638/638/3470 637/637/3471
f 584/584/3472 637/637/3473 583/583/3474
f 557/557/3475 611/611/3476 612/612/3477
f 557/557/3478 612/612/3479 558/558/3480
f 585/585/3481 639/639/3482 638/638/3483
f 585/585/3484 638/638/3485 584/584/3486
f 558/558/3487 612/612/3488 613/613/3489
f 558/558/3490 613/613/3491 559/559/3492
f 586/586/3493 640/640/3494 639/639/3495
f 586/586/3496 639/639/3497 585/585/3498
f 559/559/3499 613/613/3500 614/614/3501
f 559/559/3502 614/614/3503 560/560/3504
f 587/587/3505 641/641/3506 640/640/3507
f 587/587/3508 640/640/3509 586/586/3510
f 560/560/3511 614/614/3512 615/615/3513
f 560/560/3514 615/615/3515 561/561/3516
f 588/588/3517 642/642/3518 641/641/3519
f 588/588/3520 641/641/3521 587/587/3522
f 561/561/3523 615/615/3524 616/616/3525
f 561/561/3526 616/616/3527 562/562/3528
f 589/589/3529 643/643/3530 642/642/3531
f 589/589/3532 642/642/3533 588/588/3534
f 562/562/3535 616/616/3536 617/617/3537
f 562/562/3538 617/617/3539 563/563/3540
f 590/590/3541 644/644/3542 643/643/3543
f 590/590/3544 643/643/3545 589/589/3546
f 563/563/3547 617/617/3548 618/618/3549
f 563/563/3550 618/618/3551 564/564/3552
f 591/591/3553 645/645/3554 644/644/3555
f 591/591/3556 644/644/3557 590/590/3558
f 564/564/3559 618/618/3560 619/619/3561
f 564/564/3562 619/619/3563 565/565/3564
f 592/592/3565 646/646/3566 645/645/3567
f 592/592/3568 645/645/3569 591/591/3570
f 565/565/3571 619/619/3572 620/620/3573
f 565/565/3574 620/620/3575 566/566/3576
f 593/593/3577 647/647/3578 646/646/3579
f 593/593/3580 646/646/3581 592/592/3582
f 566/566/3583 620/620/3584 621/621/3585
f 566/566/3586 621/621/3587 567/567/3588
f 594/594/3589 648/648/3590 647/647/3591
f 594/594/3592 647/647/3593 593/593/3594
f 568/568/3595 622/622/3596 595/595/3597
f 568/568/3598 595/595/3599 541/541/3600
f 567/567/3601 621/621/3602 648/648/3603
f 567/567/3604 648/648/3605 594/594/3606
f 595/595/3607 649/649/3608 650/650/3609
f 595/595/3610 650/650/3611 596/596/3612
f 623/623/3613 677/677/3614 676/676/3615
f 623/623/3616 676/676/3617 622/622/3618
f 596/596/3619 650/650/3620 651/651/3621
f 596/596/3622 651/651/3623 597/597/3624
f 624/624/3625 678/678/3626 677/677/3627
f 624/624/3628 677/677/3629 623/623/3630
f 597/597/3631 651/651/3632 652/652/3633
f 597/597/3634 652/652/3635 598/598/3636
f 625/625/3637 679/679/3638 678/678/3639
f 625/625/3640 678/678/3641 624/624/3642
f 598/598/3643 652/652/3644 653/653/3645
f 598/598/3646 653/653/3647 599/599/3648
f 626/626/3649 680/680/3650 679/679/3651
f 626/626/3652 679/679/3653 625/625/3654
f 599/599/3655 653/653/3656 654/654/3657
f 599/599/3658 654/654/3659 600/600/3660
f 627/627/3661 681/681/3662 680/680/3663
f 627/627/3664 680/680/3665 626/626/3666
f 600/600/3667 654/654/3668 655/655/3669
f 600/600/3670 655/655/3671 601/601/3672
f 628/628/3673 682/682/3674 681/681/3675
f 628/628/3676 681/681/3677 627/627/3678
f 601/601/3679 655/655/3680 656/656/3681
f 601/601/3682 656/656/3683 602/602/3684
f 629/629/3685 683/683/3686 682/682/3687
f 629/629/3688 682/682/3689 628/628/3690
f 602/602/3691 656/656/3692 657/657/3693
f 602/602/3694 657/657/3695 603/603/3696
f 630/630/3697 684/684/3698 683/683/3699
f 630/630/3700 683/683/3701 629/629/3702
f 603/603/3703 657/657/3704 658/658/3705
f 603/603/3706 658/658/3707 604/604/3708
f 631/631/3709 685/685/3710 684/684/3711
f 631/631/3712 684/684/3713 630/630/3714
f 604/604/3715 658/658/3716 659/659/3717
f 604/604/3718 659/659/3719 605/605/3720
f 632/632/3721 686/686/3722 685/685/3723
f 632/632/3724 685/685/3725 631/631/3726
f 605/605/3727 659/659/3728 660/660/3729
f 605/605/3730 660/660/3731 606/606/3732
f 633/633/3733 687/687/3734 686/686/3735
f 633/633/3736 686/686/3737 632/632/3738
f 606/606/3739 660/660/3740 661/661/3741
f 606/606/3742 661/661/3743 607/607/3744
f 634/634/3745 688/688/3746 687/687/3747
f 634/634/3748 687/687/3749 633/633/3750
f 607/607/3751 661/661/3752 662/662/3753
f 607/607/3754 662/662/3755 608/608/3756
f 635/635/3757 689/689/3758 688/688/3759
f 635/635/3760 688/688/3761 634/634/3762
f 608/608/3763 662/662/3764 663/663/3765
f 608/608/3766 663/663/3767 609/609/3768
f 636/636/3769 690/690/3770 689/689/3771
f 636/636/3772 689/689/3773 635/635/3774
f 609/609/3775 663/663/3776 664/664/3777
f 609/609/3778 664/664/3779 610/610/3780
f 637/637/3781 691/691/3782 690/690/3783
f 637/637/3784 690/690/3785 636/636/3786
f 610/610/3787 664/664/3788 665/665/3789
f 610/610/3790 665/665/3791 611/611/3792
f 638/638/3793 692/692/3794 691/691/3795
f 638/638/3796 691/691/3797 637/637/3798
f 611/611/3799 665/665/3800 666/666/3801
f 611/611/3802 666/666/3803 612/612/3804
f 639/639/3805 693/693/3806 692/692/3807
f 639/639/3808 692/692/3809 638/638/3810
f 612/612/3811 666/666/3812 667/667/3813
f 612/612/3814 667/667/3815 613/613/3816
f 640/640/3817 694/694/3818 693/693/3819
f 640/640/3820 693/693/3821 639/639/3822
f 613/613/3823 667/667/3824 668/668/3825
f 613/613/3826 668/668/3827 614/614/3828
f 641/641/3829 695/695/3830 694/694/3831
f 641/641/3832 694/694/3833 640/640/3834
f 614/614/3835 668/668/3836 669/669/3837
f 614/614/3838 669/669/3839 615/615/3840
f 642/642/3841 696/696/3842 695/695/3843
f 642/642/3844 695/695/3845 641/641/3846
f 615/615/3847 669/669/3848 670/670/3849
f 615/615/3850 670/670/3851 616/616/3852
f 643/643/3853 697/697/3854 696/696/3855
f 643/643/3856 696/696/3857 642/642/3858
f 616/616/3859 670/670/3860 671/671/3861
f 616/616/3862 671/671/3863 617/617/3864
f 644/644/3865 698/698/3866 697/697/3867
f 644/644/3868 697/697/3869 643/643/3870
f 617/617/3871 671/671/3872 672/672/3873
f 617/617/3874 672/672/3875 618/618/3876
f 645/645/3877 699/699/3878 698/698/3879
f 645/645/3880 698/698/3881 644/644/3882
f 618/618/3883 672/672/3884 673/673/3885
f 618/618/3886 673/673/3887 619/619/3888
f 646/646/3889 700/700/3890 699/699/3891
f 646/646/3892 699/699/3893 645/645/3894
f 619/619/3895 673/673/3896 674/674/3897
f 619/619/3898 674/674/3899 620/620/3900
f 647/647/3901 701/701/3902 700/700/3903
f 647/647/3904 700/700/3905 646/646/3906
f 620/620/3907 674/674/3908 675/675/3909
f 620/620/3910 675/675/3911 621/621/3912
f 648/648/3913 702/702/3914 701/701/3915
f 648/648/3916 701/701/3917 647/647/3918
f 622/622/3919 676/676/3920 649/649/3921
f 622/622/3922 649/649/3923 595/595/3924
f 621/621/3925 675/675/3926 702/702/3927
f 621/621/3928 702/702/3929 648/648/3930
f 649/649/3931 703/703/3932 704/704/3933
f 649/649/3934 704/704/3935 650/650/3936
f 677/677/3937 731/731/3938 730/730/3939
f 677/677/3940 730/730/3941 676/676/3942
f 650/650/3943 704/704/3944 705/705/3945
f 650/650/3946 705/705/3947 651/651/3948
f 678/678/3949 732/732/3950 731/731/3951
f 678/678/3952 731/731/3953 677/677/3954
f 651/651/3955 705/705/3956 706/706/3957
f 651/651/3958 706/706/3959 652/652/3960
f 679/679/3961 733/733/3962 732/732/3963
f 679/679/3964 732/732/3965 678/678/3966
f 652/652/3967 706/706/3968 707/707/3969
f 652/652/3970 707/707/3971 653/653/3972
f 680/680/3973 734/734/3974 733/733/3975
f 680/680/3976 733/733/3977 679/679/3978
f 653/653/3979 707/707/3980 708/708/3981
f 653/653/3982 708/708/3983 654/654/3984
f 681/681/3985 735/735/3986 734/734/3987
f 681/681/3988 734/734/3989 680/680/3990
f 654/654/3991 708/708/3992 709/709/3993
f 654/654/3994 709/709/3995 655/655/3996
f 682/682/3997 736/736/3998 735/735/3999
f 682/682/4000 735/735/4001 681/681/4002
f 655/655/4003 709/709/4004 710/710/4005
f 655/655/4006 710/710/4007 656/656/4008
f 683/683/4009 737/737/4010 736/736/4011
f 683/683/4012 736/736/4013 682/682/4014
f 656/656/4015 710/710/4016 711/711/4017
f 656/656/4018 711/711/4019 657/657/4020
f 684/684/4021 738/738/4022 737/737/4023
f 684/684/4024 737/737/4025 683/683/4026
f 657/657/4027 711/711/4028 712/712/4029
f 657/657/4030 712/712/4031 658/658/4032
f 685/685/4033 739/739/4034 738/738/4035
f 685/685/4036 738/738/4037 684/684/4038
f 658/658/4039 712/712/4040 713/713/4041
f 658/658/4042 713/713/4043 659/659/4044
f 686/686/4045 740/740/4046 739/739/4047
f 686/686/4048 739/739/4049 685/685/4050
f 659/659/4051 713/713/4052 714/714/4053
f 659/659/4054 714/714/4055 660/660/4056
f 687/687/4057 741/741/4058 740/740/4059
f 687/687/4060 740/740/4061 686/686/4062
f 660/660/4063 714/714/4064 715/715/4065
f 660/660/4066 715/715/4067 661/661/4068
f 688/688/4069 742/742/4070 741/741/4071
f 688/688/4072 741/741/4073 687/687/4074
f 661/661/4075 715/715/4076 716/716/4077
f 661/661/4078 716/716/4079 662/662/4080
f 689/689/4081 743/743/4082 742/742/4083
f 689/689/4084 742/742/4085 688/688/4086
f 662/662/4087 716/716/4088 717/717/4089
f 662/662/4090 717/717/4091 663/663/4092
f 690/690/4093 744/744/4094 743/743/4095
f 690/690/4096 743/743/4097 689/689/4098
f 663/663/4099 717/717/4100 718/718/4101
f 663/663/4102 718/718/4103 664/664/4104
f 691/691/4105 745/745/4106 744/744/4107
f 691/691/4108 744/744/4109 690/690/4110
f 664/664/4111 718/718/4112 719/719/4113
f 664/664/4114 719/719/4115 665/665/4116
f 692/692/4117 746/746/4118 745/745/4119
f 692/692/4120 745/745/4121 691/691/4122
f 665/665/4123 719/719/4124 720/720/4125
f 665/665/4126 720/720/4127 666/666/4128
f 693/693/4129 747/747/4130 746/746/4131
f 693/693/4132 746/746/4133 692/692/4134
f 666/666/4135 720/720/4136 721/721/4137
f 666/666/4138 721/721/4139 667/667/4140
f 694/694/4141 748/748/4142 747/747/4143
f 694/694/4144 747/747/4145 693/693/4146
f 667/667/4147 721/721/4148 722/722/4149
f 667/667/4150 722/722/4151 668/668/4152
f 695/695/4153 749/749/4154 748/748/4155
f 695/695/4156 748/748/4157 694/694/4158
f 668/668/4159 722/722/4160 723/723/4161
f 668/668/4162 723/723/4163 669/669/4164
f 696/696/4165 750/750/4166 749/749/4167
f 696/696/4168 749/749/4169 695/695/4170
f 669/669/4171 723/723/4172 724/724/4173
f 669/669/4174 724/724/4175 670/670/4176
f 697/697/4177 751/751/4178 750/750/4179
f 697/697/4180 750/750/4181 696/696/4182
f 670/670/4183 724/724/4184 725/725/4185
f 670/670/4186 725/725/4187 671/671/4188
f 698/698/4189 752/752/4190 751/751/4191
f 698/698/4192 751/751/4193 697/697/4194
f 671/671/4195 725/725/4196 726/726/4197
f 671/671/4198 726/726/4199 672/672/4200
f 699/699/4201 753/753/4202 752/752/4203
f 699/699/4204 752/752/4205 698/698/4206
f 672/672/4207 726/726/4208 727/727/4209
f 672/672/4210 727/727/4211 673/673/4212
f 700/700/4213 754/754/4214 753/753/4215
f 700/700/4216 753/753/4217 699/699/4218
f 673/673/4219 727/727/4220 728/728/4221
f 673/673/4222 728/728/4223 674/674/4224
f 701/701/4225 755/755/4226 754/754/4227
f 701/701/4228 754/754/4229 700/700/4230
f 674/674/4231 728/728/4232 729/729/4233
f 674/674/4234 729/729/4235 675/675/4236
f 702/702/4237 756/756/4238 755/755/4239
f 702/702/4240 755/755/4241 701/701/4242
f 676/676/4243 730/730/4244 703/703/4245
f 676/676/4246 703/703/4247 649/649/4248
f 675/675/4249 729/729/4250 756/756/4251
f 675/675/4252 756/756/4253 702/702/4254
f 703/703/4255 757/757/4256 758/758/4257
f 703/703/4258 758/758/4259 704/704/4260
f 731/731/4261 785/785/4262 784/784/4263
f 731/731/4264 784/784/4265 730/730/4266
f 704/704/4267 758/758/4268 759/759/4269
f 704/704/4270 759/759/4271 705/705/4272
f 732/732/4273 786/786/4274 785/785/4275
f 732/732/4276 785/785/4277 731/731/4278
f 705/705/4279 759/759/4280 760/760/4281
f 705/705/4282 760/760/4283 706/706/4284
f 733/733/4285 787/787/4286 786/786/4287
f 733/733/4288 786/786/4289 732/732/4290
f 706/706/4291 760/760/4292 761/761/4293
f 706/706/4294 761/761/4295 707/707/4296
f 734/734/4297 788/788/4298 787/787/4299
f 734/734/4300 787/787/4301 733/733/4302
f 707/707/4303 761/761/4304 762/762/4305
f 707/707/4306 762/762/4307 708/708/4308
f 735/735/4309 789/789/4310 788/788/4311
f 735/735/4312 788/788/4313 734/734/4314
f 708/708/4315 762/762/4316 763/763/4317
f 708/708/4318 763/763/4319 709/709/4320
f 736/736/4321 790/790/4322 789/789/4323
f 736/736/4324 789/789/4325 735/735/4326
f 709/709/4327 763/763/4328 764/764/4329
f 709/709/4330 764/764/4331 710/710/4332
f 737/737/4333 791/791/4334 790/790/4335
f 737/737/4336 790/790/4337 736/736/4338
f 710/710/4339 764/764/4340 765/765/4341
f 710/710/4342 765/765/4343 711/711/4344
f 738/738/4345 792/792/4346 791/791/4347
f 738/738/4348 791/791/4349 737/737/4350
f 711/711/4351 765/765/4352 766/766/4353
f 711/711/4354 766/766/4355 712/712/4356
f 739/739/4357 793/793/4358 792/792/4359
f 739/739/4360 792/792/4361 738/738/4362
f 712/712/4363 766/766/4364 767/767/4365
f 712/712/4366 767/767/4367 713/713/4368
f 740/740/4369 794/794/4370 793/793/4371
f 740/740/4372 793/793/4373 739/739/4374
f 713/713/4375 767/767/4376 768/768/4377
f 713/713/4378 768/768/4379 714/714/4380
f 741/741/4381 795/795/4382 794/794/4383
f 741/741/4384 794/794/4385 740/740/4386
f 714/714/4387 768/768/4388 769/769/4389
f 714/714/4390 769/769/4391 715/715/4392
f 742/742/4393 796/796/4394 795/795/4395
f 742/742/4396 795/795/4397 741/741/4398
f 715/715/4399 769/769/4400 770/770/4401
f 715/715/4402 770/770/4403 716/716/4404
f 743/743/4405 797/797/4406 796/796/4407
f 743/743/4408 796/796/4409 742/742/4410
f 716/716/4411 770/770/4412 771/771/4413
f 716/716/4414 771/771/4415 717/717/4416
f 744/744/4417 798/798/4418 797/797/4419
f 744/744/4420 797/797/4421 743/743/4422
f 717/717/4423 771/771/4424 772/772/4425
f 717/717/4426 772/772/4427 718/718/4428
f 745/745/4429 799/799/4430 798/798/4431
f 745/745/4432 798/798/4433 744/744/4434
f 718/718/4435 772/772/4436 773/773/4437
f 718/718/4438 773/773/4439 719/719/4440
f 746/746/4441 800/800/4442 799/799/4443
f 746/746/4444 799/799/4445 745/745/4446
f 719/719/4447 773/773/4448 774/774/4449
f 719/719/4450 774/774/4451 720/720/4452
f 747/747/4453 801/801/4454 800/800/4455
f 747/747/4456 800/800/4457 746/746/4458
f 720/720/4459 774/774/4460 775/775/4461
f 720/720/4462 775/775/4463 721/721/4464
f 748/748/4465 802/802/4466 801/801/4467
f 748/748/4468 801/801/4469 747/747/4470
f 721/721/4471 775/775/4472 776/776/4473
f 721/721/4474 776/776/4475 722/722/4476
f 749/749/4477 803/803/4478 802/802/4479
f 749/749/4480 802/802/4481 748/748/4482
f 722/722/4483 776/776/4484 777/777/4485
f 722/722/4486 777/777/4487 723/723/4488
f 750/750/4489 804/804/4490 803/803/4491
f 750/750/4492 803/803/4493 749/749/4494
f 723/723/4495 777/777/4496 778/778/4497
f 723/723/4498 778/778/4499 724/724/4500
f 751/751/4501 805/805/4502 804/804/4503
f 751/751/4504 804/804/4505 750/750/4506
f 724/724/4507 778/778/4508 779/779/4509
f 724/724/4510 779/779/4511 725/725/4512
f 752/752/4513 806/806/4514 805/805/4515
f 752/752/4516 805/805/4517 751/751/4518
f 725/725/4519 779/779/4520 780/780/4521
f 725/725/4522 780/780/4523 726/726/4524
f 753/753/4525 807/807/4526 806/806/4527
f 753/753/4528 806/806/4529 752/752/4530
f 726/726/4531 780/780/4532 781/781/4533
f 726/726/4534 781/781/4535 727/727/4536
f 754/754/4537 808/808/4538 807/807/4539
f 754/754/4540 807/807/4541 753/753/4542
f 727/727/4543 781/781/4544 782/782/4545
f 727/727/4546 782/782/4547 728/728/4548
f 755/755/4549 809/809/4550 808/808/4551
f 755/755/4552 808/808/4553 754/754/4554
f 728/728/4555 782/782/4556 783/783/4557
f 728/728/4558 783/783/4559 729/729/4560
f 756/756/4561 810/810/4562 809/809/4563
f 756/756/4564 809/809/4565 755/755/4566
f 730/730/4567 784/784/4568 757/757/4569
f 730/730/4570 757/757/4571 703/703/4572
f 729/729/4573 783/783/4574 810/810/4575
f 729/729/4576 810/810/4577 756/756/4578
f 757/757/4579 811/811/4580 812/812/4581
f 757/757/4582 812/812/4583 758/758/4584
f 785/785/4585 839/839/4586 838/838/4587
f 785/785/4588 838/838/4589 784/784/4590
f 758/758/4591 812/812/4592 813/813/4593
f 758/758/4594 813/813/4595 759/759/4596
f 786/786/4597 840/840/4598 839/839/4599
f 786/786/4600 839/839/4601 785/785/4602
f 759/759/4603 813/813/4604 814/814/4605
f 759/759/4606 814/814/4607 760/760/4608
f 787/787/4609 841/841/4610 840/840/4611
f 787/787/4612 840/840/4613 786/786/4614
f 760/760/4615 814/814/4616 815/815/4617
f 760/760/4618 815/815/4619 761/761/4620
f 788/788/4621 842/842/4622 841/841/4623
f 788/788/4624 841/841/4625 787/787/4626
f 761/761/4627 815/815/4628 816/816/4629
f 761/761/4630 816/816/4631 762/762/4632
f 789/789/4633 843/843/4634 842/842/4635
f 789/789/4636 842/842/4637 788/788/4638
f 762/762/4639 816/816/4640 817/817/4641
f 762/762/4642 817/817/4643 763/763/4644
f 790/790/4645 844/844/4646 843/843/4647
f 790/790/4648 843/843/4649 789/789/4650
f 763/763/4651 817/817/4652 818/818/4653
f 763/763/4654 818/818/4655 764/764/4656
f 791/791/4657 845/845/4658 844/844/4659
f 791/791/4660 844/844/4661 790/790/4662
f 764/764/4663 818/818/4664 819/819/4665
f 764/764/4666 819/819/4667 765/765/4668
f 792/792/4669 846/846/4670 845/845/4671
f 792/792/4672 845/845/4673 791/791/4674
f 765/765/4675 819/819/4676 820/820/4677
f 765/765/4678 820/820/4679 766/766/4680
f 793/793/4681 847/847/4682 846/846/4683
f 793/793/4684 846/846/4685 792/792/4686
f 766/766/4687 820/820/4688 821/821/4689
f 766/766/4690 821/821/4691 767/767/4692
f 794/794/4693 848/848/4694 847/847/4695
f 794/794/4696 847/847/4697 793/793/4698
f 767/767/4699 821/821/4700 822/822/4701
f 767/767/4702 822/822/4703 768/768/4704
f 795/795/4705 849/849/4706 848/848/4707
f 795/795/4708 848/848/4709 794/794/4710
f 768/768/4711 822/822/4712 823/823/4713
f 768/768/4714 823/823/4715 769/769/4716
f 796/796/4717 850/850/4718 849/849/4719
f 796/796/4720 849/849/4721 795/795/4722
f 769/769/4723 823/823/4724 824/824/4725
f 769/769/4726 824/824/4727 770/770/4728
f 797/797/4729 851/851/4730 850/850/4731
f 797/797/4732 850/850/4733 796/796/4734
f 770/770/4735 824/824/4736 825/825/4737
f 770/770/4738 825/825/4739 771/771/4740
f 798/798/4741 852/852/4742 851/851/4743
f 798/798/4744 851/851/4745 797/797/4746
f 771/771/4747 825/825/4748 826/826/4749
f 771/771/4750 826/826/4751 772/772/4752
f 799/799/4753 853/853/4754 852/852/4755
f 799/799/4756 852/852/4757 798/798/4758
f 772/772/4759 826/826/4760 827/827/4761
f 772/772/4762 827/827/4763 773/773/4764
f 800/800/4765 854/854/4766 853/853/4767
f 800/800/4768 853/853/4769 799/799/4770
f 773/773/4771 827/827/4772 828/828/4773
f 773/773/4774 828/828/4775 774/774/4776
f 801/801/4777 855/855/4778 854/854/4779
f 801/801/4780 854/854/4781 800/800/4782
f 774/774/4783 828/828/4784 829/829/4785
f 774/774/4786 829/829/4787 775/775/4788
f 802/802/4789 856/856/4790 855/855/4791
f 802/802/4792 855/855/4793 801/801/4794
f 775/775/4795 829/829/4796 830/830/4797
f 775/775/4798 830/830/4799 776/776/4800
f 803/803/4801 857/857/4802 856/856/4803
f 803/803/4804 856/856/4805 802/802/4806
f 776/776/4807 830/830/4808 831/831/4809
f 776/776/4810 831/831/4811 777/777/4812
f 804/804/4813 858/858/4814 857/857/4815
f 804/804/4816 857/857/4817 803/803/4818
f 777/777/4819 831/831/4820 832/832/4821
f 777/777/4822 832/832/4823 778/778/4824
f 805/805/4825 859/859/4826 858/858/4827
f 805/805/4828 858/858/4829 804/804/4830
f 778/778/4831 832/832/4832 833/833/4833
f 778/778/4834 833/833/4835 779/779/4836
f 806/806/4837 860/860/4838 859/859/4839
f 806/806/4840 859/859/4841 805/805/4842
f 779/779/4843 833/833/4844 834/834/4845
f 779/779/4846 834/834/4847 780/780/4848
f 807/807/4849 861/861/4850 860/860/4851
f 807/807/4852 860/860/4853 806/806/4854
f 780/780/4855 834/834/4856 835/835/4857
f 780/780/4858 835/835/4859 781/781/4860
f 808/808/4861 862/862/4862 861/861/4863
f 808/808/4864 861/861/4865 807/807/4866
f 781/781/4867 835/835/4868 836/836/4869
f 781/781/4870 836/836/4871 782/782/4872
f 809/809/4873 863/863/4874 862/862/4875
f 809/809/4876 862/862/4877 808/808/4878
f 782/782/4879 836/836/4880 837/837/4881
f 782/782/4882 837/837/4883 783/783/4884
f 810/810/4885 864/864/4886 863/863/4887
f 810/810/4888 863/863/4889 809/809/4890
f 784/784/4891 838/838/4892 811/811/4893
f 784/784/4894 811/811/4895 757/757/4896
f 783/783/4897 837/837/4898 864/864/4899
f 783/783/4900 864/864/4901 810/810/4902
f 811/811/4903 865/865/4904 866/866/4905
f 811/811/4906 866/866/4907 812/812/4908
f 839/839/4909 893/893/4910 892/892/4911
f 839/839/4912 892/892/4913 838/838/4914
f 812/812/4915 866/866/4916 867/867/4917
f 812/812/4918 867/867/4919 813/813/4920
f 840/840/4921 894/894/4922 893/893/4923
f 840/840/4924 893/893/4925 839/839/4926
f 813/813/4927 867/867/4928 868/868/4929
f 813/813/4930 868/868/4931 814/814/4932
f 841/841/4933 895/895/4934 894/894/4935
f 841/841/4936 894/894/4937 840/840/4938
f 814/814/4939 868/868/4940 869/869/4941
f 814/814/4942 869/869/4943 815/815/4944
f 842/842/4945 896/896/4946 895/895/4947
f 842/842/4948 895/895/4949 841/841/4950
f 815/815/4951 869/869/4952 870/870/4953
f 815/815/4954 870/870/4955 816/816/4956
f 843/843/4957 897/897/4958 896/896/4959
f 843/843/4960 896/896/4961 842/842/4962
f 816/816/4963 870/870/4964 871/871/4965
f 816/816/4966 871/871/4967 817/817/4968
f 844/844/4969 898/898/4970 897/897/4971
f 844/844/4972 897/897/4973 843/843/4974
f 817/817/4975 871/871/4976 872/872/4977
f 817/817/4978 872/872/4979 818/818/4980
f 845/845/4981 899/899/4982 898/898/4983
f 845/845/4984 898/898/4985 844/844/4986
f 818/818/4987 872/872/4988 873/873/4989
f 818/818/4990 873/873/4991 819/819/4992
f 846/846/4993 900/900/4994 899/899/4995
f 846/846/4996 899/899/4997 845/845/4998
f 819/819/4999 873/873/5000 874/874/5001
f 819/819/5002 874/874/5003 820/820/5004
f 847/847/5005 901/901/5006 900/900/5007
f 847/847/5008 900/900/5009 846/846/5010
f 820/820/5011 874/874/5012 875/875/5013
f 820/820/5014 875/875/5015 821/821/5016
f 848/848/5017 902/902/5018 901/901/5019
f 848/848/5020 901/901/5021 847/847/5022
f 821/821/5023 875/875/5024 876/876/5025
f 821/821/5026 876/876/5027 822/822/5028
f 849/849/5029 903/903/5030 902/902/5031
f 849/849/5032 902/902/5033 848/848/5034
f 822/822/5035 876/876/5036 877/877/5037
f 822/822/5038 877/877/5039 823/823/5040
f 850/850/5041 904/904/5042 903/903/5043
f 850/850/5044 903/903/5045 849/849/5046
f 823/823/5047 877/877/5048 878/878/5049
f 823/823/5050 878/878/5051 824/824/5052
f 851/851/5053 905/905/5054 904/904/5055
f 851/851/5056 904/904/5057 850/850/5058
f 824/824/5059 878/878/5060 879/879/5061
f 824/824/5062 879/879/5063 825/825/5064
f 852/852/5065 906/906/5066 905/905/5067
f 852/852/5068 905/905/5069 851/851/5070
f 825/825/5071 879/879/5072 880/880/5073
f 825/825/5074 880/880/5075 826/826/5076
f 853/853/5077 907/907/5078 906/906/5079
f 853/853/5080 906/906/5081 852/852/5082
f 826/826/5083 880/880/5084 881/881/5085
f 826/826/5086 881/881/5087 827/827/5088
f 854/854/5089 908/908/5090 907/907/5091
f 854/854/5092 907/907/5093 853/853/5094
f 827/827/5095 881/881/5096 882/882/5097
f 827/827/5098 882/882/5099 828/828/5100
f 855/855/5101 909/909/5102 908/908/5103
f 855/855/5104 908/908/5105 854/854/5106
f 828/828/5107 882/882/5108 883/883/5109
f 828/828/5110 883/883/5111 829/829/5112
f 856/856/5113 910/910/5114 909/909/5115
f 856/856/5116 909/909/5117 855/855/5118
f 829/829/5119 883/883/5120 884/884/5121
f 829/829/5122 884/884/5123 830/830/5124
f 857/857/5125 911/911/5126 910/910/5127
f 857/857/5128 910/910/5129 856/856/5130
f 830/830/5131 884/884/5132 885/885/5133
f 830/830/5134 885/885/5135 831/831/5136
f 858/858/5137 912/912/5138 911/911/5139
f 858/858/5140 911/911/5141 857/857/5142
f 831/831/5143 885/885/5144 886/886/5145
f 831/831/5146 886/886/5147 832/832/5148
f 859/859/5149 913/913/5150 912/912/5151
f 859/859/5152 912/912/5153 858/858/5154
f 832/832/5155 886/886/5156 887/887/5157
f 832/832/5158 887/887/5159 833/833/5160
f 860/860/5161 914/914/5162 913/913/5163
f 860/860/5164 913/913/5165 859/859/5166
f 833/833/5167 887/887/5168 888/888/5169
f 833/833/5170 888/888/5171 834/834/5172
f 861/861/5173 915/915/5174 914/914/5175
f 861/861/5176 914/914/5177 860/860/5178
f 834/834/5179 888/888/5180 889/889/5181
f 834/834/5182 889/889/5183 835/835/5184
f 862/862/5185 916/916/5186 915/915/5187
f 862/862/5188 915/915/5189 861/861/5190
f 835/835/5191 889/889/5192 890/890/5193
f 835/835/5194 890/890/5195 836/836/5196
f 863/863/5197 917/917/5198 916/916/5199
f 863/863/5200 916/916/5201 862/862/5202
f 836/836/5203 890/890/5204 891/891/5205
f 836/836/5206 891/891/5207 837/837/5208
f 864/864/5209 918/918/5210 917/917/5211
f 864/864/5212 917/917/5213 863/863/5214
f 838/838/5215 892/892/5216 865/865/5217
f 838/838/5218 865/865/5219 811/811/5220
f 837/837/5221 891/891/5222 918/918/5223
f 837/837/5224 918/918/5225 864/864/5226
f 865/865/5227 919/919/5228 920/920/5229
f 865/865/5230 920/920/5231 866/866/5232
f 893/893/5233 947/947/5234 946/946/5235
f 893/893/5236 946/946/5237 892/892/5238
f 866/866/5239 920/920/5240 921/921/5241
f 866/866/5242 921/921/5243 867/867/5244
f 894/894/5245 948/948/5246 947/947/5247
f 894/894/5248 947/947/5249 893/893/5250
f 867/867/5251 921/921/5252 922/922/5253
f 867/867/5254 922/922/5255 868/868/5256
f 895/895/5257 949/949/5258 948/948/5259
f 895/895/5260 948/948/5261 894/894/5262
f 868/868/5263 922/922/5264 923/923/5265
f 868/868/5266 923/923/5267 869/869/5268
f 896/896/5269 950/950/5270 949/949/5271
f 896/896/5272 949/949/5273 895/895/5274
f 869/869/5275 923/923/5276 924/924/5277
f 869/869/5278 924/924/5279 870/870/5280
f 897/897/5281 951/951/5282 950/950/5283
f 897/897/5284 950/950/5285 896/896/5286
f 870/870/5287 924/924/5288 925/925/5289
f 870/870/5290 925/925/5291 871/871/5292
f 898/898/5293 952/952/5294 951/951/5295
f 898/898/5296 951/951/5297 897/897/5298
f 871/871/5299 925/925/5300 926/926/5301
f 871/871/5302 926/926/5303 872/872/5304
f 899/899/5305 953/953/5306 952/952/5307
f 899/899/5308 952/952/5309 898/898/5310
f 872/872/5311 926/926/5312 927/927/5313
f 872/872/5314 927/927/5315 873/873/5316
f 900/900/5317 954/954/5318 953/953/5319
f 900/900/5320 953/953/5321 899/899/5322
f 873/873/5323 927/927/5324 928/928/5325
f 873/873/5326 928/928/5327 874/874/5328
f 901/901/5329 955/955/5330 954/954/5331
f 901/901/5332 954/954/5333 900/900/5334
f 874/874/5335 928/928/5336 929/929/5337
f 874/874/5338 929/929/5339 875/875/5340
f 902/902/5341 956/956/5342 955/955/5343
f 902/902/5344 955/955/5345 901/901/5346
f 875/875/5347 929/929/5348 930/930/5349
f 875/875/5350 930/930/5351 876/876/5352
f 903/903/5353 957/957/5354 956/956/5355
f 903/903/5356 956/956/5357 902/902/5358
f 876/876/5359 930/930/5360 931/931/5361
f 876/876/5362 931/931/5363 877/877/5364
f 904/904/5365 958/958/5366 957/957/5367
f 904/904/5368 957/957/5369 903/903/5370
f 877/877/5371 931/931/5372 932/932/5373
f 877/877/5374 932/932/5375 878/878/5376
f 905/905/5377 959/959/5378 958/958/5379
f 905/905/5380 958/958/5381 904/904/5382
f 878/878/5383 932/932/5384 933/933/5385
f 878/878/5386 933/933/5387 879/879/5388
f 906/906/5389 960/960/5390 959/959/5391
f 906/906/5392 959/959/5393 905/905/5394
f 879/879/5395 933/933/5396 934/934/5397
f 879/879/5398 934/934/5399 880/880/5400
f 907/907/5401 961/961/5402 960/960/5403
f 907/907/5404 960/960/5405 906/906/5406
f 880/880/5407 934/934/5408 935/935/5409
f 880/880/5410 935/935/5411 881/881/5412
f 908/908/5413 962/962/5414 961/961/5415
f 908/908/5416 961/961/5417 907/907/5418
f 881/881/5419 935/935/5420 936/936/5421
f 881/881/5422 936/936/5423 882/882/5424
f 909/909/5425 963/963/5426 962/962/5427
f 909/909/5428 962/962/5429 908/908/5430
f 882/882/5431 936/936/5432 937/937/5433
f 882/882/5434 937/937/5435 883/883/5436
f 910/910/5437 964/964/5438 963/963/5439
f 910/910/5440 963/963/5441 909/909/5442
f 883/883/5443 937/937/5444 938/938/5445
f 883/883/5446 938/938/5447 884/884/5448
f 911/911/5449 965/965/5450 964/964/5451
f 911/911/5452 964/964/5453 910/910/5454
f 884/884/5455 938/938/5456 939/939/5457
f 884/884/5458 939/939/5459 885/885/5460
f 912/912/5461 966/966/5462 965/965/5463
f 912/912/5464 965/965/5465 911/911/5466
f 885/885/5467 939/939/5468 940/940/5469
f 885/885/5470 940/940/5471 886/886/5472
f 913/913/5473 967/967/5474 966/966/5475
f 913/913/5476 966/966/5477 912/912/5478
f 886/886/5479 940/940/5480 941/941/5481
f 886/886/5482 941/941/5483 887/887/5484
f 914/914/5485 968/968/5486 967/967/5487
f 914/914/5488 967/967/5489 913/913/5490
f 887/887/5491 941/941/5492 942/942/5493
f 887/887/5494 942/942/5495 888/888/5496
f 915/915/5497 969/969/5498 968/968/5499
f 915/915/5500 968/968/5501 914/914/5502
f 888/888/5503 942/942/5504 943/943/5505
f 888/888/5506 943/943/5507 889/889/5508
f 916/916/5509 970/970/5510 969/969/5511
f 916/916/5512 969/969/5513 915/915/5514
f 889/889/5515 943/943/5516 944/944/5517
f 889/889/5518 944/944/5519 890/890/5520
f 917/917/5521 971/971/5522 970/970/5523
f 917/917/5524 970/970/5525 916/916/5526
f 890/890/5527 944/944/5528 945/945/5529
f 890/890/5530 945/945/5531 891/891/5532
f 918/918/5533 972/972/5534 971/971/5535
f 918/918/5536 971/971/5537 917/917/5538
f 892/892/5539 946/946/5540 919/919/5541
f 892/892/5542 919/919/5543 865/865/5544
f 891/891/5545 945/945/5546 972/972/5547
f 891/891/5548 972/972/5549 918/918/5550
f 919/919/5551 973/973/5552 974/974/5553
f 919/919/5554 974/974/5555 920/920/5556
f 947/947/5557 1001/1001/5558 1000/1000/5559
f 947/947/5560 1000/1000/5561 946/946/5562
f 920/920/5563 974/974/5564 975/975/5565
f 920/920/5566 975/975/5567 921/921/5568
f 948/948/5569 1002/1002/5570 1001/1001/5571
f 948/948/5572 1001/1001/5573 947/947/5574
f 921/921/5575 975/975/5576 976/976/5577
f 921/921/5578 976/976/5579 922/922/5580
f 949/949/5581 1003/1003/5582 1002/1002/5583
f 949/949/5584 1002/1002/5585 948/948/5586
f 922/922/5587 976/976/5588 977/977/5589
f 922/922/5590 977/977/5591 923/923/5592
f 950/950/5593 1004/1004/5594 1003/1003/5595
f 950/950/5596 1003/1003/5597 949/949/5598
f 923/923/5599 977/977/5600 978/978/5601
f 923/923/5602 978/978/5603 924/924/5604
f 951/951/5605 1005/1005/5606 1004/1004/5607
f 951/951/5608 1004/1004/5609 950/950/5610
f 924/924/5611 978/978/5612 979/979/5613
f 924/924/5614 979/979/5615 925/925/5616
f 952/952/5617 1006/1006/5618 1005/1005/5619
f 952/952/5620 1005/1005/5621 951/951/5622
f 925/925/5623 979/979/5624 980/980/5625
f 925/925/5626 980/980/5627 926/926/5628
f 953/953/5629 1007/1007/5630 1006/1006/5631
f 953/953/5632 1006/1006/5633 952/952/5634
f 926/926/5635 980/980/5636 981/981/5637
f 926/926/5638 981/981/5639 927/927/5640
f 954/954/5641 1008/1008/5642 1007/1007/5643
f 954/954/5644 1007/1007/5645 953/953/5646
f 927/927/5647 981/981/5648 982/982/5649
f 927/927/5650 982/982/5651 928/928/5652
f 955/955/5653 1009/1009/5654 1008/1008/5655
f 955/955/5656 1008/1008/5657 954/954/5658
f 928/928/5659 982/982/5660 983/983/5661
f 928/928/5662 983/983/5663 929/929/5664
f 956/956/5665 1010/1010/5666 1009/1009/5667
f 956/956/5668 1009/1009/5669 955/955/5670
f 929/929/5671 983/983/5672 984/984/5673
f 929/929/5674 984/984/5675 930/930/5676
f 957/957/5677 1011/1011/5678 1010/1010/5679
f 957/957/5680 1010/1010/5681 956/956/5682
f 930/930/5683 984/984/5684 985/985/5685
f 930/930/5686 985/985/5687 931/931/5688
f 958/958/5689 1012/1012/5690 1011/1011/5691
f 958/958/5692 1011/1011/5693 957/957/5694
f 931/931/5695 985/985/5696 986/986/5697
f 931/931/5698 986/986/5699 932/932/5700
f 959/959/5701 1013/1013/5702 1012/1012/5703
f 959/959/5704 1012/1012/5705 958/958/5706
f 932/932/5707 986/986/5708 987/987/5709
f 932/932/5710 987/987/5711 933/933/5712
f 960/960/5713 1014/1014/5714 1013/1013/5715
f 960/960/5716 1013/1013/5717 959/959/5718
f 933/933/5719 987/987/5720 988/988/5721
f 933/933/5722 988/988/5723 934/934/5724
f 961/961/5725 1015/1015/5726 1014/1014/5727
f 961/961/5728 1014/1014/5729 960/960/5730
f 934/934/5731 988/988/5732 989/989/5733
f 934/934/5734 989/989/5735 935/935/5736
f 962/962/5737 1016/1016/5738 1015/1015/5739
f 962/962/5740 1015/1015/5741 961/961/5742
f 935/935/5743 989/989/5744 990/990/5745
f 935/935/5746 990/990/5747 936/936/5748
f 963/963/5749 1017/1017/5750 1016/1016/5751
f 963/963/5752 1016/1016/5753 962/962/5754
f 936/936/5755 990/990/5756 991/991/5757
f 936/936/5758 991/991/5759 937/937/5760
f 964/964/5761 1018/1018/5762 1017/1017/5763
f 964/964/5764 1017/1017/5765 963/963/5766
f 937/937/5767 991/991/5768 992/992/5769
f 937/937/5770 992/992/5771 938/938/5772
f 965/965/5773 1019/1019/5774 1018/1018/5775
f 965/965/5776 1018/1018/5777 964/964/5778
f 938/938/5779 992/992/5780 993/993/5781
f 938/938/5782 993/993/5783 939/939/5784
f 966/966/5785 1020/1020/5786 1019/1019/5787
f 966/966/5788 1019/1019/5789 965/965/5790
f 939/939/5791 993/993/5792 994/994/5793
f 939/939/5794 994/994/5795 940/940/5796
f 967/967/5797 1021/1021/5798 1020/1020/5799
f 967/967/5800 1020/1020/5801 966/966/5802
f 940/940/5803 994/994/5804 995/995/5805
f 940/940/5806 995/995/5807 941/941/5808
f 968/968/5809 1022/1022/5810 1021/1021/5811
f 968/968/5812 1021/1021/5813 967/967/5814
f 941/941/5815 995/995/5816 996/996/5817
f 941/941/5818 996/996/5819 942/942/5820
f 969/969/5821 1023/1023/5822 1022/1022/5823
f 969/969/5824 1022/1022/5825 968/968/5826
f 942/942/5827 996/996/5828 997/997/5829
f 942/942/5830 997/997/5831 943/943/5832
f 970/970/5833 1024/1024/5834 1023/1023/5835
f 970/970/5836 1023/1023/5837 969/969/5838
f 943/943/5839 997/997/5840 998/998/5841
f 943/943/5842 998/998/5843 944/944/5844
f 971/971/5845 1025/1025/5846 1024/1024/5847
f 971/971/5848 1024/1024/5849 970/970/5850
f 944/944/5851 998/998/5852 999/999/5853
f 944/944/5854 999/999/5855 945/945/5856
f 972/972/5857 1026/1026/5858 1025/1025/5859
f 972/972/5860 1025/1025/5861 971/971/5862
f 946/946/5863 1000/1000/5864 973/973/5865
f 946/946/5866 973/973/5867 919/919/5868
f 945/945/5869 999/999/5870 1026/1026/5871
f 945/945/5872 1026/1026/5873 972/972/5874
f 973/973/5875 1027/1027/5876 1028/1028/5877
f 973/973/5878 1028/1028/5879 974/974/5880
f 1001/1001/5881 1055/1055/5882 1054/1054/5883
f 1001/1001/5884 1054/1054/5885 1000/1000/5886
f 974/974/5887 1028/1028/5888 1029/1029/5889
f 974/974/5890 1029/1029/5891 975/975/5892
f 1002/1002/5893 1056/1056/5894 1055/1055/5895
f 1002/1002/5896 1055/1055/5897 1001/1001/5898
f 975/975/5899 1029/1029/5900 1030/1030/5901
f 975/975/5902 1030/1030/5903 976/976/5904
f 1003/1003/5905 1057/1057/5906 1056/1056/5907
f 1003/1003/5908 1056/1056/5909 1002/1002/5910
f 976/976/5911 1030/1030/5912 1031/1031/5913
f 976/976/5914 1031/1031/5915 977/977/5916
f 1004/1004/5917 1058/1058/5918 1057/1057/5919
f 1004/1004/5920 1057/1057/5921 1003/1003/5922
f 977/977/5923 1031/1031/5924 1032/1032/5925
f 977/977/5926 1032/1032/5927 978/978/5928
f 1005/1005/5929 1059/1059/5930 1058/1058/5931
f 1005/1005/5932 1058/1058/5933 1004/1004/5934
f 978/978/5935 1032/1032/5936 1033/1033/5937
f 978/978/5938 1033/1033/5939 979/979/5940
f 1006/1006/5941 1060/1060/5942 1059/1059/5943
f 1006/1006/5944 1059/1059/5945 1005/1005/5946
f 979/979/5947 1033/1033/5948 1034/1034/5949
f 979/979/5950 1034/1034/5951 980/980/5952
f 1007/1007/5953 1061/1061/5954 1060/1060/5955
f 1007/1007/5956 1060/1060/5957 1006/1006/5958
f 980/980/5959 1034/1034/5960 1035/1035/5961
f 980/980/5962 1035/1035/5963 981/981/5964
f 1008/1008/5965 1062/1062/5966 1061/1061/5967
f 1008/1008/5968 1061/1061/5969 1007/1007/5970
f 981/981/5971 1035/1035/5972 1036/1036/5973
f 981/981/5974 1036/1036/5975 982/982/5976
f 1009/1009/5977 1063/1063/5978 1062/1062/5979
f 1009/1009/5980 1062/1062/5981 1008/1008/5982
f 982/982/5983 1036/1036/5984 1037/1037/5985
f 982/982/5986 1037/1037/5987 983/983/5988
f 1010/1010/5989 1064/1064/5990 1063/1063/5991
f 1010/1010/5992 1063/1063/5993 1009/1009/5994
f 983/983/5995 1037/1037/5996 1038/1038/5997
f 983/983/5998 1038/1038/5999 984/984/6000
f 1011/1011/6001 1065/1065/6002 1064/1064/6003
f 1011/1011/6004 1064/1064/6005 1010/1010/6006
f 984/984/6007 1038/1038/6008 1039/1039/6009
f 984/984/6010 1039/1039/6011 985/985/6012
f 1012/1012/6013 1066/1066/6014 1065/1065/6015
f 1012/1012/6016 1065/1065/6017 1011/1011/6018
f 985/985/6019 1039/1039/6020 1040/1040/6021
f 985/985/6022 1040/1040/6023 986/986/6024
f 1013/1013/6025 1067/1067/6026 1066/1066/6027
f 1013/1013/6028 1066/1066/6029 1012/1012/6030
f 986/986/6031 1040/1040/6032 1041/1041/6033
f 986/986/6034 1041/1041/6035 987/987/6036
f 1014/1014/6037 1068/1068/6038 1067/1067/6039
f 1014/1014/6040 1067/1067/6041 1013/1013/6042
f 987/987/6043 1041/1041/6044 1042/1042/6045
f 987/987/6046 1042/1042/6047 988/988/6048
f 1015/1015/6049 1069/1069/6050 1068/1068/6051
f 1015/1015/6052 1068/1068/6053 1014/1014/6054
f 988/988/6055 1042/1042/6056 1043/1043/6057
f 988/988/6058 1043/1043/6059 989/989/6060
f 1016/1016/6061 1070/1070/6062 1069/1069/6063
f 1016/1016/6064 1069/1069/6065 1015/1015/6066
f 989/989/6067 1043/1043/6068 1044/1044/6069
f 989/989/6070 1044/1044/6071 990/990/6072
f 1017/1017/6073 1071/1071/6074 1070/1070/6075
f 1017/1017/6076 1070/1070/6077 1016/1016/6078
f 990/990/6079 1044/1044/6080 1045/1045/6081
f 990/990/6082 1045/1045/6083 991/991/6084
f 1018/1018/6085 1072/1072/6086 1071/1071/6087
f 1018/1018/6088 1071/1071/6089 1017/1017/6090
f 991/991/6091 1045/1045/6092 1046/1046/6093
f 991/991/6094 1046/1046/6095 992/992/6096
f 1019/1019/6097 1073/1073/6098 1072/1072/6099
f 1019/1019/6100 1072/1072/6101 1018/1018/6102
f 992/992/6103 1046/1046/6104 1047/1047/6105
f 992/992/6106 1047/1047/6107 993/993/6108
f 1020/1020/6109 1074/1074/6110 1073/1073/6111
f 1020/1020/6112 1073/1073/6113 1019/1019/6114
f 993/993/6115 1047/1047/6116 1048/1048/6117
f 993/993/6118 1048/1048/6119 994/994/6120
f 1021/1021/6121 1075/1075/6122 1074/1074/6123
f 1021/1021/6124 1074/1074/6125 1020/1020/6126
f 994/994/6127 1048/1048/6128 1049/1049/6129
f 994/994/6130 1049/1049/6131 995/995/6132
f 1022/1022/6133 1076/1076/6134 1075/1075/6135
f 1022/1022/6136 1075/1075/6137 1021/1021/6138
f 995/995/6139 1049/1049/6140 1050/1050/6141
f 995/995/6142 1050/1050/6143 996/996/6144
f 1023/1023/6145 1077/1077/6146 1076/1076/6147
f 1023/1023/6148 1076/1076/6149 1022/1022/6150
f 996/996/6151 1050/1050/6152 1051/1051/6153
f 996/996/6154 1051/1051/6155 997/997/6156
f 1024/1024/6157 1078/1078/6158 1077/1077/6159
f 1024/1024/6160 1077/1077/6161 1023/1023/6162
f 997/997/6163 1051/1051/6164 1052/1052/6165
f 997/997/6166 1052/1052/6167 998/998/6168
f 1025/1025/6169 1079/1079/6170 1078/1078/6171
f 1025/1025/6172 1078/1078/6173 1024/1024/6174
f 998/998/6175 1052/1052/6176 1053/1053/6177
f 998/998/6178 1053/1053/6179 999/999/6180
f 1026/1026/6181 1080/1080/6182 1079/1079/6183
f 1026/1026/6184 1079/1079/6185 1025/1025/6186
f 1000/1000/6187 1054/1054/6188 1027/1027/6189
f 1000/1000/6190 1027/1027/6191 973/973/6192
f 999/999/6193 1053/1053/6194 1080/1080/6195
f 999/999/6196 1080/1080/6197 1026/1026/6198
f 1027/1027/6199 1081/1081/6200 1082/1082/6201
f 1027/1027/6202 1082/1082/6203 1028/1028/6204
f 1055/1055/6205 1109/1109/6206 1108/1108/6207
f 1055/1055/6208 1108/1108/6209 1054/1054/6210
f 1028/1028/6211 1082/1082/6212 1083/1083/6213
f 1028/1028/6214 1083/1083/6215 1029/1029/6216
f 1056/1056/6217 1110/1110/6218 1109/1109/6219
f 1056/1056/6220 1109/1109/6221 1055/1055/6222
f 1029/1029/6223 1083/1083/6224 1084/1084/6225
f 1029/1029/6226 1084/1084/6227 1030/1030/6228
f 1057/1057/6229 1111/1111/6230 1110/1110/6231
f 1057/1057/6232 1110/1110/6233 1056/1056/6234
f 1030/1030/6235 1084/1084/6236 1085/1085/6237
f 1030/1030/6238 1085/1085/6239 1031/1031/6240
f 1058/1058/6241 1112/1112/6242 1111/1111/6243
f 1058/1058/6244 1111/1111/6245 1057/1057/6246
f 1031/1031/6247 1085/1085/6248 1086/1086/6249
f 1031/1031/6250 1086/1086/6251 1032/1032/6252
f 1059/1059/6253 1113/1113/6254 1112/1112/6255
f 1059/1059/6256 1112/1112/6257 1058/1058/6258
f 1032/1032/6259 1086/1086/6260 1087/1087/6261
f 1032/1032/6262 1087/1087/6263 1033/1033/6264
f 1060/1060/6265 1114/1114/6266 1113/1113/6267
f 1060/1060/6268 1113/1113/6269 1059/1059/6270
f 1033/1033/6271 1087/1087/6272 1088/1088/6273
f 1033/1033/6274 1088/1088/6275 1034/1034/6276
f 1061/1061/6277 1115/1115/6278 1114/1114/6279
f 1061/1061/6280 1114/1114/6281 1060/1060/6282
f 1034/1034/6283 1088/1088/6284 1089/1089/6285
f 1034/1034/6286 1089/1089/6287 1035/1035/6288
f 1062/1062/6289 1116/1116/6290 1115/1115/6291
f 1062/1062/6292 1115/1115/6293 1061/1061/6294
f 1035/1035/6295 1089/1089/6296 1090/1090/6297
f 1035/1035/6298 1090/1090/6299 1036/1036/6300
f 1063/1063/6301 1117/1117/6302 1116/1116/6303
f 1063/1063/6304 1116/1116/6305 1062/1062/6306
f 1036/1036/6307 1090/1090/6308 1091/1091/6309
f 1036/1036/6310 1091/1091/6311 1037/1037/6312
f 1064/1064/6313 1118/1118/6314 1117/1117/6315
f 1064/1064/6316 1117/1117/6317 1063/1063/6318
f 1037/1037/6319 1091/1091/6320 1092/1092/6321
f 1037/1037/6322 1092/1092/6323 1038/1038/6324
f 1065/1065/6325 1119/1119/6326 1118/1118/6327
f 1065/1065/6328 1118/1118/6329 1064/1064/6330
f 1038/1038/6331 1092/1092/6332 1093/1093/6333
f 1038/1038/6334 1093/1093/6335 1039/1039/6336
f 1066/1066/6337 1120/1120/6338 1119/1119/6339
f 1066/1066/6340 1119/1119/6341 1065/1065/6342
f 1039/1039/6343 1093/1093/6344 1094/1094/6345
f 1039/1039/6346 1094/1094/6347 1040/1040/6348
f 1067/1067/6349 1121/1121/6350 1120/1120/6351
f 1067/1067/6352 1120/1120/6353 1066/1066/6354
f 1040/1040/6355 1094/1094/6356 1095/1095/6357
f 1040/1040/6358 1095/1095/6359 1041/1041/6360
f 1068/1068/6361 1122/1122/6362 1121/1121/6363
f 1068/1068/6364 1121/1121/6365 1067/1067/6366
f 1041/1041/6367 1095/1095/6368 1096/1096/6369
f 1041/1041/6370 1096/1096/6371 1042/1042/6372
f 1069/1069/6373 1123/1123/6374 1122/1122/6375
f 1069/1069/6376 1122/1122/6377 1068/1068/6378
f 1042/1042/6379 1096/1096/6380 1097/1097/6381
f 1042/1042/6382 1097/1097/6383 1043/1043/6384
f 1070/1070/6385 1124/1124/6386 1123/1123/6387
f 1070/1070/6388 1123/1123/6389 1069/1069/6390
f 1043/1043/6391 1097/1097/6392 1098/1098/6393
f 1043/1043/6394 1098/1098/6395 1044/1044/6396
f 1071/1071/6397 1125/1125/6398 1124/1124/6399
f 1071/1071/6400 1124/1124/6401 1070/1070/6402
f 1044/1044/6403 1098/1098/6404 1099/1099/6405
f 1044/1044/6406 1099/1099/6407 1045/1045/6408
f 1072/1072/6409 1126/1126/6410 1125/1125/6411
f 1072/1072/6412 1125/1125/6413 1071/1071/6414
f 1045/1045/6415 1099/1099/6416 1100/1100/6417
f 1045/1045/6418 1100/1100/6419 1046/1046/6420
f 1073/1073/6421 1127/1127/6422 1126/1126/6423
f 1073/1073/6424 1126/1126/6425 1072/1072/6426
f 1046/1046/6427 1100/1100/6428 1101/1101/6429
f 1046/1046/6430 1101/1101/6431 1047/1047/6432
f 1074/1074/6433 1128/1128/6434 1127/1127/6435
f 1074/1074/6436 1127/1127/6437 1073/1073/6438
f 1047/1047/6439 1101/1101/6440 1102/1102/6441
f 1047/1047/6442 1102/1102/6443 1048/1048/6444
f 1075/1075/6445 1129/1129/6446 1128/1128/6447
f 1075/1075/6448 1128/1128/6449 1074/1074/6450
f 1048/1048/6451 1102/1102/6452 1103/1103/6453
f 1048/1048/6454 1103/1103/6455 1049/1049/6456
f 1076/1076/6457 1130/1130/6458 1129/1129/6459
f 1076/1076/6460 1129/1129/6461 1075/1075/6462
f 1049/1049/6463 1103/1103/6464 1104/1104/6465
f 1049/1049/6466 1104/1104/6467 1050/1050/6468
f 1077/1077/6469 1131/1131/6470 1130/1130/6471
f 1077/1077/6472 1130/1130/6473 1076/1076/6474
f 1050/1050/6475 1104/1104/6476 1105/1105/6477
f 1050/1050/6478 1105/1105/6479 1051/1051/6480
f 1078/1078/6481 1132/1132/6482 1131/1131/6483
f 1078/1078/6484 1131/1131/6485 1077/1077/6486
f 1051/1051/6487 1105/1105/6488 1106/1106/6489
f 1051/1051/6490 1106/1106/6491 1052/1052/6492
f 1079/1079/6493 1133/1133/6494 1132/1132/6495
f 1079/1079/6496 1132/1132/6497 1078/1078/6498
f 1052/1052/6499 1106/1106/6500 1107/1107/6501
f 1052/1052/6502 1107/1107/6503 1053/1053/6504
f 1080/1080/6505 1134/1134/6506 1133/1133/6507
f 1080/1080/6508 1133/1133/6509 1079/1079/6510
f 1054/1054/6511 1108/1108/6512 1081/1081/6513
f 1054/1054/6514 1081/1081/6515 1027/1027/6516
f 1053/1053/6517 1107/1107/6518 1134/1134/6519
f 1053/1053/6520 1134/1134/6521 1080/1080/6522
f 1081/1081/6523 1135/1135/6524 1136/1136/6525
f 1081/1081/6526 1136/1136/6527 1082/1082/6528
f 1109/1109/6529 1163/1163/6530 1162/1162/6531
f 1109/1109/6532 1162/1162/6533 1108/1108/6534
f 1082/1082/6535 1136/1136/6536 1137/1137/6537
f 1082/1082/6538 1137/1137/6539 1083/1083/6540
f 1110/1110/6541 1164/1164/6542 1163/1163/6543
f 1110/1110/6544 1163/1163/6545 1109/1109/6546
f 1083/1083/6547 1137/1137/6548 1138/1138/6549
f 1083/1083/6550 1138/1138/6551 1084/1084/6552
f 1111/1111/6553 1165/1165/6554 1164/1164/6555
f 1111/1111/6556 1164/1164/6557 1110/1110/6558
f 1084/1084/6559 1138/1138/6560 1139/1139/6561
f 1084/1084/6562 1139/1139/6563 1085/1085/6564
f 1112/1112/6565 1166/1166/6566 1165/1165/6567
f 1112/1112/6568 1165/1165/6569 1111/1111/6570
f 1085/1085/6571 1139/1139/6572 1140/1140/6573
f 1085/1085/6574 1140/1140/6575 1086/1086/6576
f 1113/1113/6577 1167/1167/6578 1166/1166/6579
f 1113/1113/6580 1166/1166/6581 1112/1112/6582
f 1086/1086/6583 1140/1140/6584 1141/1141/6585
f 1086/1086/6586 1141/1141/6587 1087/1087/6588
f 1114/1114/6589 1168/1168/6590 1167/1167/6591
f 1114/1114/6592 1167/1167/6593 1113/1113/6594
f 1087/1087/6595 1141/1141/6596 1142/1142/6597
f 1087/1087/6598 1142/1142/6599 1088/1088/6600
f 1115/1115/6601 1169/1169/6602 1168/1168/6603
f 1115/1115/6604 1168/1168/6605 1114/1114/6606
f 1088/1088/6607 1142/1142/6608 1143/1143/6609
f 1088/1088/6610 1143/1143/6611 1089/1089/6612
f 1116/1116/6613 1170/1170/6614 1169/1169/6615
f 1116/1116/6616 1169/1169/6617 1115/1115/6618
f 1089/1089/6619 1143/1143/6620 1144/1144/6621
f 1089/1089/6622 1144/1144/6623 1090/1090/6624
f 1117/1117/6625 1171/1171/6626 1170/1170/6627
f 1117/1117/6628 1170/1170/6629 1116/1116/6630
f 1090/1090/6631 1144/1144/6632 1145/1145/6633
f 1090/1090/6634 1145/1145/6635 1091/1091/6636
f 1118/1118/6637 1172/1172/6638 1171/1171/6639
f 1118/1118/6640 1171/1171/6641 1117/1117/6642
f 1091/1091/6643 1145/1145/6644 1146/1146/6645
f 1091/1091/6646 1146/1146/6647 1092/1092/6648
f 1119/1119/6649 1173/1173/6650 1172/1172/6651
f 1119/1119/6652 1172/1172/6653 1118/1118/6654
f 1092/1092/6655 1146/1146/6656 1147/1147/6657
f 1092/1092/6658 1147/1147/6659 1093/1093/6660
f 1120/1120/6661 1174/1174/6662 1173/1173/6663
f 1120/1120/6664 1173/1173/6665 1119/1119/6666
f 1093/1093/6667 1147/1147/6668 1148/1148/6669
f 1093/1093/6670 1148/1148/6671 1094/1094/6672
f 1121/1121/6673 1175/1175/6674 1174/1174/6675
f 1121/1121/6676 1174/1174/6677 1120/1120/6678
f 1094/1094/6679 1148/1148/6680 1149/1149/6681
f 1094/1094/6682 1149/1149/6683 1095/1095/6684
f 1122/1122/6685 1176/1176/6686 1175/1175/6687
f 1122/1122/6688 1175/1175/6689 1121/1121/6690
f 1095/1095/6691 1149/1149/6692 1150/1150/6693
f 1095/1095/6694 1150/1150/6695 1096/1096/6696
f 1123/1123/6697 1177/1177/6698 1176/1176/6699
f 1123/1123/6700 1176/1176/6701 1122/1122/6702
f 1096/1096/6703 1150/1150/6704 1151/1151/6705
f 1096/1096/6706 1151/1151/6707 1097/1097/6708
f 1124/1124/6709 1178/1178/6710 1177/1177/6711
f 1124/1124/6712 1177/1177/6713 1123/1123/6714
f 1097/1097/6715 1151/1151/6716 1152/1152/6717
f 1097/1097/6718 1152/1152/6719 1098/1098/6720
f 1125/1125/6721 1179/1179/6722 1178/1178/6723
f 1125/1125/6724 1178/1178/6725 1124/1124/6726
f 1098/1098/6727 1152/1152/6728 1153/1153/6729
f 1098/1098/6730 1153/1153/6731 1099/1099/6732
f 1126/1126/6733 1180/1180/6734 1179/1179/6735
f 1126/1126/6736 1179/1179/6737 1125/1125/6738
f 1099/1099/6739 1153/1153/6740 1154/1154/6741
f 1099/1099/6742 1154/1154/6743 1100/1100/6744
f 1127/1127/6745 1181/1181/6746 1180/1180/6747
f 1127/1127/6748 1180/1180/6749 1126/1126/6750
f 1100/1100/6751 1154/1154/6752 1155/1155/6753
f 1100/1100/6754 1155/1155/6755 1101/1101/6756
f 1128/1128/6757 1182/1182/6758 1181/1181/6759
f 1128/1128/6760 1181/1181/6761 1127/1127/6762
f 1101/1101/6763 1155/1155/6764 1156/1156/6765
f 1101/1101/6766 1156/1156/6767 1102/1102/6768
f 1129/1129/6769 1183/1183/6770 1182/1182/6771
f 1129/1129/6772 1182/1182/6773 1128/1128/6774
f 1102/1102/6775 1156/1156/6776 1157/1157/6777
f 1102/1102/6778 1157/1157/6779 1103/1103/6780
f 1130/1130/6781 1184/1184/6782 1183/1183/6783
f 1130/1130/6784 1183/1183/6785 1129/1129/6786
f 1103/1103/6787 1157/1157/6788 1158/1158/6789
f 1103/1103/6790 1158/1158/6791 1104/1104/6792
f 1131/1131/6793 1185/1185/6794 1184/1184/6795
f 1131/1131/6796 1184/1184/6797 1130/1130/6798
f 1104/1104/6799 1158/1158/6800 1159/1159/6801
f 1104/1104/6802 1159/1159/6803 1105/1105/6804
f 1132/1132/6805 1186/1186/6806 1185/1185/6807
f 1132/1132/6808 1185/1185/6809 1131/1131/6810
f 1105/1105/6811 1159/1159/6812 1160/1160/6813
f 1105/1105/6814 1160/1160/6815 1106/1106/6816
f 1133/1133/6817 1187/1187/6818 1186/1186/6819
f 1133/1133/6820 1186/1186/6821 1132/1132/6822
f 1106/1106/6823 1160/1160/6824 1161/1161/6825
f 1106/1106/6826 1161/1161/6827 1107/1107/6828
f 1134/1134/6829 1188/1188/6830 1187/1187/6831
f 1134/1134/6832 1187/1187/6833 1133/1133/6834
f 1108/1108/6835 1162/1162/6836 1135/1135/6837
f 1108/1108/6838 1135/1135/6839 1081/1081/6840
f 1107/1107/6841 1161/1161/6842 1188/1188/6843
f 1107/1107/6844 1188/1188/6845 1134/1134/6846
f 1135/1135/6847 1189/1189/6848 1190/1190/6849
f 1135/1135/6850 1190/1190/6851 1136/1136/6852
f 1163/1163/6853 1217/1217/6854 1216/1216/6855
f 1163/1163/6856 1216/1216/6857 1162/1162/6858
f 1136/1136/6859 1190/1190/6860 1191/1191/6861
f 1136/1136/6862 1191/1191/6863 1137/1137/6864
f 1164/1164/6865 1218/1218/6866 1217/1217/6867
f 1164/1164/6868 1217/1217/6869 1163/1163/6870
f 1137/1137/6871 1191/1191/6872 1192/1192/6873
f 1137/1137/6874 1192/1192/6875 1138/1138/6876
f 1165/1165/6877 1219/1219/6878 1218/1218/6879
f 1165/1165/6880 1218/1218/6881 1164/1164/6882
f 1138/1138/6883 1192/1192/6884 1193/1193/6885
f 1138/1138/6886 1193/1193/6887 1139/1139/6888
f 1166/1166/6889 1220/1220/6890 1219/1219/6891
f 1166/1166/6892 1219/1219/6893 1165/1165/6894
f 1139/1139/6895 1193/1193/6896 1194/1194/6897
f 1139/1139/6898 1194/1194/6899 1140/1140/6900
f 1167/1167/6901 1221/1221/6902 1220/1220/6903
f 1167/1167/6904 1220/1220/6905 1166/1166/6906
f 1140/1140/6907 1194/1194/6908 1195/1195/6909
f 1140/1140/6910 1195/1195/6911 1141/1141/6912
f 1168/1168/6913 1222/1222/6914 1221/1221/6915
f 1168/1168/6916 1221/1221/6917 1167/1167/6918
f 1141/1141/6919 1195/1195/6920 1196/1196/6921
f 1141/1141/6922 1196/1196/6923 1142/1142/6924
f 1169/1169/6925 1223/1223/6926 1222/1222/6927
f 1169/1169/6928 1222/1222/6929 1168/1168/6930
f 1142/1142/6931 1196/1196/6932 1197/1197/6933
f 1142/1142/6934 1197/1197/6935 1143/1143/6936
f 1170/1170/6937 1224/1224/6938 1223/1223/6939
f 1170/1170/6940 1223/1223/6941 1169/1169/6942
f 1143/1143/6943 1197/1197/6944 1198/1198/6945
f 1143/1143/6946 1198/1198/6947 1144/1144/6948
f 1171/1171/6949 1225/1225/6950 1224/1224/6951
f 1171/1171/6952 1224/1224/6953 1170/1170/6954
f 1144/1144/6955 1198/1198/6956 1199/1199/6957
f 1144/1144/6958 1199/1199/6959 1145/1145/6960
f 1172/1172/6961 1226/1226/6962 1225/1225/6963
f 1172/1172/6964 1225/1225/6965 1171/1171/6966
f 1145/1145/6967 1199/1199/6968 1200/1200/6969
f 1145/1145/6970 1200/1200/6971 1146/1146/6972
f 1173/1173/6973 1227/1227/6974 1226/1226/6975
f 1173/1173/6976 1226/1226/6977 1172/1172/6978
f 1146/1146/6979 1200/1200/6980 1201/1201/6981
f 1146/1146/6982 1201/1201/6983 1147/1147/6984
f 1174/1174/6985 1228/1228/6986 1227/1227/6987
f 1174/1174/6988 1227/1227/6989 1173/1173/6990
f 1147/1147/6991 1201/1201/6992 1202/1202/6993
f 1147/1147/6994 1202/1202/6995 1148/1148/6996
f 1175/1175/6997 1229/1229/6998 1228/1228/6999
f 1175/1175/7000 1228/1228/7001 1174/1174/7002
f 1148/1148/7003 1202/1202/7004 1203/1203/7005
f 1148/1148/7006 1203/1203/7007 1149/1149/7008
f 1176/1176/7009 1230/1230/7010 1229/1229/7011
f 1176/1176/7012 1229/1229/7013 1175/1175/7014
f 1149/1149/7015 1203/1203/7016 1204/1204/7017
f 1149/1149/7018 1204/1204/7019 1150/1150/7020
f 1177/1177/7021 1231/1231/7022 1230/1230/7023
f 1177/1177/7024 1230/1230/7025 1176/1176/7026
f 1150/1150/7027 1204/1204/7028 1205/1205/7029
f 1150/1150/7030 1205/1205/7031 1151/1151/7032
f 1178/1178/7033 1232/1232/7034 1231/1231/7035
f 1178/1178/7036 1231/1231/7037 1177/1177/7038
f 1151/1151/7039 1205/1205/7040 1206/1206/7041
f 1151/1151/7042 1206/1206/7043 1152/1152/7044
f 1179/1179/7045 1233/1233/7046 1232/1232/7047
f 1179/1179/7048 1232/1232/7049 1178/1178/7050
f 1152/1152/7051 1206/1206/7052 1207/1207/7053
f 1152/1152/7054 1207/1207/7055 1153/1153/7056
f 1180/1180/7057 1234/1234/7058 1233/1233/7059
f 1180/1180/7060 1233/1233/7061 1179/1179/7062
f 1153/1153/7063 1207/1207/7064 1208/1208/7065
f 1153/1153/7066 1208/1208/7067 1154/1154/7068
f 1181/1181/7069 1235/1235/7070 1234/1234/7071
f 1181/1181/7072 1234/1234/7073 1180/1180/7074
f 1154/1154/7075 1208/1208/7076 1209/1209/7077
f 1154/1154/7078 1209/1209/7079 1155/1155/7080
f 1182/1182/7081 1236/1236/7082 1235/1235/7083
f 1182/1182/7084 1235/1235/7085 1181/1181/7086
f 1155/1155/7087 1209/1209/7088 1210/1210/7089
f 1155/1155/7090 1210/1210/7091 1156/1156/7092
f 1183/1183/7093 1237/1237/7094 1236/1236/7095
f 1183/1183/7096 1236/1236/7097 1182/1182/7098
f 1156/1156/7099 1210/1210/7100 1211/1211/7101
f 1156/1156/7102 1211/1211/7103 1157/1157/7104
f 1184/1184/7105 1238/1238/7106 1237/1237/7107
f 1184/1184/7108 1237/1237/7109 1183/1183/7110
f 1157/1157/7111 1211/1211/7112 1212/1212/7113
f 1157/1157/7114 1212/1212/7115 1158/1158/7116
f 1185/1185/7117 1239/1239/7118 1238/1238/7119
f 1185/1185/7120 1238/1238/7121 1184/1184/7122
f 1158/1158/7123 1212/1212/7124 1213/1213/7125
f 1158/1158/7126 1213/1213/7127 1159/1159/7128
f 1186/1186/7129 1240/1240/7130 1239/1239/7131
f 1186/1186/7132 1239/1239/7133 1185/1185/7134
f 1159/1159/7135 1213/1213/7136 1214/1214/7137
f 1159/1159/7138 1214/1214/7139 1160/1160/7140
f 1187/1187/7141 1241/1241/7142 1240/1240/7143
f 1187/1187/7144 1240/1240/7145 1186/1186/7146
f 1160/1160/7147 1214/1214/7148 1215/1215/7149
f 1160/1160/7150 1215/1215/7151 1161/1161/7152
f 1188/1188/7153 1242/1242/7154 1241/1241/7155
f 1188/1188/7156 1241/1241/7157 1187/1187/7158
f 1162/1162/7159 1216/1216/7160 1189/1189/7161
f 1162/1162/7162 1189/1189/7163 1135/1135/7164
f 1161/1161/7165 1215/1215/7166 1242/1242/7167
f 1161/1161/7168 1242/1242/7169 1188/1188/7170
f 1189/1189/7171 1243/1243/7172 1244/1244/7173
f 1189/1189/7174 1244/1244/7175 1190/1190/7176
f 1217/1217/7177 1271/1271/7178 1270/1270/7179
f 1217/1217/7180 1270/1270/7181 1216/1216/7182
f 1190/1190/7183 1244/1244/7184 1245/1245/7185
f 1190/1190/7186 1245/1245/7187 1191/1191/7188
f 1218/1218/7189 1272/1272/7190 1271/1271/7191
f 1218/1218/7192 1271/1271/7193 1217/1217/7194
f 1191/1191/7195 1245/1245/7196 1246/1246/7197
f 1191/1191/7198 1246/1246/7199 1192/1192/7200
f 1219/1219/7201 1273/1273/7202 1272/1272/7203
f 1219/1219/7204 1272/1272/7205 1218/1218/7206
f 1192/1192/7207 1246/1246/7208 1247/1247/7209
f 1192/1192/7210 1247/1247/7211 1193/1193/7212
f 1220/1220/7213 1274/1274/7214 1273/1273/7215
f 1220/1220/7216 1273/1273/7217 1219/1219/7218
f 1193/1193/7219 1247/1247/7220 1248/1248/7221
f 1193/1193/7222 1248/1248/7223 1194/1194/7224
f 1221/1221/7225 1275/1275/7226 1274/1274/7227
f 1221/1221/7228 1274/1274/7229 1220/1220/7230
f 1194/1194/7231 1248/1248/7232 1249/1249/7233
f 1194/1194/7234 1249/1249/7235 1195/1195/7236
f 1222/1222/7237 1276/1276/7238 1275/1275/7239
f 1222/1222/7240 1275/1275/7241 1221/1221/7242
f 1195/1195/7243 1249/1249/7244 1250/1250/7245
f 1195/1195/7246 1250/1250/7247 1196/1196/7248
f 1223/1223/7249 1277/1277/7250 1276/1276/7251
f 1223/1223/7252 1276/1276/7253 1222/1222/7254
f 1196/1196/7255 1250/1250/7256 1251/1251/7257
f 1196/1196/7258 1251/1251/7259 1197/1197/7260
f 1224/1224/7261 1278/1278/7262 1277/1277/7263
f 1224/1224/7264 1277/1277/7265 1223/1223/7266
f 1197/1197/7267 1251/1251/7268 1252/1252/7269
f 1197/1197/7270 1252/1252/7271 1198/1198/7272
f 1225/1225/7273 1279/1279/7274 1278/1278/7275
f 1225/1225/7276 1278/1278/7277 1224/1224/7278
f 1198/1198/7279 1252/1252/7280 1253/1253/7281
f 1198/1198/7282 1253/1253/7283 1199/1199/7284
f 1226/1226/7285 1280/1280/7286 1279/1279/7287
f 1226/1226/7288 1279/1279/7289 1225/1225/7290
f 1199/1199/7291 1253/1253/7292 1254/1254/7293
f 1199/1199/7294 1254/1254/7295 1200/1200/7296
f 1227/1227/7297 1281/1281/7298 1280/1280/7299
f 1227/1227/7300 1280/1280/7301 1226/1226/7302
f 1200/1200/7303 1254/1254/7304 1255/1255/7305
f 1200/1200/7306 1255/1255/7307 1201/1201/7308
f 1228/1228/7309 1282/1282/7310 1281/1281/7311
f 1228/1228/7312 1281/1281/7313 1227/1227/7314
f 1201/1201/7315 1255/1255/7316 1256/1256/7317
f 1201/1201/7318 1256/1256/7319 1202/1202/7320
f 1229/1229/7321 1283/1283/7322 1282/1282/7323
f 1229/1229/7324 1282/1282/7325 1228/1228/7326
f 1202/1202/7327 1256/1256/7328 1257/1257/7329
f 1202/1202/7330 1257/1257/7331 1203/1203/7332
f 1230/1230/7333 1284/1284/7334 1283/1283/7335
f 1230/1230/7336 1283/1283/7337 1229/1229/7338
f 1203/1203/7339 1257/1257/7340 1258/1258/7341
f 1203/1203/7342 1258/1258/7343 1204/1204/7344
f 1231/1231/7345 1285/1285/7346 1284/1284/7347
f 1231/1231/7348 1284/1284/7349 1230/1230/7350
f 1204/1204/7351 1258/1258/7352 1259/1259/7353
f 1204/1204/7354 1259/1259/7355 1205/1205/7356
f 1232/1232/7357 1286/1286/7358 1285/1285/7359
f 1232/1232/7360 1285/1285/7361 1231/1231/7362
f 1205/1205/7363 1259/1259/7364 1260/1260/7365
f 1205/1205/7366 1260/1260/7367 1206/1206/7368
f 1233/1233/7369 1287/1287/7370 1286/1286/7371
f 1233/1233/7372 1286/1286/7373 1232/1232/7374
f 1206/1206/7375 1260/1260/7376 1261/1261/7377
f 1206/1206/7378 1261/1261/7379 1207/1207/7380
f 1234/1234/7381 1288/1288/7382 1287/1287/7383
f 1234/1234/7384 1287/1287/7385 1233/1233/7386
f 1207/1207/7387 1261/1261/7388 1262/1262/7389
f 1207/1207/7390 1262/1262/7391 1208/1208/7392
f 1235/1235/7393 1289/1289/7394 1288/1288/7395
f 1235/1235/7396 1288/1288/7397 1234/1234/7398
f 1208/1208/7399 1262/1262/7400 1263/1263/7401
f 1208/1208/7402 1263/1263/7403 1209/1209/7404
f 1236/1236/7405 1290/1290/7406 1289/1289/7407
f 1236/1236/7408 1289/1289/7409 1235/1235/7410
f 1209/1209/7411 1263/1263/7412 1264/1264/7413
f 1209/1209/7414 1264/1264/7415 1210/1210/7416
f 1237/1237/7417 1291/1291/7418 1290/1290/7419
f 1237/1237/7420 1290/1290/7421 1236/1236/7422
f 1210/1210/7423 1264/1264/7424 1265/1265/7425
f 1210/1210/7426 1265/1265/7427 1211/1211/7428
f 1238/1238/7429 1292/1292/7430 1291/1291/7431
f 1238/1238/7432 1291/1291/7433 1237/1237/7434
f 1211/1211/7435 1265/1265/7436 1266/1266/7437
f 1211/1211/7438 1266/1266/7439 1212/1212/7440
f 1239/1239/7441 1293/1293/7442 1292/1292/7443
f 1239/1239/7444 1292/1292/7445 1238/1238/7446
f 1212/1212/7447 1266/1266/7448 1267/1267/7449
f 1212/1212/7450 1267/1267/7451 1213/1213/7452
f 1240/1240/7453 1294/1294/7454 1293/1293/7455
f 1240/1240/7456 1293/1293/7457 1239/1239/7458
f 1213/1213/7459 1267/1267/7460 1268/1268/7461
f 1213/1213/7462 1268/1268/7463 1214/1214/7464
f 1241/1241/7465 1295/1295/7466 1294/1294/7467
f 1241/1241/7468 1294/1294/7469 1240/1240/7470
f 1214/1214/7471 1268/1268/7472 1269/1269/7473
f 1214/1214/7474 1269/1269/7475 1215/1215/7476
f 1242/1242/7477 1296/1296/7478 1295/1295/7479
f 1242/1242/7480 1295/1295/7481 1241/1241/7482
f 1216/1216/7483 1270/1270/7484 1243/1243/7485
f 1216/1216/7486 1243/1243/7487 1189/1189/7488
f 1215/1215/7489 1269/1269/7490 1296/1296/7491
f 1215/1215/7492 1296/1296/7493 1242/1242/7494
f 1243/1243/7495 1297/1297/7496 1298/1298/7497
f 1243/1243/7498 1298/1298/7499 1244/1244/7500
f 1271/1271/7501 1325/1325/7502 1324/1324/7503
f 1271/1271/7504 1324/1324/7505 1270/1270/7506
f 1244/1244/7507 1298/1298/7508 1299/1299/7509
f 1244/1244/7510 1299/1299/7511 1245/1245/7512
f 1272/1272/7513 1326/1326/7514 1325/1325/7515
f 1272/1272/7516 1325/1325/7517 1271/1271/7518
f 1245/1245/7519 1299/1299/7520 1300/1300/7521
f 1245/1245/7522 1300/1300/7523 1246/1246/7524
f 1273/1273/7525 1327/1327/7526 1326/1326/7527
f 1273/1273/7528 1326/1326/7529 1272/1272/7530
f 1246/1246/7531 1300/1300/7532 1301/1301/7533
f 1246/1246/7534 1301/1301/7535 1247/1247/7536
f 1274/1274/7537 1328/1328/7538 1327/1327/7539
f 1274/1274/7540 1327/1327/7541 1273/1273/7542
f 1247/1247/7543 1301/1301/7544 1302/1302/7545
f 1247/1247/7546 1302/1302/7547 1248/1248/7548
f 1275/1275/7549 1329/1329/7550 1328/1328/7551
f 1275/1275/7552 1328/1328/7553 1274/1274/7554
f 1248/1248/7555 1302/1302/7556 1303/1303/7557
f 1248/1248/7558 1303/1303/7559 1249/1249/7560
f 1276/1276/7561 1330/1330/7562 1329/1329/7563
f 1276/1276/7564 1329/1329/7565 1275/1275/7566
f 1249/1249/7567 1303/1303/7568 1304/1304/7569
f 1249/1249/7570 1304/1304/7571 1250/1250/7572
f 1277/1277/7573 1331/1331/7574 1330/1330/7575
f 1277/1277/7576 1330/1330/7577 1276/1276/7578
f 1250/1250/7579 1304/1304/7580 1305/1305/7581
f 1250/1250/7582 1305/1305/7583 1251/1251/7584
f 1278/1278/7585 1332/1332/7586 1331/1331/7587
f 1278/1278/7588 1331/1331/7589 1277/1277/7590
f 1251/1251/7591 1305/1305/7592 1306/1306/7593
f 1251/1251/7594 1306/1306/7595 1252/1252/7596
f 1279/1279/7597 1333/1333/7598 1332/1332/7599
f 1279/1279/7600 1332/1332/7601 1278/1278/7602
f 1252/1252/7603 1306/1306/7604 1307/1307/7605
f 1252/1252/7606 1307/1307/7607 1253/1253/7608
f 1280/1280/7609 1334/1334/7610 1333/1333/7611
f 1280/1280/7612 1333/1333/7613 1279/1279/7614
f 1253/1253/7615 1307/1307/7616 1308/1308/7617
f 1253/1253/7618 1308/1308/7619 1254/1254/7620
f 1281/1281/7621 1335/1335/7622 1334/1334/7623
f 1281/1281/7624 1334/1334/7625 1280/1280/7626
f 1254/1254/7627 1308/1308/7628 1309/1309/7629
f 1254/1254/7630 1309/1309/7631 1255/1255/7632
f 1282/1282/7633 1336/1336/7634 1335/1335/7635
f 1282/1282/7636 1335/1335/7637 1281/1281/7638
f 1255/1255/7639 1309/1309/7640 1310/1310/7641
f 1255/1255/7642 1310/1310/7643 1256/1256/7644
f 1283/1283/7645 1337/1337/7646 1336/1336/7647
f 1283/1283/7648 1336/1336/7649 1282/1282/7650
f 1256/1256/7651 1310/1310/7652 1311/1311/7653
f 1256/1256/7654 1311/1311/7655 1257/1257/7656
f 1284/1284/7657 1338/1338/7658 1337/1337/7659
f 1284/1284/7660 1337/1337/7661 1283/1283/7662
f 1257/1257/7663 1311/1311/7664 1312/1312/7665
f 1257/1257/7666 1312/1312/7667 1258/1258/7668
f 1285/1285/7669 1339/1339/7670 1338/1338/7671
f 1285/1285/7672 1338/1338/7673 1284/1284/7674
f 1258/1258/7675 1312/1312/7676 1313/1313/7677
f 1258/1258/7678 1313/1313/7679 1259/1259/7680
f 1286/1286/7681 1340/1340/7682 1339/1339/7683
f 1286/1286/7684 1339/1339/7685 1285/1285/7686
f 1259/1259/7687 1313/1313/7688 1314/1314/7689
f 1259/1259/7690 1314/1314/7691 1260/1260/7692
f 1287/1287/7693 1341/1341/7694 1340/1340/7695
f 1287/1287/7696 1340/1340/7697 1286/1286/7698
f 1260/1260/7699 1314/1314/7700 1315/1315/7701
f 1260/1260/7702 1315/1315/7703 1261/1261/7704
f 1288/1288/7705 1342/1342/7706 1341/1341/7707
f 1288/1288/7708 1341/1341/7709 1287/1287/7710
f 1261/1261/7711 1315/1315/7712 1316/1316/7713
f 1261/1261/7714 1316/1316/7715 1262/1262/7716
f 1289/1289/7717 1343/1343/7718 1342/1342/7719
f 1289/1289/7720 1342/1342/7721 1288/1288/7722
f 1262/1262/7723 1316/1316/7724 1317/1317/7725
f 1262/1262/7726 1317/1317/7727 1263/1263/7728
f 1290/1290/7729 1344/1344/7730 1343/1343/7731
f 1290/1290/7732 1343/1343/7733 1289/1289/7734
f 1263/1263/7735 1317/1317/7736 1318/1318/7737
f 1263/1263/7738 1318/1318/7739 1264/1264/7740
f 1291/1291/7741 1345/1345/7742 1344/1344/7743
f 1291/1291/7744 1344/1344/7745 1290/1290/7746
f 1264/1264/7747 1318/1318/7748 1319/1319/7749
f 1264/1264/7750 1319/1319/7751 1265/1265/7752
f 1292/1292/7753 1346/1346/7754 1345/1345/7755
f 1292/1292/7756 1345/1345/7757 1291/1291/7758
f 1265/1265/7759 1319/1319/7760 1320/1320/7761
f 1265/1265/7762 1320/1320/7763 1266/1266/7764
f 1293/1293/7765 1347/1347/7766 1346/1346/7767
f 1293/1293/7768 1346/1346/7769 1292/1292/7770
f 1266/1266/7771 1320/1320/7772 1321/1321/7773
f 1266/1266/7774 1321/1321/7775 1267/1267/7776
f 1294/1294/7777 1348/1348/7778 1347/1347/7779
f 1294/1294/7780 1347/1347/7781 1293/1293/7782
f 1267/1267/7783 1321/1321/7784 1322/1322/7785
f 1267/1267/7786 1322/1322/7787 1268/1268/7788
f 1295/1295/7789 1349/1349/7790 1348/1348/7791
f 1295/1295/7792 1348/1348/7793 1294/1294/7794
f 1268/1268/7795 1322/1322/7796 1323/1323/7797
f 1268/1268/7798 1323/1323/7799 1269/1269/7800
f 1296/1296/7801 1350/1350/7802 1349/1349/7803
f 1296/1296/7804 1349/1349/7805 1295/1295/7806
f 1270/1270/7807 1324/1324/7808 1297/1297/7809
f 1270/1270/7810 1297/1297/7811 1243/1243/7812
f 1269/1269/7813 1323/1323/7814 1350/1350/7815
f 1269/1269/7816 1350/1350/7817 1296/1296/7818
f 1297/1297/7819 1351/1351/7820 1352/1352/7821
f 1297/1297/7822 1352/1352/7823 1298/1298/7824
f 1325/1325/7825 1379/1379/7826 1378/1378/7827
f 1325/1325/7828 1378/1378/7829 1324/1324/7830
f 1298/1298/7831 1352/1352/7832 1353/1353/7833
f 1298/1298/7834 1353/1353/7835 1299/1299/7836
f 1326/1326/7837 1380/1380/7838 1379/1379/7839
f 1326/1326/7840 1379/1379/7841 1325/1325/7842
f 1299/1299/7843 1353/1353/7844 1354/1354/7845
f 1299/1299/7846 1354/1354/7847 1300/1300/7848
f 1327/1327/7849 1381/1381/7850 1380/1380/7851
f 1327/1327/7852 1380/1380/7853 1326/1326/7854
f 1300/1300/7855 1354/1354/7856 1355/1355/7857
f 1300/1300/7858 1355/1355/7859 1301/1301/7860
f 1328/1328/7861 1382/1382/7862 1381/1381/7863
f 1328/1328/7864 1381/1381/7865 1327/1327/7866
f 1301/1301/7867 1355/1355/7868 1356/1356/7869
f 1301/1301/7870 1356/1356/7871 1302/1302/7872
f 1329/1329/7873 1383/1383/7874 1382/1382/7875
f 1329/1329/7876 1382/1382/7877 1328/1328/7878
f 1302/1302/7879 1356/1356/7880 1357/1357/7881
f 1302/1302/7882 1357/1357/7883 1303/1303/7884
f 1330/1330/7885 1384/1384/7886 1383/1383/7887
f 1330/1330/7888 1383/1383/7889 1329/1329/7890
f 1303/1303/7891 1357/1357/7892 1358/1358/7893
f 1303/1303/7894 1358/1358/7895 1304/1304/7896
f 1331/1331/7897 1385/1385/7898 1384/1384/7899
f 1331/1331/7900 1384/1384/7901 1330/1330/7902
f 1304/1304/7903 1358/1358/7904 1359/1359/7905
f 1304/1304/7906 1359/1359/7907 1305/1305/7908
f 1332/1332/7909 1386/1386/7910 1385/1385/7911
f 1332/1332/7912 1385/1385/7913 1331/1331/7914
f 1305/1305/7915 1359/1359/7916 1360/1360/7917
f 1305/1305/7918 1360/1360/7919 1306/1306/7920
f 1333/1333/7921 1387/1387/7922 1386/1386/7923
f 1333/1333/7924 1386/1386/7925 1332/1332/7926
f 1306/1306/7927 1360/1360/7928 1361/1361/7929
f 1306/1306/7930 1361/1361/7931 1307/1307/7932
f 1334/1334/7933 1388/1388/7934 1387/1387/7935
f 1334/1334/7936 1387/1387/7937 1333/1333/7938
f 1307/1307/7939 1361/1361/7940 1362/1362/7941
f 1307/1307/7942 1362/1362/7943 1308/1308/7944
f 1335/1335/7945 1389/1389/7946 1388/1388/7947
f 1335/1335/7948 1388/1388/7949 1334/1334/7950
f 1308/1308/7951 1362/1362/7952 1363/1363/7953
f 1308/1308/7954 1363/1363/7955 1309/1309/7956
f 1336/1336/7957 1390/1390/7958 1389/1389/7959
f 1336/1336/7960 1389/1389/7961 1335/1335/7962
f 1309/1309/7963 1363/1363/7964 1364/1364/7965
f 1309/1309/7966 1364/1364/7967 1310/1310/7968
f 1337/1337/7969 1391/1391/7970 1390/1390/7971
f 1337/1337/7972 1390/1390/7973 1336/1336/7974
f 1310/1310/7975 1364/1364/7976 1365/1365/7977
f 1310/1310/7978 1365/1365/7979 1311/1311/7980
f 1338/1338/7981 1392/1392/7982 1391/1391/7983
f 1338/1338/7984 1391/1391/7985 1337/1337/7986
f 1311/1311/7987 1365/1365/7988 1366/1366/7989
f 1311/1311/7990 1366/1366/7991 1312/1312/7992
f 1339/1339/7993 1393/1393/7994 1392/1392/7995
f 1339/1339/7996 1392/1392/7997 1338/1338/7998
f 1312/1312/7999 1366/1366/8000 1367/1367/8001
f 1312/1312/8002 1367/1367/8003 1313/1313/8004
f 1340/1340/8005 1394/1394/8006 1393/1393/8007
f 1340/1340/8008 1393/1393/8009 1339/1339/8010
f 1313/1313/8011 1367/1367/8012 1368/1368/8013
f 1313/1313/8014 1368/1368/8015 1314/1314/8016
f 1341/1341/8017 1395/1395/8018 1394/1394/8019
f 1341/1341/8020 1394/1394/8021 1340/1340/8022
f 1314/1314/8023 1368/1368/8024 1369/1369/8025
f 1314/1314/8026 1369/1369/8027 1315/1315/8028
f 1342/1342/8029 1396/1396/8030 1395/1395/8031
f 1342/1342/8032 1395/1395/8033 1341/1341/8034
f 1315/1315/8035 1369/1369/8036 1370/1370/8037
f 1315/1315/8038 1370/1370/8039 1316/1316/8040
f 1343/1343/8041 1397/1397/8042 1396/1396/8043
f 1343/1343/8044 1396/1396/8045 1342/1342/8046
f 1316/1316/8047 1370/1370/8048 1371/1371/8049
f 1316/1316/8050 1371/1371/8051 1317/1317/8052
f 1344/1344/8053 1398/1398/8054 1397/1397/8055
f 1344/1344/8056 1397/1397/8057 1343/1343/8058
f 1317/1317/8059 1371/1371/8060 1372/1372/8061
f 1317/1317/8062 1372/1372/8063 1318/1318/8064
f 1345/1345/8065 1399/1399/8066 1398/1398/8067
f 1345/1345/8068 1398/1398/8069 1344/1344/8070
f 1318/1318/8071 1372/1372/8072 1373/1373/8073
f 1318/1318/8074 1373/1373/8075 1319/1319/8076
f 1346/1346/8077 1400/1400/8078 1399/1399/8079
f 1346/1346/8080 1399/1399/8081 1345/1345/8082
f 1319/1319/8083 1373/1373/8084 1374/1374/8085
f 1319/1319/8086 1374/1374/8087 1320/1320/8088
f 1347/1347/8089 1401/1401/8090 1400/1400/8091
f 1347/1347/8092 1400/1400/8093 1346/1346/8094
f 1320/1320/8095 1374/1374/8096 1375/1375/8097
f 1320/1320/8098 1375/1375/8099 1321/1321/8100
f 1348/1348/8101 1402/1402/8102 1401/1401/8103
f 1348/1348/8104 1401/1401/8105 1347/1347/8106
f 1321/1321/8107 1375/1375/8108 1376/1376/8109
f 1321/1321/8110 1376/1376/8111 1322/1322/8112
f 1349/1349/8113 1403/1403/8114 1402/1402/8115
f 1349/1349/8116 1402/1402/8117 1348/1348/8118
f 1322/1322/8119 1376/1376/8120 1377/1377/8121
f 1322/1322/8122 1377/1377/8123 1323/1323/8124
f 1350/1350/8125 1404/1404/8126 1403/1403/8127
f 1350/1350/8128 1403/1403/8129 1349/1349/8130
f 1324/1324/8131 1378/1378/8132 1351/1351/8133
f 1324/1324/8134 1351/1351/8135 1297/1297/8136
f 1323/1323/8137 1377/1377/8138 1404/1404/8139
f 1323/1323/8140 1404/1404/8141 1350/1350/8142
f 1351/1351/8143 1405/1405/8144 1406/1406/8145
f 1351/1351/8146 1406/1406/8147 1352/1352/8148
f 1379/1379/8149 1433/1433/8150 1432/1432/8151
f 1379/1379/8152 1432/1432/8153 1378/1378/8154
f 1352/1352/8155 1406/1406/8156 1407/1407/8157
f 1352/1352/8158 1407/1407/8159 1353/1353/8160
f 1380/1380/8161 1434/1434/8162 1433/1433/8163
f 1380/1380/8164 1433/1433/8165 1379/1379/8166
f 1353/1353/8167 1407/1407/8168 1408/1408/8169
f 1353/1353/8170 1408/1408/8171 1354/1354/8172
f 1381/1381/8173 1435/1435/8174 1434/1434/8175
f 1381/1381/8176 1434/1434/8177 1380/1380/8178
f 1354/1354/8179 1408/1408/8180 1409/1409/8181
f 1354/1354/8182 1409/1409/8183 1355/1355/8184
f 1382/1382/8185 1436/1436/8186 1435/1435/8187
f 1382/1382/8188 1435/1435/8189 1381/1381/8190
f 1355/1355/8191 1409/1409/8192 1410/1410/8193
f 1355/1355/8194 1410/1410/8195 1356/1356/8196
f 1383/1383/8197 1437/1437/8198 1436/1436/8199
f 1383/1383/8200 1436/1436/8201 1382/1382/8202
f 1356/1356/8203 1410/1410/8204 1411/1411/8205
f 1356/1356/8206 1411/1411/8207 1357/1357/8208
f 1384/1384/8209 1438/1438/8210 1437/1437/8211
f 1384/1384/8212 1437/1437/8213 1383/1383/8214
f 1357/1357/8215 1411/1411/8216 1412/1412/8217
f 1357/1357/8218 1412/1412/8219 1358/1358/8220
f 1385/1385/8221 1439/1439/8222 1438/1438/8223
f 1385/1385/8224 1438/1438/8225 1384/1384/8226
f 1358/1358/8227 1412/1412/8228 1413/1413/8229
f 1358/1358/8230 1413/1413/8231 1359/1359/8232
f 1386/1386/8233 1440/1440/8234 1439/1439/8235
f 1386/1386/8236 1439/1439/8237 1385/1385/8238
f 1359/1359/8239 1413/1413/8240 1414/1414/8241
f 1359/1359/8242 1414/1414/8243 1360/1360/8244
f 1387/1387/8245 1441/1441/8246 1440/1440/8247
f 1387/1387/8248 1440/1440/8249 1386/1386/8250
f 1360/1360/8251 1414/1414/8252 1415/1415/8253
f 1360/1360/8254 1415/1415/8255 1361/1361/8256
f 1388/1388/8257 1442/1442/8258 1441/1441/8259
f 1388/1388/8260 1441/1441/8261 1387/1387/8262
f 1361/1361/8263 1415/1415/8264 1416/1416/8265
f 1361/1361/8266 1416/1416/8267 1362/1362/8268
f 1389/1389/8269 1443/1443/8270 1442/1442/8271
f 1389/1389/8272 1442/1442/8273 1388/1388/8274
f 1362/1362/8275 1416/1416/8276 1417/1417/8277
f 1362/1362/8278 1417/1417/8279 1363/1363/8280
f 1390/1390/8281 1444/1444/8282 1443/1443/8283
f 1390/1390/8284 1443/1443/8285 1389/1389/8286
f 1363/1363/8287 1417/1417/8288 1418/1418/8289
f 1363/1363/8290 1418/1418/8291 1364/1364/8292
f 1391/1391/8293 1445/1445/8294 1444/1444/8295
f 1391/1391/8296 1444/1444/8297 1390/1390/8298
f 1364/1364/8299 1418/1418/8300 1419/1419/8301
f 1364/1364/8302 1419/1419/8303 1365/1365/8304
f 1392/1392/8305 1446/1446/8306 1445/1445/8307
f 1392/1392/8308 1445/1445/8309 1391/1391/8310
f 1365/1365/8311 1419/1419/8312 1420/1420/8313
f 1365/1365/8314 1420/1420/8315 1366/1366/8316
f 1393/1393/8317 1447/1447/8318 1446/1446/8319
f 1393/1393/8320 1446/1446/8321 1392/1392/8322
f 1366/1366/8323 1420/1420/8324 1421/1421/8325
f 1366/1366/8326 1421/1421/8327 1367/1367/8328
f 1394/1394/8329 1448/1448/8330 1447/1447/8331
f 1394/1394/8332 1447/1447/8333 1393/1393/8334
f 1367/1367/8335 1421/1421/8336 1422/1422/8337
f 1367/1367/8338 1422/1422/8339 1368/1368/8340
f 1395/1395/8341 1449/1449/8342 1448/1448/8343
f 1395/1395/8344 1448/1448/8345 1394/1394/8346
f 1368/1368/8347 1422/1422/8348 1423/1423/8349
f 1368/1368/8350 1423/1423/8351 1369/1369/8352
f 1396/1396/8353 1450/1450/8354 1449/1449/8355
f 1396/1396/8356 1449/1449/8357 1395/1395/8358
f 1369/1369/8359 1423/1423/8360 1424/1424/8361
f 1369/1369/8362 1424/1424/8363 1370/1370/8364
f 1397/1397/8365 1451/1451/8366 1450/1450/8367
f 1397/1397/8368 1450/1450/8369 1396/1396/8370
f 1370/1370/8371 1424/1424/8372 1425/1425/8373
f 1370/1370/8374 1425/1425/8375 1371/1371/8376
f 1398/1398/8377 1452/1452/8378 1451/1451/8379
f 1398/1398/8380 1451/1451/8381 1397/1397/8382
f 1371/1371/8383 1425/1425/8384 1426/1426/8385
f 1371/1371/8386 1426/1426/8387 1372/1372/8388
f 1399/1399/8389 1453/1453/8390 1452/1452/8391
f 1399/1399/8392 1452/1452/8393 1398/1398/8394
f 1372/1372/8395 1426/1426/8396 1427/1427/8397
f 1372/1372/8398 1427/1427/8399 1373/1373/8400
f 1400/1400/8401 1454/1454/8402 1453/1453/8403
f 1400/1400/8404 1453/1453/8405 1399/1399/8406
f 1373/1373/8407 1427/1427/8408 1428/1428/8409
f 1373/1373/8410 1428/1428/8411 1374/1374/8412
f 1401/1401/8413 1455/1455/8414 1454/1454/8415
f 1401/1401/8416 1454/1454/8417 1400/1400/8418
f 1374/1374/8419 1428/1428/8420 1429/1429/8421
f 1374/1374/8422 1429/1429/8423 1375/1375/8424
f 1402/1402/8425 1456/1456/8426 1455/1455/8427
f 1402/1402/8428 1455/1455/8429 1401/1401/8430
f 1375/1375/8431 1429/1429/8432 1430/1430/8433
f 1375/1375/8434 1430/1430/8435 1376/1376/8436
f 1403/1403/8437 1457/1457/8438 1456/1456/8439
f 1403/1403/8440 1456/1456/8441 1402/1402/8442
f 1376/1376/8443 1430/1430/8444 1431/1431/8445
f 1376/1376/8446 1431/1431/8447 1377/1377/8448
f 1404/1404/8449 1458/1458/8450 1457/1457/8451
f 1404/1404/8452 1457/1457/8453 1403/1403/8454
f 1378/1378/8455 1432/1432/8456 1405/1405/8457
f 1378/1378/8458 1405/1405/8459 1351/1351/8460
f 1377/1377/8461 1431/1431/8462 1458/1458/8463
f 1377/1377/8464 1458/1458/8465 1404/1404/8466
f 1405/1405/8467 1459/1459/8468 1460/1460/8469
f 1405/1405/8470 1460/1460/8471 1406/1406/8472
f 1433/1433/8473 1487/1487/8474 1486/1486/8475
f 1433/1433/8476 1486/1486/8477 1432/1432/8478
f 1406/1406/8479 1460/1460/8480 1461/1461/8481
f 1406/1406/8482 1461/1461/8483 1407/1407/8484
f 1434/1434/8485 1488/1488/8486 1487/1487/8487
f 1434/1434/8488 1487/1487/8489 1433/1433/8490
f 1407/1407/8491 1461/1461/8492 1462/1462/8493
f 1407/1407/8494 1462/1462/8495 1408/1408/8496
f 1435/1435/8497 1489/1489/8498 1488/1488/8499
f 1435/1435/8500 1488/1488/8501 1434/1434/8502
f 1408/1408/8503 1462/1462/8504 1463/1463/8505
f 1408/1408/8506 1463/1463/8507 1409/1409/8508
f 1436/1436/8509 1490/1490/8510 1489/1489/8511
f 1436/1436/8512 1489/1489/8513 1435/1435/8514
f 1409/1409/8515 1463/1463/8516 1464/1464/8517
f 1409/1409/8518 1464/1464/8519 1410/1410/8520
f 1437/1437/8521 1491/1491/8522 1490/1490/8523
f 1437/1437/8524 1490/1490/8525 1436/1436/8526
f 1410/1410/8527 1464/1464/8528 1465/1465/8529
f 1410/1410/8530 1465/1465/8531 1411/1411/8532
f 1438/1438/8533 1492/1492/8534 1491/1491/8535
f 1438/1438/8536 1491/1491/8537 1437/1437/8538
f 1411/1411/8539 1465/1465/8540 1466/1466/8541
f 1411/1411/8542 1466/1466/8543 1412/1412/8544
f 1439/1439/8545 1493/1493/8546 1492/1492/8547
f 1439/1439/8548 1492/1492/8549 1438/1438/8550
f 1412/1412/8551 1466/1466/8552 1467/1467/8553
f 1412/1412/8554 1467/1467/8555 1413/1413/8556
f 1440/1440/8557 1494/1494/8558 1493/1493/8559
f 1440/1440/8560 1493/1493/8561 1439/1439/8562
f 1413/1413/8563 1467/1467/8564 1468/1468/8565
f 1413/1413/8566 1468/1468/8567 1414/1414/8568
f 1441/1441/8569 1495/1495/8570 1494/1494/8571
f 1441/1441/8572 1494/1494/8573 1440/1440/8574
f 1414/1414/8575 1468/1468/8576 1469/1469/8577
f 1414/1414/8578 1469/1469/8579 1415/1415/8580
f 1442/1442/8581 1496/1496/8582 1495/1495/8583
f 1442/1442/8584 1495/1495/8585 1441/1441/8586
f 1415/1415/8587 1469/1469/8588 1470/1470/8589
f 1415/1415/8590 1470/1470/8591 1416/1416/8592
f 1443/1443/8593 1497/1497/8594 1496/1496/8595
f 1443/1443/8596 1496/1496/8597 1442/1442/8598
f 1416/1416/8599 1470/1470/8600 1471/1471/8601
f 1416/1416/8602 1471/1471/8603 1417/1417/8604
f 1444/1444/8605 1498/1498/8606 1497/1497/8607
f 1444/1444/8608 1497/1497/8609 1443/1443/8610
f 1417/1417/8611 1471/1471/8612 1472/1472/8613
f 1417/1417/8614 1472/1472/8615 1418/1418/8616
f 1445/1445/8617 1499/1499/8618 1498/1498/8619
f 1445/1445/8620 1498/1498/8621 1444/1444/8622
f 1418/1418/8623 1472/1472/8624 1473/1473/8625
f 1418/1418/8626 1473/1473/8627 1419/1419/8628
f 1446/1446/8629 1500/1500/8630 1499/1499/8631
f 1446/1446/8632 1499/1499/8633 1445/1445/8634
f 1419/1419/8635 1473/1473/8636 1474/1474/8637
f 1419/1419/8638 1474/1474/8639 1420/1420/8640
f 1447/1447/8641 1501/1501/8642 1500/1500/8643
f 1447/1447/8644 1500/1500/8645 1446/1446/8646
f 1420/1420/8647 1474/1474/8648 1475/1475/8649
f 1420/1420/8650 1475/1475/8651 1421/1421/8652
f 1448/1448/8653 1502/1502/8654 1501/1501/8655
f 1448/1448/8656 1501/1501/8657 1447/1447/8658
f 1421/1421/8659 1475/1475/8660 1476/1476/8661
f 1421/1421/8662 1476/1476/8663 1422/1422/8664
f 1449/1449/8665 1503/1503/8666 1502/1502/8667
f 1449/1449/8668 1502/1502/8669 1448/1448/8670
f 1422/1422/8671 1476/1476/8672 1477/1477/8673
f 1422/1422/8674 1477/1477/8675 1423/1423/8676
f 1450/1450/8677 1504/1504/8678 1503/1503/8679
f 1450/1450/8680 1503/1503/8681 1449/1449/8682
f 1423/1423/8683 1477/1477/8684 1478/1478/8685
f 1423/1423/8686 1478/1478/8687 1424/1424/8688
f 1451/1451/8689 1505/1505/8690 1504/1504/8691
f 1451/1451/8692 1504/1504/8693 1450/1450/8694
f 1424/1424/8695 1478/1478/8696 1479/1479/8697
f 1424/1424/8698 1479/1479/8699 1425/1425/8700
f 1452/1452/8701 1506/1506/8702 1505/1505/8703
f 1452/1452/8704 1505/1505/8705 1451/1451/8706
f 1425/1425/8707 1479/1479/8708 1480/1480/8709
f 1425/1425/8710 1480/1480/8711 1426/1426/8712
f 1453/1453/8713 1507/1507/8714 1506/1506/8715
f 1453/1453/8716 1506/1506/8717 1452/1452/8718
f 1426/1426/8719 1480/1480/8720 1481/1481/8721
f 1426/1426/8722 1481/1481/8723 1427/1427/8724
f 1454/1454/8725 1508/1508/8726 1507/1507/8727
f 1454/1454/8728 1507/1507/8729 1453/1453/8730
f 1427/1427/8731 1481/1481/8732 1482/1482/8733
f 1427/1427/8734 1482/1482/8735 1428/1428/8736
f 1455/1455/8737 1509/1509/8738 1508/1508/8739
f 1455/1455/8740 1508/1508/8741 1454/1454/8742
f 1428/1428/8743 1482/1482/8744 1483/1483/8745
f 1428/1428/8746 1483/1483/8747 1429/1429/8748
f 1456/1456/8749 1510/1510/8750 1509/1509/8751
f 1456/1456/8752 1509/1509/8753 1455/1455/8754
f 1429/1429/8755 1483/1483/8756 1484/1484/8757
f 1429/1429/8758 1484/1484/8759 1430/1430/8760
f 1457/1457/8761 1511/1511/8762 1510/1510/8763
f 1457/1457/8764 1510/1510/8765 1456/1456/8766
f 1430/1430/8767 1484/1484/8768 1485/1485/8769
f 1430/1430/8770 1485/1485/8771 1431/1431/8772
f 1458/1458/8773 1512/1512/8774 1511/1511/8775
f 1458/1458/8776 1511/1511/8777 1457/1457/8778
f 1432/1432/8779 1486/1486/8780 1459/1459/8781
f 1432/1432/8782 1459/1459/8783 1405/1405/8784
f 1431/1431/8785 1485/1485/8786 1512/1512/8787
f 1431/1431/8788 1512/1512/8789 1458/1458/8790
f 1459/1459/8791 1513/1513/8792 1514/1514/8793
f 1459/1459/8794 1514/1514/8795 1460/1460/8796
f 1487/1487/8797 1541/1541/8798 1540/1540/8799
f 1487/1487/8800 1540/1540/8801 1486/1486/8802
f 1460/1460/8803 1514/1514/8804 1515/1515/8805
f 1460/1460/8806 1515/1515/8807 1461/1461/8808
f 1488/1488/8809 1542/1542/8810 1541/1541/8811
f 1488/1488/8812 1541/1541/8813 1487/1487/8814
f 1461/1461/8815 1515/1515/8816 1516/1516/8817
f 1461/1461/8818 1516/1516/8819 1462/1462/8820
f 1489/1489/8821 1543/1543/8822 1542/1542/8823
f 1489/1489/8824 1542/1542/8825 1488/1488/8826
f 1462/1462/8827 1516/1516/8828 1517/1517/8829
f 1462/1462/8830 1517/1517/8831 1463/1463/8832
f 1490/1490/8833 1544/1544/8834 1543/1543/8835
f 1490/1490/8836 1543/1543/8837 1489/1489/8838
f 1463/1463/8839 1517/1517/8840 1518/1518/8841
f 1463/1463/8842 1518/1518/8843 1464/1464/8844
f 1491/1491/8845 1545/1545/8846 1544/1544/8847
f 1491/1491/8848 1544/1544/8849 1490/1490/8850
f 1464/1464/8851 1518/1518/8852 1519/1519/8853
f 1464/1464/8854 1519/1519/8855 1465/1465/8856
f 1492/1492/8857 1546/1546/8858 1545/1545/8859
f 1492/1492/8860 1545/1545/8861 1491/1491/8862
f 1465/1465/8863 1519/1519/8864 1520/1520/8865
f 1465/1465/8866 1520/1520/8867 1466/1466/8868
f 1493/1493/8869 1547/1547/8870 1546/1546/8871
f 1493/1493/8872 1546/1546/8873 1492/1492/8874
f 1466/1466/8875 1520/1520/8876 1521/1521/8877
f 1466/1466/8878 1521/1521/8879 1467/1467/8880
f 1494/1494/8881 1548/1548/8882 1547/1547/8883
f 1494/1494/8884 1547/1547/8885 1493/1493/8886
f 1467/1467/8887 1521/1521/8888 1522/1522/8889
f 1467/1467/8890 1522/1522/8891 1468/1468/8892
f 1495/1495/8893 1549/1549/8894 1548/1548/8895
f 1495/1495/8896 1548/1548/8897 1494/1494/8898
f 1468/1468/8899 1522/1522/8900 1523/1523/8901
f 1468/1468/8902 1523/1523/8903 1469/1469/8904
f 1496/1496/8905 1550/1550/8906 1549/1549/8907
f 1496/1496/8908 1549/1549/8909 1495/1495/8910
f 1469/1469/8911 1523/1523/8912 1524/1524/8913
f 1469/1469/8914 1524/1524/8915 1470/1470/8916
f 1497/1497/8917 1551/1551/8918 1550/1550/8919
f 1497/1497/8920 1550/1550/8921 1496/1496/8922
f 1470/1470/8923 1524/1524/8924 1525/1525/8925
f 1470/1470/8926 1525/1525/8927 1471/1471/8928
f 1498/1498/8929 1552/1552/8930 1551/1551/8931
f 1498/1498/8932 1551/1551/8933 1497/1497/8934
f 1471/1471/8935 1525/1525/8936 1526/1526/8937
f 1471/1471/8938 1526/1526/8939 1472/1472/8940
f 1499/1499/8941 1553/1553/8942 1552/1552/8943
f 1499/1499/8944 1552/1552/8945 1498/1498/8946
f 1472/1472/8947 1526/1526/8948 1527/1527/8949
f 1472/1472/8950 1527/1527/8951 1473/1473/8952
f 1500/1500/8953 1554/1554/8954 1553/1553/8955
f 1500/1500/8956 1553/1553/8957 1499/1499/8958
f 1473/1473/8959 1527/1527/8960 1528/1528/8961
f 1473/1473/8962 1528/1528/8963 1474/1474/8964
f 1501/1501/8965 1555/1555/8966 1554/1554/8967
f 1501/1501/8968 1554/1554/8969 1500/1500/8970
f 1474/1474/8971 1528/1528/8972 1529/1529/8973
f 1474/1474/8974 1529/1529/8975 1475/1475/8976
f 1502/1502/8977 1556/1556/8978 1555/1555/8979
f 1502/1502/8980 1555/1555/8981 1501/1501/8982
f 1475/1475/8983 1529/1529/8984 1530/1530/8985
f 1475/1475/8986 1530/1530/8987 1476/1476/8988
f 1503/1503/8989 1557/1557/8990 1556/1556/8991
f 1503/1503/8992 1556/1556/8993 1502/1502/8994
f 1476/1476/8995 1530/1530/8996 1531/1531/8997
f 1476/1476/8998 1531/1531/8999 1477/1477/9000
f 1504/1504/9001 1558/1558/9002 1557/1557/9003
f 1504/1504/9004 1557/1557/9005 1503/1503/9006
f 1477/1477/9007 1531/1531/9008 1532/1532/9009
f 1477/1477/9010 1532/1532/9011 1478/1478/9012
f 1505/1505/9013 1559/1559/9014 1558/1558/9015
f 1505/1505/9016 1558/1558/9017 1504/1504/9018
f 1478/1478/9019 1532/1532/9020 1533/1533/9021
f 1478/1478/9022 1533/1533/9023 1479/1479/9024
f 1506/1506/9025 1560/1560/9026 1559/1559/9027
f 1506/1506/9028 1559/1559/9029 1505/1505/9030
f 1479/1479/9031 1533/1533/9032 1534/1534/9033
f 1479/1479/9034 1534/1534/9035 1480/1480/9036
f 1507/1507/9037 1561/1561/9038 1560/1560/9039
f 1507/1507/9040 1560/1560/9041 1506/1506/9042
f 1480/1480/9043 1534/1534/9044 1535/1535/9045
f 1480/1480/9046 1535/1535/9047 1481/1481/9048
f 1508/1508/9049 1562/1562/9050 1561/1561/9051
f 1508/1508/9052 1561/1561/9053 1507/1507/9054
f 1481/1481/9055 1535/1535/9056 1536/1536/9057
f 1481/1481/9058 1536/1536/9059 1482/1482/9060
f 1509/1509/9061 1563/1563/9062 1562/1562/9063
f 1509/1509/9064 1562/1562/9065 1508/1508/9066
f 1482/1482/9067 1536/1536/9068 1537/1537/9069
f 1482/1482/9070 1537/1537/9071 1483/1483/9072
f 1510/1510/9073 1564/1564/9074 1563/1563/9075
f 1510/1510/9076 1563/1563/9077 1509/1509/9078
f 1483/1483/9079 1537/1537/9080 1538/1538/9081
f 1483/1483/9082 1538/1538/9083 1484/1484/9084
f 1511/1511/9085 1565/1565/9086 1564/1564/9087
f 1511/1511/9088 1564/1564/9089 1510/1510/9090
f 1484/1484/9091 1538/1538/9092 1539/1539/9093
f 1484/1484/9094 1539/1539/9095 1485/1485/9096
f 1512/1512/9097 1566/1566/9098 1565/1565/9099
f 1512/1512/9100 1565/1565/9101 1511/1511/9102
f 1486/1486/9103 1540/1540/9104 1513/1513/9105
f 1486/1486/9106 1513/1513/9107 1459/1459/9108
f 1485/1485/9109 1539/1539/9110 1566/1566/9111
f 1485/1485/9112 1566/1566/9113 1512/1512/9114
f 1513/1513/9115 1567/1567/9116 1568/1568/9117
f 1513/1513/9118 1568/1568/9119 1514/1514/9120
f 1541/1541/9121 1595/1595/9122 1594/1594/9123
f 1541/1541/9124 1594/1594/9125 1540/1540/9126
f 1514/1514/9127 1568/1568/9128 1569/1569/9129
f 1514/1514/9130 1569/1569/9131 1515/1515/9132
f 1542/1542/9133 1596/1596/9134 1595/1595/9135
f 1542/1542/9136 1595/1595/9137 1541/1541/9138
f 1515/1515/9139 1569/1569/9140 1570/1570/9141
f 1515/1515/9142 1570/1570/9143 1516/1516/9144
f 1543/1543/9145 1597/1597/9146 1596/1596/9147
f 1543/1543/9148 1596/1596/9149 1542/1542/9150
f 1516/1516/9151 1570/1570/9152 1571/1571/9153
f 1516/1516/9154 1571/1571/9155 1517/1517/9156
f 1544/1544/9157 1598/1598/9158 1597/1597/9159
f 1544/1544/9160 1597/1597/9161 1543/1543/9162
f 1517/1517/9163 1571/1571/9164 1572/1572/9165
f 1517/1517/9166 1572/1572/9167 1518/1518/9168
f 1545/1545/9169 1599/1599/9170 1598/1598/9171
f 1545/1545/9172 1598/1598/9173 1544/1544/9174
f 1518/1518/9175 1572/1572/9176 1573/1573/9177
f 1518/1518/9178 1573/1573/9179 1519/1519/9180
f 1546/1546/9181 1600/1600/9182 1599/1599/9183
f 1546/1546/9184 1599/1599/9185 1545/1545/9186
f 1519/1519/9187 1573/1573/9188 1574/1574/9189
f 1519/1519/9190 1574/1574/9191 1520/1520/9192
f 1547/1547/9193 1601/1601/9194 1600/1600/9195
f 1547/1547/9196 1600/1600/9197 1546/1546/9198
f 1520/1520/9199 1574/1574/9200 1575/1575/9201
f 1520/1520/9202 1575/1575/9203 1521/1521/9204
f 1548/1548/9205 1602/1602/9206 1601/1601/9207
f 1548/1548/9208 1601/1601/9209 1547/1547/9210
f 1521/1521/9211 1575/1575/9212 1576/1576/9213
f 1521/1521/9214 1576/1576/9215 1522/1522/9216
f 1549/1549/9217 1603/1603/9218 1602/1602/9219
f 1549/1549/9220 1602/1602/9221 1548/1548/9222
f 1522/1522/9223 1576/1576/9224 1577/1577/9225
f 1522/1522/9226 1577/1577/9227 1523/1523/9228
f 1550/1550/9229 1604/1604/9230 1603/1603/9231
f 1550/1550/9232 1603/1603/9233 1549/1549/9234
f 1523/1523/9235 1577/1577/9236 1578/1578/9237
f 1523/1523/9238 1578/1578/9239 1524/1524/9240
f 1551/1551/9241 1605/1605/9242 1604/1604/9243
f 1551/1551/9244 1604/1604/9245 1550/1550/9246
f 1524/1524/9247 1578/1578/9248 1579/1579/9249
f 1524/1524/9250 1579/1579/9251 1525/1525/9252
f 1552/1552/9253 1606/1606/9254 1605/1605/9255
f 1552/1552/9256 1605/1605/9257 1551/1551/9258
f 1525/1525/9259 1579/1579/9260 1580/1580/9261
f 1525/1525/9262 1580/1580/9263 1526/1526/9264
f 1553/1553/9265 1607/1607/9266 1606/1606/9267
f 1553/1553/9268 1606/1606/9269 1552/1552/9270
f 1526/1526/9271 1580/1580/9272 1581/1581/9273
f 1526/1526/9274 1581/1581/9275 1527/1527/9276
f 1554/1554/9277 1608/1608/9278 1607/1607/9279
f 1554/1554/9280 1607/1607/9281 1553/1553/9282
f 1527/1527/9283 1581/1581/9284 1582/1582/9285
f 1527/1527/9286 1582/1582/9287 1528/1528/9288
f 1555/1555/9289 1609/1609/9290 1608/1608/9291
f 1555/1555/9292 1608/1608/9293 1554/1554/9294
f 1528/1528/9295 1582/1582/9296 1583/1583/9297
f 1528/1528/9298 1583/1583/9299 1529/1529/9300
f 1556/1556/9301 1610/1610/9302 1609/1609/9303
f 1556/1556/9304 1609/1609/9305 1555/1555/9306
f 1529/1529/9307 1583/1583/9308 1584/1584/9309
f 1529/1529/9310 1584/1584/9311 1530/1530/9312
f 1557/1557/9313 1611/1611/9314 1610/1610/9315
f 1557/1557/9316 1610/1610/9317 1556/1556/9318
f 1530/1530/9319 1584/1584/9320 1585/1585/9321
f 1530/1530/9322 1585/1585/9323 1531/1531/9324
f 1558/1558/9325 1612/1612/9326 1611/1611/9327
f 1558/1558/9328 1611/1611/9329 1557/1557/9330
f 1531/1531/9331 1585/1585/9332 1586/1586/9333
f 1531/1531/9334 1586/1586/9335 1532/1532/9336
f 1559/1559/9337 1613/1613/9338 1612/1612/9339
f 1559/1559/9340 1612/1612/9341 1558/1558/9342
f 1532/1532/9343 1586/1586/9344 1587/1587/9345
f 1532/1532/9346 1587/1587/9347 1533/1533/9348
f 1560/1560/9349 1614/1614/9350 1613/1613/9351
f 1560/1560/9352 1613/1613/9353 1559/1559/9354
f 1533/1533/9355 1587/1587/9356 1588/1588/9357
f 1533/1533/9358 1588/1588/9359 1534/1534/9360
f 1561/1561/9361 1615/1615/9362 1614/1614/9363
f 1561/1561/9364 1614/1614/9365 1560/1560/9366
f 1534/1534/9367 1588/1588/9368 1589/1589/9369
f 1534/1534/9370 1589/1589/9371 1535/1535/9372
f 1562/1562/9373 1616/1616/9374 1615/1615/9375
f 1562/1562/9376 1615/1615/9377 1561/1561/9378
f 1535/1535/9379 1589/1589/9380 1590/1590/9381
f 1535/1535/9382 1590/1590/9383 1536/1536/9384
f 1563/1563/9385 1617/1617/9386 1616/1616/9387
f 1563/1563/9388 1616/1616/9389 1562/1562/9390
f 1536/1536/9391 1590/1590/9392 1591/1591/9393
f 1536/1536/9394 1591/1591/9395 1537/1537/9396
f 1564/1564/9397 1618/1618/9398 1617/1617/9399
f 1564/1564/9400 1617/1617/9401 1563/1563/9402
f 1537/1537/9403 1591/1591/9404 1592/1592/9405
f 1537/1537/9406 1592/1592/9407 1538/1538/9408
f 1565/1565/9409 1619/1619/9410 1618/1618/9411
f 1565/1565/9412 1618/1618/9413 1564/1564/9414
f 1538/1538/9415 1592/1592/9416 1593/1593/9417
f 1538/1538/9418 1593/1593/9419 1539/1539/9420
f 1566/1566/9421 1620/1620/9422 1619/1619/9423
f 1566/1566/9424 1619/1619/9425 1565/1565/9426
f 1540/1540/9427 1594/1594/9428 1567/1567/9429
f 1540/1540/9430 1567/1567/9431 1513/1513/9432
f 1539/1539/9433 1593/1593/9434 1620/1620/9435
f 1539/1539/9436 1620/1620/9437 1566/1566/9438
f 1567/1567/9439 1621/1621/9440 1622/1622/9441
f 1567/1567/9442 1622/1622/9443 1568/1568/9444
f 1595/1595/9445 1649/1649/9446 1648/1648/9447
f 1595/1595/9448 1648/1648/9449 1594/1594/9450
f 1568/1568/9451 1622/1622/9452 1623/1623/9453
f 1568/1568/9454 1623/1623/9455 1569/1569/9456
f 1596/1596/9457 1650/1650/9458 1649/1649/9459
f 1596/1596/9460 1649/1649/9461 1595/1595/9462
f 1569/1569/9463 1623/1623/9464 1624/1624/9465
f 1569/1569/9466 1624/1624/9467 1570/1570/9468
f 1597/1597/9469 1651/1651/9470 1650/1650/9471
f 1597/1597/9472 1650/1650/9473 1596/1596/9474
f 1570/1570/9475 1624/1624/9476 1625/1625/9477
f 1570/1570/9478 1625/1625/9479 1571/1571/9480
f 1598/1598/9481 1652/1652/9482 1651/1651/9483
f 1598/1598/9484 1651/1651/9485 1597/1597/9486
f 1571/1571/9487 1625/1625/9488 1626/1626/9489
f 1571/1571/9490 1626/1626/9491 1572/1572/9492
f 1599/1599/9493 1653/1653/9494 1652/1652/9495
f 1599/1599/9496 1652/1652/9497 1598/1598/9498
f 1572/1572/9499 1626/1626/9500 1627/1627/9501
f 1572/1572/9502 1627/1627/9503 1573/1573/9504
f 1600/1600/9505 1654/1654/9506 1653/1653/9507
f 1600/1600/9508 1653/1653/9509 1599/1599/9510
f 1573/1573/9511 1627/1627/9512 1628/1628/9513
f 1573/1573/9514 1628/1628/9515 1574/1574/9516
f 1601/1601/9517 1655/1655/9518 1654/1654/9519
f 1601/1601/9520 1654/1654/9521 1600/1600/9522
f 1574/1574/9523 1628/1628/9524 1629/1629/9525
f 1574/1574/9526 1629/1629/9527 1575/1575/9528
f 1602/1602/9529 1656/1656/9530 1655/1655/9531
f 1602/1602/9532 1655/1655/9533 1601/1601/9534
f 1575/1575/9535 1629/1629/9536 1630/1630/9537
f 1575/1575/9538 1630/1630/9539 1576/1576/9540
f 1603/1603/9541 1657/1657/9542 1656/1656/9543
f 1603/1603/9544 1656/1656/9545 1602/1602/9546
f 1576/1576/9547 1630/1630/9548 1631/1631/9549
f 1576/1576/9550 1631/1631/9551 1577/1577/9552
f 1604/1604/9553 1658/1658/9554 1657/1657/9555
f 1604/1604/9556 1657/1657/9557 1603/1603/9558
f 1577/1577/9559 1631/1631/9560 1632/1632/9561
f 1577/1577/9562 1632/1632/9563 1578/1578/9564
f 1605/1605/9565 1659/1659/9566 1658/1658/9567
f 1605/1605/9568 1658/1658/9569 1604/1604/9570
f 1578/1578/9571 1632/1632/9572 1633/1633/9573
f 1578/1578/9574 1633/1633/9575 1579/1579/9576
f 1606/1606/9577 1660/1660/9578 1659/1659/9579
f 1606/1606/9580 1659/1659/9581 1605/1605/9582
f 1579/1579/9583 1633/1633/9584 1634/1634/9585
f 1579/1579/9586 1634/1634/9587 1580/1580/9588
f 1607/1607/9589 1661/1661/9590 1660/1660/9591
f 1607/1607/9592 1660/1660/9593 1606/1606/9594
f 1580/1580/9595 1634/1634/9596 1635/1635/9597
f 1580/1580/9598 1635/1635/9599 1581/1581/9600
f 1608/1608/9601 1662/1662/9602 1661/1661/9603
f 1608/1608/9604 1661/1661/9605 1607/1607/9606
f 1581/1581/9607 1635/1635/9608 1636/1636/9609
f 1581/1581/9610 1636/1636/9611 1582/1582/9612
f 1609/1609/9613 1663/1663/9614 1662/1662/9615
f 1609/1609/9616 1662/1662/9617 1608/1608/9618
f 1582/1582/9619 1636/1636/9620 1637/1637/9621
f 1582/1582/9622 1637/1637/9623 1583/1583/9624
f 1610/1610/9625 1664/1664/9626 1663/1663/9627
f 1610/1610/9628 1663/1663/9629 1609/1609/9630
f 1583/1583/9631 1637/1637/9632 1638/1638/9633
f 1583/1583/9634 1638/1638/9635 1584/1584/9636
f 1611/1611/9637 1665/1665/9638 1664/1664/9639
f 1611/1611/9640 1664/1664/9641 1610/1610/9642
f 1584/1584/9643 1638/1638/9644 1639/1639/9645
f 1584/1584/9646 1639/1639/9647 1585/1585/9648
f 1612/1612/9649 1666/1666/9650 1665/1665/9651
f 1612/1612/9652 1665/1665/9653 1611/1611/9654
f 1585/1585/9655 1639/1639/9656 1640/1640/9657
f 1585/1585/9658 1640/1640/9659 1586/1586/9660
f 1613/1613/9661 1667/1667/9662 1666/1666/9663
f 1613/1613/9664 1666/1666/9665 1612/1612/9666
f 1586/1586/9667 1640/1640/9668 1641/1641/9669
f 1586/1586/9670 1641/1641/9671 1587/1587/9672
f 1614/1614/9673 1668/1668/9674 1667/1667/9675
f 1614/1614/9676 1667/1667/9677 1613/1613/9678
f 1587/1587/9679 1641/1641/9680 1642/1642/9681
f 1587/1587/9682 1642/1642/9683 1588/1588/9684
f 1615/1615/9685 1669/1669/9686 1668/1668/9687
f 1615/1615/9688 1668/1668/9689 1614/1614/9690
f 1588/1588/9691 1642/1642/9692 1643/1643/9693
f 1588/1588/9694 1643/1643/9695 1589/1589/9696
f 1616/1616/9697 1670/1670/9698 1669/1669/9699
f 1616/1616/9700 1669/1669/9701 1615/1615/9702
f 1589/1589/9703 1643/1643/9704 1644/1644/9705
f 1589/1589/9706 1644/1644/9707 1590/1590/9708
f 1617/1617/9709 1671/1671/9710 1670/1670/9711
f 1617/1617/9712 1670/1670/9713 1616/1616/9714
f 1590/1590/9715 1644/1644/9716 1645/1645/9717
f 1590/1590/9718 1645/1645/9719 1591/1591/9720
f 1618/1618/9721 1672/1672/9722 1671/1671/9723
f 1618/1618/9724 1671/1671/9725 1617/1617/9726
f 1591/1591/9727 1645/1645/9728 1646/1646/9729
f 1591/1591/9730 1646/1646/9731 1592/1592/9732
f 1619/1619/9733 1673/1673/9734 1672/1672/9735
f 1619/1619/9736 1672/1672/9737 1618/1618/9738
f 1592/1592/9739 1646/1646/9740 1647/1647/9741
f 1592/1592/9742 1647/1647/9743 1593/1593/9744
f 1620/1620/9745 1674/1674/9746 1673/1673/9747
f 1620/1620/9748 1673/1673/9749 1619/1619/9750
f 1594/1594/9751 1648/1648/9752 1621/1621/9753
f 1594/1594/9754 1621/1621/9755 1567/1567/9756
f 1593/1593/9757 1647/1647/9758 1674/1674/9759
f 1593/1593/9760 1674/1674/9761 1620/1620/9762
f 1621/1621/9763 1675/1675/9764 1676/1676/9765
f 1621/1621/9766 1676/1676/9767 1622/1622/9768
f 1649/1649/9769 1703/1703/9770 1702/1702/9771
f 1649/1649/9772 1702/1702/9773 1648/1648/9774
f 1622/1622/9775 1676/1676/9776 1677/1677/9777
f 1622/1622/9778 1677/1677/9779 1623/1623/9780
f 1650/1650/9781 1704/1704/9782 1703/1703/9783
f 1650/1650/9784 1703/1703/9785 1649/1649/9786
f 1623/1623/9787 1677/1677/9788 1678/1678/9789
f 1623/1623/9790 1678/1678/9791 1624/1624/9792
f 1651/1651/9793 1705/1705/9794 1704/1704/9795
f 1651/1651/9796 1704/1704/9797 1650/1650/9798
f 1624/1624/9799 1678/1678/9800 1679/1679/9801
f 1624/1624/9802 1679/1679/9803 1625/1625/9804
f 1652/1652/9805 1706/1706/9806 1705/1705/9807
f 1652/1652/9808 1705/1705/9809 1651/1651/9810
f 1625/1625/9811 1679/1679/9812 1680/1680/9813
f 1625/1625/9814 1680/1680/9815 1626/1626/9816
f 1653/1653/9817 1707/1707/9818 1706/1706/9819
f 1653/1653/9820 1706/1706/9821 1652/1652/9822
f 1626/1626/9823 1680/1680/9824 1681/1681/9825
f 1626/1626/9826 1681/1681/9827 1627/1627/9828
f 1654/1654/9829 1708/1708/9830 1707/1707/9831
f 1654/1654/9832 1707/1707/9833 1653/1653/9834
f 1627/1627/9835 1681/1681/9836 1682/1682/9837
f 1627/1627/9838 1682/1682/9839 1628/1628/9840
f 1655/1655/9841 1709/1709/9842 1708/1708/9843
f 1655/1655/9844 1708/1708/9845 1654/1654/9846
f 1628/1628/9847 1682/1682/9848 1683/1683/9849
f 1628/1628/9850 1683/1683/9851 1629/1629/9852
f 1656/1656/9853 1710/1710/9854 1709/1709/9855
f 1656/1656/9856 1709/1709/9857 1655/1655/9858
f 1629/1629/9859 1683/1683/9860 1684/1684/9861
f 1629/1629/9862 1684/1684/9863 1630/1630/9864
f 1657/1657/9865 1711/1711/9866 1710/1710/9867
f 1657/1657/9868 1710/1710/9869 1656/1656/9870
f 1630/1630/9871 1684/1684/9872 1685/1685/9873
f 1630/1630/9874 1685/1685/9875 1631/1631/9876
f 1658/1658/9877 1712/1712/9878 1711/1711/9879
f 1658/1658/9880 1711/1711/9881 1657/1657/9882
f 1631/1631/9883 1685/1685/9884 1686/1686/9885
f 1631/1631/9886 1686/1686/9887 1632/1632/9888
f 1659/1659/9889 1713/1713/9890 1712/1712/9891
f 1659/1659/9892 1712/1712/9893 1658/1658/9894
f 1632/1632/9895 1686/1686/9896 1687/1687/9897
f 1632/1632/9898 1687/1687/9899 1633/1633/9900
f 1660/1660/9901 1714/1714/9902 1713/1713/9903
f 1660/1660/9904 1713/1713/9905 1659/1659/9906
f 1633/1633/9907 1687/1687/9908 1688/1688/9909
f 1633/1633/9910 1688/1688/9911 1634/1634/9912
f 1661/1661/9913 1715/1715/9914 1714/1714/9915
f 1661/1661/9916 1714/1714/9917 1660/1660/9918
f 1634/1634/9919 1688/1688/9920 1689/1689/9921
f 1634/1634/9922 1689/1689/9923 1635/1635/9924
f 1662/1662/9925 1716/1716/9926 1715/1715/9927
f 1662/1662/9928 1715/1715/9929 1661/1661/9930
f 1635/1635/9931 1689/1689/9932 1690/1690/9933
f 1635/1635/9934 1690/1690/9935 1636/1636/9936
f 1663/1663/9937 1717/1717/9938 1716/1716/9939
f 1663/1663/9940 1716/1716/9941 1662/1662/9942
f 1636/1636/9943 1690/1690/9944 1691/1691/9945
f 1636/1636/9946 1691/1691/9947 1637/1637/9948
f 1664/1664/9949 1718/1718/9950 1717/1717/9951
f 1664/1664/9952 1717/1717/9953 1663/1663/9954
f 1637/1637/9955 1691/1691/9956 1692/1692/9957
f 1637/1637/9958 1692/1692/9959 1638/1638/9960
f 1665/1665/9961 1719/1719/9962 1718/1718/9963
f 1665/1665/9964 1718/1718/9965 1664/1664/9966
f 1638/1638/9967 1692/1692/9968 1693/1693/9969
f 1638/1638/9970 1693/1693/9971 1639/1639/9972
f 1666/1666/9973 1720/1720/9974 1719/1719/9975
f 1666/1666/9976 1719/1719/9977 1665/1665/9978
f 1639/1639/9979 1693/1693/9980 1694/1694/9981
f 1639/1639/9982 1694/1694/9983 1640/1640/9984
f 1667/1667/9985 1721/1721/9986 1720/1720/9987
f 1667/1667/9988 1720/1720/9989 1666/1666/9990
f 1640/1640/9991 1694/1694/9992 1695/1695/9993
f 1640/1640/9994 1695/1695/9995 1641/1641/9996
f 1668/1668/9997 1722/1722/9998 1721/1721/9999
f 1668/1668/10000 1721/1721/10001 1667/1667/10002
f 1641/1641/10003 1695/1695/10004 1696/1696/10005
f 1641/1641/10006 1696/1696/10007 1642/1642/10008
f 1669/1669/10009 1723/1723/10010 1722/1722/10011
f 1669/1669/10012 1722/1722/10013 1668/1668/10014
f 1642/1642/10015 1696/1696/10016 1697/1697/10017
f 1642/1642/10018 1697/1697/10019 1643/1643/10020
f 1670/1670/10021 1724/1724/10022 1723/1723/10023
f 1670/1670/10024 1723/1723/10025 1669/1669/10026
f 1643/1643/10027 1697/1697/10028 1698/1698/10029
f 1643/1643/10030 1698/1698/10031 1644/1644/10032
f 1671/1671/10033 1725/1725/10034 1724/1724/10035
f 1671/1671/10036 1724/1724/10037 1670/1670/10038
f 1644/1644/10039 1698/1698/10040 1699/1699/10041
f 1644/1644/10042 1699/1699/10043 1645/1645/10044
f 1672/1672/10045 1726/1726/10046 1725/1725/10047
f 1672/1672/10048 1725/1725/10049 1671/1671/10050
f 1645/1645/10051 1699/1699/10052 1700/1700/10053
f 1645/1645/10054 1700/1700/10055 1646/1646/10056
f 1673/1673/10057 1727/1727/10058 1726/1726/10059
f 1673/1673/10060 1726/1726/10061 1672/1672/10062
f 1646/1646/10063 1700/1700/10064 1701/1701/10065
f 1646/1646/10066 1701/1701/10067 1647/1647/10068
f 1674/1674/10069 1728/1728/10070 1727/1727/10071
f 1674/1674/10072 1727/1727/10073 1673/1673/10074
f 1648/1648/10075 1702/1702/10076 1675/1675/10077
f 1648/1648/10078 1675/1675/10079 1621/1621/10080
f 1647/1647/10081 1701/1701/10082 1728/1728/10083
f 1647/1647/10084 1728/1728/10085 1674/1674/10086
f 1675/1675/10087 1729/1729/10088 1730/1730/10089
f 1675/1675/10090 1730/1730/10091 1676/1676/10092
f 1703/1703/10093 1757/1757/10094 1756/1756/10095
f 1703/1703/10096 1756/1756/10097 1702/1702/10098
f 1676/1676/10099 1730/1730/10100 1731/1731/10101
f 1676/1676/10102 1731/1731/10103 1677/1677/10104
f 1704/1704/10105 1758/1758/10106 1757/1757/10107
f 1704/1704/10108 1757/1757/10109 1703/1703/10110
f 1677/1677/10111 1731/1731/10112 1732/1732/10113
f 1677/1677/10114 1732/1732/10115 1678/1678/10116
f 1705/1705/10117 1759/1759/10118 1758/1758/10119
f 1705/1705/10120 1758/1758/10121 1704/1704/10122
f 1678/1678/10123 1732/1732/10124 1733/1733/10125
f 1678/1678/10126 1733/1733/10127 1679/1679/10128
f 1706/1706/10129 1760/1760/10130 1759/1759/10131
f 1706/1706/10132 1759/1759/10133 1705/1705/10134
f 1679/1679/10135 1733/1733/10136 1734/1734/10137
f 1679/1679/10138 1734/1734/10139 1680/1680/10140
f 1707/1707/10141 1761/1761/10142 1760/1760/10143
f 1707/1707/10144 1760/1760/10145 1706/1706/10146
f 1680/1680/10147 1734/1734/10148 1735/1735/10149
f 1680/1680/10150 1735/1735/10151 1681/1681/10152
f 1708/1708/10153 1762/1762/10154 1761/1761/10155
f 1708/1708/10156 1761/1761/10157 1707/1707/10158
f 1681/1681/10159 1735/1735/10160 1736/1736/10161
f 1681/1681/10162 1736/1736/10163 1682/1682/10164
f 1709/1709/10165 1763/1763/10166 1762/1762/10167
f 1709/1709/10168 1762/1762/10169 1708/1708/10170
f 1682/1682/10171 1736/1736/10172 1737/1737/10173
f 1682/1682/10174 1737/1737/10175 1683/1683/10176
f 1710/1710/10177 1764/1764/10178 1763/1763/10179
f 1710/1710/10180 1763/1763/10181 1709/1709/10182
f 1683/1683/10183 1737/1737/10184 1738/1738/10185
f 1683/1683/10186 1738/1738/10187 1684/1684/10188
f 1711/1711/10189 1765/1765/10190 1764/1764/10191
f 1711/1711/10192 1764/1764/10193 1710/1710/10194
f 1684/1684/10195 1738/1738/10196 1739/1739/10197
f 1684/1684/10198 1739/1739/10199 1685/1685/10200
f 1712/1712/10201 1766/1766/10202 1765/1765/10203
f 1712/1712/10204 1765/1765/10205 1711/1711/10206
f 1685/1685/10207 1739/1739/10208 1740/1740/10209
f 1685/1685/10210 1740/1740/10211 1686/1686/10212
f 1713/1713/10213 1767/1767/10214 1766/1766/10215
f 1713/1713/10216 1766/1766/10217 1712/1712/10218
f 1686/1686/10219 1740/1740/10220 1741/1741/10221
f 1686/1686/10222 1741/1741/10223 1687/1687/10224
f 1714/1714/10225 1768/1768/10226 1767/1767/10227
f 1714/1714/10228 1767/1767/10229 1713/1713/10230
f 1687/1687/10231 1741/1741/10232 1742/1742/10233
f 1687/1687/10234 1742/1742/10235 1688/1688/10236
f 1715/1715/10237 1769/1769/10238 1768/1768/10239
f 1715/1715/10240 1768/1768/10241 1714/1714/10242
f 1688/1688/10243 1742/1742/10244 1743/1743/10245
f 1688/1688/10246 1743/1743/10247 1689/1689/10248
f 1716/1716/10249 1770/1770/10250 1769/1769/10251
f 1716/1716/10252 1769/1769/10253 1715/1715/10254
f 1689/1689/10255 1743/1743/10256 1744/1744/10257
f 1689/1689/10258 1744/1744/10259 1690/1690/10260
f 1717/1717/10261 1771/1771/10262 1770/1770/10263
f 1717/1717/10264 1770/1770/10265 1716/1716/10266
f 1690/1690/10267 1744/1744/10268 1745/1745/10269
f 1690/1690/10270 1745/1745/10271 1691/1691/10272
f 1718/1718/10273 1772/1772/10274 1771/1771/10275
f 1718/1718/10276 1771/1771/10277 1717/1717/10278
f 1691/1691/10279 1745/1745/10280 1746/1746/10281
f 1691/1691/10282 1746/1746/10283 1692/1692/10284
f 1719/1719/10285 1773/1773/10286 1772/1772/10287
f 1719/1719/10288 1772/1772/10289 1718/1718/10290
f 1692/1692/10291 1746/1746/10292 1747/1747/10293
f 1692/1692/10294 1747/1747/10295 1693/1693/10296
f 1720/1720/10297 1774/1774/10298 1773/1773/10299
f 1720/1720/10300 1773/1773/10301 1719/1719/10302
f 1693/1693/10303 1747/1747/10304 1748/1748/10305
f 1693/1693/10306 1748/1748/10307 1694/1694/10308
f 1721/1721/10309 1775/1775/10310 1774/1774/10311
f 1721/1721/10312 1774/1774/10313 1720/1720/10314
f 1694/1694/10315 1748/1748/10316 1749/1749/10317
f 1694/1694/10318 1749/1749/10319 1695/1695/10320
f 1722/1722/10321 1776/1776/10322 1775/1775/10323
f 1722/1722/10324 1775/1775/10325 1721/1721/10326
f 1695/1695/10327 1749/1749/10328 1750/1750/10329
f 1695/1695/10330 1750/1750/10331 1696/1696/10332
f 1723/1723/10333 1777/1777/10334 1776/1776/10335
f 1723/1723/10336 1776/1776/10337 1722/1722/10338
f 1696/1696/10339 1750/1750/10340 1751/1751/10341
f 1696/1696/10342 1751/1751/10343 1697/1697/10344
f 1724/1724/10345 1778/1778/10346 1777/1777/10347
f 1724/1724/10348 1777/1777/10349 1723/1723/10350
f 1697/1697/10351 1751/1751/10352 1752/1752/10353
f 1697/1697/10354 1752/1752/10355 1698/1698/10356
f 1725/1725/10357 1779/1779/10358 1778/1778/10359
f 1725/1725/10360 1778/1778/10361 1724/1724/10362
f 1698/1698/10363 1752/1752/10364 1753/1753/10365
f 1698/1698/10366 1753/1753/10367 1699/1699/10368
f 1726/1726/10369 1780/1780/10370 1779/1779/10371
f 1726/1726/10372 1779/1779/10373 1725/1725/10374
f 1699/1699/10375 1753/1753/10376 1754/1754/10377
f 1699/1699/10378 1754/1754/10379 1700/1700/10380
f 1727/1727/10381 1781/1781/10382 1780/1780/10383
f 1727/1727/10384 1780/1780/10385 1726/1726/10386
f 1700/1700/10387 1754/1754/10388 1755/1755/10389
f 1700/1700/10390 1755/1755/10391 1701/1701/10392
f 1728/1728/10393 1782/1782/10394 1781/1781/10395
f 1728/1728/10396 1781/1781/10397 1727/1727/10398
f 1702/1702/10399 1756/1756/10400 1729/1729/10401
f 1702/1702/10402 1729/1729/10403 1675/1675/10404
f 1701/1701/10405 1755/1755/10406 1782/1782/10407
f 1701/1701/10408 1782/1782/10409 1728/1728/10410
f 1729/1729/10411 1783/1783/10412 1784/1784/10413
f 1729/1729/10414 1784/1784/10415 1730/1730/10416
f 1757/1757/10417 1811/1811/10418 1810/1810/10419
f 1757/1757/10420 1810/1810/10421 1756/1756/10422
f 1730/1730/10423 1784/1784/10424 1785/1785/10425
f 1730/1730/10426 1785/1785/10427 1731/1731/10428
f 1758/1758/10429 1812/1812/10430 1811/1811/10431
f 1758/1758/10432 1811/1811/10433 1757/1757/10434
f 1731/1731/10435 1785/1785/10436 1786/1786/10437
f 1731/1731/10438 1786/1786/10439 1732/1732/10440
f 1759/1759/10441 1813/1813/10442 1812/1812/10443
f 1759/1759/10444 1812/1812/10445 1758/1758/10446
f 1732/1732/10447 1786/1786/10448 1787/1787/10449
f 1732/1732/10450 1787/1787/10451 1733/1733/10452
f 1760/1760/10453 1814/1814/10454 1813/1813/10455
f 1760/1760/10456 1813/1813/10457 1759/1759/10458
f 1733/1733/10459 1787/1787/10460 1788/1788/10461
f 1733/1733/10462 1788/1788/10463 1734/1734/10464
f 1761/1761/10465 1815/1815/10466 1814/1814/10467
f 1761/1761/10468 1814/1814/10469 1760/1760/10470
f 1734/1734/10471 1788/1788/10472 1789/1789/10473
f 1734/1734/10474 1789/1789/10475 1735/1735/10476
f 1762/1762/10477 1816/1816/10478 1815/1815/10479
f 1762/1762/10480 1815/1815/10481 1761/1761/10482
f 1735/1735/10483 1789/1789/10484 1790/1790/10485
f 1735/1735/10486 1790/1790/10487 1736/1736/10488
f 1763/1763/10489 1817/1817/10490 1816/1816/10491
f 1763/1763/10492 1816/1816/10493 1762/1762/10494
f 1736/1736/10495 1790/1790/10496 1791/1791/10497
f 1736/1736/10498 1791/1791/10499 1737/1737/10500
f 1764/1764/10501 1818/1818/10502 1817/1817/10503
f 1764/1764/10504 1817/1817/10505 1763/1763/10506
f 1737/1737/10507 1791/1791/10508 1792/1792/10509
f 1737/1737/10510 1792/1792/10511 1738/1738/10512
f 1765/1765/10513 1819/1819/10514 1818/1818/10515
f 1765/1765/10516 1818/1818/10517 1764/1764/10518
f 1738/1738/10519 1792/1792/10520 1793/1793/10521
f 1738/1738/10522 1793/1793/10523 1739/1739/10524
f 1766/1766/10525 1820/1820/10526 1819/1819/10527
f 1766/1766/10528 1819/1819/10529 1765/1765/10530
f 1739/1739/10531 1793/1793/10532 1794/1794/10533
f 1739/1739/10534 1794/1794/10535 1740/1740/10536
f 1767/1767/10537 1821/1821/10538 1820/1820/10539
f 1767/1767/10540 1820/1820/10541 1766/1766/10542
f 1740/1740/10543 1794/1794/10544 1795/1795/10545
f 1740/1740/10546 1795/1795/10547 1741/1741/10548
f 1768/1768/10549 1822/1822/10550 1821/1821/10551
f 1768/1768/10552 1821/1821/10553 1767/1767/10554
f 1741/1741/10555 1795/1795/10556 1796/1796/10557
f 1741/1741/10558 1796/1796/10559 1742/1742/10560
f 1769/1769/10561 1823/1823/10562 1822/1822/10563
f 1769/1769/10564 1822/1822/10565 1768/1768/10566
f 1742/1742/10567 1796/1796/10568 1797/1797/10569
f 1742/1742/10570 1797/1797/10571 1743/1743/10572
f 1770/1770/10573 1824/1824/10574 1823/1823/10575
f 1770/1770/10576 1823/1823/10577 1769/1769/10578
f 1743/1743/10579 1797/1797/10580 1798/1798/10581
f 1743/1743/10582 1798/1798/10583 1744/1744/10584
f 1771/1771/10585 1825/1825/10586 1824/1824/10587
f 1771/1771/10588 1824/1824/10589 1770/1770/10590
f 1744/1744/10591 1798/1798/10592 1799/1799/10593
f 1744/1744/10594 1799/1799/10595 1745/1745/10596
f 1772/1772/10597 1826/1826/10598 1825/1825/10599
f 1772/1772/10600 1825/1825/10601 1771/1771/10602
f 1745/1745/10603 1799/1799/10604 1800/1800/10605
f 1745/1745/10606 1800/1800/10607 1746/1746/10608
f 1773/1773/10609 1827/1827/10610 1826/1826/10611
f 1773/1773/10612 1826/1826/10613 1772/1772/10614
f 1746/1746/10615 1800/1800/10616 1801/1801/10617
f 1746/1746/10618 1801/1801/10619 1747/1747/10620
f 1774/1774/10621 1828/1828/10622 1827/1827/10623
f 1774/1774/10624 1827/1827/10625 1773/1773/10626
f 1747/1747/10627 1801/1801/10628 1802/1802/10629
f 1747/1747/10630 1802/1802/10631 1748/1748/10632
f 1775/1775/10633 1829/1829/10634 1828/1828/10635
f 1775/1775/10636 1828/1828/10637 1774/1774/10638
f 1748/1748/10639 1802/1802/10640 1803/1803/10641
f 1748/1748/10642 1803/1803/10643 1749/1749/10644
f 1776/1776/10645 1830/1830/10646 1829/1829/10647
f 1776/1776/10648 1829/1829/10649 1775/1775/10650
f 1749/1749/10651 1803/1803/10652 1804/1804/10653
f 1749/1749/10654 1804/1804/10655 1750/1750/10656
f 1777/1777/10657 1831/1831/10658 1830/1830/10659
f 1777/1777/10660 1830/1830/10661 1776/1776/10662
f 1750/1750/10663 1804/1804/10664 1805/1805/10665
f 1750/1750/10666 1805/1805/10667 1751/1751/10668
f 1778/1778/10669 1832/1832/10670 1831/1831/10671
f 1778/1778/10672 1831/1831/10673 1777/1777/10674
f 1751/1751/10675 1805/1805/10676 1806/1806/10677
f 1751/1751/10678 1806/1806/10679 1752/1752/10680
f 1779/1779/10681 1833/1833/10682 1832/1832/10683
f 1779/1779/10684 1832/1832/10685 1778/1778/10686
f 1752/1752/10687 1806/1806/10688 1807/1807/10689
f 1752/1752/10690 1807/1807/10691 1753/1753/10692
f 1780/1780/10693 1834/1834/10694 1833/1833/10695
f 1780/1780/10696 1833/1833/10697 1779/1779/10698
f 1753/1753/10699 1807/1807/10700 1808/1808/10701
f 1753/1753/10702 1808/1808/10703 1754/1754/10704
f 1781/1781/10705 1835/1835/10706 1834/1834/10707
f 1781/1781/10708 1834/1834/10709 1780/1780/10710
f 1754/1754/10711 1808/1808/10712 1809/1809/10713
f 1754/1754/10714 1809/1809/10715 1755/1755/10716
f 1782/1782/10717 1836/1836/10718 1835/1835/10719
f 1782/1782/10720 1835/1835/10721 1781/1781/10722
f 1756/1756/10723 1810/1810/10724 1783/1783/10725
f 1756/1756/10726 1783/1783/10727 1729/1729/10728
f 1755/1755/10729 1809/1809/10730 1836/1836/10731
f 1755/1755/10732 1836/1836/10733 1782/1782/10734
f 1783/1783/10735 1837/1837/10736 1838/1838/10737
f 1783/1783/10738 1838/1838/10739 1784/1784/10740
f 1811/1811/10741 1865/1865/10742 1864/1864/10743
f 1811/1811/10744 1864/1864/10745 1810/1810/10746
f 1784/1784/10747 1838/1838/10748 1839/1839/10749
f 1784/1784/10750 1839/1839/10751 1785/1785/10752
f 1812/1812/10753 1866/1866/10754 1865/1865/10755
f 1812/1812/10756 1865/1865/10757 1811/1811/10758
f 1785/1785/10759 1839/1839/10760 1840/1840/10761
f 1785/1785/10762 1840/1840/10763 1786/1786/10764
f 1813/1813/10765 1867/1867/10766 1866/1866/10767
f 1813/1813/10768 1866/1866/10769 1812/1812/10770
f 1786/1786/10771 1840/1840/10772 1841/1841/10773
f 1786/1786/10774 1841/1841/10775 1787/1787/10776
f 1814/1814/10777 1868/1868/10778 1867/1867/10779
f 1814/1814/10780 1867/1867/10781 1813/1813/10782
f 1787/1787/10783 1841/1841/10784 1842/1842/10785
f 1787/1787/10786 1842/1842/10787 1788/1788/10788
f 1815/1815/10789 1869/1869/10790 1868/1868/10791
f 1815/1815/10792 1868/1868/10793 1814/1814/10794
f 1788/1788/10795 1842/1842/10796 1843/1843/10797
f 1788/1788/10798 1843/1843/10799 1789/1789/10800
f 1816/1816/10801 1870/1870/10802 1869/1869/10803
f 1816/1816/10804 1869/1869/10805 1815/1815/10806
f 1789/1789/10807 1843/1843/10808 1844/1844/10809
f 1789/1789/10810 1844/1844/10811 1790/1790/10812
f 1817/1817/10813 1871/1871/10814 1870/1870/10815
f 1817/1817/10816 1870/1870/10817 1816/1816/10818
f 1790/1790/10819 1844/1844/10820 1845/1845/10821
f 1790/1790/10822 1845/1845/10823 1791/1791/10824
f 1818/1818/10825 1872/1872/10826 1871/1871/10827
f 1818/1818/10828 1871/1871/10829 1817/1817/10830
f 1791/1791/10831 1845/1845/10832 1846/1846/10833
f 1791/1791/10834 1846/1846/10835 1792/1792/10836
f 1819/1819/10837 1873/1873/10838 1872/1872/10839
f 1819/1819/10840 1872/1872/10841 1818/1818/10842
f 1792/1792/10843 1846/1846/10844 1847/1847/10845
f 1792/1792/10846 1847/1847/10847 1793/1793/10848
f 1820/1820/10849 1874/1874/10850 1873/1873/10851
f 1820/1820/10852 1873/1873/10853 1819/1819/10854
f 1793/1793/10855 1847/1847/10856 1848/1848/10857
f 1793/1793/10858 1848/1848/10859 1794/1794/10860
f 1821/1821/10861 1875/1875/10862 1874/1874/10863
f 1821/1821/10864 1874/1874/10865 1820/1820/10866
f 1794/1794/10867 1848/1848/10868 1849/1849/10869
f 1794/1794/10870 1849/1849/10871 1795/1795/10872
f 1822/1822/10873 1876/1876/10874 1875/1875/10875
f 1822/1822/10876 1875/1875/10877 1821/1821/10878
f 1795/1795/10879 1849/1849/10880 1850/1850/10881
f 1795/1795/10882 1850/1850/10883 1796/1796/10884
f 1823/1823/10885 1877/1877/10886 1876/1876/10887
f 1823/1823/10888 1876/1876/10889 1822/1822/10890
f 1796/1796/10891 1850/1850/10892 1851/1851/10893
f 1796/1796/10894 1851/1851/10895 1797/1797/10896
f 1824/1824/10897 1878/1878/10898 1877/1877/10899
f 1824/1824/10900 1877/1877/10901 1823/1823/10902
f 1797/1797/10903 1851/1851/10904 1852/1852/10905
f 1797/1797/10906 1852/1852/10907 1798/1798/10908
f 1825/1825/10909 1879/1879/10910 1878/1878/10911
f 1825/1825/10912 1878/1878/10913 1824/1824/10914
f 1798/1798/10915 1852/1852/10916 1853/1853/10917
f 1798/1798/10918 1853/1853/10919 1799/1799/10920
f 1826/1826/10921 1880/1880/10922 1879/1879/10923
f 1826/1826/10924 1879/1879/10925 1825/1825/10926
f 1799/1799/10927 1853/1853/10928 1854/1854/10929
f 1799/1799/10930 1854/1854/10931 1800/1800/10932
f 1827/1827/10933 1881/1881/10934 1880/1880/10935
f 1827/1827/10936 1880/1880/10937 1826/1826/10938
f 1800/1800/10939 1854/1854/10940 1855/1855/10941
f 1800/1800/10942 1855/1855/10943 1801/1801/10944
f 1828/1828/10945 1882/1882/10946 1881/1881/10947
f 1828/1828/10948 1881/1881/10949 1827/1827/10950
f 1801/1801/10951 1855/1855/10952 1856/1856/10953
f 1801/1801/10954 1856/1856/10955 1802/1802/10956
f 1829/1829/10957 1883/1883/10958 1882/1882/10959
f 1829/1829/10960 1882/1882/10961 1828/1828/10962
f 1802/1802/10963 1856/1856/10964 1857/1857/10965
f 1802/1802/10966 1857/1857/10967 1803/1803/10968
f 1830/1830/10969 1884/1884/10970 1883/1883/10971
f 1830/1830/10972 1883/1883/10973 1829/1829/10974
f 1803/1803/10975 1857/1857/10976 1858/1858/10977
f 1803/1803/10978 1858/1858/10979 1804/1804/10980
f 1831/1831/10981 1885/1885/10982 1884/1884/10983
f 1831/1831/10984 1884/1884/10985 1830/1830/10986
f 1804/1804/10987 1858/1858/10988 1859/1859/10989
f 1804/1804/10990 1859/1859/10991 1805/1805/10992
f 1832/1832/10993 1886/1886/10994 1885/1885/10995
f 1832/1832/10996 1885/1885/10997 1831/1831/10998
f 1805/1805/10999 1859/1859/11000 1860/1860/11001
f 1805/1805/11002 1860/1860/11003 1806/1806/11004
f 1833/1833/11005 1887/1887/11006 1886/1886/11007
f 1833/1833/11008 1886/1886/11009 1832/1832/11010
f 1806/1806/11011 1860/1860/11012 1861/1861/11013
f 1806/1806/11014 1861/1861/11015 1807/1807/11016
f 1834/1834/11017 1888/1888/11018 1887/1887/11019
f 1834/1834/11020 1887/1887/11021 1833/1833/11022
f 1807/1807/11023 1861/1861/11024 1862/1862/11025
f 1807/1807/11026 1862/1862/11027 1808/1808/11028
f 1835/1835/11029 1889/1889/11030 1888/1888/11031
f 1835/1835/11032 1888/1888/11033 1834/1834/11034
f 1808/1808/11035 1862/1862/11036 1863/1863/11037
f 1808/1808/11038 1863/1863/11039 1809/1809/11040
f 1836/1836/11041 1890/1890/11042 1889/1889/11043
f 1836/1836/11044 1889/1889/11045 1835/1835/11046
f 1810/1810/11047 1864/1864/11048 1837/1837/11049
f 1810/1810/11050 1837/1837/11051 1783/1783/11052
f 1809/1809/11053 1863/1863/11054 1890/1890/11055
f 1809/1809/11056 1890/1890/11057 1836/1836/11058
f 1837/1837/11059 1891/1891/11060 1892/1892/11061
f 1837/1837/11062 1892/1892/11063 1838/1838/11064
f 1865/1865/11065 1919/1919/11066 1918/1918/11067
f 1865/1865/11068 1918/1918/11069 1864/1864/11070
f 1838/1838/11071 1892/1892/11072 1893/1893/11073
f 1838/1838/11074 1893/1893/11075 1839/1839/11076
f 1866/1866/11077 1920/1920/11078 1919/1919/11079
f 1866/1866/11080 1919/1919/11081 1865/1865/11082
f 1839/1839/11083 1893/1893/11084 1894/1894/11085
f 1839/1839/11086 1894/1894/11087 1840/1840/11088
f 1867/1867/11089 1921/1921/11090 1920/1920/11091
f 1867/1867/11092 1920/1920/11093 1866/1866/11094
f 1840/1840/11095 1894/1894/11096 1895/1895/11097
f 1840/1840/11098 1895/1895/11099 1841/1841/11100
f 1868/1868/11101 1922/1922/11102 1921/1921/11103
f 1868/1868/11104 1921/1921/11105 1867/1867/11106
f 1841/1841/11107 1895/1895/11108 1896/1896/11109
f 1841/1841/11110 1896/1896/11111 1842/1842/11112
f 1869/1869/11113 1923/1923/11114 1922/1922/11115
f 1869/1869/11116 1922/1922/11117 1868/1868/11118
f 1842/1842/11119 1896/1896/11120 1897/1897/11121
f 1842/1842/11122 1897/1897/11123 1843/1843/11124
f 1870/1870/11125 1924/1924/11126 1923/1923/11127
f 1870/1870/11128 1923/1923/11129 1869/1869/11130
f 1843/1843/11131 1897/1897/11132 1898/1898/11133
f 1843/1843/11134 1898/1898/11135 1844/1844/11136
f 1871/1871/11137 1925/1925/11138 1924/1924/11139
f 1871/1871/11140 1924/1924/11141 1870/1870/11142
f 1844/1844/11143 1898/1898/11144 1899/1899/11145
f 1844/1844/11146 1899/1899/11147 1845/1845/11148
f 1872/1872/11149 1926/1926/11150 1925/1925/11151
f 1872/1872/11152 1925/1925/11153 1871/1871/11154
f 1845/1845/11155 1899/1899/11156 1900/1900/11157
f 1845/1845/11158 1900/1900/11159 1846/1846/11160
f 1873/1873/11161 1927/1927/11162 1926/1926/11163
f 1873/1873/11164 1926/1926/11165 1872/1872/11166
f 1846/1846/11167 1900/1900/11168 1901/1901/11169
f 1846/1846/11170 1901/1901/11171 1847/1847/11172
f 1874/1874/11173 1928/1928/11174 1927/1927/11175
f 1874/1874/11176 1927/1927/11177 1873/1873/11178
f 1847/1847/11179 1901/1901/11180 1902/1902/11181
f 1847/1847/11182 1902/1902/11183 1848/1848/11184
f 1875/1875/11185 1929/1929/11186 1928/1928/11187
f 1875/1875/11188 1928/1928/11189 1874/1874/11190
f 1848/1848/11191 1902/1902/11192 1903/1903/11193
f 1848/1848/11194 1903/1903/11195 1849/1849/11196
f 1876/1876/11197 1930/1930/11198 1929/1929/11199
f 1876/1876/11200 1929/1929/11201 1875/1875/11202
f 1849/1849/11203 1903/1903/11204 1904/1904/11205
f 1849/1849/11206 1904/1904/11207 1850/1850/11208
f 1877/1877/11209 1931/1931/11210 1930/1930/11211
f 1877/1877/11212 1930/1930/11213 1876/1876/11214
f 1850/1850/11215 1904/1904/11216 1905/1905/11217
f 1850/1850/11218 1905/1905/11219 1851/1851/11220
f 1878/1878/11221 1932/1932/11222 1931/1931/11223
f 1878/1878/11224 1931/1931/11225 1877/1877/11226
f 1851/1851/11227 1905/1905/11228 1906/1906/11229
f 1851/1851/11230 1906/1906/11231 1852/1852/11232
f 1879/1879/11233 1933/1933/11234 1932/1932/11235
f 1879/1879/11236 1932/1932/11237 1878/1878/11238
f 1852/1852/11239 1906/1906/11240 1907/1907/11241
f 1852/1852/11242 1907/1907/11243 1853/1853/11244
f 1880/1880/11245 1934/1934/11246 1933/1933/11247
f 1880/1880/11248 1933/1933/11249 1879/1879/11250
f 1853/1853/11251 1907/1907/11252 1908/1908/11253
f 1853/1853/11254 1908/1908/11255 1854/1854/11256
f 1881/1881/11257 1935/1935/11258 1934/1934/11259
f 1881/1881/11260 1934/1934/11261 1880/1880/11262
f 1854/1854/11263 1908/1908/11264 1909/1909/11265
f 1854/1854/11266 1909/1909/11267 1855/1855/11268
f 1882/1882/11269 1936/1936/11270 1935/1935/11271
f 1882/1882/11272 1935/1935/11273 1881/1881/11274
f 1855/1855/11275 1909/1909/11276 1910/1910/11277
f 1855/1855/11278 1910/1910/11279 1856/1856/11280
f 1883/1883/11281 1937/1937/11282 1936/1936/11283
f 1883/1883/11284 1936/1936/11285 1882/1882/11286
f 1856/1856/11287 1910/1910/11288 1911/1911/11289
f 1856/1856/11290 1911/1911/11291 1857/1857/11292
f 1884/1884/11293 1938/1938/11294 1937/1937/11295
f 1884/1884/11296 1937/1937/11297 1883/1883/11298
f 1857/1857/11299 1911/1911/11300 1912/1912/11301
f 1857/1857/11302 1912/1912/11303 1858/1858/11304
f 1885/1885/11305 1939/1939/11306 1938/1938/11307
f 1885/1885/11308 1938/1938/11309 1884/1884/11310
f 1858/1858/11311 1912/1912/11312 1913/1913/11313
f 1858/1858/11314 1913/1913/11315 1859/1859/11316
f 1886/1886/11317 1940/1940/11318 1939/1939/11319
f 1886/1886/11320 1939/1939/11321 1885/1885/11322
f 1859/1859/11323 1913/1913/11324 1914/1914/11325
f 1859/1859/11326 1914/1914/11327 1860/1860/11328
f 1887/1887/11329 1941/1941/11330 1940/1940/11331
f 1887/1887/11332 1940/1940/11333 1886/1886/11334
f 1860/1860/11335 1914/1914/11336 1915/1915/11337
f 1860/1860/11338 1915/1915/11339 1861/1861/11340
f 1888/1888/11341 1942/1942/11342 1941/1941/11343
f 1888/1888/11344 1941/1941/11345 1887/1887/11346
f 1861/1861/11347 1915/1915/11348 1916/1916/11349
f 1861/1861/11350 1916/1916/11351 1862/1862/11352
f 1889/1889/11353 1943/1943/11354 1942/1942/11355
f 1889/1889/11356 1942/1942/11357 1888/1888/11358
f 1862/1862/11359 1916/1916/11360 1917/1917/11361
f 1862/1862/11362 1917/1917/11363 1863/1863/11364
f 1890/1890/11365 1944/1944/11366 1943/1943/11367
f 1890/1890/11368 1943/1943/11369 1889/1889/11370
f 1864/1864/11371 1918/1918/11372 1891/1891/11373
f 1864/1864/11374 1891/1891/11375 1837/1837/11376
f 1863/1863/11377 1917/1917/11378 1944/1944/11379
f 1863/1863/11380 1944/1944/11381 1890/1890/11382
f 1891/1891/11383 1945/1945/11384 1946/1946/11385
f 1891/1891/11386 1946/1946/11387 1892/1892/11388
f 1919/1919/11389 1973/1973/11390 1972/1972/11391
f 1919/1919/11392 1972/1972/11393 1918/1918/11394
f 1892/1892/11395 1946/1946/11396 1947/1947/11397
f 1892/1892/11398 1947/1947/11399 1893/1893/11400
f 1920/1920/11401 1974/1974/11402 1973/1973/11403
f 1920/1920/11404 1973/1973/11405 1919/1919/11406
f 1893/1893/11407 1947/1947/11408 1948/1948/11409
f 1893/1893/11410 1948/1948/11411 1894/1894/11412
f 1921/1921/11413 1975/1975/11414 1974/1974/11415
f 1921/1921/11416 1974/1974/11417 1920/1920/11418
f 1894/1894/11419 1948/1948/11420 1949/1949/11421
f 1894/1894/11422 1949/1949/11423 1895/1895/11424
f 1922/1922/11425 1976/1976/11426 1975/1975/11427
f 1922/1922/11428 1975/1975/11429 1921/1921/11430
f 1895/1895/11431 1949/1949/11432 1950/1950/11433
f 1895/1895/11434 1950/1950/11435 1896/1896/11436
f 1923/1923/11437 1977/1977/11438 1976/1976/11439
f 1923/1923/11440 1976/1976/11441 1922/1922/11442
f 1896/1896/11443 1950/1950/11444 1951/1951/11445
f 1896/1896/11446 1951/1951/11447 1897/1897/11448
f 1924/1924/11449 1978/1978/11450 1977/1977/11451
f 1924/1924/11452 1977/1977/11453 1923/1923/11454
f 1897/1897/11455 1951/1951/11456 1952/1952/11457
f 1897/1897/11458 1952/1952/11459 1898/1898/11460
f 1925/1925/11461 1979/1979/11462 1978/1978/11463
f 1925/1925/11464 1978/1978/11465 1924/1924/11466
f 1898/1898/11467 1952/1952/11468 1953/1953/11469
f 1898/1898/11470 1953/1953/11471 1899/1899/11472
f 1926/1926/11473 1980/1980/11474 1979/1979/11475
f 1926/1926/11476 1979/1979/11477 1925/1925/11478
f 1899/1899/11479 1953/1953/11480 1954/1954/11481
f 1899/1899/11482 1954/1954/11483 1900/1900/11484
f 1927/1927/11485 1981/1981/11486 1980/1980/11487
f 1927/1927/11488 1980/1980/11489 1926/1926/11490
f 1900/1900/11491 1954/1954/11492 1955/1955/11493
f 1900/1900/11494 1955/1955/11495 1901/1901/11496
f 1928/1928/11497 1982/1982/11498 1981/1981/11499
f 1928/1928/11500 1981/1981/11501 1927/1927/11502
f 1901/1901/11503 1955/1955/11504 1956/1956/11505
f 1901/1901/11506 1956/1956/11507 1902/1902/11508
f 1929/1929/11509 1983/1983/11510 1982/1982/11511
f 1929/1929/11512 1982/1982/11513 1928/1928/11514
f 1902/1902/11515 1956/1956/11516 1957/1957/11517
f 1902/1902/11518 1957/1957/11519 1903/1903/11520
f 1930/1930/11521 1984/1984/11522 1983/1983/11523
f 1930/1930/11524 1983/1983/11525 1929/1929/11526
f 1903/1903/11527 1957/1957/11528 1958/1958/11529
f 1903/1903/11530 1958/1958/11531 1904/1904/11532
f 1931/1931/11533 1985/1985/11534 1984/1984/11535
f 1931/1931/11536 1984/1984/11537 1930/1930/11538
f 1904/1904/11539 1958/1958/11540 1959/1959/11541
f 1904/1904/11542 1959/1959/11543 1905/1905/11544
f 1932/1932/11545 1986/1986/11546 1985/1985/11547
f 1932/1932/11548 1985/1985/11549 1931/1931/11550
f 1905/1905/11551 1959/1959/11552 1960/1960/11553
f 1905/1905/11554 1960/1960/11555 1906/1906/11556
f 1933/1933/11557 1987/1987/11558 1986/1986/11559
f 1933/1933/11560 1986/1986/11561 1932/1932/11562
f 1906/1906/11563 1960/1960/11564 1961/1961/11565
f 1906/1906/11566 1961/1961/11567 1907/1907/11568
f 1934/1934/11569 1988/1988/11570 1987/1987/11571
f 1934/1934/11572 1987/1987/11573 1933/1933/11574
f 1907/1907/11575 1961/1961/11576 1962/1962/11577
f 1907/1907/11578 1962/1962/11579 1908/1908/11580
f 1935/1935/11581 1989/1989/11582 1988/1988/11583
f 1935/1935/11584 1988/1988/11585 1934/1934/11586
f 1908/1908/11587 1962/1962/11588 1963/1963/11589
f 1908/1908/11590 1963/1963/11591 1909/1909/11592
f 1936/1936/11593 1990/1990/11594 1989/1989/11595
f 1936/1936/11596 1989/1989/11597 1935/1935/11598
f 1909/1909/11599 1963/1963/11600 1964/1964/11601
f 1909/1909/11602 1964/1964/11603 1910/1910/11604
f 1937/1937/11605 1991/1991/11606 1990/1990/11607
f 1937/1937/11608 1990/1990/11609 1936/1936/11610
f 1910/1910/11611 1964/1964/11612 1965/1965/11613
f 1910/1910/11614 1965/1965/11615 1911/1911/11616
f 1938/1938/11617 1992/1992/11618 1991/1991/11619
f 1938/1938/11620 1991/1991/11621 1937/1937/11622
f 1911/1911/11623 1965/1965/11624 1966/1966/11625
f 1911/1911/11626 1966/1966/11627 1912/1912/11628
f 1939/1939/11629 1993/1993/11630 1992/1992/11631
f 1939/1939/11632 1992/1992/11633 1938/1938/11634
f 1912/1912/11635 1966/1966/11636 1967/1967/11637
f 1912/1912/11638 1967/1967/11639 1913/1913/11640
f 1940/1940/11641 1994/1994/11642 1993/1993/11643
f 1940/1940/11644 1993/1993/11645 1939/1939/11646
f 1913/1913/11647 1967/1967/11648 1968/1968/11649
f 1913/1913/11650 1968/1968/11651 1914/1914/11652
f 1941/1941/11653 1995/1995/11654 1994/1994/11655
f 1941/1941/11656 1994/1994/11657 1940/1940/11658
f 1914/1914/11659 1968/1968/11660 1969/1969/11661
f 1914/1914/11662 1969/1969/11663 1915/1915/11664
f 1942/1942/11665 1996/1996/11666 1995/1995/11667
f 1942/1942/11668 1995/1995/11669 1941/1941/11670
f 1915/1915/11671 1969/1969/11672 1970/1970/11673
f 1915/1915/11674 1970/1970/11675 1916/1916/11676
f 1943/1943/11677 1997/1997/11678 1996/1996/11679
f 1943/1943/11680 1996/1996/11681 1942/1942/11682
f 1916/1916/11683 1970/1970/11684 1971/1971/11685
f 1916/1916/11686 1971/1971/11687 1917/1917/11688
f 1944/1944/11689 1998/1998/11690 1997/1997/11691
f 1944/1944/11692 1997/1997/11693 1943/1943/11694
f 1918/1918/11695 1972/1972/11696 1945/1945/11697
f 1918/1918/11698 1945/1945/11699 1891/1891/11700
f 1917/1917/11701 1971/1971/11702 1998/1998/11703
f 1917/1917/11704 1998/1998/11705 1944/1944/11706
f 1945/1945/11707 1999/1999/11708 2000/2000/11709
f 1945/1945/11710 2000/2000/11711 1946/1946/11712
f 1973/1973/11713 2027/2027/11714 2026/2026/11715
f 1973/1973/11716 2026/2026/11717 1972/1972/11718
f 1946/1946/11719 2000/2000/11720 2001/2001/11721
f 1946/1946/11722 2001/2001/11723 1947/1947/11724
f 1974/1974/11725 2028/2028/11726 2027/2027/11727
f 1974/1974/11728 2027/2027/11729 1973/1973/11730
f 1947/1947/11731 2001/2001/11732 2002/2002/11733
f 1947/1947/11734 2002/2002/11735 1948/1948/11736
f 1975/1975/11737 2029/2029/11738 2028/2028/11739
f 1975/1975/11740 2028/2028/11741 1974/1974/11742
f 1948/1948/11743 2002/2002/11744 2003/2003/11745
f 1948/1948/11746 2003/2003/11747 1949/1949/11748
f 1976/1976/11749 2030/2030/11750 2029/2029/11751
f 1976/1976/11752 2029/2029/11753 1975/1975/11754
f 1949/1949/11755 2003/2003/11756 2004/2004/11757
f 1949/1949/11758 2004/2004/11759 1950/1950/11760
f 1977/1977/11761 2031/2031/11762 2030/2030/11763
f 1977/1977/11764 2030/2030/11765 1976/1976/11766
f 1950/1950/11767 2004/2004/11768 2005/2005/11769
f 1950/1950/11770 2005/2005/11771 1951/1951/11772
f 1978/1978/11773 2032/2032/11774 2031/2031/11775
f 1978/1978/11776 2031/2031/11777 1977/1977/11778
f 1951/1951/11779 2005/2005/11780 2006/2006/11781
f 1951/1951/11782 2006/2006/11783 1952/1952/11784
f 1979/1979/11785 2033/2033/11786 2032/2032/11787
f 1979/1979/11788 2032/2032/11789 1978/1978/11790
f 1952/1952/11791 2006/2006/11792 2007/2007/11793
f 1952/1952/11794 2007/2007/11795 1953/1953/11796
f 1980/1980/11797 2034/2034/11798 2033/2033/11799
f 1980/1980/11800 2033/2033/11801 1979/1979/11802
f 1953/1953/11803 2007/2007/11804 2008/2008/11805
f 1953/1953/11806 2008/2008/11807 1954/1954/11808
f 1981/1981/11809 2035/2035/11810 2034/2034/11811
f 1981/1981/11812 2034/2034/11813 1980/1980/11814
f 1954/1954/11815 2008/2008/11816 2009/2009/11817
f 1954/1954/11818 2009/2009/11819 1955/1955/11820
f 1982/1982/11821 2036/2036/11822 2035/2035/11823
f 1982/1982/11824 2035/2035/11825 1981/1981/11826
f 1955/1955/11827 2009/2009/11828 2010/2010/11829
f 1955/1955/11830 2010/2010/11831 1956/1956/11832
f 1983/1983/11833 2037/2037/11834 2036/2036/11835
f 1983/1983/11836 2036/2036/11837 1982/1982/11838
f 1956/1956/11839 2010/2010/11840 2011/2011/11841
f 1956/1956/11842 2011/2011/11843 1957/1957/11844
f 1984/1984/11845 2038/2038/11846 2037/2037/11847
f 1984/1984/11848 2037/2037/11849 1983/1983/11850
f 1957/1957/11851 2011/2011/11852 2012/2012/11853
f 1957/1957/11854 2012/2012/11855 1958/1958/11856
f 1985/1985/11857 2039/2039/11858 2038/2038/11859
f 1985/1985/11860 2038/2038/11861 1984/1984/11862
f 1958/1958/11863 2012/2012/11864 2013/2013/11865
f 1958/1958/11866 2013/2013/11867 1959/1959/11868
f 1986/1986/11869 2040/2040/11870 2039/2039/11871
f 1986/1986/11872 2039/2039/11873 1985/1985/11874
f 1959/1959/11875 2013/2013/11876 2014/2014/11877
f 1959/1959/11878 2014/2014/11879 1960/1960/11880
f 1987/1987/11881 2041/2041/11882 2040/2040/11883
f 1987/1987/11884 2040/2040/11885 1986/1986/11886
f 1960/1960/11887 2014/2014/11888 2015/2015/11889
f 1960/1960/11890 2015/2015/11891 1961/1961/11892
f 1988/1988/11893 2042/2042/11894 2041/2041/11895
f 1988/1988/11896 2041/2041/11897 1987/1987/11898
f 1961/1961/11899 2015/2015/11900 2016/2016/11901
f 1961/1961/11902 2016/2016/11903 1962/1962/11904
f 1989/1989/11905 2043/2043/11906 2042/2042/11907
f 1989/1989/11908 2042/2042/11909 1988/1988/11910
f 1962/1962/11911 2016/2016/11912 2017/2017/11913
f 1962/1962/11914 2017/2017/11915 1963/1963/11916
f 1990/1990/11917 2044/2044/11918 2043/2043/11919
f 1990/1990/11920 2043/2043/11921 1989/1989/11922
f 1963/1963/11923 2017/2017/11924 2018/2018/11925
f 1963/1963/11926 2018/2018/11927 1964/1964/11928
f 1991/1991/11929 2045/2045/11930 2044/2044/11931
f 1991/1991/11932 2044/2044/11933 1990/1990/11934
f 1964/1964/11935 2018/2018/11936 2019/2019/11937
f 1964/1964/11938 2019/2019/11939 1965/1965/11940
f 1992/1992/11941 2046/2046/11942 2045/2045/11943
f 1992/1992/11944 2045/2045/11945 1991/1991/11946
f 1965/1965/11947 2019/2019/11948 2020/2020/11949
f 1965/1965/11950 2020/2020/11951 1966/1966/11952
f 1993/1993/11953 2047/2047/11954 2046/2046/11955
f 1993/1993/11956 2046/2046/11957 1992/1992/11958
f 1966/1966/11959 2020/2020/11960 2021/2021/11961
f 1966/1966/11962 2021/2021/11963 1967/1967/11964
f 1994/1994/11965 2048/2048/11966 2047/2047/11967
f 1994/1994/11968 2047/2047/11969 1993/1993/11970
f 1967/1967/11971 2021/2021/11972 2022/2022/11973
f 1967/1967/11974 2022/2022/11975 1968/1968/11976
f 1995/1995/11977 2049/2049/11978 2048/2048/11979
f 1995/1995/11980 2048/2048/11981 1994/1994/11982
f 1968/1968/11983 2022/2022/11984 2023/2023/11985
f 1968/1968/11986 2023/2023/11987 1969/1969/11988
f 1996/1996/11989 2050/2050/11990 2049/2049/11991
f 1996/1996/11992 2049/2049/11993 1995/1995/11994
f 1969/1969/11995 2023/2023/11996 2024/2024/11997
f 1969/1969/11998 2024/2024/11999 1970/1970/12000
f 1997/1997/12001 2051/2051/12002 2050/2050/12003
f 1997/1997/12004 2050/2050/12005 1996/1996/12006
f 1970/1970/12007 2024/2024/12008 2025/2025/12009
f 1970/1970/12010 2025/2025/12011 1971/1971/12012
f 1998/1998/12013 2052/2052/12014 2051/2051/12015
f 1998/1998/12016 2051/2051/12017 1997/1997/12018
f 1972/1972/12019 2026/2026/12020 1999/1999/12021
f 1972/1972/12022 1999/1999/12023 1945/1945/12024
f 1971/1971/12025 2025/2025/12026 2052/2052/12027
f 1971/1971/12028 2052/2052/12029 1998/1998/12030
f 1999/1999/12031 2053/2053/12032 2054/2054/12033
f 1999/1999/12034 2054/2054/12035 2000/2000/12036
f 2027/2027/12037 2081/2081/12038 2080/2080/12039
f 2027/2027/12040 2080/2080/12041 2026/2026/12042
f 2000/2000/12043 2054/2054/12044 2055/2055/12045
f 2000/2000/12046 2055/2055/12047 2001/2001/12048
f 2028/2028/12049 2082/2082/12050 2081/2081/12051
f 2028/2028/12052 2081/2081/12053 2027/2027/12054
f 2001/2001/12055 2055/2055/12056 2056/2056/12057
f 2001/2001/12058 2056/2056/12059 2002/2002/12060
f 2029/2029/12061 2083/2083/12062 2082/2082/12063
f 2029/2029/12064 2082/2082/12065 2028/2028/12066
f 2002/2002/12067 2056/2056/12068 2057/2057/12069
f 2002/2002/12070 2057/2057/12071 2003/2003/12072
f 2030/2030/12073 2084/2084/12074 2083/2083/12075
f 2030/2030/12076 2083/2083/12077 2029/2029/12078
f 2003/2003/12079 2057/2057/12080 2058/2058/12081
f 2003/2003/12082 2058/2058/12083 2004/2004/12084
f 2031/2031/12085 2085/2085/12086 2084/2084/12087
f 2031/2031/12088 2084/2084/12089 2030/2030/12090
f 2004/2004/12091 2058/2058/12092 2059/2059/12093
f 2004/2004/12094 2059/2059/12095 2005/2005/12096
f 2032/2032/12097 2086/2086/12098 2085/2085/12099
f 2032/2032/12100 2085/2085/12101 2031/2031/12102
f 2005/2005/12103 2059/2059/12104 2060/2060/12105
f 2005/2005/12106 2060/2060/12107 2006/2006/12108
f 2033/2033/12109 2087/2087/12110 2086/2086/12111
f 2033/2033/12112 2086/2086/12113 2032/2032/12114
f 2006/2006/12115 2060/2060/12116 2061/2061/12117
f 2006/2006/12118 2061/2061/12119 2007/2007/12120
f 2034/2034/12121 2088/2088/12122 2087/2087/12123
f 2034/2034/12124 2087/2087/12125 2033/2033/12126
f 2007/2007/12127 2061/2061/12128 2062/2062/12129
f 2007/2007/12130 2062/2062/12131 2008/2008/12132
f 2035/2035/12133 2089/2089/12134 2088/2088/12135
f 2035/2035/12136 2088/2088/12137 2034/2034/12138
f 2008/2008/12139 2062/2062/12140 2063/2063/12141
f 2008/2008/12142 2063/2063/12143 2009/2009/12144
f 2036/2036/12145 2090/2090/12146 2089/2089/12147
f 2036/2036/12148 2089/2089/12149 2035/2035/12150
f 2009/2009/12151 2063/2063/12152 2064/2064/12153
f 2009/2009/12154 2064/2064/12155 2010/2010/12156
f 2037/2037/12157 2091/2091/12158 2090/2090/12159
f 2037/2037/12160 2090/2090/12161 2036/2036/12162
f 2010/2010/12163 2064/2064/12164 2065/2065/12165
f 2010/2010/12166 2065/2065/12167 2011/2011/12168
f 2038/2038/12169 2092/2092/12170 2091/2091/12171
f 2038/2038/12172 2091/2091/12173 2037/2037/12174
f 2011/2011/12175 2065/2065/12176 2066/2066/12177
f 2011/2011/12178 2066/2066/12179 2012/2012/12180
f 2039/2039/12181 2093/2093/12182 2092/2092/12183
f 2039/2039/12184 2092/2092/12185 2038/2038/12186
f 2012/2012/12187 2066/2066/12188 2067/2067/12189
f 2012/2012/12190 2067/2067/12191 2013/2013/12192
f 2040/2040/12193 2094/2094/12194 2093/2093/12195
f 2040/2040/12196 2093/2093/12197 2039/2039/12198
f 2013/2013/12199 2067/2067/12200 2068/2068/12201
f 2013/2013/12202 2068/2068/12203 2014/2014/12204
f 2041/2041/12205 2095/2095/12206 2094/2094/12207
f 2041/2041/12208 2094/2094/12209 2040/2040/12210
f 2014/2014/12211 2068/2068/12212 2069/2069/12213
f 2014/2014/12214 2069/2069/12215 2015/2015/12216
f 2042/2042/12217 2096/2096/12218 2095/2095/12219
f 2042/2042/12220 2095/2095/12221 2041/2041/12222
f 2015/2015/12223 2069/2069/12224 2070/2070/12225
f 2015/2015/12226 2070/2070/12227 2016/2016/12228
f 2043/2043/12229 2097/2097/12230 2096/2096/12231
f 2043/2043/12232 2096/2096/12233 2042/2042/12234
f 2016/2016/12235 2070/2070/12236 2071/2071/12237
f 2016/2016/12238 2071/2071/12239 2017/2017/12240
f 2044/2044/12241 2098/2098/12242 2097/2097/12243
f 2044/2044/12244 2097/2097/12245 2043/2043/12246
f 2017/2017/12247 2071/2071/12248 2072/2072/12249
f 2017/2017/12250 2072/2072/12251 2018/2018/12252
f 2045/2045/12253 2099/2099/12254 2098/2098/12255
f 2045/2045/12256 2098/2098/12257 2044/2044/12258
f 2018/2018/12259 2072/2072/12260 2073/2073/12261
f 2018/2018/12262 2073/2073/12263 2019/2019/12264
f 2046/2046/12265 2100/2100/12266 2099/2099/12267
f 2046/2046/12268 2099/2099/12269 2045/2045/12270
f 2019/2019/12271 2073/2073/12272 2074/2074/12273
f 2019/2019/12274 2074/2074/12275 2020/2020/12276
f 2047/2047/12277 2101/2101/12278 2100/2100/12279
f 2047/2047/12280 2100/2100/12281 2046/2046/12282
f 2020/2020/12283 2074/2074/12284 2075/2075/12285
f 2020/2020/12286 2075/2075/12287 2021/2021/12288
f 2048/2048/12289 2102/2102/12290 2101/2101/12291
f 2048/2048/12292 2101/2101/12293 2047/2047/12294
f 2021/2021/12295 2075/2075/12296 2076/2076/12297
f 2021/2021/12298 2076/2076/12299 2022/2022/12300
f 2049/2049/12301 2103/2103/12302 2102/2102/12303
f 2049/2049/12304 2102/2102/12305 2048/2048/12306
f 2022/2022/12307 2076/2076/12308 2077/2077/12309
f 2022/2022/12310 2077/2077/12311 2023/2023/12312
f 2050/2050/12313 2104/2104/12314 2103/2103/12315
f 2050/2050/12316 2103/2103/12317 2049/2049/12318
f 2023/2023/12319 2077/2077/12320 2078/2078/12321
f 2023/2023/12322 2078/2078/12323 2024/2024/12324
f 2051/2051/12325 2105/2105/12326 2104/2104/12327
f 2051/2051/12328 2104/2104/12329 2050/2050/12330
f 2024/2024/12331 2078/2078/12332 2079/2079/12333
f 2024/2024/12334 2079/2079/12335 2025/2025/12336
f 2052/2052/12337 2106/2106/12338 2105/2105/12339
f 2052/2052/12340 2105/2105/12341 2051/2051/12342
f 2026/2026/12343 2080/2080/12344 2053/2053/12345
f 2026/2026/12346 2053/2053/12347 1999/1999/12348
f 2025/2025/12349 2079/2079/12350 2106/2106/12351
f 2025/2025/12352 2106/2106/12353 2052/2052/12354
f 2053/2053/12355 2107/2107/12356 2108/2108/12357
f 2053/2053/12358 2108/2108/12359 2054/2054/12360
f 2081/2081/12361 2135/2135/12362 2134/2134/12363
f 2081/2081/12364 2134/2134/12365 2080/2080/12366
f 2054/2054/12367 2108/2108/12368 2109/2109/12369
f 2054/2054/12370 2109/2109/12371 2055/2055/12372
f 2082/2082/12373 2136/2136/12374 2135/2135/12375
f 2082/2082/12376 2135/2135/12377 2081/2081/12378
f 2055/2055/12379 2109/2109/12380 2110/2110/12381
f 2055/2055/12382 2110/2110/12383 2056/2056/12384
f 2083/2083/12385 2137/2137/12386 2136/2136/12387
f 2083/2083/12388 2136/2136/12389 2082/2082/12390
f 2056/2056/12391 2110/2110/12392 2111/2111/12393
f 2056/2056/12394 2111/2111/12395 2057/2057/12396
f 2084/2084/12397 2138/2138/12398 2137/2137/12399
f 2084/2084/12400 2137/2137/12401 2083/2083/12402
f 2057/2057/12403 2111/2111/12404 2112/2112/12405
f 2057/2057/12406 2112/2112/12407 2058/2058/12408
f 2085/2085/12409 2139/2139/12410 2138/2138/12411
f 2085/2085/12412 2138/2138/12413 2084/2084/12414
f 2058/2058/12415 2112/2112/12416 2113/2113/12417
f 2058/2058/12418 2113/2113/12419 2059/2059/12420
f 2086/2086/12421 2140/2140/12422 2139/2139/12423
f 2086/2086/12424 2139/2139/12425 2085/2085/12426
f 2059/2059/12427 2113/2113/12428 2114/2114/12429
f 2059/2059/12430 2114/2114/12431 2060/2060/12432
f 2087/2087/12433 2141/2141/12434 2140/2140/12435
f 2087/2087/12436 2140/2140/12437 2086/2086/12438
f 2060/2060/12439 2114/2114/12440 2115/2115/12441
f 2060/2060/12442 2115/2115/12443 2061/2061/12444
f 2088/2088/12445 2142/2142/12446 2141/2141/12447
f 2088/2088/12448 2141/2141/12449 2087/2087/12450
f 2061/2061/12451 2115/2115/12452 2116/2116/12453
f 2061/2061/12454 2116/2116/12455 2062/2062/12456
f 2089/2089/12457 2143/2143/12458 2142/2142/12459
f 2089/2089/12460 2142/2142/12461 2088/2088/12462
f 2062/2062/12463 2116/2116/12464 2117/2117/12465
f 2062/2062/12466 2117/2117/12467 2063/2063/12468
f 2090/2090/12469 2144/2144/12470 2143/2143/12471
f 2090/2090/12472 2143/2143/12473 2089/2089/12474
f 2063/2063/12475 2117/2117/12476 2118/2118/12477
f 2063/2063/12478 2118/2118/12479 2064/2064/12480
f 2091/2091/12481 2145/2145/12482 2144/2144/12483
f 2091/2091/12484 2144/2144/12485 2090/2090/12486
f 2064/2064/12487 2118/2118/12488 2119/2119/12489
f 2064/2064/12490 2119/2119/12491 2065/2065/12492
f 2092/2092/12493 2146/2146/12494 2145/2145/12495
f 2092/2092/12496 2145/2145/12497 2091/2091/12498
f 2065/2065/12499 2119/2119/12500 2120/2120/12501
f 2065/2065/12502 2120/2120/12503 2066/2066/12504
f 2093/2093/12505 2147/2147/12506 2146/2146/12507
f 2093/2093/12508 2146/2146/12509 2092/2092/12510
f 2066/2066/12511 2120/2120/12512 2121/2121/12513
f 2066/2066/12514 2121/2121/12515 2067/2067/12516
f 2094/2094/12517 2148/2148/12518 2147/2147/12519
f 2094/2094/12520 2147/2147/12521 2093/2093/12522
f 2067/2067/12523 2121/2121/12524 2122/2122/12525
f 2067/2067/12526 2122/2122/12527 2068/2068/12528
f 2095/2095/12529 2149/2149/12530 2148/2148/12531
f 2095/2095/12532 2148/2148/12533 2094/2094/12534
f 2068/2068/12535 2122/2122/12536 2123/2123/12537
f 2068/2068/12538 2123/2123/12539 2069/2069/12540
f 2096/2096/12541 2150/2150/12542 2149/2149/12543
f 2096/2096/12544 2149/2149/12545 2095/2095/12546
f 2069/2069/12547 2123/2123/12548 2124/2124/12549
f 2069/2069/12550 2124/2124/12551 2070/2070/12552
f 2097/2097/12553 2151/2151/12554 2150/2150/12555
f 2097/2097/12556 2150/2150/12557 2096/2096/12558
f 2070/2070/12559 2124/2124/12560 2125/2125/12561
f 2070/2070/12562 2125/2125/12563 2071/2071/12564
f 2098/2098/12565 2152/2152/12566 2151/2151/12567
f 2098/2098/12568 2151/2151/12569 2097/2097/12570
f 2071/2071/12571 2125/2125/12572 2126/2126/12573
f 2071/2071/12574 2126/2126/12575 2072/2072/12576
f 2099/2099/12577 2153/2153/12578 2152/2152/12579
f 2099/2099/12580 2152/2152/12581 2098/2098/12582
f 2072/2072/12583 2126/2126/12584 2127/2127/12585
f 2072/2072/12586 2127/2127/12587 2073/2073/12588
f 2100/2100/12589 2154/2154/12590 2153/2153/12591
f 2100/2100/12592 2153/2153/12593 2099/2099/12594
f 2073/2073/12595 2127/2127/12596 2128/2128/12597
f 2073/2073/12598 2128/2128/12599 2074/2074/12600
f 2101/2101/12601 2155/2155/12602 2154/2154/12603
f 2101/2101/12604 2154/2154/12605 2100/2100/12606
f 2074/2074/12607 2128/2128/12608 2129/2129/12609
f 2074/2074/12610 2129/2129/12611 2075/2075/12612
f 2102/2102/12613 2156/2156/12614 2155/2155/12615
f 2102/2102/12616 2155/2155/12617 2101/2101/12618
f 2075/2075/12619 2129/2129/12620 2130/2130/12621
f 2075/2075/12622 2130/2130/12623 2076/2076/12624
f 2103/2103/12625 2157/2157/12626 2156/2156/12627
f 2103/2103/12628 2156/2156/12629 2102/2102/12630
f 2076/2076/12631 2130/2130/12632 2131/2131/12633
f 2076/2076/12634 2131/2131/12635 2077/2077/12636
f 2104/2104/12637 2158/2158/12638 2157/2157/12639
f 2104/2104/12640 2157/2157/12641 2103/2103/12642
f 2077/2077/12643 2131/2131/12644 2132/2132/12645
f 2077/2077/12646 2132/2132/12647 2078/2078/12648
f 2105/2105/12649 2159/2159/12650 2158/2158/12651
f 2105/2105/12652 2158/2158/12653 2104/2104/12654
f 2078/2078/12655 2132/2132/12656 2133/2133/12657
f 2078/2078/12658 2133/2133/12659 2079/2079/12660
f 2106/2106/12661 2160/2160/12662 2159/2159/12663
f 2106/2106/12664 2159/2159/12665 2105/2105/12666
f 2080/2080/12667 2134/2134/12668 2107/2107/12669
f 2080/2080/12670 2107/2107/12671 2053/2053/12672
f 2079/2079/12673 2133/2133/12674 2160/2160/12675
f 2079/2079/12676 2160/2160/12677 2106/2106/12678
f 2107/2107/12679 2161/2161/12680 2162/2162/12681
f 2107/2107/12682 2162/2162/12683 2108/2108/12684
f 2135/2135/12685 2189/2189/12686 2188/2188/12687
f 2135/2135/12688 2188/2188/12689 2134/2134/12690
f 2108/2108/12691 2162/2162/12692 2163/2163/12693
f 2108/2108/12694 2163/2163/12695 2109/2109/12696
f 2136/2136/12697 2190/2190/12698 2189/2189/12699
f 2136/2136/12700 2189/2189/12701 2135/2135/12702
f 2109/2109/12703 2163/2163/12704 2164/2164/12705
f 2109/2109/12706 2164/2164/12707 2110/2110/12708
f 2137/2137/12709 2191/2191/12710 2190/2190/12711
f 2137/2137/12712 2190/2190/12713 2136/2136/12714
f 2110/2110/12715 2164/2164/12716 2165/2165/12717
f 2110/2110/12718 2165/2165/12719 2111/2111/12720
f 2138/2138/12721 2192/2192/12722 2191/2191/12723
f 2138/2138/12724 2191/2191/12725 2137/2137/12726
f 2111/2111/12727 2165/2165/12728 2166/2166/12729
f 2111/2111/12730 2166/2166/12731 2112/2112/12732
f 2139/2139/12733 2193/2193/12734 2192/2192/12735
f 2139/2139/12736 2192/2192/12737 2138/2138/12738
f 2112/2112/12739 2166/2166/12740 2167/2167/12741
f 2112/2112/12742 2167/2167/12743 2113/2113/12744
f 2140/2140/12745 2194/2194/12746 2193/2193/12747
f 2140/2140/12748 2193/2193/12749 2139/2139/12750
f 2113/2113/12751 2167/2167/12752 2168/2168/12753
f 2113/2113/12754 2168/2168/12755 2114/2114/12756
f 2141/2141/12757 2195/2195/12758 2194/2194/12759
f 2141/2141/12760 2194/2194/12761 2140/2140/12762
f 2114/2114/12763 2168/2168/12764 2169/2169/12765
f 2114/2114/12766 2169/2169/12767 2115/2115/12768
f 2142/2142/12769 2196/2196/12770 2195/2195/12771
f 2142/2142/12772 2195/2195/12773 2141/2141/12774
f 2115/2115/12775 2169/2169/12776 2170/2170/12777
f 2115/2115/12778 2170/2170/12779 2116/2116/12780
f 2143/2143/12781 2197/2197/12782 2196/2196/12783
f 2143/2143/12784 2196/2196/12785 2142/2142/12786
f 2116/2116/12787 2170/2170/12788 2171/2171/12789
f 2116/2116/12790 2171/2171/12791 2117/2117/12792
f 2144/2144/12793 2198/2198/12794 2197/2197/12795
f 2144/2144/12796 2197/2197/12797 2143/2143/12798
f 2117/2117/12799 2171/2171/12800 2172/2172/12801
f 2117/2117/12802 2172/2172/12803 2118/2118/12804
f 2145/2145/12805 2199/2199/12806 2198/2198/12807
f 2145/2145/12808 2198/2198/12809 2144/2144/12810
f 2118/2118/12811 2172/2172/12812 2173/2173/12813
f 2118/2118/12814 2173/2173/12815 2119/2119/12816
f 2146/2146/12817 2200/2200/12818 2199/2199/12819
f 2146/2146/12820 2199/2199/12821 2145/2145/12822
f 2119/2119/12823 2173/2173/12824 2174/2174/12825
f 2119/2119/12826 2174/2174/12827 2120/2120/12828
f 2147/2147/12829 2201/2201/12830 2200/2200/12831
f 2147/2147/12832 2200/2200/12833 2146/2146/12834
f 2120/2120/12835 2174/2174/12836 2175/2175/12837
f 2120/2120/12838 2175/2175/12839 2121/2121/12840
f 2148/2148/12841 2202/2202/12842 2201/2201/12843
f 2148/2148/12844 2201/2201/12845 2147/2147/12846
f 2121/2121/12847 2175/2175/12848 2176/2176/12849
f 2121/2121/12850 2176/2176/12851 2122/2122/12852
f 2149/2149/12853 2203/2203/12854 2202/2202/12855
f 2149/2149/12856 2202/2202/12857 2148/2148/12858
f 2122/2122/12859 2176/2176/12860 2177/2177/12861
f 2122/2122/12862 2177/2177/12863 2123/2123/12864
f 2150/2150/12865 2204/2204/12866 2203/2203/12867
f 2150/2150/12868 2203/2203/12869 2149/2149/12870
f 2123/2123/12871 2177/2177/12872 2178/2178/12873
f 2123/2123/12874 2178/2178/12875 2124/2124/12876
f 2151/2151/12877 2205/2205/12878 2204/2204/12879
f 2151/2151/12880 2204/2204/12881 2150/2150/12882
f 2124/2124/12883 2178/2178/12884 2179/2179/12885
f 2124/2124/12886 2179/2179/12887 2125/2125/12888
f 2152/2152/12889 2206/2206/12890 2205/2205/12891
f 2152/2152/12892 2205/2205/12893 2151/2151/12894
f 2125/2125/12895 2179/2179/12896 2180/2180/12897
f 2125/2125/12898 2180/2180/12899 2126/2126/12900
f 2153/2153/12901 2207/2207/12902 2206/2206/12903
f 2153/2153/12904 2206/2206/12905 2152/2152/12906
f 2126/2126/12907 2180/2180/12908 2181/2181/12909
f 2126/2126/12910 2181/2181/12911 2127/2127/12912
f 2154/2154/12913 2208/2208/12914 2207/2207/12915
f 2154/2154/12916 2207/2207/12917 2153/2153/12918
f 2127/2127/12919 2181/2181/12920 2182/2182/12921
f 2127/2127/12922 2182/2182/12923 2128/2128/12924
f 2155/2155/12925 2209/2209/12926 2208/2208/12927
f 2155/2155/12928 2208/2208/12929 2154/2154/12930
f 2128/2128/12931 2182/2182/12932 2183/2183/12933
f 2128/2128/12934 2183/2183/12935 2129/2129/12936
f 2156/2156/12937 2210/2210/12938 2209/2209/12939
f 2156/2156/12940 2209/2209/12941 2155/2155/12942
f 2129/2129/12943 2183/2183/12944 2184/2184/12945
f 2129/2129/12946 2184/2184/12947 2130/2130/12948
f 2157/2157/12949 2211/2211/12950 2210/2210/12951
f 2157/2157/12952 2210/2210/12953 2156/2156/12954
f 2130/2130/12955 2184/2184/12956 2185/2185/12957
f 2130/2130/12958 2185/2185/12959 2131/2131/12960
f 2158/2158/12961 2212/2212/12962 2211/2211/12963
f 2158/2158/12964 2211/2211/12965 2157/2157/12966
f 2131/2131/12967 2185/2185/12968 2186/2186/12969
f 2131/2131/12970 2186/2186/12971 2132/2132/12972
f 2159/2159/12973 2213/2213/12974 2212/2212/12975
f 2159/2159/12976 2212/2212/12977 2158/2158/12978
f 2132/2132/12979 2186/2186/12980 2187/2187/12981
f 2132/2132/12982 2187/2187/12983 2133/2133/12984
f 2160/2160/12985 2214/2214/12986 2213/2213/12987
f 2160/2160/12988 2213/2213/12989 2159/2159/12990
f 2134/2134/12991 2188/2188/12992 2161/2161/12993
f 2134/2134/12994 2161/2161/12995 2107/2107/12996
f 2133/2133/12997 2187/2187/12998 2214/2214/12999
f 2133/2133/13000 2214/2214/13001 2160/2160/13002
f 1/1/13003 2/2/13004 2216/2216/13005
f 1/1/13006 2216/2216/13007 2215/2215/13008
f 2/2/13009 3/3/13010 2217/2217/13011
f 2/2/13012 2217/2217/13013 2216/2216/13014
f 3/3/13015 4/4/13016 2218/2218/13017
f 3/3/13018 2218/2218/13019 2217/2217/13020
f 4/4/13021 5/5/13022 2219/2219/13023
f 4/4/13024 2219/2219/13025 2218/2218/13026
f 5/5/13027 6/6/13028 2220/2220/13029
f 5/5/13030 2220/2220/13031 2219/2219/13032
f 6/6/13033 7/7/13034 2221/2221/13035
f 6/6/13036 2221/2221/13037 2220/2220/13038
f 7/7/13039 8/8/13040 2222/2222/13041
f 7/7/13042 2222/2222/13043 2221/2221/13044
f 8/8/13045 9/9/13046 2223/2223/13047
f 8/8/13048 2223/2223/13049 2222/2222/13050
f 9/9/13051 10/10/13052 2224/2224/13053
f 9/9/13054 2224/2224/13055 2223/2223/13056
f 10/10/13057 11/11/13058 2225/2225/13059
f 10/10/13060 2225/2225/13061 2224/2224/13062
f 11/11/13063 12/12/13064 2226/2226/13065
f 11/11/13066 2226/2226/13067 2225/2225/13068
f 12/12/13069 13/13/13070 2227/2227/13071
f 12/12/13072 2227/2227/13073 2226/2226/13074
f 13/13/13075 14/14/13076 2228/2228/13077
f 13/13/13078 2228/2228/13079 2227/2227/13080
f 14/14/13081 15/15/13082 2229/2229/13083
f 14/14/13084 2229/2229/13085 2228/2228/13086
f 15/15/13087 16/16/13088 2230/2230/13089
f 15/15/13090 2230/2230/13091 2229/2229/13092
f 16/16/13093 17/17/13094 2231/2231/13095
f 16/16/13096 2231/2231/13097 2230/2230/13098
f 17/17/13099 18/18/13100 2232/2232/13101
f 17/17/13102 2232/2232/13103 2231/2231/13104
f 18/18/13105 19/19/13106 2233/2233/13107
f 18/18/13108 2233/2233/13109 2232/2232/13110
f 19/19/13111 20/20/13112 2234/2234/13113
f 19/19/13114 2234/2234/13115 2233/2233/13116
f 20/20/13117 21/21/13118 2235/2235/13119
f 20/20/13120 2235/2235/13121 2234/2234/13122
f 21/21/13123 22/22/13124 2236/2236/13125
f 21/21/13126 2236/2236/13127 2235/2235/13128
f 22/22/13129 23/23/13130 2237/2237/13131
f 22/22/13132 2237/2237/13133 2236/2236/13134
f 23/23/13135 24/24/13136 2238/2238/13137
f 23/23/13138 2238/2238/13139 2237/2237/13140
f 24/24/13141 25/25/13142 2239/2239/13143
f 24/24/13144 2239/2239/13145 2238/2238/13146
f 25/25/13147 26/26/13148 2240/2240/13149
f 25/25/13150 2240/2240/13151 2239/2239/13152
f 26/26/13153 27/27/13154 2241/2241/13155
f 26/26/13156 2241/2241/13157 2240/2240/13158
f 2215/2215/13159 2216/2216/13160 2243/2243/13161
f 2215/2215/13162 2243/2243/13163 2242/2242/13164
f 2216/2216/13165 2217/2217/13166 2244/2244/13167
f 2216/2216/13168 2244/2244/13169 2243/2243/13170
f 2217/2217/13171 2218/2218/13172 2245/2245/13173
f 2217/2217/13174 2245/2245/13175 2244/2244/13176
f 2218/2218/13177 2219/2219/13178 2246/2246/13179
f 2218/2218/13180 2246/2246/13181 2245/2245/13182
f 2219/2219/13183 2220/2220/13184 2247/2247/13185
f 2219/2219/13186 2247/2247/13187 2246/2246/13188
f 2220/2220/13189 2221/2221/13190 2248/2248/13191
f 2220/2220/13192 2248/2248/13193 2247/2247/13194
f 2221/2221/13195 2222/2222/13196 2249/2249/13197
f 2221/2221/13198 2249/2249/13199 2248/2248/13200
f 2222/2222/13201 2223/2223/13202 2250/2250/13203
f 2222/2222/13204 2250/2250/13205 2249/2249/13206
f 2223/2223/13207 2224/2224/13208 2251/2251/13209
f 2223/2223/13210 2251/2251/13211 2250/2250/13212
f 2224/2224/13213 2225/2225/13214 2252/2252/13215
f 2224/2224/13216 2252/2252/13217 2251/2251/13218
f 2225/2225/13219 2226/2226/13220 2253/2253/13221
f 2225/2225/13222 2253/2253/13223 2252/2252/13224
f 2226/2226/13225 2227/2227/13226 2254/2254/13227
f 2226/2226/13228 2254/2254/13229 2253/2253/13230
f 2227/2227/13231 2228/2228/13232 2255/2255/13233
f 2227/2227/13234 2255/2255/13235 2254/2254/13236
f 2228/2228/13237 2229/2229/13238 2256/2256/13239
f 2228/2228/13240 2256/2256/13241 2255/2255/13242
f 2229/2229/13243 2230/2230/13244 2257/2257/13245
f 2229/2229/13246 2257/2257/13247 2256/2256/13248
f 2230/2230/13249 2231/2231/13250 2258/2258/13251
f 2230/2230/13252 2258/2258/13253 2257/2257/13254
f 2231/2231/13255 2232/2232/13256 2259/2259/13257
f 2231/2231/13258 2259/2259/13259 2258/2258/13260
f 2232/2232/13261 2233/2233/13262 2260/2260/13263
f 2232/2232/13264 2260/2260/13265 2259/2259/13266
f 2233/2233/13267 2234/2234/13268 2261/2261/13269
f 2233/2233/13270 2261/2261/13271 2260/2260/13272
f 2234/2234/13273 2235/2235/13274 2262/2262/13275
f 2234/2234/13276 2262/2262/13277 2261/2261/13278
f 2235/2235/13279 2236/2236/13280 2263/2263/13281
f 2235/2235/13282 2263/2263/13283 2262/2262/13284
f 2236/2236/13285 2237/2237/13286 2264/2264/13287
f 2236/2236/13288 2264/2264/13289 2263/2263/13290
f 2237/2237/13291 2238/2238/13292 2265/2265/13293
f 2237/2237/13294 2265/2265/13295 2264/2264/13296
f 2238/2238/13297 2239/2239/13298 2266/2266/13299
f 2238/2238/13300 2266/2266/13301 2265/2265/13302
f 2239/2239/13303 2240/2240/13304 2267/2267/13305
f 2239/2239/13306 2267/2267/13307 2266/2266/13308
f 2240/2240/13309 2241/2241/13310 2268/2268/13311
f 2240/2240/13312 2268/2268/13313 2267/2267/13314
f 2242/2242/13315 2243/2243/13316 2270/2270/13317
f 2242/2242/13318 2270/2270/13319 2269/2269/13320
f 2243/2243/13321 2244/2244/13322 2271/2271/13323
f 2243/2243/13324 2271/2271/13325 2270/2270/13326
f 2244/2244/13327 2245/2245/13328 2272/2272/13329
f 2244/2244/13330 2272/2272/13331 2271/2271/13332
f 2245/2245/13333 2246/2246/13334 2273/2273/13335
f 2245/2245/13336 2273/2273/13337 2272/2272/13338
f 2246/2246/13339 2247/2247/13340 2274/2274/13341
f 2246/2246/13342 2274/2274/13343 2273/2273/13344
f 2247/2247/13345 2248/2248/13346 2275/2275/13347
f 2247/2247/13348 2275/2275/13349 2274/2274/13350
f 2248/2248/13351 2249/2249/13352 2276/2276/13353
f 2248/2248/13354 2276/2276/13355 2275/2275/13356
f 2249/2249/13357 2250/2250/13358 2277/2277/13359
f 2249/2249/13360 2277/2277/13361 2276/2276/13362
f 2250/2250/13363 2251/2251/13364 2278/2278/13365
f 2250/2250/13366 2278/2278/13367 2277/2277/13368
f 2251/2251/13369 2252/2252/13370 2279/2279/13371
f 2251/2251/13372 2279/2279/13373 2278/2278/13374
f 2252/2252/13375 2253/2253/13376 2280/2280/13377
f 2252/2252/13378 2280/2280/13379 2279/2279/13380
f 2253/2253/13381 2254/2254/13382 2281/2281/13383
f 2253/2253/13384 2281/2281/13385 2280/2280/13386
f 2254/2254/13387 2255/2255/13388 2282/2282/13389
f 2254/2254/13390 2282/2282/13391 2281/2281/13392
f 2255/2255/13393 2256/2256/13394 2283/2283/13395
f 2255/2255/13396 2283/2283/13397 2282/2282/13398
f 2256/2256/13399 2257/2257/13400 2284/2284/13401
f 2256/2256/13402 2284/2284/13403 2283/2283/13404
f 2257/2257/13405 2258/2258/13406 2285/2285/13407
f 2257/2257/13408 2285/2285/13409 2284/2284/13410
f 2258/2258/13411 2259/2259/13412 2286/2286/13413
f 2258/2258/13414 2286/2286/13415 2285/2285/13416
f 2259/2259/13417 2260/2260/13418 2287/2287/13419
f 2259/2259/13420 2287/2287/13421 2286/2286/13422
f 2260/2260/13423 2261/2261/13424 2288/2288/13425
f 2260/2260/13426 2288/2288/13427 2287/2287/13428
f 2261/2261/13429 2262/2262/13430 2289/2289/13431
f 2261/2261/13432 2289/2289/13433 2288/2288/13434
f 2262/2262/13435 2263/2263/13436 2290/2290/13437
f 2262/2262/13438 2290/2290/13439 2289/2289/13440
f 2263/2263/13441 2264/2264/13442 2291/2291/13443
f 2263/2263/13444 2291/2291/13445 2290/2290/13446
f 2264/2264/13447 2265/2265/13448 2292/2292/13449
f 2264/2264/13450 2292/2292/13451 2291/2291/13452
f 2265/2265/13453 2266/2266/13454 2293/2293/13455
f 2265/2265/13456 2293/2293/13457 2292/2292/13458
f 2266/2266/13459 2267/2267/13460 2294/2294/13461
f 2266/2266/13462 2294/2294/13463 2293/2293/13464
f 2267/2267/13465 2268/2268/13466 2295/2295/13467
f 2267/2267/13468 2295/2295/13469 2294/2294/13470
f 2269/2269/13471 2270/2270/13472 2297/2297/13473
f 2269/2269/13474 2297/2297/13475 2296/2296/13476
f 2270/2270/13477 2271/2271/13478 2298/2298/13479
f 2270/2270/13480 2298/2298/13481 2297/2297/13482
f 2271/2271/13483 2272/2272/13484 2299/2299/13485
f 2271/2271/13486 2299/2299/13487 2298/2298/13488
f 2272/2272/13489 2273/2273/13490 2300/2300/13491
f 2272/2272/13492 2300/2300/13493 2299/2299/13494
f 2273/2273/13495 2274/2274/13496 2301/2301/13497
f 2273/2273/13498 2301/2301/13499 2300/2300/13500
f 2274/2274/13501 2275/2275/13502 2302/2302/13503
f 2274/2274/13504 2302/2302/13505 2301/2301/13506
f 2275/2275/13507 2276/2276/13508 2303/2303/13509
f 2275/2275/13510 2303/2303/13511 2302/2302/13512
f 2276/2276/13513 2277/2277/13514 2304/2304/13515
f 2276/2276/13516 2304/2304/13517 2303/2303/13518
f 2277/2277/13519 2278/2278/13520 2305/2305/13521
f 2277/2277/13522 2305/2305/13523 2304/2304/13524
f 2278/2278/13525 2279/2279/13526 2306/2306/13527
f 2278/2278/13528 2306/2306/13529 2305/2305/13530
f 2279/2279/13531 2280/2280/13532 2307/2307/13533
f 2279/2279/13534 2307/2307/13535 2306/2306/13536
f 2280/2280/13537 2281/2281/13538 2308/2308/13539
f 2280/2280/13540 2308/2308/13541 2307/2307/13542
f 2281/2281/13543 2282/2282/13544 2309/2309/13545
f 2281/2281/13546 2309/2309/13547 2308/2308/13548
f 2282/2282/13549 2283/2283/13550 2310/2310/13551
f 2282/2282/13552 2310/2310/13553 2309/2309/13554
f 2283/2283/13555 2284/2284/13556 2311/2311/13557
f 2283/2283/13558 2311/2311/13559 2310/2310/13560
f 2284/2284/13561 2285/2285/13562 2312/2312/13563
f 2284/2284/13564 2312/2312/13565 2311/2311/13566
f 2285/2285/13567 2286/2286/13568 2313/2313/13569
f 2285/2285/13570 2313/2313/13571 2312/2312/13572
f 2286/2286/13573 2287/2287/13574 2314/2314/13575
f 2286/2286/13576 2314/2314/13577 2313/2313/13578
f 2287/2287/13579 2288/2288/13580 2315/2315/13581
f 2287/2287/13582 2315/2315/13583 2314/2314/13584
f 2288/2288/13585 2289/2289/13586 2316/2316/13587
f 2288/2288/13588 2316/2316/13589 2315/2315/13590
f 2289/2289/13591 2290/2290/13592 2317/2317/13593
f 2289/2289/13594 2317/2317/13595 2316/2316/13596
f 2290/2290/13597 2291/2291/13598 2318/2318/13599
f 2290/2290/13600 2318/2318/13601 2317/2317/13602
f 2291/2291/13603 2292/2292/13604 2319/2319/13605
f 2291/2291/13606 2319/2319/13607 2318/2318/13608
f 2292/2292/13609 2293/2293/13610 2320/2320/13611
f 2292/2292/13612 2320/2320/13613 2319/2319/13614
f 2293/2293/13615 2294/2294/13616 2321/2321/13617
f 2293/2293/13618 2321/2321/13619 2320/2320/13620
f 2294/2294/13621 2295/2295/13622 2322/2322/13623
f 2294/2294/13624 2322/2322/13625 2321/2321/13626
f 2296/2296/13627 2297/2297/13628 2324/2324/13629
f 2296/2296/13630 2324/2324/13631 2323/2323/13632
f 2297/2297/13633 2298/2298/13634 2325/2325/13635
f 2297/2297/13636 2325/2325/13637 2324/2324/13638
f 2298/2298/13639 2299/2299/13640 2326/2326/13641
f 2298/2298/13642 2326/2326/13643 2325/2325/13644
f 2299/2299/13645 2300/2300/13646 2327/2327/13647
f 2299/2299/13648 2327/2327/13649 2326/2326/13650
f 2300/2300/13651 2301/2301/13652 2328/2328/13653
f 2300/2300/13654 2328/2328/13655 2327/2327/13656
f 2301/2301/13657 2302/2302/13658 2329/2329/13659
f 2301/2301/13660 2329/2329/13661 2328/2328/13662
f 2302/2302/13663 2303/2303/13664 2330/2330/13665
f 2302/2302/13666 2330/2330/13667 2329/2329/13668
f 2303/2303/13669 2304/2304/13670 2331/2331/13671
f 2303/2303/13672 2331/2331/13673 2330/2330/13674
f 2304/2304/13675 2305/2305/13676 2332/2332/13677
f 2304/2304/13678 2332/2332/13679 2331/2331/13680
f 2305/2305/13681 2306/2306/13682 2333/2333/13683
f 2305/2305/13684 2333/2333/13685 2332/2332/13686
f 2306/2306/13687 2307/2307/13688 2334/2334/13689
f 2306/2306/13690 2334/2334/13691 2333/2333/13692
f 2307/2307/13693 2308/2308/13694 2335/2335/13695
f 2307/2307/13696 2335/2335/13697 2334/2334/13698
f 2308/2308/13699 2309/2309/13700 2336/2336/13701
f 2308/2308/13702 2336/2336/13703 2335/2335/13704
f 2309/2309/13705 2310/2310/13706 2337/2337/13707
f 2309/2309/13708 2337/2337/13709 2336/2336/13710
f 2310/2310/13711 2311/2311/13712 2338/2338/13713
f 2310/2310/13714 2338/2338/13715 2337/2337/13716
f 2311/2311/13717 2312/2312/13718 2339/2339/13719
f 2311/2311/13720 2339/2339/13721 2338/2338/13722
f 2312/2312/13723 2313/2313/13724 2340/2340/13725
f 2312/2312/13726 2340/2340/13727 2339/2339/13728
f 2313/2313/13729 2314/2314/13730 2341/2341/13731
f 2313/2313/13732 2341/2341/13733 2340/2340/13734
f 2314/2314/13735 2315/2315/13736 2342/2342/13737
f 2314/2314/13738 2342/2342/13739 2341/2341/13740
f 2315/2315/13741 2316/2316/13742 2343/2343/13743
f 2315/2315/13744 2343/2343/13745 2342/2342/13746
f 2316/2316/13747 2317/2317/13748 2344/2344/13749
f 2316/2316/13750 2344/2344/13751 2343/2343/13752
f 2317/2317/13753 2318/2318/13754 2345/2345/13755
f 2317/2317/13756 2345/2345/13757 2344/2344/13758
f 2318/2318/13759 2319/2319/13760 2346/2346/13761
f 2318/2318/13762 2346/2346/13763 2345/2345/13764
f 2319/2319/13765 2320/2320/13766 2347/2347/13767
f 2319/2319/13768 2347/2347/13769 2346/2346/13770
f 2320/2320/13771 2321/2321/13772 2348/2348/13773
f 2320/2320/13774 2348/2348/13775 2347/2347/13776
f 2321/2321/13777 2322/2322/13778 2349/2349/13779
f 2321/2321/13780 2349/2349/13781 2348/2348/13782
f 2323/2323/13783 2324/2324/13784 2351/2351/13785
f 2323/2323/13786 2351/2351/13787 2350/2350/13788
f 2324/2324/13789 2325/2325/13790 2352/2352/13791
f 2324/2324/13792 2352/2352/13793 2351/2351/13794
f 2325/2325/13795 2326/2326/13796 2353/2353/13797
f 2325/2325/13798 2353/2353/13799 2352/2352/13800
f 2326/2326/13801 2327/2327/13802 2354/2354/13803
f 2326/2326/13804 2354/2354/13805 2353/2353/13806
f 2327/2327/13807 2328/2328/13808 2355/2355/13809
f 2327/2327/13810 2355/2355/13811 2354/2354/13812
f 2328/2328/13813 2329/2329/13814 2356/2356/13815
f 2328/2328/13816 2356/2356/13817 2355/2355/13818
f 2329/2329/13819 2330/2330/13820 2357/2357/13821
f 2329/2329/13822 2357/2357/13823 2356/2356/13824
f 2330/2330/13825 2331/2331/13826 2358/2358/13827
f 2330/2330/13828 2358/2358/13829 2357/2357/13830
f 2331/2331/13831 2332/2332/13832 2359/2359/13833
f 2331/2331/13834 2359/2359/13835 2358/2358/13836
f 2332/2332/13837 2333/2333/13838 2360/2360/13839
f 2332/2332/13840 2360/2360/13841 2359/2359/13842
f 2333/2333/13843 2334/2334/13844 2361/2361/13845
f 2333/2333/13846 2361/2361/13847 2360/2360/13848
f 2334/2334/13849 2335/2335/13850 2362/2362/13851
f 2334/2334/13852 2362/2362/13853 2361/2361/13854
f 2335/2335/13855 2336/2336/13856 2363/2363/13857
f 2335/2335/13858 2363/2363/13859 2362/2362/13860
f 2336/2336/13861 2337/2337/13862 2364/2364/13863
f 2336/2336/13864 2364/2364/13865 2363/2363/13866
f 2337/2337/13867 2338/2338/13868 2365/2365/13869
f 2337/2337/13870 2365/2365/13871 2364/2364/13872
f 2338/2338/13873 2339/2339/13874 2366/2366/13875
f 2338/2338/13876 2366/2366/13877 2365/2365/13878
f 2339/2339/13879 2340/2340/13880 2367/2367/13881
f 2339/2339/13882 2367/2367/13883 2366/2366/13884
f 2340/2340/13885 2341/2341/13886 2368/2368/13887
f 2340/2340/13888 2368/2368/13889 2367/2367/13890
f 2341/2341/13891 2342/2342/13892 2369/2369/13893
f 2341/2341/13894 2369/2369/13895 2368/2368/13896
f 2342/2342/13897 2343/2343/13898 2370/2370/13899
f 2342/2342/13900 2370/2370/13901 2369/2369/13902
f 2343/2343/13903 2344/2344/13904 2371/2371/13905
f 2343/2343/13906 2371/2371/13907 2370/2370/13908
f 2344/2344/13909 2345/2345/13910 2372/2372/13911
f 2344/2344/13912 2372/2372/13913 2371/2371/13914
f 2345/2345/13915 2346/2346/13916 2373/2373/13917
f 2345/2345/13918 2373/2373/13919 2372/2372/13920
f 2346/2346/13921 2347/2347/13922 2374/2374/13923
f 2346/2346/13924 2374/2374/13925 2373/2373/13926
f 2347/2347/13927 2348/2348/13928 2375/2375/13929
f 2347/2347/13930 2375/2375/13931 2374/2374/13932
f 2348/2348/13933 2349/2349/13934 2376/2376/13935
f 2348/2348/13936 2376/2376/13937 2375/2375/13938
f 2350/2350/13939 2351/2351/13940 2378/2378/13941
f 2350/2350/13942 2378/2378/13943 2377/2377/13944
f 2351/2351/13945 2352/2352/13946 2379/2379/13947
f 2351/2351/13948 2379/2379/13949 2378/2378/13950
f 2352/2352/13951 2353/2353/13952 2380/2380/13953
f 2352/2352/13954 2380/2380/13955 2379/2379/13956
f 2353/2353/13957 2354/2354/13958 2381/2381/13959
f 2353/2353/13960 2381/2381/13961 2380/2380/13962
f 2354/2354/13963 2355/2355/13964 2382/2382/13965
f 2354/2354/13966 2382/2382/13967 2381/2381/13968
f 2355/2355/13969 2356/2356/13970 2383/2383/13971
f 2355/2355/13972 2383/2383/13973 2382/2382/13974
f 2356/2356/13975 2357/2357/13976 2384/2384/13977
f 2356/2356/13978 2384/2384/13979 2383/2383/13980
f 2357/2357/13981 2358/2358/13982 2385/2385/13983
f 2357/2357/13984 2385/2385/13985 2384/2384/13986
f 2358/2358/13987 2359/2359/13988 2386/2386/13989
f 2358/2358/13990 2386/2386/13991 2385/2385/13992
f 2359/2359/13993 2360/2360/13994 2387/2387/13995
f 2359/2359/13996 2387/2387/13997 2386/2386/13998
f 2360/2360/13999 2361/2361/14000 2388/2388/14001
f 2360/2360/14002 2388/2388/14003 2387/2387/14004
f 2361/2361/14005 2362/2362/14006 2389/2389/14007
f 2361/2361/14008 2389/2389/14009 2388/2388/14010
f 2362/2362/14011 2363/2363/14012 2390/2390/14013
f 2362/2362/14014 2390/2390/14015 2389/2389/14016
f 2363/2363/14017 2364/2364/14018 2391/2391/14019
f 2363/2363/14020 2391/2391/14021 2390/2390/14022
f 2364/2364/14023 2365/2365/14024 2392/2392/14025
f 2364/2364/14026 2392/2392/14027 2391/2391/14028
f 2365/2365/14029 2366/2366/14030 2393/2393/14031
f 2365/2365/14032 2393/2393/14033 2392/2392/14034
f 2366/2366/14035 2367/2367/14036 2394/2394/14037
f 2366/2366/14038 2394/2394/14039 2393/2393/14040
f 2367/2367/14041 2368/2368/14042 2395/2395/14043
f 2367/2367/14044 2395/2395/14045 2394/2394/14046
f 2368/2368/14047 2369/2369/14048 2396/2396/14049
f 2368/2368/14050 2396/2396/14051 2395/2395/14052
f 2369/2369/14053 2370/2370/14054 2397/2397/14055
f 2369/2369/14056 2397/2397/14057 2396/2396/14058
f 2370/2370/14059 2371/2371/14060 2398/2398/14061
f 2370/2370/14062 2398/2398/14063 2397/2397/14064
f 2371/2371/14065 2372/2372/14066 2399/2399/14067
f 2371/2371/14068 2399/2399/14069 2398/2398/14070
f 2372/2372/14071 2373/2373/14072 2400/2400/14073
f 2372/2372/14074 2400/2400/14075 2399/2399/14076
f 2373/2373/14077 2374/2374/14078 2401/2401/14079
f 2373/2373/14080 2401/2401/14081 2400/2400/14082
f 2374/2374/14083 2375/2375/14084 2402/2402/14085
f 2374/2374/14086 2402/2402/14087 2401/2401/14088
f 2375/2375/14089 2376/2376/14090 2403/2403/14091
f 2375/2375/14092 2403/2403/14093 2402/2402/14094
f 2377/2377/14095 2378/2378/14096 29/29/14097
f 2377/2377/14098 29/29/14099 28/28/14100
f 2378/2378/14101 2379/2379/14102 30/30/14103
f 2378/2378/14104 30/30/14105 29/29/14106
f 2379/2379/14107 2380/2380/14108 31/31/14109
f 2379/2379/14110 31/31/14111 30/30/14112
f 2380/2380/14113 2381/2381/14114 32/32/14115
f 2380/2380/14116 32/32/14117 31/31/14118
f 2381/2381/14119 2382/2382/14120 33/33/14121
f 2381/2381/14122 33/33/14123 32/32/14124
f 2382/2382/14125 2383/2383/14126 34/34/14127
f 2382/2382/14128 34/34/14129 33/33/14130
f 2383/2383/14131 2384/2384/14132 35/35/14133
f 2383/2383/14134 35/35/14135 34/34/14136
f 2384/2384/14137 2385/2385/14138 36/36/14139
f 2384/2384/14140 36/36/14141 35/35/14142
f 2385/2385/14143 2386/2386/14144 37/37/14145
f 2385/2385/14146 37/37/14147 36/36/14148
f 2386/2386/14149 2387/2387/14150 38/38/14151
f 2386/2386/14152 38/38/14153 37/37/14154
f 2387/2387/14155 2388/2388/14156 39/39/14157
f 2387/2387/14158 39/39/14159 38/38/14160
f 2388/2388/14161 2389/2389/14162 40/40/14163
f 2388/2388/14164 40/40/14165 39/39/14166
f 2389/2389/14167 2390/2390/14168 41/41/14169
f 2389/2389/14170 41/41/14171 40/40/14172
f 2390/2390/14173 2391/2391/14174 42/42/14175
f 2390/2390/14176 42/42/14177 41/41/14178
f 2391/2391/14179 2392/2392/14180 43/43/14181
f 2391/2391/14182 43/43/14183 42/42/14184
f 2392/2392/14185 2393/2393/14186 44/44/14187
f 2392/2392/14188 44/44/14189 43/43/14190
f 2393/2393/14191 2394/2394/14192 45/45/14193
f 2393/2393/14194 45/45/14195 44/44/14196
f 2394/2394/14197 2395/2395/14198 46/46/14199
f 2394/2394/14200 46/46/14201 45/45/14202
f 2395/2395/14203 2396/2396/14204 47/47/14205
f 2395/2395/14206 47/47/14207 46/46/14208
f 2396/2396/14209 2397/2397/14210 48/48/14211
f 2396/2396/14212 48/48/14213 47/47/14214
f 2397/2397/14215 2398/2398/14216 49/49/14217
f 2397/2397/14218 49/49/14219 48/48/14220
f 2398/2398/14221 2399/2399/14222 50/50/14223
f 2398/2398/14224 50/50/14225 49/49/14226
f 2399/2399/14227 2400/2400/14228 51/51/14229
f 2399/2399/14230 51/51/14231 50/50/14232
f 2400/2400/14233 2401/2401/14234 52/52/14235
f 2400/2400/14236 52/52/14237 51/51/14238
f 2401/2401/14239 2402/2402/14240 53/53/14241
f 2401/2401/14242 53/53/14243 52/52/14244
f 2402/2402/14245 2403/2403/14246 54/54/14247
f 2402/2402/14248 54/54/14249 53/53/14250
f 2404/2404/14251 2162/2162/14252 2161/2161/14253
f 2404/2404/14254 2163/2163/14255 2162/2162/14256
f 2404/2404/14257 2164/2164/14258 2163/2163/14259
f 2404/2404/14260 2165/2165/14261 2164/2164/14262
f 2404/2404/14263 2166/2166/14264 2165/2165/14265
f 2404/2404/14266 2167/2167/14267 2166/2166/14268
f 2404/2404/14269 2168/2168/14270 2167/2167/14271
f 2404/2404/14272 2169/2169/14273 2168/2168/14274
f 2404/2404/14275 2170/2170/14276 2169/2169/14277
f 2404/2404/14278 2171/2171/14279 2170/2170/14280
f 2404/2404/14281 2172/2172/14282 2171/2171/14283
f 2404/2404/14284 2173/2173/14285 2172/2172/14286
f 2404/2404/14287 2174/2174/14288 2173/2173/14289
f 2404/2404/14290 2175/2175/14291 2174/2174/14292
f 2404/2404/14293 2176/2176/14294 2175/2175/14295
f 2404/2404/14296 2177/2177/14297 2176/2176/14298
f 2404/2404/14299 2178/2178/14300 2177/2177/14301
f 2404/2404/14302 2179/2179/14303 2178/2178/14304
f 2404/2404/14305 2180/2180/14306 2179/2179/14307
f 2404/2404/14308 2181/2181/14309 2180/2180/14310
f 2404/2404/14311 2182/2182/14312 2181/2181/14313
f 2404/2404/14314 2183/2183/14315 2182/2182/14316
f 2404/2404/14317 2184/2184/14318 2183/2183/14319
f 2404/2404/14320 2185/2185/14321 2184/2184/14322
f 2404/2404/14323 2186/2186/14324 2185/2185/14325
f 2404/2404/14326 2187/2187/14327 2186/2186/14328
f 2404/2404/14329 2161/2161/14330 2187/2187/14331
f 2405/2405/14332 2188/2188/14333 2189/2189/14334
f 2405/2405/14335 2189/2189/14336 2190/2190/14337
f 2405/2405/14338 2190/2190/14339 2191/2191/14340
f 2405/2405/14341 2191/2191/14342 2192/2192/14343
f 2405/2405/14344 2192/2192/14345 2193/2193/14346
f 2405/2405/14347 2193/2193/14348 2194/2194/14349
f 2405/2405/14350 2194/2194/14351 2195/2195/14352
f 2405/2405/14353 2195/2195/14354 2196/2196/14355
f 2405/2405/14356 2196/2196/14357 2197/2197/14358
f 2405/2405/14359 2197/2197/14360 2198/2198/14361
f 2405/2405/14362 2198/2198/14363 2199/2199/14364
f 2405/2405/14365 2199/2199/14366 2200/2200/14367
f 2405/2405/14368 2200/2200/14369 2201/2201/14370
f 2405/2405/14371 2201/2201/14372 2202/2202/14373
f 2405/2405/14374 2202/2202/14375 2203/2203/14376
f 2405/2405/14377 2203/2203/14378 2204/2204/14379
f 2405/2405/14380 2204/2204/14381 2205/2205/14382
f 2405/2405/14383 2205/2205/14384 2206/2206/14385
f 2405/2405/14386 2206/2206/14387 2207/2207/14388
f 2405/2405/14389 2207/2207/14390 2208/2208/14391
f 2405/2405/14392 2208/2208/14393 2209/2209/14394
f 2405/2405/14395 2209/2209/14396 2210/2210/14397
f 2405/2405/14398 2210/2210/14399 2211/2211/14400
f 2405/2405/14401 2211/2211/14402 2212/2212/14403
f 2405/2405/14404 2212/2212/14405 2213/2213/14406
f 2405/2405/14407 2213/2213/14408 2214/2214/14409
f 2405/2405/14410 2214/2214/14411 2188/2188/14412
f 2187/2187/14413 2161/2161/14414 2188/2188/14415
f 2187/2187/14416 2188/2188/14417 2214/2214/14418
