# Original title scenery; closed shared-vertex topology.
mtllib title_sandstone.mtl
o TitleGround
usemtl title_sandstone
v 0.0000000 0.3531219 0.0000000
v 12.0000000 0.3486304 0.0000000
v 11.9935750 0.3911991 0.3926290
v 11.9743071 0.4286715 0.7848376
v 11.9422167 0.4608866 1.1762057
v 11.8973383 0.4877264 1.5663143
v 11.8397200 0.5091164 1.9547457
v 11.7694234 0.5250254 2.3410839
v 11.6865238 0.5354650 2.7249152
v 11.5911099 0.5404890 3.1058285
v 11.4832840 0.5401921 3.4834161
v 11.3631616 0.5347083 3.8572736
v 11.2308711 0.5242091 4.2270006
v 11.0865544 0.5089014 4.5922012
v 10.9303659 0.4890250 4.9524844
v 10.7624729 0.4648498 5.3074643
v 10.5830552 0.4366733 5.6567608
v 10.3923048 0.4048167 6.0000000
v 10.1904262 0.3696222 6.3368142
v 9.9776353 0.3314495 6.6668428
v 9.7541602 0.2906720 6.9897324
v 9.5202401 0.2476732 7.3051371
v 9.2761254 0.2028433 7.6127194
v 9.0220777 0.1565754 7.9121498
v 8.7583689 0.1092618 8.2031076
v 8.4852814 0.0612904 8.4852814
v 8.2031076 0.0130417 8.7583689
v 7.9121498 -0.0351152 9.0220777
v 7.6127194 -0.0828251 9.2761254
v 7.3051371 -0.1297501 9.5202401
v 6.9897324 -0.1755722 9.7541602
v 6.6668428 -0.2199957 9.9776353
v 6.3368142 -0.2627495 10.1904262
v 6.0000000 -0.3035889 10.3923048
v 5.6567608 -0.3422977 10.5830552
v 5.3074643 -0.3786889 10.7624729
v 4.9524844 -0.4126060 10.9303659
v 4.5922012 -0.4439239 11.0865544
v 4.2270006 -0.4725488 11.2308711
v 3.8572736 -0.4984186 11.3631616
v 3.4834161 -0.5215022 11.4832840
v 3.1058285 -0.5417994 11.5911099
v 2.7249152 -0.5593393 11.6865238
v 2.3410839 -0.5741796 11.7694234
v 1.9547457 -0.5864047 11.8397200
v 1.5663143 -0.5961244 11.8973383
v 1.1762057 -0.6034711 11.9422167
v 0.7848376 -0.6085983 11.9743071
v 0.3926290 -0.6116778 11.9935750
v 0.0000000 -0.6128972 12.0000000
v -0.3926290 -0.6124570 11.9935750
v -0.7848376 -0.6105679 11.9743071
v -1.1762057 -0.6074481 11.9422167
v -1.5663143 -0.6033199 11.8973383
v -1.9547457 -0.5984069 11.8397200
v -2.3410839 -0.5929314 11.7694234
v -2.7249152 -0.5871108 11.6865238
v -3.1058285 -0.5811556 11.5911099
v -3.4834161 -0.5752662 11.4832840
v -3.8572736 -0.5696304 11.3631616
v -4.2270006 -0.5644212 11.2308711
v -4.5922012 -0.5597946 11.0865544
v -4.9524844 -0.5558875 10.9303659
v -5.3074643 -0.5528160 10.7624729
v -5.6567608 -0.5506743 10.5830552
v -6.0000000 -0.5495330 10.3923048
v -6.3368142 -0.5494384 10.1904262
v -6.6668428 -0.5504123 9.9776353
v -6.9897324 -0.5524508 9.7541602
v -7.3051371 -0.5555254 9.5202401
v -7.6127194 -0.5595825 9.2761254
v -7.9121498 -0.5645442 9.0220777
v -8.2031076 -0.5703096 8.7583689
v -8.4852814 -0.5767555 8.4852814
v -8.7583689 -0.5837381 8.2031076
v -9.0220777 -0.5910947 7.9121498
v -9.2761254 -0.5986459 7.6127194
v -9.5202401 -0.6061974 7.3051371
v -9.7541602 -0.6135425 6.9897324
v -9.9776353 -0.6204650 6.6668428
v -10.1904262 -0.6267414 6.3368142
v -10.3923048 -0.6321442 6.0000000
v -10.5830552 -0.6364444 5.6567608
v -10.7624729 -0.6394147 5.3074643
v -10.9303659 -0.6408325 4.9524844
v -11.0865544 -0.6404827 4.5922012
v -11.2308711 -0.6381607 4.2270006
v -11.3631616 -0.6336754 3.8572736
v -11.4832840 -0.6268520 3.4834161
v -11.5911099 -0.6175340 3.1058285
v -11.6865238 -0.6055866 2.7249152
v -11.7694234 -0.5908983 2.3410839
v -11.8397200 -0.5733831 1.9547457
v -11.8973383 -0.5529824 1.5663143
v -11.9422167 -0.5296664 1.1762057
v -11.9743071 -0.5034355 0.7848376
v -11.9935750 -0.4743212 0.3926290
v -12.0000000 -0.4423865 0.0000000
v -11.9935750 -0.4077268 -0.3926290
v -11.9743071 -0.3704693 -0.7848376
v -11.9422167 -0.3307730 -1.1762057
v -11.8973383 -0.2888279 -1.5663143
v -11.8397200 -0.2448539 -1.9547457
v -11.7694234 -0.1990998 -2.3410839
v -11.6865238 -0.1518414 -2.7249152
v -11.5911099 -0.1033793 -3.1058285
v -11.4832840 -0.0540375 -3.4834161
v -11.3631616 -0.0041597 -3.8572736
v -11.2308711 0.0458922 -4.2270006
v -11.0865544 0.0957421 -4.5922012
v -10.9303659 0.1450022 -4.9524844
v -10.7624729 0.1932767 -5.3074643
v -10.5830552 0.2401652 -5.6567608
v -10.3923048 0.2852662 -6.0000000
v -10.1904262 0.3281806 -6.3368142
v -9.9776353 0.3685159 -6.6668428
v -9.7541602 0.4058893 -6.9897324
v -9.5202401 0.4399320 -7.3051371
v -9.2761254 0.4702919 -7.6127194
v -9.0220777 0.4966382 -7.9121498
v -8.7583689 0.5186638 -8.2031076
v -8.4852814 0.5360889 -8.4852814
v -8.2031076 0.5486640 -8.7583689
v -7.9121498 0.5561726 -9.0220777
v -7.6127194 0.5584338 -9.2761254
v -7.3051371 0.5553042 -9.5202401
v -6.9897324 0.5466800 -9.7541602
v -6.6668428 0.5324988 -9.9776353
v -6.3368142 0.5127404 -10.1904262
v -6.0000000 0.4874279 -10.3923048
v -5.6567608 0.4566282 -10.5830552
v -5.3074643 0.4204520 -10.7624729
v -4.9524844 0.3790536 -10.9303659
v -4.5922012 0.3326304 -11.0865544
v -4.2270006 0.2814215 -11.2308711
v -3.8572736 0.2257066 -11.3631616
v -3.4834161 0.1658041 -11.4832840
v -3.1058285 0.1020690 -11.5911099
v -2.7249152 0.0348903 -11.6865238
v -2.3410839 -0.0353115 -11.7694234
v -1.9547457 -0.1080878 -11.8397200
v -1.5663143 -0.1829651 -11.8973383
v -1.1762057 -0.2594483 -11.9422167
v -0.7848376 -0.3370252 -11.9743071
v -0.3926290 -0.4151698 -11.9935750
v -0.0000000 -0.4933467 -12.0000000
v 0.3926290 -0.5710153 -11.9935750
v 0.7848376 -0.6476343 -11.9743071
v 1.1762057 -0.7226655 -11.9422167
v 1.5663143 -0.7955787 -11.8973383
v 1.9547457 -0.8658556 -11.8397200
v 2.3410839 -0.9329942 -11.7694234
v 2.7249152 -0.9965128 -11.6865238
v 3.1058285 -1.0559540 -11.5911099
v 3.4834161 -1.1108885 -11.4832840
v 3.8572736 -1.1609182 -11.3631616
v 4.2270006 -1.2056801 -11.2308711
v 4.5922012 -1.2448489 -11.0865544
v 4.9524844 -1.2781397 -10.9303659
v 5.3074643 -1.3053106 -10.7624729
v 5.6567608 -1.3261642 -10.5830552
v 6.0000000 -1.3405498 -10.3923048
v 6.3368142 -1.3483643 -10.1904262
v 6.6668428 -1.3495531 -9.9776353
v 6.9897324 -1.3441105 -9.7541602
v 7.3051371 -1.3320797 -9.5202401
v 7.6127194 -1.3135528 -9.2761254
v 7.9121498 -1.2886694 -9.0220777
v 8.2031076 -1.2576159 -8.7583689
v 8.4852814 -1.2206238 -8.4852814
v 8.7583689 -1.1779676 -8.2031076
v 9.0220777 -1.1299628 -7.9121498
v 9.2761254 -1.0769628 -7.6127194
v 9.5202401 -1.0193567 -7.3051371
v 9.7541602 -0.9575653 -6.9897324
v 9.9776353 -0.8920381 -6.6668428
v 10.1904262 -0.8232495 -6.3368142
v 10.3923048 -0.7516947 -6.0000000
v 10.5830552 -0.6778861 -5.6567608
v 10.7624729 -0.6023484 -5.3074643
v 10.9303659 -0.5256151 -4.9524844
v 11.0865544 -0.4482239 -4.5922012
v 11.2308711 -0.3707121 -4.2270006
v 11.3631616 -0.2936126 -3.8572736
v 11.4832840 -0.2174500 -3.4834161
v 11.5911099 -0.1427356 -3.1058285
v 11.6865238 -0.0699644 -2.7249152
v 11.7694234 0.0003894 -2.3410839
v 11.8397200 0.0678757 -1.9547457
v 11.8973383 0.1320719 -1.5663143
v 11.9422167 0.1925858 -1.1762057
v 11.9743071 0.2490590 -0.7848376
v 11.9935750 0.3011687 -0.3926290
v 25.0000000 0.3337491 0.0000000
v 24.9866147 0.3825842 0.8179771
v 24.9464731 0.4264060 1.6350782
v 24.8796182 0.4649922 2.4504285
v 24.7861215 0.4981636 3.2631548
v 24.6660833 0.5257847 4.0723868
v 24.5196320 0.5477642 4.8772581
v 24.3469245 0.5640554 5.6769066
v 24.1481457 0.5746556 6.4704761
v 23.9235084 0.5796059 7.2571169
v 23.6732532 0.5789897 8.0359866
v 23.3976482 0.5729317 8.8062512
v 23.0969883 0.5615959 9.5670858
v 22.7715956 0.5451840 10.3176757
v 22.4218185 0.5239324 11.0572173
v 22.0480316 0.4981105 11.7849184
v 21.6506351 0.4680168 12.5000000
v 21.2300545 0.4339766 13.2016963
v 20.7867403 0.3963385 13.8892558
v 20.3211671 0.3554705 14.5619424
v 19.8338335 0.3117573 15.2190357
v 19.3252613 0.2655958 15.8598321
v 18.7959952 0.2173920 16.4836454
v 18.2466018 0.1675567 17.0898076
v 17.6776695 0.1165023 17.6776695
v 17.0898076 0.0646388 18.2466018
v 16.4836454 0.0123703 18.7959952
v 15.8598321 -0.0399086 19.3252613
v 15.2190357 -0.0918160 19.8338335
v 14.5619424 -0.1429857 20.3211671
v 13.8892558 -0.1930707 20.7867403
v 13.2016963 -0.2417452 21.2300545
v 12.5000000 -0.2887077 21.6506351
v 11.7849184 -0.3336828 22.0480316
v 11.0572173 -0.3764233 22.4218185
v 10.3176757 -0.4167115 22.7715956
v 9.5670858 -0.4543610 23.0969883
v 8.8062512 -0.4892170 23.3976482
v 8.0359866 -0.5211574 23.6732532
v 7.2571169 -0.5500926 23.9235084
v 6.4704761 -0.5759660 24.1481457
v 5.6769066 -0.5987531 24.3469245
v 4.8772581 -0.6184610 24.5196320
v 4.0723868 -0.6351273 24.6660833
v 3.2631548 -0.6488189 24.7861215
v 2.4504285 -0.6596301 24.8796182
v 1.6350782 -0.6676809 24.9464731
v 0.8179771 -0.6731150 24.9866147
v 0.0000000 -0.6760973 25.0000000
v -0.8179771 -0.6768114 24.9866147
v -1.6350782 -0.6754569 24.9464731
v -2.4504285 -0.6722467 24.8796182
v -3.2631548 -0.6674040 24.7861215
v -4.0723868 -0.6611595 24.6660833
v -4.8772581 -0.6537480 24.5196320
v -5.6769066 -0.6454058 24.3469245
v -6.4704761 -0.6363675 24.1481457
v -7.2571169 -0.6268633 23.9235084
v -8.0359866 -0.6171158 23.6732532
v -8.8062512 -0.6073377 23.3976482
v -9.5670858 -0.5977287 23.0969883
v -10.3176757 -0.5884740 22.7715956
v -11.0572173 -0.5797411 22.4218185
v -11.7849184 -0.5716786 22.0480316
v -12.5000000 -0.5644142 21.6506351
v -13.2016963 -0.5580533 21.2300545
v -13.8892558 -0.5526778 20.7867403
v -14.5619424 -0.5483453 20.3211671
v -15.2190357 -0.5450883 19.8338335
v -15.8598321 -0.5429142 19.3252613
v -16.4836454 -0.5418054 18.7959952
v -17.0898076 -0.5417192 18.2466018
v -17.6776695 -0.5425888 17.6776695
v -18.2466018 -0.5443242 17.0898076
v -18.7959952 -0.5468133 16.4836454
v -19.3252613 -0.5499233 15.8598321
v -19.8338335 -0.5535028 15.2190357
v -20.3211671 -0.5573835 14.5619424
v -20.7867403 -0.5613824 13.8892558
v -21.2300545 -0.5653042 13.2016963
v -21.6506351 -0.5689441 12.5000000
v -22.0480316 -0.5720900 11.7849184
v -22.4218185 -0.5745258 11.0572173
v -22.7715956 -0.5760339 10.3176757
v -23.0969883 -0.5763985 9.5670858
v -23.3976482 -0.5754082 8.8062512
v -23.6732532 -0.5728589 8.0359866
v -23.9235084 -0.5685570 7.2571169
v -24.1481457 -0.5623221 6.4704761
v -24.3469245 -0.5539895 5.6769066
v -24.5196320 -0.5434129 4.8772581
v -24.6660833 -0.5304667 4.0723868
v -24.7861215 -0.5150483 3.2631548
v -24.8796182 -0.4970799 2.4504285
v -24.9464731 -0.4765105 1.6350782
v -24.9866147 -0.4533169 0.8179771
v -25.0000000 -0.4275053 0.0000000
v -24.9866147 -0.3991119 -0.8179771
v -24.9464731 -0.3682037 -1.6350782
v -24.8796182 -0.3348786 -2.4504285
v -24.7861215 -0.2992650 -3.2631548
v -24.6660833 -0.2615222 -4.0723868
v -24.5196320 -0.2218386 -4.8772581
v -24.3469245 -0.1804317 -5.6769066
v -24.1481457 -0.1375460 -6.4704761
v -23.9235084 -0.0934513 -7.2571169
v -23.6732532 -0.0484412 -8.0359866
v -23.3976482 -0.0028304 -8.8062512
v -23.0969883 0.0430476 -9.5670858
v -22.7715956 0.0888432 -10.3176757
v -22.4218185 0.1341941 -11.0572173
v -22.0480316 0.1787280 -11.7849184
v -21.6506351 0.2220660 -12.5000000
v -21.2300545 0.2638261 -13.2016963
v -20.7867403 0.3036269 -13.8892558
v -20.3211671 0.3410908 -14.5619424
v -19.8338335 0.3758478 -15.2190357
v -19.3252613 0.4075394 -15.8598321
v -18.7959952 0.4358216 -16.4836454
v -18.2466018 0.4603688 -17.0898076
v -17.6776695 0.4808770 -17.6776695
v -17.0898076 0.4970669 -18.2466018
v -16.4836454 0.5086872 -18.7959952
v -15.8598321 0.5155174 -19.3252613
v -15.2190357 0.5173700 -19.8338335
v -14.5619424 0.5140935 -20.3211671
v -13.8892558 0.5055738 -20.7867403
v -13.2016963 0.4917361 -21.2300545
v -12.5000000 0.4725467 -21.6506351
v -11.7849184 0.4480133 -22.0480316
v -11.0572173 0.4181864 -22.4218185
v -10.3176757 0.3831592 -22.7715956
v -9.5670858 0.3430676 -23.0969883
v -8.8062512 0.2980898 -23.3976482
v -8.0359866 0.2484454 -23.6732532
v -7.2571169 0.1943945 -23.9235084
v -6.4704761 0.1362356 -24.1481457
v -5.6769066 0.0743041 -24.3469245
v -4.8772581 0.0089699 -24.5196320
v -4.0723868 -0.0593653 -24.6660833
v -3.2631548 -0.1302705 -24.7861215
v -2.4504285 -0.2032893 -24.8796182
v -1.6350782 -0.2779426 -24.9464731
v -0.8179771 -0.3537326 -24.9866147
v -0.0000000 -0.4301465 -25.0000000
v 0.8179771 -0.5066609 -24.9866147
v 1.6350782 -0.5827453 -24.9464731
v 2.4504285 -0.6578669 -24.8796182
v 3.2631548 -0.7314945 -24.7861215
v 4.0723868 -0.8031030 -24.6660833
v 4.8772581 -0.8721776 -24.5196320
v 5.6769066 -0.9382179 -24.3469245
v 6.4704761 -1.0007422 -24.1481457
v 7.2571169 -1.0592913 -23.9235084
v 8.0359866 -1.1134327 -23.6732532
v 8.8062512 -1.1627636 -23.3976482
v 9.5670858 -1.2069147 -23.0969883
v 10.3176757 -1.2455532 -22.7715956
v 11.0572173 -1.2783855 -22.4218185
v 11.7849184 -1.3051599 -22.0480316
v 12.5000000 -1.3256686 -21.6506351
v 13.2016963 -1.3397494 -21.2300545
v 13.8892558 -1.3472875 -20.7867403
v 14.5619424 -1.3482160 -20.3211671
v 15.2190357 -1.3425169 -19.8338335
v 15.8598321 -1.3302210 -19.3252613
v 16.4836454 -1.3114082 -18.7959952
v 17.0898076 -1.2862063 -18.2466018
v 17.6776695 -1.2547904 -17.6776695
v 18.2466018 -1.2173814 -17.0898076
v 18.7959952 -1.1742442 -16.4836454
v 19.3252613 -1.1256854 -15.8598321
v 19.8338335 -1.0720512 -15.2190357
v 20.3211671 -1.0137243 -14.5619424
v 20.7867403 -0.9511207 -13.8892558
v 21.2300545 -0.8846867 -13.2016963
v 21.6506351 -0.8148949 -12.5000000
v 22.0480316 -0.7422405 -11.7849184
v 22.4218185 -0.6672374 -11.0572173
v 22.7715956 -0.5904137 -10.3176757
v 23.0969883 -0.5123080 -9.5670858
v 23.3976482 -0.4334646 -8.8062512
v 23.6732532 -0.3544292 -8.0359866
v 23.9235084 -0.2757449 -7.2571169
v 24.1481457 -0.1979475 -6.4704761
v 24.3469245 -0.1215615 -5.6769066
v 24.5196320 -0.0470960 -4.8772581
v 24.6660833 0.0249593 -4.0723868
v 24.7861215 0.0941377 -3.2631548
v 24.8796182 0.1599993 -2.4504285
v 24.9464731 0.2221340 -1.6350782
v 24.9866147 0.2801645 -0.8179771
v 40.0000000 0.3041549 0.0000000
v 39.9785835 0.3598756 1.3087633
v 39.9143569 0.4108016 2.6161252
v 39.8073891 0.4566424 3.9206856
v 39.6577945 0.4971488 5.2210477
v 39.4657333 0.5321146 6.5158189
v 39.2314112 0.5613779 7.8036129
v 38.9550792 0.5848217 9.0830505
v 38.6370331 0.6023747 10.3527618
v 38.2776134 0.6140107 11.6113871
v 37.8772052 0.6197489 12.8575786
v 37.4362371 0.6196527 14.0900019
v 36.9551813 0.6138288 15.3073373
v 36.4345530 0.6024258 16.5082812
v 35.8749097 0.5856318 17.6915476
v 35.2768506 0.5636733 18.8558695
v 34.6410162 0.5368116 20.0000000
v 33.9680873 0.5053409 21.1227140
v 33.2587845 0.4695849 22.2228093
v 32.5138674 0.4298938 23.2991079
v 31.7341336 0.3866406 24.3504572
v 30.9204181 0.3402180 25.3757314
v 30.0735923 0.2910344 26.3738326
v 29.1945629 0.2395102 27.3436921
v 28.2842712 0.1860738 28.2842712
v 27.3436921 0.1311584 29.1945629
v 26.3738326 0.0751973 30.0735923
v 25.3757314 0.0186207 30.9204181
v 24.3504572 -0.0381479 31.7341336
v 23.2991079 -0.0946958 32.5138674
v 22.2228093 -0.1506240 33.2587845
v 21.1227140 -0.2055505 33.9680873
v 20.0000000 -0.2591135 34.6410162
v 18.8558695 -0.3109742 35.2768506
v 17.6915476 -0.3608190 35.8749097
v 16.5082812 -0.4083618 36.4345530
v 15.3073373 -0.4533462 36.9551813
v 14.0900019 -0.4955470 37.4362371
v 12.8575786 -0.5347711 37.8772052
v 11.6113871 -0.5708590 38.2776134
v 10.3527618 -0.6036850 38.6370331
v 9.0830505 -0.6331579 38.9550792
v 7.8036129 -0.6592202 39.2314112
v 6.5158189 -0.6818483 39.4657333
v 5.2210477 -0.7010518 39.6577945
v 3.9206856 -0.7168719 39.8073891
v 2.6161252 -0.7293803 39.9143569
v 1.3087633 -0.7386778 39.9785835
v 0.0000000 -0.7448921 40.0000000
v -1.3087633 -0.7481757 39.9785835
v -2.6161252 -0.7487034 39.9143569
v -3.9206856 -0.7466700 39.8073891
v -5.2210477 -0.7422873 39.6577945
v -6.5158189 -0.7357817 39.4657333
v -7.8036129 -0.7273904 39.2314112
v -9.0830505 -0.7173592 38.9550792
v -10.3527618 -0.7059390 38.6370331
v -11.6113871 -0.6933829 38.2776134
v -12.8575786 -0.6799428 37.8772052
v -14.0900019 -0.6658670 37.4362371
v -15.3073373 -0.6513968 36.9551813
v -16.5082812 -0.6367639 36.4345530
v -17.6915476 -0.6221878 35.8749097
v -18.8558695 -0.6078733 35.2768506
v -20.0000000 -0.5940084 34.6410162
v -21.1227140 -0.5807619 33.9680873
v -22.2228093 -0.5682821 33.2587845
v -23.2991079 -0.5566950 32.5138674
v -24.3504572 -0.5461031 31.7341336
v -25.3757314 -0.5365843 30.9204181
v -26.3738326 -0.5281917 30.0735923
v -27.3436921 -0.5209528 29.1945629
v -28.2842712 -0.5148698 28.2842712
v -29.1945629 -0.5099195 27.3436921
v -30.0735923 -0.5060541 26.3738326
v -30.9204181 -0.5032023 25.3757314
v -31.7341336 -0.5012699 24.3504572
v -32.5138674 -0.5001417 23.2991079
v -33.2587845 -0.4996830 22.2228093
v -33.9680873 -0.4997414 21.1227140
v -34.6410162 -0.5001493 20.0000000
v -35.2768506 -0.5007257 18.8558695
v -35.8749097 -0.5012793 17.6915476
v -36.4345530 -0.5016107 16.5082812
v -36.9551813 -0.5015152 15.3073373
v -37.4362371 -0.5007860 14.0900019
v -37.8772052 -0.4992164 12.8575786
v -38.2776134 -0.4966036 11.6113871
v -38.6370331 -0.4927506 10.3527618
v -38.9550792 -0.4874700 9.0830505
v -39.2314112 -0.4805859 7.8036129
v -39.4657333 -0.4719373 6.5158189
v -39.6577945 -0.4613802 5.2210477
v -39.8073891 -0.4487900 3.9206856
v -39.9143569 -0.4340638 2.6161252
v -39.9785835 -0.4171221 1.3087633
v -40.0000000 -0.3979111 0.0000000
v -39.9785835 -0.3764033 -1.3087633
v -39.9143569 -0.3525994 -2.6161252
v -39.8073891 -0.3265288 -3.9206856
v -39.6577945 -0.2982502 -5.2210477
v -39.4657333 -0.2678521 -6.5158189
v -39.2314112 -0.2354523 -7.8036129
v -38.9550792 -0.2011981 -9.0830505
v -38.6370331 -0.1652650 -10.3527618
v -38.2776134 -0.1278560 -11.6113871
v -37.8772052 -0.0892003 -12.8575786
v -37.4362371 -0.0495514 -14.0900019
v -36.9551813 -0.0091854 -15.3073373
v -36.4345530 0.0316014 -16.5082812
v -35.8749097 0.0724947 -17.6915476
v -35.2768506 0.1131652 -18.8558695
v -34.6410162 0.1532712 -20.0000000
v -33.9680873 0.1924619 -21.1227140
v -33.2587845 0.2303804 -22.2228093
v -32.5138674 0.2666675 -23.2991079
v -31.7341336 0.3009645 -24.3504572
v -30.9204181 0.3329172 -25.3757314
v -30.0735923 0.3621792 -26.3738326
v -29.1945629 0.3884154 -27.3436921
v -28.2842712 0.4113055 -28.2842712
v -27.3436921 0.4305473 -29.1945629
v -26.3738326 0.4458602 -30.0735923
v -25.3757314 0.4569880 -30.9204181
v -24.3504572 0.4637020 -31.7341336
v -23.2991079 0.4658036 -32.5138674
v -22.2228093 0.4631271 -33.2587845
v -21.1227140 0.4555414 -33.9680873
v -20.0000000 0.4429525 -34.6410162
v -18.8558695 0.4253047 -35.2768506
v -17.6915476 0.4025821 -35.8749097
v -16.5082812 0.3748094 -36.4345530
v -15.3073373 0.3420528 -36.9551813
v -14.0900019 0.3044197 -37.4362371
v -12.8575786 0.2620592 -37.8772052
v -11.6113871 0.2151609 -38.2776134
v -10.3527618 0.1639547 -38.6370331
v -9.0830505 0.1087089 -38.9550792
v -7.8036129 0.0497291 -39.2314112
v -6.5158189 -0.0126442 -39.4657333
v -5.2210477 -0.0780376 -39.6577945
v -3.9206856 -0.1460475 -39.8073891
v -2.6161252 -0.2162432 -39.9143569
v -1.3087633 -0.2881698 -39.9785835
v -0.0000000 -0.3613517 -40.0000000
v 1.3087633 -0.4352966 -39.9785835
v 2.6161252 -0.5094989 -39.9143569
v 3.9206856 -0.5834437 -39.8073891
v 5.2210477 -0.6566112 -39.6577945
v 6.5158189 -0.7284808 -39.4657333
v 7.8036129 -0.7985352 -39.2314112
v 9.0830505 -0.8662644 -38.9550792
v 10.3527618 -0.9311707 -38.6370331
v 11.6113871 -0.9927718 -38.2776134
v 12.8575786 -1.0506058 -37.8772052
v 14.0900019 -1.1042343 -37.4362371
v 15.3073373 -1.1532467 -36.9551813
v 16.5082812 -1.1972633 -36.4345530
v 17.6915476 -1.2359388 -35.8749097
v 18.8558695 -1.2689652 -35.2768506
v 20.0000000 -1.2960744 -34.6410162
v 21.1227140 -1.3170409 -33.9680873
v 22.2228093 -1.3316832 -33.2587845
v 23.2991079 -1.3398663 -32.5138674
v 24.3504572 -1.3415021 -31.7341336
v 25.3757314 -1.3365510 -30.9204181
v 26.3738326 -1.3250219 -30.0735923
v 27.3436921 -1.3069727 -29.1945629
v 28.2842712 -1.2825095 -28.2842712
v 29.1945629 -1.2517862 -27.3436921
v 30.0735923 -1.2150033 -26.3738326
v 30.9204181 -1.1724064 -25.3757314
v 31.7341336 -1.1242841 -24.3504572
v 32.5138674 -1.0709661 -23.2991079
v 33.2587845 -1.0128201 -22.2228093
v 33.9680873 -0.9502495 -21.1227140
v 34.6410162 -0.8836897 -20.0000000
v 35.2768506 -0.8136048 -18.8558695
v 35.8749097 -0.7404838 -17.6915476
v 36.4345530 -0.6648370 -16.5082812
v 36.9551813 -0.5871913 -15.3073373
v 37.4362371 -0.5080868 -14.0900019
v 37.8772052 -0.4280716 -12.8575786
v 38.2776134 -0.3476983 -11.6113871
v 38.6370331 -0.2675190 -10.3527618
v 38.9550792 -0.1880810 -9.0830505
v 39.2314112 -0.1099230 -7.8036129
v 39.4657333 -0.0335701 -6.5158189
v 39.6577945 0.0404697 -5.2210477
v 39.8073891 0.1117094 -3.9206856
v 39.9143569 0.1796873 -2.6161252
v 39.9785835 0.2439697 -1.3087633
v 52.0000000 -0.0988125 0.0000000
v 51.9721585 -0.0774080 1.7013923
v 51.8886640 -0.0575979 3.4009627
v 51.7496058 -0.0395027 5.0968913
v 51.5551328 -0.0232289 6.7873620
v 51.3054533 -0.0088686 8.4705646
v 51.0008346 0.0035014 10.1446967
v 50.6416029 0.0138202 11.8079657
v 50.2281430 0.0220427 13.4585903
v 49.7608975 0.0281399 15.0948032
v 49.2403667 0.0320994 16.7148522
v 48.6671082 0.0339248 18.3170025
v 48.0417357 0.0336357 19.8995385
v 47.3649189 0.0312675 21.4607655
v 46.6373826 0.0268706 22.9990119
v 45.8599057 0.0205101 24.5126303
v 45.0333210 0.0122648 26.0000000
v 44.1585134 0.0022266 27.4595282
v 43.2364198 -0.0095005 28.8896521
v 42.2680276 -0.0228017 30.2888402
v 41.2543737 -0.0375519 31.6555943
v 40.1965436 -0.0536177 32.9884508
v 39.0956700 -0.0708578 34.2859824
v 37.9529318 -0.0891249 35.5467997
v 36.7695526 -0.1082671 36.7695526
v 35.5467997 -0.1281287 37.9529318
v 34.2859824 -0.1485519 39.0956700
v 32.9884508 -0.1693784 40.1965436
v 31.6555943 -0.1904503 41.2543737
v 30.2888402 -0.2116119 42.2680276
v 28.8896521 -0.2327106 43.2364198
v 27.4595282 -0.2535984 44.1585134
v 26.0000000 -0.2741329 45.0333210
v 24.5126303 -0.2941788 45.8599057
v 22.9990119 -0.3136082 46.6373826
v 21.4607655 -0.3323025 47.3649189
v 19.8995385 -0.3501526 48.0417357
v 18.3170025 -0.3670595 48.6671082
v 16.7148522 -0.3829358 49.2403667
v 15.0948032 -0.3977053 49.7608975
v 13.4585903 -0.4113039 50.2281430
v 11.8079657 -0.4236797 50.6416029
v 10.1446967 -0.4347933 51.0008346
v 8.4705646 -0.4446176 51.3054533
v 6.7873620 -0.4531382 51.5551328
v 5.0968913 -0.4603525 51.7496058
v 3.4009627 -0.4662701 51.8886640
v 1.7013923 -0.4709117 51.9721585
v 0.0000000 -0.4743092 52.0000000
v -1.7013923 -0.4765045 51.9721585
v -3.4009627 -0.4775491 51.8886640
v -5.0968913 -0.4775035 51.7496058
v -6.7873620 -0.4764357 51.5551328
v -8.4705646 -0.4744207 51.3054533
v -10.1446967 -0.4715395 51.0008346
v -11.8079657 -0.4678779 50.6416029
v -13.4585903 -0.4635254 50.2281430
v -15.0948032 -0.4585744 49.7608975
v -16.7148522 -0.4531186 49.2403667
v -18.3170025 -0.4472523 48.6671082
v -19.8995385 -0.4410694 48.0417357
v -21.4607655 -0.4346619 47.3649189
v -22.9990119 -0.4281191 46.6373826
v -24.5126303 -0.4215268 45.8599057
v -26.0000000 -0.4149660 45.0333210
v -27.4595282 -0.4085124 44.1585134
v -28.8896521 -0.4022354 43.2364198
v -30.2888402 -0.3961975 42.2680276
v -31.6555943 -0.3904536 41.2543737
v -32.9884508 -0.3850507 40.1965436
v -34.2859824 -0.3800271 39.0956700
v -35.5467997 -0.3754124 37.9529318
v -36.7695526 -0.3712274 36.7695526
v -37.9529318 -0.3674835 35.5467997
v -39.0956700 -0.3641833 34.2859824
v -40.1965436 -0.3613202 32.9884508
v -41.2543737 -0.3588791 31.6555943
v -42.2680276 -0.3568362 30.2888402
v -43.2364198 -0.3551602 28.8896521
v -44.1585134 -0.3538119 27.4595282
v -45.0333210 -0.3527454 26.0000000
v -45.8599057 -0.3519088 24.5126303
v -46.6373826 -0.3512448 22.9990119
v -47.3649189 -0.3506913 21.4607655
v -48.0417357 -0.3501828 19.8995385
v -48.6671082 -0.3496511 18.3170025
v -49.2403667 -0.3490261 16.7148522
v -49.7608975 -0.3482370 15.0948032
v -50.2281430 -0.3472133 13.4585903
v -50.6416029 -0.3458858 11.8079657
v -51.0008346 -0.3441876 10.1446967
v -51.3054533 -0.3420548 8.4705646
v -51.5551328 -0.3394281 6.7873620
v -51.7496058 -0.3362531 5.0968913
v -51.8886640 -0.3324814 3.4009627
v -51.9721585 -0.3280716 1.7013923
v -52.0000000 -0.3229897 0.0000000
v -51.9721585 -0.3172098 -1.7013923
v -51.8886640 -0.3107150 -3.4009627
v -51.7496058 -0.3034973 -5.0968913
v -51.5551328 -0.2955588 -6.7873620
v -51.3054533 -0.2869109 -8.4705646
v -51.0008346 -0.2775756 -10.1446967
v -50.6416029 -0.2675847 -11.8079657
v -50.2281430 -0.2569800 -13.4585903
v -49.7608975 -0.2458134 -15.0948032
v -49.2403667 -0.2341463 -16.7148522
v -48.6671082 -0.2220491 -18.3170025
v -48.0417357 -0.2096012 -19.8995385
v -47.3649189 -0.1968899 -21.4607655
v -46.6373826 -0.1840101 -22.9990119
v -45.8599057 -0.1710630 -24.5126303
v -45.0333210 -0.1581557 -26.0000000
v -44.1585134 -0.1454000 -27.4595282
v -43.2364198 -0.1329117 -28.8896521
v -42.2680276 -0.1208087 -30.2888402
v -41.2543737 -0.1092110 -31.6555943
v -40.1965436 -0.0982387 -32.9884508
v -39.0956700 -0.0880110 -34.2859824
v -37.9529318 -0.0786453 -35.5467997
v -36.7695526 -0.0702554 -36.7695526
v -35.5467997 -0.0629509 -37.9529318
v -34.2859824 -0.0568359 -39.0956700
v -32.9884508 -0.0520074 -40.1965436
v -31.6555943 -0.0485547 -41.2543737
v -30.2888402 -0.0465582 -42.2680276
v -28.8896521 -0.0460883 -43.2364198
v -27.4595282 -0.0472048 -44.1585134
v -26.0000000 -0.0499557 -45.0333210
v -24.5126303 -0.0543769 -45.8599057
v -22.9990119 -0.0604911 -46.6373826
v -21.4607655 -0.0683079 -47.3649189
v -19.8995385 -0.0778227 -48.0417357
v -18.3170025 -0.0890172 -48.6671082
v -16.7148522 -0.1018588 -49.2403667
v -15.0948032 -0.1163004 -49.7608975
v -13.4585903 -0.1322812 -50.2281430
v -11.8079657 -0.1497264 -50.6416029
v -10.1446967 -0.1685476 -51.0008346
v -8.4705646 -0.1886438 -51.3054533
v -6.7873620 -0.2099013 -51.5551328
v -5.0968913 -0.2321951 -51.7496058
v -3.4009627 -0.2553894 -51.8886640
v -1.7013923 -0.2793386 -51.9721585
v -0.0000000 -0.3038887 -52.0000000
v 1.7013923 -0.3288778 -51.9721585
v 3.4009627 -0.3541380 -51.8886640
v 5.0968913 -0.3794965 -51.7496058
v 6.7873620 -0.4047766 -51.5551328
v 8.4705646 -0.4297997 -51.3054533
v 10.1446967 -0.4543863 -51.0008346
v 11.8079657 -0.4783576 -50.6416029
v 13.4585903 -0.5015372 -50.2281430
v 15.0948032 -0.5237521 -49.7608975
v 16.7148522 -0.5448345 -49.2403667
v 18.3170025 -0.5646233 -48.6671082
v 19.8995385 -0.5829651 -48.0417357
v 21.4607655 -0.5997157 -47.3649189
v 22.9990119 -0.6147414 -46.6373826
v 24.5126303 -0.6279204 -45.8599057
v 26.0000000 -0.6391432 -45.0333210
v 27.4595282 -0.6483142 -44.1585134
v 28.8896521 -0.6553524 -43.2364198
v 30.2888402 -0.6601921 -42.2680276
v 31.6555943 -0.6627834 -41.2543737
v 32.9884508 -0.6630930 -40.1965436
v 34.2859824 -0.6611041 -39.0956700
v 35.5467997 -0.6568174 -37.9529318
v 36.7695526 -0.6502501 -36.7695526
v 37.9529318 -0.6414369 -35.5467997
v 39.0956700 -0.6304289 -34.2859824
v 40.1965436 -0.6172941 -32.9884508
v 41.2543737 -0.6021160 -31.6555943
v 42.2680276 -0.5849937 -30.2888402
v 43.2364198 -0.5660409 -28.8896521
v 44.1585134 -0.5453849 -27.4595282
v 45.0333210 -0.5231659 -26.0000000
v 45.8599057 -0.4995355 -24.5126303
v 46.6373826 -0.4746559 -22.9990119
v 47.3649189 -0.4486983 -21.4607655
v 48.0417357 -0.4218419 -19.8995385
v 48.6671082 -0.3942721 -18.3170025
v 49.2403667 -0.3661793 -16.7148522
v 49.7608975 -0.3377573 -15.0948032
v 50.2281430 -0.3092016 -13.4585903
v 50.6416029 -0.2807081 -11.8079657
v 51.0008346 -0.2524716 -10.1446967
v 51.3054533 -0.2246838 -8.4705646
v 51.5551328 -0.1975324 -6.7873620
v 51.7496058 -0.1711993 -5.0968913
v 51.8886640 -0.1458591 -3.4009627
v 51.9721585 -0.1216780 -1.7013923
v 60.0000000 -0.3000000 0.0000000
v 59.9678752 -0.3000000 1.9631450
v 59.8715354 -0.3000000 3.9241878
v 59.7110836 -0.3000000 5.8810284
v 59.4866917 -0.3000000 7.8315715
v 59.1985999 -0.3000000 9.7737284
v 58.8471168 -0.3000000 11.7054193
v 58.4326188 -0.3000000 13.6245758
v 57.9555496 -0.3000000 15.5291427
v 57.4164201 -0.3000000 17.4170806
v 56.8158078 -0.3000000 19.2863679
v 56.1543556 -0.3000000 21.1350029
v 55.4327720 -0.3000000 22.9610059
v 54.6518295 -0.3000000 24.7624218
v 53.8123645 -0.3000000 26.5373214
v 52.9152759 -0.3000000 28.2838042
v 51.9615242 -0.3000000 30.0000000
v 50.9521309 -0.3000000 31.6840710
v 49.8881767 -0.3000000 33.3342140
v 48.7708011 -0.3000000 34.9486618
v 47.6012004 -0.3000000 36.5256857
v 46.3806272 -0.3000000 38.0635970
v 45.1103884 -0.3000000 39.5607489
v 43.7918444 -0.3000000 41.0155381
v 42.4264069 -0.3000000 42.4264069
v 41.0155381 -0.3000000 43.7918444
v 39.5607489 -0.3000000 45.1103884
v 38.0635970 -0.3000000 46.3806272
v 36.5256857 -0.3000000 47.6012004
v 34.9486618 -0.3000000 48.7708011
v 33.3342140 -0.3000000 49.8881767
v 31.6840710 -0.3000000 50.9521309
v 30.0000000 -0.3000000 51.9615242
v 28.2838042 -0.3000000 52.9152759
v 26.5373214 -0.3000000 53.8123645
v 24.7624218 -0.3000000 54.6518295
v 22.9610059 -0.3000000 55.4327720
v 21.1350029 -0.3000000 56.1543556
v 19.2863679 -0.3000000 56.8158078
v 17.4170806 -0.3000000 57.4164201
v 15.5291427 -0.3000000 57.9555496
v 13.6245758 -0.3000000 58.4326188
v 11.7054193 -0.3000000 58.8471168
v 9.7737284 -0.3000000 59.1985999
v 7.8315715 -0.3000000 59.4866917
v 5.8810284 -0.3000000 59.7110836
v 3.9241878 -0.3000000 59.8715354
v 1.9631450 -0.3000000 59.9678752
v 0.0000000 -0.3000000 60.0000000
v -1.9631450 -0.3000000 59.9678752
v -3.9241878 -0.3000000 59.8715354
v -5.8810284 -0.3000000 59.7110836
v -7.8315715 -0.3000000 59.4866917
v -9.7737284 -0.3000000 59.1985999
v -11.7054193 -0.3000000 58.8471168
v -13.6245758 -0.3000000 58.4326188
v -15.5291427 -0.3000000 57.9555496
v -17.4170806 -0.3000000 57.4164201
v -19.2863679 -0.3000000 56.8158078
v -21.1350029 -0.3000000 56.1543556
v -22.9610059 -0.3000000 55.4327720
v -24.7624218 -0.3000000 54.6518295
v -26.5373214 -0.3000000 53.8123645
v -28.2838042 -0.3000000 52.9152759
v -30.0000000 -0.3000000 51.9615242
v -31.6840710 -0.3000000 50.9521309
v -33.3342140 -0.3000000 49.8881767
v -34.9486618 -0.3000000 48.7708011
v -36.5256857 -0.3000000 47.6012004
v -38.0635970 -0.3000000 46.3806272
v -39.5607489 -0.3000000 45.1103884
v -41.0155381 -0.3000000 43.7918444
v -42.4264069 -0.3000000 42.4264069
v -43.7918444 -0.3000000 41.0155381
v -45.1103884 -0.3000000 39.5607489
v -46.3806272 -0.3000000 38.0635970
v -47.6012004 -0.3000000 36.5256857
v -48.7708011 -0.3000000 34.9486618
v -49.8881767 -0.3000000 33.3342140
v -50.9521309 -0.3000000 31.6840710
v -51.9615242 -0.3000000 30.0000000
v -52.9152759 -0.3000000 28.2838042
v -53.8123645 -0.3000000 26.5373214
v -54.6518295 -0.3000000 24.7624218
v -55.4327720 -0.3000000 22.9610059
v -56.1543556 -0.3000000 21.1350029
v -56.8158078 -0.3000000 19.2863679
v -57.4164201 -0.3000000 17.4170806
v -57.9555496 -0.3000000 15.5291427
v -58.4326188 -0.3000000 13.6245758
v -58.8471168 -0.3000000 11.7054193
v -59.1985999 -0.3000000 9.7737284
v -59.4866917 -0.3000000 7.8315715
v -59.7110836 -0.3000000 5.8810284
v -59.8715354 -0.3000000 3.9241878
v -59.9678752 -0.3000000 1.9631450
v -60.0000000 -0.3000000 0.0000000
v -59.9678752 -0.3000000 -1.9631450
v -59.8715354 -0.3000000 -3.9241878
v -59.7110836 -0.3000000 -5.8810284
v -59.4866917 -0.3000000 -7.8315715
v -59.1985999 -0.3000000 -9.7737284
v -58.8471168 -0.3000000 -11.7054193
v -58.4326188 -0.3000000 -13.6245758
v -57.9555496 -0.3000000 -15.5291427
v -57.4164201 -0.3000000 -17.4170806
v -56.8158078 -0.3000000 -19.2863679
v -56.1543556 -0.3000000 -21.1350029
v -55.4327720 -0.3000000 -22.9610059
v -54.6518295 -0.3000000 -24.7624218
v -53.8123645 -0.3000000 -26.5373214
v -52.9152759 -0.3000000 -28.2838042
v -51.9615242 -0.3000000 -30.0000000
v -50.9521309 -0.3000000 -31.6840710
v -49.8881767 -0.3000000 -33.3342140
v -48.7708011 -0.3000000 -34.9486618
v -47.6012004 -0.3000000 -36.5256857
v -46.3806272 -0.3000000 -38.0635970
v -45.1103884 -0.3000000 -39.5607489
v -43.7918444 -0.3000000 -41.0155381
v -42.4264069 -0.3000000 -42.4264069
v -41.0155381 -0.3000000 -43.7918444
v -39.5607489 -0.3000000 -45.1103884
v -38.0635970 -0.3000000 -46.3806272
v -36.5256857 -0.3000000 -47.6012004
v -34.9486618 -0.3000000 -48.7708011
v -33.3342140 -0.3000000 -49.8881767
v -31.6840710 -0.3000000 -50.9521309
v -30.0000000 -0.3000000 -51.9615242
v -28.2838042 -0.3000000 -52.9152759
v -26.5373214 -0.3000000 -53.8123645
v -24.7624218 -0.3000000 -54.6518295
v -22.9610059 -0.3000000 -55.4327720
v -21.1350029 -0.3000000 -56.1543556
v -19.2863679 -0.3000000 -56.8158078
v -17.4170806 -0.3000000 -57.4164201
v -15.5291427 -0.3000000 -57.9555496
v -13.6245758 -0.3000000 -58.4326188
v -11.7054193 -0.3000000 -58.8471168
v -9.7737284 -0.3000000 -59.1985999
v -7.8315715 -0.3000000 -59.4866917
v -5.8810284 -0.3000000 -59.7110836
v -3.9241878 -0.3000000 -59.8715354
v -1.9631450 -0.3000000 -59.9678752
v -0.0000000 -0.3000000 -60.0000000
v 1.9631450 -0.3000000 -59.9678752
v 3.9241878 -0.3000000 -59.8715354
v 5.8810284 -0.3000000 -59.7110836
v 7.8315715 -0.3000000 -59.4866917
v 9.7737284 -0.3000000 -59.1985999
v 11.7054193 -0.3000000 -58.8471168
v 13.6245758 -0.3000000 -58.4326188
v 15.5291427 -0.3000000 -57.9555496
v 17.4170806 -0.3000000 -57.4164201
v 19.2863679 -0.3000000 -56.8158078
v 21.1350029 -0.3000000 -56.1543556
v 22.9610059 -0.3000000 -55.4327720
v 24.7624218 -0.3000000 -54.6518295
v 26.5373214 -0.3000000 -53.8123645
v 28.2838042 -0.3000000 -52.9152759
v 30.0000000 -0.3000000 -51.9615242
v 31.6840710 -0.3000000 -50.9521309
v 33.3342140 -0.3000000 -49.8881767
v 34.9486618 -0.3000000 -48.7708011
v 36.5256857 -0.3000000 -47.6012004
v 38.0635970 -0.3000000 -46.3806272
v 39.5607489 -0.3000000 -45.1103884
v 41.0155381 -0.3000000 -43.7918444
v 42.4264069 -0.3000000 -42.4264069
v 43.7918444 -0.3000000 -41.0155381
v 45.1103884 -0.3000000 -39.5607489
v 46.3806272 -0.3000000 -38.0635970
v 47.6012004 -0.3000000 -36.5256857
v 48.7708011 -0.3000000 -34.9486618
v 49.8881767 -0.3000000 -33.3342140
v 50.9521309 -0.3000000 -31.6840710
v 51.9615242 -0.3000000 -30.0000000
v 52.9152759 -0.3000000 -28.2838042
v 53.8123645 -0.3000000 -26.5373214
v 54.6518295 -0.3000000 -24.7624218
v 55.4327720 -0.3000000 -22.9610059
v 56.1543556 -0.3000000 -21.1350029
v 56.8158078 -0.3000000 -19.2863679
v 57.4164201 -0.3000000 -17.4170806
v 57.9555496 -0.3000000 -15.5291427
v 58.4326188 -0.3000000 -13.6245758
v 58.8471168 -0.3000000 -11.7054193
v 59.1985999 -0.3000000 -9.7737284
v 59.4866917 -0.3000000 -7.8315715
v 59.7110836 -0.3000000 -5.8810284
v 59.8715354 -0.3000000 -3.9241878
v 59.9678752 -0.3000000 -1.9631450
v 64.0000000 -0.3000000 0.0000000
v 63.9657336 -0.3000000 2.0940213
v 63.8629711 -0.3000000 4.1858003
v 63.6918225 -0.3000000 6.2730970
v 63.4524711 -0.3000000 8.3536763
v 63.1451733 -0.3000000 10.4253103
v 62.7702579 -0.3000000 12.4857806
v 62.3281267 -0.3000000 14.5328808
v 61.8192529 -0.3000000 16.5644189
v 61.2441815 -0.3000000 18.5782193
v 60.6035283 -0.3000000 20.5721258
v 59.8979793 -0.3000000 22.5440031
v 59.1282901 -0.3000000 24.4917397
v 58.2952848 -0.3000000 26.4132499
v 57.3998555 -0.3000000 28.3064762
v 56.4429609 -0.3000000 30.1693912
v 55.4256258 -0.3000000 32.0000000
v 54.3489396 -0.3000000 33.7963424
v 53.2140552 -0.3000000 35.5564949
v 52.0221878 -0.3000000 37.2785726
v 50.7746138 -0.3000000 38.9607315
v 49.4726690 -0.3000000 40.6011702
v 48.1177477 -0.3000000 42.1981322
v 46.7113007 -0.3000000 43.7499073
v 45.2548340 -0.3000000 45.2548340
v 43.7499073 -0.3000000 46.7113007
v 42.1981322 -0.3000000 48.1177477
v 40.6011702 -0.3000000 49.4726690
v 38.9607315 -0.3000000 50.7746138
v 37.2785726 -0.3000000 52.0221878
v 35.5564949 -0.3000000 53.2140552
v 33.7963424 -0.3000000 54.3489396
v 32.0000000 -0.3000000 55.4256258
v 30.1693912 -0.3000000 56.4429609
v 28.3064762 -0.3000000 57.3998555
v 26.4132499 -0.3000000 58.2952848
v 24.4917397 -0.3000000 59.1282901
v 22.5440031 -0.3000000 59.8979793
v 20.5721258 -0.3000000 60.6035283
v 18.5782193 -0.3000000 61.2441815
v 16.5644189 -0.3000000 61.8192529
v 14.5328808 -0.3000000 62.3281267
v 12.4857806 -0.3000000 62.7702579
v 10.4253103 -0.3000000 63.1451733
v 8.3536763 -0.3000000 63.4524711
v 6.2730970 -0.3000000 63.6918225
v 4.1858003 -0.3000000 63.8629711
v 2.0940213 -0.3000000 63.9657336
v 0.0000000 -0.3000000 64.0000000
v -2.0940213 -0.3000000 63.9657336
v -4.1858003 -0.3000000 63.8629711
v -6.2730970 -0.3000000 63.6918225
v -8.3536763 -0.3000000 63.4524711
v -10.4253103 -0.3000000 63.1451733
v -12.4857806 -0.3000000 62.7702579
v -14.5328808 -0.3000000 62.3281267
v -16.5644189 -0.3000000 61.8192529
v -18.5782193 -0.3000000 61.2441815
v -20.5721258 -0.3000000 60.6035283
v -22.5440031 -0.3000000 59.8979793
v -24.4917397 -0.3000000 59.1282901
v -26.4132499 -0.3000000 58.2952848
v -28.3064762 -0.3000000 57.3998555
v -30.1693912 -0.3000000 56.4429609
v -32.0000000 -0.3000000 55.4256258
v -33.7963424 -0.3000000 54.3489396
v -35.5564949 -0.3000000 53.2140552
v -37.2785726 -0.3000000 52.0221878
v -38.9607315 -0.3000000 50.7746138
v -40.6011702 -0.3000000 49.4726690
v -42.1981322 -0.3000000 48.1177477
v -43.7499073 -0.3000000 46.7113007
v -45.2548340 -0.3000000 45.2548340
v -46.7113007 -0.3000000 43.7499073
v -48.1177477 -0.3000000 42.1981322
v -49.4726690 -0.3000000 40.6011702
v -50.7746138 -0.3000000 38.9607315
v -52.0221878 -0.3000000 37.2785726
v -53.2140552 -0.3000000 35.5564949
v -54.3489396 -0.3000000 33.7963424
v -55.4256258 -0.3000000 32.0000000
v -56.4429609 -0.3000000 30.1693912
v -57.3998555 -0.3000000 28.3064762
v -58.2952848 -0.3000000 26.4132499
v -59.1282901 -0.3000000 24.4917397
v -59.8979793 -0.3000000 22.5440031
v -60.6035283 -0.3000000 20.5721258
v -61.2441815 -0.3000000 18.5782193
v -61.8192529 -0.3000000 16.5644189
v -62.3281267 -0.3000000 14.5328808
v -62.7702579 -0.3000000 12.4857806
v -63.1451733 -0.3000000 10.4253103
v -63.4524711 -0.3000000 8.3536763
v -63.6918225 -0.3000000 6.2730970
v -63.8629711 -0.3000000 4.1858003
v -63.9657336 -0.3000000 2.0940213
v -64.0000000 -0.3000000 0.0000000
v -63.9657336 -0.3000000 -2.0940213
v -63.8629711 -0.3000000 -4.1858003
v -63.6918225 -0.3000000 -6.2730970
v -63.4524711 -0.3000000 -8.3536763
v -63.1451733 -0.3000000 -10.4253103
v -62.7702579 -0.3000000 -12.4857806
v -62.3281267 -0.3000000 -14.5328808
v -61.8192529 -0.3000000 -16.5644189
v -61.2441815 -0.3000000 -18.5782193
v -60.6035283 -0.3000000 -20.5721258
v -59.8979793 -0.3000000 -22.5440031
v -59.1282901 -0.3000000 -24.4917397
v -58.2952848 -0.3000000 -26.4132499
v -57.3998555 -0.3000000 -28.3064762
v -56.4429609 -0.3000000 -30.1693912
v -55.4256258 -0.3000000 -32.0000000
v -54.3489396 -0.3000000 -33.7963424
v -53.2140552 -0.3000000 -35.5564949
v -52.0221878 -0.3000000 -37.2785726
v -50.7746138 -0.3000000 -38.9607315
v -49.4726690 -0.3000000 -40.6011702
v -48.1177477 -0.3000000 -42.1981322
v -46.7113007 -0.3000000 -43.7499073
v -45.2548340 -0.3000000 -45.2548340
v -43.7499073 -0.3000000 -46.7113007
v -42.1981322 -0.3000000 -48.1177477
v -40.6011702 -0.3000000 -49.4726690
v -38.9607315 -0.3000000 -50.7746138
v -37.2785726 -0.3000000 -52.0221878
v -35.5564949 -0.3000000 -53.2140552
v -33.7963424 -0.3000000 -54.3489396
v -32.0000000 -0.3000000 -55.4256258
v -30.1693912 -0.3000000 -56.4429609
v -28.3064762 -0.3000000 -57.3998555
v -26.4132499 -0.3000000 -58.2952848
v -24.4917397 -0.3000000 -59.1282901
v -22.5440031 -0.3000000 -59.8979793
v -20.5721258 -0.3000000 -60.6035283
v -18.5782193 -0.3000000 -61.2441815
v -16.5644189 -0.3000000 -61.8192529
v -14.5328808 -0.3000000 -62.3281267
v -12.4857806 -0.3000000 -62.7702579
v -10.4253103 -0.3000000 -63.1451733
v -8.3536763 -0.3000000 -63.4524711
v -6.2730970 -0.3000000 -63.6918225
v -4.1858003 -0.3000000 -63.8629711
v -2.0940213 -0.3000000 -63.9657336
v -0.0000000 -0.3000000 -64.0000000
v 2.0940213 -0.3000000 -63.9657336
v 4.1858003 -0.3000000 -63.8629711
v 6.2730970 -0.3000000 -63.6918225
v 8.3536763 -0.3000000 -63.4524711
v 10.4253103 -0.3000000 -63.1451733
v 12.4857806 -0.3000000 -62.7702579
v 14.5328808 -0.3000000 -62.3281267
v 16.5644189 -0.3000000 -61.8192529
v 18.5782193 -0.3000000 -61.2441815
v 20.5721258 -0.3000000 -60.6035283
v 22.5440031 -0.3000000 -59.8979793
v 24.4917397 -0.3000000 -59.1282901
v 26.4132499 -0.3000000 -58.2952848
v 28.3064762 -0.3000000 -57.3998555
v 30.1693912 -0.3000000 -56.4429609
v 32.0000000 -0.3000000 -55.4256258
v 33.7963424 -0.3000000 -54.3489396
v 35.5564949 -0.3000000 -53.2140552
v 37.2785726 -0.3000000 -52.0221878
v 38.9607315 -0.3000000 -50.7746138
v 40.6011702 -0.3000000 -49.4726690
v 42.1981322 -0.3000000 -48.1177477
v 43.7499073 -0.3000000 -46.7113007
v 45.2548340 -0.3000000 -45.2548340
v 46.7113007 -0.3000000 -43.7499073
v 48.1177477 -0.3000000 -42.1981322
v 49.4726690 -0.3000000 -40.6011702
v 50.7746138 -0.3000000 -38.9607315
v 52.0221878 -0.3000000 -37.2785726
v 53.2140552 -0.3000000 -35.5564949
v 54.3489396 -0.3000000 -33.7963424
v 55.4256258 -0.3000000 -32.0000000
v 56.4429609 -0.3000000 -30.1693912
v 57.3998555 -0.3000000 -28.3064762
v 58.2952848 -0.3000000 -26.4132499
v 59.1282901 -0.3000000 -24.4917397
v 59.8979793 -0.3000000 -22.5440031
v 60.6035283 -0.3000000 -20.5721258
v 61.2441815 -0.3000000 -18.5782193
v 61.8192529 -0.3000000 -16.5644189
v 62.3281267 -0.3000000 -14.5328808
v 62.7702579 -0.3000000 -12.4857806
v 63.1451733 -0.3000000 -10.4253103
v 63.4524711 -0.3000000 -8.3536763
v 63.6918225 -0.3000000 -6.2730970
v 63.8629711 -0.3000000 -4.1858003
v 63.9657336 -0.3000000 -2.0940213
v 67.0000000 -0.3000000 0.0000000
v 66.9641274 -0.3000000 2.1921785
v 66.8565479 -0.3000000 4.3820097
v 66.6773767 -0.3000000 6.5671484
v 66.4268057 -0.3000000 8.7452549
v 66.1051032 -0.3000000 10.9139967
v 65.7126138 -0.3000000 13.0710516
v 65.2497576 -0.3000000 15.2141096
v 64.7170304 -0.3000000 17.3408760
v 64.1150025 -0.3000000 19.4490734
v 63.4443187 -0.3000000 21.5364442
v 62.7056971 -0.3000000 23.6007532
v 61.8999287 -0.3000000 25.6397900
v 61.0278763 -0.3000000 27.6513710
v 60.0904737 -0.3000000 29.6333422
v 59.0887247 -0.3000000 31.5835814
v 58.0237021 -0.3000000 33.5000000
v 56.8965462 -0.3000000 35.3805460
v 55.7084640 -0.3000000 37.2232056
v 54.4607279 -0.3000000 39.0260057
v 53.1546738 -0.3000000 40.7870157
v 51.7917004 -0.3000000 42.5043500
v 50.3732671 -0.3000000 44.1761696
v 48.9008929 -0.3000000 45.8006842
v 47.3761543 -0.3000000 47.3761543
v 45.8006842 -0.3000000 48.9008929
v 44.1761696 -0.3000000 50.3732671
v 42.5043500 -0.3000000 51.7917004
v 40.7870157 -0.3000000 53.1546738
v 39.0260057 -0.3000000 54.4607279
v 37.2232056 -0.3000000 55.7084640
v 35.3805460 -0.3000000 56.8965462
v 33.5000000 -0.3000000 58.0237021
v 31.5835814 -0.3000000 59.0887247
v 29.6333422 -0.3000000 60.0904737
v 27.6513710 -0.3000000 61.0278763
v 25.6397900 -0.3000000 61.8999287
v 23.6007532 -0.3000000 62.7056971
v 21.5364442 -0.3000000 63.4443187
v 19.4490734 -0.3000000 64.1150025
v 17.3408760 -0.3000000 64.7170304
v 15.2141096 -0.3000000 65.2497576
v 13.0710516 -0.3000000 65.7126138
v 10.9139967 -0.3000000 66.1051032
v 8.7452549 -0.3000000 66.4268057
v 6.5671484 -0.3000000 66.6773767
v 4.3820097 -0.3000000 66.8565479
v 2.1921785 -0.3000000 66.9641274
v 0.0000000 -0.3000000 67.0000000
v -2.1921785 -0.3000000 66.9641274
v -4.3820097 -0.3000000 66.8565479
v -6.5671484 -0.3000000 66.6773767
v -8.7452549 -0.3000000 66.4268057
v -10.9139967 -0.3000000 66.1051032
v -13.0710516 -0.3000000 65.7126138
v -15.2141096 -0.3000000 65.2497576
v -17.3408760 -0.3000000 64.7170304
v -19.4490734 -0.3000000 64.1150025
v -21.5364442 -0.3000000 63.4443187
v -23.6007532 -0.3000000 62.7056971
v -25.6397900 -0.3000000 61.8999287
v -27.6513710 -0.3000000 61.0278763
v -29.6333422 -0.3000000 60.0904737
v -31.5835814 -0.3000000 59.0887247
v -33.5000000 -0.3000000 58.0237021
v -35.3805460 -0.3000000 56.8965462
v -37.2232056 -0.3000000 55.7084640
v -39.0260057 -0.3000000 54.4607279
v -40.7870157 -0.3000000 53.1546738
v -42.5043500 -0.3000000 51.7917004
v -44.1761696 -0.3000000 50.3732671
v -45.8006842 -0.3000000 48.9008929
v -47.3761543 -0.3000000 47.3761543
v -48.9008929 -0.3000000 45.8006842
v -50.3732671 -0.3000000 44.1761696
v -51.7917004 -0.3000000 42.5043500
v -53.1546738 -0.3000000 40.7870157
v -54.4607279 -0.3000000 39.0260057
v -55.7084640 -0.3000000 37.2232056
v -56.8965462 -0.3000000 35.3805460
v -58.0237021 -0.3000000 33.5000000
v -59.0887247 -0.3000000 31.5835814
v -60.0904737 -0.3000000 29.6333422
v -61.0278763 -0.3000000 27.6513710
v -61.8999287 -0.3000000 25.6397900
v -62.7056971 -0.3000000 23.6007532
v -63.4443187 -0.3000000 21.5364442
v -64.1150025 -0.3000000 19.4490734
v -64.7170304 -0.3000000 17.3408760
v -65.2497576 -0.3000000 15.2141096
v -65.7126138 -0.3000000 13.0710516
v -66.1051032 -0.3000000 10.9139967
v -66.4268057 -0.3000000 8.7452549
v -66.6773767 -0.3000000 6.5671484
v -66.8565479 -0.3000000 4.3820097
v -66.9641274 -0.3000000 2.1921785
v -67.0000000 -0.3000000 0.0000000
v -66.9641274 -0.3000000 -2.1921785
v -66.8565479 -0.3000000 -4.3820097
v -66.6773767 -0.3000000 -6.5671484
v -66.4268057 -0.3000000 -8.7452549
v -66.1051032 -0.3000000 -10.9139967
v -65.7126138 -0.3000000 -13.0710516
v -65.2497576 -0.3000000 -15.2141096
v -64.7170304 -0.3000000 -17.3408760
v -64.1150025 -0.3000000 -19.4490734
v -63.4443187 -0.3000000 -21.5364442
v -62.7056971 -0.3000000 -23.6007532
v -61.8999287 -0.3000000 -25.6397900
v -61.0278763 -0.3000000 -27.6513710
v -60.0904737 -0.3000000 -29.6333422
v -59.0887247 -0.3000000 -31.5835814
v -58.0237021 -0.3000000 -33.5000000
v -56.8965462 -0.3000000 -35.3805460
v -55.7084640 -0.3000000 -37.2232056
v -54.4607279 -0.3000000 -39.0260057
v -53.1546738 -0.3000000 -40.7870157
v -51.7917004 -0.3000000 -42.5043500
v -50.3732671 -0.3000000 -44.1761696
v -48.9008929 -0.3000000 -45.8006842
v -47.3761543 -0.3000000 -47.3761543
v -45.8006842 -0.3000000 -48.9008929
v -44.1761696 -0.3000000 -50.3732671
v -42.5043500 -0.3000000 -51.7917004
v -40.7870157 -0.3000000 -53.1546738
v -39.0260057 -0.3000000 -54.4607279
v -37.2232056 -0.3000000 -55.7084640
v -35.3805460 -0.3000000 -56.8965462
v -33.5000000 -0.3000000 -58.0237021
v -31.5835814 -0.3000000 -59.0887247
v -29.6333422 -0.3000000 -60.0904737
v -27.6513710 -0.3000000 -61.0278763
v -25.6397900 -0.3000000 -61.8999287
v -23.6007532 -0.3000000 -62.7056971
v -21.5364442 -0.3000000 -63.4443187
v -19.4490734 -0.3000000 -64.1150025
v -17.3408760 -0.3000000 -64.7170304
v -15.2141096 -0.3000000 -65.2497576
v -13.0710516 -0.3000000 -65.7126138
v -10.9139967 -0.3000000 -66.1051032
v -8.7452549 -0.3000000 -66.4268057
v -6.5671484 -0.3000000 -66.6773767
v -4.3820097 -0.3000000 -66.8565479
v -2.1921785 -0.3000000 -66.9641274
v -0.0000000 -0.3000000 -67.0000000
v 2.1921785 -0.3000000 -66.9641274
v 4.3820097 -0.3000000 -66.8565479
v 6.5671484 -0.3000000 -66.6773767
v 8.7452549 -0.3000000 -66.4268057
v 10.9139967 -0.3000000 -66.1051032
v 13.0710516 -0.3000000 -65.7126138
v 15.2141096 -0.3000000 -65.2497576
v 17.3408760 -0.3000000 -64.7170304
v 19.4490734 -0.3000000 -64.1150025
v 21.5364442 -0.3000000 -63.4443187
v 23.6007532 -0.3000000 -62.7056971
v 25.6397900 -0.3000000 -61.8999287
v 27.6513710 -0.3000000 -61.0278763
v 29.6333422 -0.3000000 -60.0904737
v 31.5835814 -0.3000000 -59.0887247
v 33.5000000 -0.3000000 -58.0237021
v 35.3805460 -0.3000000 -56.8965462
v 37.2232056 -0.3000000 -55.7084640
v 39.0260057 -0.3000000 -54.4607279
v 40.7870157 -0.3000000 -53.1546738
v 42.5043500 -0.3000000 -51.7917004
v 44.1761696 -0.3000000 -50.3732671
v 45.8006842 -0.3000000 -48.9008929
v 47.3761543 -0.3000000 -47.3761543
v 48.9008929 -0.3000000 -45.8006842
v 50.3732671 -0.3000000 -44.1761696
v 51.7917004 -0.3000000 -42.5043500
v 53.1546738 -0.3000000 -40.7870157
v 54.4607279 -0.3000000 -39.0260057
v 55.7084640 -0.3000000 -37.2232056
v 56.8965462 -0.3000000 -35.3805460
v 58.0237021 -0.3000000 -33.5000000
v 59.0887247 -0.3000000 -31.5835814
v 60.0904737 -0.3000000 -29.6333422
v 61.0278763 -0.3000000 -27.6513710
v 61.8999287 -0.3000000 -25.6397900
v 62.7056971 -0.3000000 -23.6007532
v 63.4443187 -0.3000000 -21.5364442
v 64.1150025 -0.3000000 -19.4490734
v 64.7170304 -0.3000000 -17.3408760
v 65.2497576 -0.3000000 -15.2141096
v 65.7126138 -0.3000000 -13.0710516
v 66.1051032 -0.3000000 -10.9139967
v 66.4268057 -0.3000000 -8.7452549
v 66.6773767 -0.3000000 -6.5671484
v 66.8565479 -0.3000000 -4.3820097
v 66.9641274 -0.3000000 -2.1921785
v 70.0000000 -0.3000000 0.0000000
v 69.9625211 -0.3000000 2.2903358
v 69.8501246 -0.3000000 4.5782190
v 69.6629309 -0.3000000 6.8611998
v 69.4011403 -0.3000000 9.1368335
v 69.0650332 -0.3000000 11.4026831
v 68.6549696 -0.3000000 13.6563225
v 68.1713885 -0.3000000 15.8953384
v 67.6148078 -0.3000000 18.1173332
v 66.9858235 -0.3000000 20.3199274
v 66.2851091 -0.3000000 22.5007626
v 65.5134149 -0.3000000 24.6575034
v 64.6715673 -0.3000000 26.7878403
v 63.7604677 -0.3000000 28.8894921
v 62.7810919 -0.3000000 30.9602083
v 61.7344885 -0.3000000 32.9977716
v 60.6217783 -0.3000000 35.0000000
v 59.4441527 -0.3000000 36.9647495
v 58.2028729 -0.3000000 38.8899163
v 56.8992679 -0.3000000 40.7734388
v 55.5347338 -0.3000000 42.6133000
v 54.1107317 -0.3000000 44.4075299
v 52.6287865 -0.3000000 46.1542071
v 51.0904851 -0.3000000 47.8514611
v 49.4974747 -0.3000000 49.4974747
v 47.8514611 -0.3000000 51.0904851
v 46.1542071 -0.3000000 52.6287865
v 44.4075299 -0.3000000 54.1107317
v 42.6133000 -0.3000000 55.5347338
v 40.7734388 -0.3000000 56.8992679
v 38.8899163 -0.3000000 58.2028729
v 36.9647495 -0.3000000 59.4441527
v 35.0000000 -0.3000000 60.6217783
v 32.9977716 -0.3000000 61.7344885
v 30.9602083 -0.3000000 62.7810919
v 28.8894921 -0.3000000 63.7604677
v 26.7878403 -0.3000000 64.6715673
v 24.6575034 -0.3000000 65.5134149
v 22.5007626 -0.3000000 66.2851091
v 20.3199274 -0.3000000 66.9858235
v 18.1173332 -0.3000000 67.6148078
v 15.8953384 -0.3000000 68.1713885
v 13.6563225 -0.3000000 68.6549696
v 11.4026831 -0.3000000 69.0650332
v 9.1368335 -0.3000000 69.4011403
v 6.8611998 -0.3000000 69.6629309
v 4.5782190 -0.3000000 69.8501246
v 2.2903358 -0.3000000 69.9625211
v 0.0000000 -0.3000000 70.0000000
v -2.2903358 -0.3000000 69.9625211
v -4.5782190 -0.3000000 69.8501246
v -6.8611998 -0.3000000 69.6629309
v -9.1368335 -0.3000000 69.4011403
v -11.4026831 -0.3000000 69.0650332
v -13.6563225 -0.3000000 68.6549696
v -15.8953384 -0.3000000 68.1713885
v -18.1173332 -0.3000000 67.6148078
v -20.3199274 -0.3000000 66.9858235
v -22.5007626 -0.3000000 66.2851091
v -24.6575034 -0.3000000 65.5134149
v -26.7878403 -0.3000000 64.6715673
v -28.8894921 -0.3000000 63.7604677
v -30.9602083 -0.3000000 62.7810919
v -32.9977716 -0.3000000 61.7344885
v -35.0000000 -0.3000000 60.6217783
v -36.9647495 -0.3000000 59.4441527
v -38.8899163 -0.3000000 58.2028729
v -40.7734388 -0.3000000 56.8992679
v -42.6133000 -0.3000000 55.5347338
v -44.4075299 -0.3000000 54.1107317
v -46.1542071 -0.3000000 52.6287865
v -47.8514611 -0.3000000 51.0904851
v -49.4974747 -0.3000000 49.4974747
v -51.0904851 -0.3000000 47.8514611
v -52.6287865 -0.3000000 46.1542071
v -54.1107317 -0.3000000 44.4075299
v -55.5347338 -0.3000000 42.6133000
v -56.8992679 -0.3000000 40.7734388
v -58.2028729 -0.3000000 38.8899163
v -59.4441527 -0.3000000 36.9647495
v -60.6217783 -0.3000000 35.0000000
v -61.7344885 -0.3000000 32.9977716
v -62.7810919 -0.3000000 30.9602083
v -63.7604677 -0.3000000 28.8894921
v -64.6715673 -0.3000000 26.7878403
v -65.5134149 -0.3000000 24.6575034
v -66.2851091 -0.3000000 22.5007626
v -66.9858235 -0.3000000 20.3199274
v -67.6148078 -0.3000000 18.1173332
v -68.1713885 -0.3000000 15.8953384
v -68.6549696 -0.3000000 13.6563225
v -69.0650332 -0.3000000 11.4026831
v -69.4011403 -0.3000000 9.1368335
v -69.6629309 -0.3000000 6.8611998
v -69.8501246 -0.3000000 4.5782190
v -69.9625211 -0.3000000 2.2903358
v -70.0000000 -0.3000000 0.0000000
v -69.9625211 -0.3000000 -2.2903358
v -69.8501246 -0.3000000 -4.5782190
v -69.6629309 -0.3000000 -6.8611998
v -69.4011403 -0.3000000 -9.1368335
v -69.0650332 -0.3000000 -11.4026831
v -68.6549696 -0.3000000 -13.6563225
v -68.1713885 -0.3000000 -15.8953384
v -67.6148078 -0.3000000 -18.1173332
v -66.9858235 -0.3000000 -20.3199274
v -66.2851091 -0.3000000 -22.5007626
v -65.5134149 -0.3000000 -24.6575034
v -64.6715673 -0.3000000 -26.7878403
v -63.7604677 -0.3000000 -28.8894921
v -62.7810919 -0.3000000 -30.9602083
v -61.7344885 -0.3000000 -32.9977716
v -60.6217783 -0.3000000 -35.0000000
v -59.4441527 -0.3000000 -36.9647495
v -58.2028729 -0.3000000 -38.8899163
v -56.8992679 -0.3000000 -40.7734388
v -55.5347338 -0.3000000 -42.6133000
v -54.1107317 -0.3000000 -44.4075299
v -52.6287865 -0.3000000 -46.1542071
v -51.0904851 -0.3000000 -47.8514611
v -49.4974747 -0.3000000 -49.4974747
v -47.8514611 -0.3000000 -51.0904851
v -46.1542071 -0.3000000 -52.6287865
v -44.4075299 -0.3000000 -54.1107317
v -42.6133000 -0.3000000 -55.5347338
v -40.7734388 -0.3000000 -56.8992679
v -38.8899163 -0.3000000 -58.2028729
v -36.9647495 -0.3000000 -59.4441527
v -35.0000000 -0.3000000 -60.6217783
v -32.9977716 -0.3000000 -61.7344885
v -30.9602083 -0.3000000 -62.7810919
v -28.8894921 -0.3000000 -63.7604677
v -26.7878403 -0.3000000 -64.6715673
v -24.6575034 -0.3000000 -65.5134149
v -22.5007626 -0.3000000 -66.2851091
v -20.3199274 -0.3000000 -66.9858235
v -18.1173332 -0.3000000 -67.6148078
v -15.8953384 -0.3000000 -68.1713885
v -13.6563225 -0.3000000 -68.6549696
v -11.4026831 -0.3000000 -69.0650332
v -9.1368335 -0.3000000 -69.4011403
v -6.8611998 -0.3000000 -69.6629309
v -4.5782190 -0.3000000 -69.8501246
v -2.2903358 -0.3000000 -69.9625211
v -0.0000000 -0.3000000 -70.0000000
v 2.2903358 -0.3000000 -69.9625211
v 4.5782190 -0.3000000 -69.8501246
v 6.8611998 -0.3000000 -69.6629309
v 9.1368335 -0.3000000 -69.4011403
v 11.4026831 -0.3000000 -69.0650332
v 13.6563225 -0.3000000 -68.6549696
v 15.8953384 -0.3000000 -68.1713885
v 18.1173332 -0.3000000 -67.6148078
v 20.3199274 -0.3000000 -66.9858235
v 22.5007626 -0.3000000 -66.2851091
v 24.6575034 -0.3000000 -65.5134149
v 26.7878403 -0.3000000 -64.6715673
v 28.8894921 -0.3000000 -63.7604677
v 30.9602083 -0.3000000 -62.7810919
v 32.9977716 -0.3000000 -61.7344885
v 35.0000000 -0.3000000 -60.6217783
v 36.9647495 -0.3000000 -59.4441527
v 38.8899163 -0.3000000 -58.2028729
v 40.7734388 -0.3000000 -56.8992679
v 42.6133000 -0.3000000 -55.5347338
v 44.4075299 -0.3000000 -54.1107317
v 46.1542071 -0.3000000 -52.6287865
v 47.8514611 -0.3000000 -51.0904851
v 49.4974747 -0.3000000 -49.4974747
v 51.0904851 -0.3000000 -47.8514611
v 52.6287865 -0.3000000 -46.1542071
v 54.1107317 -0.3000000 -44.4075299
v 55.5347338 -0.3000000 -42.6133000
v 56.8992679 -0.3000000 -40.7734388
v 58.2028729 -0.3000000 -38.8899163
v 59.4441527 -0.3000000 -36.9647495
v 60.6217783 -0.3000000 -35.0000000
v 61.7344885 -0.3000000 -32.9977716
v 62.7810919 -0.3000000 -30.9602083
v 63.7604677 -0.3000000 -28.8894921
v 64.6715673 -0.3000000 -26.7878403
v 65.5134149 -0.3000000 -24.6575034
v 66.2851091 -0.3000000 -22.5007626
v 66.9858235 -0.3000000 -20.3199274
v 67.6148078 -0.3000000 -18.1173332
v 68.1713885 -0.3000000 -15.8953384
v 68.6549696 -0.3000000 -13.6563225
v 69.0650332 -0.3000000 -11.4026831
v 69.4011403 -0.3000000 -9.1368335
v 69.6629309 -0.3000000 -6.8611998
v 69.8501246 -0.3000000 -4.5782190
v 69.9625211 -0.3000000 -2.2903358
v 73.0000000 -0.3000000 0.0000000
v 72.9609149 -0.3000000 2.3884930
v 72.8437014 -0.3000000 4.7744284
v 72.6484850 -0.3000000 7.1552512
v 72.3754749 -0.3000000 9.5284120
v 72.0249632 -0.3000000 11.8913696
v 71.5973255 -0.3000000 14.2415935
v 71.0930195 -0.3000000 16.5765672
v 70.5125853 -0.3000000 18.8937903
v 69.8566445 -0.3000000 21.1907814
v 69.1258995 -0.3000000 23.4650810
v 68.3211327 -0.3000000 25.7142535
v 67.4432059 -0.3000000 27.9358906
v 66.4930592 -0.3000000 30.1276132
v 65.4717101 -0.3000000 32.2870744
v 64.3802523 -0.3000000 34.4119618
v 63.2198545 -0.3000000 36.5000000
v 61.9917593 -0.3000000 38.5489531
v 60.6972817 -0.3000000 40.5566270
v 59.3378080 -0.3000000 42.5208719
v 57.9147938 -0.3000000 44.4395843
v 56.4297631 -0.3000000 46.3107097
v 54.8843059 -0.3000000 48.1322445
v 53.2800773 -0.3000000 49.9022380
v 51.6187950 -0.3000000 51.6187950
v 49.9022380 -0.3000000 53.2800773
v 48.1322445 -0.3000000 54.8843059
v 46.3107097 -0.3000000 56.4297631
v 44.4395843 -0.3000000 57.9147938
v 42.5208719 -0.3000000 59.3378080
v 40.5566270 -0.3000000 60.6972817
v 38.5489531 -0.3000000 61.9917593
v 36.5000000 -0.3000000 63.2198545
v 34.4119618 -0.3000000 64.3802523
v 32.2870744 -0.3000000 65.4717101
v 30.1276132 -0.3000000 66.4930592
v 27.9358906 -0.3000000 67.4432059
v 25.7142535 -0.3000000 68.3211327
v 23.4650810 -0.3000000 69.1258995
v 21.1907814 -0.3000000 69.8566445
v 18.8937903 -0.3000000 70.5125853
v 16.5765672 -0.3000000 71.0930195
v 14.2415935 -0.3000000 71.5973255
v 11.8913696 -0.3000000 72.0249632
v 9.5284120 -0.3000000 72.3754749
v 7.1552512 -0.3000000 72.6484850
v 4.7744284 -0.3000000 72.8437014
v 2.3884930 -0.3000000 72.9609149
v 0.0000000 -0.3000000 73.0000000
v -2.3884930 -0.3000000 72.9609149
v -4.7744284 -0.3000000 72.8437014
v -7.1552512 -0.3000000 72.6484850
v -9.5284120 -0.3000000 72.3754749
v -11.8913696 -0.3000000 72.0249632
v -14.2415935 -0.3000000 71.5973255
v -16.5765672 -0.3000000 71.0930195
v -18.8937903 -0.3000000 70.5125853
v -21.1907814 -0.3000000 69.8566445
v -23.4650810 -0.3000000 69.1258995
v -25.7142535 -0.3000000 68.3211327
v -27.9358906 -0.3000000 67.4432059
v -30.1276132 -0.3000000 66.4930592
v -32.2870744 -0.3000000 65.4717101
v -34.4119618 -0.3000000 64.3802523
v -36.5000000 -0.3000000 63.2198545
v -38.5489531 -0.3000000 61.9917593
v -40.5566270 -0.3000000 60.6972817
v -42.5208719 -0.3000000 59.3378080
v -44.4395843 -0.3000000 57.9147938
v -46.3107097 -0.3000000 56.4297631
v -48.1322445 -0.3000000 54.8843059
v -49.9022380 -0.3000000 53.2800773
v -51.6187950 -0.3000000 51.6187950
v -53.2800773 -0.3000000 49.9022380
v -54.8843059 -0.3000000 48.1322445
v -56.4297631 -0.3000000 46.3107097
v -57.9147938 -0.3000000 44.4395843
v -59.3378080 -0.3000000 42.5208719
v -60.6972817 -0.3000000 40.5566270
v -61.9917593 -0.3000000 38.5489531
v -63.2198545 -0.3000000 36.5000000
v -64.3802523 -0.3000000 34.4119618
v -65.4717101 -0.3000000 32.2870744
v -66.4930592 -0.3000000 30.1276132
v -67.4432059 -0.3000000 27.9358906
v -68.3211327 -0.3000000 25.7142535
v -69.1258995 -0.3000000 23.4650810
v -69.8566445 -0.3000000 21.1907814
v -70.5125853 -0.3000000 18.8937903
v -71.0930195 -0.3000000 16.5765672
v -71.5973255 -0.3000000 14.2415935
v -72.0249632 -0.3000000 11.8913696
v -72.3754749 -0.3000000 9.5284120
v -72.6484850 -0.3000000 7.1552512
v -72.8437014 -0.3000000 4.7744284
v -72.9609149 -0.3000000 2.3884930
v -73.0000000 -0.3000000 0.0000000
v -72.9609149 -0.3000000 -2.3884930
v -72.8437014 -0.3000000 -4.7744284
v -72.6484850 -0.3000000 -7.1552512
v -72.3754749 -0.3000000 -9.5284120
v -72.0249632 -0.3000000 -11.8913696
v -71.5973255 -0.3000000 -14.2415935
v -71.0930195 -0.3000000 -16.5765672
v -70.5125853 -0.3000000 -18.8937903
v -69.8566445 -0.3000000 -21.1907814
v -69.1258995 -0.3000000 -23.4650810
v -68.3211327 -0.3000000 -25.7142535
v -67.4432059 -0.3000000 -27.9358906
v -66.4930592 -0.3000000 -30.1276132
v -65.4717101 -0.3000000 -32.2870744
v -64.3802523 -0.3000000 -34.4119618
v -63.2198545 -0.3000000 -36.5000000
v -61.9917593 -0.3000000 -38.5489531
v -60.6972817 -0.3000000 -40.5566270
v -59.3378080 -0.3000000 -42.5208719
v -57.9147938 -0.3000000 -44.4395843
v -56.4297631 -0.3000000 -46.3107097
v -54.8843059 -0.3000000 -48.1322445
v -53.2800773 -0.3000000 -49.9022380
v -51.6187950 -0.3000000 -51.6187950
v -49.9022380 -0.3000000 -53.2800773
v -48.1322445 -0.3000000 -54.8843059
v -46.3107097 -0.3000000 -56.4297631
v -44.4395843 -0.3000000 -57.9147938
v -42.5208719 -0.3000000 -59.3378080
v -40.5566270 -0.3000000 -60.6972817
v -38.5489531 -0.3000000 -61.9917593
v -36.5000000 -0.3000000 -63.2198545
v -34.4119618 -0.3000000 -64.3802523
v -32.2870744 -0.3000000 -65.4717101
v -30.1276132 -0.3000000 -66.4930592
v -27.9358906 -0.3000000 -67.4432059
v -25.7142535 -0.3000000 -68.3211327
v -23.4650810 -0.3000000 -69.1258995
v -21.1907814 -0.3000000 -69.8566445
v -18.8937903 -0.3000000 -70.5125853
v -16.5765672 -0.3000000 -71.0930195
v -14.2415935 -0.3000000 -71.5973255
v -11.8913696 -0.3000000 -72.0249632
v -9.5284120 -0.3000000 -72.3754749
v -7.1552512 -0.3000000 -72.6484850
v -4.7744284 -0.3000000 -72.8437014
v -2.3884930 -0.3000000 -72.9609149
v -0.0000000 -0.3000000 -73.0000000
v 2.3884930 -0.3000000 -72.9609149
v 4.7744284 -0.3000000 -72.8437014
v 7.1552512 -0.3000000 -72.6484850
v 9.5284120 -0.3000000 -72.3754749
v 11.8913696 -0.3000000 -72.0249632
v 14.2415935 -0.3000000 -71.5973255
v 16.5765672 -0.3000000 -71.0930195
v 18.8937903 -0.3000000 -70.5125853
v 21.1907814 -0.3000000 -69.8566445
v 23.4650810 -0.3000000 -69.1258995
v 25.7142535 -0.3000000 -68.3211327
v 27.9358906 -0.3000000 -67.4432059
v 30.1276132 -0.3000000 -66.4930592
v 32.2870744 -0.3000000 -65.4717101
v 34.4119618 -0.3000000 -64.3802523
v 36.5000000 -0.3000000 -63.2198545
v 38.5489531 -0.3000000 -61.9917593
v 40.5566270 -0.3000000 -60.6972817
v 42.5208719 -0.3000000 -59.3378080
v 44.4395843 -0.3000000 -57.9147938
v 46.3107097 -0.3000000 -56.4297631
v 48.1322445 -0.3000000 -54.8843059
v 49.9022380 -0.3000000 -53.2800773
v 51.6187950 -0.3000000 -51.6187950
v 53.2800773 -0.3000000 -49.9022380
v 54.8843059 -0.3000000 -48.1322445
v 56.4297631 -0.3000000 -46.3107097
v 57.9147938 -0.3000000 -44.4395843
v 59.3378080 -0.3000000 -42.5208719
v 60.6972817 -0.3000000 -40.5566270
v 61.9917593 -0.3000000 -38.5489531
v 63.2198545 -0.3000000 -36.5000000
v 64.3802523 -0.3000000 -34.4119618
v 65.4717101 -0.3000000 -32.2870744
v 66.4930592 -0.3000000 -30.1276132
v 67.4432059 -0.3000000 -27.9358906
v 68.3211327 -0.3000000 -25.7142535
v 69.1258995 -0.3000000 -23.4650810
v 69.8566445 -0.3000000 -21.1907814
v 70.5125853 -0.3000000 -18.8937903
v 71.0930195 -0.3000000 -16.5765672
v 71.5973255 -0.3000000 -14.2415935
v 72.0249632 -0.3000000 -11.8913696
v 72.3754749 -0.3000000 -9.5284120
v 72.6484850 -0.3000000 -7.1552512
v 72.8437014 -0.3000000 -4.7744284
v 72.9609149 -0.3000000 -2.3884930
v 76.0000000 -0.3000000 0.0000000
v 75.9593086 -0.3000000 2.4866503
v 75.8372782 -0.3000000 4.9706378
v 75.6340392 -0.3000000 7.4493027
v 75.3498095 -0.3000000 9.9199906
v 74.9848932 -0.3000000 12.3800560
v 74.5396813 -0.3000000 14.8268645
v 74.0146504 -0.3000000 17.2577960
v 73.4103628 -0.3000000 19.6702474
v 72.7274655 -0.3000000 22.0616355
v 71.9666898 -0.3000000 24.4293994
v 71.1288504 -0.3000000 26.7710036
v 70.2148445 -0.3000000 29.0839409
v 69.2256507 -0.3000000 31.3657343
v 68.1623284 -0.3000000 33.6139405
v 67.0260161 -0.3000000 35.8261520
v 65.8179307 -0.3000000 38.0000000
v 64.5393658 -0.3000000 40.1331566
v 63.1916905 -0.3000000 42.2233377
v 61.7763480 -0.3000000 44.2683050
v 60.2948539 -0.3000000 46.2658686
v 58.7487945 -0.3000000 48.2138896
v 57.1398254 -0.3000000 50.1102819
v 55.4696695 -0.3000000 51.9530150
v 53.7401154 -0.3000000 53.7401154
v 51.9530150 -0.3000000 55.4696695
v 50.1102819 -0.3000000 57.1398254
v 48.2138896 -0.3000000 58.7487945
v 46.2658686 -0.3000000 60.2948539
v 44.2683050 -0.3000000 61.7763480
v 42.2233377 -0.3000000 63.1916905
v 40.1331566 -0.3000000 64.5393658
v 38.0000000 -0.3000000 65.8179307
v 35.8261520 -0.3000000 67.0260161
v 33.6139405 -0.3000000 68.1623284
v 31.3657343 -0.3000000 69.2256507
v 29.0839409 -0.3000000 70.2148445
v 26.7710036 -0.3000000 71.1288504
v 24.4293994 -0.3000000 71.9666898
v 22.0616355 -0.3000000 72.7274655
v 19.6702474 -0.3000000 73.4103628
v 17.2577960 -0.3000000 74.0146504
v 14.8268645 -0.3000000 74.5396813
v 12.3800560 -0.3000000 74.9848932
v 9.9199906 -0.3000000 75.3498095
v 7.4493027 -0.3000000 75.6340392
v 4.9706378 -0.3000000 75.8372782
v 2.4866503 -0.3000000 75.9593086
v 0.0000000 -0.3000000 76.0000000
v -2.4866503 -0.3000000 75.9593086
v -4.9706378 -0.3000000 75.8372782
v -7.4493027 -0.3000000 75.6340392
v -9.9199906 -0.3000000 75.3498095
v -12.3800560 -0.3000000 74.9848932
v -14.8268645 -0.3000000 74.5396813
v -17.2577960 -0.3000000 74.0146504
v -19.6702474 -0.3000000 73.4103628
v -22.0616355 -0.3000000 72.7274655
v -24.4293994 -0.3000000 71.9666898
v -26.7710036 -0.3000000 71.1288504
v -29.0839409 -0.3000000 70.2148445
v -31.3657343 -0.3000000 69.2256507
v -33.6139405 -0.3000000 68.1623284
v -35.8261520 -0.3000000 67.0260161
v -38.0000000 -0.3000000 65.8179307
v -40.1331566 -0.3000000 64.5393658
v -42.2233377 -0.3000000 63.1916905
v -44.2683050 -0.3000000 61.7763480
v -46.2658686 -0.3000000 60.2948539
v -48.2138896 -0.3000000 58.7487945
v -50.1102819 -0.3000000 57.1398254
v -51.9530150 -0.3000000 55.4696695
v -53.7401154 -0.3000000 53.7401154
v -55.4696695 -0.3000000 51.9530150
v -57.1398254 -0.3000000 50.1102819
v -58.7487945 -0.3000000 48.2138896
v -60.2948539 -0.3000000 46.2658686
v -61.7763480 -0.3000000 44.2683050
v -63.1916905 -0.3000000 42.2233377
v -64.5393658 -0.3000000 40.1331566
v -65.8179307 -0.3000000 38.0000000
v -67.0260161 -0.3000000 35.8261520
v -68.1623284 -0.3000000 33.6139405
v -69.2256507 -0.3000000 31.3657343
v -70.2148445 -0.3000000 29.0839409
v -71.1288504 -0.3000000 26.7710036
v -71.9666898 -0.3000000 24.4293994
v -72.7274655 -0.3000000 22.0616355
v -73.4103628 -0.3000000 19.6702474
v -74.0146504 -0.3000000 17.2577960
v -74.5396813 -0.3000000 14.8268645
v -74.9848932 -0.3000000 12.3800560
v -75.3498095 -0.3000000 9.9199906
v -75.6340392 -0.3000000 7.4493027
v -75.8372782 -0.3000000 4.9706378
v -75.9593086 -0.3000000 2.4866503
v -76.0000000 -0.3000000 0.0000000
v -75.9593086 -0.3000000 -2.4866503
v -75.8372782 -0.3000000 -4.9706378
v -75.6340392 -0.3000000 -7.4493027
v -75.3498095 -0.3000000 -9.9199906
v -74.9848932 -0.3000000 -12.3800560
v -74.5396813 -0.3000000 -14.8268645
v -74.0146504 -0.3000000 -17.2577960
v -73.4103628 -0.3000000 -19.6702474
v -72.7274655 -0.3000000 -22.0616355
v -71.9666898 -0.3000000 -24.4293994
v -71.1288504 -0.3000000 -26.7710036
v -70.2148445 -0.3000000 -29.0839409
v -69.2256507 -0.3000000 -31.3657343
v -68.1623284 -0.3000000 -33.6139405
v -67.0260161 -0.3000000 -35.8261520
v -65.8179307 -0.3000000 -38.0000000
v -64.5393658 -0.3000000 -40.1331566
v -63.1916905 -0.3000000 -42.2233377
v -61.7763480 -0.3000000 -44.2683050
v -60.2948539 -0.3000000 -46.2658686
v -58.7487945 -0.3000000 -48.2138896
v -57.1398254 -0.3000000 -50.1102819
v -55.4696695 -0.3000000 -51.9530150
v -53.7401154 -0.3000000 -53.7401154
v -51.9530150 -0.3000000 -55.4696695
v -50.1102819 -0.3000000 -57.1398254
v -48.2138896 -0.3000000 -58.7487945
v -46.2658686 -0.3000000 -60.2948539
v -44.2683050 -0.3000000 -61.7763480
v -42.2233377 -0.3000000 -63.1916905
v -40.1331566 -0.3000000 -64.5393658
v -38.0000000 -0.3000000 -65.8179307
v -35.8261520 -0.3000000 -67.0260161
v -33.6139405 -0.3000000 -68.1623284
v -31.3657343 -0.3000000 -69.2256507
v -29.0839409 -0.3000000 -70.2148445
v -26.7710036 -0.3000000 -71.1288504
v -24.4293994 -0.3000000 -71.9666898
v -22.0616355 -0.3000000 -72.7274655
v -19.6702474 -0.3000000 -73.4103628
v -17.2577960 -0.3000000 -74.0146504
v -14.8268645 -0.3000000 -74.5396813
v -12.3800560 -0.3000000 -74.9848932
v -9.9199906 -0.3000000 -75.3498095
v -7.4493027 -0.3000000 -75.6340392
v -4.9706378 -0.3000000 -75.8372782
v -2.4866503 -0.3000000 -75.9593086
v -0.0000000 -0.3000000 -76.0000000
v 2.4866503 -0.3000000 -75.9593086
v 4.9706378 -0.3000000 -75.8372782
v 7.4493027 -0.3000000 -75.6340392
v 9.9199906 -0.3000000 -75.3498095
v 12.3800560 -0.3000000 -74.9848932
v 14.8268645 -0.3000000 -74.5396813
v 17.2577960 -0.3000000 -74.0146504
v 19.6702474 -0.3000000 -73.4103628
v 22.0616355 -0.3000000 -72.7274655
v 24.4293994 -0.3000000 -71.9666898
v 26.7710036 -0.3000000 -71.1288504
v 29.0839409 -0.3000000 -70.2148445
v 31.3657343 -0.3000000 -69.2256507
v 33.6139405 -0.3000000 -68.1623284
v 35.8261520 -0.3000000 -67.0260161
v 38.0000000 -0.3000000 -65.8179307
v 40.1331566 -0.3000000 -64.5393658
v 42.2233377 -0.3000000 -63.1916905
v 44.2683050 -0.3000000 -61.7763480
v 46.2658686 -0.3000000 -60.2948539
v 48.2138896 -0.3000000 -58.7487945
v 50.1102819 -0.3000000 -57.1398254
v 51.9530150 -0.3000000 -55.4696695
v 53.7401154 -0.3000000 -53.7401154
v 55.4696695 -0.3000000 -51.9530150
v 57.1398254 -0.3000000 -50.1102819
v 58.7487945 -0.3000000 -48.2138896
v 60.2948539 -0.3000000 -46.2658686
v 61.7763480 -0.3000000 -44.2683050
v 63.1916905 -0.3000000 -42.2233377
v 64.5393658 -0.3000000 -40.1331566
v 65.8179307 -0.3000000 -38.0000000
v 67.0260161 -0.3000000 -35.8261520
v 68.1623284 -0.3000000 -33.6139405
v 69.2256507 -0.3000000 -31.3657343
v 70.2148445 -0.3000000 -29.0839409
v 71.1288504 -0.3000000 -26.7710036
v 71.9666898 -0.3000000 -24.4293994
v 72.7274655 -0.3000000 -22.0616355
v 73.4103628 -0.3000000 -19.6702474
v 74.0146504 -0.3000000 -17.2577960
v 74.5396813 -0.3000000 -14.8268645
v 74.9848932 -0.3000000 -12.3800560
v 75.3498095 -0.3000000 -9.9199906
v 75.6340392 -0.3000000 -7.4493027
v 75.8372782 -0.3000000 -4.9706378
v 75.9593086 -0.3000000 -2.4866503
v 80.0000000 -0.3000000 0.0000000
v 79.9571670 -0.3000000 2.6175266
v 79.8287139 -0.3000000 5.2322503
v 79.6147781 -0.3000000 7.8413712
v 79.3155889 -0.3000000 10.4420954
v 78.9314666 -0.3000000 13.0316379
v 78.4628224 -0.3000000 15.6072258
v 77.9101583 -0.3000000 18.1661010
v 77.2740661 -0.3000000 20.7055236
v 76.5552269 -0.3000000 23.2227742
v 75.7544104 -0.3000000 25.7151572
v 74.8724741 -0.3000000 28.1800038
v 73.9103626 -0.3000000 30.6146746
v 72.8691060 -0.3000000 33.0165624
v 71.7498193 -0.3000000 35.3830952
v 70.5537011 -0.3000000 37.7117389
v 69.2820323 -0.3000000 40.0000000
v 67.9361745 -0.3000000 42.2454281
v 66.5175690 -0.3000000 44.4456186
v 65.0277348 -0.3000000 46.5982157
v 63.4682672 -0.3000000 48.7009143
v 61.8408363 -0.3000000 50.7514627
v 60.1471846 -0.3000000 52.7476652
v 58.3891258 -0.3000000 54.6873842
v 56.5685425 -0.3000000 56.5685425
v 54.6873842 -0.3000000 58.3891258
v 52.7476652 -0.3000000 60.1471846
v 50.7514627 -0.3000000 61.8408363
v 48.7009143 -0.3000000 63.4682672
v 46.5982157 -0.3000000 65.0277348
v 44.4456186 -0.3000000 66.5175690
v 42.2454281 -0.3000000 67.9361745
v 40.0000000 -0.3000000 69.2820323
v 37.7117389 -0.3000000 70.5537011
v 35.3830952 -0.3000000 71.7498193
v 33.0165624 -0.3000000 72.8691060
v 30.6146746 -0.3000000 73.9103626
v 28.1800038 -0.3000000 74.8724741
v 25.7151572 -0.3000000 75.7544104
v 23.2227742 -0.3000000 76.5552269
v 20.7055236 -0.3000000 77.2740661
v 18.1661010 -0.3000000 77.9101583
v 15.6072258 -0.3000000 78.4628224
v 13.0316379 -0.3000000 78.9314666
v 10.4420954 -0.3000000 79.3155889
v 7.8413712 -0.3000000 79.6147781
v 5.2322503 -0.3000000 79.8287139
v 2.6175266 -0.3000000 79.9571670
v 0.0000000 -0.3000000 80.0000000
v -2.6175266 -0.3000000 79.9571670
v -5.2322503 -0.3000000 79.8287139
v -7.8413712 -0.3000000 79.6147781
v -10.4420954 -0.3000000 79.3155889
v -13.0316379 -0.3000000 78.9314666
v -15.6072258 -0.3000000 78.4628224
v -18.1661010 -0.3000000 77.9101583
v -20.7055236 -0.3000000 77.2740661
v -23.2227742 -0.3000000 76.5552269
v -25.7151572 -0.3000000 75.7544104
v -28.1800038 -0.3000000 74.8724741
v -30.6146746 -0.3000000 73.9103626
v -33.0165624 -0.3000000 72.8691060
v -35.3830952 -0.3000000 71.7498193
v -37.7117389 -0.3000000 70.5537011
v -40.0000000 -0.3000000 69.2820323
v -42.2454281 -0.3000000 67.9361745
v -44.4456186 -0.3000000 66.5175690
v -46.5982157 -0.3000000 65.0277348
v -48.7009143 -0.3000000 63.4682672
v -50.7514627 -0.3000000 61.8408363
v -52.7476652 -0.3000000 60.1471846
v -54.6873842 -0.3000000 58.3891258
v -56.5685425 -0.3000000 56.5685425
v -58.3891258 -0.3000000 54.6873842
v -60.1471846 -0.3000000 52.7476652
v -61.8408363 -0.3000000 50.7514627
v -63.4682672 -0.3000000 48.7009143
v -65.0277348 -0.3000000 46.5982157
v -66.5175690 -0.3000000 44.4456186
v -67.9361745 -0.3000000 42.2454281
v -69.2820323 -0.3000000 40.0000000
v -70.5537011 -0.3000000 37.7117389
v -71.7498193 -0.3000000 35.3830952
v -72.8691060 -0.3000000 33.0165624
v -73.9103626 -0.3000000 30.6146746
v -74.8724741 -0.3000000 28.1800038
v -75.7544104 -0.3000000 25.7151572
v -76.5552269 -0.3000000 23.2227742
v -77.2740661 -0.3000000 20.7055236
v -77.9101583 -0.3000000 18.1661010
v -78.4628224 -0.3000000 15.6072258
v -78.9314666 -0.3000000 13.0316379
v -79.3155889 -0.3000000 10.4420954
v -79.6147781 -0.3000000 7.8413712
v -79.8287139 -0.3000000 5.2322503
v -79.9571670 -0.3000000 2.6175266
v -80.0000000 -0.3000000 0.0000000
v -79.9571670 -0.3000000 -2.6175266
v -79.8287139 -0.3000000 -5.2322503
v -79.6147781 -0.3000000 -7.8413712
v -79.3155889 -0.3000000 -10.4420954
v -78.9314666 -0.3000000 -13.0316379
v -78.4628224 -0.3000000 -15.6072258
v -77.9101583 -0.3000000 -18.1661010
v -77.2740661 -0.3000000 -20.7055236
v -76.5552269 -0.3000000 -23.2227742
v -75.7544104 -0.3000000 -25.7151572
v -74.8724741 -0.3000000 -28.1800038
v -73.9103626 -0.3000000 -30.6146746
v -72.8691060 -0.3000000 -33.0165624
v -71.7498193 -0.3000000 -35.3830952
v -70.5537011 -0.3000000 -37.7117389
v -69.2820323 -0.3000000 -40.0000000
v -67.9361745 -0.3000000 -42.2454281
v -66.5175690 -0.3000000 -44.4456186
v -65.0277348 -0.3000000 -46.5982157
v -63.4682672 -0.3000000 -48.7009143
v -61.8408363 -0.3000000 -50.7514627
v -60.1471846 -0.3000000 -52.7476652
v -58.3891258 -0.3000000 -54.6873842
v -56.5685425 -0.3000000 -56.5685425
v -54.6873842 -0.3000000 -58.3891258
v -52.7476652 -0.3000000 -60.1471846
v -50.7514627 -0.3000000 -61.8408363
v -48.7009143 -0.3000000 -63.4682672
v -46.5982157 -0.3000000 -65.0277348
v -44.4456186 -0.3000000 -66.5175690
v -42.2454281 -0.3000000 -67.9361745
v -40.0000000 -0.3000000 -69.2820323
v -37.7117389 -0.3000000 -70.5537011
v -35.3830952 -0.3000000 -71.7498193
v -33.0165624 -0.3000000 -72.8691060
v -30.6146746 -0.3000000 -73.9103626
v -28.1800038 -0.3000000 -74.8724741
v -25.7151572 -0.3000000 -75.7544104
v -23.2227742 -0.3000000 -76.5552269
v -20.7055236 -0.3000000 -77.2740661
v -18.1661010 -0.3000000 -77.9101583
v -15.6072258 -0.3000000 -78.4628224
v -13.0316379 -0.3000000 -78.9314666
v -10.4420954 -0.3000000 -79.3155889
v -7.8413712 -0.3000000 -79.6147781
v -5.2322503 -0.3000000 -79.8287139
v -2.6175266 -0.3000000 -79.9571670
v -0.0000000 -0.3000000 -80.0000000
v 2.6175266 -0.3000000 -79.9571670
v 5.2322503 -0.3000000 -79.8287139
v 7.8413712 -0.3000000 -79.6147781
v 10.4420954 -0.3000000 -79.3155889
v 13.0316379 -0.3000000 -78.9314666
v 15.6072258 -0.3000000 -78.4628224
v 18.1661010 -0.3000000 -77.9101583
v 20.7055236 -0.3000000 -77.2740661
v 23.2227742 -0.3000000 -76.5552269
v 25.7151572 -0.3000000 -75.7544104
v 28.1800038 -0.3000000 -74.8724741
v 30.6146746 -0.3000000 -73.9103626
v 33.0165624 -0.3000000 -72.8691060
v 35.3830952 -0.3000000 -71.7498193
v 37.7117389 -0.3000000 -70.5537011
v 40.0000000 -0.3000000 -69.2820323
v 42.2454281 -0.3000000 -67.9361745
v 44.4456186 -0.3000000 -66.5175690
v 46.5982157 -0.3000000 -65.0277348
v 48.7009143 -0.3000000 -63.4682672
v 50.7514627 -0.3000000 -61.8408363
v 52.7476652 -0.3000000 -60.1471846
v 54.6873842 -0.3000000 -58.3891258
v 56.5685425 -0.3000000 -56.5685425
v 58.3891258 -0.3000000 -54.6873842
v 60.1471846 -0.3000000 -52.7476652
v 61.8408363 -0.3000000 -50.7514627
v 63.4682672 -0.3000000 -48.7009143
v 65.0277348 -0.3000000 -46.5982157
v 66.5175690 -0.3000000 -44.4456186
v 67.9361745 -0.3000000 -42.2454281
v 69.2820323 -0.3000000 -40.0000000
v 70.5537011 -0.3000000 -37.7117389
v 71.7498193 -0.3000000 -35.3830952
v 72.8691060 -0.3000000 -33.0165624
v 73.9103626 -0.3000000 -30.6146746
v 74.8724741 -0.3000000 -28.1800038
v 75.7544104 -0.3000000 -25.7151572
v 76.5552269 -0.3000000 -23.2227742
v 77.2740661 -0.3000000 -20.7055236
v 77.9101583 -0.3000000 -18.1661010
v 78.4628224 -0.3000000 -15.6072258
v 78.9314666 -0.3000000 -13.0316379
v 79.3155889 -0.3000000 -10.4420954
v 79.6147781 -0.3000000 -7.8413712
v 79.8287139 -0.3000000 -5.2322503
v 79.9571670 -0.3000000 -2.6175266
v 88.0000000 -0.3000000 0.0000000
v 87.9528837 -0.3000000 2.8792793
v 87.8115852 -0.3000000 5.7554754
v 87.5762559 -0.3000000 8.6255083
v 87.2471478 -0.3000000 11.4863049
v 86.8246132 -0.3000000 14.3348017
v 86.3091047 -0.3000000 17.1679483
v 85.7011742 -0.3000000 19.9827111
v 85.0014727 -0.3000000 22.7760760
v 84.2107495 -0.3000000 25.5450516
v 83.3298514 -0.3000000 28.2866729
v 82.3597216 -0.3000000 30.9980042
v 81.3013989 -0.3000000 33.6761420
v 80.1560166 -0.3000000 36.3182186
v 78.9248013 -0.3000000 38.9214047
v 77.6090713 -0.3000000 41.4829128
v 76.2102355 -0.3000000 44.0000000
v 74.7297920 -0.3000000 46.4699709
v 73.1693259 -0.3000000 48.8901805
v 71.5305082 -0.3000000 51.2580373
v 69.8150939 -0.3000000 53.5710058
v 68.0249199 -0.3000000 55.8266090
v 66.1619031 -0.3000000 58.0224317
v 64.2280384 -0.3000000 60.1561226
v 62.2253967 -0.3000000 62.2253967
v 60.1561226 -0.3000000 64.2280384
v 58.0224317 -0.3000000 66.1619031
v 55.8266090 -0.3000000 68.0249199
v 53.5710058 -0.3000000 69.8150939
v 51.2580373 -0.3000000 71.5305082
v 48.8901805 -0.3000000 73.1693259
v 46.4699709 -0.3000000 74.7297920
v 44.0000000 -0.3000000 76.2102355
v 41.4829128 -0.3000000 77.6090713
v 38.9214047 -0.3000000 78.9248013
v 36.3182186 -0.3000000 80.1560166
v 33.6761420 -0.3000000 81.3013989
v 30.9980042 -0.3000000 82.3597216
v 28.2866729 -0.3000000 83.3298514
v 25.5450516 -0.3000000 84.2107495
v 22.7760760 -0.3000000 85.0014727
v 19.9827111 -0.3000000 85.7011742
v 17.1679483 -0.3000000 86.3091047
v 14.3348017 -0.3000000 86.8246132
v 11.4863049 -0.3000000 87.2471478
v 8.6255083 -0.3000000 87.5762559
v 5.7554754 -0.3000000 87.8115852
v 2.8792793 -0.3000000 87.9528837
v 0.0000000 -0.3000000 88.0000000
v -2.8792793 -0.3000000 87.9528837
v -5.7554754 -0.3000000 87.8115852
v -8.6255083 -0.3000000 87.5762559
v -11.4863049 -0.3000000 87.2471478
v -14.3348017 -0.3000000 86.8246132
v -17.1679483 -0.3000000 86.3091047
v -19.9827111 -0.3000000 85.7011742
v -22.7760760 -0.3000000 85.0014727
v -25.5450516 -0.3000000 84.2107495
v -28.2866729 -0.3000000 83.3298514
v -30.9980042 -0.3000000 82.3597216
v -33.6761420 -0.3000000 81.3013989
v -36.3182186 -0.3000000 80.1560166
v -38.9214047 -0.3000000 78.9248013
v -41.4829128 -0.3000000 77.6090713
v -44.0000000 -0.3000000 76.2102355
v -46.4699709 -0.3000000 74.7297920
v -48.8901805 -0.3000000 73.1693259
v -51.2580373 -0.3000000 71.5305082
v -53.5710058 -0.3000000 69.8150939
v -55.8266090 -0.3000000 68.0249199
v -58.0224317 -0.3000000 66.1619031
v -60.1561226 -0.3000000 64.2280384
v -62.2253967 -0.3000000 62.2253967
v -64.2280384 -0.3000000 60.1561226
v -66.1619031 -0.3000000 58.0224317
v -68.0249199 -0.3000000 55.8266090
v -69.8150939 -0.3000000 53.5710058
v -71.5305082 -0.3000000 51.2580373
v -73.1693259 -0.3000000 48.8901805
v -74.7297920 -0.3000000 46.4699709
v -76.2102355 -0.3000000 44.0000000
v -77.6090713 -0.3000000 41.4829128
v -78.9248013 -0.3000000 38.9214047
v -80.1560166 -0.3000000 36.3182186
v -81.3013989 -0.3000000 33.6761420
v -82.3597216 -0.3000000 30.9980042
v -83.3298514 -0.3000000 28.2866729
v -84.2107495 -0.3000000 25.5450516
v -85.0014727 -0.3000000 22.7760760
v -85.7011742 -0.3000000 19.9827111
v -86.3091047 -0.3000000 17.1679483
v -86.8246132 -0.3000000 14.3348017
v -87.2471478 -0.3000000 11.4863049
v -87.5762559 -0.3000000 8.6255083
v -87.8115852 -0.3000000 5.7554754
v -87.9528837 -0.3000000 2.8792793
v -88.0000000 -0.3000000 0.0000000
v -87.9528837 -0.3000000 -2.8792793
v -87.8115852 -0.3000000 -5.7554754
v -87.5762559 -0.3000000 -8.6255083
v -87.2471478 -0.3000000 -11.4863049
v -86.8246132 -0.3000000 -14.3348017
v -86.3091047 -0.3000000 -17.1679483
v -85.7011742 -0.3000000 -19.9827111
v -85.0014727 -0.3000000 -22.7760760
v -84.2107495 -0.3000000 -25.5450516
v -83.3298514 -0.3000000 -28.2866729
v -82.3597216 -0.3000000 -30.9980042
v -81.3013989 -0.3000000 -33.6761420
v -80.1560166 -0.3000000 -36.3182186
v -78.9248013 -0.3000000 -38.9214047
v -77.6090713 -0.3000000 -41.4829128
v -76.2102355 -0.3000000 -44.0000000
v -74.7297920 -0.3000000 -46.4699709
v -73.1693259 -0.3000000 -48.8901805
v -71.5305082 -0.3000000 -51.2580373
v -69.8150939 -0.3000000 -53.5710058
v -68.0249199 -0.3000000 -55.8266090
v -66.1619031 -0.3000000 -58.0224317
v -64.2280384 -0.3000000 -60.1561226
v -62.2253967 -0.3000000 -62.2253967
v -60.1561226 -0.3000000 -64.2280384
v -58.0224317 -0.3000000 -66.1619031
v -55.8266090 -0.3000000 -68.0249199
v -53.5710058 -0.3000000 -69.8150939
v -51.2580373 -0.3000000 -71.5305082
v -48.8901805 -0.3000000 -73.1693259
v -46.4699709 -0.3000000 -74.7297920
v -44.0000000 -0.3000000 -76.2102355
v -41.4829128 -0.3000000 -77.6090713
v -38.9214047 -0.3000000 -78.9248013
v -36.3182186 -0.3000000 -80.1560166
v -33.6761420 -0.3000000 -81.3013989
v -30.9980042 -0.3000000 -82.3597216
v -28.2866729 -0.3000000 -83.3298514
v -25.5450516 -0.3000000 -84.2107495
v -22.7760760 -0.3000000 -85.0014727
v -19.9827111 -0.3000000 -85.7011742
v -17.1679483 -0.3000000 -86.3091047
v -14.3348017 -0.3000000 -86.8246132
v -11.4863049 -0.3000000 -87.2471478
v -8.6255083 -0.3000000 -87.5762559
v -5.7554754 -0.3000000 -87.8115852
v -2.8792793 -0.3000000 -87.9528837
v -0.0000000 -0.3000000 -88.0000000
v 2.8792793 -0.3000000 -87.9528837
v 5.7554754 -0.3000000 -87.8115852
v 8.6255083 -0.3000000 -87.5762559
v 11.4863049 -0.3000000 -87.2471478
v 14.3348017 -0.3000000 -86.8246132
v 17.1679483 -0.3000000 -86.3091047
v 19.9827111 -0.3000000 -85.7011742
v 22.7760760 -0.3000000 -85.0014727
v 25.5450516 -0.3000000 -84.2107495
v 28.2866729 -0.3000000 -83.3298514
v 30.9980042 -0.3000000 -82.3597216
v 33.6761420 -0.3000000 -81.3013989
v 36.3182186 -0.3000000 -80.1560166
v 38.9214047 -0.3000000 -78.9248013
v 41.4829128 -0.3000000 -77.6090713
v 44.0000000 -0.3000000 -76.2102355
v 46.4699709 -0.3000000 -74.7297920
v 48.8901805 -0.3000000 -73.1693259
v 51.2580373 -0.3000000 -71.5305082
v 53.5710058 -0.3000000 -69.8150939
v 55.8266090 -0.3000000 -68.0249199
v 58.0224317 -0.3000000 -66.1619031
v 60.1561226 -0.3000000 -64.2280384
v 62.2253967 -0.3000000 -62.2253967
v 64.2280384 -0.3000000 -60.1561226
v 66.1619031 -0.3000000 -58.0224317
v 68.0249199 -0.3000000 -55.8266090
v 69.8150939 -0.3000000 -53.5710058
v 71.5305082 -0.3000000 -51.2580373
v 73.1693259 -0.3000000 -48.8901805
v 74.7297920 -0.3000000 -46.4699709
v 76.2102355 -0.3000000 -44.0000000
v 77.6090713 -0.3000000 -41.4829128
v 78.9248013 -0.3000000 -38.9214047
v 80.1560166 -0.3000000 -36.3182186
v 81.3013989 -0.3000000 -33.6761420
v 82.3597216 -0.3000000 -30.9980042
v 83.3298514 -0.3000000 -28.2866729
v 84.2107495 -0.3000000 -25.5450516
v 85.0014727 -0.3000000 -22.7760760
v 85.7011742 -0.3000000 -19.9827111
v 86.3091047 -0.3000000 -17.1679483
v 86.8246132 -0.3000000 -14.3348017
v 87.2471478 -0.3000000 -11.4863049
v 87.5762559 -0.3000000 -8.6255083
v 87.8115852 -0.3000000 -5.7554754
v 87.9528837 -0.3000000 -2.8792793
v 92.0000000 -0.3000000 0.0000000
v 91.9507420 -0.3000000 3.0101556
v 91.8030209 -0.3000000 6.0170879
v 91.5569949 -0.3000000 9.0175769
v 91.2129272 -0.3000000 12.0084097
v 90.7711866 -0.3000000 14.9863836
v 90.2322458 -0.3000000 17.9483096
v 89.5966821 -0.3000000 20.8910162
v 88.8651760 -0.3000000 23.8113521
v 88.0385109 -0.3000000 26.7061903
v 87.1175719 -0.3000000 29.5724308
v 86.1033453 -0.3000000 32.4070044
v 84.9969170 -0.3000000 35.2068758
v 83.7994719 -0.3000000 37.9690467
v 82.5122922 -0.3000000 40.6905595
v 81.1367563 -0.3000000 43.3684998
v 79.6743371 -0.3000000 46.0000000
v 78.1266007 -0.3000000 48.5822423
v 76.4952043 -0.3000000 51.1124614
v 74.7818950 -0.3000000 53.5879481
v 72.9885073 -0.3000000 56.0060515
v 71.1169617 -0.3000000 58.3641821
v 69.1692623 -0.3000000 60.6598150
v 67.1474947 -0.3000000 62.8904918
v 65.0538239 -0.3000000 65.0538239
v 62.8904918 -0.3000000 67.1474947
v 60.6598150 -0.3000000 69.1692623
v 58.3641821 -0.3000000 71.1169617
v 56.0060515 -0.3000000 72.9885073
v 53.5879481 -0.3000000 74.7818950
v 51.1124614 -0.3000000 76.4952043
v 48.5822423 -0.3000000 78.1266007
v 46.0000000 -0.3000000 79.6743371
v 43.3684998 -0.3000000 81.1367563
v 40.6905595 -0.3000000 82.5122922
v 37.9690467 -0.3000000 83.7994719
v 35.2068758 -0.3000000 84.9969170
v 32.4070044 -0.3000000 86.1033453
v 29.5724308 -0.3000000 87.1175719
v 26.7061903 -0.3000000 88.0385109
v 23.8113521 -0.3000000 88.8651760
v 20.8910162 -0.3000000 89.5966821
v 17.9483096 -0.3000000 90.2322458
v 14.9863836 -0.3000000 90.7711866
v 12.0084097 -0.3000000 91.2129272
v 9.0175769 -0.3000000 91.5569949
v 6.0170879 -0.3000000 91.8030209
v 3.0101556 -0.3000000 91.9507420
v 0.0000000 -0.3000000 92.0000000
v -3.0101556 -0.3000000 91.9507420
v -6.0170879 -0.3000000 91.8030209
v -9.0175769 -0.3000000 91.5569949
v -12.0084097 -0.3000000 91.2129272
v -14.9863836 -0.3000000 90.7711866
v -17.9483096 -0.3000000 90.2322458
v -20.8910162 -0.3000000 89.5966821
v -23.8113521 -0.3000000 88.8651760
v -26.7061903 -0.3000000 88.0385109
v -29.5724308 -0.3000000 87.1175719
v -32.4070044 -0.3000000 86.1033453
v -35.2068758 -0.3000000 84.9969170
v -37.9690467 -0.3000000 83.7994719
v -40.6905595 -0.3000000 82.5122922
v -43.3684998 -0.3000000 81.1367563
v -46.0000000 -0.3000000 79.6743371
v -48.5822423 -0.3000000 78.1266007
v -51.1124614 -0.3000000 76.4952043
v -53.5879481 -0.3000000 74.7818950
v -56.0060515 -0.3000000 72.9885073
v -58.3641821 -0.3000000 71.1169617
v -60.6598150 -0.3000000 69.1692623
v -62.8904918 -0.3000000 67.1474947
v -65.0538239 -0.3000000 65.0538239
v -67.1474947 -0.3000000 62.8904918
v -69.1692623 -0.3000000 60.6598150
v -71.1169617 -0.3000000 58.3641821
v -72.9885073 -0.3000000 56.0060515
v -74.7818950 -0.3000000 53.5879481
v -76.4952043 -0.3000000 51.1124614
v -78.1266007 -0.3000000 48.5822423
v -79.6743371 -0.3000000 46.0000000
v -81.1367563 -0.3000000 43.3684998
v -82.5122922 -0.3000000 40.6905595
v -83.7994719 -0.3000000 37.9690467
v -84.9969170 -0.3000000 35.2068758
v -86.1033453 -0.3000000 32.4070044
v -87.1175719 -0.3000000 29.5724308
v -88.0385109 -0.3000000 26.7061903
v -88.8651760 -0.3000000 23.8113521
v -89.5966821 -0.3000000 20.8910162
v -90.2322458 -0.3000000 17.9483096
v -90.7711866 -0.3000000 14.9863836
v -91.2129272 -0.3000000 12.0084097
v -91.5569949 -0.3000000 9.0175769
v -91.8030209 -0.3000000 6.0170879
v -91.9507420 -0.3000000 3.0101556
v -92.0000000 -0.3000000 0.0000000
v -91.9507420 -0.3000000 -3.0101556
v -91.8030209 -0.3000000 -6.0170879
v -91.5569949 -0.3000000 -9.0175769
v -91.2129272 -0.3000000 -12.0084097
v -90.7711866 -0.3000000 -14.9863836
v -90.2322458 -0.3000000 -17.9483096
v -89.5966821 -0.3000000 -20.8910162
v -88.8651760 -0.3000000 -23.8113521
v -88.0385109 -0.3000000 -26.7061903
v -87.1175719 -0.3000000 -29.5724308
v -86.1033453 -0.3000000 -32.4070044
v -84.9969170 -0.3000000 -35.2068758
v -83.7994719 -0.3000000 -37.9690467
v -82.5122922 -0.3000000 -40.6905595
v -81.1367563 -0.3000000 -43.3684998
v -79.6743371 -0.3000000 -46.0000000
v -78.1266007 -0.3000000 -48.5822423
v -76.4952043 -0.3000000 -51.1124614
v -74.7818950 -0.3000000 -53.5879481
v -72.9885073 -0.3000000 -56.0060515
v -71.1169617 -0.3000000 -58.3641821
v -69.1692623 -0.3000000 -60.6598150
v -67.1474947 -0.3000000 -62.8904918
v -65.0538239 -0.3000000 -65.0538239
v -62.8904918 -0.3000000 -67.1474947
v -60.6598150 -0.3000000 -69.1692623
v -58.3641821 -0.3000000 -71.1169617
v -56.0060515 -0.3000000 -72.9885073
v -53.5879481 -0.3000000 -74.7818950
v -51.1124614 -0.3000000 -76.4952043
v -48.5822423 -0.3000000 -78.1266007
v -46.0000000 -0.3000000 -79.6743371
v -43.3684998 -0.3000000 -81.1367563
v -40.6905595 -0.3000000 -82.5122922
v -37.9690467 -0.3000000 -83.7994719
v -35.2068758 -0.3000000 -84.9969170
v -32.4070044 -0.3000000 -86.1033453
v -29.5724308 -0.3000000 -87.1175719
v -26.7061903 -0.3000000 -88.0385109
v -23.8113521 -0.3000000 -88.8651760
v -20.8910162 -0.3000000 -89.5966821
v -17.9483096 -0.3000000 -90.2322458
v -14.9863836 -0.3000000 -90.7711866
v -12.0084097 -0.3000000 -91.2129272
v -9.0175769 -0.3000000 -91.5569949
v -6.0170879 -0.3000000 -91.8030209
v -3.0101556 -0.3000000 -91.9507420
v -0.0000000 -0.3000000 -92.0000000
v 3.0101556 -0.3000000 -91.9507420
v 6.0170879 -0.3000000 -91.8030209
v 9.0175769 -0.3000000 -91.5569949
v 12.0084097 -0.3000000 -91.2129272
v 14.9863836 -0.3000000 -90.7711866
v 17.9483096 -0.3000000 -90.2322458
v 20.8910162 -0.3000000 -89.5966821
v 23.8113521 -0.3000000 -88.8651760
v 26.7061903 -0.3000000 -88.0385109
v 29.5724308 -0.3000000 -87.1175719
v 32.4070044 -0.3000000 -86.1033453
v 35.2068758 -0.3000000 -84.9969170
v 37.9690467 -0.3000000 -83.7994719
v 40.6905595 -0.3000000 -82.5122922
v 43.3684998 -0.3000000 -81.1367563
v 46.0000000 -0.3000000 -79.6743371
v 48.5822423 -0.3000000 -78.1266007
v 51.1124614 -0.3000000 -76.4952043
v 53.5879481 -0.3000000 -74.7818950
v 56.0060515 -0.3000000 -72.9885073
v 58.3641821 -0.3000000 -71.1169617
v 60.6598150 -0.3000000 -69.1692623
v 62.8904918 -0.3000000 -67.1474947
v 65.0538239 -0.3000000 -65.0538239
v 67.1474947 -0.3000000 -62.8904918
v 69.1692623 -0.3000000 -60.6598150
v 71.1169617 -0.3000000 -58.3641821
v 72.9885073 -0.3000000 -56.0060515
v 74.7818950 -0.3000000 -53.5879481
v 76.4952043 -0.3000000 -51.1124614
v 78.1266007 -0.3000000 -48.5822423
v 79.6743371 -0.3000000 -46.0000000
v 81.1367563 -0.3000000 -43.3684998
v 82.5122922 -0.3000000 -40.6905595
v 83.7994719 -0.3000000 -37.9690467
v 84.9969170 -0.3000000 -35.2068758
v 86.1033453 -0.3000000 -32.4070044
v 87.1175719 -0.3000000 -29.5724308
v 88.0385109 -0.3000000 -26.7061903
v 88.8651760 -0.3000000 -23.8113521
v 89.5966821 -0.3000000 -20.8910162
v 90.2322458 -0.3000000 -17.9483096
v 90.7711866 -0.3000000 -14.9863836
v 91.2129272 -0.3000000 -12.0084097
v 91.5569949 -0.3000000 -9.0175769
v 91.8030209 -0.3000000 -6.0170879
v 91.9507420 -0.3000000 -3.0101556
v 105.0000000 -0.3000000 0.0000000
v 104.9437817 -0.3000000 3.4355037
v 104.7751869 -0.3000000 6.8673286
v 104.4943963 -0.3000000 10.2917997
v 104.1017104 -0.3000000 13.7052502
v 103.5975499 -0.3000000 17.1040247
v 102.9824544 -0.3000000 20.4844838
v 102.2570828 -0.3000000 23.8430076
v 101.4222118 -0.3000000 27.1759997
v 100.4787353 -0.3000000 30.4798911
v 99.4276636 -0.3000000 33.7511439
v 98.2701223 -0.3000000 36.9862550
v 97.0073509 -0.3000000 40.1817604
v 95.6407016 -0.3000000 43.3342381
v 94.1716379 -0.3000000 46.4403125
v 92.6017328 -0.3000000 49.4966574
v 90.9326674 -0.3000000 52.5000000
v 89.1662291 -0.3000000 55.4471243
v 87.3043093 -0.3000000 58.3348745
v 85.3489019 -0.3000000 61.1601582
v 83.3021007 -0.3000000 63.9199500
v 81.1660976 -0.3000000 66.6112948
v 78.9431798 -0.3000000 69.2313106
v 76.6357276 -0.3000000 71.7771917
v 74.2462120 -0.3000000 74.2462120
v 71.7771917 -0.3000000 76.6357276
v 69.2313106 -0.3000000 78.9431798
v 66.6112948 -0.3000000 81.1660976
v 63.9199500 -0.3000000 83.3021007
v 61.1601582 -0.3000000 85.3489019
v 58.3348745 -0.3000000 87.3043093
v 55.4471243 -0.3000000 89.1662291
v 52.5000000 -0.3000000 90.9326674
v 49.4966574 -0.3000000 92.6017328
v 46.4403125 -0.3000000 94.1716379
v 43.3342381 -0.3000000 95.6407016
v 40.1817604 -0.3000000 97.0073509
v 36.9862550 -0.3000000 98.2701223
v 33.7511439 -0.3000000 99.4276636
v 30.4798911 -0.3000000 100.4787353
v 27.1759997 -0.3000000 101.4222118
v 23.8430076 -0.3000000 102.2570828
v 20.4844838 -0.3000000 102.9824544
v 17.1040247 -0.3000000 103.5975499
v 13.7052502 -0.3000000 104.1017104
v 10.2917997 -0.3000000 104.4943963
v 6.8673286 -0.3000000 104.7751869
v 3.4355037 -0.3000000 104.9437817
v 0.0000000 -0.3000000 105.0000000
v -3.4355037 -0.3000000 104.9437817
v -6.8673286 -0.3000000 104.7751869
v -10.2917997 -0.3000000 104.4943963
v -13.7052502 -0.3000000 104.1017104
v -17.1040247 -0.3000000 103.5975499
v -20.4844838 -0.3000000 102.9824544
v -23.8430076 -0.3000000 102.2570828
v -27.1759997 -0.3000000 101.4222118
v -30.4798911 -0.3000000 100.4787353
v -33.7511439 -0.3000000 99.4276636
v -36.9862550 -0.3000000 98.2701223
v -40.1817604 -0.3000000 97.0073509
v -43.3342381 -0.3000000 95.6407016
v -46.4403125 -0.3000000 94.1716379
v -49.4966574 -0.3000000 92.6017328
v -52.5000000 -0.3000000 90.9326674
v -55.4471243 -0.3000000 89.1662291
v -58.3348745 -0.3000000 87.3043093
v -61.1601582 -0.3000000 85.3489019
v -63.9199500 -0.3000000 83.3021007
v -66.6112948 -0.3000000 81.1660976
v -69.2313106 -0.3000000 78.9431798
v -71.7771917 -0.3000000 76.6357276
v -74.2462120 -0.3000000 74.2462120
v -76.6357276 -0.3000000 71.7771917
v -78.9431798 -0.3000000 69.2313106
v -81.1660976 -0.3000000 66.6112948
v -83.3021007 -0.3000000 63.9199500
v -85.3489019 -0.3000000 61.1601582
v -87.3043093 -0.3000000 58.3348745
v -89.1662291 -0.3000000 55.4471243
v -90.9326674 -0.3000000 52.5000000
v -92.6017328 -0.3000000 49.4966574
v -94.1716379 -0.3000000 46.4403125
v -95.6407016 -0.3000000 43.3342381
v -97.0073509 -0.3000000 40.1817604
v -98.2701223 -0.3000000 36.9862550
v -99.4276636 -0.3000000 33.7511439
v -100.4787353 -0.3000000 30.4798911
v -101.4222118 -0.3000000 27.1759997
v -102.2570828 -0.3000000 23.8430076
v -102.9824544 -0.3000000 20.4844838
v -103.5975499 -0.3000000 17.1040247
v -104.1017104 -0.3000000 13.7052502
v -104.4943963 -0.3000000 10.2917997
v -104.7751869 -0.3000000 6.8673286
v -104.9437817 -0.3000000 3.4355037
v -105.0000000 -0.3000000 0.0000000
v -104.9437817 -0.3000000 -3.4355037
v -104.7751869 -0.3000000 -6.8673286
v -104.4943963 -0.3000000 -10.2917997
v -104.1017104 -0.3000000 -13.7052502
v -103.5975499 -0.3000000 -17.1040247
v -102.9824544 -0.3000000 -20.4844838
v -102.2570828 -0.3000000 -23.8430076
v -101.4222118 -0.3000000 -27.1759997
v -100.4787353 -0.3000000 -30.4798911
v -99.4276636 -0.3000000 -33.7511439
v -98.2701223 -0.3000000 -36.9862550
v -97.0073509 -0.3000000 -40.1817604
v -95.6407016 -0.3000000 -43.3342381
v -94.1716379 -0.3000000 -46.4403125
v -92.6017328 -0.3000000 -49.4966574
v -90.9326674 -0.3000000 -52.5000000
v -89.1662291 -0.3000000 -55.4471243
v -87.3043093 -0.3000000 -58.3348745
v -85.3489019 -0.3000000 -61.1601582
v -83.3021007 -0.3000000 -63.9199500
v -81.1660976 -0.3000000 -66.6112948
v -78.9431798 -0.3000000 -69.2313106
v -76.6357276 -0.3000000 -71.7771917
v -74.2462120 -0.3000000 -74.2462120
v -71.7771917 -0.3000000 -76.6357276
v -69.2313106 -0.3000000 -78.9431798
v -66.6112948 -0.3000000 -81.1660976
v -63.9199500 -0.3000000 -83.3021007
v -61.1601582 -0.3000000 -85.3489019
v -58.3348745 -0.3000000 -87.3043093
v -55.4471243 -0.3000000 -89.1662291
v -52.5000000 -0.3000000 -90.9326674
v -49.4966574 -0.3000000 -92.6017328
v -46.4403125 -0.3000000 -94.1716379
v -43.3342381 -0.3000000 -95.6407016
v -40.1817604 -0.3000000 -97.0073509
v -36.9862550 -0.3000000 -98.2701223
v -33.7511439 -0.3000000 -99.4276636
v -30.4798911 -0.3000000 -100.4787353
v -27.1759997 -0.3000000 -101.4222118
v -23.8430076 -0.3000000 -102.2570828
v -20.4844838 -0.3000000 -102.9824544
v -17.1040247 -0.3000000 -103.5975499
v -13.7052502 -0.3000000 -104.1017104
v -10.2917997 -0.3000000 -104.4943963
v -6.8673286 -0.3000000 -104.7751869
v -3.4355037 -0.3000000 -104.9437817
v -0.0000000 -0.3000000 -105.0000000
v 3.4355037 -0.3000000 -104.9437817
v 6.8673286 -0.3000000 -104.7751869
v 10.2917997 -0.3000000 -104.4943963
v 13.7052502 -0.3000000 -104.1017104
v 17.1040247 -0.3000000 -103.5975499
v 20.4844838 -0.3000000 -102.9824544
v 23.8430076 -0.3000000 -102.2570828
v 27.1759997 -0.3000000 -101.4222118
v 30.4798911 -0.3000000 -100.4787353
v 33.7511439 -0.3000000 -99.4276636
v 36.9862550 -0.3000000 -98.2701223
v 40.1817604 -0.3000000 -97.0073509
v 43.3342381 -0.3000000 -95.6407016
v 46.4403125 -0.3000000 -94.1716379
v 49.4966574 -0.3000000 -92.6017328
v 52.5000000 -0.3000000 -90.9326674
v 55.4471243 -0.3000000 -89.1662291
v 58.3348745 -0.3000000 -87.3043093
v 61.1601582 -0.3000000 -85.3489019
v 63.9199500 -0.3000000 -83.3021007
v 66.6112948 -0.3000000 -81.1660976
v 69.2313106 -0.3000000 -78.9431798
v 71.7771917 -0.3000000 -76.6357276
v 74.2462120 -0.3000000 -74.2462120
v 76.6357276 -0.3000000 -71.7771917
v 78.9431798 -0.3000000 -69.2313106
v 81.1660976 -0.3000000 -66.6112948
v 83.3021007 -0.3000000 -63.9199500
v 85.3489019 -0.3000000 -61.1601582
v 87.3043093 -0.3000000 -58.3348745
v 89.1662291 -0.3000000 -55.4471243
v 90.9326674 -0.3000000 -52.5000000
v 92.6017328 -0.3000000 -49.4966574
v 94.1716379 -0.3000000 -46.4403125
v 95.6407016 -0.3000000 -43.3342381
v 97.0073509 -0.3000000 -40.1817604
v 98.2701223 -0.3000000 -36.9862550
v 99.4276636 -0.3000000 -33.7511439
v 100.4787353 -0.3000000 -30.4798911
v 101.4222118 -0.3000000 -27.1759997
v 102.2570828 -0.3000000 -23.8430076
v 102.9824544 -0.3000000 -20.4844838
v 103.5975499 -0.3000000 -17.1040247
v 104.1017104 -0.3000000 -13.7052502
v 104.4943963 -0.3000000 -10.2917997
v 104.7751869 -0.3000000 -6.8673286
v 104.9437817 -0.3000000 -3.4355037
v 130.0000000 -0.3000000 0.0000000
v 129.9303964 -0.3000000 4.2534808
v 129.7216600 -0.3000000 8.5024068
v 129.3740145 -0.3000000 12.7422282
v 128.8878320 -0.3000000 16.9684050
v 128.2636332 -0.3000000 21.1764115
v 127.5020865 -0.3000000 25.3617419
v 126.6040073 -0.3000000 29.5199142
v 125.5703574 -0.3000000 33.6464759
v 124.4022436 -0.3000000 37.7370080
v 123.1009168 -0.3000000 41.7871305
v 121.6677705 -0.3000000 45.7925062
v 120.1043392 -0.3000000 49.7488462
v 118.4122972 -0.3000000 53.6519139
v 116.5934564 -0.3000000 57.4975297
v 114.6497644 -0.3000000 61.2815758
v 112.5833025 -0.3000000 65.0000000
v 110.3962836 -0.3000000 68.6488206
v 108.0910496 -0.3000000 72.2241303
v 105.6700690 -0.3000000 75.7221006
v 103.1359342 -0.3000000 79.1389858
v 100.4913589 -0.3000000 82.4711269
v 97.7391750 -0.3000000 85.7149560
v 94.8823295 -0.3000000 88.8669993
v 91.9238816 -0.3000000 91.9238816
v 88.8669993 -0.3000000 94.8823295
v 85.7149560 -0.3000000 97.7391750
v 82.4711269 -0.3000000 100.4913589
v 79.1389858 -0.3000000 103.1359342
v 75.7221006 -0.3000000 105.6700690
v 72.2241303 -0.3000000 108.0910496
v 68.6488206 -0.3000000 110.3962836
v 65.0000000 -0.3000000 112.5833025
v 61.2815758 -0.3000000 114.6497644
v 57.4975297 -0.3000000 116.5934564
v 53.6519139 -0.3000000 118.4122972
v 49.7488462 -0.3000000 120.1043392
v 45.7925062 -0.3000000 121.6677705
v 41.7871305 -0.3000000 123.1009168
v 37.7370080 -0.3000000 124.4022436
v 33.6464759 -0.3000000 125.5703574
v 29.5199142 -0.3000000 126.6040073
v 25.3617419 -0.3000000 127.5020865
v 21.1764115 -0.3000000 128.2636332
v 16.9684050 -0.3000000 128.8878320
v 12.7422282 -0.3000000 129.3740145
v 8.5024068 -0.3000000 129.7216600
v 4.2534808 -0.3000000 129.9303964
v 0.0000000 -0.3000000 130.0000000
v -4.2534808 -0.3000000 129.9303964
v -8.5024068 -0.3000000 129.7216600
v -12.7422282 -0.3000000 129.3740145
v -16.9684050 -0.3000000 128.8878320
v -21.1764115 -0.3000000 128.2636332
v -25.3617419 -0.3000000 127.5020865
v -29.5199142 -0.3000000 126.6040073
v -33.6464759 -0.3000000 125.5703574
v -37.7370080 -0.3000000 124.4022436
v -41.7871305 -0.3000000 123.1009168
v -45.7925062 -0.3000000 121.6677705
v -49.7488462 -0.3000000 120.1043392
v -53.6519139 -0.3000000 118.4122972
v -57.4975297 -0.3000000 116.5934564
v -61.2815758 -0.3000000 114.6497644
v -65.0000000 -0.3000000 112.5833025
v -68.6488206 -0.3000000 110.3962836
v -72.2241303 -0.3000000 108.0910496
v -75.7221006 -0.3000000 105.6700690
v -79.1389858 -0.3000000 103.1359342
v -82.4711269 -0.3000000 100.4913589
v -85.7149560 -0.3000000 97.7391750
v -88.8669993 -0.3000000 94.8823295
v -91.9238816 -0.3000000 91.9238816
v -94.8823295 -0.3000000 88.8669993
v -97.7391750 -0.3000000 85.7149560
v -100.4913589 -0.3000000 82.4711269
v -103.1359342 -0.3000000 79.1389858
v -105.6700690 -0.3000000 75.7221006
v -108.0910496 -0.3000000 72.2241303
v -110.3962836 -0.3000000 68.6488206
v -112.5833025 -0.3000000 65.0000000
v -114.6497644 -0.3000000 61.2815758
v -116.5934564 -0.3000000 57.4975297
v -118.4122972 -0.3000000 53.6519139
v -120.1043392 -0.3000000 49.7488462
v -121.6677705 -0.3000000 45.7925062
v -123.1009168 -0.3000000 41.7871305
v -124.4022436 -0.3000000 37.7370080
v -125.5703574 -0.3000000 33.6464759
v -126.6040073 -0.3000000 29.5199142
v -127.5020865 -0.3000000 25.3617419
v -128.2636332 -0.3000000 21.1764115
v -128.8878320 -0.3000000 16.9684050
v -129.3740145 -0.3000000 12.7422282
v -129.7216600 -0.3000000 8.5024068
v -129.9303964 -0.3000000 4.2534808
v -130.0000000 -0.3000000 0.0000000
v -129.9303964 -0.3000000 -4.2534808
v -129.7216600 -0.3000000 -8.5024068
v -129.3740145 -0.3000000 -12.7422282
v -128.8878320 -0.3000000 -16.9684050
v -128.2636332 -0.3000000 -21.1764115
v -127.5020865 -0.3000000 -25.3617419
v -126.6040073 -0.3000000 -29.5199142
v -125.5703574 -0.3000000 -33.6464759
v -124.4022436 -0.3000000 -37.7370080
v -123.1009168 -0.3000000 -41.7871305
v -121.6677705 -0.3000000 -45.7925062
v -120.1043392 -0.3000000 -49.7488462
v -118.4122972 -0.3000000 -53.6519139
v -116.5934564 -0.3000000 -57.4975297
v -114.6497644 -0.3000000 -61.2815758
v -112.5833025 -0.3000000 -65.0000000
v -110.3962836 -0.3000000 -68.6488206
v -108.0910496 -0.3000000 -72.2241303
v -105.6700690 -0.3000000 -75.7221006
v -103.1359342 -0.3000000 -79.1389858
v -100.4913589 -0.3000000 -82.4711269
v -97.7391750 -0.3000000 -85.7149560
v -94.8823295 -0.3000000 -88.8669993
v -91.9238816 -0.3000000 -91.9238816
v -88.8669993 -0.3000000 -94.8823295
v -85.7149560 -0.3000000 -97.7391750
v -82.4711269 -0.3000000 -100.4913589
v -79.1389858 -0.3000000 -103.1359342
v -75.7221006 -0.3000000 -105.6700690
v -72.2241303 -0.3000000 -108.0910496
v -68.6488206 -0.3000000 -110.3962836
v -65.0000000 -0.3000000 -112.5833025
v -61.2815758 -0.3000000 -114.6497644
v -57.4975297 -0.3000000 -116.5934564
v -53.6519139 -0.3000000 -118.4122972
v -49.7488462 -0.3000000 -120.1043392
v -45.7925062 -0.3000000 -121.6677705
v -41.7871305 -0.3000000 -123.1009168
v -37.7370080 -0.3000000 -124.4022436
v -33.6464759 -0.3000000 -125.5703574
v -29.5199142 -0.3000000 -126.6040073
v -25.3617419 -0.3000000 -127.5020865
v -21.1764115 -0.3000000 -128.2636332
v -16.9684050 -0.3000000 -128.8878320
v -12.7422282 -0.3000000 -129.3740145
v -8.5024068 -0.3000000 -129.7216600
v -4.2534808 -0.3000000 -129.9303964
v -0.0000000 -0.3000000 -130.0000000
v 4.2534808 -0.3000000 -129.9303964
v 8.5024068 -0.3000000 -129.7216600
v 12.7422282 -0.3000000 -129.3740145
v 16.9684050 -0.3000000 -128.8878320
v 21.1764115 -0.3000000 -128.2636332
v 25.3617419 -0.3000000 -127.5020865
v 29.5199142 -0.3000000 -126.6040073
v 33.6464759 -0.3000000 -125.5703574
v 37.7370080 -0.3000000 -124.4022436
v 41.7871305 -0.3000000 -123.1009168
v 45.7925062 -0.3000000 -121.6677705
v 49.7488462 -0.3000000 -120.1043392
v 53.6519139 -0.3000000 -118.4122972
v 57.4975297 -0.3000000 -116.5934564
v 61.2815758 -0.3000000 -114.6497644
v 65.0000000 -0.3000000 -112.5833025
v 68.6488206 -0.3000000 -110.3962836
v 72.2241303 -0.3000000 -108.0910496
v 75.7221006 -0.3000000 -105.6700690
v 79.1389858 -0.3000000 -103.1359342
v 82.4711269 -0.3000000 -100.4913589
v 85.7149560 -0.3000000 -97.7391750
v 88.8669993 -0.3000000 -94.8823295
v 91.9238816 -0.3000000 -91.9238816
v 94.8823295 -0.3000000 -88.8669993
v 97.7391750 -0.3000000 -85.7149560
v 100.4913589 -0.3000000 -82.4711269
v 103.1359342 -0.3000000 -79.1389858
v 105.6700690 -0.3000000 -75.7221006
v 108.0910496 -0.3000000 -72.2241303
v 110.3962836 -0.3000000 -68.6488206
v 112.5833025 -0.3000000 -65.0000000
v 114.6497644 -0.3000000 -61.2815758
v 116.5934564 -0.3000000 -57.4975297
v 118.4122972 -0.3000000 -53.6519139
v 120.1043392 -0.3000000 -49.7488462
v 121.6677705 -0.3000000 -45.7925062
v 123.1009168 -0.3000000 -41.7871305
v 124.4022436 -0.3000000 -37.7370080
v 125.5703574 -0.3000000 -33.6464759
v 126.6040073 -0.3000000 -29.5199142
v 127.5020865 -0.3000000 -25.3617419
v 128.2636332 -0.3000000 -21.1764115
v 128.8878320 -0.3000000 -16.9684050
v 129.3740145 -0.3000000 -12.7422282
v 129.7216600 -0.3000000 -8.5024068
v 129.9303964 -0.3000000 -4.2534808
v 160.0000000 -0.3000000 0.0000000
v 159.9143340 -0.3000000 5.2350533
v 159.6574277 -0.3000000 10.4645007
v 159.2295563 -0.3000000 15.6827425
v 158.6311778 -0.3000000 20.8841908
v 157.8629331 -0.3000000 26.0632757
v 156.9256449 -0.3000000 31.2144515
v 155.8203167 -0.3000000 36.3322021
v 154.5481322 -0.3000000 41.4110472
v 153.1104537 -0.3000000 46.4455484
v 151.5088207 -0.3000000 51.4303144
v 149.7449483 -0.3000000 56.3600077
v 147.8207252 -0.3000000 61.2293492
v 145.7382120 -0.3000000 66.0331248
v 143.4996386 -0.3000000 70.7661904
v 141.1074023 -0.3000000 75.4234779
v 138.5640646 -0.3000000 80.0000000
v 135.8723490 -0.3000000 84.4908561
v 133.0351380 -0.3000000 88.8912373
v 130.0554695 -0.3000000 93.1964315
v 126.9365344 -0.3000000 97.4018286
v 123.6816725 -0.3000000 101.5029255
v 120.2943692 -0.3000000 105.4953304
v 116.7782516 -0.3000000 109.3747683
v 113.1370850 -0.3000000 113.1370850
v 109.3747683 -0.3000000 116.7782516
v 105.4953304 -0.3000000 120.2943692
v 101.5029255 -0.3000000 123.6816725
v 97.4018286 -0.3000000 126.9365344
v 93.1964315 -0.3000000 130.0554695
v 88.8912373 -0.3000000 133.0351380
v 84.4908561 -0.3000000 135.8723490
v 80.0000000 -0.3000000 138.5640646
v 75.4234779 -0.3000000 141.1074023
v 70.7661904 -0.3000000 143.4996386
v 66.0331248 -0.3000000 145.7382120
v 61.2293492 -0.3000000 147.8207252
v 56.3600077 -0.3000000 149.7449483
v 51.4303144 -0.3000000 151.5088207
v 46.4455484 -0.3000000 153.1104537
v 41.4110472 -0.3000000 154.5481322
v 36.3322021 -0.3000000 155.8203167
v 31.2144515 -0.3000000 156.9256449
v 26.0632757 -0.3000000 157.8629331
v 20.8841908 -0.3000000 158.6311778
v 15.6827425 -0.3000000 159.2295563
v 10.4645007 -0.3000000 159.6574277
v 5.2350533 -0.3000000 159.9143340
v 0.0000000 -0.3000000 160.0000000
v -5.2350533 -0.3000000 159.9143340
v -10.4645007 -0.3000000 159.6574277
v -15.6827425 -0.3000000 159.2295563
v -20.8841908 -0.3000000 158.6311778
v -26.0632757 -0.3000000 157.8629331
v -31.2144515 -0.3000000 156.9256449
v -36.3322021 -0.3000000 155.8203167
v -41.4110472 -0.3000000 154.5481322
v -46.4455484 -0.3000000 153.1104537
v -51.4303144 -0.3000000 151.5088207
v -56.3600077 -0.3000000 149.7449483
v -61.2293492 -0.3000000 147.8207252
v -66.0331248 -0.3000000 145.7382120
v -70.7661904 -0.3000000 143.4996386
v -75.4234779 -0.3000000 141.1074023
v -80.0000000 -0.3000000 138.5640646
v -84.4908561 -0.3000000 135.8723490
v -88.8912373 -0.3000000 133.0351380
v -93.1964315 -0.3000000 130.0554695
v -97.4018286 -0.3000000 126.9365344
v -101.5029255 -0.3000000 123.6816725
v -105.4953304 -0.3000000 120.2943692
v -109.3747683 -0.3000000 116.7782516
v -113.1370850 -0.3000000 113.1370850
v -116.7782516 -0.3000000 109.3747683
v -120.2943692 -0.3000000 105.4953304
v -123.6816725 -0.3000000 101.5029255
v -126.9365344 -0.3000000 97.4018286
v -130.0554695 -0.3000000 93.1964315
v -133.0351380 -0.3000000 88.8912373
v -135.8723490 -0.3000000 84.4908561
v -138.5640646 -0.3000000 80.0000000
v -141.1074023 -0.3000000 75.4234779
v -143.4996386 -0.3000000 70.7661904
v -145.7382120 -0.3000000 66.0331248
v -147.8207252 -0.3000000 61.2293492
v -149.7449483 -0.3000000 56.3600077
v -151.5088207 -0.3000000 51.4303144
v -153.1104537 -0.3000000 46.4455484
v -154.5481322 -0.3000000 41.4110472
v -155.8203167 -0.3000000 36.3322021
v -156.9256449 -0.3000000 31.2144515
v -157.8629331 -0.3000000 26.0632757
v -158.6311778 -0.3000000 20.8841908
v -159.2295563 -0.3000000 15.6827425
v -159.6574277 -0.3000000 10.4645007
v -159.9143340 -0.3000000 5.2350533
v -160.0000000 -0.3000000 0.0000000
v -159.9143340 -0.3000000 -5.2350533
v -159.6574277 -0.3000000 -10.4645007
v -159.2295563 -0.3000000 -15.6827425
v -158.6311778 -0.3000000 -20.8841908
v -157.8629331 -0.3000000 -26.0632757
v -156.9256449 -0.3000000 -31.2144515
v -155.8203167 -0.3000000 -36.3322021
v -154.5481322 -0.3000000 -41.4110472
v -153.1104537 -0.3000000 -46.4455484
v -151.5088207 -0.3000000 -51.4303144
v -149.7449483 -0.3000000 -56.3600077
v -147.8207252 -0.3000000 -61.2293492
v -145.7382120 -0.3000000 -66.0331248
v -143.4996386 -0.3000000 -70.7661904
v -141.1074023 -0.3000000 -75.4234779
v -138.5640646 -0.3000000 -80.0000000
v -135.8723490 -0.3000000 -84.4908561
v -133.0351380 -0.3000000 -88.8912373
v -130.0554695 -0.3000000 -93.1964315
v -126.9365344 -0.3000000 -97.4018286
v -123.6816725 -0.3000000 -101.5029255
v -120.2943692 -0.3000000 -105.4953304
v -116.7782516 -0.3000000 -109.3747683
v -113.1370850 -0.3000000 -113.1370850
v -109.3747683 -0.3000000 -116.7782516
v -105.4953304 -0.3000000 -120.2943692
v -101.5029255 -0.3000000 -123.6816725
v -97.4018286 -0.3000000 -126.9365344
v -93.1964315 -0.3000000 -130.0554695
v -88.8912373 -0.3000000 -133.0351380
v -84.4908561 -0.3000000 -135.8723490
v -80.0000000 -0.3000000 -138.5640646
v -75.4234779 -0.3000000 -141.1074023
v -70.7661904 -0.3000000 -143.4996386
v -66.0331248 -0.3000000 -145.7382120
v -61.2293492 -0.3000000 -147.8207252
v -56.3600077 -0.3000000 -149.7449483
v -51.4303144 -0.3000000 -151.5088207
v -46.4455484 -0.3000000 -153.1104537
v -41.4110472 -0.3000000 -154.5481322
v -36.3322021 -0.3000000 -155.8203167
v -31.2144515 -0.3000000 -156.9256449
v -26.0632757 -0.3000000 -157.8629331
v -20.8841908 -0.3000000 -158.6311778
v -15.6827425 -0.3000000 -159.2295563
v -10.4645007 -0.3000000 -159.6574277
v -5.2350533 -0.3000000 -159.9143340
v -0.0000000 -0.3000000 -160.0000000
v 5.2350533 -0.3000000 -159.9143340
v 10.4645007 -0.3000000 -159.6574277
v 15.6827425 -0.3000000 -159.2295563
v 20.8841908 -0.3000000 -158.6311778
v 26.0632757 -0.3000000 -157.8629331
v 31.2144515 -0.3000000 -156.9256449
v 36.3322021 -0.3000000 -155.8203167
v 41.4110472 -0.3000000 -154.5481322
v 46.4455484 -0.3000000 -153.1104537
v 51.4303144 -0.3000000 -151.5088207
v 56.3600077 -0.3000000 -149.7449483
v 61.2293492 -0.3000000 -147.8207252
v 66.0331248 -0.3000000 -145.7382120
v 70.7661904 -0.3000000 -143.4996386
v 75.4234779 -0.3000000 -141.1074023
v 80.0000000 -0.3000000 -138.5640646
v 84.4908561 -0.3000000 -135.8723490
v 88.8912373 -0.3000000 -133.0351380
v 93.1964315 -0.3000000 -130.0554695
v 97.4018286 -0.3000000 -126.9365344
v 101.5029255 -0.3000000 -123.6816725
v 105.4953304 -0.3000000 -120.2943692
v 109.3747683 -0.3000000 -116.7782516
v 113.1370850 -0.3000000 -113.1370850
v 116.7782516 -0.3000000 -109.3747683
v 120.2943692 -0.3000000 -105.4953304
v 123.6816725 -0.3000000 -101.5029255
v 126.9365344 -0.3000000 -97.4018286
v 130.0554695 -0.3000000 -93.1964315
v 133.0351380 -0.3000000 -88.8912373
v 135.8723490 -0.3000000 -84.4908561
v 138.5640646 -0.3000000 -80.0000000
v 141.1074023 -0.3000000 -75.4234779
v 143.4996386 -0.3000000 -70.7661904
v 145.7382120 -0.3000000 -66.0331248
v 147.8207252 -0.3000000 -61.2293492
v 149.7449483 -0.3000000 -56.3600077
v 151.5088207 -0.3000000 -51.4303144
v 153.1104537 -0.3000000 -46.4455484
v 154.5481322 -0.3000000 -41.4110472
v 155.8203167 -0.3000000 -36.3322021
v 156.9256449 -0.3000000 -31.2144515
v 157.8629331 -0.3000000 -26.0632757
v 158.6311778 -0.3000000 -20.8841908
v 159.2295563 -0.3000000 -15.6827425
v 159.6574277 -0.3000000 -10.4645007
v 159.9143340 -0.3000000 -5.2350533
v 200.0000000 -0.3000000 0.0000000
v 199.8929175 -0.3000000 6.5438166
v 199.5717846 -0.3000000 13.0806258
v 199.0369453 -0.3000000 19.6034281
v 198.2889723 -0.3000000 26.1052384
v 197.3286664 -0.3000000 32.5790947
v 196.1570561 -0.3000000 39.0180644
v 194.7753959 -0.3000000 45.4152526
v 193.1851653 -0.3000000 51.7638090
v 191.3880671 -0.3000000 58.0569355
v 189.3860259 -0.3000000 64.2878931
v 187.1811854 -0.3000000 70.4500096
v 184.7759065 -0.3000000 76.5366865
v 182.1727650 -0.3000000 82.5414060
v 179.3745483 -0.3000000 88.4577380
v 176.3842529 -0.3000000 94.2793474
v 173.2050808 -0.3000000 100.0000000
v 169.8404363 -0.3000000 105.6135701
v 166.2939225 -0.3000000 111.1140466
v 162.5693369 -0.3000000 116.4955394
v 158.6706681 -0.3000000 121.7522858
v 154.6020907 -0.3000000 126.8786568
v 150.3679615 -0.3000000 131.8691630
v 145.9728145 -0.3000000 136.7184604
v 141.4213562 -0.3000000 141.4213562
v 136.7184604 -0.3000000 145.9728145
v 131.8691630 -0.3000000 150.3679615
v 126.8786568 -0.3000000 154.6020907
v 121.7522858 -0.3000000 158.6706681
v 116.4955394 -0.3000000 162.5693369
v 111.1140466 -0.3000000 166.2939225
v 105.6135701 -0.3000000 169.8404363
v 100.0000000 -0.3000000 173.2050808
v 94.2793474 -0.3000000 176.3842529
v 88.4577380 -0.3000000 179.3745483
v 82.5414060 -0.3000000 182.1727650
v 76.5366865 -0.3000000 184.7759065
v 70.4500096 -0.3000000 187.1811854
v 64.2878931 -0.3000000 189.3860259
v 58.0569355 -0.3000000 191.3880671
v 51.7638090 -0.3000000 193.1851653
v 45.4152526 -0.3000000 194.7753959
v 39.0180644 -0.3000000 196.1570561
v 32.5790947 -0.3000000 197.3286664
v 26.1052384 -0.3000000 198.2889723
v 19.6034281 -0.3000000 199.0369453
v 13.0806258 -0.3000000 199.5717846
v 6.5438166 -0.3000000 199.8929175
v 0.0000000 -0.3000000 200.0000000
v -6.5438166 -0.3000000 199.8929175
v -13.0806258 -0.3000000 199.5717846
v -19.6034281 -0.3000000 199.0369453
v -26.1052384 -0.3000000 198.2889723
v -32.5790947 -0.3000000 197.3286664
v -39.0180644 -0.3000000 196.1570561
v -45.4152526 -0.3000000 194.7753959
v -51.7638090 -0.3000000 193.1851653
v -58.0569355 -0.3000000 191.3880671
v -64.2878931 -0.3000000 189.3860259
v -70.4500096 -0.3000000 187.1811854
v -76.5366865 -0.3000000 184.7759065
v -82.5414060 -0.3000000 182.1727650
v -88.4577380 -0.3000000 179.3745483
v -94.2793474 -0.3000000 176.3842529
v -100.0000000 -0.3000000 173.2050808
v -105.6135701 -0.3000000 169.8404363
v -111.1140466 -0.3000000 166.2939225
v -116.4955394 -0.3000000 162.5693369
v -121.7522858 -0.3000000 158.6706681
v -126.8786568 -0.3000000 154.6020907
v -131.8691630 -0.3000000 150.3679615
v -136.7184604 -0.3000000 145.9728145
v -141.4213562 -0.3000000 141.4213562
v -145.9728145 -0.3000000 136.7184604
v -150.3679615 -0.3000000 131.8691630
v -154.6020907 -0.3000000 126.8786568
v -158.6706681 -0.3000000 121.7522858
v -162.5693369 -0.3000000 116.4955394
v -166.2939225 -0.3000000 111.1140466
v -169.8404363 -0.3000000 105.6135701
v -173.2050808 -0.3000000 100.0000000
v -176.3842529 -0.3000000 94.2793474
v -179.3745483 -0.3000000 88.4577380
v -182.1727650 -0.3000000 82.5414060
v -184.7759065 -0.3000000 76.5366865
v -187.1811854 -0.3000000 70.4500096
v -189.3860259 -0.3000000 64.2878931
v -191.3880671 -0.3000000 58.0569355
v -193.1851653 -0.3000000 51.7638090
v -194.7753959 -0.3000000 45.4152526
v -196.1570561 -0.3000000 39.0180644
v -197.3286664 -0.3000000 32.5790947
v -198.2889723 -0.3000000 26.1052384
v -199.0369453 -0.3000000 19.6034281
v -199.5717846 -0.3000000 13.0806258
v -199.8929175 -0.3000000 6.5438166
v -200.0000000 -0.3000000 0.0000000
v -199.8929175 -0.3000000 -6.5438166
v -199.5717846 -0.3000000 -13.0806258
v -199.0369453 -0.3000000 -19.6034281
v -198.2889723 -0.3000000 -26.1052384
v -197.3286664 -0.3000000 -32.5790947
v -196.1570561 -0.3000000 -39.0180644
v -194.7753959 -0.3000000 -45.4152526
v -193.1851653 -0.3000000 -51.7638090
v -191.3880671 -0.3000000 -58.0569355
v -189.3860259 -0.3000000 -64.2878931
v -187.1811854 -0.3000000 -70.4500096
v -184.7759065 -0.3000000 -76.5366865
v -182.1727650 -0.3000000 -82.5414060
v -179.3745483 -0.3000000 -88.4577380
v -176.3842529 -0.3000000 -94.2793474
v -173.2050808 -0.3000000 -100.0000000
v -169.8404363 -0.3000000 -105.6135701
v -166.2939225 -0.3000000 -111.1140466
v -162.5693369 -0.3000000 -116.4955394
v -158.6706681 -0.3000000 -121.7522858
v -154.6020907 -0.3000000 -126.8786568
v -150.3679615 -0.3000000 -131.8691630
v -145.9728145 -0.3000000 -136.7184604
v -141.4213562 -0.3000000 -141.4213562
v -136.7184604 -0.3000000 -145.9728145
v -131.8691630 -0.3000000 -150.3679615
v -126.8786568 -0.3000000 -154.6020907
v -121.7522858 -0.3000000 -158.6706681
v -116.4955394 -0.3000000 -162.5693369
v -111.1140466 -0.3000000 -166.2939225
v -105.6135701 -0.3000000 -169.8404363
v -100.0000000 -0.3000000 -173.2050808
v -94.2793474 -0.3000000 -176.3842529
v -88.4577380 -0.3000000 -179.3745483
v -82.5414060 -0.3000000 -182.1727650
v -76.5366865 -0.3000000 -184.7759065
v -70.4500096 -0.3000000 -187.1811854
v -64.2878931 -0.3000000 -189.3860259
v -58.0569355 -0.3000000 -191.3880671
v -51.7638090 -0.3000000 -193.1851653
v -45.4152526 -0.3000000 -194.7753959
v -39.0180644 -0.3000000 -196.1570561
v -32.5790947 -0.3000000 -197.3286664
v -26.1052384 -0.3000000 -198.2889723
v -19.6034281 -0.3000000 -199.0369453
v -13.0806258 -0.3000000 -199.5717846
v -6.5438166 -0.3000000 -199.8929175
v -0.0000000 -0.3000000 -200.0000000
v 6.5438166 -0.3000000 -199.8929175
v 13.0806258 -0.3000000 -199.5717846
v 19.6034281 -0.3000000 -199.0369453
v 26.1052384 -0.3000000 -198.2889723
v 32.5790947 -0.3000000 -197.3286664
v 39.0180644 -0.3000000 -196.1570561
v 45.4152526 -0.3000000 -194.7753959
v 51.7638090 -0.3000000 -193.1851653
v 58.0569355 -0.3000000 -191.3880671
v 64.2878931 -0.3000000 -189.3860259
v 70.4500096 -0.3000000 -187.1811854
v 76.5366865 -0.3000000 -184.7759065
v 82.5414060 -0.3000000 -182.1727650
v 88.4577380 -0.3000000 -179.3745483
v 94.2793474 -0.3000000 -176.3842529
v 100.0000000 -0.3000000 -173.2050808
v 105.6135701 -0.3000000 -169.8404363
v 111.1140466 -0.3000000 -166.2939225
v 116.4955394 -0.3000000 -162.5693369
v 121.7522858 -0.3000000 -158.6706681
v 126.8786568 -0.3000000 -154.6020907
v 131.8691630 -0.3000000 -150.3679615
v 136.7184604 -0.3000000 -145.9728145
v 141.4213562 -0.3000000 -141.4213562
v 145.9728145 -0.3000000 -136.7184604
v 150.3679615 -0.3000000 -131.8691630
v 154.6020907 -0.3000000 -126.8786568
v 158.6706681 -0.3000000 -121.7522858
v 162.5693369 -0.3000000 -116.4955394
v 166.2939225 -0.3000000 -111.1140466
v 169.8404363 -0.3000000 -105.6135701
v 173.2050808 -0.3000000 -100.0000000
v 176.3842529 -0.3000000 -94.2793474
v 179.3745483 -0.3000000 -88.4577380
v 182.1727650 -0.3000000 -82.5414060
v 184.7759065 -0.3000000 -76.5366865
v 187.1811854 -0.3000000 -70.4500096
v 189.3860259 -0.3000000 -64.2878931
v 191.3880671 -0.3000000 -58.0569355
v 193.1851653 -0.3000000 -51.7638090
v 194.7753959 -0.3000000 -45.4152526
v 196.1570561 -0.3000000 -39.0180644
v 197.3286664 -0.3000000 -32.5790947
v 198.2889723 -0.3000000 -26.1052384
v 199.0369453 -0.3000000 -19.6034281
v 199.5717846 -0.3000000 -13.0806258
v 199.8929175 -0.3000000 -6.5438166
v 250.0000000 -0.3000000 0.0000000
v 249.8661469 -0.3000000 8.1797707
v 249.4647308 -0.3000000 16.3507823
v 248.7961817 -0.3000000 24.5042851
v 247.8612153 -0.3000000 32.6315481
v 246.6608330 -0.3000000 40.7238683
v 245.1963201 -0.3000000 48.7725805
v 243.4692448 -0.3000000 56.7690658
v 241.4814566 -0.3000000 64.7047613
v 239.2350839 -0.3000000 72.5711693
v 236.7325324 -0.3000000 80.3598663
v 233.9764817 -0.3000000 88.0625120
v 230.9698831 -0.3000000 95.6708581
v 227.7159562 -0.3000000 103.1767575
v 224.2181854 -0.3000000 110.5721726
v 220.4803161 -0.3000000 117.8491842
v 216.5063509 -0.3000000 125.0000000
v 212.3005454 -0.3000000 132.0169627
v 207.8674031 -0.3000000 138.8925583
v 203.2116711 -0.3000000 145.6194242
v 198.3383351 -0.3000000 152.1903573
v 193.2526133 -0.3000000 158.5983210
v 187.9599519 -0.3000000 164.8364538
v 182.4660182 -0.3000000 170.8980755
v 176.7766953 -0.3000000 176.7766953
v 170.8980755 -0.3000000 182.4660182
v 164.8364538 -0.3000000 187.9599519
v 158.5983210 -0.3000000 193.2526133
v 152.1903573 -0.3000000 198.3383351
v 145.6194242 -0.3000000 203.2116711
v 138.8925583 -0.3000000 207.8674031
v 132.0169627 -0.3000000 212.3005454
v 125.0000000 -0.3000000 216.5063509
v 117.8491842 -0.3000000 220.4803161
v 110.5721726 -0.3000000 224.2181854
v 103.1767575 -0.3000000 227.7159562
v 95.6708581 -0.3000000 230.9698831
v 88.0625120 -0.3000000 233.9764817
v 80.3598663 -0.3000000 236.7325324
v 72.5711693 -0.3000000 239.2350839
v 64.7047613 -0.3000000 241.4814566
v 56.7690658 -0.3000000 243.4692448
v 48.7725805 -0.3000000 245.1963201
v 40.7238683 -0.3000000 246.6608330
v 32.6315481 -0.3000000 247.8612153
v 24.5042851 -0.3000000 248.7961817
v 16.3507823 -0.3000000 249.4647308
v 8.1797707 -0.3000000 249.8661469
v 0.0000000 -0.3000000 250.0000000
v -8.1797707 -0.3000000 249.8661469
v -16.3507823 -0.3000000 249.4647308
v -24.5042851 -0.3000000 248.7961817
v -32.6315481 -0.3000000 247.8612153
v -40.7238683 -0.3000000 246.6608330
v -48.7725805 -0.3000000 245.1963201
v -56.7690658 -0.3000000 243.4692448
v -64.7047613 -0.3000000 241.4814566
v -72.5711693 -0.3000000 239.2350839
v -80.3598663 -0.3000000 236.7325324
v -88.0625120 -0.3000000 233.9764817
v -95.6708581 -0.3000000 230.9698831
v -103.1767575 -0.3000000 227.7159562
v -110.5721726 -0.3000000 224.2181854
v -117.8491842 -0.3000000 220.4803161
v -125.0000000 -0.3000000 216.5063509
v -132.0169627 -0.3000000 212.3005454
v -138.8925583 -0.3000000 207.8674031
v -145.6194242 -0.3000000 203.2116711
v -152.1903573 -0.3000000 198.3383351
v -158.5983210 -0.3000000 193.2526133
v -164.8364538 -0.3000000 187.9599519
v -170.8980755 -0.3000000 182.4660182
v -176.7766953 -0.3000000 176.7766953
v -182.4660182 -0.3000000 170.8980755
v -187.9599519 -0.3000000 164.8364538
v -193.2526133 -0.3000000 158.5983210
v -198.3383351 -0.3000000 152.1903573
v -203.2116711 -0.3000000 145.6194242
v -207.8674031 -0.3000000 138.8925583
v -212.3005454 -0.3000000 132.0169627
v -216.5063509 -0.3000000 125.0000000
v -220.4803161 -0.3000000 117.8491842
v -224.2181854 -0.3000000 110.5721726
v -227.7159562 -0.3000000 103.1767575
v -230.9698831 -0.3000000 95.6708581
v -233.9764817 -0.3000000 88.0625120
v -236.7325324 -0.3000000 80.3598663
v -239.2350839 -0.3000000 72.5711693
v -241.4814566 -0.3000000 64.7047613
v -243.4692448 -0.3000000 56.7690658
v -245.1963201 -0.3000000 48.7725805
v -246.6608330 -0.3000000 40.7238683
v -247.8612153 -0.3000000 32.6315481
v -248.7961817 -0.3000000 24.5042851
v -249.4647308 -0.3000000 16.3507823
v -249.8661469 -0.3000000 8.1797707
v -250.0000000 -0.3000000 0.0000000
v -249.8661469 -0.3000000 -8.1797707
v -249.4647308 -0.3000000 -16.3507823
v -248.7961817 -0.3000000 -24.5042851
v -247.8612153 -0.3000000 -32.6315481
v -246.6608330 -0.3000000 -40.7238683
v -245.1963201 -0.3000000 -48.7725805
v -243.4692448 -0.3000000 -56.7690658
v -241.4814566 -0.3000000 -64.7047613
v -239.2350839 -0.3000000 -72.5711693
v -236.7325324 -0.3000000 -80.3598663
v -233.9764817 -0.3000000 -88.0625120
v -230.9698831 -0.3000000 -95.6708581
v -227.7159562 -0.3000000 -103.1767575
v -224.2181854 -0.3000000 -110.5721726
v -220.4803161 -0.3000000 -117.8491842
v -216.5063509 -0.3000000 -125.0000000
v -212.3005454 -0.3000000 -132.0169627
v -207.8674031 -0.3000000 -138.8925583
v -203.2116711 -0.3000000 -145.6194242
v -198.3383351 -0.3000000 -152.1903573
v -193.2526133 -0.3000000 -158.5983210
v -187.9599519 -0.3000000 -164.8364538
v -182.4660182 -0.3000000 -170.8980755
v -176.7766953 -0.3000000 -176.7766953
v -170.8980755 -0.3000000 -182.4660182
v -164.8364538 -0.3000000 -187.9599519
v -158.5983210 -0.3000000 -193.2526133
v -152.1903573 -0.3000000 -198.3383351
v -145.6194242 -0.3000000 -203.2116711
v -138.8925583 -0.3000000 -207.8674031
v -132.0169627 -0.3000000 -212.3005454
v -125.0000000 -0.3000000 -216.5063509
v -117.8491842 -0.3000000 -220.4803161
v -110.5721726 -0.3000000 -224.2181854
v -103.1767575 -0.3000000 -227.7159562
v -95.6708581 -0.3000000 -230.9698831
v -88.0625120 -0.3000000 -233.9764817
v -80.3598663 -0.3000000 -236.7325324
v -72.5711693 -0.3000000 -239.2350839
v -64.7047613 -0.3000000 -241.4814566
v -56.7690658 -0.3000000 -243.4692448
v -48.7725805 -0.3000000 -245.1963201
v -40.7238683 -0.3000000 -246.6608330
v -32.6315481 -0.3000000 -247.8612153
v -24.5042851 -0.3000000 -248.7961817
v -16.3507823 -0.3000000 -249.4647308
v -8.1797707 -0.3000000 -249.8661469
v -0.0000000 -0.3000000 -250.0000000
v 8.1797707 -0.3000000 -249.8661469
v 16.3507823 -0.3000000 -249.4647308
v 24.5042851 -0.3000000 -248.7961817
v 32.6315481 -0.3000000 -247.8612153
v 40.7238683 -0.3000000 -246.6608330
v 48.7725805 -0.3000000 -245.1963201
v 56.7690658 -0.3000000 -243.4692448
v 64.7047613 -0.3000000 -241.4814566
v 72.5711693 -0.3000000 -239.2350839
v 80.3598663 -0.3000000 -236.7325324
v 88.0625120 -0.3000000 -233.9764817
v 95.6708581 -0.3000000 -230.9698831
v 103.1767575 -0.3000000 -227.7159562
v 110.5721726 -0.3000000 -224.2181854
v 117.8491842 -0.3000000 -220.4803161
v 125.0000000 -0.3000000 -216.5063509
v 132.0169627 -0.3000000 -212.3005454
v 138.8925583 -0.3000000 -207.8674031
v 145.6194242 -0.3000000 -203.2116711
v 152.1903573 -0.3000000 -198.3383351
v 158.5983210 -0.3000000 -193.2526133
v 164.8364538 -0.3000000 -187.9599519
v 170.8980755 -0.3000000 -182.4660182
v 176.7766953 -0.3000000 -176.7766953
v 182.4660182 -0.3000000 -170.8980755
v 187.9599519 -0.3000000 -164.8364538
v 193.2526133 -0.3000000 -158.5983210
v 198.3383351 -0.3000000 -152.1903573
v 203.2116711 -0.3000000 -145.6194242
v 207.8674031 -0.3000000 -138.8925583
v 212.3005454 -0.3000000 -132.0169627
v 216.5063509 -0.3000000 -125.0000000
v 220.4803161 -0.3000000 -117.8491842
v 224.2181854 -0.3000000 -110.5721726
v 227.7159562 -0.3000000 -103.1767575
v 230.9698831 -0.3000000 -95.6708581
v 233.9764817 -0.3000000 -88.0625120
v 236.7325324 -0.3000000 -80.3598663
v 239.2350839 -0.3000000 -72.5711693
v 241.4814566 -0.3000000 -64.7047613
v 243.4692448 -0.3000000 -56.7690658
v 245.1963201 -0.3000000 -48.7725805
v 246.6608330 -0.3000000 -40.7238683
v 247.8612153 -0.3000000 -32.6315481
v 248.7961817 -0.3000000 -24.5042851
v 249.4647308 -0.3000000 -16.3507823
v 249.8661469 -0.3000000 -8.1797707
v 260.0000000 -0.3000000 0.0000000
v 259.8607927 -0.3000000 8.5069615
v 259.4433200 -0.3000000 17.0048136
v 258.7480289 -0.3000000 25.4844565
v 257.7756640 -0.3000000 33.9368100
v 256.5272663 -0.3000000 42.3528231
v 255.0041729 -0.3000000 50.7234837
v 253.2080146 -0.3000000 59.0398284
v 251.1407148 -0.3000000 67.2929517
v 248.8044873 -0.3000000 75.4740161
v 246.2018337 -0.3000000 83.5742610
v 243.3355410 -0.3000000 91.5850125
v 240.2086785 -0.3000000 99.4976924
v 236.8245945 -0.3000000 107.3038277
v 233.1869128 -0.3000000 114.9950595
v 229.2995287 -0.3000000 122.5631516
v 225.1666050 -0.3000000 130.0000000
v 220.7925672 -0.3000000 137.2976412
v 216.1820992 -0.3000000 144.4482606
v 211.3401380 -0.3000000 151.4442012
v 206.2718685 -0.3000000 158.2779715
v 200.9827179 -0.3000000 164.9422539
v 195.4783499 -0.3000000 171.4299119
v 189.7646589 -0.3000000 177.7339985
v 183.8477631 -0.3000000 183.8477631
v 177.7339985 -0.3000000 189.7646589
v 171.4299119 -0.3000000 195.4783499
v 164.9422539 -0.3000000 200.9827179
v 158.2779715 -0.3000000 206.2718685
v 151.4442012 -0.3000000 211.3401380
v 144.4482606 -0.3000000 216.1820992
v 137.2976412 -0.3000000 220.7925672
v 130.0000000 -0.3000000 225.1666050
v 122.5631516 -0.3000000 229.2995287
v 114.9950595 -0.3000000 233.1869128
v 107.3038277 -0.3000000 236.8245945
v 99.4976924 -0.3000000 240.2086785
v 91.5850125 -0.3000000 243.3355410
v 83.5742610 -0.3000000 246.2018337
v 75.4740161 -0.3000000 248.8044873
v 67.2929517 -0.3000000 251.1407148
v 59.0398284 -0.3000000 253.2080146
v 50.7234837 -0.3000000 255.0041729
v 42.3528231 -0.3000000 256.5272663
v 33.9368100 -0.3000000 257.7756640
v 25.4844565 -0.3000000 258.7480289
v 17.0048136 -0.3000000 259.4433200
v 8.5069615 -0.3000000 259.8607927
v 0.0000000 -0.3000000 260.0000000
v -8.5069615 -0.3000000 259.8607927
v -17.0048136 -0.3000000 259.4433200
v -25.4844565 -0.3000000 258.7480289
v -33.9368100 -0.3000000 257.7756640
v -42.3528231 -0.3000000 256.5272663
v -50.7234837 -0.3000000 255.0041729
v -59.0398284 -0.3000000 253.2080146
v -67.2929517 -0.3000000 251.1407148
v -75.4740161 -0.3000000 248.8044873
v -83.5742610 -0.3000000 246.2018337
v -91.5850125 -0.3000000 243.3355410
v -99.4976924 -0.3000000 240.2086785
v -107.3038277 -0.3000000 236.8245945
v -114.9950595 -0.3000000 233.1869128
v -122.5631516 -0.3000000 229.2995287
v -130.0000000 -0.3000000 225.1666050
v -137.2976412 -0.3000000 220.7925672
v -144.4482606 -0.3000000 216.1820992
v -151.4442012 -0.3000000 211.3401380
v -158.2779715 -0.3000000 206.2718685
v -164.9422539 -0.3000000 200.9827179
v -171.4299119 -0.3000000 195.4783499
v -177.7339985 -0.3000000 189.7646589
v -183.8477631 -0.3000000 183.8477631
v -189.7646589 -0.3000000 177.7339985
v -195.4783499 -0.3000000 171.4299119
v -200.9827179 -0.3000000 164.9422539
v -206.2718685 -0.3000000 158.2779715
v -211.3401380 -0.3000000 151.4442012
v -216.1820992 -0.3000000 144.4482606
v -220.7925672 -0.3000000 137.2976412
v -225.1666050 -0.3000000 130.0000000
v -229.2995287 -0.3000000 122.5631516
v -233.1869128 -0.3000000 114.9950595
v -236.8245945 -0.3000000 107.3038277
v -240.2086785 -0.3000000 99.4976924
v -243.3355410 -0.3000000 91.5850125
v -246.2018337 -0.3000000 83.5742610
v -248.8044873 -0.3000000 75.4740161
v -251.1407148 -0.3000000 67.2929517
v -253.2080146 -0.3000000 59.0398284
v -255.0041729 -0.3000000 50.7234837
v -256.5272663 -0.3000000 42.3528231
v -257.7756640 -0.3000000 33.9368100
v -258.7480289 -0.3000000 25.4844565
v -259.4433200 -0.3000000 17.0048136
v -259.8607927 -0.3000000 8.5069615
v -260.0000000 -0.3000000 0.0000000
v -259.8607927 -0.3000000 -8.5069615
v -259.4433200 -0.3000000 -17.0048136
v -258.7480289 -0.3000000 -25.4844565
v -257.7756640 -0.3000000 -33.9368100
v -256.5272663 -0.3000000 -42.3528231
v -255.0041729 -0.3000000 -50.7234837
v -253.2080146 -0.3000000 -59.0398284
v -251.1407148 -0.3000000 -67.2929517
v -248.8044873 -0.3000000 -75.4740161
v -246.2018337 -0.3000000 -83.5742610
v -243.3355410 -0.3000000 -91.5850125
v -240.2086785 -0.3000000 -99.4976924
v -236.8245945 -0.3000000 -107.3038277
v -233.1869128 -0.3000000 -114.9950595
v -229.2995287 -0.3000000 -122.5631516
v -225.1666050 -0.3000000 -130.0000000
v -220.7925672 -0.3000000 -137.2976412
v -216.1820992 -0.3000000 -144.4482606
v -211.3401380 -0.3000000 -151.4442012
v -206.2718685 -0.3000000 -158.2779715
v -200.9827179 -0.3000000 -164.9422539
v -195.4783499 -0.3000000 -171.4299119
v -189.7646589 -0.3000000 -177.7339985
v -183.8477631 -0.3000000 -183.8477631
v -177.7339985 -0.3000000 -189.7646589
v -171.4299119 -0.3000000 -195.4783499
v -164.9422539 -0.3000000 -200.9827179
v -158.2779715 -0.3000000 -206.2718685
v -151.4442012 -0.3000000 -211.3401380
v -144.4482606 -0.3000000 -216.1820992
v -137.2976412 -0.3000000 -220.7925672
v -130.0000000 -0.3000000 -225.1666050
v -122.5631516 -0.3000000 -229.2995287
v -114.9950595 -0.3000000 -233.1869128
v -107.3038277 -0.3000000 -236.8245945
v -99.4976924 -0.3000000 -240.2086785
v -91.5850125 -0.3000000 -243.3355410
v -83.5742610 -0.3000000 -246.2018337
v -75.4740161 -0.3000000 -248.8044873
v -67.2929517 -0.3000000 -251.1407148
v -59.0398284 -0.3000000 -253.2080146
v -50.7234837 -0.3000000 -255.0041729
v -42.3528231 -0.3000000 -256.5272663
v -33.9368100 -0.3000000 -257.7756640
v -25.4844565 -0.3000000 -258.7480289
v -17.0048136 -0.3000000 -259.4433200
v -8.5069615 -0.3000000 -259.8607927
v -0.0000000 -0.3000000 -260.0000000
v 8.5069615 -0.3000000 -259.8607927
v 17.0048136 -0.3000000 -259.4433200
v 25.4844565 -0.3000000 -258.7480289
v 33.9368100 -0.3000000 -257.7756640
v 42.3528231 -0.3000000 -256.5272663
v 50.7234837 -0.3000000 -255.0041729
v 59.0398284 -0.3000000 -253.2080146
v 67.2929517 -0.3000000 -251.1407148
v 75.4740161 -0.3000000 -248.8044873
v 83.5742610 -0.3000000 -246.2018337
v 91.5850125 -0.3000000 -243.3355410
v 99.4976924 -0.3000000 -240.2086785
v 107.3038277 -0.3000000 -236.8245945
v 114.9950595 -0.3000000 -233.1869128
v 122.5631516 -0.3000000 -229.2995287
v 130.0000000 -0.3000000 -225.1666050
v 137.2976412 -0.3000000 -220.7925672
v 144.4482606 -0.3000000 -216.1820992
v 151.4442012 -0.3000000 -211.3401380
v 158.2779715 -0.3000000 -206.2718685
v 164.9422539 -0.3000000 -200.9827179
v 171.4299119 -0.3000000 -195.4783499
v 177.7339985 -0.3000000 -189.7646589
v 183.8477631 -0.3000000 -183.8477631
v 189.7646589 -0.3000000 -177.7339985
v 195.4783499 -0.3000000 -171.4299119
v 200.9827179 -0.3000000 -164.9422539
v 206.2718685 -0.3000000 -158.2779715
v 211.3401380 -0.3000000 -151.4442012
v 216.1820992 -0.3000000 -144.4482606
v 220.7925672 -0.3000000 -137.2976412
v 225.1666050 -0.3000000 -130.0000000
v 229.2995287 -0.3000000 -122.5631516
v 233.1869128 -0.3000000 -114.9950595
v 236.8245945 -0.3000000 -107.3038277
v 240.2086785 -0.3000000 -99.4976924
v 243.3355410 -0.3000000 -91.5850125
v 246.2018337 -0.3000000 -83.5742610
v 248.8044873 -0.3000000 -75.4740161
v 251.1407148 -0.3000000 -67.2929517
v 253.2080146 -0.3000000 -59.0398284
v 255.0041729 -0.3000000 -50.7234837
v 256.5272663 -0.3000000 -42.3528231
v 257.7756640 -0.3000000 -33.9368100
v 258.7480289 -0.3000000 -25.4844565
v 259.4433200 -0.3000000 -17.0048136
v 259.8607927 -0.3000000 -8.5069615
v 300.0000000 -9.3751018 0.0000000
v 299.8393762 -9.3573162 9.8157248
v 299.3576770 -9.3374183 19.6209388
v 298.5554180 -9.3153999 29.4051421
v 297.4334584 -9.2912807 39.1578577
v 295.9929996 -9.2651091 48.8686420
v 294.2355841 -9.2369623 58.5270966
v 292.1630938 -9.2069464 68.1228789
v 289.7777479 -9.1751963 77.6457135
v 287.0821007 -9.1418748 87.0854032
v 284.0790388 -9.1071714 96.4318396
v 280.7717780 -9.0713018 105.6750144
v 277.1638598 -9.0345056 114.8050297
v 273.2591475 -8.9970448 123.8121089
v 269.0618225 -8.9592016 132.6866071
v 264.5763793 -8.9212759 141.4190210
v 259.8076211 -8.8835831 150.0000000
v 254.7606545 -8.8464507 158.4203552
v 249.4408837 -8.8102156 166.6710699
v 243.8540054 -8.7752211 174.7433091
v 238.0060021 -8.7418132 182.6284287
v 231.9031360 -8.7103376 190.3179852
v 225.5519422 -8.6811362 197.8037445
v 218.9592218 -8.6545434 205.0776906
v 212.1320344 -8.6308831 212.1320344
v 205.0776906 -8.6104646 218.9592218
v 197.8037445 -8.5935802 225.5519422
v 190.3179852 -8.5805010 231.9031360
v 182.6284287 -8.5714746 238.0060021
v 174.7433091 -8.5667218 243.8540054
v 166.6710699 -8.5664339 249.4408837
v 158.4203552 -8.5707704 254.7606545
v 150.0000000 -8.5798568 259.8076211
v 141.4190210 -8.5937824 264.5763793
v 132.6866071 -8.6125990 269.0618225
v 123.8121089 -8.6363194 273.2591475
v 114.8050297 -8.6649167 277.1638598
v 105.6750144 -8.6983233 280.7717780
v 96.4318396 -8.7364309 284.0790388
v 87.0854032 -8.7790908 287.0821007
v 77.6457135 -8.8261140 289.7777479
v 68.1228789 -8.8772724 292.1630938
v 58.5270966 -8.9322999 294.2355841
v 48.8686420 -8.9908939 295.9929996
v 39.1578577 -9.0527174 297.4334584
v 29.4051421 -9.1174013 298.5554180
v 19.6209388 -9.1845469 299.3576770
v 9.8157248 -9.2537286 299.8393762
v 0.0000000 -9.3244974 300.0000000
v -9.8157248 -9.3963841 299.8393762
v -19.6209388 -9.4689028 299.3576770
v -29.4051421 -9.5415551 298.5554180
v -39.1578577 -9.6138336 297.4334584
v -48.8686420 -9.6852260 295.9929996
v -58.5270966 -9.7552198 294.2355841
v -68.1228789 -9.8233056 292.1630938
v -77.6457135 -9.8889821 289.7777479
v -87.0854032 -9.9517599 287.0821007
v -96.4318396 -10.0111654 284.0790388
v -105.6750144 -10.0667453 280.7717780
v -114.8050297 -10.1180701 277.1638598
v -123.8121089 -10.1647379 273.2591475
v -132.6866071 -10.2063779 269.0618225
v -141.4190210 -10.2426534 264.5763793
v -150.0000000 -10.2732651 259.8076211
v -158.4203552 -10.2979538 254.7606545
v -166.6710699 -10.3165021 249.4408837
v -174.7433091 -10.3287374 243.8540054
v -182.6284287 -10.3345326 238.0060021
v -190.3179852 -10.3338080 231.9031360
v -197.8037445 -10.3265319 225.5519422
v -205.0776906 -10.3127210 218.9592218
v -212.1320344 -10.2924408 212.1320344
v -218.9592218 -10.2658049 205.0776906
v -225.5519422 -10.2329744 197.8037445
v -231.9031360 -10.1941568 190.3179852
v -238.0060021 -10.1496043 182.6284287
v -243.8540054 -10.0996122 174.7433091
v -249.4408837 -10.0445164 166.6710699
v -254.7606545 -9.9846907 158.4203552
v -259.8076211 -9.9205440 150.0000000
v -264.5763793 -9.8525173 141.4190210
v -269.0618225 -9.7810799 132.6866071
v -273.2591475 -9.7067255 123.8121089
v -277.1638598 -9.6299690 114.8050297
v -280.7717780 -9.5513416 105.6750144
v -284.0790388 -9.4713870 96.4318396
v -287.0821007 -9.3906572 87.0854032
v -289.7777479 -9.3097075 77.6457135
v -292.1630938 -9.2290930 68.1228789
v -294.2355841 -9.1493634 58.5270966
v -295.9929996 -9.0710591 48.8686420
v -297.4334584 -8.9947069 39.1578577
v -298.5554180 -8.9208160 29.4051421
v -299.3576770 -8.8498737 19.6209388
v -299.8393762 -8.7823421 9.8157248
v -300.0000000 -8.7186543 0.0000000
v -299.8393762 -8.6592115 -9.8157248
v -299.3576770 -8.6043794 -19.6209388
v -298.5554180 -8.5544865 -29.4051421
v -297.4334584 -8.5098207 -39.1578577
v -295.9929996 -8.4706284 -48.8686420
v -294.2355841 -8.4371122 -58.5270966
v -292.1630938 -8.4094299 -68.1228789
v -289.7777479 -8.3876940 -77.6457135
v -287.0821007 -8.3719706 -87.0854032
v -284.0790388 -8.3622800 -96.4318396
v -280.7717780 -8.3585969 -105.6750144
v -277.1638598 -8.3608510 -114.8050297
v -273.2591475 -8.3689281 -123.8121089
v -269.0618225 -8.3826719 -132.6866071
v -264.5763793 -8.4018856 -141.4190210
v -259.8076211 -8.4263341 -150.0000000
v -254.7606545 -8.4557465 -158.4203552
v -249.4408837 -8.4898190 -166.6710699
v -243.8540054 -8.5282177 -174.7433091
v -238.0060021 -8.5705817 -182.6284287
v -231.9031360 -8.6165271 -190.3179852
v -225.5519422 -8.6656502 -197.8037445
v -218.9592218 -8.7175310 -205.0776906
v -212.1320344 -8.7717376 -212.1320344
v -205.0776906 -8.8278297 -218.9592218
v -197.8037445 -8.8853624 -225.5519422
v -190.3179852 -8.9438903 -231.9031360
v -182.6284287 -9.0029714 -238.0060021
v -174.7433091 -9.0621705 -243.8540054
v -166.6710699 -9.1210630 -249.4408837
v -158.4203552 -9.1792387 -254.7606545
v -150.0000000 -9.2363043 -259.8076211
v -141.4190210 -9.2918871 -264.5763793
v -132.6866071 -9.3456379 -269.0618225
v -123.8121089 -9.3972329 -273.2591475
v -114.8050297 -9.4463767 -277.1638598
v -105.6750144 -9.4928040 -280.7717780
v -96.4318396 -9.5362810 -284.0790388
v -87.0854032 -9.5766073 -287.0821007
v -77.6457135 -9.6136164 -289.7777479
v -68.1228789 -9.6471766 -292.1630938
v -58.5270966 -9.6771912 -294.2355841
v -48.8686420 -9.7035987 -295.9929996
v -39.1578577 -9.7263720 -297.4334584
v -29.4051421 -9.7455181 -298.5554180
v -19.6209388 -9.7610766 -299.3576770
v -9.8157248 -9.7731190 -299.8393762
v -0.0000000 -9.7817464 -300.0000000
v 9.8157248 -9.7870882 -299.8393762
v 19.6209388 -9.7892994 -299.3576770
v 29.4051421 -9.7885585 -298.5554180
v 39.1578577 -9.7850650 -297.4334584
v 48.8686420 -9.7790365 -295.9929996
v 58.5270966 -9.7707058 -294.2355841
v 68.1228789 -9.7603180 -292.1630938
v 77.6457135 -9.7481276 -289.7777479
v 87.0854032 -9.7343948 -287.0821007
v 96.4318396 -9.7193832 -284.0790388
v 105.6750144 -9.7033560 -280.7717780
v 114.8050297 -9.6865734 -277.1638598
v 123.8121089 -9.6692892 -273.2591475
v 132.6866071 -9.6517487 -269.0618225
v 141.4190210 -9.6341851 -264.5763793
v 150.0000000 -9.6168177 -259.8076211
v 158.4203552 -9.5998490 -254.7606545
v 166.6710699 -9.5834632 -249.4408837
v 174.7433091 -9.5678239 -243.8540054
v 182.6284287 -9.5530725 -238.0060021
v 190.3179852 -9.5393273 -231.9031360
v 197.8037445 -9.5266818 -225.5519422
v 205.0776906 -9.5152045 -218.9592218
v 212.1320344 -9.5049385 -212.1320344
v 218.9592218 -9.4959008 -205.0776906
v 225.5519422 -9.4880830 -197.8037445
v 231.9031360 -9.4814519 -190.3179852
v 238.0060021 -9.4759497 -182.6284287
v 243.8540054 -9.4714955 -174.7433091
v 249.4408837 -9.4679867 -166.6710699
v 254.7606545 -9.4653003 -158.4203552
v 259.8076211 -9.4632950 -150.0000000
v 264.5763793 -9.4618132 -141.4190210
v 269.0618225 -9.4606833 -132.6866071
v 273.2591475 -9.4597221 -123.8121089
v 277.1638598 -9.4587375 -114.8050297
v 280.7717780 -9.4575311 -105.6750144
v 284.0790388 -9.4559010 -96.4318396
v 287.0821007 -9.4536447 -87.0854032
v 289.7777479 -9.4505621 -77.6457135
v 292.1630938 -9.4464580 -68.1228789
v 294.2355841 -9.4411455 -58.5270966
v 295.9929996 -9.4344483 -48.8686420
v 297.4334584 -9.4262037 -39.1578577
v 298.5554180 -9.4162646 -29.4051421
v 299.3576770 -9.4045028 -19.6209388
v 299.8393762 -9.3908103 -9.8157248
v 300.0000000 -24.0000000 0.0000000
v 299.8393762 -24.0000000 9.8157248
v 299.3576770 -24.0000000 19.6209388
v 298.5554180 -24.0000000 29.4051421
v 297.4334584 -24.0000000 39.1578577
v 295.9929996 -24.0000000 48.8686420
v 294.2355841 -24.0000000 58.5270966
v 292.1630938 -24.0000000 68.1228789
v 289.7777479 -24.0000000 77.6457135
v 287.0821007 -24.0000000 87.0854032
v 284.0790388 -24.0000000 96.4318396
v 280.7717780 -24.0000000 105.6750144
v 277.1638598 -24.0000000 114.8050297
v 273.2591475 -24.0000000 123.8121089
v 269.0618225 -24.0000000 132.6866071
v 264.5763793 -24.0000000 141.4190210
v 259.8076211 -24.0000000 150.0000000
v 254.7606545 -24.0000000 158.4203552
v 249.4408837 -24.0000000 166.6710699
v 243.8540054 -24.0000000 174.7433091
v 238.0060021 -24.0000000 182.6284287
v 231.9031360 -24.0000000 190.3179852
v 225.5519422 -24.0000000 197.8037445
v 218.9592218 -24.0000000 205.0776906
v 212.1320344 -24.0000000 212.1320344
v 205.0776906 -24.0000000 218.9592218
v 197.8037445 -24.0000000 225.5519422
v 190.3179852 -24.0000000 231.9031360
v 182.6284287 -24.0000000 238.0060021
v 174.7433091 -24.0000000 243.8540054
v 166.6710699 -24.0000000 249.4408837
v 158.4203552 -24.0000000 254.7606545
v 150.0000000 -24.0000000 259.8076211
v 141.4190210 -24.0000000 264.5763793
v 132.6866071 -24.0000000 269.0618225
v 123.8121089 -24.0000000 273.2591475
v 114.8050297 -24.0000000 277.1638598
v 105.6750144 -24.0000000 280.7717780
v 96.4318396 -24.0000000 284.0790388
v 87.0854032 -24.0000000 287.0821007
v 77.6457135 -24.0000000 289.7777479
v 68.1228789 -24.0000000 292.1630938
v 58.5270966 -24.0000000 294.2355841
v 48.8686420 -24.0000000 295.9929996
v 39.1578577 -24.0000000 297.4334584
v 29.4051421 -24.0000000 298.5554180
v 19.6209388 -24.0000000 299.3576770
v 9.8157248 -24.0000000 299.8393762
v 0.0000000 -24.0000000 300.0000000
v -9.8157248 -24.0000000 299.8393762
v -19.6209388 -24.0000000 299.3576770
v -29.4051421 -24.0000000 298.5554180
v -39.1578577 -24.0000000 297.4334584
v -48.8686420 -24.0000000 295.9929996
v -58.5270966 -24.0000000 294.2355841
v -68.1228789 -24.0000000 292.1630938
v -77.6457135 -24.0000000 289.7777479
v -87.0854032 -24.0000000 287.0821007
v -96.4318396 -24.0000000 284.0790388
v -105.6750144 -24.0000000 280.7717780
v -114.8050297 -24.0000000 277.1638598
v -123.8121089 -24.0000000 273.2591475
v -132.6866071 -24.0000000 269.0618225
v -141.4190210 -24.0000000 264.5763793
v -150.0000000 -24.0000000 259.8076211
v -158.4203552 -24.0000000 254.7606545
v -166.6710699 -24.0000000 249.4408837
v -174.7433091 -24.0000000 243.8540054
v -182.6284287 -24.0000000 238.0060021
v -190.3179852 -24.0000000 231.9031360
v -197.8037445 -24.0000000 225.5519422
v -205.0776906 -24.0000000 218.9592218
v -212.1320344 -24.0000000 212.1320344
v -218.9592218 -24.0000000 205.0776906
v -225.5519422 -24.0000000 197.8037445
v -231.9031360 -24.0000000 190.3179852
v -238.0060021 -24.0000000 182.6284287
v -243.8540054 -24.0000000 174.7433091
v -249.4408837 -24.0000000 166.6710699
v -254.7606545 -24.0000000 158.4203552
v -259.8076211 -24.0000000 150.0000000
v -264.5763793 -24.0000000 141.4190210
v -269.0618225 -24.0000000 132.6866071
v -273.2591475 -24.0000000 123.8121089
v -277.1638598 -24.0000000 114.8050297
v -280.7717780 -24.0000000 105.6750144
v -284.0790388 -24.0000000 96.4318396
v -287.0821007 -24.0000000 87.0854032
v -289.7777479 -24.0000000 77.6457135
v -292.1630938 -24.0000000 68.1228789
v -294.2355841 -24.0000000 58.5270966
v -295.9929996 -24.0000000 48.8686420
v -297.4334584 -24.0000000 39.1578577
v -298.5554180 -24.0000000 29.4051421
v -299.3576770 -24.0000000 19.6209388
v -299.8393762 -24.0000000 9.8157248
v -300.0000000 -24.0000000 0.0000000
v -299.8393762 -24.0000000 -9.8157248
v -299.3576770 -24.0000000 -19.6209388
v -298.5554180 -24.0000000 -29.4051421
v -297.4334584 -24.0000000 -39.1578577
v -295.9929996 -24.0000000 -48.8686420
v -294.2355841 -24.0000000 -58.5270966
v -292.1630938 -24.0000000 -68.1228789
v -289.7777479 -24.0000000 -77.6457135
v -287.0821007 -24.0000000 -87.0854032
v -284.0790388 -24.0000000 -96.4318396
v -280.7717780 -24.0000000 -105.6750144
v -277.1638598 -24.0000000 -114.8050297
v -273.2591475 -24.0000000 -123.8121089
v -269.0618225 -24.0000000 -132.6866071
v -264.5763793 -24.0000000 -141.4190210
v -259.8076211 -24.0000000 -150.0000000
v -254.7606545 -24.0000000 -158.4203552
v -249.4408837 -24.0000000 -166.6710699
v -243.8540054 -24.0000000 -174.7433091
v -238.0060021 -24.0000000 -182.6284287
v -231.9031360 -24.0000000 -190.3179852
v -225.5519422 -24.0000000 -197.8037445
v -218.9592218 -24.0000000 -205.0776906
v -212.1320344 -24.0000000 -212.1320344
v -205.0776906 -24.0000000 -218.9592218
v -197.8037445 -24.0000000 -225.5519422
v -190.3179852 -24.0000000 -231.9031360
v -182.6284287 -24.0000000 -238.0060021
v -174.7433091 -24.0000000 -243.8540054
v -166.6710699 -24.0000000 -249.4408837
v -158.4203552 -24.0000000 -254.7606545
v -150.0000000 -24.0000000 -259.8076211
v -141.4190210 -24.0000000 -264.5763793
v -132.6866071 -24.0000000 -269.0618225
v -123.8121089 -24.0000000 -273.2591475
v -114.8050297 -24.0000000 -277.1638598
v -105.6750144 -24.0000000 -280.7717780
v -96.4318396 -24.0000000 -284.0790388
v -87.0854032 -24.0000000 -287.0821007
v -77.6457135 -24.0000000 -289.7777479
v -68.1228789 -24.0000000 -292.1630938
v -58.5270966 -24.0000000 -294.2355841
v -48.8686420 -24.0000000 -295.9929996
v -39.1578577 -24.0000000 -297.4334584
v -29.4051421 -24.0000000 -298.5554180
v -19.6209388 -24.0000000 -299.3576770
v -9.8157248 -24.0000000 -299.8393762
v -0.0000000 -24.0000000 -300.0000000
v 9.8157248 -24.0000000 -299.8393762
v 19.6209388 -24.0000000 -299.3576770
v 29.4051421 -24.0000000 -298.5554180
v 39.1578577 -24.0000000 -297.4334584
v 48.8686420 -24.0000000 -295.9929996
v 58.5270966 -24.0000000 -294.2355841
v 68.1228789 -24.0000000 -292.1630938
v 77.6457135 -24.0000000 -289.7777479
v 87.0854032 -24.0000000 -287.0821007
v 96.4318396 -24.0000000 -284.0790388
v 105.6750144 -24.0000000 -280.7717780
v 114.8050297 -24.0000000 -277.1638598
v 123.8121089 -24.0000000 -273.2591475
v 132.6866071 -24.0000000 -269.0618225
v 141.4190210 -24.0000000 -264.5763793
v 150.0000000 -24.0000000 -259.8076211
v 158.4203552 -24.0000000 -254.7606545
v 166.6710699 -24.0000000 -249.4408837
v 174.7433091 -24.0000000 -243.8540054
v 182.6284287 -24.0000000 -238.0060021
v 190.3179852 -24.0000000 -231.9031360
v 197.8037445 -24.0000000 -225.5519422
v 205.0776906 -24.0000000 -218.9592218
v 212.1320344 -24.0000000 -212.1320344
v 218.9592218 -24.0000000 -205.0776906
v 225.5519422 -24.0000000 -197.8037445
v 231.9031360 -24.0000000 -190.3179852
v 238.0060021 -24.0000000 -182.6284287
v 243.8540054 -24.0000000 -174.7433091
v 249.4408837 -24.0000000 -166.6710699
v 254.7606545 -24.0000000 -158.4203552
v 259.8076211 -24.0000000 -150.0000000
v 264.5763793 -24.0000000 -141.4190210
v 269.0618225 -24.0000000 -132.6866071
v 273.2591475 -24.0000000 -123.8121089
v 277.1638598 -24.0000000 -114.8050297
v 280.7717780 -24.0000000 -105.6750144
v 284.0790388 -24.0000000 -96.4318396
v 287.0821007 -24.0000000 -87.0854032
v 289.7777479 -24.0000000 -77.6457135
v 292.1630938 -24.0000000 -68.1228789
v 294.2355841 -24.0000000 -58.5270966
v 295.9929996 -24.0000000 -48.8686420
v 297.4334584 -24.0000000 -39.1578577
v 298.5554180 -24.0000000 -29.4051421
v 299.3576770 -24.0000000 -19.6209388
v 299.8393762 -24.0000000 -9.8157248
v 0.0000000 -24.0000000 0.0000000
vt 0.5 0.5
vt 0.5 0.5
vt 0.5 0.5
vt 0.5 0.5
vt 0.5 0.5
vt 0.5 0.5
vt 0.5 0.5
vt 0.5 0.5
vt 0.5 0.5
vt 0.5 0.5
vt 0.5 0.5
vt 0.5 0.5
vt 0.5 0.5
vt 0.5 0.5
vt 0.5 0.5
vt 0.5 0.5
vt 0.5 0.5
vt 0.5 0.5
vt 0.5 0.5
vt 0.5 0.5
vt 0.5 0.5
vt 0.5 0.5
vt 0.5 0.5
vt 0.5 0.5
vt 0.5 0.5
vt 0.5 0.5
vt 0.5 0.5
vt 0.5 0.5
vt 0.5 0.5
vt 0.5 0.5
vt 0.5 0.5
vt 0.5 0.5
vt 0.5 0.5
vt 0.5 0.5
vt 0.5 0.5
vt 0.5 0.5
vt 0.5 0.5
vt 0.5 0.5
vt 0.5 0.5
vt 0.5 0.5
vt 0.5 0.5
vt 0.5 0.5
vt 0.5 0.5
vt 0.5 0.5
vt 0.5 0.5
vt 0.5 0.5
vt 0.5 0.5
vt 0.5 0.5
vt 0.5 0.5
vt 0.5 0.5
vt 0.5 0.5
vt 0.5 0.5
vt 0.5 0.5
vt 0.5 0.5
vt 0.5 0.5
vt 0.5 0.5
vt 0.5 0.5
vt 0.5 0.5
vt 0.5 0.5
vt 0.5 0.5
vt 0.5 0.5
vt 0.5 0.5
vt 0.5 0.5
vt 0.5 0.5
vt 0.5 0.5
vt 0.5 0.5
vt 0.5 0.5
vt 0.5 0.5
vt 0.5 0.5
vt 0.5 0.5
vt 0.5 0.5
vt 0.5 0.5
vt 0.5 0.5
vt 0.5 0.5
vt 0.5 0.5
vt 0.5 0.5
vt 0.5 0.5
vt 0.5 0.5
vt 0.5 0.5
vt 0.5 0.5
vt 0.5 0.5
vt 0.5 0.5
vt 0.5 0.5
vt 0.5 0.5
vt 0.5 0.5
vt 0.5 0.5
vt 0.5 0.5
vt 0.5 0.5
vt 0.5 0.5
vt 0.5 0.5
vt 0.5 0.5
vt 0.5 0.5
vt 0.5 0.5
vt 0.5 0.5
vt 0.5 0.5
vt 0.5 0.5
vt 0.5 0.5
vt 0.5 0.5
vt 0.5 0.5
vt 0.5 0.5
vt 0.5 0.5
vt 0.5 0.5
vt 0.5 0.5
vt 0.5 0.5
vt 0.5 0.5
vt 0.5 0.5
vt 0.5 0.5
vt 0.5 0.5
vt 0.5 0.5
vt 0.5 0.5
vt 0.5 0.5
vt 0.5 0.5
vt 0.5 0.5
vt 0.5 0.5
vt 0.5 0.5
vt 0.5 0.5
vt 0.5 0.5
vt 0.5 0.5
vt 0.5 0.5
vt 0.5 0.5
vt 0.5 0.5
vt 0.5 0.5
vt 0.5 0.5
vt 0.5 0.5
vt 0.5 0.5
vt 0.5 0.5
vt 0.5 0.5
vt 0.5 0.5
vt 0.5 0.5
vt 0.5 0.5
vt 0.5 0.5
vt 0.5 0.5
vt 0.5 0.5
vt 0.5 0.5
vt 0.5 0.5
vt 0.5 0.5
vt 0.5 0.5
vt 0.5 0.5
vt 0.5 0.5
vt 0.5 0.5
vt 0.5 0.5
vt 0.5 0.5
vt 0.5 0.5
vt 0.5 0.5
vt 0.5 0.5
vt 0.5 0.5
vt 0.5 0.5
vt 0.5 0.5
vt 0.5 0.5
vt 0.5 0.5
vt 0.5 0.5
vt 0.5 0.5
vt 0.5 0.5
vt 0.5 0.5
vt 0.5 0.5
vt 0.5 0.5
vt 0.5 0.5
vt 0.5 0.5
vt 0.5 0.5
vt 0.5 0.5
vt 0.5 0.5
vt 0.5 0.5
vt 0.5 0.5
vt 0.5 0.5
vt 0.5 0.5
vt 0.5 0.5
vt 0.5 0.5
vt 0.5 0.5
vt 0.5 0.5
vt 0.5 0.5
vt 0.5 0.5
vt 0.5 0.5
vt 0.5 0.5
vt 0.5 0.5
vt 0.5 0.5
vt 0.5 0.5
vt 0.5 0.5
vt 0.5 0.5
vt 0.5 0.5
vt 0.5 0.5
vt 0.5 0.5
vt 0.5 0.5
vt 0.5 0.5
vt 0.5 0.5
vt 0.5 0.5
vt 0.5 0.5
vt 0.5 0.5
vt 0.5 0.5
vt 0.5 0.5
vt 0.5 0.5
vt 0.5 0.5
vt 0.5 0.5
vt 0.5 0.5
vt 0.5 0.5
vt 0.5 0.5
vt 0.5 0.5
vt 0.5 0.5
vt 0.5 0.5
vt 0.5 0.5
vt 0.5 0.5
vt 0.5 0.5
vt 0.5 0.5
vt 0.5 0.5
vt 0.5 0.5
vt 0.5 0.5
vt 0.5 0.5
vt 0.5 0.5
vt 0.5 0.5
vt 0.5 0.5
vt 0.5 0.5
vt 0.5 0.5
vt 0.5 0.5
vt 0.5 0.5
vt 0.5 0.5
vt 0.5 0.5
vt 0.5 0.5
vt 0.5 0.5
vt 0.5 0.5
vt 0.5 0.5
vt 0.5 0.5
vt 0.5 0.5
vt 0.5 0.5
vt 0.5 0.5
vt 0.5 0.5
vt 0.5 0.5
vt 0.5 0.5
vt 0.5 0.5
vt 0.5 0.5
vt 0.5 0.5
vt 0.5 0.5
vt 0.5 0.5
vt 0.5 0.5
vt 0.5 0.5
vt 0.5 0.5
vt 0.5 0.5
vt 0.5 0.5
vt 0.5 0.5
vt 0.5 0.5
vt 0.5 0.5
vt 0.5 0.5
vt 0.5 0.5
vt 0.5 0.5
vt 0.5 0.5
vt 0.5 0.5
vt 0.5 0.5
vt 0.5 0.5
vt 0.5 0.5
vt 0.5 0.5
vt 0.5 0.5
vt 0.5 0.5
vt 0.5 0.5
vt 0.5 0.5
vt 0.5 0.5
vt 0.5 0.5
vt 0.5 0.5
vt 0.5 0.5
vt 0.5 0.5
vt 0.5 0.5
vt 0.5 0.5
vt 0.5 0.5
vt 0.5 0.5
vt 0.5 0.5
vt 0.5 0.5
vt 0.5 0.5
vt 0.5 0.5
vt 0.5 0.5
vt 0.5 0.5
vt 0.5 0.5
vt 0.5 0.5
vt 0.5 0.5
vt 0.5 0.5
vt 0.5 0.5
vt 0.5 0.5
vt 0.5 0.5
vt 0.5 0.5
vt 0.5 0.5
vt 0.5 0.5
vt 0.5 0.5
vt 0.5 0.5
vt 0.5 0.5
vt 0.5 0.5
vt 0.5 0.5
vt 0.5 0.5
vt 0.5 0.5
vt 0.5 0.5
vt 0.5 0.5
vt 0.5 0.5
vt 0.5 0.5
vt 0.5 0.5
vt 0.5 0.5
vt 0.5 0.5
vt 0.5 0.5
vt 0.5 0.5
vt 0.5 0.5
vt 0.5 0.5
vt 0.5 0.5
vt 0.5 0.5
vt 0.5 0.5
vt 0.5 0.5
vt 0.5 0.5
vt 0.5 0.5
vt 0.5 0.5
vt 0.5 0.5
vt 0.5 0.5
vt 0.5 0.5
vt 0.5 0.5
vt 0.5 0.5
vt 0.5 0.5
vt 0.5 0.5
vt 0.5 0.5
vt 0.5 0.5
vt 0.5 0.5
vt 0.5 0.5
vt 0.5 0.5
vt 0.5 0.5
vt 0.5 0.5
vt 0.5 0.5
vt 0.5 0.5
vt 0.5 0.5
vt 0.5 0.5
vt 0.5 0.5
vt 0.5 0.5
vt 0.5 0.5
vt 0.5 0.5
vt 0.5 0.5
vt 0.5 0.5
vt 0.5 0.5
vt 0.5 0.5
vt 0.5 0.5
vt 0.5 0.5
vt 0.5 0.5
vt 0.5 0.5
vt 0.5 0.5
vt 0.5 0.5
vt 0.5 0.5
vt 0.5 0.5
vt 0.5 0.5
vt 0.5 0.5
vt 0.5 0.5
vt 0.5 0.5
vt 0.5 0.5
vt 0.5 0.5
vt 0.5 0.5
vt 0.5 0.5
vt 0.5 0.5
vt 0.5 0.5
vt 0.5 0.5
vt 0.5 0.5
vt 0.5 0.5
vt 0.5 0.5
vt 0.5 0.5
vt 0.5 0.5
vt 0.5 0.5
vt 0.5 0.5
vt 0.5 0.5
vt 0.5 0.5
vt 0.5 0.5
vt 0.5 0.5
vt 0.5 0.5
vt 0.5 0.5
vt 0.5 0.5
vt 0.5 0.5
vt 0.5 0.5
vt 0.5 0.5
vt 0.5 0.5
vt 0.5 0.5
vt 0.5 0.5
vt 0.5 0.5
vt 0.5 0.5
vt 0.5 0.5
vt 0.5 0.5
vt 0.5 0.5
vt 0.5 0.5
vt 0.5 0.5
vt 0.5 0.5
vt 0.5 0.5
vt 0.5 0.5
vt 0.5 0.5
vt 0.5 0.5
vt 0.5 0.5
vt 0.5 0.5
vt 0.5 0.5
vt 0.5 0.5
vt 0.5 0.5
vt 0.5 0.5
vt 0.5 0.5
vt 0.5 0.5
vt 0.5 0.5
vt 0.5 0.5
vt 0.5 0.5
vt 0.5 0.5
vt 0.5 0.5
vt 0.5 0.5
vt 0.5 0.5
vt 0.5 0.5
vt 0.5 0.5
vt 0.5 0.5
vt 0.5 0.5
vt 0.5 0.5
vt 0.5 0.5
vt 0.5 0.5
vt 0.5 0.5
vt 0.5 0.5
vt 0.5 0.5
vt 0.5 0.5
vt 0.5 0.5
vt 0.5 0.5
vt 0.5 0.5
vt 0.5 0.5
vt 0.5 0.5
vt 0.5 0.5
vt 0.5 0.5
vt 0.5 0.5
vt 0.5 0.5
vt 0.5 0.5
vt 0.5 0.5
vt 0.5 0.5
vt 0.5 0.5
vt 0.5 0.5
vt 0.5 0.5
vt 0.5 0.5
vt 0.5 0.5
vt 0.5 0.5
vt 0.5 0.5
vt 0.5 0.5
vt 0.5 0.5
vt 0.5 0.5
vt 0.5 0.5
vt 0.5 0.5
vt 0.5 0.5
vt 0.5 0.5
vt 0.5 0.5
vt 0.5 0.5
vt 0.5 0.5
vt 0.5 0.5
vt 0.5 0.5
vt 0.5 0.5
vt 0.5 0.5
vt 0.5 0.5
vt 0.5 0.5
vt 0.5 0.5
vt 0.5 0.5
vt 0.5 0.5
vt 0.5 0.5
vt 0.5 0.5
vt 0.5 0.5
vt 0.5 0.5
vt 0.5 0.5
vt 0.5 0.5
vt 0.5 0.5
vt 0.5 0.5
vt 0.5 0.5
vt 0.5 0.5
vt 0.5 0.5
vt 0.5 0.5
vt 0.5 0.5
vt 0.5 0.5
vt 0.5 0.5
vt 0.5 0.5
vt 0.5 0.5
vt 0.5 0.5
vt 0.5 0.5
vt 0.5 0.5
vt 0.5 0.5
vt 0.5 0.5
vt 0.5 0.5
vt 0.5 0.5
vt 0.5 0.5
vt 0.5 0.5
vt 0.5 0.5
vt 0.5 0.5
vt 0.5 0.5
vt 0.5 0.5
vt 0.5 0.5
vt 0.5 0.5
vt 0.5 0.5
vt 0.5 0.5
vt 0.5 0.5
vt 0.5 0.5
vt 0.5 0.5
vt 0.5 0.5
vt 0.5 0.5
vt 0.5 0.5
vt 0.5 0.5
vt 0.5 0.5
vt 0.5 0.5
vt 0.5 0.5
vt 0.5 0.5
vt 0.5 0.5
vt 0.5 0.5
vt 0.5 0.5
vt 0.5 0.5
vt 0.5 0.5
vt 0.5 0.5
vt 0.5 0.5
vt 0.5 0.5
vt 0.5 0.5
vt 0.5 0.5
vt 0.5 0.5
vt 0.5 0.5
vt 0.5 0.5
vt 0.5 0.5
vt 0.5 0.5
vt 0.5 0.5
vt 0.5 0.5
vt 0.5 0.5
vt 0.5 0.5
vt 0.5 0.5
vt 0.5 0.5
vt 0.5 0.5
vt 0.5 0.5
vt 0.5 0.5
vt 0.5 0.5
vt 0.5 0.5
vt 0.5 0.5
vt 0.5 0.5
vt 0.5 0.5
vt 0.5 0.5
vt 0.5 0.5
vt 0.5 0.5
vt 0.5 0.5
vt 0.5 0.5
vt 0.5 0.5
vt 0.5 0.5
vt 0.5 0.5
vt 0.5 0.5
vt 0.5 0.5
vt 0.5 0.5
vt 0.5 0.5
vt 0.5 0.5
vt 0.5 0.5
vt 0.5 0.5
vt 0.5 0.5
vt 0.5 0.5
vt 0.5 0.5
vt 0.5 0.5
vt 0.5 0.5
vt 0.5 0.5
vt 0.5 0.5
vt 0.5 0.5
vt 0.5 0.5
vt 0.5 0.5
vt 0.5 0.5
vt 0.5 0.5
vt 0.5 0.5
vt 0.5 0.5
vt 0.5 0.5
vt 0.5 0.5
vt 0.5 0.5
vt 0.5 0.5
vt 0.5 0.5
vt 0.5 0.5
vt 0.5 0.5
vt 0.5 0.5
vt 0.5 0.5
vt 0.5 0.5
vt 0.5 0.5
vt 0.5 0.5
vt 0.5 0.5
vt 0.5 0.5
vt 0.5 0.5
vt 0.5 0.5
vt 0.5 0.5
vt 0.5 0.5
vt 0.5 0.5
vt 0.5 0.5
vt 0.5 0.5
vt 0.5 0.5
vt 0.5 0.5
vt 0.5 0.5
vt 0.5 0.5
vt 0.5 0.5
vt 0.5 0.5
vt 0.5 0.5
vt 0.5 0.5
vt 0.5 0.5
vt 0.5 0.5
vt 0.5 0.5
vt 0.5 0.5
vt 0.5 0.5
vt 0.5 0.5
vt 0.5 0.5
vt 0.5 0.5
vt 0.5 0.5
vt 0.5 0.5
vt 0.5 0.5
vt 0.5 0.5
vt 0.5 0.5
vt 0.5 0.5
vt 0.5 0.5
vt 0.5 0.5
vt 0.5 0.5
vt 0.5 0.5
vt 0.5 0.5
vt 0.5 0.5
vt 0.5 0.5
vt 0.5 0.5
vt 0.5 0.5
vt 0.5 0.5
vt 0.5 0.5
vt 0.5 0.5
vt 0.5 0.5
vt 0.5 0.5
vt 0.5 0.5
vt 0.5 0.5
vt 0.5 0.5
vt 0.5 0.5
vt 0.5 0.5
vt 0.5 0.5
vt 0.5 0.5
vt 0.5 0.5
vt 0.5 0.5
vt 0.5 0.5
vt 0.5 0.5
vt 0.5 0.5
vt 0.5 0.5
vt 0.5 0.5
vt 0.5 0.5
vt 0.5 0.5
vt 0.5 0.5
vt 0.5 0.5
vt 0.5 0.5
vt 0.5 0.5
vt 0.5 0.5
vt 0.5 0.5
vt 0.5 0.5
vt 0.5 0.5
vt 0.5 0.5
vt 0.5 0.5
vt 0.5 0.5
vt 0.5 0.5
vt 0.5 0.5
vt 0.5 0.5
vt 0.5 0.5
vt 0.5 0.5
vt 0.5 0.5
vt 0.5 0.5
vt 0.5 0.5
vt 0.5 0.5
vt 0.5 0.5
vt 0.5 0.5
vt 0.5 0.5
vt 0.5 0.5
vt 0.5 0.5
vt 0.5 0.5
vt 0.5 0.5
vt 0.5 0.5
vt 0.5 0.5
vt 0.5 0.5
vt 0.5 0.5
vt 0.5 0.5
vt 0.5 0.5
vt 0.5 0.5
vt 0.5 0.5
vt 0.5 0.5
vt 0.5 0.5
vt 0.5 0.5
vt 0.5 0.5
vt 0.5 0.5
vt 0.5 0.5
vt 0.5 0.5
vt 0.5 0.5
vt 0.5 0.5
vt 0.5 0.5
vt 0.5 0.5
vt 0.5 0.5
vt 0.5 0.5
vt 0.5 0.5
vt 0.5 0.5
vt 0.5 0.5
vt 0.5 0.5
vt 0.5 0.5
vt 0.5 0.5
vt 0.5 0.5
vt 0.5 0.5
vt 0.5 0.5
vt 0.5 0.5
vt 0.5 0.5
vt 0.5 0.5
vt 0.5 0.5
vt 0.5 0.5
vt 0.5 0.5
vt 0.5 0.5
vt 0.5 0.5
vt 0.5 0.5
vt 0.5 0.5
vt 0.5 0.5
vt 0.5 0.5
vt 0.5 0.5
vt 0.5 0.5
vt 0.5 0.5
vt 0.5 0.5
vt 0.5 0.5
vt 0.5 0.5
vt 0.5 0.5
vt 0.5 0.5
vt 0.5 0.5
vt 0.5 0.5
vt 0.5 0.5
vt 0.5 0.5
vt 0.5 0.5
vt 0.5 0.5
vt 0.5 0.5
vt 0.5 0.5
vt 0.5 0.5
vt 0.5 0.5
vt 0.5 0.5
vt 0.5 0.5
vt 0.5 0.5
vt 0.5 0.5
vt 0.5 0.5
vt 0.5 0.5
vt 0.5 0.5
vt 0.5 0.5
vt 0.5 0.5
vt 0.5 0.5
vt 0.5 0.5
vt 0.5 0.5
vt 0.5 0.5
vt 0.5 0.5
vt 0.5 0.5
vt 0.5 0.5
vt 0.5 0.5
vt 0.5 0.5
vt 0.5 0.5
vt 0.5 0.5
vt 0.5 0.5
vt 0.5 0.5
vt 0.5 0.5
vt 0.5 0.5
vt 0.5 0.5
vt 0.5 0.5
vt 0.5 0.5
vt 0.5 0.5
vt 0.5 0.5
vt 0.5 0.5
vt 0.5 0.5
vt 0.5 0.5
vt 0.5 0.5
vt 0.5 0.5
vt 0.5 0.5
vt 0.5 0.5
vt 0.5 0.5
vt 0.5 0.5
vt 0.5 0.5
vt 0.5 0.5
vt 0.5 0.5
vt 0.5 0.5
vt 0.5 0.5
vt 0.5 0.5
vt 0.5 0.5
vt 0.5 0.5
vt 0.5 0.5
vt 0.5 0.5
vt 0.5 0.5
vt 0.5 0.5
vt 0.5 0.5
vt 0.5 0.5
vt 0.5 0.5
vt 0.5 0.5
vt 0.5 0.5
vt 0.5 0.5
vt 0.5 0.5
vt 0.5 0.5
vt 0.5 0.5
vt 0.5 0.5
vt 0.5 0.5
vt 0.5 0.5
vt 0.5 0.5
vt 0.5 0.5
vt 0.5 0.5
vt 0.5 0.5
vt 0.5 0.5
vt 0.5 0.5
vt 0.5 0.5
vt 0.5 0.5
vt 0.5 0.5
vt 0.5 0.5
vt 0.5 0.5
vt 0.5 0.5
vt 0.5 0.5
vt 0.5 0.5
vt 0.5 0.5
vt 0.5 0.5
vt 0.5 0.5
vt 0.5 0.5
vt 0.5 0.5
vt 0.5 0.5
vt 0.5 0.5
vt 0.5 0.5
vt 0.5 0.5
vt 0.5 0.5
vt 0.5 0.5
vt 0.5 0.5
vt 0.5 0.5
vt 0.5 0.5
vt 0.5 0.5
vt 0.5 0.5
vt 0.5 0.5
vt 0.5 0.5
vt 0.5 0.5
vt 0.5 0.5
vt 0.5 0.5
vt 0.5 0.5
vt 0.5 0.5
vt 0.5 0.5
vt 0.5 0.5
vt 0.5 0.5
vt 0.5 0.5
vt 0.5 0.5
vt 0.5 0.5
vt 0.5 0.5
vt 0.5 0.5
vt 0.5 0.5
vt 0.5 0.5
vt 0.5 0.5
vt 0.5 0.5
vt 0.5 0.5
vt 0.5 0.5
vt 0.5 0.5
vt 0.5 0.5
vt 0.5 0.5
vt 0.5 0.5
vt 0.5 0.5
vt 0.5 0.5
vt 0.5 0.5
vt 0.5 0.5
vt 0.5 0.5
vt 0.5 0.5
vt 0.5 0.5
vt 0.5 0.5
vt 0.5 0.5
vt 0.5 0.5
vt 0.5 0.5
vt 0.5 0.5
vt 0.5 0.5
vt 0.5 0.5
vt 0.5 0.5
vt 0.5 0.5
vt 0.5 0.5
vt 0.5 0.5
vt 0.5 0.5
vt 0.5 0.5
vt 0.5 0.5
vt 0.5 0.5
vt 0.5 0.5
vt 0.5 0.5
vt 0.5 0.5
vt 0.5 0.5
vt 0.5 0.5
vt 0.5 0.5
vt 0.5 0.5
vt 0.5 0.5
vt 0.5 0.5
vt 0.5 0.5
vt 0.5 0.5
vt 0.5 0.5
vt 0.5 0.5
vt 0.5 0.5
vt 0.5 0.5
vt 0.5 0.5
vt 0.5 0.5
vt 0.5 0.5
vt 0.5 0.5
vt 0.5 0.5
vt 0.5 0.5
vt 0.5 0.5
vt 0.5 0.5
vt 0.5 0.5
vt 0.5 0.5
vt 0.5 0.5
vt 0.5 0.5
vt 0.5 0.5
vt 0.5 0.5
vt 0.5 0.5
vt 0.5 0.5
vt 0.5 0.5
vt 0.5 0.5
vt 0.5 0.5
vt 0.5 0.5
vt 0.5 0.5
vt 0.5 0.5
vt 0.5 0.5
vt 0.5 0.5
vt 0.5 0.5
vt 0.5 0.5
vt 0.5 0.5
vt 0.5 0.5
vt 0.5 0.5
vt 0.5 0.5
vt 0.5 0.5
vt 0.5 0.5
vt 0.5 0.5
vt 0.5 0.5
vt 0.5 0.5
vt 0.5 0.5
vt 0.5 0.5
vt 0.5 0.5
vt 0.5 0.5
vt 0.5 0.5
vt 0.5 0.5
vt 0.5 0.5
vt 0.5 0.5
vt 0.5 0.5
vt 0.5 0.5
vt 0.5 0.5
vt 0.5 0.5
vt 0.5 0.5
vt 0.5 0.5
vt 0.5 0.5
vt 0.5 0.5
vt 0.5 0.5
vt 0.5 0.5
vt 0.5 0.5
vt 0.5 0.5
vt 0.5 0.5
vt 0.5 0.5
vt 0.5 0.5
vt 0.5 0.5
vt 0.5 0.5
vt 0.5 0.5
vt 0.5 0.5
vt 0.5 0.5
vt 0.5 0.5
vt 0.5 0.5
vt 0.5 0.5
vt 0.5 0.5
vt 0.5 0.5
vt 0.5 0.5
vt 0.5 0.5
vt 0.5 0.5
vt 0.5 0.5
vt 0.5 0.5
vt 0.5 0.5
vt 0.5 0.5
vt 0.5 0.5
vt 0.5 0.5
vt 0.5 0.5
vt 0.5 0.5
vt 0.5 0.5
vt 0.5 0.5
vt 0.5 0.5
vt 0.5 0.5
vt 0.5 0.5
vt 0.5 0.5
vt 0.5 0.5
vt 0.5 0.5
vt 0.5 0.5
vt 0.5 0.5
vt 0.5 0.5
vt 0.5 0.5
vt 0.5 0.5
vt 0.5 0.5
vt 0.5 0.5
vt 0.5 0.5
vt 0.5 0.5
vt 0.5 0.5
vt 0.5 0.5
vt 0.5 0.5
vt 0.5 0.5
vt 0.5 0.5
vt 0.5 0.5
vt 0.5 0.5
vt 0.5 0.5
vt 0.5 0.5
vt 0.5 0.5
vt 0.5 0.5
vt 0.5 0.5
vt 0.5 0.5
vt 0.5 0.5
vt 0.5 0.5
vt 0.5 0.5
vt 0.5 0.5
vt 0.5 0.5
vt 0.5 0.5
vt 0.5 0.5
vt 0.5 0.5
vt 0.5 0.5
vt 0.5 0.5
vt 0.5 0.5
vt 0.5 0.5
vt 0.5 0.5
vt 0.5 0.5
vt 0.5 0.5
vt 0.5 0.5
vt 0.5 0.5
vt 0.5 0.5
vt 0.5 0.5
vt 0.5 0.5
vt 0.5 0.5
vt 0.5 0.5
vt 0.5 0.5
vt 0.5 0.5
vt 0.5 0.5
vt 0.5 0.5
vt 0.5 0.5
vt 0.5 0.5
vt 0.5 0.5
vt 0.5 0.5
vt 0.5 0.5
vt 0.5 0.5
vt 0.5 0.5
vt 0.5 0.5
vt 0.5 0.5
vt 0.5 0.5
vt 0.5 0.5
vt 0.5 0.5
vt 0.5 0.5
vt 0.5 0.5
vt 0.5 0.5
vt 0.5 0.5
vt 0.5 0.5
vt 0.5 0.5
vt 0.5 0.5
vt 0.5 0.5
vt 0.5 0.5
vt 0.5 0.5
vt 0.5 0.5
vt 0.5 0.5
vt 0.5 0.5
vt 0.5 0.5
vt 0.5 0.5
vt 0.5 0.5
vt 0.5 0.5
vt 0.5 0.5
vt 0.5 0.5
vt 0.5 0.5
vt 0.5 0.5
vt 0.5 0.5
vt 0.5 0.5
vt 0.5 0.5
vt 0.5 0.5
vt 0.5 0.5
vt 0.5 0.5
vt 0.5 0.5
vt 0.5 0.5
vt 0.5 0.5
vt 0.5 0.5
vt 0.5 0.5
vt 0.5 0.5
vt 0.5 0.5
vt 0.5 0.5
vt 0.5 0.5
vt 0.5 0.5
vt 0.5 0.5
vt 0.5 0.5
vt 0.5 0.5
vt 0.5 0.5
vt 0.5 0.5
vt 0.5 0.5
vt 0.5 0.5
vt 0.5 0.5
vt 0.5 0.5
vt 0.5 0.5
vt 0.5 0.5
vt 0.5 0.5
vt 0.5 0.5
vt 0.5 0.5
vt 0.5 0.5
vt 0.5 0.5
vt 0.5 0.5
vt 0.5 0.5
vt 0.5 0.5
vt 0.5 0.5
vt 0.5 0.5
vt 0.5 0.5
vt 0.5 0.5
vt 0.5 0.5
vt 0.5 0.5
vt 0.5 0.5
vt 0.5 0.5
vt 0.5 0.5
vt 0.5 0.5
vt 0.5 0.5
vt 0.5 0.5
vt 0.5 0.5
vt 0.5 0.5
vt 0.5 0.5
vt 0.5 0.5
vt 0.5 0.5
vt 0.5 0.5
vt 0.5 0.5
vt 0.5 0.5
vt 0.5 0.5
vt 0.5 0.5
vt 0.5 0.5
vt 0.5 0.5
vt 0.5 0.5
vt 0.5 0.5
vt 0.5 0.5
vt 0.5 0.5
vt 0.5 0.5
vt 0.5 0.5
vt 0.5 0.5
vt 0.5 0.5
vt 0.5 0.5
vt 0.5 0.5
vt 0.5 0.5
vt 0.5 0.5
vt 0.5 0.5
vt 0.5 0.5
vt 0.5 0.5
vt 0.5 0.5
vt 0.5 0.5
vt 0.5 0.5
vt 0.5 0.5
vt 0.5 0.5
vt 0.5 0.5
vt 0.5 0.5
vt 0.5 0.5
vt 0.5 0.5
vt 0.5 0.5
vt 0.5 0.5
vt 0.5 0.5
vt 0.5 0.5
vt 0.5 0.5
vt 0.5 0.5
vt 0.5 0.5
vt 0.5 0.5
vt 0.5 0.5
vt 0.5 0.5
vt 0.5 0.5
vt 0.5 0.5
vt 0.5 0.5
vt 0.5 0.5
vt 0.5 0.5
vt 0.5 0.5
vt 0.5 0.5
vt 0.5 0.5
vt 0.5 0.5
vt 0.5 0.5
vt 0.5 0.5
vt 0.5 0.5
vt 0.5 0.5
vt 0.5 0.5
vt 0.5 0.5
vt 0.5 0.5
vt 0.5 0.5
vt 0.5 0.5
vt 0.5 0.5
vt 0.5 0.5
vt 0.5 0.5
vt 0.5 0.5
vt 0.5 0.5
vt 0.5 0.5
vt 0.5 0.5
vt 0.5 0.5
vt 0.5 0.5
vt 0.5 0.5
vt 0.5 0.5
vt 0.5 0.5
vt 0.5 0.5
vt 0.5 0.5
vt 0.5 0.5
vt 0.5 0.5
vt 0.5 0.5
vt 0.5 0.5
vt 0.5 0.5
vt 0.5 0.5
vt 0.5 0.5
vt 0.5 0.5
vt 0.5 0.5
vt 0.5 0.5
vt 0.5 0.5
vt 0.5 0.5
vt 0.5 0.5
vt 0.5 0.5
vt 0.5 0.5
vt 0.5 0.5
vt 0.5 0.5
vt 0.5 0.5
vt 0.5 0.5
vt 0.5 0.5
vt 0.5 0.5
vt 0.5 0.5
vt 0.5 0.5
vt 0.5 0.5
vt 0.5 0.5
vt 0.5 0.5
vt 0.5 0.5
vt 0.5 0.5
vt 0.5 0.5
vt 0.5 0.5
vt 0.5 0.5
vt 0.5 0.5
vt 0.5 0.5
vt 0.5 0.5
vt 0.5 0.5
vt 0.5 0.5
vt 0.5 0.5
vt 0.5 0.5
vt 0.5 0.5
vt 0.5 0.5
vt 0.5 0.5
vt 0.5 0.5
vt 0.5 0.5
vt 0.5 0.5
vt 0.5 0.5
vt 0.5 0.5
vt 0.5 0.5
vt 0.5 0.5
vt 0.5 0.5
vt 0.5 0.5
vt 0.5 0.5
vt 0.5 0.5
vt 0.5 0.5
vt 0.5 0.5
vt 0.5 0.5
vt 0.5 0.5
vt 0.5 0.5
vt 0.5 0.5
vt 0.5 0.5
vt 0.5 0.5
vt 0.5 0.5
vt 0.5 0.5
vt 0.5 0.5
vt 0.5 0.5
vt 0.5 0.5
vt 0.5 0.5
vt 0.5 0.5
vt 0.5 0.5
vt 0.5 0.5
vt 0.5 0.5
vt 0.5 0.5
vt 0.5 0.5
vt 0.5 0.5
vt 0.5 0.5
vt 0.5 0.5
vt 0.5 0.5
vt 0.5 0.5
vt 0.5 0.5
vt 0.5 0.5
vt 0.5 0.5
vt 0.5 0.5
vt 0.5 0.5
vt 0.5 0.5
vt 0.5 0.5
vt 0.5 0.5
vt 0.5 0.5
vt 0.5 0.5
vt 0.5 0.5
vt 0.5 0.5
vt 0.5 0.5
vt 0.5 0.5
vt 0.5 0.5
vt 0.5 0.5
vt 0.5 0.5
vt 0.5 0.5
vt 0.5 0.5
vt 0.5 0.5
vt 0.5 0.5
vt 0.5 0.5
vt 0.5 0.5
vt 0.5 0.5
vt 0.5 0.5
vt 0.5 0.5
vt 0.5 0.5
vt 0.5 0.5
vt 0.5 0.5
vt 0.5 0.5
vt 0.5 0.5
vt 0.5 0.5
vt 0.5 0.5
vt 0.5 0.5
vt 0.5 0.5
vt 0.5 0.5
vt 0.5 0.5
vt 0.5 0.5
vt 0.5 0.5
vt 0.5 0.5
vt 0.5 0.5
vt 0.5 0.5
vt 0.5 0.5
vt 0.5 0.5
vt 0.5 0.5
vt 0.5 0.5
vt 0.5 0.5
vt 0.5 0.5
vt 0.5 0.5
vt 0.5 0.5
vt 0.5 0.5
vt 0.5 0.5
vt 0.5 0.5
vt 0.5 0.5
vt 0.5 0.5
vt 0.5 0.5
vt 0.5 0.5
vt 0.5 0.5
vt 0.5 0.5
vt 0.5 0.5
vt 0.5 0.5
vt 0.5 0.5
vt 0.5 0.5
vt 0.5 0.5
vt 0.5 0.5
vt 0.5 0.5
vt 0.5 0.5
vt 0.5 0.5
vt 0.5 0.5
vt 0.5 0.5
vt 0.5 0.5
vt 0.5 0.5
vt 0.5 0.5
vt 0.5 0.5
vt 0.5 0.5
vt 0.5 0.5
vt 0.5 0.5
vt 0.5 0.5
vt 0.5 0.5
vt 0.5 0.5
vt 0.5 0.5
vt 0.5 0.5
vt 0.5 0.5
vt 0.5 0.5
vt 0.5 0.5
vt 0.5 0.5
vt 0.5 0.5
vt 0.5 0.5
vt 0.5 0.5
vt 0.5 0.5
vt 0.5 0.5
vt 0.5 0.5
vt 0.5 0.5
vt 0.5 0.5
vt 0.5 0.5
vt 0.5 0.5
vt 0.5 0.5
vt 0.5 0.5
vt 0.5 0.5
vt 0.5 0.5
vt 0.5 0.5
vt 0.5 0.5
vt 0.5 0.5
vt 0.5 0.5
vt 0.5 0.5
vt 0.5 0.5
vt 0.5 0.5
vt 0.5 0.5
vt 0.5 0.5
vt 0.5 0.5
vt 0.5 0.5
vt 0.5 0.5
vt 0.5 0.5
vt 0.5 0.5
vt 0.5 0.5
vt 0.5 0.5
vt 0.5 0.5
vt 0.5 0.5
vt 0.5 0.5
vt 0.5 0.5
vt 0.5 0.5
vt 0.5 0.5
vt 0.5 0.5
vt 0.5 0.5
vt 0.5 0.5
vt 0.5 0.5
vt 0.5 0.5
vt 0.5 0.5
vt 0.5 0.5
vt 0.5 0.5
vt 0.5 0.5
vt 0.5 0.5
vt 0.5 0.5
vt 0.5 0.5
vt 0.5 0.5
vt 0.5 0.5
vt 0.5 0.5
vt 0.5 0.5
vt 0.5 0.5
vt 0.5 0.5
vt 0.5 0.5
vt 0.5 0.5
vt 0.5 0.5
vt 0.5 0.5
vt 0.5 0.5
vt 0.5 0.5
vt 0.5 0.5
vt 0.5 0.5
vt 0.5 0.5
vt 0.5 0.5
vt 0.5 0.5
vt 0.5 0.5
vt 0.5 0.5
vt 0.5 0.5
vt 0.5 0.5
vt 0.5 0.5
vt 0.5 0.5
vt 0.5 0.5
vt 0.5 0.5
vt 0.5 0.5
vt 0.5 0.5
vt 0.5 0.5
vt 0.5 0.5
vt 0.5 0.5
vt 0.5 0.5
vt 0.5 0.5
vt 0.5 0.5
vt 0.5 0.5
vt 0.5 0.5
vt 0.5 0.5
vt 0.5 0.5
vt 0.5 0.5
vt 0.5 0.5
vt 0.5 0.5
vt 0.5 0.5
vt 0.5 0.5
vt 0.5 0.5
vt 0.5 0.5
vt 0.5 0.5
vt 0.5 0.5
vt 0.5 0.5
vt 0.5 0.5
vt 0.5 0.5
vt 0.5 0.5
vt 0.5 0.5
vt 0.5 0.5
vt 0.5 0.5
vt 0.5 0.5
vt 0.5 0.5
vt 0.5 0.5
vt 0.5 0.5
vt 0.5 0.5
vt 0.5 0.5
vt 0.5 0.5
vt 0.5 0.5
vt 0.5 0.5
vt 0.5 0.5
vt 0.5 0.5
vt 0.5 0.5
vt 0.5 0.5
vt 0.5 0.5
vt 0.5 0.5
vt 0.5 0.5
vt 0.5 0.5
vt 0.5 0.5
vt 0.5 0.5
vt 0.5 0.5
vt 0.5 0.5
vt 0.5 0.5
vt 0.5 0.5
vt 0.5 0.5
vt 0.5 0.5
vt 0.5 0.5
vt 0.5 0.5
vt 0.5 0.5
vt 0.5 0.5
vt 0.5 0.5
vt 0.5 0.5
vt 0.5 0.5
vt 0.5 0.5
vt 0.5 0.5
vt 0.5 0.5
vt 0.5 0.5
vt 0.5 0.5
vt 0.5 0.5
vt 0.5 0.5
vt 0.5 0.5
vt 0.5 0.5
vt 0.5 0.5
vt 0.5 0.5
vt 0.5 0.5
vt 0.5 0.5
vt 0.5 0.5
vt 0.5 0.5
vt 0.5 0.5
vt 0.5 0.5
vt 0.5 0.5
vt 0.5 0.5
vt 0.5 0.5
vt 0.5 0.5
vt 0.5 0.5
vt 0.5 0.5
vt 0.5 0.5
vt 0.5 0.5
vt 0.5 0.5
vt 0.5 0.5
vt 0.5 0.5
vt 0.5 0.5
vt 0.5 0.5
vt 0.5 0.5
vt 0.5 0.5
vt 0.5 0.5
vt 0.5 0.5
vt 0.5 0.5
vt 0.5 0.5
vt 0.5 0.5
vt 0.5 0.5
vt 0.5 0.5
vt 0.5 0.5
vt 0.5 0.5
vt 0.5 0.5
vt 0.5 0.5
vt 0.5 0.5
vt 0.5 0.5
vt 0.5 0.5
vt 0.5 0.5
vt 0.5 0.5
vt 0.5 0.5
vt 0.5 0.5
vt 0.5 0.5
vt 0.5 0.5
vt 0.5 0.5
vt 0.5 0.5
vt 0.5 0.5
vt 0.5 0.5
vt 0.5 0.5
vt 0.5 0.5
vt 0.5 0.5
vt 0.5 0.5
vt 0.5 0.5
vt 0.5 0.5
vt 0.5 0.5
vt 0.5 0.5
vt 0.5 0.5
vt 0.5 0.5
vt 0.5 0.5
vt 0.5 0.5
vt 0.5 0.5
vt 0.5 0.5
vt 0.5 0.5
vt 0.5 0.5
vt 0.5 0.5
vt 0.5 0.5
vt 0.5 0.5
vt 0.5 0.5
vt 0.5 0.5
vt 0.5 0.5
vt 0.5 0.5
vt 0.5 0.5
vt 0.5 0.5
vt 0.5 0.5
vt 0.5 0.5
vt 0.5 0.5
vt 0.5 0.5
vt 0.5 0.5
vt 0.5 0.5
vt 0.5 0.5
vt 0.5 0.5
vt 0.5 0.5
vt 0.5 0.5
vt 0.5 0.5
vt 0.5 0.5
vt 0.5 0.5
vt 0.5 0.5
vt 0.5 0.5
vt 0.5 0.5
vt 0.5 0.5
vt 0.5 0.5
vt 0.5 0.5
vt 0.5 0.5
vt 0.5 0.5
vt 0.5 0.5
vt 0.5 0.5
vt 0.5 0.5
vt 0.5 0.5
vt 0.5 0.5
vt 0.5 0.5
vt 0.5 0.5
vt 0.5 0.5
vt 0.5 0.5
vt 0.5 0.5
vt 0.5 0.5
vt 0.5 0.5
vt 0.5 0.5
vt 0.5 0.5
vt 0.5 0.5
vt 0.5 0.5
vt 0.5 0.5
vt 0.5 0.5
vt 0.5 0.5
vt 0.5 0.5
vt 0.5 0.5
vt 0.5 0.5
vt 0.5 0.5
vt 0.5 0.5
vt 0.5 0.5
vt 0.5 0.5
vt 0.5 0.5
vt 0.5 0.5
vt 0.5 0.5
vt 0.5 0.5
vt 0.5 0.5
vt 0.5 0.5
vt 0.5 0.5
vt 0.5 0.5
vt 0.5 0.5
vt 0.5 0.5
vt 0.5 0.5
vt 0.5 0.5
vt 0.5 0.5
vt 0.5 0.5
vt 0.5 0.5
vt 0.5 0.5
vt 0.5 0.5
vt 0.5 0.5
vt 0.5 0.5
vt 0.5 0.5
vt 0.5 0.5
vt 0.5 0.5
vt 0.5 0.5
vt 0.5 0.5
vt 0.5 0.5
vt 0.5 0.5
vt 0.5 0.5
vt 0.5 0.5
vt 0.5 0.5
vt 0.5 0.5
vt 0.5 0.5
vt 0.5 0.5
vt 0.5 0.5
vt 0.5 0.5
vt 0.5 0.5
vt 0.5 0.5
vt 0.5 0.5
vt 0.5 0.5
vt 0.5 0.5
vt 0.5 0.5
vt 0.5 0.5
vt 0.5 0.5
vt 0.5 0.5
vt 0.5 0.5
vt 0.5 0.5
vt 0.5 0.5
vt 0.5 0.5
vt 0.5 0.5
vt 0.5 0.5
vt 0.5 0.5
vt 0.5 0.5
vt 0.5 0.5
vt 0.5 0.5
vt 0.5 0.5
vt 0.5 0.5
vt 0.5 0.5
vt 0.5 0.5
vt 0.5 0.5
vt 0.5 0.5
vt 0.5 0.5
vt 0.5 0.5
vt 0.5 0.5
vt 0.5 0.5
vt 0.5 0.5
vt 0.5 0.5
vt 0.5 0.5
vt 0.5 0.5
vt 0.5 0.5
vt 0.5 0.5
vt 0.5 0.5
vt 0.5 0.5
vt 0.5 0.5
vt 0.5 0.5
vt 0.5 0.5
vt 0.5 0.5
vt 0.5 0.5
vt 0.5 0.5
vt 0.5 0.5
vt 0.5 0.5
vt 0.5 0.5
vt 0.5 0.5
vt 0.5 0.5
vt 0.5 0.5
vt 0.5 0.5
vt 0.5 0.5
vt 0.5 0.5
vt 0.5 0.5
vt 0.5 0.5
vt 0.5 0.5
vt 0.5 0.5
vt 0.5 0.5
vt 0.5 0.5
vt 0.5 0.5
vt 0.5 0.5
vt 0.5 0.5
vt 0.5 0.5
vt 0.5 0.5
vt 0.5 0.5
vt 0.5 0.5
vt 0.5 0.5
vt 0.5 0.5
vt 0.5 0.5
vt 0.5 0.5
vt 0.5 0.5
vt 0.5 0.5
vt 0.5 0.5
vt 0.5 0.5
vt 0.5 0.5
vt 0.5 0.5
vt 0.5 0.5
vt 0.5 0.5
vt 0.5 0.5
vt 0.5 0.5
vt 0.5 0.5
vt 0.5 0.5
vt 0.5 0.5
vt 0.5 0.5
vt 0.5 0.5
vt 0.5 0.5
vt 0.5 0.5
vt 0.5 0.5
vt 0.5 0.5
vt 0.5 0.5
vt 0.5 0.5
vt 0.5 0.5
vt 0.5 0.5
vt 0.5 0.5
vt 0.5 0.5
vt 0.5 0.5
vt 0.5 0.5
vt 0.5 0.5
vt 0.5 0.5
vt 0.5 0.5
vt 0.5 0.5
vt 0.5 0.5
vt 0.5 0.5
vt 0.5 0.5
vt 0.5 0.5
vt 0.5 0.5
vt 0.5 0.5
vt 0.5 0.5
vt 0.5 0.5
vt 0.5 0.5
vt 0.5 0.5
vt 0.5 0.5
vt 0.5 0.5
vt 0.5 0.5
vt 0.5 0.5
vt 0.5 0.5
vt 0.5 0.5
vt 0.5 0.5
vt 0.5 0.5
vt 0.5 0.5
vt 0.5 0.5
vt 0.5 0.5
vt 0.5 0.5
vt 0.5 0.5
vt 0.5 0.5
vt 0.5 0.5
vt 0.5 0.5
vt 0.5 0.5
vt 0.5 0.5
vt 0.5 0.5
vt 0.5 0.5
vt 0.5 0.5
vt 0.5 0.5
vt 0.5 0.5
vt 0.5 0.5
vt 0.5 0.5
vt 0.5 0.5
vt 0.5 0.5
vt 0.5 0.5
vt 0.5 0.5
vt 0.5 0.5
vt 0.5 0.5
vt 0.5 0.5
vt 0.5 0.5
vt 0.5 0.5
vt 0.5 0.5
vt 0.5 0.5
vt 0.5 0.5
vt 0.5 0.5
vt 0.5 0.5
vt 0.5 0.5
vt 0.5 0.5
vt 0.5 0.5
vt 0.5 0.5
vt 0.5 0.5
vt 0.5 0.5
vt 0.5 0.5
vt 0.5 0.5
vt 0.5 0.5
vt 0.5 0.5
vt 0.5 0.5
vt 0.5 0.5
vt 0.5 0.5
vt 0.5 0.5
vt 0.5 0.5
vt 0.5 0.5
vt 0.5 0.5
vt 0.5 0.5
vt 0.5 0.5
vt 0.5 0.5
vt 0.5 0.5
vt 0.5 0.5
vt 0.5 0.5
vt 0.5 0.5
vt 0.5 0.5
vt 0.5 0.5
vt 0.5 0.5
vt 0.5 0.5
vt 0.5 0.5
vt 0.5 0.5
vt 0.5 0.5
vt 0.5 0.5
vt 0.5 0.5
vt 0.5 0.5
vt 0.5 0.5
vt 0.5 0.5
vt 0.5 0.5
vt 0.5 0.5
vt 0.5 0.5
vt 0.5 0.5
vt 0.5 0.5
vt 0.5 0.5
vt 0.5 0.5
vt 0.5 0.5
vt 0.5 0.5
vt 0.5 0.5
vt 0.5 0.5
vt 0.5 0.5
vt 0.5 0.5
vt 0.5 0.5
vt 0.5 0.5
vt 0.5 0.5
vt 0.5 0.5
vt 0.5 0.5
vt 0.5 0.5
vt 0.5 0.5
vt 0.5 0.5
vt 0.5 0.5
vt 0.5 0.5
vt 0.5 0.5
vt 0.5 0.5
vt 0.5 0.5
vt 0.5 0.5
vt 0.5 0.5
vt 0.5 0.5
vt 0.5 0.5
vt 0.5 0.5
vt 0.5 0.5
vt 0.5 0.5
vt 0.5 0.5
vt 0.5 0.5
vt 0.5 0.5
vt 0.5 0.5
vt 0.5 0.5
vt 0.5 0.5
vt 0.5 0.5
vt 0.5 0.5
vt 0.5 0.5
vt 0.5 0.5
vt 0.5 0.5
vt 0.5 0.5
vt 0.5 0.5
vt 0.5 0.5
vt 0.5 0.5
vt 0.5 0.5
vt 0.5 0.5
vt 0.5 0.5
vt 0.5 0.5
vt 0.5 0.5
vt 0.5 0.5
vt 0.5 0.5
vt 0.5 0.5
vt 0.5 0.5
vt 0.5 0.5
vt 0.5 0.5
vt 0.5 0.5
vt 0.5 0.5
vt 0.5 0.5
vt 0.5 0.5
vt 0.5 0.5
vt 0.5 0.5
vt 0.5 0.5
vt 0.5 0.5
vt 0.5 0.5
vt 0.5 0.5
vt 0.5 0.5
vt 0.5 0.5
vt 0.5 0.5
vt 0.5 0.5
vt 0.5 0.5
vt 0.5 0.5
vt 0.5 0.5
vt 0.5 0.5
vt 0.5 0.5
vt 0.5 0.5
vt 0.5 0.5
vt 0.5 0.5
vt 0.5 0.5
vt 0.5 0.5
vt 0.5 0.5
vt 0.5 0.5
vt 0.5 0.5
vt 0.5 0.5
vt 0.5 0.5
vt 0.5 0.5
vt 0.5 0.5
vt 0.5 0.5
vt 0.5 0.5
vt 0.5 0.5
vt 0.5 0.5
vt 0.5 0.5
vt 0.5 0.5
vt 0.5 0.5
vt 0.5 0.5
vt 0.5 0.5
vt 0.5 0.5
vt 0.5 0.5
vt 0.5 0.5
vt 0.5 0.5
vt 0.5 0.5
vt 0.5 0.5
vt 0.5 0.5
vt 0.5 0.5
vt 0.5 0.5
vt 0.5 0.5
vt 0.5 0.5
vt 0.5 0.5
vt 0.5 0.5
vt 0.5 0.5
vt 0.5 0.5
vt 0.5 0.5
vt 0.5 0.5
vt 0.5 0.5
vt 0.5 0.5
vt 0.5 0.5
vt 0.5 0.5
vt 0.5 0.5
vt 0.5 0.5
vt 0.5 0.5
vt 0.5 0.5
vt 0.5 0.5
vt 0.5 0.5
vt 0.5 0.5
vt 0.5 0.5
vt 0.5 0.5
vt 0.5 0.5
vt 0.5 0.5
vt 0.5 0.5
vt 0.5 0.5
vt 0.5 0.5
vt 0.5 0.5
vt 0.5 0.5
vt 0.5 0.5
vt 0.5 0.5
vt 0.5 0.5
vt 0.5 0.5
vt 0.5 0.5
vt 0.5 0.5
vt 0.5 0.5
vt 0.5 0.5
vt 0.5 0.5
vt 0.5 0.5
vt 0.5 0.5
vt 0.5 0.5
vt 0.5 0.5
vt 0.5 0.5
vt 0.5 0.5
vt 0.5 0.5
vt 0.5 0.5
vt 0.5 0.5
vt 0.5 0.5
vt 0.5 0.5
vt 0.5 0.5
vt 0.5 0.5
vt 0.5 0.5
vt 0.5 0.5
vt 0.5 0.5
vt 0.5 0.5
vt 0.5 0.5
vt 0.5 0.5
vt 0.5 0.5
vt 0.5 0.5
vt 0.5 0.5
vt 0.5 0.5
vt 0.5 0.5
vt 0.5 0.5
vt 0.5 0.5
vt 0.5 0.5
vt 0.5 0.5
vt 0.5 0.5
vt 0.5 0.5
vt 0.5 0.5
vt 0.5 0.5
vt 0.5 0.5
vt 0.5 0.5
vt 0.5 0.5
vt 0.5 0.5
vt 0.5 0.5
vt 0.5 0.5
vt 0.5 0.5
vt 0.5 0.5
vt 0.5 0.5
vt 0.5 0.5
vt 0.5 0.5
vt 0.5 0.5
vt 0.5 0.5
vt 0.5 0.5
vt 0.5 0.5
vt 0.5 0.5
vt 0.5 0.5
vt 0.5 0.5
vt 0.5 0.5
vt 0.5 0.5
vt 0.5 0.5
vt 0.5 0.5
vt 0.5 0.5
vt 0.5 0.5
vt 0.5 0.5
vt 0.5 0.5
vt 0.5 0.5
vt 0.5 0.5
vt 0.5 0.5
vt 0.5 0.5
vt 0.5 0.5
vt 0.5 0.5
vt 0.5 0.5
vt 0.5 0.5
vt 0.5 0.5
vt 0.5 0.5
vt 0.5 0.5
vt 0.5 0.5
vt 0.5 0.5
vt 0.5 0.5
vt 0.5 0.5
vt 0.5 0.5
vt 0.5 0.5
vt 0.5 0.5
vt 0.5 0.5
vt 0.5 0.5
vt 0.5 0.5
vt 0.5 0.5
vt 0.5 0.5
vt 0.5 0.5
vt 0.5 0.5
vt 0.5 0.5
vt 0.5 0.5
vt 0.5 0.5
vt 0.5 0.5
vt 0.5 0.5
vt 0.5 0.5
vt 0.5 0.5
vt 0.5 0.5
vt 0.5 0.5
vt 0.5 0.5
vt 0.5 0.5
vt 0.5 0.5
vt 0.5 0.5
vt 0.5 0.5
vt 0.5 0.5
vt 0.5 0.5
vt 0.5 0.5
vt 0.5 0.5
vt 0.5 0.5
vt 0.5 0.5
vt 0.5 0.5
vt 0.5 0.5
vt 0.5 0.5
vt 0.5 0.5
vt 0.5 0.5
vt 0.5 0.5
vt 0.5 0.5
vt 0.5 0.5
vt 0.5 0.5
vt 0.5 0.5
vt 0.5 0.5
vt 0.5 0.5
vt 0.5 0.5
vt 0.5 0.5
vt 0.5 0.5
vt 0.5 0.5
vt 0.5 0.5
vt 0.5 0.5
vt 0.5 0.5
vt 0.5 0.5
vt 0.5 0.5
vt 0.5 0.5
vt 0.5 0.5
vt 0.5 0.5
vt 0.5 0.5
vt 0.5 0.5
vt 0.5 0.5
vt 0.5 0.5
vt 0.5 0.5
vt 0.5 0.5
vt 0.5 0.5
vt 0.5 0.5
vt 0.5 0.5
vt 0.5 0.5
vt 0.5 0.5
vt 0.5 0.5
vt 0.5 0.5
vt 0.5 0.5
vt 0.5 0.5
vt 0.5 0.5
vt 0.5 0.5
vt 0.5 0.5
vt 0.5 0.5
vt 0.5 0.5
vt 0.5 0.5
vt 0.5 0.5
vt 0.5 0.5
vt 0.5 0.5
vt 0.5 0.5
vt 0.5 0.5
vt 0.5 0.5
vt 0.5 0.5
vt 0.5 0.5
vt 0.5 0.5
vt 0.5 0.5
vt 0.5 0.5
vt 0.5 0.5
vt 0.5 0.5
vt 0.5 0.5
vt 0.5 0.5
vt 0.5 0.5
vt 0.5 0.5
vt 0.5 0.5
vt 0.5 0.5
vt 0.5 0.5
vt 0.5 0.5
vt 0.5 0.5
vt 0.5 0.5
vt 0.5 0.5
vt 0.5 0.5
vt 0.5 0.5
vt 0.5 0.5
vt 0.5 0.5
vt 0.5 0.5
vt 0.5 0.5
vt 0.5 0.5
vt 0.5 0.5
vt 0.5 0.5
vt 0.5 0.5
vt 0.5 0.5
vt 0.5 0.5
vt 0.5 0.5
vt 0.5 0.5
vt 0.5 0.5
vt 0.5 0.5
vt 0.5 0.5
vt 0.5 0.5
vt 0.5 0.5
vt 0.5 0.5
vt 0.5 0.5
vt 0.5 0.5
vt 0.5 0.5
vt 0.5 0.5
vt 0.5 0.5
vt 0.5 0.5
vt 0.5 0.5
vt 0.5 0.5
vt 0.5 0.5
vt 0.5 0.5
vt 0.5 0.5
vt 0.5 0.5
vt 0.5 0.5
vt 0.5 0.5
vt 0.5 0.5
vt 0.5 0.5
vt 0.5 0.5
vt 0.5 0.5
vt 0.5 0.5
vt 0.5 0.5
vt 0.5 0.5
vt 0.5 0.5
vt 0.5 0.5
vt 0.5 0.5
vt 0.5 0.5
vt 0.5 0.5
vt 0.5 0.5
vt 0.5 0.5
vt 0.5 0.5
vt 0.5 0.5
vt 0.5 0.5
vt 0.5 0.5
vt 0.5 0.5
vt 0.5 0.5
vt 0.5 0.5
vt 0.5 0.5
vt 0.5 0.5
vt 0.5 0.5
vt 0.5 0.5
vt 0.5 0.5
vt 0.5 0.5
vt 0.5 0.5
vt 0.5 0.5
vt 0.5 0.5
vt 0.5 0.5
vt 0.5 0.5
vt 0.5 0.5
vt 0.5 0.5
vt 0.5 0.5
vt 0.5 0.5
vt 0.5 0.5
vt 0.5 0.5
vt 0.5 0.5
vt 0.5 0.5
vt 0.5 0.5
vt 0.5 0.5
vt 0.5 0.5
vt 0.5 0.5
vt 0.5 0.5
vt 0.5 0.5
vt 0.5 0.5
vt 0.5 0.5
vt 0.5 0.5
vt 0.5 0.5
vt 0.5 0.5
vt 0.5 0.5
vt 0.5 0.5
vt 0.5 0.5
vt 0.5 0.5
vt 0.5 0.5
vt 0.5 0.5
vt 0.5 0.5
vt 0.5 0.5
vt 0.5 0.5
vt 0.5 0.5
vt 0.5 0.5
vt 0.5 0.5
vt 0.5 0.5
vt 0.5 0.5
vt 0.5 0.5
vt 0.5 0.5
vt 0.5 0.5
vt 0.5 0.5
vt 0.5 0.5
vt 0.5 0.5
vt 0.5 0.5
vt 0.5 0.5
vt 0.5 0.5
vt 0.5 0.5
vt 0.5 0.5
vt 0.5 0.5
vt 0.5 0.5
vt 0.5 0.5
vt 0.5 0.5
vt 0.5 0.5
vt 0.5 0.5
vt 0.5 0.5
vt 0.5 0.5
vt 0.5 0.5
vt 0.5 0.5
vt 0.5 0.5
vt 0.5 0.5
vt 0.5 0.5
vt 0.5 0.5
vt 0.5 0.5
vt 0.5 0.5
vt 0.5 0.5
vt 0.5 0.5
vt 0.5 0.5
vt 0.5 0.5
vt 0.5 0.5
vt 0.5 0.5
vt 0.5 0.5
vt 0.5 0.5
vt 0.5 0.5
vt 0.5 0.5
vt 0.5 0.5
vt 0.5 0.5
vt 0.5 0.5
vt 0.5 0.5
vt 0.5 0.5
vt 0.5 0.5
vt 0.5 0.5
vt 0.5 0.5
vt 0.5 0.5
vt 0.5 0.5
vt 0.5 0.5
vt 0.5 0.5
vt 0.5 0.5
vt 0.5 0.5
vt 0.5 0.5
vt 0.5 0.5
vt 0.5 0.5
vt 0.5 0.5
vt 0.5 0.5
vt 0.5 0.5
vt 0.5 0.5
vt 0.5 0.5
vt 0.5 0.5
vt 0.5 0.5
vt 0.5 0.5
vt 0.5 0.5
vt 0.5 0.5
vt 0.5 0.5
vt 0.5 0.5
vt 0.5 0.5
vt 0.5 0.5
vt 0.5 0.5
vt 0.5 0.5
vt 0.5 0.5
vt 0.5 0.5
vt 0.5 0.5
vt 0.5 0.5
vt 0.5 0.5
vt 0.5 0.5
vt 0.5 0.5
vt 0.5 0.5
vt 0.5 0.5
vt 0.5 0.5
vt 0.5 0.5
vt 0.5 0.5
vt 0.5 0.5
vt 0.5 0.5
vt 0.5 0.5
vt 0.5 0.5
vt 0.5 0.5
vt 0.5 0.5
vt 0.5 0.5
vt 0.5 0.5
vt 0.5 0.5
vt 0.5 0.5
vt 0.5 0.5
vt 0.5 0.5
vt 0.5 0.5
vt 0.5 0.5
vt 0.5 0.5
vt 0.5 0.5
vt 0.5 0.5
vt 0.5 0.5
vt 0.5 0.5
vt 0.5 0.5
vt 0.5 0.5
vt 0.5 0.5
vt 0.5 0.5
vt 0.5 0.5
vt 0.5 0.5
vt 0.5 0.5
vt 0.5 0.5
vt 0.5 0.5
vt 0.5 0.5
vt 0.5 0.5
vt 0.5 0.5
vt 0.5 0.5
vt 0.5 0.5
vt 0.5 0.5
vt 0.5 0.5
vt 0.5 0.5
vt 0.5 0.5
vt 0.5 0.5
vt 0.5 0.5
vt 0.5 0.5
vt 0.5 0.5
vt 0.5 0.5
vt 0.5 0.5
vt 0.5 0.5
vt 0.5 0.5
vt 0.5 0.5
vt 0.5 0.5
vt 0.5 0.5
vt 0.5 0.5
vt 0.5 0.5
vt 0.5 0.5
vt 0.5 0.5
vt 0.5 0.5
vt 0.5 0.5
vt 0.5 0.5
vt 0.5 0.5
vt 0.5 0.5
vt 0.5 0.5
vt 0.5 0.5
vt 0.5 0.5
vt 0.5 0.5
vt 0.5 0.5
vt 0.5 0.5
vt 0.5 0.5
vt 0.5 0.5
vt 0.5 0.5
vt 0.5 0.5
vt 0.5 0.5
vt 0.5 0.5
vt 0.5 0.5
vt 0.5 0.5
vt 0.5 0.5
vt 0.5 0.5
vt 0.5 0.5
vt 0.5 0.5
vt 0.5 0.5
vt 0.5 0.5
vt 0.5 0.5
vt 0.5 0.5
vt 0.5 0.5
vt 0.5 0.5
vt 0.5 0.5
vt 0.5 0.5
vt 0.5 0.5
vt 0.5 0.5
vt 0.5 0.5
vt 0.5 0.5
vt 0.5 0.5
vt 0.5 0.5
vt 0.5 0.5
vt 0.5 0.5
vt 0.5 0.5
vt 0.5 0.5
vt 0.5 0.5
vt 0.5 0.5
vt 0.5 0.5
vt 0.5 0.5
vt 0.5 0.5
vt 0.5 0.5
vt 0.5 0.5
vt 0.5 0.5
vt 0.5 0.5
vt 0.5 0.5
vt 0.5 0.5
vt 0.5 0.5
vt 0.5 0.5
vt 0.5 0.5
vt 0.5 0.5
vt 0.5 0.5
vt 0.5 0.5
vt 0.5 0.5
vt 0.5 0.5
vt 0.5 0.5
vt 0.5 0.5
vt 0.5 0.5
vt 0.5 0.5
vt 0.5 0.5
vt 0.5 0.5
vt 0.5 0.5
vt 0.5 0.5
vt 0.5 0.5
vt 0.5 0.5
vt 0.5 0.5
vt 0.5 0.5
vt 0.5 0.5
vt 0.5 0.5
vt 0.5 0.5
vt 0.5 0.5
vt 0.5 0.5
vt 0.5 0.5
vt 0.5 0.5
vt 0.5 0.5
vt 0.5 0.5
vt 0.5 0.5
vt 0.5 0.5
vt 0.5 0.5
vt 0.5 0.5
vt 0.5 0.5
vt 0.5 0.5
vt 0.5 0.5
vt 0.5 0.5
vt 0.5 0.5
vt 0.5 0.5
vt 0.5 0.5
vt 0.5 0.5
vt 0.5 0.5
vt 0.5 0.5
vt 0.5 0.5
vt 0.5 0.5
vt 0.5 0.5
vt 0.5 0.5
vt 0.5 0.5
vt 0.5 0.5
vt 0.5 0.5
vt 0.5 0.5
vt 0.5 0.5
vt 0.5 0.5
vt 0.5 0.5
vt 0.5 0.5
vt 0.5 0.5
vt 0.5 0.5
vt 0.5 0.5
vt 0.5 0.5
vt 0.5 0.5
vt 0.5 0.5
vt 0.5 0.5
vt 0.5 0.5
vt 0.5 0.5
vt 0.5 0.5
vt 0.5 0.5
vt 0.5 0.5
vt 0.5 0.5
vt 0.5 0.5
vt 0.5 0.5
vt 0.5 0.5
vt 0.5 0.5
vt 0.5 0.5
vt 0.5 0.5
vt 0.5 0.5
vt 0.5 0.5
vt 0.5 0.5
vt 0.5 0.5
vt 0.5 0.5
vt 0.5 0.5
vt 0.5 0.5
vt 0.5 0.5
vt 0.5 0.5
vt 0.5 0.5
vt 0.5 0.5
vt 0.5 0.5
vt 0.5 0.5
vt 0.5 0.5
vt 0.5 0.5
vt 0.5 0.5
vt 0.5 0.5
vt 0.5 0.5
vt 0.5 0.5
vt 0.5 0.5
vt 0.5 0.5
vt 0.5 0.5
vt 0.5 0.5
vt 0.5 0.5
vt 0.5 0.5
vt 0.5 0.5
vt 0.5 0.5
vt 0.5 0.5
vt 0.5 0.5
vt 0.5 0.5
vt 0.5 0.5
vt 0.5 0.5
vt 0.5 0.5
vt 0.5 0.5
vt 0.5 0.5
vt 0.5 0.5
vt 0.5 0.5
vt 0.5 0.5
vt 0.5 0.5
vt 0.5 0.5
vt 0.5 0.5
vt 0.5 0.5
vt 0.5 0.5
vt 0.5 0.5
vt 0.5 0.5
vt 0.5 0.5
vt 0.5 0.5
vt 0.5 0.5
vt 0.5 0.5
vt 0.5 0.5
vt 0.5 0.5
vt 0.5 0.5
vt 0.5 0.5
vt 0.5 0.5
vt 0.5 0.5
vt 0.5 0.5
vt 0.5 0.5
vt 0.5 0.5
vt 0.5 0.5
vt 0.5 0.5
vt 0.5 0.5
vt 0.5 0.5
vt 0.5 0.5
vt 0.5 0.5
vt 0.5 0.5
vt 0.5 0.5
vt 0.5 0.5
vt 0.5 0.5
vt 0.5 0.5
vt 0.5 0.5
vt 0.5 0.5
vt 0.5 0.5
vt 0.5 0.5
vt 0.5 0.5
vt 0.5 0.5
vt 0.5 0.5
vt 0.5 0.5
vt 0.5 0.5
vt 0.5 0.5
vt 0.5 0.5
vt 0.5 0.5
vt 0.5 0.5
vt 0.5 0.5
vt 0.5 0.5
vt 0.5 0.5
vt 0.5 0.5
vt 0.5 0.5
vt 0.5 0.5
vt 0.5 0.5
vt 0.5 0.5
vt 0.5 0.5
vt 0.5 0.5
vt 0.5 0.5
vt 0.5 0.5
vt 0.5 0.5
vt 0.5 0.5
vt 0.5 0.5
vt 0.5 0.5
vt 0.5 0.5
vt 0.5 0.5
vt 0.5 0.5
vt 0.5 0.5
vt 0.5 0.5
vt 0.5 0.5
vt 0.5 0.5
vt 0.5 0.5
vt 0.5 0.5
vt 0.5 0.5
vt 0.5 0.5
vt 0.5 0.5
vt 0.5 0.5
vt 0.5 0.5
vt 0.5 0.5
vt 0.5 0.5
vt 0.5 0.5
vt 0.5 0.5
vt 0.5 0.5
vt 0.5 0.5
vt 0.5 0.5
vt 0.5 0.5
vt 0.5 0.5
vt 0.5 0.5
vt 0.5 0.5
vt 0.5 0.5
vt 0.5 0.5
vt 0.5 0.5
vt 0.5 0.5
vt 0.5 0.5
vt 0.5 0.5
vt 0.5 0.5
vt 0.5 0.5
vt 0.5 0.5
vt 0.5 0.5
vt 0.5 0.5
vt 0.5 0.5
vt 0.5 0.5
vt 0.5 0.5
vt 0.5 0.5
vt 0.5 0.5
vt 0.5 0.5
vt 0.5 0.5
vt 0.5 0.5
vt 0.5 0.5
vt 0.5 0.5
vt 0.5 0.5
vt 0.5 0.5
vt 0.5 0.5
vt 0.5 0.5
vt 0.5 0.5
vt 0.5 0.5
vt 0.5 0.5
vt 0.5 0.5
vt 0.5 0.5
vt 0.5 0.5
vt 0.5 0.5
vt 0.5 0.5
vt 0.5 0.5
vt 0.5 0.5
vt 0.5 0.5
vt 0.5 0.5
vt 0.5 0.5
vt 0.5 0.5
vt 0.5 0.5
vt 0.5 0.5
vt 0.5 0.5
vt 0.5 0.5
vt 0.5 0.5
vt 0.5 0.5
vt 0.5 0.5
vt 0.5 0.5
vt 0.5 0.5
vt 0.5 0.5
vt 0.5 0.5
vt 0.5 0.5
vt 0.5 0.5
vt 0.5 0.5
vt 0.5 0.5
vt 0.5 0.5
vt 0.5 0.5
vt 0.5 0.5
vt 0.5 0.5
vt 0.5 0.5
vt 0.5 0.5
vt 0.5 0.5
vt 0.5 0.5
vt 0.5 0.5
vt 0.5 0.5
vt 0.5 0.5
vt 0.5 0.5
vt 0.5 0.5
vt 0.5 0.5
vt 0.5 0.5
vt 0.5 0.5
vt 0.5 0.5
vt 0.5 0.5
vt 0.5 0.5
vt 0.5 0.5
vt 0.5 0.5
vt 0.5 0.5
vt 0.5 0.5
vt 0.5 0.5
vt 0.5 0.5
vt 0.5 0.5
vt 0.5 0.5
vt 0.5 0.5
vt 0.5 0.5
vt 0.5 0.5
vt 0.5 0.5
vt 0.5 0.5
vt 0.5 0.5
vt 0.5 0.5
vt 0.5 0.5
vt 0.5 0.5
vt 0.5 0.5
vt 0.5 0.5
vt 0.5 0.5
vt 0.5 0.5
vt 0.5 0.5
vt 0.5 0.5
vt 0.5 0.5
vt 0.5 0.5
vt 0.5 0.5
vt 0.5 0.5
vt 0.5 0.5
vt 0.5 0.5
vt 0.5 0.5
vt 0.5 0.5
vt 0.5 0.5
vt 0.5 0.5
vt 0.5 0.5
vt 0.5 0.5
vt 0.5 0.5
vt 0.5 0.5
vt 0.5 0.5
vt 0.5 0.5
vt 0.5 0.5
vt 0.5 0.5
vt 0.5 0.5
vt 0.5 0.5
vt 0.5 0.5
vt 0.5 0.5
vt 0.5 0.5
vt 0.5 0.5
vt 0.5 0.5
vt 0.5 0.5
vt 0.5 0.5
vt 0.5 0.5
vt 0.5 0.5
vt 0.5 0.5
vt 0.5 0.5
vt 0.5 0.5
vt 0.5 0.5
vt 0.5 0.5
vt 0.5 0.5
vt 0.5 0.5
vt 0.5 0.5
vt 0.5 0.5
vt 0.5 0.5
vt 0.5 0.5
vt 0.5 0.5
vt 0.5 0.5
vt 0.5 0.5
vt 0.5 0.5
vt 0.5 0.5
vt 0.5 0.5
vt 0.5 0.5
vt 0.5 0.5
vt 0.5 0.5
vt 0.5 0.5
vt 0.5 0.5
vt 0.5 0.5
vt 0.5 0.5
vt 0.5 0.5
vt 0.5 0.5
vt 0.5 0.5
vt 0.5 0.5
vt 0.5 0.5
vt 0.5 0.5
vt 0.5 0.5
vt 0.5 0.5
vt 0.5 0.5
vt 0.5 0.5
vt 0.5 0.5
vt 0.5 0.5
vt 0.5 0.5
vt 0.5 0.5
vt 0.5 0.5
vt 0.5 0.5
vt 0.5 0.5
vt 0.5 0.5
vt 0.5 0.5
vt 0.5 0.5
vt 0.5 0.5
vt 0.5 0.5
vt 0.5 0.5
vt 0.5 0.5
vt 0.5 0.5
vt 0.5 0.5
vt 0.5 0.5
vt 0.5 0.5
vt 0.5 0.5
vt 0.5 0.5
vt 0.5 0.5
vt 0.5 0.5
vt 0.5 0.5
vt 0.5 0.5
vt 0.5 0.5
vt 0.5 0.5
vt 0.5 0.5
vt 0.5 0.5
vt 0.5 0.5
vt 0.5 0.5
vt 0.5 0.5
vt 0.5 0.5
vt 0.5 0.5
vt 0.5 0.5
vt 0.5 0.5
vt 0.5 0.5
vt 0.5 0.5
vt 0.5 0.5
vt 0.5 0.5
vt 0.5 0.5
vt 0.5 0.5
vt 0.5 0.5
vt 0.5 0.5
vt 0.5 0.5
vt 0.5 0.5
vt 0.5 0.5
vt 0.5 0.5
vt 0.5 0.5
vt 0.5 0.5
vt 0.5 0.5
vt 0.5 0.5
vt 0.5 0.5
vt 0.5 0.5
vt 0.5 0.5
vt 0.5 0.5
vt 0.5 0.5
vt 0.5 0.5
vt 0.5 0.5
vt 0.5 0.5
vt 0.5 0.5
vt 0.5 0.5
vt 0.5 0.5
vt 0.5 0.5
vt 0.5 0.5
vt 0.5 0.5
vt 0.5 0.5
vt 0.5 0.5
vt 0.5 0.5
vt 0.5 0.5
vt 0.5 0.5
vt 0.5 0.5
vt 0.5 0.5
vt 0.5 0.5
vt 0.5 0.5
vt 0.5 0.5
vt 0.5 0.5
vt 0.5 0.5
vt 0.5 0.5
vt 0.5 0.5
vt 0.5 0.5
vt 0.5 0.5
vt 0.5 0.5
vt 0.5 0.5
vt 0.5 0.5
vt 0.5 0.5
vt 0.5 0.5
vt 0.5 0.5
vt 0.5 0.5
vt 0.5 0.5
vt 0.5 0.5
vt 0.5 0.5
vt 0.5 0.5
vt 0.5 0.5
vt 0.5 0.5
vt 0.5 0.5
vt 0.5 0.5
vt 0.5 0.5
vt 0.5 0.5
vt 0.5 0.5
vt 0.5 0.5
vt 0.5 0.5
vt 0.5 0.5
vt 0.5 0.5
vt 0.5 0.5
vt 0.5 0.5
vt 0.5 0.5
vt 0.5 0.5
vt 0.5 0.5
vt 0.5 0.5
vt 0.5 0.5
vt 0.5 0.5
vt 0.5 0.5
vt 0.5 0.5
vt 0.5 0.5
vt 0.5 0.5
vt 0.5 0.5
vt 0.5 0.5
vt 0.5 0.5
vt 0.5 0.5
vt 0.5 0.5
vt 0.5 0.5
vt 0.5 0.5
vt 0.5 0.5
vt 0.5 0.5
vt 0.5 0.5
vt 0.5 0.5
vt 0.5 0.5
vt 0.5 0.5
vt 0.5 0.5
vt 0.5 0.5
vt 0.5 0.5
vt 0.5 0.5
vt 0.5 0.5
vt 0.5 0.5
vt 0.5 0.5
vt 0.5 0.5
vt 0.5 0.5
vt 0.5 0.5
vt 0.5 0.5
vt 0.5 0.5
vt 0.5 0.5
vt 0.5 0.5
vt 0.5 0.5
vt 0.5 0.5
vt 0.5 0.5
vt 0.5 0.5
vt 0.5 0.5
vt 0.5 0.5
vt 0.5 0.5
vt 0.5 0.5
vt 0.5 0.5
vt 0.5 0.5
vt 0.5 0.5
vt 0.5 0.5
vt 0.5 0.5
vt 0.5 0.5
vt 0.5 0.5
vt 0.5 0.5
vt 0.5 0.5
vt 0.5 0.5
vt 0.5 0.5
vt 0.5 0.5
vt 0.5 0.5
vt 0.5 0.5
vt 0.5 0.5
vt 0.5 0.5
vt 0.5 0.5
vt 0.5 0.5
vt 0.5 0.5
vt 0.5 0.5
vt 0.5 0.5
vt 0.5 0.5
vt 0.5 0.5
vt 0.5 0.5
vt 0.5 0.5
vt 0.5 0.5
vt 0.5 0.5
vt 0.5 0.5
vt 0.5 0.5
vt 0.5 0.5
vt 0.5 0.5
vt 0.5 0.5
vt 0.5 0.5
vt 0.5 0.5
vt 0.5 0.5
vt 0.5 0.5
vt 0.5 0.5
vt 0.5 0.5
vt 0.5 0.5
vt 0.5 0.5
vt 0.5 0.5
vt 0.5 0.5
vt 0.5 0.5
vt 0.5 0.5
vt 0.5 0.5
vt 0.5 0.5
vt 0.5 0.5
vt 0.5 0.5
vt 0.5 0.5
vt 0.5 0.5
vt 0.5 0.5
vt 0.5 0.5
vt 0.5 0.5
vt 0.5 0.5
vt 0.5 0.5
vt 0.5 0.5
vt 0.5 0.5
vt 0.5 0.5
vt 0.5 0.5
vt 0.5 0.5
vt 0.5 0.5
vt 0.5 0.5
vt 0.5 0.5
vt 0.5 0.5
vt 0.5 0.5
vt 0.5 0.5
vt 0.5 0.5
vt 0.5 0.5
vt 0.5 0.5
vt 0.5 0.5
vt 0.5 0.5
vt 0.5 0.5
vt 0.5 0.5
vt 0.5 0.5
vt 0.5 0.5
vt 0.5 0.5
vt 0.5 0.5
vt 0.5 0.5
vt 0.5 0.5
vt 0.5 0.5
vt 0.5 0.5
vt 0.5 0.5
vt 0.5 0.5
vt 0.5 0.5
vt 0.5 0.5
vt 0.5 0.5
vt 0.5 0.5
vt 0.5 0.5
vt 0.5 0.5
vt 0.5 0.5
vt 0.5 0.5
vt 0.5 0.5
vt 0.5 0.5
vt 0.5 0.5
vt 0.5 0.5
vt 0.5 0.5
vt 0.5 0.5
vt 0.5 0.5
vt 0.5 0.5
vt 0.5 0.5
vt 0.5 0.5
vt 0.5 0.5
vt 0.5 0.5
vt 0.5 0.5
vt 0.5 0.5
vt 0.5 0.5
vt 0.5 0.5
vt 0.5 0.5
vt 0.5 0.5
vt 0.5 0.5
vt 0.5 0.5
vt 0.5 0.5
vt 0.5 0.5
vt 0.5 0.5
vt 0.5 0.5
vt 0.5 0.5
vt 0.5 0.5
vt 0.5 0.5
vt 0.5 0.5
vt 0.5 0.5
vt 0.5 0.5
vt 0.5 0.5
vt 0.5 0.5
vt 0.5 0.5
vt 0.5 0.5
vt 0.5 0.5
vt 0.5 0.5
vt 0.5 0.5
vt 0.5 0.5
vt 0.5 0.5
vt 0.5 0.5
vt 0.5 0.5
vt 0.5 0.5
vt 0.5 0.5
vt 0.5 0.5
vt 0.5 0.5
vt 0.5 0.5
vt 0.5 0.5
vt 0.5 0.5
vt 0.5 0.5
vt 0.5 0.5
vt 0.5 0.5
vt 0.5 0.5
vt 0.5 0.5
vt 0.5 0.5
vt 0.5 0.5
vt 0.5 0.5
vt 0.5 0.5
vt 0.5 0.5
vt 0.5 0.5
vt 0.5 0.5
vt 0.5 0.5
vt 0.5 0.5
vt 0.5 0.5
vt 0.5 0.5
vt 0.5 0.5
vt 0.5 0.5
vt 0.5 0.5
vt 0.5 0.5
vt 0.5 0.5
vt 0.5 0.5
vt 0.5 0.5
vt 0.5 0.5
vt 0.5 0.5
vt 0.5 0.5
vt 0.5 0.5
vt 0.5 0.5
vt 0.5 0.5
vt 0.5 0.5
vt 0.5 0.5
vt 0.5 0.5
vt 0.5 0.5
vt 0.5 0.5
vt 0.5 0.5
vt 0.5 0.5
vt 0.5 0.5
vt 0.5 0.5
vt 0.5 0.5
vt 0.5 0.5
vt 0.5 0.5
vt 0.5 0.5
vt 0.5 0.5
vt 0.5 0.5
vt 0.5 0.5
vt 0.5 0.5
vt 0.5 0.5
vt 0.5 0.5
vt 0.5 0.5
vt 0.5 0.5
vt 0.5 0.5
vt 0.5 0.5
vt 0.5 0.5
vt 0.5 0.5
vt 0.5 0.5
vt 0.5 0.5
vt 0.5 0.5
vt 0.5 0.5
vt 0.5 0.5
vt 0.5 0.5
vt 0.5 0.5
vt 0.5 0.5
vt 0.5 0.5
vt 0.5 0.5
vt 0.5 0.5
vt 0.5 0.5
vt 0.5 0.5
vt 0.5 0.5
vt 0.5 0.5
vt 0.5 0.5
vt 0.5 0.5
vt 0.5 0.5
vt 0.5 0.5
vt 0.5 0.5
vt 0.5 0.5
vt 0.5 0.5
vt 0.5 0.5
vt 0.5 0.5
vt 0.5 0.5
vt 0.5 0.5
vt 0.5 0.5
vt 0.5 0.5
vt 0.5 0.5
vt 0.5 0.5
vt 0.5 0.5
vt 0.5 0.5
vt 0.5 0.5
vt 0.5 0.5
vt 0.5 0.5
vt 0.5 0.5
vt 0.5 0.5
vt 0.5 0.5
vt 0.5 0.5
vt 0.5 0.5
vt 0.5 0.5
vt 0.5 0.5
vt 0.5 0.5
vt 0.5 0.5
vt 0.5 0.5
vt 0.5 0.5
vt 0.5 0.5
vt 0.5 0.5
vt 0.5 0.5
vt 0.5 0.5
vt 0.5 0.5
vt 0.5 0.5
vt 0.5 0.5
vt 0.5 0.5
vt 0.5 0.5
vt 0.5 0.5
vt 0.5 0.5
vt 0.5 0.5
vt 0.5 0.5
vt 0.5 0.5
vt 0.5 0.5
vt 0.5 0.5
vt 0.5 0.5
vt 0.5 0.5
vt 0.5 0.5
vt 0.5 0.5
vt 0.5 0.5
vt 0.5 0.5
vt 0.5 0.5
vt 0.5 0.5
vt 0.5 0.5
vt 0.5 0.5
vt 0.5 0.5
vt 0.5 0.5
vt 0.5 0.5
vt 0.5 0.5
vt 0.5 0.5
vt 0.5 0.5
vt 0.5 0.5
vt 0.5 0.5
vt 0.5 0.5
vt 0.5 0.5
vt 0.5 0.5
vt 0.5 0.5
vt 0.5 0.5
vt 0.5 0.5
vt 0.5 0.5
vt 0.5 0.5
vt 0.5 0.5
vt 0.5 0.5
vt 0.5 0.5
vt 0.5 0.5
vt 0.5 0.5
vt 0.5 0.5
vt 0.5 0.5
vt 0.5 0.5
vt 0.5 0.5
vt 0.5 0.5
vt 0.5 0.5
vt 0.5 0.5
vt 0.5 0.5
vt 0.5 0.5
vt 0.5 0.5
vt 0.5 0.5
vt 0.5 0.5
vt 0.5 0.5
vt 0.5 0.5
vt 0.5 0.5
vt 0.5 0.5
vt 0.5 0.5
vt 0.5 0.5
vt 0.5 0.5
vt 0.5 0.5
vt 0.5 0.5
vt 0.5 0.5
vt 0.5 0.5
vt 0.5 0.5
vt 0.5 0.5
vt 0.5 0.5
vt 0.5 0.5
vt 0.5 0.5
vt 0.5 0.5
vt 0.5 0.5
vt 0.5 0.5
vt 0.5 0.5
vt 0.5 0.5
vt 0.5 0.5
vt 0.5 0.5
vt 0.5 0.5
vt 0.5 0.5
vt 0.5 0.5
vt 0.5 0.5
vt 0.5 0.5
vt 0.5 0.5
vt 0.5 0.5
vt 0.5 0.5
vt 0.5 0.5
vt 0.5 0.5
vt 0.5 0.5
vt 0.5 0.5
vt 0.5 0.5
vt 0.5 0.5
vt 0.5 0.5
vt 0.5 0.5
vt 0.5 0.5
vt 0.5 0.5
vt 0.5 0.5
vt 0.5 0.5
vt 0.5 0.5
vt 0.5 0.5
vt 0.5 0.5
vt 0.5 0.5
vt 0.5 0.5
vt 0.5 0.5
vt 0.5 0.5
vt 0.5 0.5
vt 0.5 0.5
vt 0.5 0.5
vt 0.5 0.5
vt 0.5 0.5
vt 0.5 0.5
vt 0.5 0.5
vt 0.5 0.5
vt 0.5 0.5
vt 0.5 0.5
vt 0.5 0.5
vt 0.5 0.5
vt 0.5 0.5
vt 0.5 0.5
vt 0.5 0.5
vt 0.5 0.5
vt 0.5 0.5
vt 0.5 0.5
vt 0.5 0.5
vt 0.5 0.5
vt 0.5 0.5
vt 0.5 0.5
vt 0.5 0.5
vt 0.5 0.5
vt 0.5 0.5
vt 0.5 0.5
vt 0.5 0.5
vt 0.5 0.5
vt 0.5 0.5
vt 0.5 0.5
vt 0.5 0.5
vt 0.5 0.5
vt 0.5 0.5
vt 0.5 0.5
vt 0.5 0.5
vt 0.5 0.5
vt 0.5 0.5
vt 0.5 0.5
vt 0.5 0.5
vt 0.5 0.5
vt 0.5 0.5
vt 0.5 0.5
vt 0.5 0.5
vt 0.5 0.5
vt 0.5 0.5
vt 0.5 0.5
vt 0.5 0.5
vt 0.5 0.5
vt 0.5 0.5
vt 0.5 0.5
vt 0.5 0.5
vt 0.5 0.5
vt 0.5 0.5
vt 0.5 0.5
vt 0.5 0.5
vt 0.5 0.5
vt 0.5 0.5
vt 0.5 0.5
vt 0.5 0.5
vt 0.5 0.5
vt 0.5 0.5
vt 0.5 0.5
vt 0.5 0.5
vt 0.5 0.5
vt 0.5 0.5
vt 0.5 0.5
vt 0.5 0.5
vt 0.5 0.5
vt 0.5 0.5
vt 0.5 0.5
vt 0.5 0.5
vt 0.5 0.5
vt 0.5 0.5
vt 0.5 0.5
vt 0.5 0.5
vt 0.5 0.5
vt 0.5 0.5
vt 0.5 0.5
vt 0.5 0.5
vt 0.5 0.5
vt 0.5 0.5
vt 0.5 0.5
vt 0.5 0.5
vt 0.5 0.5
vt 0.5 0.5
vt 0.5 0.5
vt 0.5 0.5
vt 0.5 0.5
vt 0.5 0.5
vt 0.5 0.5
vt 0.5 0.5
vt 0.5 0.5
vt 0.5 0.5
vt 0.5 0.5
vt 0.5 0.5
vt 0.5 0.5
vt 0.5 0.5
vt 0.5 0.5
vt 0.5 0.5
vt 0.5 0.5
vt 0.5 0.5
vt 0.5 0.5
vt 0.5 0.5
vt 0.5 0.5
vt 0.5 0.5
vt 0.5 0.5
vt 0.5 0.5
vt 0.5 0.5
vt 0.5 0.5
vt 0.5 0.5
vt 0.5 0.5
vt 0.5 0.5
vt 0.5 0.5
vt 0.5 0.5
vt 0.5 0.5
vt 0.5 0.5
vt 0.5 0.5
vt 0.5 0.5
vt 0.5 0.5
vt 0.5 0.5
vt 0.5 0.5
vt 0.5 0.5
vt 0.5 0.5
vt 0.5 0.5
vt 0.5 0.5
vt 0.5 0.5
vt 0.5 0.5
vt 0.5 0.5
vt 0.5 0.5
vt 0.5 0.5
vt 0.5 0.5
vt 0.5 0.5
vt 0.5 0.5
vt 0.5 0.5
vt 0.5 0.5
vt 0.5 0.5
vt 0.5 0.5
vt 0.5 0.5
vt 0.5 0.5
vt 0.5 0.5
vt 0.5 0.5
vt 0.5 0.5
vt 0.5 0.5
vt 0.5 0.5
vt 0.5 0.5
vt 0.5 0.5
vt 0.5 0.5
vt 0.5 0.5
vt 0.5 0.5
vt 0.5 0.5
vt 0.5 0.5
vt 0.5 0.5
vt 0.5 0.5
vt 0.5 0.5
vt 0.5 0.5
vt 0.5 0.5
vt 0.5 0.5
vt 0.5 0.5
vt 0.5 0.5
vt 0.5 0.5
vt 0.5 0.5
vt 0.5 0.5
vt 0.5 0.5
vt 0.5 0.5
vt 0.5 0.5
vt 0.5 0.5
vt 0.5 0.5
vt 0.5 0.5
vt 0.5 0.5
vt 0.5 0.5
vt 0.5 0.5
vt 0.5 0.5
vt 0.5 0.5
vt 0.5 0.5
vt 0.5 0.5
vt 0.5 0.5
vt 0.5 0.5
vt 0.5 0.5
vt 0.5 0.5
vt 0.5 0.5
vt 0.5 0.5
vt 0.5 0.5
vt 0.5 0.5
vt 0.5 0.5
vt 0.5 0.5
vt 0.5 0.5
vt 0.5 0.5
vt 0.5 0.5
vt 0.5 0.5
vt 0.5 0.5
vt 0.5 0.5
vt 0.5 0.5
vt 0.5 0.5
vt 0.5 0.5
vt 0.5 0.5
vt 0.5 0.5
vt 0.5 0.5
vt 0.5 0.5
vt 0.5 0.5
vt 0.5 0.5
vt 0.5 0.5
vt 0.5 0.5
vt 0.5 0.5
vt 0.5 0.5
vt 0.5 0.5
vt 0.5 0.5
vt 0.5 0.5
vt 0.5 0.5
vt 0.5 0.5
vt 0.5 0.5
vt 0.5 0.5
vt 0.5 0.5
vt 0.5 0.5
vt 0.5 0.5
vt 0.5 0.5
vt 0.5 0.5
vt 0.5 0.5
vt 0.5 0.5
vt 0.5 0.5
vt 0.5 0.5
vt 0.5 0.5
vt 0.5 0.5
vt 0.5 0.5
vt 0.5 0.5
vt 0.5 0.5
vt 0.5 0.5
vt 0.5 0.5
vt 0.5 0.5
vt 0.5 0.5
vt 0.5 0.5
vt 0.5 0.5
vt 0.5 0.5
vt 0.5 0.5
vt 0.5 0.5
vt 0.5 0.5
vt 0.5 0.5
vt 0.5 0.5
vt 0.5 0.5
vt 0.5 0.5
vt 0.5 0.5
vt 0.5 0.5
vt 0.5 0.5
vt 0.5 0.5
vt 0.5 0.5
vt 0.5 0.5
vt 0.5 0.5
vt 0.5 0.5
vt 0.5 0.5
vt 0.5 0.5
vt 0.5 0.5
vt 0.5 0.5
vt 0.5 0.5
vt 0.5 0.5
vt 0.5 0.5
vt 0.5 0.5
vt 0.5 0.5
vt 0.5 0.5
vt 0.5 0.5
vt 0.5 0.5
vt 0.5 0.5
vt 0.5 0.5
vt 0.5 0.5
vt 0.5 0.5
vt 0.5 0.5
vt 0.5 0.5
vt 0.5 0.5
vt 0.5 0.5
vt 0.5 0.5
vt 0.5 0.5
vt 0.5 0.5
vt 0.5 0.5
vt 0.5 0.5
vt 0.5 0.5
vt 0.5 0.5
vt 0.5 0.5
vt 0.5 0.5
vt 0.5 0.5
vt 0.5 0.5
vt 0.5 0.5
vt 0.5 0.5
vt 0.5 0.5
vt 0.5 0.5
vt 0.5 0.5
vt 0.5 0.5
vt 0.5 0.5
vt 0.5 0.5
vt 0.5 0.5
vt 0.5 0.5
vt 0.5 0.5
vt 0.5 0.5
vt 0.5 0.5
vt 0.5 0.5
vt 0.5 0.5
vt 0.5 0.5
vt 0.5 0.5
vt 0.5 0.5
vt 0.5 0.5
vt 0.5 0.5
vt 0.5 0.5
vt 0.5 0.5
vt 0.5 0.5
vt 0.5 0.5
vt 0.5 0.5
vt 0.5 0.5
vt 0.5 0.5
vt 0.5 0.5
vt 0.5 0.5
vt 0.5 0.5
vt 0.5 0.5
vt 0.5 0.5
vt 0.5 0.5
vt 0.5 0.5
vt 0.5 0.5
vt 0.5 0.5
vt 0.5 0.5
vt 0.5 0.5
vt 0.5 0.5
vt 0.5 0.5
vt 0.5 0.5
vt 0.5 0.5
vt 0.5 0.5
vt 0.5 0.5
vt 0.5 0.5
vt 0.5 0.5
vt 0.5 0.5
vt 0.5 0.5
vt 0.5 0.5
vt 0.5 0.5
vt 0.5 0.5
vt 0.5 0.5
vt 0.5 0.5
vt 0.5 0.5
vt 0.5 0.5
vt 0.5 0.5
vt 0.5 0.5
vt 0.5 0.5
vt 0.5 0.5
vt 0.5 0.5
vt 0.5 0.5
vt 0.5 0.5
vt 0.5 0.5
vt 0.5 0.5
vt 0.5 0.5
vt 0.5 0.5
vt 0.5 0.5
vt 0.5 0.5
vt 0.5 0.5
vt 0.5 0.5
vt 0.5 0.5
vt 0.5 0.5
vt 0.5 0.5
vt 0.5 0.5
vt 0.5 0.5
vt 0.5 0.5
vt 0.5 0.5
vt 0.5 0.5
vt 0.5 0.5
vt 0.5 0.5
vt 0.5 0.5
vt 0.5 0.5
vt 0.5 0.5
vt 0.5 0.5
vt 0.5 0.5
vt 0.5 0.5
vt 0.5 0.5
vt 0.5 0.5
vt 0.5 0.5
vt 0.5 0.5
vt 0.5 0.5
vt 0.5 0.5
vt 0.5 0.5
vt 0.5 0.5
vt 0.5 0.5
vt 0.5 0.5
vt 0.5 0.5
vt 0.5 0.5
vt 0.5 0.5
vt 0.5 0.5
vt 0.5 0.5
vt 0.5 0.5
vt 0.5 0.5
vt 0.5 0.5
vt 0.5 0.5
vt 0.5 0.5
vt 0.5 0.5
vt 0.5 0.5
vt 0.5 0.5
vt 0.5 0.5
vt 0.5 0.5
vt 0.5 0.5
vt 0.5 0.5
vt 0.5 0.5
vt 0.5 0.5
vt 0.5 0.5
vt 0.5 0.5
vt 0.5 0.5
vt 0.5 0.5
vt 0.5 0.5
vt 0.5 0.5
vt 0.5 0.5
vt 0.5 0.5
vt 0.5 0.5
vt 0.5 0.5
vt 0.5 0.5
vt 0.5 0.5
vt 0.5 0.5
vt 0.5 0.5
vt 0.5 0.5
vt 0.5 0.5
vt 0.5 0.5
vt 0.5 0.5
vt 0.5 0.5
vt 0.5 0.5
vt 0.5 0.5
vt 0.5 0.5
vt 0.5 0.5
vt 0.5 0.5
vt 0.5 0.5
vt 0.5 0.5
vt 0.5 0.5
vt 0.5 0.5
vt 0.5 0.5
vt 0.5 0.5
vt 0.5 0.5
vt 0.5 0.5
vt 0.5 0.5
vt 0.5 0.5
vt 0.5 0.5
vt 0.5 0.5
vt 0.5 0.5
vt 0.5 0.5
vt 0.5 0.5
vt 0.5 0.5
vt 0.5 0.5
vt 0.5 0.5
vt 0.5 0.5
vt 0.5 0.5
vt 0.5 0.5
vt 0.5 0.5
vt 0.5 0.5
vt 0.5 0.5
vt 0.5 0.5
vt 0.5 0.5
vt 0.5 0.5
vt 0.5 0.5
vt 0.5 0.5
vt 0.5 0.5
vt 0.5 0.5
vt 0.5 0.5
vt 0.5 0.5
vt 0.5 0.5
vt 0.5 0.5
vt 0.5 0.5
vt 0.5 0.5
vt 0.5 0.5
vt 0.5 0.5
vt 0.5 0.5
vt 0.5 0.5
vt 0.5 0.5
vt 0.5 0.5
vt 0.5 0.5
vt 0.5 0.5
vt 0.5 0.5
vt 0.5 0.5
vt 0.5 0.5
vt 0.5 0.5
vt 0.5 0.5
vt 0.5 0.5
vt 0.5 0.5
vt 0.5 0.5
vt 0.5 0.5
vt 0.5 0.5
vt 0.5 0.5
vt 0.5 0.5
vt 0.5 0.5
vt 0.5 0.5
vt 0.5 0.5
vt 0.5 0.5
vt 0.5 0.5
vt 0.5 0.5
vt 0.5 0.5
vt 0.5 0.5
vt 0.5 0.5
vt 0.5 0.5
vt 0.5 0.5
vt 0.5 0.5
vt 0.5 0.5
vt 0.5 0.5
vt 0.5 0.5
vt 0.5 0.5
vt 0.5 0.5
vt 0.5 0.5
vt 0.5 0.5
vt 0.5 0.5
vt 0.5 0.5
vt 0.5 0.5
vt 0.5 0.5
vt 0.5 0.5
vt 0.5 0.5
vt 0.5 0.5
vt 0.5 0.5
vt 0.5 0.5
vt 0.5 0.5
vt 0.5 0.5
vt 0.5 0.5
vt 0.5 0.5
vt 0.5 0.5
vt 0.5 0.5
vt 0.5 0.5
vt 0.5 0.5
vt 0.5 0.5
vt 0.5 0.5
vt 0.5 0.5
vt 0.5 0.5
vt 0.5 0.5
vt 0.5 0.5
vt 0.5 0.5
vt 0.5 0.5
vt 0.5 0.5
vt 0.5 0.5
vt 0.5 0.5
vt 0.5 0.5
vt 0.5 0.5
vt 0.5 0.5
vt 0.5 0.5
vt 0.5 0.5
vt 0.5 0.5
vt 0.5 0.5
vt 0.5 0.5
vt 0.5 0.5
vt 0.5 0.5
vt 0.5 0.5
vt 0.5 0.5
vt 0.5 0.5
vt 0.5 0.5
vt 0.5 0.5
vt 0.5 0.5
vt 0.5 0.5
vt 0.5 0.5
vt 0.5 0.5
vt 0.5 0.5
vt 0.5 0.5
vt 0.5 0.5
vt 0.5 0.5
vt 0.5 0.5
vt 0.5 0.5
vt 0.5 0.5
vt 0.5 0.5
vt 0.5 0.5
vt 0.5 0.5
vt 0.5 0.5
vt 0.5 0.5
vt 0.5 0.5
vt 0.5 0.5
vt 0.5 0.5
vt 0.5 0.5
vt 0.5 0.5
vt 0.5 0.5
vt 0.5 0.5
vt 0.5 0.5
vt 0.5 0.5
vt 0.5 0.5
vt 0.5 0.5
vt 0.5 0.5
vt 0.5 0.5
vt 0.5 0.5
vt 0.5 0.5
vt 0.5 0.5
vt 0.5 0.5
vt 0.5 0.5
vt 0.5 0.5
vt 0.5 0.5
vt 0.5 0.5
vt 0.5 0.5
vt 0.5 0.5
vt 0.5 0.5
vt 0.5 0.5
vt 0.5 0.5
vt 0.5 0.5
vt 0.5 0.5
vt 0.5 0.5
vt 0.5 0.5
vt 0.5 0.5
vt 0.5 0.5
vt 0.5 0.5
vt 0.5 0.5
vt 0.5 0.5
vt 0.5 0.5
vt 0.5 0.5
vt 0.5 0.5
vt 0.5 0.5
vt 0.5 0.5
vt 0.5 0.5
vt 0.5 0.5
vt 0.5 0.5
vt 0.5 0.5
vt 0.5 0.5
vt 0.5 0.5
vt 0.5 0.5
vt 0.5 0.5
vt 0.5 0.5
vt 0.5 0.5
vt 0.5 0.5
vt 0.5 0.5
vt 0.5 0.5
vt 0.5 0.5
vt 0.5 0.5
vt 0.5 0.5
vt 0.5 0.5
vt 0.5 0.5
vt 0.5 0.5
vt 0.5 0.5
vt 0.5 0.5
vt 0.5 0.5
vt 0.5 0.5
vt 0.5 0.5
vt 0.5 0.5
vt 0.5 0.5
vt 0.5 0.5
vt 0.5 0.5
vt 0.5 0.5
vt 0.5 0.5
vt 0.5 0.5
vt 0.5 0.5
vt 0.5 0.5
vt 0.5 0.5
vt 0.5 0.5
vt 0.5 0.5
vt 0.5 0.5
vt 0.5 0.5
vt 0.5 0.5
vt 0.5 0.5
vt 0.5 0.5
vt 0.5 0.5
vt 0.5 0.5
vt 0.5 0.5
vt 0.5 0.5
vt 0.5 0.5
vt 0.5 0.5
vt 0.5 0.5
vt 0.5 0.5
vt 0.5 0.5
vt 0.5 0.5
vt 0.5 0.5
vt 0.5 0.5
vt 0.5 0.5
vt 0.5 0.5
vt 0.5 0.5
vt 0.5 0.5
vt 0.5 0.5
vt 0.5 0.5
vt 0.5 0.5
vt 0.5 0.5
vt 0.5 0.5
vt 0.5 0.5
vt 0.5 0.5
vt 0.5 0.5
vt 0.5 0.5
vt 0.5 0.5
vt 0.5 0.5
vt 0.5 0.5
vt 0.5 0.5
vt 0.5 0.5
vt 0.5 0.5
vt 0.5 0.5
vt 0.5 0.5
vt 0.5 0.5
vt 0.5 0.5
vt 0.5 0.5
vt 0.5 0.5
vt 0.5 0.5
vt 0.5 0.5
vt 0.5 0.5
vt 0.5 0.5
vt 0.5 0.5
vt 0.5 0.5
vt 0.5 0.5
vt 0.5 0.5
vt 0.5 0.5
vt 0.5 0.5
vt 0.5 0.5
vt 0.5 0.5
vt 0.5 0.5
vt 0.5 0.5
vt 0.5 0.5
vt 0.5 0.5
vt 0.5 0.5
vt 0.5 0.5
vt 0.5 0.5
vt 0.5 0.5
vt 0.5 0.5
vt 0.5 0.5
vt 0.5 0.5
vt 0.5 0.5
vt 0.5 0.5
vt 0.5 0.5
vt 0.5 0.5
vt 0.5 0.5
vt 0.5 0.5
vt 0.5 0.5
vt 0.5 0.5
vt 0.5 0.5
vt 0.5 0.5
vt 0.5 0.5
vt 0.5 0.5
vt 0.5 0.5
vt 0.5 0.5
vt 0.5 0.5
vt 0.5 0.5
vt 0.5 0.5
vt 0.5 0.5
vt 0.5 0.5
vt 0.5 0.5
vt 0.5 0.5
vt 0.5 0.5
vt 0.5 0.5
vt 0.5 0.5
vt 0.5 0.5
vt 0.5 0.5
vt 0.5 0.5
vt 0.5 0.5
vt 0.5 0.5
vt 0.5 0.5
vt 0.5 0.5
vt 0.5 0.5
vt 0.5 0.5
vt 0.5 0.5
vt 0.5 0.5
vt 0.5 0.5
vt 0.5 0.5
vt 0.5 0.5
vt 0.5 0.5
vt 0.5 0.5
vt 0.5 0.5
vt 0.5 0.5
vt 0.5 0.5
vt 0.5 0.5
vt 0.5 0.5
vt 0.5 0.5
vt 0.5 0.5
vt 0.5 0.5
vt 0.5 0.5
vt 0.5 0.5
vt 0.5 0.5
vt 0.5 0.5
vt 0.5 0.5
vt 0.5 0.5
vt 0.5 0.5
vt 0.5 0.5
vt 0.5 0.5
vt 0.5 0.5
vt 0.5 0.5
vt 0.5 0.5
vt 0.5 0.5
vt 0.5 0.5
vt 0.5 0.5
vt 0.5 0.5
vt 0.5 0.5
vt 0.5 0.5
vt 0.5 0.5
vt 0.5 0.5
vt 0.5 0.5
vt 0.5 0.5
vt 0.5 0.5
vt 0.5 0.5
vt 0.5 0.5
vt 0.5 0.5
vt 0.5 0.5
vt 0.5 0.5
vt 0.5 0.5
vt 0.5 0.5
vt 0.5 0.5
vt 0.5 0.5
vt 0.5 0.5
vt 0.5 0.5
vt 0.5 0.5
vt 0.5 0.5
vt 0.5 0.5
vt 0.5 0.5
vt 0.5 0.5
vt 0.5 0.5
vt 0.5 0.5
vn -0.0000000 1.0000000 -0.0000000
vn 0.0014154 0.9954859 -0.0948991
vn 0.0026819 0.9964130 -0.0845815
vn 0.0033722 0.9972625 -0.0738660
vn 0.0034654 0.9980160 -0.0628646
vn 0.0029520 0.9986587 -0.0516922
vn 0.0018344 0.9991793 -0.0404648
vn 0.0001265 0.9995707 -0.0292973
vn -0.0021464 0.9998302 -0.0183019
vn -0.0049484 0.9999590 -0.0075864
vn -0.0082338 0.9999623 0.0027480
vn -0.0119480 0.9998491 0.0126079
vn -0.0160288 0.9996315 0.0219090
vn -0.0204077 0.9993240 0.0305777
vn -0.0250112 0.9989436 0.0385512
vn -0.0297624 0.9985081 0.0457790
vn -0.0345823 0.9980365 0.0522225
vn -0.0393912 0.9975475 0.0578556
vn -0.0441103 0.9970594 0.0626640
vn -0.0486628 0.9965893 0.0666458
vn -0.0529753 0.9961527 0.0698099
vn -0.0569787 0.9957630 0.0721763
vn -0.0606098 0.9954315 0.0737745
vn -0.0638113 0.9951666 0.0746430
vn -0.0665335 0.9949744 0.0748286
vn -0.0687344 0.9948580 0.0743846
vn -0.0703806 0.9948183 0.0733702
vn -0.0714475 0.9948532 0.0718496
vn -0.0719199 0.9949587 0.0698901
vn -0.0717919 0.9951288 0.0675615
vn -0.0710669 0.9953557 0.0649349
vn -0.0697581 0.9956303 0.0620814
vn -0.0678874 0.9959427 0.0590708
vn -0.0654857 0.9962825 0.0559708
vn -0.0625920 0.9966391 0.0528459
vn -0.0592528 0.9970022 0.0497562
vn -0.0555214 0.9973621 0.0467568
vn -0.0514567 0.9977100 0.0438967
vn -0.0471225 0.9980383 0.0412185
vn -0.0425860 0.9983408 0.0387575
vn -0.0379168 0.9986126 0.0365414
vn -0.0331857 0.9988505 0.0345902
vn -0.0284631 0.9990527 0.0329160
vn -0.0238182 0.9992192 0.0315231
vn -0.0193174 0.9993509 0.0304082
vn -0.0150232 0.9994501 0.0295609
vn -0.0109936 0.9995200 0.0289642
vn -0.0072805 0.9995646 0.0285950
vn -0.0039293 0.9995882 0.0284250
vn -0.0009782 0.9995955 0.0284218
vn 0.0015425 0.9995912 0.0285495
vn 0.0036108 0.9995795 0.0287697
vn 0.0052127 0.9995646 0.0290426
vn 0.0063430 0.9995497 0.0293284
vn 0.0070046 0.9995376 0.0295876
vn 0.0072087 0.9995304 0.0297825
vn 0.0069741 0.9995292 0.0298782
vn 0.0063266 0.9995346 0.0298430
vn 0.0052990 0.9995463 0.0296498
vn 0.0039294 0.9995636 0.0292763
vn 0.0022613 0.9995853 0.0287059
vn 0.0003419 0.9996099 0.0279282
vn -0.0017782 0.9996355 0.0269392
vn -0.0040468 0.9996604 0.0257413
vn -0.0064105 0.9996831 0.0243440
vn -0.0088159 0.9997020 0.0227631
vn -0.0112112 0.9997162 0.0210210
vn -0.0135463 0.9997249 0.0191461
vn -0.0157747 0.9997281 0.0171722
vn -0.0178539 0.9997260 0.0151382
vn -0.0197462 0.9997194 0.0130869
vn -0.0214196 0.9997093 0.0110646
vn -0.0228483 0.9996973 0.0091198
vn -0.0240131 0.9996850 0.0073025
vn -0.0249018 0.9996739 0.0056630
vn -0.0255093 0.9996655 0.0042510
vn -0.0258377 0.9996613 0.0031142
vn -0.0258960 0.9996620 0.0022978
vn -0.0257000 0.9996680 0.0018429
vn -0.0252718 0.9996790 0.0017861
vn -0.0246394 0.9996941 0.0021580
vn -0.0238358 0.9997114 0.0029832
vn -0.0228984 0.9997286 0.0042786
vn -0.0218681 0.9997425 0.0060539
vn -0.0207884 0.9997494 0.0083102
vn -0.0197045 0.9997449 0.0110402
vn -0.0186618 0.9997246 0.0142280
vn -0.0177055 0.9996839 0.0178489
vn -0.0168790 0.9996183 0.0218697
vn -0.0162230 0.9995238 0.0262491
vn -0.0157745 0.9993968 0.0309377
vn -0.0155658 0.9992349 0.0358795
vn -0.0156237 0.9990365 0.0410120
vn -0.0159686 0.9988014 0.0462674
vn -0.0166138 0.9985310 0.0515735
vn -0.0175653 0.9982279 0.0568553
vn -0.0188208 0.9978965 0.0620358
vn -0.0203701 0.9975425 0.0670372
vn -0.0221949 0.9971733 0.0717828
vn -0.0242685 0.9967973 0.0761978
vn -0.0265567 0.9964241 0.0802104
vn -0.0290176 0.9960639 0.0837537
vn -0.0316026 0.9957273 0.0867662
vn -0.0342570 0.9954251 0.0891928
vn -0.0369207 0.9951675 0.0909863
vn -0.0395293 0.9949642 0.0921074
vn -0.0420147 0.9948235 0.0925259
vn -0.0443067 0.9947523 0.0922211
vn -0.0463337 0.9947558 0.0911818
vn -0.0480242 0.9948367 0.0894072
vn -0.0493077 0.9949955 0.0869065
vn -0.0501161 0.9952300 0.0836991
vn -0.0503851 0.9955355 0.0798144
vn -0.0500550 0.9959045 0.0752916
vn -0.0490723 0.9963267 0.0701791
vn -0.0473907 0.9967896 0.0645343
vn -0.0449724 0.9972784 0.0584226
vn -0.0417888 0.9977767 0.0519169
vn -0.0378221 0.9982664 0.0450961
vn -0.0330653 0.9987288 0.0380448
vn -0.0275234 0.9991450 0.0308512
vn -0.0212139 0.9994962 0.0236065
vn -0.0141666 0.9997651 0.0164027
vn -0.0064241 0.9999358 0.0093317
vn 0.0019588 0.9999950 0.0024832
vn 0.0109155 0.9999322 -0.0040565
vn 0.0203684 0.9997404 -0.0102067
vn 0.0302302 0.9994166 -0.0158933
vn 0.0404045 0.9989616 -0.0210503
vn 0.0507882 0.9983807 -0.0256214
vn 0.0612725 0.9976832 -0.0295607
vn 0.0717449 0.9968824 -0.0328338
vn 0.0820910 0.9959953 -0.0354182
vn 0.0921961 0.9950419 -0.0373038
vn 0.1019473 0.9940448 -0.0384930
vn 0.1112350 0.9930286 -0.0390004
vn 0.1199543 0.9920189 -0.0388524
vn 0.1280066 0.9910417 -0.0380870
vn 0.1353008 0.9901227 -0.0367523
vn 0.1417542 0.9892862 -0.0349065
vn 0.1472937 0.9885549 -0.0326160
vn 0.1518563 0.9879486 -0.0299551
vn 0.1553896 0.9874841 -0.0270039
vn 0.1578525 0.9871747 -0.0238480
vn 0.1592157 0.9870294 -0.0205766
vn 0.1594615 0.9870529 -0.0172813
vn 0.1585845 0.9872454 -0.0140551
vn 0.1565911 0.9876024 -0.0109906
vn 0.1535004 0.9881147 -0.0081791
vn 0.1493434 0.9887689 -0.0057089
vn 0.1441632 0.9895471 -0.0036640
vn 0.1380148 0.9904279 -0.0021230
vn 0.1309646 0.9913864 -0.0011572
vn 0.1230903 0.9923951 -0.0008298
vn 0.1144794 0.9934249 -0.0011944
vn 0.1052294 0.9944453 -0.0022937
vn 0.0954458 0.9954259 -0.0041587
vn 0.0852412 0.9963371 -0.0068076
vn 0.0747339 0.9971509 -0.0102452
vn 0.0640460 0.9978421 -0.0144624
vn 0.0533015 0.9983893 -0.0194359
vn 0.0426243 0.9987751 -0.0251287
vn 0.0321363 0.9989873 -0.0314901
vn 0.0219552 0.9990190 -0.0384568
vn 0.0121921 0.9988692 -0.0459534
vn 0.0029500 0.9985423 -0.0538945
vn -0.0056779 0.9980485 -0.0621854
vn -0.0136100 0.9974031 -0.0707243
vn -0.0207775 0.9966260 -0.0794040
vn -0.0271251 0.9957410 -0.0881136
vn -0.0326118 0.9947752 -0.0967405
vn -0.0372108 0.9937576 -0.1051723
vn -0.0409100 0.9927184 -0.1132982
vn -0.0437112 0.9916883 -0.1210107
vn -0.0456298 0.9906971 -0.1282072
vn -0.0466940 0.9897732 -0.1347912
vn -0.0469438 0.9889425 -0.1406732
vn -0.0464299 0.9882281 -0.1457719
vn -0.0452129 0.9876494 -0.1500150
vn -0.0433615 0.9872217 -0.1533399
vn -0.0409519 0.9869561 -0.1556940
vn -0.0380660 0.9868590 -0.1570358
vn -0.0347905 0.9869323 -0.1573347
vn -0.0312154 0.9871731 -0.1565720
vn -0.0274327 0.9875742 -0.1547403
vn -0.0235353 0.9881241 -0.1518447
vn -0.0196154 0.9888075 -0.1479021
vn -0.0157633 0.9896056 -0.1429417
vn -0.0120665 0.9904969 -0.1370046
vn -0.0086077 0.9914578 -0.1301435
vn -0.0054640 0.9924630 -0.1224228
vn -0.0027056 0.9934866 -0.1139171
vn -0.0003948 0.9945026 -0.1047114
vn 0.0016680 0.9981292 -0.0611172
vn 0.0030050 0.9984661 -0.0552843
vn 0.0039318 0.9987841 -0.0491403
vn 0.0044294 0.9990757 -0.0427565
vn 0.0044870 0.9993343 -0.0362060
vn 0.0041014 0.9995545 -0.0295633
vn 0.0032774 0.9997323 -0.0229025
vn 0.0020275 0.9998651 -0.0162966
vn 0.0003715 0.9999517 -0.0098164
vn -0.0016637 0.9999924 -0.0035293
vn -0.0040447 0.9999887 0.0025017
vn -0.0067324 0.9999436 0.0082184
vn -0.0096827 0.9998611 0.0135689
vn -0.0128472 0.9997462 0.0185077
vn -0.0161743 0.9996047 0.0229962
vn -0.0196097 0.9994430 0.0270035
vn -0.0230982 0.9992677 0.0305063
vn -0.0265835 0.9990855 0.0334891
vn -0.0300102 0.9989031 0.0359444
vn -0.0333241 0.9987268 0.0378719
vn -0.0364731 0.9985624 0.0392792
vn -0.0394083 0.9984150 0.0401804
vn -0.0420844 0.9982889 0.0405965
vn -0.0444608 0.9981876 0.0405543
vn -0.0465017 0.9981136 0.0400859
vn -0.0481769 0.9980682 0.0392280
vn -0.0494621 0.9980520 0.0380212
vn -0.0503392 0.9980646 0.0365094
vn -0.0507968 0.9981047 0.0347385
vn -0.0508297 0.9981700 0.0327559
vn -0.0504393 0.9982579 0.0306098
vn -0.0496338 0.9983651 0.0283480
vn -0.0484271 0.9984878 0.0260176
vn -0.0468394 0.9986221 0.0236636
vn -0.0448962 0.9987639 0.0213289
vn -0.0426281 0.9989093 0.0190532
vn -0.0400701 0.9990544 0.0168723
vn -0.0372610 0.9991957 0.0148181
vn -0.0342427 0.9993301 0.0129177
vn -0.0310595 0.9994549 0.0111934
vn -0.0277569 0.9995680 0.0096623
vn -0.0243816 0.9996680 0.0083361
vn -0.0209798 0.9997538 0.0072214
vn -0.0175970 0.9998252 0.0063194
vn -0.0142771 0.9998822 0.0056263
vn -0.0110615 0.9999256 0.0051338
vn -0.0079885 0.9999564 0.0048289
vn -0.0050931 0.9999760 0.0046948
vn -0.0024056 0.9999860 0.0047115
vn 0.0000478 0.9999882 0.0048559
vn 0.0022462 0.9999845 0.0051030
vn 0.0041738 0.9999766 0.0054260
vn 0.0058199 0.9999663 0.0057974
vn 0.0071795 0.9999551 0.0061895
vn 0.0082526 0.9999443 0.0065753
vn 0.0090445 0.9999351 0.0069287
vn 0.0095655 0.9999281 0.0072255
vn 0.0098301 0.9999240 0.0074439
vn 0.0098572 0.9999228 0.0075649
vn 0.0096693 0.9999246 0.0075730
vn 0.0092918 0.9999290 0.0074562
vn 0.0087530 0.9999357 0.0072067
vn 0.0080825 0.9999441 0.0068209
vn 0.0073116 0.9999534 0.0062994
vn 0.0064717 0.9999631 0.0056473
vn 0.0055943 0.9999725 0.0048741
vn 0.0047098 0.9999809 0.0039934
vn 0.0038474 0.9999880 0.0030225
vn 0.0030339 0.9999934 0.0019826
vn 0.0022937 0.9999970 0.0008977
vn 0.0016479 0.9999986 -0.0002052
vn 0.0011140 0.9999985 -0.0012973
vn 0.0007057 0.9999970 -0.0023481
vn 0.0004323 0.9999944 -0.0033262
vn 0.0002990 0.9999911 -0.0042002
vn 0.0003063 0.9999878 -0.0049389
vn 0.0004504 0.9999847 -0.0055126
vn 0.0007231 0.9999824 -0.0058931
vn 0.0011122 0.9999811 -0.0060548
vn 0.0016015 0.9999809 -0.0059753
vn 0.0021715 0.9999818 -0.0056357
vn 0.0027996 0.9999835 -0.0050213
vn 0.0034606 0.9999855 -0.0041219
vn 0.0041277 0.9999872 -0.0029322
vn 0.0047724 0.9999876 -0.0014523
vn 0.0053659 0.9999856 0.0003126
vn 0.0058792 0.9999800 0.0023519
vn 0.0062843 0.9999694 0.0046493
vn 0.0065543 0.9999527 0.0071836
vn 0.0066646 0.9999285 0.0099284
vn 0.0065934 0.9998957 0.0128525
vn 0.0063221 0.9998533 0.0159207
vn 0.0058361 0.9998007 0.0190937
vn 0.0051250 0.9997375 0.0223295
vn 0.0041833 0.9996639 0.0255831
vn 0.0030106 0.9995804 0.0288080
vn 0.0016117 0.9994880 0.0319568
vn -0.0000031 0.9993880 0.0349816
vn -0.0018184 0.9992823 0.0378355
vn -0.0038130 0.9991734 0.0404726
vn -0.0059611 0.9990638 0.0428495
vn -0.0082316 0.9989564 0.0449259
vn -0.0105895 0.9988545 0.0466651
vn -0.0129954 0.9987611 0.0480348
vn -0.0154069 0.9986796 0.0490077
vn -0.0177788 0.9986128 0.0495623
vn -0.0200639 0.9985635 0.0496827
vn -0.0222137 0.9985340 0.0493596
vn -0.0241795 0.9985261 0.0485902
vn -0.0259126 0.9985408 0.0473785
vn -0.0273660 0.9985787 0.0457350
vn -0.0284944 0.9986393 0.0436772
vn -0.0292557 0.9987213 0.0412288
vn -0.0296112 0.9988228 0.0384201
vn -0.0295269 0.9989409 0.0352868
vn -0.0289741 0.9990720 0.0318702
vn -0.0279298 0.9992116 0.0282165
vn -0.0263774 0.9993548 0.0243758
vn -0.0243076 0.9994963 0.0204016
vn -0.0217181 0.9996304 0.0163500
vn -0.0186146 0.9997513 0.0122787
vn -0.0150104 0.9998533 0.0082463
vn -0.0109266 0.9999310 0.0043111
vn -0.0063925 0.9999794 0.0005300
vn -0.0014445 0.9999943 -0.0030418
vn 0.0038734 0.9999723 -0.0063526
vn 0.0095109 0.9999110 -0.0093547
vn 0.0154113 0.9998092 -0.0120051
vn 0.0215127 0.9996668 -0.0142667
vn 0.0277488 0.9994851 -0.0161086
vn 0.0340498 0.9992668 -0.0175070
vn 0.0403430 0.9990156 -0.0184454
vn 0.0465548 0.9987366 -0.0189153
vn 0.0526107 0.9984359 -0.0189159
vn 0.0584374 0.9981205 -0.0184545
vn 0.0639629 0.9977980 -0.0175464
vn 0.0691183 0.9974767 -0.0162146
vn 0.0738387 0.9971649 -0.0144895
vn 0.0780635 0.9968712 -0.0124084
vn 0.0817383 0.9966035 -0.0100151
vn 0.0848145 0.9963696 -0.0073590
vn 0.0872510 0.9961762 -0.0044943
vn 0.0890140 0.9960293 -0.0014796
vn 0.0900782 0.9959334 0.0016234
vn 0.0904263 0.9958918 0.0047506
vn 0.0900500 0.9959064 0.0078366
vn 0.0889498 0.9959774 0.0108156
vn 0.0871350 0.9961034 0.0136225
vn 0.0846240 0.9962814 0.0161938
vn 0.0814436 0.9965068 0.0184686
vn 0.0776290 0.9967738 0.0203896
vn 0.0732235 0.9970750 0.0219041
vn 0.0682777 0.9974020 0.0229650
vn 0.0628492 0.9977456 0.0235311
vn 0.0570017 0.9980959 0.0235685
vn 0.0508039 0.9984426 0.0230511
vn 0.0443293 0.9987756 0.0219609
vn 0.0376544 0.9990848 0.0202886
vn 0.0308581 0.9993611 0.0180340
vn 0.0240204 0.9995958 0.0152061
vn 0.0172212 0.9997818 0.0118230
vn 0.0105390 0.9999132 0.0079118
vn 0.0040502 0.9999856 0.0035085
vn -0.0021729 0.9999967 -0.0013430
vn -0.0080625 0.9999458 -0.0065908
vn -0.0135567 0.9998340 -0.0121766
vn -0.0186001 0.9996643 -0.0180359
vn -0.0231450 0.9994416 -0.0240992
vn -0.0271517 0.9991722 -0.0302933
vn -0.0305893 0.9988638 -0.0365422
vn -0.0334357 0.9985254 -0.0427683
vn -0.0356784 0.9981666 -0.0488934
vn -0.0373135 0.9977977 -0.0548403
vn -0.0383469 0.9974293 -0.0605335
vn -0.0387926 0.9970718 -0.0659005
vn -0.0386737 0.9967354 -0.0708726
vn -0.0380207 0.9964293 -0.0753860
vn -0.0368715 0.9961621 -0.0793827
vn -0.0352708 0.9959409 -0.0828109
vn -0.0332686 0.9957717 -0.0856261
vn -0.0309202 0.9956589 -0.0877912
vn -0.0282847 0.9956051 -0.0892774
vn -0.0254242 0.9956114 -0.0900642
vn -0.0224029 0.9956771 -0.0901396
vn -0.0192861 0.9958000 -0.0895007
vn -0.0161393 0.9959762 -0.0881530
vn -0.0130268 0.9962004 -0.0861112
vn -0.0100112 0.9964660 -0.0833981
vn -0.0071524 0.9967656 -0.0800450
vn -0.0045063 0.9970907 -0.0760908
vn -0.0021244 0.9974325 -0.0715819
vn -0.0000529 0.9977817 -0.0665711
vn 0.0182478 0.9990177 -0.0403806
vn 0.0206229 0.9991234 -0.0364306
vn 0.0226009 0.9992269 -0.0321678
vn 0.0241560 0.9993258 -0.0276482
vn 0.0252686 0.9994177 -0.0229310
vn 0.0259265 0.9995004 -0.0180769
vn 0.0261242 0.9995722 -0.0131475
vn 0.0258635 0.9996318 -0.0082046
vn 0.0251530 0.9996781 -0.0033089
vn 0.0240083 0.9997107 0.0014804
vn 0.0224510 0.9997293 0.0061071
vn 0.0205091 0.9997343 0.0105180
vn 0.0182158 0.9997265 0.0146644
vn 0.0156093 0.9997070 0.0185019
vn 0.0127319 0.9996771 0.0219919
vn 0.0096295 0.9996385 0.0251013
vn 0.0063506 0.9995932 0.0278033
vn 0.0029455 0.9995432 0.0300775
vn -0.0005341 0.9994906 0.0319099
vn -0.0040366 0.9994375 0.0332933
vn -0.0075108 0.9993859 0.0342270
vn -0.0109067 0.9993377 0.0347167
vn -0.0141766 0.9992946 0.0347742
vn -0.0172756 0.9992582 0.0344171
vn -0.0201620 0.9992297 0.0336684
vn -0.0227984 0.9992099 0.0325558
vn -0.0251517 0.9991994 0.0311114
vn -0.0271939 0.9991986 0.0293709
vn -0.0289021 0.9992074 0.0273730
vn -0.0302590 0.9992254 0.0251588
vn -0.0312530 0.9992521 0.0227707
vn -0.0318782 0.9992866 0.0202522
vn -0.0321343 0.9993278 0.0176468
vn -0.0320269 0.9993745 0.0149974
vn -0.0315666 0.9994254 0.0123458
vn -0.0307691 0.9994791 0.0097318
vn -0.0296549 0.9995343 0.0071926
vn -0.0282488 0.9995896 0.0047624
vn -0.0265792 0.9996437 0.0024720
vn -0.0246776 0.9996954 0.0003482
vn -0.0225782 0.9997438 -0.0015865
vn -0.0203171 0.9997881 -0.0033139
vn -0.0179315 0.9998276 -0.0048207
vn -0.0154593 0.9998619 -0.0060981
vn -0.0129385 0.9998908 -0.0071420
vn -0.0104060 0.9999142 -0.0079530
vn -0.0078977 0.9999324 -0.0085358
vn -0.0054474 0.9999456 -0.0088996
vn -0.0030866 0.9999542 -0.0090570
vn -0.0008436 0.9999589 -0.0090243
vn 0.0012564 0.9999603 -0.0088205
vn 0.0031918 0.9999591 -0.0084670
vn 0.0049452 0.9999559 -0.0079872
vn 0.0065031 0.9999514 -0.0074059
vn 0.0078563 0.9999464 -0.0067483
vn 0.0089997 0.9999413 -0.0060401
vn 0.0099326 0.9999366 -0.0053066
vn 0.0106581 0.9999327 -0.0045719
vn 0.0111831 0.9999300 -0.0038589
vn 0.0115182 0.9999286 -0.0031886
vn 0.0116770 0.9999285 -0.0025795
vn 0.0116759 0.9999297 -0.0020474
vn 0.0115338 0.9999322 -0.0016053
vn 0.0112711 0.9999357 -0.0012627
vn 0.0109098 0.9999400 -0.0010258
vn 0.0104724 0.9999448 -0.0008973
vn 0.0099821 0.9999498 -0.0008763
vn 0.0094613 0.9999548 -0.0009586
vn 0.0089320 0.9999595 -0.0011364
vn 0.0084146 0.9999636 -0.0013991
vn 0.0079280 0.9999671 -0.0017331
vn 0.0074887 0.9999697 -0.0021223
vn 0.0071107 0.9999715 -0.0025484
vn 0.0068054 0.9999724 -0.0029916
vn 0.0065809 0.9999725 -0.0034309
vn 0.0064419 0.9999719 -0.0038444
vn 0.0063900 0.9999707 -0.0042101
vn 0.0064233 0.9999692 -0.0045065
vn 0.0065365 0.9999675 -0.0047128
vn 0.0067213 0.9999658 -0.0048098
vn 0.0069662 0.9999643 -0.0047799
vn 0.0072571 0.9999631 -0.0046080
vn 0.0075772 0.9999621 -0.0042817
vn 0.0079080 0.9999615 -0.0037918
vn 0.0082292 0.9999612 -0.0031323
vn 0.0085195 0.9999611 -0.0023011
vn 0.0087570 0.9999608 -0.0012997
vn 0.0089194 0.9999602 -0.0001336
vn 0.0089854 0.9999589 0.0011879
vn 0.0089342 0.9999566 0.0026514
vn 0.0087467 0.9999528 0.0042402
vn 0.0084061 0.9999471 0.0059339
vn 0.0078976 0.9999391 0.0077088
vn 0.0072099 0.9999285 0.0095385
vn 0.0063347 0.9999150 0.0113945
vn 0.0052675 0.9998984 0.0132459
vn 0.0040077 0.9998785 0.0150607
vn 0.0025590 0.9998555 0.0168063
vn 0.0009290 0.9998294 0.0184495
vn -0.0008700 0.9998004 0.0199577
vn -0.0028218 0.9997692 0.0212996
vn -0.0049060 0.9997360 0.0224451
vn -0.0070982 0.9997018 0.0233668
vn -0.0093707 0.9996671 0.0240398
vn -0.0116922 0.9996329 0.0244427
vn -0.0140291 0.9996000 0.0245581
vn -0.0163453 0.9995693 0.0243725
vn -0.0186030 0.9995418 0.0238775
vn -0.0207633 0.9995182 0.0230692
vn -0.0227869 0.9994994 0.0219489
vn -0.0246349 0.9994858 0.0205233
vn -0.0262691 0.9994780 0.0188042
vn -0.0276528 0.9994763 0.0168085
vn -0.0287519 0.9994806 0.0145582
vn -0.0295349 0.9994907 0.0120802
vn -0.0299741 0.9995064 0.0094057
vn -0.0300457 0.9995269 0.0065700
vn -0.0297307 0.9995514 0.0036119
vn -0.0290152 0.9995788 0.0005733
vn -0.0278908 0.9996078 -0.0025017
vn -0.0263548 0.9996372 -0.0055671
vn -0.0244107 0.9996652 -0.0085760
vn -0.0220680 0.9996905 -0.0114813
vn -0.0193425 0.9997116 -0.0142364
vn -0.0162561 0.9997268 -0.0167961
vn -0.0128367 0.9997348 -0.0191170
vn -0.0091178 0.9997345 -0.0211589
vn -0.0051381 0.9997249 -0.0228849
vn -0.0009412 0.9997052 -0.0242625
vn 0.0034249 0.9996750 -0.0252637
vn 0.0079088 0.9996341 -0.0258663
vn 0.0124560 0.9995829 -0.0260536
vn 0.0170100 0.9995220 -0.0258153
vn 0.0215129 0.9994522 -0.0251475
vn 0.0259063 0.9993750 -0.0240529
vn 0.0301321 0.9992917 -0.0225411
vn 0.0341338 0.9992044 -0.0206282
vn 0.0378565 0.9991149 -0.0183368
vn 0.0412486 0.9990256 -0.0156959
vn 0.0442622 0.9989387 -0.0127403
vn 0.0468538 0.9988565 -0.0095101
vn 0.0489851 0.9987812 -0.0060507
vn 0.0506235 0.9987149 -0.0024112
vn 0.0517428 0.9986595 0.0013552
vn 0.0523237 0.9986167 0.0051929
vn 0.0523536 0.9985877 0.0090442
vn 0.0518276 0.9985734 0.0128501
vn 0.0507481 0.9985743 0.0165515
vn 0.0491250 0.9985906 0.0200899
vn 0.0469756 0.9986217 0.0234082
vn 0.0443244 0.9986669 0.0264517
vn 0.0412031 0.9987249 0.0291690
vn 0.0376495 0.9987940 0.0315127
vn 0.0337077 0.9988721 0.0334400
vn 0.0294274 0.9989570 0.0349138
vn 0.0248628 0.9990460 0.0359030
vn 0.0200724 0.9991363 0.0363830
vn 0.0151176 0.9992253 0.0363365
vn 0.0100625 0.9993100 0.0357536
vn 0.0049723 0.9993878 0.0346318
vn -0.0000869 0.9994561 0.0329766
vn -0.0050500 0.9995128 0.0308013
vn -0.0098528 0.9995558 0.0281267
vn -0.0144339 0.9995837 0.0249810
vn -0.0187350 0.9995955 0.0213994
vn -0.0227020 0.9995904 0.0174238
vn -0.0262857 0.9995686 0.0131020
vn -0.0294426 0.9995304 0.0084870
vn -0.0321357 0.9994769 0.0036364
vn -0.0343345 0.9994094 -0.0013885
vn -0.0360160 0.9993299 -0.0065237
vn -0.0371647 0.9992406 -0.0117032
vn -0.0377729 0.9991441 -0.0168602
vn -0.0378407 0.9990432 -0.0219279
vn -0.0373759 0.9989407 -0.0268407
vn -0.0363940 0.9988398 -0.0315348
vn -0.0349178 0.9987434 -0.0359493
vn -0.0329770 0.9986543 -0.0400272
vn -0.0306075 0.9985750 -0.0437158
vn -0.0278514 0.9985080 -0.0469680
vn -0.0247557 0.9984552 -0.0497423
vn -0.0213719 0.9984182 -0.0520039
vn -0.0177551 0.9983979 -0.0537247
vn -0.0139631 0.9983951 -0.0548840
vn -0.0100560 0.9984098 -0.0554687
vn -0.0060943 0.9984416 -0.0554733
vn -0.0021393 0.9984896 -0.0549000
vn 0.0017491 0.9985524 -0.0537586
vn 0.0055123 0.9986284 -0.0520666
vn 0.0090943 0.9987154 -0.0498484
vn 0.0124425 0.9988110 -0.0471353
vn 0.0155083 0.9989127 -0.0439650
vn 0.0296184 0.9994307 -0.0161563
vn 0.0328941 0.9993617 -0.0139360
vn 0.0358115 0.9992930 -0.0114450
vn 0.0383408 0.9992266 -0.0087239
vn 0.0404576 0.9991643 -0.0058165
vn 0.0421434 0.9991077 -0.0027684
vn 0.0433854 0.9990583 0.0003731
vn 0.0441768 0.9990174 0.0035598
vn 0.0445170 0.9989859 0.0067439
vn 0.0444113 0.9989645 0.0098779
vn 0.0438706 0.9989537 0.0129157
vn 0.0429115 0.9989537 0.0158134
vn 0.0415559 0.9989643 0.0185294
vn 0.0398303 0.9989852 0.0210255
vn 0.0377656 0.9990157 0.0232673
vn 0.0353968 0.9990550 0.0252243
vn 0.0327620 0.9991019 0.0268708
vn 0.0299019 0.9991554 0.0281858
vn 0.0268595 0.9992140 0.0291535
vn 0.0236791 0.9992765 0.0297632
vn 0.0204056 0.9993413 0.0300099
vn 0.0170841 0.9994071 0.0298935
vn 0.0137591 0.9994725 0.0294192
vn 0.0104739 0.9995361 0.0285976
vn 0.0072700 0.9995969 0.0274436
vn 0.0041862 0.9996538 0.0259770
vn 0.0012588 0.9997058 0.0242215
vn -0.0014795 0.9997524 0.0222045
vn -0.0039999 0.9997928 0.0199565
vn -0.0062775 0.9998270 0.0175107
vn -0.0082919 0.9998546 0.0149023
vn -0.0100274 0.9998757 0.0121680
vn -0.0114726 0.9998905 0.0093453
vn -0.0126211 0.9998994 0.0064721
vn -0.0134711 0.9999028 0.0035857
vn -0.0140253 0.9999014 0.0007228
vn -0.0142908 0.9998957 -0.0020816
vn -0.0142785 0.9998866 -0.0047945
vn -0.0140034 0.9998747 -0.0073851
vn -0.0134837 0.9998608 -0.0098255
vn -0.0127404 0.9998457 -0.0120913
vn -0.0117972 0.9998301 -0.0141612
vn -0.0106798 0.9998147 -0.0160178
vn -0.0094152 0.9997999 -0.0176476
vn -0.0080316 0.9997864 -0.0190410
vn -0.0065575 0.9997746 -0.0201924
vn -0.0050214 0.9997648 -0.0211002
vn -0.0034513 0.9997571 -0.0217664
vn -0.0018741 0.9997519 -0.0221968
vn -0.0003153 0.9997490 -0.0224006
vn 0.0012013 0.9997486 -0.0223900
vn 0.0026544 0.9997505 -0.0221800
vn 0.0040248 0.9997545 -0.0217880
vn 0.0052962 0.9997605 -0.0212333
vn 0.0064554 0.9997683 -0.0205370
vn 0.0074919 0.9997775 -0.0197209
vn 0.0083985 0.9997878 -0.0188077
vn 0.0091710 0.9997991 -0.0178203
vn 0.0098081 0.9998111 -0.0167813
vn 0.0103116 0.9998234 -0.0157124
vn 0.0106860 0.9998358 -0.0146346
vn 0.0109381 0.9998481 -0.0135673
vn 0.0110772 0.9998602 -0.0125280
vn 0.0111141 0.9998717 -0.0115322
vn 0.0110617 0.9998827 -0.0105932
vn 0.0109336 0.9998930 -0.0097218
vn 0.0107445 0.9999024 -0.0089261
vn 0.0105093 0.9999111 -0.0082118
vn 0.0102432 0.9999188 -0.0075816
vn 0.0099609 0.9999256 -0.0070358
vn 0.0096761 0.9999316 -0.0065722
vn 0.0094018 0.9999367 -0.0061863
vn 0.0091494 0.9999409 -0.0058711
vn 0.0089286 0.9999444 -0.0056182
vn 0.0087471 0.9999471 -0.0054174
vn 0.0086107 0.9999491 -0.0052571
vn 0.0085226 0.9999505 -0.0051249
vn 0.0084839 0.9999515 -0.0050080
vn 0.0084931 0.9999520 -0.0048932
vn 0.0085464 0.9999521 -0.0047676
vn 0.0086376 0.9999520 -0.0046188
vn 0.0087585 0.9999518 -0.0044354
vn 0.0088987 0.9999516 -0.0042073
vn 0.0090461 0.9999514 -0.0039259
vn 0.0091872 0.9999514 -0.0035844
vn 0.0093072 0.9999516 -0.0031784
vn 0.0093904 0.9999522 -0.0027054
vn 0.0094208 0.9999533 -0.0021655
vn 0.0093823 0.9999548 -0.0015613
vn 0.0092590 0.9999567 -0.0008979
vn 0.0090357 0.9999592 -0.0001829
vn 0.0086984 0.9999620 0.0005739
vn 0.0082348 0.9999652 0.0013600
vn 0.0076340 0.9999685 0.0021612
vn 0.0068876 0.9999719 0.0029614
vn 0.0059896 0.9999751 0.0037428
vn 0.0049367 0.9999777 0.0044868
vn 0.0037286 0.9999797 0.0051735
vn 0.0023681 0.9999805 0.0057830
vn 0.0008610 0.9999798 0.0062952
vn -0.0007835 0.9999773 0.0066905
vn -0.0025532 0.9999726 0.0069502
vn -0.0044327 0.9999653 0.0070569
vn -0.0064037 0.9999550 0.0069950
vn -0.0084452 0.9999416 0.0067510
vn -0.0105338 0.9999246 0.0063139
vn -0.0126440 0.9999040 0.0056757
vn -0.0147486 0.9998796 0.0048315
vn -0.0168190 0.9998514 0.0037799
vn -0.0188260 0.9998196 0.0025229
vn -0.0207397 0.9997843 0.0010664
vn -0.0225306 0.9997460 -0.0005798
vn -0.0241699 0.9997050 -0.0024024
vn -0.0256299 0.9996619 -0.0043841
vn -0.0268845 0.9996174 -0.0065043
vn -0.0279100 0.9995722 -0.0087387
vn -0.0286852 0.9995273 -0.0110601
vn -0.0291923 0.9994835 -0.0134385
vn -0.0294166 0.9994417 -0.0158417
vn -0.0293475 0.9994029 -0.0182353
vn -0.0289785 0.9993681 -0.0205837
vn -0.0283073 0.9993381 -0.0228502
vn -0.0273363 0.9993137 -0.0249979
vn -0.0260724 0.9992956 -0.0269902
vn -0.0245269 0.9992845 -0.0287911
vn -0.0227160 0.9992807 -0.0303661
vn -0.0206601 0.9992844 -0.0316828
vn -0.0183837 0.9992958 -0.0327112
vn -0.0159153 0.9993145 -0.0334245
vn -0.0132870 0.9993403 -0.0337992
vn -0.0105338 0.9993726 -0.0338163
vn -0.0076935 0.9994104 -0.0334609
vn -0.0048062 0.9994529 -0.0327230
vn -0.0019132 0.9994988 -0.0315976
vn 0.0009431 0.9995469 -0.0300850
vn 0.0037200 0.9995956 -0.0281909
vn 0.0063750 0.9996435 -0.0259266
vn 0.0088669 0.9996890 -0.0233084
vn 0.0111560 0.9997305 -0.0203583
vn 0.0132048 0.9997665 -0.0171031
vn 0.0149791 0.9997957 -0.0135746
vn 0.0164477 0.9998166 -0.0098087
vn 0.0175839 0.9998283 -0.0058455
vn 0.0183653 0.9998298 -0.0017286
vn 0.0187745 0.9998206 0.0024957
vn 0.0187994 0.9998003 0.0067788
vn 0.0184336 0.9997688 0.0110705
vn 0.0176762 0.9997264 0.0153197
vn 0.0165324 0.9996736 0.0194753
vn 0.0150130 0.9996114 0.0234868
vn 0.0131347 0.9995409 0.0273048
vn 0.0109197 0.9994634 0.0308824
vn 0.0083957 0.9993806 0.0341750
vn 0.0055951 0.9992943 0.0371418
vn 0.0025549 0.9992066 0.0397458
vn -0.0006838 0.9991193 0.0419547
vn -0.0040764 0.9990346 0.0437412
vn -0.0075758 0.9989545 0.0450835
vn -0.0111323 0.9988810 0.0459658
vn -0.0146951 0.9988159 0.0463780
vn -0.0182125 0.9987608 0.0463166
vn -0.0216327 0.9987171 0.0457841
vn -0.0249049 0.9986860 0.0447895
vn -0.0279796 0.9986682 0.0433478
vn -0.0308097 0.9986642 0.0414801
vn -0.0333508 0.9986741 0.0392132
vn -0.0355622 0.9986978 0.0365790
vn -0.0374073 0.9987346 0.0336146
vn -0.0388541 0.9987835 0.0303613
vn -0.0398761 0.9988434 0.0268641
vn -0.0404521 0.9989128 0.0231714
vn -0.0405671 0.9989897 0.0193340
vn -0.0402120 0.9990724 0.0154043
vn -0.0393842 0.9991587 0.0114359
vn -0.0380878 0.9992464 0.0074826
vn -0.0363328 0.9993333 0.0035978
vn -0.0341358 0.9994172 -0.0001665
vn -0.0315195 0.9994961 -0.0037603
vn -0.0285122 0.9995680 -0.0071364
vn -0.0251477 0.9996312 -0.0102509
vn -0.0214646 0.9996843 -0.0130639
vn -0.0175060 0.9997260 -0.0155403
vn -0.0133185 0.9997555 -0.0176500
vn -0.0089521 0.9997723 -0.0193683
vn -0.0044590 0.9997763 -0.0206765
vn 0.0001072 0.9997675 -0.0215619
vn 0.0046918 0.9997466 -0.0220181
vn 0.0092401 0.9997143 -0.0220449
vn 0.0136983 0.9996718 -0.0216483
vn 0.0180139 0.9996205 -0.0208405
vn 0.0221367 0.9995620 -0.0196394
vn 0.0260194 0.9994981 -0.0180685
vn 0.0157330 0.9998725 -0.0027172
vn 0.0175912 0.9998433 -0.0019828
vn 0.0192894 0.9998133 -0.0011222
vn 0.0208113 0.9997834 -0.0001518
vn 0.0221429 0.9997544 0.0009106
vn 0.0232728 0.9997271 0.0020457
vn 0.0241923 0.9997021 0.0032337
vn 0.0248951 0.9996801 0.0044536
vn 0.0253780 0.9996618 0.0056845
vn 0.0256405 0.9996474 0.0069054
vn 0.0256846 0.9996373 0.0080955
vn 0.0255152 0.9996318 0.0092347
vn 0.0251398 0.9996308 0.0103039
vn 0.0245682 0.9996345 0.0112849
vn 0.0238124 0.9996425 0.0121613
vn 0.0228866 0.9996546 0.0129181
vn 0.0218068 0.9996705 0.0135424
vn 0.0205904 0.9996896 0.0140232
vn 0.0192562 0.9997116 0.0143517
vn 0.0178241 0.9997357 0.0145215
vn 0.0163144 0.9997614 0.0145285
vn 0.0147481 0.9997880 0.0143710
vn 0.0131462 0.9998149 0.0140497
vn 0.0115295 0.9998415 0.0135676
vn 0.0099183 0.9998672 0.0129301
vn 0.0083322 0.9998915 0.0121447
vn 0.0067896 0.9999140 0.0112208
vn 0.0053079 0.9999342 0.0101698
vn 0.0039028 0.9999518 0.0090048
vn 0.0025885 0.9999667 0.0077400
vn 0.0013773 0.9999786 0.0063912
vn 0.0002795 0.9999876 0.0049749
vn -0.0006965 0.9999936 0.0035082
vn -0.0015444 0.9999968 0.0020088
vn -0.0022602 0.9999973 0.0004944
vn -0.0028418 0.9999954 -0.0010175
vn -0.0032891 0.9999914 -0.0025096
vn -0.0036043 0.9999856 -0.0039655
vn -0.0037911 0.9999784 -0.0053694
vn -0.0038552 0.9999701 -0.0067069
vn -0.0038038 0.9999610 -0.0079648
vn -0.0036454 0.9999517 -0.0091311
vn -0.0033899 0.9999423 -0.0101957
vn -0.0030480 0.9999332 -0.0111501
vn -0.0026313 0.9999247 -0.0119876
vn -0.0021519 0.9999170 -0.0127032
vn -0.0016222 0.9999103 -0.0132940
vn -0.0010547 0.9999048 -0.0137586
vn -0.0004619 0.9999005 -0.0140977
vn 0.0001442 0.9998975 -0.0143135
vn 0.0007521 0.9998959 -0.0144100
vn 0.0013510 0.9998955 -0.0143925
vn 0.0019309 0.9998963 -0.0142677
vn 0.0024829 0.9998983 -0.0140436
vn 0.0029991 0.9999013 -0.0137292
vn 0.0034732 0.9999051 -0.0133343
vn 0.0038996 0.9999096 -0.0128691
vn 0.0042744 0.9999147 -0.0123445
vn 0.0045950 0.9999202 -0.0117716
vn 0.0048601 0.9999259 -0.0111613
vn 0.0050695 0.9999318 -0.0105246
vn 0.0052244 0.9999376 -0.0098719
vn 0.0053270 0.9999434 -0.0092133
vn 0.0053806 0.9999489 -0.0085579
vn 0.0053894 0.9999542 -0.0079144
vn 0.0053580 0.9999591 -0.0072901
vn 0.0052921 0.9999636 -0.0066916
vn 0.0051974 0.9999677 -0.0061243
vn 0.0050801 0.9999715 -0.0055925
vn 0.0049464 0.9999748 -0.0050993
vn 0.0048024 0.9999777 -0.0046465
vn 0.0046540 0.9999802 -0.0042351
vn 0.0045066 0.9999824 -0.0038648
vn 0.0043653 0.9999842 -0.0035343
vn 0.0042342 0.9999858 -0.0032415
vn 0.0041169 0.9999871 -0.0029836
vn 0.0040161 0.9999881 -0.0027568
vn 0.0039334 0.9999890 -0.0025570
vn 0.0038697 0.9999897 -0.0023800
vn 0.0038247 0.9999902 -0.0022208
vn 0.0037971 0.9999906 -0.0020748
vn 0.0037848 0.9999910 -0.0019374
vn 0.0037846 0.9999912 -0.0018040
vn 0.0037925 0.9999914 -0.0016707
vn 0.0038038 0.9999916 -0.0015340
vn 0.0038130 0.9999918 -0.0013910
vn 0.0038144 0.9999920 -0.0012396
vn 0.0038014 0.9999922 -0.0010784
vn 0.0037677 0.9999925 -0.0009070
vn 0.0037066 0.9999929 -0.0007261
vn 0.0036115 0.9999933 -0.0005369
vn 0.0034762 0.9999939 -0.0003419
vn 0.0032950 0.9999946 -0.0001443
vn 0.0030624 0.9999953 0.0000516
vn 0.0027741 0.9999961 0.0002409
vn 0.0024264 0.9999970 0.0004180
vn 0.0020166 0.9999978 0.0005767
vn 0.0015433 0.9999986 0.0007104
vn 0.0010062 0.9999992 0.0008121
vn 0.0004061 0.9999995 0.0008748
vn -0.0002547 0.9999996 0.0008915
vn -0.0009726 0.9999992 0.0008554
vn -0.0017428 0.9999982 0.0007600
vn -0.0025591 0.9999965 0.0005996
vn -0.0034141 0.9999941 0.0003690
vn -0.0042994 0.9999908 0.0000641
vn -0.0052055 0.9999864 -0.0003183
vn -0.0061220 0.9999810 -0.0007803
vn -0.0070379 0.9999744 -0.0013223
vn -0.0079416 0.9999666 -0.0019436
vn -0.0088210 0.9999576 -0.0026421
vn -0.0096640 0.9999475 -0.0034140
vn -0.0104586 0.9999363 -0.0042539
vn -0.0111929 0.9999241 -0.0051550
vn -0.0118556 0.9999111 -0.0061090
vn -0.0124362 0.9998974 -0.0071062
vn -0.0129249 0.9998834 -0.0081353
vn -0.0133131 0.9998692 -0.0091841
vn -0.0135934 0.9998552 -0.0102392
vn -0.0137601 0.9998416 -0.0112862
vn -0.0138088 0.9998289 -0.0123100
vn -0.0137369 0.9998173 -0.0132952
vn -0.0135437 0.9998071 -0.0142259
vn -0.0132304 0.9997987 -0.0150863
vn -0.0127998 0.9997923 -0.0158608
vn -0.0122569 0.9997882 -0.0165341
vn -0.0116085 0.9997865 -0.0170918
vn -0.0108632 0.9997875 -0.0175203
vn -0.0100313 0.9997911 -0.0178075
vn -0.0091246 0.9997974 -0.0179422
vn -0.0081565 0.9998062 -0.0179154
vn -0.0071417 0.9998175 -0.0177195
vn -0.0060958 0.9998309 -0.0173490
vn -0.0050352 0.9998462 -0.0168008
vn -0.0039771 0.9998629 -0.0160737
vn -0.0029389 0.9998806 -0.0151689
vn -0.0019379 0.9998989 -0.0140900
vn -0.0009915 0.9999170 -0.0128431
vn -0.0001163 0.9999346 -0.0114364
vn 0.0006717 0.9999510 -0.0098806
vn 0.0013575 0.9999656 -0.0081885
vn 0.0019276 0.9999778 -0.0063748
vn 0.0023700 0.9999873 -0.0044565
vn 0.0026743 0.9999934 -0.0024518
vn 0.0028323 0.9999959 -0.0003808
vn 0.0028377 0.9999945 0.0017356
vn 0.0026867 0.9999889 0.0038753
vn 0.0023777 0.9999791 0.0060156
vn 0.0019117 0.9999651 0.0081336
vn 0.0012921 0.9999471 0.0102062
vn 0.0005248 0.9999253 0.0122108
vn -0.0003819 0.9999002 0.0141252
vn -0.0014173 0.9998721 0.0159285
vn -0.0025686 0.9998418 0.0176006
vn -0.0038207 0.9998098 0.0191233
vn -0.0051568 0.9997770 0.0204801
vn -0.0065584 0.9997440 0.0216564
vn -0.0080057 0.9997116 0.0226399
vn -0.0094775 0.9996808 0.0234210
vn -0.0109520 0.9996522 0.0239923
vn -0.0124067 0.9996265 0.0243494
vn -0.0138192 0.9996045 0.0244905
vn -0.0151669 0.9995868 0.0244165
vn -0.0164277 0.9995738 0.0241314
vn -0.0175803 0.9995659 0.0236417
vn -0.0186047 0.9995633 0.0229566
vn -0.0194819 0.9995662 0.0220878
vn -0.0201950 0.9995745 0.0210494
vn -0.0207287 0.9995879 0.0198577
vn -0.0210700 0.9996063 0.0185308
vn -0.0212083 0.9996290 0.0170886
vn -0.0211356 0.9996556 0.0155523
vn -0.0208466 0.9996854 0.0139443
vn -0.0203387 0.9997176 0.0122876
vn -0.0196122 0.9997514 0.0106057
vn -0.0186703 0.9997859 0.0089223
vn -0.0175191 0.9998202 0.0072607
vn -0.0161675 0.9998534 0.0056438
vn -0.0146269 0.9998846 0.0040934
vn -0.0129116 0.9999132 0.0026303
vn -0.0110379 0.9999383 0.0012736
vn -0.0090244 0.9999593 0.0000406
vn -0.0068918 0.9999757 -0.0010531
vn -0.0046620 0.9999871 -0.0019945
vn -0.0023587 0.9999934 -0.0027729
vn -0.0000061 0.9999943 -0.0033801
vn 0.0023706 0.9999899 -0.0038106
vn 0.0047459 0.9999805 -0.0040617
vn 0.0070945 0.9999663 -0.0041332
vn 0.0093913 0.9999478 -0.0040280
vn 0.0116119 0.9999255 -0.0037512
vn 0.0137331 0.9999002 -0.0033109
vn 0.0000000 1.0000000 0.0000000
vn 0.0000000 1.0000000 0.0000000
vn 0.0000000 1.0000000 0.0000000
vn 0.0000000 1.0000000 0.0000000
vn 0.0000000 1.0000000 0.0000000
vn 0.0000000 1.0000000 0.0000000
vn 0.0000000 1.0000000 0.0000000
vn 0.0000000 1.0000000 0.0000000
vn 0.0000000 1.0000000 0.0000000
vn 0.0000000 1.0000000 0.0000000
vn 0.0000000 1.0000000 0.0000000
vn 0.0000000 1.0000000 0.0000000
vn 0.0000000 1.0000000 0.0000000
vn 0.0000000 1.0000000 0.0000000
vn 0.0000000 1.0000000 0.0000000
vn 0.0000000 1.0000000 0.0000000
vn 0.0000000 1.0000000 0.0000000
vn 0.0000000 1.0000000 0.0000000
vn 0.0000000 1.0000000 0.0000000
vn 0.0000000 1.0000000 0.0000000
vn 0.0000000 1.0000000 0.0000000
vn 0.0000000 1.0000000 0.0000000
vn 0.0000000 1.0000000 0.0000000
vn 0.0000000 1.0000000 0.0000000
vn 0.0000000 1.0000000 0.0000000
vn 0.0000000 1.0000000 0.0000000
vn 0.0000000 1.0000000 0.0000000
vn 0.0000000 1.0000000 0.0000000
vn 0.0000000 1.0000000 0.0000000
vn 0.0000000 1.0000000 0.0000000
vn 0.0000000 1.0000000 0.0000000
vn 0.0000000 1.0000000 0.0000000
vn 0.0000000 1.0000000 0.0000000
vn 0.0000000 1.0000000 0.0000000
vn 0.0000000 1.0000000 0.0000000
vn 0.0000000 1.0000000 0.0000000
vn 0.0000000 1.0000000 0.0000000
vn 0.0000000 1.0000000 0.0000000
vn 0.0000000 1.0000000 0.0000000
vn 0.0000000 1.0000000 0.0000000
vn 0.0000000 1.0000000 0.0000000
vn 0.0000000 1.0000000 0.0000000
vn 0.0000000 1.0000000 0.0000000
vn 0.0000000 1.0000000 0.0000000
vn 0.0000000 1.0000000 0.0000000
vn 0.0000000 1.0000000 0.0000000
vn 0.0000000 1.0000000 0.0000000
vn 0.0000000 1.0000000 0.0000000
vn 0.0000000 1.0000000 0.0000000
vn 0.0000000 1.0000000 0.0000000
vn 0.0000000 1.0000000 0.0000000
vn 0.0000000 1.0000000 0.0000000
vn 0.0000000 1.0000000 0.0000000
vn 0.0000000 1.0000000 0.0000000
vn 0.0000000 1.0000000 0.0000000
vn 0.0000000 1.0000000 0.0000000
vn 0.0000000 1.0000000 0.0000000
vn 0.0000000 1.0000000 0.0000000
vn 0.0000000 1.0000000 0.0000000
vn 0.0000000 1.0000000 0.0000000
vn 0.0000000 1.0000000 0.0000000
vn 0.0000000 1.0000000 0.0000000
vn 0.0000000 1.0000000 0.0000000
vn 0.0000000 1.0000000 0.0000000
vn 0.0000000 1.0000000 0.0000000
vn 0.0000000 1.0000000 0.0000000
vn 0.0000000 1.0000000 0.0000000
vn 0.0000000 1.0000000 0.0000000
vn 0.0000000 1.0000000 0.0000000
vn 0.0000000 1.0000000 0.0000000
vn 0.0000000 1.0000000 0.0000000
vn 0.0000000 1.0000000 0.0000000
vn 0.0000000 1.0000000 0.0000000
vn 0.0000000 1.0000000 0.0000000
vn 0.0000000 1.0000000 0.0000000
vn 0.0000000 1.0000000 0.0000000
vn 0.0000000 1.0000000 0.0000000
vn 0.0000000 1.0000000 0.0000000
vn 0.0000000 1.0000000 0.0000000
vn 0.0000000 1.0000000 0.0000000
vn 0.0000000 1.0000000 0.0000000
vn 0.0000000 1.0000000 0.0000000
vn 0.0000000 1.0000000 0.0000000
vn 0.0000000 1.0000000 0.0000000
vn 0.0000000 1.0000000 0.0000000
vn 0.0000000 1.0000000 0.0000000
vn 0.0000000 1.0000000 0.0000000
vn 0.0000000 1.0000000 0.0000000
vn 0.0000000 1.0000000 0.0000000
vn 0.0000000 1.0000000 0.0000000
vn 0.0000000 1.0000000 0.0000000
vn 0.0000000 1.0000000 0.0000000
vn 0.0000000 1.0000000 0.0000000
vn 0.0000000 1.0000000 0.0000000
vn 0.0000000 1.0000000 0.0000000
vn 0.0000000 1.0000000 0.0000000
vn 0.0000000 1.0000000 0.0000000
vn 0.0000000 1.0000000 0.0000000
vn 0.0000000 1.0000000 0.0000000
vn 0.0000000 1.0000000 0.0000000
vn 0.0000000 1.0000000 0.0000000
vn 0.0000000 1.0000000 0.0000000
vn 0.0000000 1.0000000 0.0000000
vn 0.0000000 1.0000000 0.0000000
vn 0.0000000 1.0000000 0.0000000
vn 0.0000000 1.0000000 0.0000000
vn 0.0000000 1.0000000 0.0000000
vn 0.0000000 1.0000000 0.0000000
vn 0.0000000 1.0000000 0.0000000
vn 0.0000000 1.0000000 0.0000000
vn 0.0000000 1.0000000 0.0000000
vn 0.0000000 1.0000000 0.0000000
vn 0.0000000 1.0000000 0.0000000
vn 0.0000000 1.0000000 0.0000000
vn 0.0000000 1.0000000 0.0000000
vn 0.0000000 1.0000000 0.0000000
vn 0.0000000 1.0000000 0.0000000
vn 0.0000000 1.0000000 0.0000000
vn 0.0000000 1.0000000 0.0000000
vn 0.0000000 1.0000000 0.0000000
vn 0.0000000 1.0000000 0.0000000
vn 0.0000000 1.0000000 0.0000000
vn 0.0000000 1.0000000 0.0000000
vn 0.0000000 1.0000000 0.0000000
vn 0.0000000 1.0000000 0.0000000
vn 0.0000000 1.0000000 0.0000000
vn 0.0000000 1.0000000 0.0000000
vn 0.0000000 1.0000000 0.0000000
vn 0.0000000 1.0000000 0.0000000
vn 0.0000000 1.0000000 0.0000000
vn 0.0000000 1.0000000 0.0000000
vn 0.0000000 1.0000000 0.0000000
vn 0.0000000 1.0000000 0.0000000
vn 0.0000000 1.0000000 0.0000000
vn 0.0000000 1.0000000 0.0000000
vn 0.0000000 1.0000000 0.0000000
vn 0.0000000 1.0000000 0.0000000
vn 0.0000000 1.0000000 0.0000000
vn 0.0000000 1.0000000 0.0000000
vn 0.0000000 1.0000000 0.0000000
vn 0.0000000 1.0000000 0.0000000
vn 0.0000000 1.0000000 0.0000000
vn 0.0000000 1.0000000 0.0000000
vn 0.0000000 1.0000000 0.0000000
vn 0.0000000 1.0000000 0.0000000
vn 0.0000000 1.0000000 0.0000000
vn 0.0000000 1.0000000 0.0000000
vn 0.0000000 1.0000000 0.0000000
vn 0.0000000 1.0000000 0.0000000
vn 0.0000000 1.0000000 0.0000000
vn 0.0000000 1.0000000 0.0000000
vn 0.0000000 1.0000000 0.0000000
vn 0.0000000 1.0000000 0.0000000
vn 0.0000000 1.0000000 0.0000000
vn 0.0000000 1.0000000 0.0000000
vn 0.0000000 1.0000000 0.0000000
vn 0.0000000 1.0000000 0.0000000
vn 0.0000000 1.0000000 0.0000000
vn 0.0000000 1.0000000 0.0000000
vn 0.0000000 1.0000000 0.0000000
vn 0.0000000 1.0000000 0.0000000
vn 0.0000000 1.0000000 0.0000000
vn 0.0000000 1.0000000 0.0000000
vn 0.0000000 1.0000000 0.0000000
vn 0.0000000 1.0000000 0.0000000
vn 0.0000000 1.0000000 0.0000000
vn 0.0000000 1.0000000 0.0000000
vn 0.0000000 1.0000000 0.0000000
vn 0.0000000 1.0000000 0.0000000
vn 0.0000000 1.0000000 0.0000000
vn 0.0000000 1.0000000 0.0000000
vn 0.0000000 1.0000000 0.0000000
vn 0.0000000 1.0000000 0.0000000
vn 0.0000000 1.0000000 0.0000000
vn 0.0000000 1.0000000 0.0000000
vn 0.0000000 1.0000000 0.0000000
vn 0.0000000 1.0000000 0.0000000
vn 0.0000000 1.0000000 0.0000000
vn 0.0000000 1.0000000 0.0000000
vn 0.0000000 1.0000000 0.0000000
vn 0.0000000 1.0000000 0.0000000
vn 0.0000000 1.0000000 0.0000000
vn 0.0000000 1.0000000 0.0000000
vn 0.0000000 1.0000000 0.0000000
vn 0.0000000 1.0000000 0.0000000
vn 0.0000000 1.0000000 0.0000000
vn 0.0000000 1.0000000 0.0000000
vn 0.0000000 1.0000000 0.0000000
vn 0.0000000 1.0000000 0.0000000
vn 0.0000000 1.0000000 0.0000000
vn 0.0000000 1.0000000 0.0000000
vn 0.0000000 1.0000000 0.0000000
vn 0.0000000 1.0000000 0.0000000
vn 0.0000000 1.0000000 0.0000000
vn 0.0000000 1.0000000 0.0000000
vn 0.0000000 1.0000000 0.0000000
vn 0.0000000 1.0000000 0.0000000
vn 0.0000000 1.0000000 0.0000000
vn 0.0000000 1.0000000 0.0000000
vn 0.0000000 1.0000000 0.0000000
vn 0.0000000 1.0000000 0.0000000
vn 0.0000000 1.0000000 0.0000000
vn 0.0000000 1.0000000 0.0000000
vn 0.0000000 1.0000000 0.0000000
vn 0.0000000 1.0000000 0.0000000
vn 0.0000000 1.0000000 0.0000000
vn 0.0000000 1.0000000 0.0000000
vn 0.0000000 1.0000000 0.0000000
vn 0.0000000 1.0000000 0.0000000
vn 0.0000000 1.0000000 0.0000000
vn 0.0000000 1.0000000 0.0000000
vn 0.0000000 1.0000000 0.0000000
vn 0.0000000 1.0000000 0.0000000
vn 0.0000000 1.0000000 0.0000000
vn 0.0000000 1.0000000 0.0000000
vn 0.0000000 1.0000000 0.0000000
vn 0.0000000 1.0000000 0.0000000
vn 0.0000000 1.0000000 0.0000000
vn 0.0000000 1.0000000 0.0000000
vn 0.0000000 1.0000000 0.0000000
vn 0.0000000 1.0000000 0.0000000
vn 0.0000000 1.0000000 0.0000000
vn 0.0000000 1.0000000 0.0000000
vn 0.0000000 1.0000000 0.0000000
vn 0.0000000 1.0000000 0.0000000
vn 0.0000000 1.0000000 0.0000000
vn 0.0000000 1.0000000 0.0000000
vn 0.0000000 1.0000000 0.0000000
vn 0.0000000 1.0000000 0.0000000
vn 0.0000000 1.0000000 0.0000000
vn 0.0000000 1.0000000 0.0000000
vn 0.0000000 1.0000000 0.0000000
vn 0.0000000 1.0000000 0.0000000
vn 0.0000000 1.0000000 0.0000000
vn 0.0000000 1.0000000 0.0000000
vn 0.0000000 1.0000000 0.0000000
vn 0.0000000 1.0000000 0.0000000
vn 0.0000000 1.0000000 0.0000000
vn 0.0000000 1.0000000 0.0000000
vn 0.0000000 1.0000000 0.0000000
vn 0.0000000 1.0000000 0.0000000
vn 0.0000000 1.0000000 0.0000000
vn 0.0000000 1.0000000 0.0000000
vn 0.0000000 1.0000000 0.0000000
vn 0.0000000 1.0000000 0.0000000
vn 0.0000000 1.0000000 0.0000000
vn 0.0000000 1.0000000 0.0000000
vn 0.0000000 1.0000000 0.0000000
vn 0.0000000 1.0000000 0.0000000
vn 0.0000000 1.0000000 0.0000000
vn 0.0000000 1.0000000 0.0000000
vn 0.0000000 1.0000000 0.0000000
vn 0.0000000 1.0000000 0.0000000
vn 0.0000000 1.0000000 0.0000000
vn 0.0000000 1.0000000 0.0000000
vn 0.0000000 1.0000000 0.0000000
vn 0.0000000 1.0000000 0.0000000
vn 0.0000000 1.0000000 0.0000000
vn 0.0000000 1.0000000 0.0000000
vn 0.0000000 1.0000000 0.0000000
vn 0.0000000 1.0000000 0.0000000
vn 0.0000000 1.0000000 0.0000000
vn 0.0000000 1.0000000 0.0000000
vn 0.0000000 1.0000000 0.0000000
vn 0.0000000 1.0000000 0.0000000
vn 0.0000000 1.0000000 0.0000000
vn 0.0000000 1.0000000 0.0000000
vn 0.0000000 1.0000000 0.0000000
vn 0.0000000 1.0000000 0.0000000
vn 0.0000000 1.0000000 0.0000000
vn 0.0000000 1.0000000 0.0000000
vn 0.0000000 1.0000000 0.0000000
vn 0.0000000 1.0000000 0.0000000
vn 0.0000000 1.0000000 0.0000000
vn 0.0000000 1.0000000 0.0000000
vn 0.0000000 1.0000000 0.0000000
vn 0.0000000 1.0000000 0.0000000
vn 0.0000000 1.0000000 0.0000000
vn 0.0000000 1.0000000 0.0000000
vn 0.0000000 1.0000000 0.0000000
vn 0.0000000 1.0000000 0.0000000
vn 0.0000000 1.0000000 0.0000000
vn 0.0000000 1.0000000 0.0000000
vn 0.0000000 1.0000000 0.0000000
vn 0.0000000 1.0000000 0.0000000
vn 0.0000000 1.0000000 0.0000000
vn 0.0000000 1.0000000 0.0000000
vn 0.0000000 1.0000000 0.0000000
vn 0.0000000 1.0000000 0.0000000
vn 0.0000000 1.0000000 0.0000000
vn 0.0000000 1.0000000 0.0000000
vn 0.0000000 1.0000000 0.0000000
vn 0.0000000 1.0000000 0.0000000
vn 0.0000000 1.0000000 0.0000000
vn 0.0000000 1.0000000 0.0000000
vn 0.0000000 1.0000000 0.0000000
vn 0.0000000 1.0000000 0.0000000
vn 0.0000000 1.0000000 0.0000000
vn 0.0000000 1.0000000 0.0000000
vn 0.0000000 1.0000000 0.0000000
vn 0.0000000 1.0000000 0.0000000
vn 0.0000000 1.0000000 0.0000000
vn 0.0000000 1.0000000 0.0000000
vn 0.0000000 1.0000000 0.0000000
vn 0.0000000 1.0000000 0.0000000
vn 0.0000000 1.0000000 0.0000000
vn 0.0000000 1.0000000 0.0000000
vn 0.0000000 1.0000000 0.0000000
vn 0.0000000 1.0000000 0.0000000
vn 0.0000000 1.0000000 0.0000000
vn 0.0000000 1.0000000 0.0000000
vn 0.0000000 1.0000000 0.0000000
vn 0.0000000 1.0000000 0.0000000
vn 0.0000000 1.0000000 0.0000000
vn 0.0000000 1.0000000 0.0000000
vn 0.0000000 1.0000000 0.0000000
vn 0.0000000 1.0000000 0.0000000
vn 0.0000000 1.0000000 0.0000000
vn 0.0000000 1.0000000 0.0000000
vn 0.0000000 1.0000000 0.0000000
vn 0.0000000 1.0000000 0.0000000
vn 0.0000000 1.0000000 0.0000000
vn 0.0000000 1.0000000 0.0000000
vn 0.0000000 1.0000000 0.0000000
vn 0.0000000 1.0000000 0.0000000
vn 0.0000000 1.0000000 0.0000000
vn 0.0000000 1.0000000 0.0000000
vn 0.0000000 1.0000000 0.0000000
vn 0.0000000 1.0000000 0.0000000
vn 0.0000000 1.0000000 0.0000000
vn 0.0000000 1.0000000 0.0000000
vn 0.0000000 1.0000000 0.0000000
vn 0.0000000 1.0000000 0.0000000
vn 0.0000000 1.0000000 0.0000000
vn 0.0000000 1.0000000 0.0000000
vn 0.0000000 1.0000000 0.0000000
vn 0.0000000 1.0000000 0.0000000
vn 0.0000000 1.0000000 0.0000000
vn 0.0000000 1.0000000 0.0000000
vn 0.0000000 1.0000000 0.0000000
vn 0.0000000 1.0000000 0.0000000
vn 0.0000000 1.0000000 0.0000000
vn 0.0000000 1.0000000 0.0000000
vn 0.0000000 1.0000000 0.0000000
vn 0.0000000 1.0000000 0.0000000
vn 0.0000000 1.0000000 0.0000000
vn 0.0000000 1.0000000 0.0000000
vn 0.0000000 1.0000000 0.0000000
vn 0.0000000 1.0000000 0.0000000
vn 0.0000000 1.0000000 0.0000000
vn 0.0000000 1.0000000 0.0000000
vn 0.0000000 1.0000000 0.0000000
vn 0.0000000 1.0000000 0.0000000
vn 0.0000000 1.0000000 0.0000000
vn 0.0000000 1.0000000 0.0000000
vn 0.0000000 1.0000000 0.0000000
vn 0.0000000 1.0000000 0.0000000
vn 0.0000000 1.0000000 0.0000000
vn 0.0000000 1.0000000 0.0000000
vn 0.0000000 1.0000000 0.0000000
vn 0.0000000 1.0000000 0.0000000
vn 0.0000000 1.0000000 0.0000000
vn 0.0000000 1.0000000 0.0000000
vn 0.0000000 1.0000000 0.0000000
vn 0.0000000 1.0000000 0.0000000
vn 0.0000000 1.0000000 0.0000000
vn 0.0000000 1.0000000 0.0000000
vn 0.0000000 1.0000000 0.0000000
vn 0.0000000 1.0000000 0.0000000
vn 0.0000000 1.0000000 0.0000000
vn 0.0000000 1.0000000 0.0000000
vn 0.0000000 1.0000000 0.0000000
vn 0.0000000 1.0000000 0.0000000
vn 0.0000000 1.0000000 0.0000000
vn 0.0000000 1.0000000 0.0000000
vn 0.0000000 1.0000000 0.0000000
vn 0.0000000 1.0000000 0.0000000
vn 0.0000000 1.0000000 0.0000000
vn 0.0000000 1.0000000 0.0000000
vn 0.0000000 1.0000000 0.0000000
vn 0.0000000 1.0000000 0.0000000
vn 0.0000000 1.0000000 0.0000000
vn 0.0000000 1.0000000 0.0000000
vn 0.0000000 1.0000000 0.0000000
vn 0.0000000 1.0000000 0.0000000
vn 0.0000000 1.0000000 0.0000000
vn 0.0000000 1.0000000 0.0000000
vn 0.0000000 1.0000000 0.0000000
vn 0.0000000 1.0000000 0.0000000
vn 0.0000000 1.0000000 0.0000000
vn 0.0000000 1.0000000 0.0000000
vn 0.0000000 1.0000000 0.0000000
vn 0.0000000 1.0000000 0.0000000
vn 0.0000000 1.0000000 0.0000000
vn 0.0000000 1.0000000 0.0000000
vn 0.0000000 1.0000000 0.0000000
vn 0.0000000 1.0000000 0.0000000
vn 0.0000000 1.0000000 0.0000000
vn 0.0000000 1.0000000 0.0000000
vn 0.0000000 1.0000000 0.0000000
vn 0.0000000 1.0000000 0.0000000
vn 0.0000000 1.0000000 0.0000000
vn 0.0000000 1.0000000 0.0000000
vn 0.0000000 1.0000000 0.0000000
vn 0.0000000 1.0000000 0.0000000
vn 0.0000000 1.0000000 0.0000000
vn 0.0000000 1.0000000 0.0000000
vn 0.0000000 1.0000000 0.0000000
vn 0.0000000 1.0000000 0.0000000
vn 0.0000000 1.0000000 0.0000000
vn 0.0000000 1.0000000 0.0000000
vn 0.0000000 1.0000000 0.0000000
vn 0.0000000 1.0000000 0.0000000
vn 0.0000000 1.0000000 0.0000000
vn 0.0000000 1.0000000 0.0000000
vn 0.0000000 1.0000000 0.0000000
vn 0.0000000 1.0000000 0.0000000
vn 0.0000000 1.0000000 0.0000000
vn 0.0000000 1.0000000 0.0000000
vn 0.0000000 1.0000000 0.0000000
vn 0.0000000 1.0000000 0.0000000
vn 0.0000000 1.0000000 0.0000000
vn 0.0000000 1.0000000 0.0000000
vn 0.0000000 1.0000000 0.0000000
vn 0.0000000 1.0000000 0.0000000
vn 0.0000000 1.0000000 0.0000000
vn 0.0000000 1.0000000 0.0000000
vn 0.0000000 1.0000000 0.0000000
vn 0.0000000 1.0000000 0.0000000
vn 0.0000000 1.0000000 0.0000000
vn 0.0000000 1.0000000 0.0000000
vn 0.0000000 1.0000000 0.0000000
vn 0.0000000 1.0000000 0.0000000
vn 0.0000000 1.0000000 0.0000000
vn 0.0000000 1.0000000 0.0000000
vn 0.0000000 1.0000000 0.0000000
vn 0.0000000 1.0000000 0.0000000
vn 0.0000000 1.0000000 0.0000000
vn 0.0000000 1.0000000 0.0000000
vn 0.0000000 1.0000000 0.0000000
vn 0.0000000 1.0000000 0.0000000
vn 0.0000000 1.0000000 0.0000000
vn 0.0000000 1.0000000 0.0000000
vn 0.0000000 1.0000000 0.0000000
vn 0.0000000 1.0000000 0.0000000
vn 0.0000000 1.0000000 0.0000000
vn 0.0000000 1.0000000 0.0000000
vn 0.0000000 1.0000000 0.0000000
vn 0.0000000 1.0000000 0.0000000
vn 0.0000000 1.0000000 0.0000000
vn 0.0000000 1.0000000 0.0000000
vn 0.0000000 1.0000000 0.0000000
vn 0.0000000 1.0000000 0.0000000
vn 0.0000000 1.0000000 0.0000000
vn 0.0000000 1.0000000 0.0000000
vn 0.0000000 1.0000000 0.0000000
vn 0.0000000 1.0000000 0.0000000
vn 0.0000000 1.0000000 0.0000000
vn 0.0000000 1.0000000 0.0000000
vn 0.0000000 1.0000000 0.0000000
vn 0.0000000 1.0000000 0.0000000
vn 0.0000000 1.0000000 0.0000000
vn 0.0000000 1.0000000 0.0000000
vn 0.0000000 1.0000000 0.0000000
vn 0.0000000 1.0000000 0.0000000
vn 0.0000000 1.0000000 0.0000000
vn 0.0000000 1.0000000 0.0000000
vn 0.0000000 1.0000000 0.0000000
vn 0.0000000 1.0000000 0.0000000
vn 0.0000000 1.0000000 0.0000000
vn 0.0000000 1.0000000 0.0000000
vn 0.0000000 1.0000000 0.0000000
vn 0.0000000 1.0000000 0.0000000
vn 0.0000000 1.0000000 0.0000000
vn 0.0000000 1.0000000 0.0000000
vn 0.0000000 1.0000000 0.0000000
vn 0.0000000 1.0000000 0.0000000
vn 0.0000000 1.0000000 0.0000000
vn 0.0000000 1.0000000 0.0000000
vn 0.0000000 1.0000000 0.0000000
vn 0.0000000 1.0000000 0.0000000
vn 0.0000000 1.0000000 0.0000000
vn 0.0000000 1.0000000 0.0000000
vn 0.0000000 1.0000000 0.0000000
vn 0.0000000 1.0000000 0.0000000
vn 0.0000000 1.0000000 0.0000000
vn 0.0000000 1.0000000 0.0000000
vn 0.0000000 1.0000000 0.0000000
vn 0.0000000 1.0000000 0.0000000
vn 0.0000000 1.0000000 0.0000000
vn 0.0000000 1.0000000 0.0000000
vn 0.0000000 1.0000000 0.0000000
vn 0.0000000 1.0000000 0.0000000
vn 0.0000000 1.0000000 0.0000000
vn 0.0000000 1.0000000 0.0000000
vn 0.0000000 1.0000000 0.0000000
vn 0.0000000 1.0000000 0.0000000
vn 0.0000000 1.0000000 0.0000000
vn 0.0000000 1.0000000 0.0000000
vn 0.0000000 1.0000000 0.0000000
vn 0.0000000 1.0000000 0.0000000
vn 0.0000000 1.0000000 0.0000000
vn 0.0000000 1.0000000 0.0000000
vn 0.0000000 1.0000000 0.0000000
vn 0.0000000 1.0000000 0.0000000
vn 0.0000000 1.0000000 0.0000000
vn 0.0000000 1.0000000 0.0000000
vn 0.0000000 1.0000000 0.0000000
vn 0.0000000 1.0000000 0.0000000
vn 0.0000000 1.0000000 0.0000000
vn 0.0000000 1.0000000 0.0000000
vn 0.0000000 1.0000000 0.0000000
vn 0.0000000 1.0000000 0.0000000
vn 0.0000000 1.0000000 0.0000000
vn 0.0000000 1.0000000 0.0000000
vn 0.0000000 1.0000000 0.0000000
vn 0.0000000 1.0000000 0.0000000
vn 0.0000000 1.0000000 0.0000000
vn 0.0000000 1.0000000 0.0000000
vn 0.0000000 1.0000000 0.0000000
vn 0.0000000 1.0000000 0.0000000
vn 0.0000000 1.0000000 0.0000000
vn 0.0000000 1.0000000 0.0000000
vn 0.0000000 1.0000000 0.0000000
vn 0.0000000 1.0000000 0.0000000
vn 0.0000000 1.0000000 0.0000000
vn 0.0000000 1.0000000 0.0000000
vn 0.0000000 1.0000000 0.0000000
vn 0.0000000 1.0000000 0.0000000
vn 0.0000000 1.0000000 0.0000000
vn 0.0000000 1.0000000 0.0000000
vn 0.0000000 1.0000000 0.0000000
vn 0.0000000 1.0000000 0.0000000
vn 0.0000000 1.0000000 0.0000000
vn 0.0000000 1.0000000 0.0000000
vn 0.0000000 1.0000000 0.0000000
vn 0.0000000 1.0000000 0.0000000
vn 0.0000000 1.0000000 0.0000000
vn 0.0000000 1.0000000 0.0000000
vn 0.0000000 1.0000000 0.0000000
vn 0.0000000 1.0000000 0.0000000
vn 0.0000000 1.0000000 0.0000000
vn 0.0000000 1.0000000 0.0000000
vn 0.0000000 1.0000000 0.0000000
vn 0.0000000 1.0000000 0.0000000
vn 0.0000000 1.0000000 0.0000000
vn 0.0000000 1.0000000 0.0000000
vn 0.0000000 1.0000000 0.0000000
vn 0.0000000 1.0000000 0.0000000
vn 0.0000000 1.0000000 0.0000000
vn 0.0000000 1.0000000 0.0000000
vn 0.0000000 1.0000000 0.0000000
vn 0.0000000 1.0000000 0.0000000
vn 0.0000000 1.0000000 0.0000000
vn 0.0000000 1.0000000 0.0000000
vn 0.0000000 1.0000000 0.0000000
vn 0.0000000 1.0000000 0.0000000
vn 0.0000000 1.0000000 0.0000000
vn 0.0000000 1.0000000 0.0000000
vn 0.0000000 1.0000000 0.0000000
vn 0.0000000 1.0000000 0.0000000
vn 0.0000000 1.0000000 0.0000000
vn 0.0000000 1.0000000 0.0000000
vn 0.0000000 1.0000000 0.0000000
vn 0.0000000 1.0000000 0.0000000
vn 0.0000000 1.0000000 0.0000000
vn 0.0000000 1.0000000 0.0000000
vn 0.0000000 1.0000000 0.0000000
vn 0.0000000 1.0000000 0.0000000
vn 0.0000000 1.0000000 0.0000000
vn 0.0000000 1.0000000 0.0000000
vn 0.0000000 1.0000000 0.0000000
vn 0.0000000 1.0000000 0.0000000
vn 0.0000000 1.0000000 0.0000000
vn 0.0000000 1.0000000 0.0000000
vn 0.0000000 1.0000000 0.0000000
vn 0.0000000 1.0000000 0.0000000
vn 0.0000000 1.0000000 0.0000000
vn 0.0000000 1.0000000 0.0000000
vn 0.0000000 1.0000000 0.0000000
vn 0.0000000 1.0000000 0.0000000
vn 0.0000000 1.0000000 0.0000000
vn 0.0000000 1.0000000 0.0000000
vn 0.0000000 1.0000000 0.0000000
vn 0.0000000 1.0000000 0.0000000
vn 0.0000000 1.0000000 0.0000000
vn 0.0000000 1.0000000 0.0000000
vn 0.0000000 1.0000000 0.0000000
vn 0.0000000 1.0000000 0.0000000
vn 0.0000000 1.0000000 0.0000000
vn 0.0000000 1.0000000 0.0000000
vn 0.0000000 1.0000000 0.0000000
vn 0.0000000 1.0000000 0.0000000
vn 0.0000000 1.0000000 0.0000000
vn 0.0000000 1.0000000 0.0000000
vn 0.0000000 1.0000000 0.0000000
vn 0.0000000 1.0000000 0.0000000
vn 0.0000000 1.0000000 0.0000000
vn 0.0000000 1.0000000 0.0000000
vn 0.0000000 1.0000000 0.0000000
vn 0.0000000 1.0000000 0.0000000
vn 0.0000000 1.0000000 0.0000000
vn 0.0000000 1.0000000 0.0000000
vn 0.0000000 1.0000000 0.0000000
vn 0.0000000 1.0000000 0.0000000
vn 0.0000000 1.0000000 0.0000000
vn 0.0000000 1.0000000 0.0000000
vn 0.0000000 1.0000000 0.0000000
vn 0.0000000 1.0000000 0.0000000
vn 0.0000000 1.0000000 0.0000000
vn 0.0000000 1.0000000 0.0000000
vn 0.0000000 1.0000000 0.0000000
vn 0.0000000 1.0000000 0.0000000
vn 0.0000000 1.0000000 0.0000000
vn 0.0000000 1.0000000 0.0000000
vn 0.0000000 1.0000000 0.0000000
vn 0.0000000 1.0000000 0.0000000
vn 0.0000000 1.0000000 0.0000000
vn 0.0000000 1.0000000 0.0000000
vn 0.0000000 1.0000000 0.0000000
vn 0.0000000 1.0000000 0.0000000
vn 0.0000000 1.0000000 0.0000000
vn 0.0000000 1.0000000 0.0000000
vn 0.0000000 1.0000000 0.0000000
vn 0.0000000 1.0000000 0.0000000
vn 0.0000000 1.0000000 0.0000000
vn 0.0000000 1.0000000 0.0000000
vn 0.0000000 1.0000000 0.0000000
vn 0.0000000 1.0000000 0.0000000
vn 0.0000000 1.0000000 0.0000000
vn 0.0000000 1.0000000 0.0000000
vn 0.0000000 1.0000000 0.0000000
vn 0.0000000 1.0000000 0.0000000
vn 0.0000000 1.0000000 0.0000000
vn 0.0000000 1.0000000 0.0000000
vn 0.0000000 1.0000000 0.0000000
vn 0.0000000 1.0000000 0.0000000
vn 0.0000000 1.0000000 0.0000000
vn 0.0000000 1.0000000 0.0000000
vn 0.0000000 1.0000000 0.0000000
vn 0.0000000 1.0000000 0.0000000
vn 0.0000000 1.0000000 0.0000000
vn 0.0000000 1.0000000 0.0000000
vn 0.0000000 1.0000000 0.0000000
vn 0.0000000 1.0000000 0.0000000
vn 0.0000000 1.0000000 0.0000000
vn 0.0000000 1.0000000 0.0000000
vn 0.0000000 1.0000000 0.0000000
vn 0.0000000 1.0000000 0.0000000
vn 0.0000000 1.0000000 0.0000000
vn 0.0000000 1.0000000 0.0000000
vn 0.0000000 1.0000000 0.0000000
vn 0.0000000 1.0000000 0.0000000
vn 0.0000000 1.0000000 0.0000000
vn 0.0000000 1.0000000 0.0000000
vn 0.0000000 1.0000000 0.0000000
vn 0.0000000 1.0000000 0.0000000
vn 0.0000000 1.0000000 0.0000000
vn 0.0000000 1.0000000 0.0000000
vn 0.0000000 1.0000000 0.0000000
vn 0.0000000 1.0000000 0.0000000
vn 0.0000000 1.0000000 0.0000000
vn 0.0000000 1.0000000 0.0000000
vn 0.0000000 1.0000000 0.0000000
vn 0.0000000 1.0000000 0.0000000
vn 0.0000000 1.0000000 0.0000000
vn 0.0000000 1.0000000 0.0000000
vn 0.0000000 1.0000000 0.0000000
vn 0.0000000 1.0000000 0.0000000
vn 0.0000000 1.0000000 0.0000000
vn 0.0000000 1.0000000 0.0000000
vn 0.0000000 1.0000000 0.0000000
vn 0.0000000 1.0000000 0.0000000
vn 0.0000000 1.0000000 0.0000000
vn 0.0000000 1.0000000 0.0000000
vn 0.0000000 1.0000000 0.0000000
vn 0.0000000 1.0000000 0.0000000
vn 0.0000000 1.0000000 0.0000000
vn 0.0000000 1.0000000 0.0000000
vn 0.0000000 1.0000000 0.0000000
vn 0.0000000 1.0000000 0.0000000
vn 0.0000000 1.0000000 0.0000000
vn 0.0000000 1.0000000 0.0000000
vn 0.0000000 1.0000000 0.0000000
vn 0.0000000 1.0000000 0.0000000
vn 0.0000000 1.0000000 0.0000000
vn 0.0000000 1.0000000 0.0000000
vn 0.0000000 1.0000000 0.0000000
vn 0.0000000 1.0000000 0.0000000
vn 0.0000000 1.0000000 0.0000000
vn 0.0000000 1.0000000 0.0000000
vn 0.0000000 1.0000000 0.0000000
vn 0.0000000 1.0000000 0.0000000
vn 0.0000000 1.0000000 0.0000000
vn 0.0000000 1.0000000 0.0000000
vn 0.0000000 1.0000000 0.0000000
vn 0.0000000 1.0000000 0.0000000
vn 0.0000000 1.0000000 0.0000000
vn 0.0000000 1.0000000 0.0000000
vn 0.0000000 1.0000000 0.0000000
vn 0.0000000 1.0000000 0.0000000
vn 0.0000000 1.0000000 0.0000000
vn 0.0000000 1.0000000 0.0000000
vn 0.0000000 1.0000000 0.0000000
vn 0.0000000 1.0000000 0.0000000
vn 0.0000000 1.0000000 0.0000000
vn 0.0000000 1.0000000 0.0000000
vn 0.0000000 1.0000000 0.0000000
vn 0.0000000 1.0000000 0.0000000
vn 0.0000000 1.0000000 0.0000000
vn 0.0000000 1.0000000 0.0000000
vn 0.0000000 1.0000000 0.0000000
vn 0.0000000 1.0000000 0.0000000
vn 0.0000000 1.0000000 0.0000000
vn 0.0000000 1.0000000 0.0000000
vn 0.0000000 1.0000000 0.0000000
vn 0.0000000 1.0000000 0.0000000
vn 0.0000000 1.0000000 0.0000000
vn 0.0000000 1.0000000 0.0000000
vn 0.0000000 1.0000000 0.0000000
vn 0.0000000 1.0000000 0.0000000
vn 0.0000000 1.0000000 0.0000000
vn 0.0000000 1.0000000 0.0000000
vn 0.0000000 1.0000000 0.0000000
vn 0.0000000 1.0000000 0.0000000
vn 0.0000000 1.0000000 0.0000000
vn 0.0000000 1.0000000 0.0000000
vn 0.0000000 1.0000000 0.0000000
vn 0.0000000 1.0000000 0.0000000
vn 0.0000000 1.0000000 0.0000000
vn 0.0000000 1.0000000 0.0000000
vn 0.0000000 1.0000000 0.0000000
vn 0.0000000 1.0000000 0.0000000
vn 0.0000000 1.0000000 0.0000000
vn 0.0000000 1.0000000 0.0000000
vn 0.0000000 1.0000000 0.0000000
vn 0.0000000 1.0000000 0.0000000
vn 0.0000000 1.0000000 0.0000000
vn 0.0000000 1.0000000 0.0000000
vn 0.0000000 1.0000000 0.0000000
vn 0.0000000 1.0000000 0.0000000
vn 0.0000000 1.0000000 0.0000000
vn 0.0000000 1.0000000 0.0000000
vn 0.0000000 1.0000000 0.0000000
vn 0.0000000 1.0000000 0.0000000
vn 0.0000000 1.0000000 0.0000000
vn 0.0000000 1.0000000 0.0000000
vn 0.0000000 1.0000000 0.0000000
vn 0.0000000 1.0000000 0.0000000
vn 0.0000000 1.0000000 0.0000000
vn 0.0000000 1.0000000 0.0000000
vn 0.0000000 1.0000000 0.0000000
vn 0.0000000 1.0000000 0.0000000
vn 0.0000000 1.0000000 0.0000000
vn 0.0000000 1.0000000 0.0000000
vn 0.0000000 1.0000000 0.0000000
vn 0.0000000 1.0000000 0.0000000
vn 0.0000000 1.0000000 0.0000000
vn 0.0000000 1.0000000 0.0000000
vn 0.0000000 1.0000000 0.0000000
vn 0.0000000 1.0000000 0.0000000
vn 0.0000000 1.0000000 0.0000000
vn 0.0000000 1.0000000 0.0000000
vn 0.0000000 1.0000000 0.0000000
vn 0.0000000 1.0000000 0.0000000
vn 0.0000000 1.0000000 0.0000000
vn 0.0000000 1.0000000 0.0000000
vn 0.0000000 1.0000000 0.0000000
vn 0.0000000 1.0000000 0.0000000
vn 0.0000000 1.0000000 0.0000000
vn 0.0000000 1.0000000 0.0000000
vn 0.0000000 1.0000000 0.0000000
vn 0.0000000 1.0000000 0.0000000
vn 0.0000000 1.0000000 0.0000000
vn 0.0000000 1.0000000 0.0000000
vn 0.0000000 1.0000000 0.0000000
vn 0.0000000 1.0000000 0.0000000
vn 0.0000000 1.0000000 0.0000000
vn 0.0000000 1.0000000 0.0000000
vn 0.0000000 1.0000000 0.0000000
vn 0.0000000 1.0000000 0.0000000
vn 0.0000000 1.0000000 0.0000000
vn 0.0000000 1.0000000 0.0000000
vn 0.0000000 1.0000000 0.0000000
vn 0.0000000 1.0000000 0.0000000
vn 0.0000000 1.0000000 0.0000000
vn 0.0000000 1.0000000 0.0000000
vn 0.0000000 1.0000000 0.0000000
vn 0.0000000 1.0000000 0.0000000
vn 0.0000000 1.0000000 0.0000000
vn 0.0000000 1.0000000 0.0000000
vn 0.0000000 1.0000000 0.0000000
vn 0.0000000 1.0000000 0.0000000
vn 0.0000000 1.0000000 0.0000000
vn 0.0000000 1.0000000 0.0000000
vn 0.0000000 1.0000000 0.0000000
vn 0.0000000 1.0000000 0.0000000
vn 0.0000000 1.0000000 0.0000000
vn 0.0000000 1.0000000 0.0000000
vn 0.0000000 1.0000000 0.0000000
vn 0.0000000 1.0000000 0.0000000
vn 0.0000000 1.0000000 0.0000000
vn 0.0000000 1.0000000 0.0000000
vn 0.0000000 1.0000000 0.0000000
vn 0.0000000 1.0000000 0.0000000
vn 0.0000000 1.0000000 0.0000000
vn 0.0000000 1.0000000 0.0000000
vn 0.0000000 1.0000000 0.0000000
vn 0.0000000 1.0000000 0.0000000
vn 0.0000000 1.0000000 0.0000000
vn 0.0000000 1.0000000 0.0000000
vn 0.0000000 1.0000000 0.0000000
vn 0.0000000 1.0000000 0.0000000
vn 0.0000000 1.0000000 0.0000000
vn 0.0000000 1.0000000 0.0000000
vn 0.0000000 1.0000000 0.0000000
vn 0.0000000 1.0000000 0.0000000
vn 0.0000000 1.0000000 0.0000000
vn 0.0000000 1.0000000 0.0000000
vn 0.0000000 1.0000000 0.0000000
vn 0.0000000 1.0000000 0.0000000
vn 0.0000000 1.0000000 0.0000000
vn 0.0000000 1.0000000 0.0000000
vn 0.0000000 1.0000000 0.0000000
vn 0.0000000 1.0000000 0.0000000
vn 0.0000000 1.0000000 0.0000000
vn 0.0000000 1.0000000 0.0000000
vn 0.0000000 1.0000000 0.0000000
vn 0.0000000 1.0000000 0.0000000
vn 0.0000000 1.0000000 0.0000000
vn 0.0000000 1.0000000 0.0000000
vn 0.0000000 1.0000000 0.0000000
vn 0.0000000 1.0000000 0.0000000
vn 0.0000000 1.0000000 0.0000000
vn 0.0000000 1.0000000 0.0000000
vn 0.0000000 1.0000000 0.0000000
vn 0.0000000 1.0000000 0.0000000
vn 0.0000000 1.0000000 0.0000000
vn 0.0000000 1.0000000 0.0000000
vn 0.0000000 1.0000000 0.0000000
vn 0.0000000 1.0000000 0.0000000
vn 0.0000000 1.0000000 0.0000000
vn 0.0000000 1.0000000 0.0000000
vn 0.0000000 1.0000000 0.0000000
vn 0.0000000 1.0000000 0.0000000
vn 0.0000000 1.0000000 0.0000000
vn 0.0000000 1.0000000 0.0000000
vn 0.0000000 1.0000000 0.0000000
vn 0.0000000 1.0000000 0.0000000
vn 0.0000000 1.0000000 0.0000000
vn 0.0000000 1.0000000 0.0000000
vn 0.0000000 1.0000000 0.0000000
vn 0.0000000 1.0000000 0.0000000
vn 0.0000000 1.0000000 0.0000000
vn 0.0000000 1.0000000 0.0000000
vn 0.0000000 1.0000000 0.0000000
vn 0.0000000 1.0000000 0.0000000
vn 0.0000000 1.0000000 0.0000000
vn 0.0000000 1.0000000 0.0000000
vn 0.0000000 1.0000000 0.0000000
vn 0.0000000 1.0000000 0.0000000
vn 0.0000000 1.0000000 0.0000000
vn 0.0000000 1.0000000 0.0000000
vn 0.0000000 1.0000000 0.0000000
vn 0.0000000 1.0000000 0.0000000
vn 0.0000000 1.0000000 0.0000000
vn 0.0000000 1.0000000 0.0000000
vn 0.0000000 1.0000000 0.0000000
vn 0.0000000 1.0000000 0.0000000
vn 0.0000000 1.0000000 0.0000000
vn 0.0000000 1.0000000 0.0000000
vn 0.0000000 1.0000000 0.0000000
vn 0.0000000 1.0000000 0.0000000
vn 0.0000000 1.0000000 0.0000000
vn 0.0000000 1.0000000 0.0000000
vn 0.0000000 1.0000000 0.0000000
vn 0.0000000 1.0000000 0.0000000
vn 0.0000000 1.0000000 0.0000000
vn 0.0000000 1.0000000 0.0000000
vn 0.0000000 1.0000000 0.0000000
vn 0.0000000 1.0000000 0.0000000
vn 0.0000000 1.0000000 0.0000000
vn 0.0000000 1.0000000 0.0000000
vn 0.0000000 1.0000000 0.0000000
vn 0.0000000 1.0000000 0.0000000
vn 0.0000000 1.0000000 0.0000000
vn 0.0000000 1.0000000 0.0000000
vn 0.0000000 1.0000000 0.0000000
vn 0.0000000 1.0000000 0.0000000
vn 0.0000000 1.0000000 0.0000000
vn 0.0000000 1.0000000 0.0000000
vn 0.0000000 1.0000000 0.0000000
vn 0.0000000 1.0000000 0.0000000
vn 0.0000000 1.0000000 0.0000000
vn 0.0000000 1.0000000 0.0000000
vn 0.0000000 1.0000000 0.0000000
vn 0.0000000 1.0000000 0.0000000
vn 0.0000000 1.0000000 0.0000000
vn 0.0000000 1.0000000 0.0000000
vn 0.0000000 1.0000000 0.0000000
vn 0.0000000 1.0000000 0.0000000
vn 0.0000000 1.0000000 0.0000000
vn 0.0000000 1.0000000 0.0000000
vn 0.0000000 1.0000000 0.0000000
vn 0.0000000 1.0000000 0.0000000
vn 0.0000000 1.0000000 0.0000000
vn 0.0000000 1.0000000 0.0000000
vn 0.0000000 1.0000000 0.0000000
vn 0.0000000 1.0000000 0.0000000
vn 0.0000000 1.0000000 0.0000000
vn 0.0000000 1.0000000 0.0000000
vn 0.0000000 1.0000000 0.0000000
vn 0.0000000 1.0000000 0.0000000
vn 0.0000000 1.0000000 0.0000000
vn 0.0000000 1.0000000 0.0000000
vn 0.0000000 1.0000000 0.0000000
vn 0.0000000 1.0000000 0.0000000
vn 0.0000000 1.0000000 0.0000000
vn 0.0000000 1.0000000 0.0000000
vn 0.0000000 1.0000000 0.0000000
vn 0.0000000 1.0000000 0.0000000
vn 0.0000000 1.0000000 0.0000000
vn 0.0000000 1.0000000 0.0000000
vn 0.0000000 1.0000000 0.0000000
vn 0.0000000 1.0000000 0.0000000
vn 0.0000000 1.0000000 0.0000000
vn 0.0000000 1.0000000 0.0000000
vn 0.0000000 1.0000000 0.0000000
vn 0.0000000 1.0000000 0.0000000
vn 0.0000000 1.0000000 0.0000000
vn 0.0000000 1.0000000 0.0000000
vn 0.0000000 1.0000000 0.0000000
vn 0.0000000 1.0000000 0.0000000
vn 0.0000000 1.0000000 0.0000000
vn 0.0000000 1.0000000 0.0000000
vn 0.0000000 1.0000000 0.0000000
vn 0.0000000 1.0000000 0.0000000
vn 0.0000000 1.0000000 0.0000000
vn 0.0000000 1.0000000 0.0000000
vn 0.0000000 1.0000000 0.0000000
vn 0.0000000 1.0000000 0.0000000
vn 0.0000000 1.0000000 0.0000000
vn 0.0000000 1.0000000 0.0000000
vn 0.0000000 1.0000000 0.0000000
vn 0.0000000 1.0000000 0.0000000
vn 0.0000000 1.0000000 0.0000000
vn 0.0000000 1.0000000 0.0000000
vn 0.0000000 1.0000000 0.0000000
vn 0.0000000 1.0000000 0.0000000
vn 0.0000000 1.0000000 0.0000000
vn 0.0000000 1.0000000 0.0000000
vn 0.0000000 1.0000000 0.0000000
vn 0.0000000 1.0000000 0.0000000
vn 0.0000000 1.0000000 0.0000000
vn 0.0000000 1.0000000 0.0000000
vn 0.0000000 1.0000000 0.0000000
vn 0.0000000 1.0000000 0.0000000
vn 0.0000000 1.0000000 0.0000000
vn 0.0000000 1.0000000 0.0000000
vn 0.0000000 1.0000000 0.0000000
vn 0.0000000 1.0000000 0.0000000
vn 0.0000000 1.0000000 0.0000000
vn 0.0000000 1.0000000 0.0000000
vn 0.0000000 1.0000000 0.0000000
vn 0.0000000 1.0000000 0.0000000
vn 0.0000000 1.0000000 0.0000000
vn 0.0000000 1.0000000 0.0000000
vn 0.0000000 1.0000000 0.0000000
vn 0.0000000 1.0000000 0.0000000
vn 0.0000000 1.0000000 0.0000000
vn 0.0000000 1.0000000 0.0000000
vn 0.0000000 1.0000000 0.0000000
vn 0.0000000 1.0000000 0.0000000
vn 0.0000000 1.0000000 0.0000000
vn 0.0000000 1.0000000 0.0000000
vn 0.0000000 1.0000000 0.0000000
vn 0.0000000 1.0000000 0.0000000
vn 0.0000000 1.0000000 0.0000000
vn 0.0000000 1.0000000 0.0000000
vn 0.0000000 1.0000000 0.0000000
vn 0.0000000 1.0000000 0.0000000
vn 0.0000000 1.0000000 0.0000000
vn 0.0000000 1.0000000 0.0000000
vn 0.0000000 1.0000000 0.0000000
vn 0.0000000 1.0000000 0.0000000
vn 0.0000000 1.0000000 0.0000000
vn 0.0000000 1.0000000 0.0000000
vn 0.0000000 1.0000000 0.0000000
vn 0.0000000 1.0000000 0.0000000
vn 0.0000000 1.0000000 0.0000000
vn 0.0000000 1.0000000 0.0000000
vn 0.0000000 1.0000000 0.0000000
vn 0.0000000 1.0000000 0.0000000
vn 0.0000000 1.0000000 0.0000000
vn 0.0000000 1.0000000 0.0000000
vn 0.0000000 1.0000000 0.0000000
vn 0.0000000 1.0000000 0.0000000
vn 0.0000000 1.0000000 0.0000000
vn 0.0000000 1.0000000 0.0000000
vn 0.0000000 1.0000000 0.0000000
vn 0.0000000 1.0000000 0.0000000
vn 0.0000000 1.0000000 0.0000000
vn 0.0000000 1.0000000 0.0000000
vn 0.0000000 1.0000000 0.0000000
vn 0.0000000 1.0000000 0.0000000
vn 0.0000000 1.0000000 0.0000000
vn 0.0000000 1.0000000 0.0000000
vn 0.0000000 1.0000000 0.0000000
vn 0.0000000 1.0000000 0.0000000
vn 0.0000000 1.0000000 0.0000000
vn 0.0000000 1.0000000 0.0000000
vn 0.0000000 1.0000000 0.0000000
vn 0.0000000 1.0000000 0.0000000
vn 0.0000000 1.0000000 0.0000000
vn 0.0000000 1.0000000 0.0000000
vn 0.0000000 1.0000000 0.0000000
vn 0.0000000 1.0000000 0.0000000
vn 0.0000000 1.0000000 0.0000000
vn 0.0000000 1.0000000 0.0000000
vn 0.0000000 1.0000000 0.0000000
vn 0.0000000 1.0000000 0.0000000
vn 0.0000000 1.0000000 0.0000000
vn 0.0000000 1.0000000 0.0000000
vn 0.0000000 1.0000000 0.0000000
vn 0.0000000 1.0000000 0.0000000
vn 0.0000000 1.0000000 0.0000000
vn 0.0000000 1.0000000 0.0000000
vn 0.0000000 1.0000000 0.0000000
vn 0.0000000 1.0000000 0.0000000
vn 0.0000000 1.0000000 0.0000000
vn 0.0000000 1.0000000 0.0000000
vn 0.0000000 1.0000000 0.0000000
vn 0.0000000 1.0000000 0.0000000
vn 0.0000000 1.0000000 0.0000000
vn 0.0000000 1.0000000 0.0000000
vn 0.0000000 1.0000000 0.0000000
vn 0.0000000 1.0000000 0.0000000
vn 0.0000000 1.0000000 0.0000000
vn 0.0000000 1.0000000 0.0000000
vn 0.0000000 1.0000000 0.0000000
vn 0.0000000 1.0000000 0.0000000
vn 0.0000000 1.0000000 0.0000000
vn 0.0000000 1.0000000 0.0000000
vn 0.0000000 1.0000000 0.0000000
vn 0.0000000 1.0000000 0.0000000
vn 0.0000000 1.0000000 0.0000000
vn 0.0000000 1.0000000 0.0000000
vn 0.0000000 1.0000000 0.0000000
vn 0.0000000 1.0000000 0.0000000
vn 0.0000000 1.0000000 0.0000000
vn 0.0000000 1.0000000 0.0000000
vn 0.0000000 1.0000000 0.0000000
vn 0.0000000 1.0000000 0.0000000
vn 0.0000000 1.0000000 0.0000000
vn 0.0000000 1.0000000 0.0000000
vn 0.0000000 1.0000000 0.0000000
vn 0.0000000 1.0000000 0.0000000
vn 0.0000000 1.0000000 0.0000000
vn 0.0000000 1.0000000 0.0000000
vn 0.0000000 1.0000000 0.0000000
vn 0.0000000 1.0000000 0.0000000
vn 0.0000000 1.0000000 0.0000000
vn 0.0000000 1.0000000 0.0000000
vn 0.0000000 1.0000000 0.0000000
vn 0.0000000 1.0000000 0.0000000
vn 0.0000000 1.0000000 0.0000000
vn 0.0000000 1.0000000 0.0000000
vn 0.0000000 1.0000000 0.0000000
vn 0.0000000 1.0000000 0.0000000
vn 0.0000000 1.0000000 0.0000000
vn 0.0000000 1.0000000 0.0000000
vn 0.0000000 1.0000000 0.0000000
vn 0.0000000 1.0000000 0.0000000
vn 0.0000000 1.0000000 0.0000000
vn 0.0000000 1.0000000 0.0000000
vn 0.0000000 1.0000000 0.0000000
vn 0.0000000 1.0000000 0.0000000
vn 0.0000000 1.0000000 0.0000000
vn 0.0000000 1.0000000 0.0000000
vn 0.0000000 1.0000000 0.0000000
vn 0.0000000 1.0000000 0.0000000
vn 0.0000000 1.0000000 0.0000000
vn 0.0000000 1.0000000 0.0000000
vn 0.0000000 1.0000000 0.0000000
vn 0.0000000 1.0000000 0.0000000
vn 0.0000000 1.0000000 0.0000000
vn 0.0000000 1.0000000 0.0000000
vn 0.0000000 1.0000000 0.0000000
vn 0.0000000 1.0000000 0.0000000
vn 0.0000000 1.0000000 0.0000000
vn 0.0000000 1.0000000 0.0000000
vn 0.0000000 1.0000000 0.0000000
vn 0.0000000 1.0000000 0.0000000
vn 0.0000000 1.0000000 0.0000000
vn 0.0000000 1.0000000 0.0000000
vn 0.0000000 1.0000000 0.0000000
vn 0.0000000 1.0000000 0.0000000
vn 0.0000000 1.0000000 0.0000000
vn 0.0000000 1.0000000 0.0000000
vn 0.0000000 1.0000000 0.0000000
vn 0.0000000 1.0000000 0.0000000
vn 0.0000000 1.0000000 0.0000000
vn 0.0000000 1.0000000 0.0000000
vn 0.0000000 1.0000000 0.0000000
vn 0.0000000 1.0000000 0.0000000
vn 0.0000000 1.0000000 0.0000000
vn 0.0000000 1.0000000 0.0000000
vn 0.0000000 1.0000000 0.0000000
vn 0.0000000 1.0000000 0.0000000
vn 0.0000000 1.0000000 0.0000000
vn 0.0000000 1.0000000 0.0000000
vn 0.0000000 1.0000000 0.0000000
vn 0.0000000 1.0000000 0.0000000
vn 0.0000000 1.0000000 0.0000000
vn 0.0000000 1.0000000 0.0000000
vn 0.0000000 1.0000000 0.0000000
vn 0.0000000 1.0000000 0.0000000
vn 0.0000000 1.0000000 0.0000000
vn 0.0000000 1.0000000 0.0000000
vn 0.0000000 1.0000000 0.0000000
vn 0.0000000 1.0000000 0.0000000
vn 0.0000000 1.0000000 0.0000000
vn 0.0000000 1.0000000 0.0000000
vn 0.0000000 1.0000000 0.0000000
vn 0.0000000 1.0000000 0.0000000
vn 0.0000000 1.0000000 0.0000000
vn 0.0000000 1.0000000 0.0000000
vn 0.0000000 1.0000000 0.0000000
vn 0.0000000 1.0000000 0.0000000
vn 0.0000000 1.0000000 0.0000000
vn 0.0000000 1.0000000 0.0000000
vn 0.0000000 1.0000000 0.0000000
vn 0.0000000 1.0000000 0.0000000
vn 0.0000000 1.0000000 0.0000000
vn 0.0000000 1.0000000 0.0000000
vn 0.0000000 1.0000000 0.0000000
vn 0.0000000 1.0000000 0.0000000
vn 0.0000000 1.0000000 0.0000000
vn 0.0000000 1.0000000 0.0000000
vn 0.0000000 1.0000000 0.0000000
vn 0.0000000 1.0000000 0.0000000
vn 0.0000000 1.0000000 0.0000000
vn 0.0000000 1.0000000 0.0000000
vn 0.0000000 1.0000000 0.0000000
vn 0.0000000 1.0000000 0.0000000
vn 0.0000000 1.0000000 0.0000000
vn 0.0000000 1.0000000 0.0000000
vn 0.0000000 1.0000000 0.0000000
vn 0.0000000 1.0000000 0.0000000
vn 0.0000000 1.0000000 0.0000000
vn 0.0000000 1.0000000 0.0000000
vn 0.0000000 1.0000000 0.0000000
vn 0.0000000 1.0000000 0.0000000
vn 0.0000000 1.0000000 0.0000000
vn 0.0000000 1.0000000 0.0000000
vn 0.0000000 1.0000000 0.0000000
vn 0.0000000 1.0000000 0.0000000
vn 0.0000000 1.0000000 0.0000000
vn 0.0000000 1.0000000 0.0000000
vn 0.0000000 1.0000000 0.0000000
vn 0.0000000 1.0000000 0.0000000
vn 0.0000000 1.0000000 0.0000000
vn 0.0000000 1.0000000 0.0000000
vn 0.0000000 1.0000000 0.0000000
vn 0.0000000 1.0000000 0.0000000
vn 0.0000000 1.0000000 0.0000000
vn 0.0000000 1.0000000 0.0000000
vn 0.0000000 1.0000000 0.0000000
vn 0.0000000 1.0000000 0.0000000
vn 0.0000000 1.0000000 0.0000000
vn 0.0000000 1.0000000 0.0000000
vn 0.0000000 1.0000000 0.0000000
vn 0.0000000 1.0000000 0.0000000
vn 0.0000000 1.0000000 0.0000000
vn 0.0000000 1.0000000 0.0000000
vn 0.0000000 1.0000000 0.0000000
vn 0.0000000 1.0000000 0.0000000
vn 0.0000000 1.0000000 0.0000000
vn 0.0000000 1.0000000 0.0000000
vn 0.0000000 1.0000000 0.0000000
vn 0.0000000 1.0000000 0.0000000
vn 0.0000000 1.0000000 0.0000000
vn 0.0000000 1.0000000 0.0000000
vn 0.0000000 1.0000000 0.0000000
vn 0.0000000 1.0000000 0.0000000
vn 0.0000000 1.0000000 0.0000000
vn 0.0000000 1.0000000 0.0000000
vn 0.0000000 1.0000000 0.0000000
vn 0.0000000 1.0000000 0.0000000
vn 0.0000000 1.0000000 0.0000000
vn 0.0000000 1.0000000 0.0000000
vn 0.0000000 1.0000000 0.0000000
vn 0.0000000 1.0000000 0.0000000
vn 0.0000000 1.0000000 0.0000000
vn 0.0000000 1.0000000 0.0000000
vn 0.0000000 1.0000000 0.0000000
vn 0.0000000 1.0000000 0.0000000
vn 0.0000000 1.0000000 0.0000000
vn 0.0000000 1.0000000 0.0000000
vn 0.0000000 1.0000000 0.0000000
vn 0.0000000 1.0000000 0.0000000
vn 0.0000000 1.0000000 0.0000000
vn 0.0000000 1.0000000 0.0000000
vn 0.0000000 1.0000000 0.0000000
vn 0.0000000 1.0000000 0.0000000
vn 0.0000000 1.0000000 0.0000000
vn 0.0000000 1.0000000 0.0000000
vn 0.0000000 1.0000000 0.0000000
vn 0.0000000 1.0000000 0.0000000
vn 0.0000000 1.0000000 0.0000000
vn 0.0000000 1.0000000 0.0000000
vn 0.0000000 1.0000000 0.0000000
vn 0.0000000 1.0000000 0.0000000
vn 0.0000000 1.0000000 0.0000000
vn 0.0000000 1.0000000 0.0000000
vn 0.0000000 1.0000000 0.0000000
vn 0.0000000 1.0000000 0.0000000
vn 0.0000000 1.0000000 0.0000000
vn 0.0000000 1.0000000 0.0000000
vn 0.0000000 1.0000000 0.0000000
vn 0.0000000 1.0000000 0.0000000
vn 0.0000000 1.0000000 0.0000000
vn 0.0000000 1.0000000 0.0000000
vn 0.0000000 1.0000000 0.0000000
vn 0.0000000 1.0000000 0.0000000
vn 0.0000000 1.0000000 0.0000000
vn 0.0000000 1.0000000 0.0000000
vn 0.0000000 1.0000000 0.0000000
vn 0.0000000 1.0000000 0.0000000
vn 0.0000000 1.0000000 0.0000000
vn 0.0000000 1.0000000 0.0000000
vn 0.0000000 1.0000000 0.0000000
vn 0.0000000 1.0000000 0.0000000
vn 0.0000000 1.0000000 0.0000000
vn 0.0000000 1.0000000 0.0000000
vn 0.0000000 1.0000000 0.0000000
vn 0.0000000 1.0000000 0.0000000
vn 0.0000000 1.0000000 0.0000000
vn 0.0000000 1.0000000 0.0000000
vn 0.0000000 1.0000000 0.0000000
vn 0.0000000 1.0000000 0.0000000
vn 0.0000000 1.0000000 0.0000000
vn 0.0000000 1.0000000 0.0000000
vn 0.0000000 1.0000000 0.0000000
vn 0.0000000 1.0000000 0.0000000
vn 0.0000000 1.0000000 0.0000000
vn 0.0000000 1.0000000 0.0000000
vn 0.0000000 1.0000000 0.0000000
vn 0.0000000 1.0000000 0.0000000
vn 0.0000000 1.0000000 0.0000000
vn 0.0000000 1.0000000 0.0000000
vn 0.0000000 1.0000000 0.0000000
vn 0.0000000 1.0000000 0.0000000
vn 0.0000000 1.0000000 0.0000000
vn 0.0000000 1.0000000 0.0000000
vn 0.0000000 1.0000000 0.0000000
vn 0.0000000 1.0000000 0.0000000
vn 0.0000000 1.0000000 0.0000000
vn 0.0000000 1.0000000 0.0000000
vn 0.0000000 1.0000000 0.0000000
vn 0.0000000 1.0000000 0.0000000
vn 0.0000000 1.0000000 0.0000000
vn 0.0000000 1.0000000 0.0000000
vn 0.0000000 1.0000000 0.0000000
vn 0.0000000 1.0000000 0.0000000
vn 0.0000000 1.0000000 0.0000000
vn 0.0000000 1.0000000 0.0000000
vn 0.0000000 1.0000000 0.0000000
vn 0.0000000 1.0000000 0.0000000
vn 0.0000000 1.0000000 0.0000000
vn 0.0000000 1.0000000 0.0000000
vn 0.0000000 1.0000000 0.0000000
vn 0.0000000 1.0000000 0.0000000
vn 0.0000000 1.0000000 0.0000000
vn 0.0000000 1.0000000 0.0000000
vn 0.0000000 1.0000000 0.0000000
vn 0.0000000 1.0000000 0.0000000
vn 0.0000000 1.0000000 0.0000000
vn 0.0000000 1.0000000 0.0000000
vn 0.0000000 1.0000000 0.0000000
vn 0.0000000 1.0000000 0.0000000
vn 0.0000000 1.0000000 0.0000000
vn 0.0000000 1.0000000 0.0000000
vn 0.0000000 1.0000000 0.0000000
vn 0.0000000 1.0000000 0.0000000
vn 0.0000000 1.0000000 0.0000000
vn 0.0000000 1.0000000 0.0000000
vn 0.0000000 1.0000000 0.0000000
vn 0.0000000 1.0000000 0.0000000
vn 0.0000000 1.0000000 0.0000000
vn 0.0000000 1.0000000 0.0000000
vn 0.0000000 1.0000000 0.0000000
vn 0.0000000 1.0000000 0.0000000
vn 0.0000000 1.0000000 0.0000000
vn 0.0000000 1.0000000 0.0000000
vn 0.0000000 1.0000000 0.0000000
vn 0.0000000 1.0000000 0.0000000
vn 0.0000000 1.0000000 0.0000000
vn 0.0000000 1.0000000 0.0000000
vn 0.0000000 1.0000000 0.0000000
vn 0.0000000 1.0000000 0.0000000
vn 0.0000000 1.0000000 0.0000000
vn 0.0000000 1.0000000 0.0000000
vn 0.0000000 1.0000000 0.0000000
vn 0.0000000 1.0000000 0.0000000
vn 0.0000000 1.0000000 0.0000000
vn 0.0000000 1.0000000 0.0000000
vn 0.0000000 1.0000000 0.0000000
vn 0.0000000 1.0000000 0.0000000
vn 0.0000000 1.0000000 0.0000000
vn 0.0000000 1.0000000 0.0000000
vn 0.0000000 1.0000000 0.0000000
vn 0.0000000 1.0000000 0.0000000
vn 0.0000000 1.0000000 0.0000000
vn 0.0000000 1.0000000 0.0000000
vn 0.0000000 1.0000000 0.0000000
vn 0.0000000 1.0000000 0.0000000
vn 0.0000000 1.0000000 0.0000000
vn 0.0000000 1.0000000 0.0000000
vn 0.0000000 1.0000000 0.0000000
vn 0.0000000 1.0000000 0.0000000
vn 0.0000000 1.0000000 0.0000000
vn 0.0000000 1.0000000 0.0000000
vn 0.0000000 1.0000000 0.0000000
vn 0.0000000 1.0000000 0.0000000
vn 0.0000000 1.0000000 0.0000000
vn 0.0000000 1.0000000 0.0000000
vn 0.0000000 1.0000000 0.0000000
vn 0.0000000 1.0000000 0.0000000
vn 0.0000000 1.0000000 0.0000000
vn 0.0000000 1.0000000 0.0000000
vn 0.0000000 1.0000000 0.0000000
vn 0.0000000 1.0000000 0.0000000
vn 0.0000000 1.0000000 0.0000000
vn 0.0000000 1.0000000 0.0000000
vn 0.0000000 1.0000000 0.0000000
vn 0.0000000 1.0000000 0.0000000
vn 0.0000000 1.0000000 0.0000000
vn 0.0000000 1.0000000 0.0000000
vn 0.0000000 1.0000000 0.0000000
vn 0.0000000 1.0000000 0.0000000
vn 0.0000000 1.0000000 0.0000000
vn 0.0000000 1.0000000 0.0000000
vn 0.0000000 1.0000000 0.0000000
vn 0.0000000 1.0000000 0.0000000
vn 0.0000000 1.0000000 0.0000000
vn 0.0000000 1.0000000 0.0000000
vn 0.0000000 1.0000000 0.0000000
vn 0.0000000 1.0000000 0.0000000
vn 0.0000000 1.0000000 0.0000000
vn 0.0000000 1.0000000 0.0000000
vn 0.0000000 1.0000000 0.0000000
vn 0.0000000 1.0000000 0.0000000
vn 0.0000000 1.0000000 0.0000000
vn 0.0000000 1.0000000 0.0000000
vn 0.0000000 1.0000000 0.0000000
vn 0.0000000 1.0000000 0.0000000
vn 0.0000000 1.0000000 0.0000000
vn 0.0000000 1.0000000 0.0000000
vn 0.0000000 1.0000000 0.0000000
vn 0.0000000 1.0000000 0.0000000
vn 0.0000000 1.0000000 0.0000000
vn 0.0000000 1.0000000 0.0000000
vn 0.0000000 1.0000000 0.0000000
vn 0.0000000 1.0000000 0.0000000
vn 0.0000000 1.0000000 0.0000000
vn 0.0000000 1.0000000 0.0000000
vn 0.0000000 1.0000000 0.0000000
vn 0.0000000 1.0000000 0.0000000
vn 0.0000000 1.0000000 0.0000000
vn 0.0000000 1.0000000 0.0000000
vn 0.0000000 1.0000000 0.0000000
vn 0.0000000 1.0000000 0.0000000
vn 0.0000000 1.0000000 0.0000000
vn 0.0000000 1.0000000 0.0000000
vn 0.0000000 1.0000000 0.0000000
vn 0.0000000 1.0000000 0.0000000
vn 0.0000000 1.0000000 0.0000000
vn 0.0000000 1.0000000 0.0000000
vn 0.0000000 1.0000000 0.0000000
vn 0.0000000 1.0000000 0.0000000
vn 0.0000000 1.0000000 0.0000000
vn 0.0000000 1.0000000 0.0000000
vn 0.0000000 1.0000000 0.0000000
vn 0.0000000 1.0000000 0.0000000
vn 0.0000000 1.0000000 0.0000000
vn 0.0000000 1.0000000 0.0000000
vn 0.0000000 1.0000000 0.0000000
vn 0.0000000 1.0000000 0.0000000
vn 0.0000000 1.0000000 0.0000000
vn 0.0000000 1.0000000 0.0000000
vn 0.0000000 1.0000000 0.0000000
vn 0.0000000 1.0000000 0.0000000
vn 0.0000000 1.0000000 0.0000000
vn 0.0000000 1.0000000 0.0000000
vn 0.0000000 1.0000000 0.0000000
vn 0.0000000 1.0000000 0.0000000
vn 0.0000000 1.0000000 0.0000000
vn 0.0000000 1.0000000 0.0000000
vn 0.0000000 1.0000000 0.0000000
vn 0.0000000 1.0000000 0.0000000
vn 0.0000000 1.0000000 0.0000000
vn 0.0000000 1.0000000 0.0000000
vn 0.0000000 1.0000000 0.0000000
vn 0.0000000 1.0000000 0.0000000
vn 0.0000000 1.0000000 0.0000000
vn 0.0000000 1.0000000 0.0000000
vn 0.0000000 1.0000000 0.0000000
vn 0.0000000 1.0000000 0.0000000
vn 0.0000000 1.0000000 0.0000000
vn 0.0000000 1.0000000 0.0000000
vn 0.0000000 1.0000000 0.0000000
vn 0.0000000 1.0000000 0.0000000
vn 0.0000000 1.0000000 0.0000000
vn 0.0000000 1.0000000 0.0000000
vn 0.0000000 1.0000000 0.0000000
vn 0.0000000 1.0000000 0.0000000
vn 0.0000000 1.0000000 0.0000000
vn 0.0000000 1.0000000 0.0000000
vn 0.0000000 1.0000000 0.0000000
vn 0.0000000 1.0000000 0.0000000
vn 0.0000000 1.0000000 0.0000000
vn 0.0000000 1.0000000 0.0000000
vn 0.0000000 1.0000000 0.0000000
vn 0.0000000 1.0000000 0.0000000
vn 0.0000000 1.0000000 0.0000000
vn 0.0000000 1.0000000 0.0000000
vn 0.0000000 1.0000000 0.0000000
vn 0.0000000 1.0000000 0.0000000
vn 0.0000000 1.0000000 0.0000000
vn 0.0000000 1.0000000 0.0000000
vn 0.0000000 1.0000000 0.0000000
vn 0.0000000 1.0000000 0.0000000
vn 0.0000000 1.0000000 0.0000000
vn 0.0000000 1.0000000 0.0000000
vn 0.0000000 1.0000000 0.0000000
vn 0.0000000 1.0000000 0.0000000
vn 0.0000000 1.0000000 0.0000000
vn 0.0000000 1.0000000 0.0000000
vn 0.0000000 1.0000000 0.0000000
vn 0.0000000 1.0000000 0.0000000
vn 0.0000000 1.0000000 0.0000000
vn 0.0000000 1.0000000 0.0000000
vn 0.0000000 1.0000000 0.0000000
vn 0.0000000 1.0000000 0.0000000
vn 0.0000000 1.0000000 0.0000000
vn 0.0000000 1.0000000 0.0000000
vn 0.0000000 1.0000000 0.0000000
vn 0.0000000 1.0000000 0.0000000
vn 0.0000000 1.0000000 0.0000000
vn 0.0000000 1.0000000 0.0000000
vn 0.0000000 1.0000000 0.0000000
vn 0.0000000 1.0000000 0.0000000
vn 0.0000000 1.0000000 0.0000000
vn 0.0000000 1.0000000 0.0000000
vn 0.0000000 1.0000000 0.0000000
vn 0.0000000 1.0000000 0.0000000
vn 0.0000000 1.0000000 0.0000000
vn 0.0000000 1.0000000 0.0000000
vn 0.0000000 1.0000000 0.0000000
vn 0.0000000 1.0000000 0.0000000
vn 0.0000000 1.0000000 0.0000000
vn 0.0000000 1.0000000 0.0000000
vn 0.0000000 1.0000000 0.0000000
vn 0.0000000 1.0000000 0.0000000
vn 0.0000000 1.0000000 0.0000000
vn 0.0000000 1.0000000 0.0000000
vn 0.0000000 1.0000000 0.0000000
vn 0.0000000 1.0000000 0.0000000
vn 0.0000000 1.0000000 0.0000000
vn 0.0000000 1.0000000 0.0000000
vn 0.0000000 1.0000000 0.0000000
vn 0.0000000 1.0000000 0.0000000
vn 0.0000000 1.0000000 0.0000000
vn 0.0000000 1.0000000 0.0000000
vn 0.0000000 1.0000000 0.0000000
vn 0.0000000 1.0000000 0.0000000
vn 0.0000000 1.0000000 0.0000000
vn 0.0000000 1.0000000 0.0000000
vn 0.0000000 1.0000000 0.0000000
vn 0.0000000 1.0000000 0.0000000
vn 0.0000000 1.0000000 0.0000000
vn 0.0000000 1.0000000 0.0000000
vn 0.0000000 1.0000000 0.0000000
vn 0.0000000 1.0000000 0.0000000
vn 0.0000000 1.0000000 0.0000000
vn 0.0000000 1.0000000 0.0000000
vn 0.0000000 1.0000000 0.0000000
vn 0.0000000 1.0000000 0.0000000
vn 0.0000000 1.0000000 0.0000000
vn 0.0000000 1.0000000 0.0000000
vn 0.0000000 1.0000000 0.0000000
vn 0.0000000 1.0000000 0.0000000
vn 0.0000000 1.0000000 0.0000000
vn 0.0000000 1.0000000 0.0000000
vn 0.0000000 1.0000000 0.0000000
vn 0.0000000 1.0000000 0.0000000
vn 0.0000000 1.0000000 0.0000000
vn 0.0000000 1.0000000 0.0000000
vn 0.0000000 1.0000000 0.0000000
vn 0.0000000 1.0000000 0.0000000
vn 0.0000000 1.0000000 0.0000000
vn 0.0000000 1.0000000 0.0000000
vn 0.0000000 1.0000000 0.0000000
vn 0.0000000 1.0000000 0.0000000
vn 0.0000000 1.0000000 0.0000000
vn 0.0000000 1.0000000 0.0000000
vn 0.0000000 1.0000000 0.0000000
vn 0.0000000 1.0000000 0.0000000
vn 0.0000000 1.0000000 0.0000000
vn 0.0000000 1.0000000 0.0000000
vn 0.0000000 1.0000000 0.0000000
vn 0.0000000 1.0000000 0.0000000
vn 0.0000000 1.0000000 0.0000000
vn 0.0000000 1.0000000 0.0000000
vn 0.0000000 1.0000000 0.0000000
vn 0.0000000 1.0000000 0.0000000
vn 0.0000000 1.0000000 0.0000000
vn 0.0000000 1.0000000 0.0000000
vn 0.0000000 1.0000000 0.0000000
vn 0.0000000 1.0000000 0.0000000
vn 0.0000000 1.0000000 0.0000000
vn 0.0000000 1.0000000 0.0000000
vn 0.0000000 1.0000000 0.0000000
vn 0.0000000 1.0000000 0.0000000
vn 0.0000000 1.0000000 0.0000000
vn 0.0000000 1.0000000 0.0000000
vn 0.0000000 1.0000000 0.0000000
vn 0.0000000 1.0000000 0.0000000
vn 0.0000000 1.0000000 0.0000000
vn 0.0000000 1.0000000 0.0000000
vn 0.0000000 1.0000000 0.0000000
vn 0.0000000 1.0000000 0.0000000
vn 0.0000000 1.0000000 0.0000000
vn 0.0000000 1.0000000 0.0000000
vn 0.0000000 1.0000000 0.0000000
vn 0.0000000 1.0000000 0.0000000
vn 0.0000000 1.0000000 0.0000000
vn 0.0000000 1.0000000 0.0000000
vn 0.0000000 1.0000000 0.0000000
vn 0.0000000 1.0000000 0.0000000
vn 0.0000000 1.0000000 0.0000000
vn 0.0000000 1.0000000 0.0000000
vn 0.0000000 1.0000000 0.0000000
vn 0.0000000 1.0000000 0.0000000
vn 0.0000000 1.0000000 0.0000000
vn 0.0000000 1.0000000 0.0000000
vn 0.0000000 1.0000000 0.0000000
vn 0.0000000 1.0000000 0.0000000
vn 0.0000000 1.0000000 0.0000000
vn 0.0000000 1.0000000 0.0000000
vn 0.0000000 1.0000000 0.0000000
vn 0.0000000 1.0000000 0.0000000
vn 0.0000000 1.0000000 0.0000000
vn 0.0000000 1.0000000 0.0000000
vn 0.0000000 1.0000000 0.0000000
vn 0.0000000 1.0000000 0.0000000
vn 0.0000000 1.0000000 0.0000000
vn 0.0000000 1.0000000 0.0000000
vn 0.0000000 1.0000000 0.0000000
vn 0.0000000 1.0000000 0.0000000
vn 0.0000000 1.0000000 0.0000000
vn 0.0000000 1.0000000 0.0000000
vn 0.0000000 1.0000000 0.0000000
vn 0.0000000 1.0000000 0.0000000
vn 0.0000000 1.0000000 0.0000000
vn 0.0000000 1.0000000 0.0000000
vn 0.0000000 1.0000000 0.0000000
vn 0.0000000 1.0000000 0.0000000
vn 0.0000000 1.0000000 0.0000000
vn 0.0000000 1.0000000 0.0000000
vn 0.0000000 1.0000000 0.0000000
vn 0.0000000 1.0000000 0.0000000
vn 0.0000000 1.0000000 0.0000000
vn 0.0000000 1.0000000 0.0000000
vn 0.0000000 1.0000000 0.0000000
vn 0.0000000 1.0000000 0.0000000
vn 0.0000000 1.0000000 0.0000000
vn 0.0000000 1.0000000 0.0000000
vn 0.0000000 1.0000000 0.0000000
vn 0.0000000 1.0000000 0.0000000
vn 0.0000000 1.0000000 0.0000000
vn 0.0000000 1.0000000 0.0000000
vn 0.0000000 1.0000000 0.0000000
vn 0.0000000 1.0000000 0.0000000
vn 0.0000000 1.0000000 0.0000000
vn 0.0000000 1.0000000 0.0000000
vn 0.0000000 1.0000000 0.0000000
vn 0.0000000 1.0000000 0.0000000
vn 0.0000000 1.0000000 0.0000000
vn 0.0000000 1.0000000 0.0000000
vn 0.0000000 1.0000000 0.0000000
vn 0.0000000 1.0000000 0.0000000
vn 0.0000000 1.0000000 0.0000000
vn 0.0000000 1.0000000 0.0000000
vn 0.0000000 1.0000000 0.0000000
vn 0.0000000 1.0000000 0.0000000
vn 0.0000000 1.0000000 0.0000000
vn 0.0000000 1.0000000 0.0000000
vn 0.0000000 1.0000000 0.0000000
vn 0.0000000 1.0000000 0.0000000
vn 0.0000000 1.0000000 0.0000000
vn 0.0000000 1.0000000 0.0000000
vn 0.0000000 1.0000000 0.0000000
vn 0.0000000 1.0000000 0.0000000
vn 0.0000000 1.0000000 0.0000000
vn 0.0000000 1.0000000 0.0000000
vn 0.0000000 1.0000000 0.0000000
vn 0.0000000 1.0000000 0.0000000
vn 0.0000000 1.0000000 0.0000000
vn 0.0000000 1.0000000 0.0000000
vn 0.0000000 1.0000000 0.0000000
vn 0.0000000 1.0000000 0.0000000
vn 0.0000000 1.0000000 0.0000000
vn 0.0000000 1.0000000 0.0000000
vn 0.0000000 1.0000000 0.0000000
vn 0.0000000 1.0000000 0.0000000
vn 0.0000000 1.0000000 0.0000000
vn 0.0000000 1.0000000 0.0000000
vn 0.0000000 1.0000000 0.0000000
vn 0.0000000 1.0000000 0.0000000
vn 0.0000000 1.0000000 0.0000000
vn 0.0000000 1.0000000 0.0000000
vn 0.0000000 1.0000000 0.0000000
vn 0.0000000 1.0000000 0.0000000
vn 0.0000000 1.0000000 0.0000000
vn 0.0000000 1.0000000 0.0000000
vn 0.0000000 1.0000000 0.0000000
vn 0.0000000 1.0000000 0.0000000
vn 0.0000000 1.0000000 0.0000000
vn 0.0000000 1.0000000 0.0000000
vn 0.0000000 1.0000000 0.0000000
vn 0.0000000 1.0000000 0.0000000
vn 0.0000000 1.0000000 0.0000000
vn 0.0000000 1.0000000 0.0000000
vn 0.0000000 1.0000000 0.0000000
vn 0.0000000 1.0000000 0.0000000
vn 0.0000000 1.0000000 0.0000000
vn 0.0000000 1.0000000 0.0000000
vn 0.0000000 1.0000000 0.0000000
vn 0.0000000 1.0000000 0.0000000
vn 0.0000000 1.0000000 0.0000000
vn 0.0000000 1.0000000 0.0000000
vn 0.0000000 1.0000000 0.0000000
vn 0.0000000 1.0000000 0.0000000
vn 0.0000000 1.0000000 0.0000000
vn 0.0000000 1.0000000 0.0000000
vn 0.0000000 1.0000000 0.0000000
vn 0.0000000 1.0000000 0.0000000
vn 0.0000000 1.0000000 0.0000000
vn 0.0000000 1.0000000 0.0000000
vn 0.0000000 1.0000000 0.0000000
vn 0.0000000 1.0000000 0.0000000
vn 0.0000000 1.0000000 0.0000000
vn 0.0000000 1.0000000 0.0000000
vn 0.0000000 1.0000000 0.0000000
vn 0.0000000 1.0000000 0.0000000
vn 0.0000000 1.0000000 0.0000000
vn 0.0000000 1.0000000 0.0000000
vn 0.0000000 1.0000000 0.0000000
vn 0.0000000 1.0000000 0.0000000
vn 0.0000000 1.0000000 0.0000000
vn 0.0000000 1.0000000 0.0000000
vn 0.0000000 1.0000000 0.0000000
vn 0.0000000 1.0000000 0.0000000
vn 0.0000000 1.0000000 0.0000000
vn 0.0000000 1.0000000 0.0000000
vn 0.0000000 1.0000000 0.0000000
vn 0.0000000 1.0000000 0.0000000
vn 0.0000000 1.0000000 0.0000000
vn 0.0000000 1.0000000 0.0000000
vn 0.0000000 1.0000000 0.0000000
vn 0.0000000 1.0000000 0.0000000
vn 0.0000000 1.0000000 0.0000000
vn 0.0000000 1.0000000 0.0000000
vn 0.0000000 1.0000000 0.0000000
vn 0.0000000 1.0000000 0.0000000
vn 0.0000000 1.0000000 0.0000000
vn 0.0000000 1.0000000 0.0000000
vn 0.0000000 1.0000000 0.0000000
vn 0.0000000 1.0000000 0.0000000
vn 0.0000000 1.0000000 0.0000000
vn 0.0000000 1.0000000 0.0000000
vn 0.0000000 1.0000000 0.0000000
vn 0.0000000 1.0000000 0.0000000
vn 0.0000000 1.0000000 0.0000000
vn 0.0000000 1.0000000 0.0000000
vn 0.0000000 1.0000000 0.0000000
vn 0.0000000 1.0000000 0.0000000
vn 0.0000000 1.0000000 0.0000000
vn 0.0000000 1.0000000 0.0000000
vn 0.0000000 1.0000000 0.0000000
vn 0.0000000 1.0000000 0.0000000
vn 0.0000000 1.0000000 0.0000000
vn 0.0000000 1.0000000 0.0000000
vn 0.0000000 1.0000000 0.0000000
vn 0.0000000 1.0000000 0.0000000
vn 0.0000000 1.0000000 0.0000000
vn 0.0000000 1.0000000 0.0000000
vn 0.0000000 1.0000000 0.0000000
vn 0.0000000 1.0000000 0.0000000
vn 0.0000000 1.0000000 0.0000000
vn 0.0000000 1.0000000 0.0000000
vn 0.0000000 1.0000000 0.0000000
vn 0.0000000 1.0000000 0.0000000
vn 0.0000000 1.0000000 0.0000000
vn 0.0000000 1.0000000 0.0000000
vn 0.0000000 1.0000000 0.0000000
vn 0.0000000 1.0000000 0.0000000
vn 0.0000000 1.0000000 0.0000000
vn 0.0000000 1.0000000 0.0000000
vn 0.0000000 1.0000000 0.0000000
vn 0.0000000 1.0000000 0.0000000
vn 0.0000000 1.0000000 0.0000000
vn 0.0000000 1.0000000 0.0000000
vn 0.0000000 1.0000000 0.0000000
vn 0.0000000 1.0000000 0.0000000
vn 0.0000000 1.0000000 0.0000000
vn 0.0000000 1.0000000 0.0000000
vn 0.0000000 1.0000000 0.0000000
vn 0.0000000 1.0000000 0.0000000
vn 0.0000000 1.0000000 0.0000000
vn 0.0000000 1.0000000 0.0000000
vn 0.0000000 1.0000000 0.0000000
vn 0.0000000 1.0000000 0.0000000
vn 0.0000000 1.0000000 0.0000000
vn 0.0000000 1.0000000 0.0000000
vn 0.0000000 1.0000000 0.0000000
vn 0.0000000 1.0000000 0.0000000
vn 0.0000000 1.0000000 0.0000000
vn 0.0000000 1.0000000 0.0000000
vn 0.0000000 1.0000000 0.0000000
vn 0.0000000 1.0000000 0.0000000
vn 0.0000000 1.0000000 0.0000000
vn 0.0000000 1.0000000 0.0000000
vn 0.0000000 1.0000000 0.0000000
vn 0.0000000 1.0000000 0.0000000
vn 0.0000000 1.0000000 0.0000000
vn 0.0000000 1.0000000 0.0000000
vn 0.0000000 1.0000000 0.0000000
vn 0.0000000 1.0000000 0.0000000
vn 0.0000000 1.0000000 0.0000000
vn 0.0000000 1.0000000 0.0000000
vn 0.0000000 1.0000000 0.0000000
vn 0.0000000 1.0000000 0.0000000
vn 0.0000000 1.0000000 0.0000000
vn 0.0000000 1.0000000 0.0000000
vn 0.0000000 1.0000000 0.0000000
vn 0.0000000 1.0000000 0.0000000
vn 0.0000000 1.0000000 0.0000000
vn 0.0000000 1.0000000 0.0000000
vn 0.0000000 1.0000000 0.0000000
vn 0.0000000 1.0000000 0.0000000
vn 0.0000000 1.0000000 0.0000000
vn 0.0000000 1.0000000 0.0000000
vn 0.0000000 1.0000000 0.0000000
vn 0.0000000 1.0000000 0.0000000
vn 0.0000000 1.0000000 0.0000000
vn 0.0000000 1.0000000 0.0000000
vn 0.0000000 1.0000000 0.0000000
vn 0.0000000 1.0000000 0.0000000
vn 0.0000000 1.0000000 0.0000000
vn 0.0000000 1.0000000 0.0000000
vn 0.0000000 1.0000000 0.0000000
vn 0.0000000 1.0000000 0.0000000
vn 0.0000000 1.0000000 0.0000000
vn 0.0000000 1.0000000 0.0000000
vn 0.0000000 1.0000000 0.0000000
vn 0.0000000 1.0000000 0.0000000
vn 0.0000000 1.0000000 0.0000000
vn 0.0000000 1.0000000 0.0000000
vn 0.0000000 1.0000000 0.0000000
vn 0.0000000 1.0000000 0.0000000
vn 0.0000000 1.0000000 0.0000000
vn 0.0000000 1.0000000 0.0000000
vn 0.0000000 1.0000000 0.0000000
vn 0.0000000 1.0000000 0.0000000
vn 0.0000000 1.0000000 0.0000000
vn 0.0000000 1.0000000 0.0000000
vn 0.0000000 1.0000000 0.0000000
vn 0.0000000 1.0000000 0.0000000
vn 0.0000000 1.0000000 0.0000000
vn 0.0000000 1.0000000 0.0000000
vn 0.0000000 1.0000000 0.0000000
vn 0.0000000 1.0000000 0.0000000
vn 0.0000000 1.0000000 0.0000000
vn 0.0000000 1.0000000 0.0000000
vn 0.0000000 1.0000000 0.0000000
vn 0.0000000 1.0000000 0.0000000
vn 0.0000000 1.0000000 0.0000000
vn 0.0000000 1.0000000 0.0000000
vn 0.0000000 1.0000000 0.0000000
vn 0.0000000 1.0000000 0.0000000
vn 0.0000000 1.0000000 0.0000000
vn 0.0000000 1.0000000 0.0000000
vn 0.0000000 1.0000000 0.0000000
vn 0.0000000 1.0000000 0.0000000
vn 0.0000000 1.0000000 0.0000000
vn 0.0000000 1.0000000 0.0000000
vn 0.0000000 1.0000000 0.0000000
vn 0.0000000 1.0000000 0.0000000
vn 0.0000000 1.0000000 0.0000000
vn 0.0000000 1.0000000 0.0000000
vn 0.0000000 1.0000000 0.0000000
vn 0.0000000 1.0000000 0.0000000
vn 0.0000000 1.0000000 0.0000000
vn 0.0000000 1.0000000 0.0000000
vn 0.0000000 1.0000000 0.0000000
vn 0.0000000 1.0000000 0.0000000
vn 0.0000000 1.0000000 0.0000000
vn 0.0000000 1.0000000 0.0000000
vn 0.0000000 1.0000000 0.0000000
vn 0.0000000 1.0000000 0.0000000
vn 0.0000000 1.0000000 0.0000000
vn 0.0000000 1.0000000 0.0000000
vn 0.0000000 1.0000000 0.0000000
vn 0.0000000 1.0000000 0.0000000
vn 0.0000000 1.0000000 0.0000000
vn 0.0000000 1.0000000 0.0000000
vn 0.0000000 1.0000000 0.0000000
vn 0.0000000 1.0000000 0.0000000
vn 0.0000000 1.0000000 0.0000000
vn 0.0000000 1.0000000 0.0000000
vn 0.0000000 1.0000000 0.0000000
vn 0.0000000 1.0000000 0.0000000
vn 0.0000000 1.0000000 0.0000000
vn 0.0000000 1.0000000 0.0000000
vn 0.0000000 1.0000000 0.0000000
vn 0.0000000 1.0000000 0.0000000
vn 0.0000000 1.0000000 0.0000000
vn 0.0000000 1.0000000 0.0000000
vn 0.0000000 1.0000000 0.0000000
vn 0.0000000 1.0000000 0.0000000
vn 0.0000000 1.0000000 0.0000000
vn 0.0000000 1.0000000 0.0000000
vn 0.0000000 1.0000000 0.0000000
vn 0.0000000 1.0000000 0.0000000
vn 0.0000000 1.0000000 0.0000000
vn 0.0000000 1.0000000 0.0000000
vn 0.0000000 1.0000000 0.0000000
vn 0.0000000 1.0000000 0.0000000
vn 0.0000000 1.0000000 0.0000000
vn 0.0000000 1.0000000 0.0000000
vn 0.0000000 1.0000000 0.0000000
vn 0.0000000 1.0000000 0.0000000
vn 0.0000000 1.0000000 0.0000000
vn 0.0000000 1.0000000 0.0000000
vn 0.0000000 1.0000000 0.0000000
vn 0.0000000 1.0000000 0.0000000
vn 0.0000000 1.0000000 0.0000000
vn 0.0000000 1.0000000 0.0000000
vn 0.0000000 1.0000000 0.0000000
vn 0.0000000 1.0000000 0.0000000
vn 0.0000000 1.0000000 0.0000000
vn 0.0000000 1.0000000 0.0000000
vn 0.0000000 1.0000000 0.0000000
vn 0.0000000 1.0000000 0.0000000
vn 0.0000000 1.0000000 0.0000000
vn 0.0000000 1.0000000 0.0000000
vn 0.0000000 1.0000000 0.0000000
vn 0.0000000 1.0000000 0.0000000
vn 0.0000000 1.0000000 0.0000000
vn 0.0000000 1.0000000 0.0000000
vn 0.0000000 1.0000000 0.0000000
vn 0.0000000 1.0000000 0.0000000
vn 0.0000000 1.0000000 0.0000000
vn 0.0000000 1.0000000 0.0000000
vn 0.0000000 1.0000000 0.0000000
vn 0.0000000 1.0000000 0.0000000
vn 0.0000000 1.0000000 0.0000000
vn 0.0000000 1.0000000 0.0000000
vn 0.0000000 1.0000000 0.0000000
vn 0.0000000 1.0000000 0.0000000
vn 0.0000000 1.0000000 0.0000000
vn 0.0000000 1.0000000 0.0000000
vn 0.0000000 1.0000000 0.0000000
vn 0.0000000 1.0000000 0.0000000
vn 0.0000000 1.0000000 0.0000000
vn 0.0000000 1.0000000 0.0000000
vn 0.0000000 1.0000000 0.0000000
vn 0.0000000 1.0000000 0.0000000
vn 0.0000000 1.0000000 0.0000000
vn 0.0000000 1.0000000 0.0000000
vn 0.0000000 1.0000000 0.0000000
vn 0.0000000 1.0000000 0.0000000
vn 0.0000000 1.0000000 0.0000000
vn 0.0000000 1.0000000 0.0000000
vn 0.0000000 1.0000000 0.0000000
vn 0.0000000 1.0000000 0.0000000
vn 0.0000000 1.0000000 0.0000000
vn 0.0000000 1.0000000 0.0000000
vn 0.0000000 1.0000000 0.0000000
vn 0.0000000 1.0000000 0.0000000
vn 0.0000000 1.0000000 0.0000000
vn 0.0000000 1.0000000 0.0000000
vn 0.0000000 1.0000000 0.0000000
vn 0.0000000 1.0000000 0.0000000
vn 0.0000000 1.0000000 0.0000000
vn 0.0000000 1.0000000 0.0000000
vn 0.0000000 1.0000000 0.0000000
vn 0.0000000 1.0000000 0.0000000
vn 0.0000000 1.0000000 0.0000000
vn 0.0000000 1.0000000 0.0000000
vn 0.0000000 1.0000000 0.0000000
vn 0.0000000 1.0000000 0.0000000
vn 0.0000000 1.0000000 0.0000000
vn 0.0000000 1.0000000 0.0000000
vn 0.0000000 1.0000000 0.0000000
vn 0.0000000 1.0000000 0.0000000
vn 0.0000000 1.0000000 0.0000000
vn 0.0000000 1.0000000 0.0000000
vn 0.0000000 1.0000000 0.0000000
vn 0.0000000 1.0000000 0.0000000
vn 0.0000000 1.0000000 0.0000000
vn 0.0000000 1.0000000 0.0000000
vn 0.0000000 1.0000000 0.0000000
vn 0.0000000 1.0000000 0.0000000
vn 0.0000000 1.0000000 0.0000000
vn 0.0000000 1.0000000 0.0000000
vn 0.0000000 1.0000000 0.0000000
vn 0.0000000 1.0000000 0.0000000
vn 0.0000000 1.0000000 0.0000000
vn 0.0000000 1.0000000 0.0000000
vn 0.0000000 1.0000000 0.0000000
vn 0.0000000 1.0000000 0.0000000
vn 0.0000000 1.0000000 0.0000000
vn 0.0000000 1.0000000 0.0000000
vn 0.0000000 1.0000000 0.0000000
vn 0.0000000 1.0000000 0.0000000
vn 0.0000000 1.0000000 0.0000000
vn 0.0000000 1.0000000 0.0000000
vn 0.0000000 1.0000000 0.0000000
vn 0.0000000 1.0000000 0.0000000
vn 0.0000000 1.0000000 0.0000000
vn 0.0000000 1.0000000 0.0000000
vn 0.0000000 1.0000000 0.0000000
vn 0.0000000 1.0000000 0.0000000
vn 0.0000000 1.0000000 0.0000000
vn 0.0000000 1.0000000 0.0000000
vn 0.0000000 1.0000000 0.0000000
vn 0.0000000 1.0000000 0.0000000
vn 0.0000000 1.0000000 0.0000000
vn 0.0000000 1.0000000 0.0000000
vn 0.0000000 1.0000000 0.0000000
vn 0.0000000 1.0000000 0.0000000
vn 0.0000000 1.0000000 0.0000000
vn 0.0000000 1.0000000 0.0000000
vn 0.0000000 1.0000000 0.0000000
vn 0.0000000 1.0000000 0.0000000
vn 0.0000000 1.0000000 0.0000000
vn 0.0000000 1.0000000 0.0000000
vn 0.0000000 1.0000000 0.0000000
vn 0.0000000 1.0000000 0.0000000
vn 0.0000000 1.0000000 0.0000000
vn 0.0000000 1.0000000 0.0000000
vn 0.0000000 1.0000000 0.0000000
vn 0.0000000 1.0000000 0.0000000
vn 0.0000000 1.0000000 0.0000000
vn 0.0000000 1.0000000 0.0000000
vn 0.0000000 1.0000000 0.0000000
vn 0.0000000 1.0000000 0.0000000
vn 0.0000000 1.0000000 0.0000000
vn 0.0000000 1.0000000 0.0000000
vn 0.0000000 1.0000000 0.0000000
vn 0.0000000 1.0000000 0.0000000
vn 0.0000000 1.0000000 0.0000000
vn 0.0000000 1.0000000 0.0000000
vn 0.0000000 1.0000000 0.0000000
vn 0.0000000 1.0000000 0.0000000
vn 0.0000000 1.0000000 0.0000000
vn 0.0000000 1.0000000 0.0000000
vn 0.0000000 1.0000000 0.0000000
vn 0.0000000 1.0000000 0.0000000
vn 0.0000000 1.0000000 0.0000000
vn 0.0000000 1.0000000 0.0000000
vn 0.0000000 1.0000000 0.0000000
vn 0.0000000 1.0000000 0.0000000
vn 0.0000000 1.0000000 0.0000000
vn 0.0000000 1.0000000 0.0000000
vn 0.0000000 1.0000000 0.0000000
vn 0.0000000 1.0000000 0.0000000
vn 0.0000000 1.0000000 0.0000000
vn 0.0000000 1.0000000 0.0000000
vn 0.0000000 1.0000000 0.0000000
vn 0.0000000 1.0000000 0.0000000
vn 0.0000000 1.0000000 0.0000000
vn 0.0000000 1.0000000 0.0000000
vn 0.0000000 1.0000000 0.0000000
vn 0.0000000 1.0000000 0.0000000
vn 0.0000000 1.0000000 0.0000000
vn 0.0000000 1.0000000 0.0000000
vn 0.0000000 1.0000000 0.0000000
vn 0.0000000 1.0000000 0.0000000
vn 0.0000000 1.0000000 0.0000000
vn 0.0000000 1.0000000 0.0000000
vn 0.0000000 1.0000000 0.0000000
vn 0.0000000 1.0000000 0.0000000
vn 0.0000000 1.0000000 0.0000000
vn 0.0000000 1.0000000 0.0000000
vn 0.0000000 1.0000000 0.0000000
vn 0.0000000 1.0000000 0.0000000
vn 0.0000000 1.0000000 0.0000000
vn 0.0000000 1.0000000 0.0000000
vn 0.0000000 1.0000000 0.0000000
vn 0.0000000 1.0000000 0.0000000
vn 0.0000000 1.0000000 0.0000000
vn 0.0000000 1.0000000 0.0000000
vn 0.0000000 1.0000000 0.0000000
vn 0.0000000 1.0000000 0.0000000
vn 0.0000000 1.0000000 0.0000000
vn 0.0000000 1.0000000 0.0000000
vn 0.0000000 1.0000000 0.0000000
vn 0.0000000 1.0000000 0.0000000
vn 0.0000000 1.0000000 0.0000000
vn 0.0000000 1.0000000 0.0000000
vn 0.0000000 1.0000000 0.0000000
vn 0.0000000 1.0000000 0.0000000
vn 0.0000000 1.0000000 0.0000000
vn 0.0000000 1.0000000 0.0000000
vn 0.0000000 1.0000000 0.0000000
vn 0.0000000 1.0000000 0.0000000
vn 0.0000000 1.0000000 0.0000000
vn 0.0000000 1.0000000 0.0000000
vn 0.0000000 1.0000000 0.0000000
vn 0.0000000 1.0000000 0.0000000
vn 0.0000000 1.0000000 0.0000000
vn 0.0000000 1.0000000 0.0000000
vn 0.0000000 1.0000000 0.0000000
vn 0.0000000 1.0000000 0.0000000
vn 0.0000000 1.0000000 0.0000000
vn 0.0000000 1.0000000 0.0000000
vn 0.0000000 1.0000000 0.0000000
vn 0.0000000 1.0000000 0.0000000
vn 0.0000000 1.0000000 0.0000000
vn 0.0000000 1.0000000 0.0000000
vn 0.0000000 1.0000000 0.0000000
vn 0.0000000 1.0000000 0.0000000
vn 0.0000000 1.0000000 0.0000000
vn 0.0000000 1.0000000 0.0000000
vn 0.0000000 1.0000000 0.0000000
vn 0.0000000 1.0000000 0.0000000
vn 0.0000000 1.0000000 0.0000000
vn 0.0000000 1.0000000 0.0000000
vn 0.0000000 1.0000000 0.0000000
vn 0.0000000 1.0000000 0.0000000
vn 0.0000000 1.0000000 0.0000000
vn 0.0000000 1.0000000 0.0000000
vn 0.0000000 1.0000000 0.0000000
vn 0.0000000 1.0000000 0.0000000
vn 0.0000000 1.0000000 0.0000000
vn 0.0000000 1.0000000 0.0000000
vn 0.0000000 1.0000000 0.0000000
vn 0.0000000 1.0000000 0.0000000
vn 0.0000000 1.0000000 0.0000000
vn 0.0000000 1.0000000 0.0000000
vn 0.0000000 1.0000000 0.0000000
vn 0.0000000 1.0000000 0.0000000
vn 0.0000000 1.0000000 0.0000000
vn 0.0000000 1.0000000 0.0000000
vn 0.0000000 1.0000000 0.0000000
vn 0.0000000 1.0000000 0.0000000
vn 0.0000000 1.0000000 0.0000000
vn 0.0000000 1.0000000 0.0000000
vn 0.0000000 1.0000000 0.0000000
vn 0.0000000 1.0000000 0.0000000
vn 0.0000000 1.0000000 0.0000000
vn 0.0000000 1.0000000 0.0000000
vn 0.0000000 1.0000000 0.0000000
vn 0.0000000 1.0000000 0.0000000
vn 0.0000000 1.0000000 0.0000000
vn 0.0000000 1.0000000 0.0000000
vn 0.0000000 1.0000000 0.0000000
vn 0.0000000 1.0000000 0.0000000
vn 0.0000000 1.0000000 0.0000000
vn 0.0000000 1.0000000 0.0000000
vn 0.0000000 1.0000000 0.0000000
vn 0.0000000 1.0000000 0.0000000
vn 0.0000000 1.0000000 0.0000000
vn 0.0000000 1.0000000 0.0000000
vn 0.0000000 1.0000000 0.0000000
vn 0.0000000 1.0000000 0.0000000
vn 0.0000000 1.0000000 0.0000000
vn 0.0000000 1.0000000 0.0000000
vn 0.0000000 1.0000000 0.0000000
vn 0.0000000 1.0000000 0.0000000
vn 0.0000000 1.0000000 0.0000000
vn 0.0000000 1.0000000 0.0000000
vn 0.0000000 1.0000000 0.0000000
vn 0.0000000 1.0000000 0.0000000
vn 0.0000000 1.0000000 0.0000000
vn 0.0000000 1.0000000 0.0000000
vn 0.0000000 1.0000000 0.0000000
vn 0.0000000 1.0000000 0.0000000
vn 0.0000000 1.0000000 0.0000000
vn 0.0000000 1.0000000 0.0000000
vn 0.0000000 1.0000000 0.0000000
vn 0.0000000 1.0000000 0.0000000
vn 0.0000000 1.0000000 0.0000000
vn 0.0000000 1.0000000 0.0000000
vn 0.0000000 1.0000000 0.0000000
vn 0.0000000 1.0000000 0.0000000
vn 0.0000000 1.0000000 0.0000000
vn 0.0000000 1.0000000 0.0000000
vn 0.0000000 1.0000000 0.0000000
vn 0.0000000 1.0000000 0.0000000
vn 0.0000000 1.0000000 0.0000000
vn 0.0000000 1.0000000 0.0000000
vn 0.0000000 1.0000000 0.0000000
vn 0.0000000 1.0000000 0.0000000
vn 0.0000000 1.0000000 0.0000000
vn 0.0000000 1.0000000 0.0000000
vn 0.0000000 1.0000000 0.0000000
vn 0.0000000 1.0000000 0.0000000
vn 0.0000000 1.0000000 0.0000000
vn 0.0000000 1.0000000 0.0000000
vn 0.0000000 1.0000000 0.0000000
vn 0.0000000 1.0000000 0.0000000
vn 0.0000000 1.0000000 0.0000000
vn 0.0000000 1.0000000 0.0000000
vn 0.0000000 1.0000000 0.0000000
vn 0.0000000 1.0000000 0.0000000
vn 0.0000000 1.0000000 0.0000000
vn 0.0000000 1.0000000 0.0000000
vn 0.0000000 1.0000000 0.0000000
vn 0.0000000 1.0000000 0.0000000
vn 0.0000000 1.0000000 0.0000000
vn 0.0000000 1.0000000 0.0000000
vn 0.0000000 1.0000000 0.0000000
vn 0.0000000 1.0000000 0.0000000
vn 0.0000000 1.0000000 0.0000000
vn 0.0000000 1.0000000 0.0000000
vn 0.0000000 1.0000000 0.0000000
vn 0.0000000 1.0000000 0.0000000
vn 0.0000000 1.0000000 0.0000000
vn 0.0000000 1.0000000 0.0000000
vn 0.0000000 1.0000000 0.0000000
vn 0.0000000 1.0000000 0.0000000
vn 0.0000000 1.0000000 0.0000000
vn 0.0000000 1.0000000 0.0000000
vn 0.0000000 1.0000000 0.0000000
vn 0.0000000 1.0000000 0.0000000
vn 0.0000000 1.0000000 0.0000000
vn 0.0000000 1.0000000 0.0000000
vn 0.0000000 1.0000000 0.0000000
vn 0.0000000 1.0000000 0.0000000
vn 0.0000000 1.0000000 0.0000000
vn 0.0000000 1.0000000 0.0000000
vn 0.0000000 1.0000000 0.0000000
vn 0.0000000 1.0000000 0.0000000
vn 0.0000000 1.0000000 0.0000000
vn 0.0000000 1.0000000 0.0000000
vn 0.0000000 1.0000000 0.0000000
vn 0.0000000 1.0000000 0.0000000
vn 0.0000000 1.0000000 0.0000000
vn 0.0000000 1.0000000 0.0000000
vn 0.0000000 1.0000000 0.0000000
vn 0.0000000 1.0000000 0.0000000
vn 0.0000000 1.0000000 0.0000000
vn 0.0000000 1.0000000 0.0000000
vn 0.0000000 1.0000000 0.0000000
vn 0.0000000 1.0000000 0.0000000
vn 0.0000000 1.0000000 0.0000000
vn 0.0000000 1.0000000 0.0000000
vn 0.0000000 1.0000000 0.0000000
vn 0.0000000 1.0000000 0.0000000
vn 0.0000000 1.0000000 0.0000000
vn 0.0000000 1.0000000 0.0000000
vn 0.0000000 1.0000000 0.0000000
vn 0.0000000 1.0000000 0.0000000
vn 0.0000000 1.0000000 0.0000000
vn 0.0000000 1.0000000 0.0000000
vn 0.0000000 1.0000000 0.0000000
vn 0.0000000 1.0000000 0.0000000
vn 0.0000000 1.0000000 0.0000000
vn 0.0000000 1.0000000 0.0000000
vn 0.0000000 1.0000000 0.0000000
vn 0.0000000 1.0000000 0.0000000
vn 0.0000000 1.0000000 0.0000000
vn 0.0000000 1.0000000 0.0000000
vn 0.0000000 1.0000000 0.0000000
vn 0.0000000 1.0000000 0.0000000
vn 0.0000000 1.0000000 0.0000000
vn 0.0000000 1.0000000 0.0000000
vn 0.0000000 1.0000000 0.0000000
vn 0.0000000 1.0000000 0.0000000
vn 0.0000000 1.0000000 0.0000000
vn 0.0000000 1.0000000 0.0000000
vn 0.0000000 1.0000000 0.0000000
vn 0.0000000 1.0000000 0.0000000
vn 0.0000000 1.0000000 0.0000000
vn 0.0000000 1.0000000 0.0000000
vn 0.0000000 1.0000000 0.0000000
vn 0.0000000 1.0000000 0.0000000
vn 0.0000000 1.0000000 0.0000000
vn 0.0000000 1.0000000 0.0000000
vn 0.0000000 1.0000000 0.0000000
vn 0.0000000 1.0000000 0.0000000
vn 0.0000000 1.0000000 0.0000000
vn 0.0000000 1.0000000 0.0000000
vn 0.0000000 1.0000000 0.0000000
vn 0.0000000 1.0000000 0.0000000
vn 0.0000000 1.0000000 0.0000000
vn 0.0000000 1.0000000 0.0000000
vn 0.0000000 1.0000000 0.0000000
vn 0.0000000 1.0000000 0.0000000
vn 0.0000000 1.0000000 0.0000000
vn 0.0000000 1.0000000 0.0000000
vn 0.0000000 1.0000000 0.0000000
vn 0.0000000 1.0000000 0.0000000
vn 0.0000000 1.0000000 0.0000000
vn 0.0000000 1.0000000 0.0000000
vn 0.0000000 1.0000000 0.0000000
vn 0.0000000 1.0000000 0.0000000
vn 0.0000000 1.0000000 0.0000000
vn 0.0000000 1.0000000 0.0000000
vn 0.0000000 1.0000000 0.0000000
vn 0.0000000 1.0000000 0.0000000
vn 0.0000000 1.0000000 0.0000000
vn 0.0000000 1.0000000 0.0000000
vn 0.0000000 1.0000000 0.0000000
vn 0.0000000 1.0000000 0.0000000
vn 0.0000000 1.0000000 0.0000000
vn 0.0000000 1.0000000 0.0000000
vn 0.0000000 1.0000000 0.0000000
vn 0.0000000 1.0000000 0.0000000
vn 0.0000000 1.0000000 0.0000000
vn 0.0000000 1.0000000 0.0000000
vn 0.0000000 1.0000000 0.0000000
vn 0.0000000 1.0000000 0.0000000
vn 0.0000000 1.0000000 0.0000000
vn 0.0000000 1.0000000 0.0000000
vn 0.0000000 1.0000000 0.0000000
vn 0.0000000 1.0000000 0.0000000
vn 0.0000000 1.0000000 0.0000000
vn 0.0000000 1.0000000 0.0000000
vn 0.0000000 1.0000000 0.0000000
vn 0.0000000 1.0000000 0.0000000
vn 0.0000000 1.0000000 0.0000000
vn 0.0000000 1.0000000 0.0000000
vn 0.0000000 1.0000000 0.0000000
vn 0.0000000 1.0000000 0.0000000
vn 0.0000000 1.0000000 0.0000000
vn 0.0000000 1.0000000 0.0000000
vn 0.0000000 1.0000000 0.0000000
vn 0.0000000 1.0000000 0.0000000
vn 0.0000000 1.0000000 0.0000000
vn 0.0000000 1.0000000 0.0000000
vn 0.0000000 1.0000000 0.0000000
vn 0.0000000 1.0000000 0.0000000
vn 0.0000000 1.0000000 0.0000000
vn 0.0000000 1.0000000 0.0000000
vn 0.0000000 1.0000000 0.0000000
vn 0.0000000 1.0000000 0.0000000
vn 0.0000000 1.0000000 0.0000000
vn 0.0000000 1.0000000 0.0000000
vn 0.0000000 1.0000000 0.0000000
vn 0.0000000 1.0000000 0.0000000
vn 0.0000000 1.0000000 0.0000000
vn 0.0000000 1.0000000 0.0000000
vn 0.0000000 1.0000000 0.0000000
vn 0.0000000 1.0000000 0.0000000
vn 0.0000000 1.0000000 0.0000000
vn 0.0000000 1.0000000 0.0000000
vn 0.0000000 1.0000000 0.0000000
vn 0.0000000 1.0000000 0.0000000
vn 0.0000000 1.0000000 0.0000000
vn 0.0000000 1.0000000 0.0000000
vn 0.0000000 1.0000000 0.0000000
vn 0.0000000 1.0000000 0.0000000
vn 0.0000000 1.0000000 0.0000000
vn 0.0000000 1.0000000 0.0000000
vn 0.0000000 1.0000000 0.0000000
vn 0.0000000 1.0000000 0.0000000
vn 0.0000000 1.0000000 0.0000000
vn 0.0000000 1.0000000 0.0000000
vn 0.0000000 1.0000000 0.0000000
vn 0.0000000 1.0000000 0.0000000
vn 0.0000000 1.0000000 0.0000000
vn 0.0000000 1.0000000 0.0000000
vn 0.0000000 1.0000000 0.0000000
vn 0.0000000 1.0000000 0.0000000
vn 0.0000000 1.0000000 0.0000000
vn 0.0000000 1.0000000 0.0000000
vn 0.0000000 1.0000000 0.0000000
vn 0.0000000 1.0000000 0.0000000
vn 0.0000000 1.0000000 0.0000000
vn 0.0000000 1.0000000 0.0000000
vn 0.0000000 1.0000000 0.0000000
vn 0.0000000 1.0000000 0.0000000
vn 0.0000000 1.0000000 0.0000000
vn 0.0000000 1.0000000 0.0000000
vn 0.0000000 1.0000000 0.0000000
vn 0.0000000 1.0000000 0.0000000
vn 0.0000000 1.0000000 0.0000000
vn 0.0000000 1.0000000 0.0000000
vn 0.0000000 1.0000000 0.0000000
vn 0.0000000 1.0000000 0.0000000
vn 0.0000000 1.0000000 0.0000000
vn 0.0000000 1.0000000 0.0000000
vn 0.0000000 1.0000000 0.0000000
vn 0.0000000 1.0000000 0.0000000
vn 0.0000000 1.0000000 0.0000000
vn 0.0000000 1.0000000 0.0000000
vn 0.0000000 1.0000000 0.0000000
vn 0.0000000 1.0000000 0.0000000
vn 0.0000000 1.0000000 0.0000000
vn 0.0000000 1.0000000 0.0000000
vn 0.0000000 1.0000000 0.0000000
vn 0.0000000 1.0000000 0.0000000
vn 0.0000000 1.0000000 0.0000000
vn 0.0000000 1.0000000 0.0000000
vn 0.0000000 1.0000000 0.0000000
vn 0.0000000 1.0000000 0.0000000
vn 0.0000000 1.0000000 0.0000000
vn 0.0000000 1.0000000 0.0000000
vn 0.0000000 1.0000000 0.0000000
vn 0.0000000 1.0000000 0.0000000
vn 0.0000000 1.0000000 0.0000000
vn 0.0000000 1.0000000 0.0000000
vn 0.0000000 1.0000000 0.0000000
vn 0.0000000 1.0000000 0.0000000
vn 0.0000000 1.0000000 0.0000000
vn 0.0000000 1.0000000 0.0000000
vn 0.0000000 1.0000000 0.0000000
vn 0.0000000 1.0000000 0.0000000
vn 0.0000000 1.0000000 0.0000000
vn 0.0000000 1.0000000 0.0000000
vn 0.0000000 1.0000000 0.0000000
vn 0.0000000 1.0000000 0.0000000
vn 0.0000000 1.0000000 0.0000000
vn 0.0000000 1.0000000 0.0000000
vn 0.0000000 1.0000000 0.0000000
vn 0.0000000 1.0000000 0.0000000
vn 0.0000000 1.0000000 0.0000000
vn 0.0000000 1.0000000 0.0000000
vn 0.0000000 1.0000000 0.0000000
vn 0.0000000 1.0000000 0.0000000
vn 0.0000000 1.0000000 0.0000000
vn 0.0000000 1.0000000 0.0000000
vn 0.0000000 1.0000000 0.0000000
vn 0.0000000 1.0000000 0.0000000
vn 0.0000000 1.0000000 0.0000000
vn 0.0000000 1.0000000 0.0000000
vn 0.0000000 1.0000000 0.0000000
vn 0.0000000 1.0000000 0.0000000
vn 0.0000000 1.0000000 0.0000000
vn 0.0000000 1.0000000 0.0000000
vn 0.0000000 1.0000000 0.0000000
vn 0.0000000 1.0000000 0.0000000
vn 0.0000000 1.0000000 0.0000000
vn 0.0000000 1.0000000 0.0000000
vn 0.0000000 1.0000000 0.0000000
vn 0.0000000 1.0000000 0.0000000
vn 0.0000000 1.0000000 0.0000000
vn 0.0000000 1.0000000 0.0000000
vn 0.0000000 1.0000000 0.0000000
vn 0.0000000 1.0000000 0.0000000
vn 0.0000000 1.0000000 0.0000000
vn 0.0000000 1.0000000 0.0000000
vn 0.0000000 1.0000000 0.0000000
vn 0.0000000 1.0000000 0.0000000
vn 0.0000000 1.0000000 0.0000000
vn 0.0000000 1.0000000 0.0000000
vn 0.0000000 1.0000000 0.0000000
vn 0.0000000 1.0000000 0.0000000
vn 0.0000000 1.0000000 0.0000000
vn 0.0000000 1.0000000 0.0000000
vn 0.0000000 1.0000000 0.0000000
vn 0.0000000 1.0000000 0.0000000
vn 0.0000000 1.0000000 0.0000000
vn 0.0000000 1.0000000 0.0000000
vn 0.0000000 1.0000000 0.0000000
vn 0.0000000 1.0000000 0.0000000
vn 0.0000000 1.0000000 0.0000000
vn 0.0000000 1.0000000 0.0000000
vn 0.0000000 1.0000000 0.0000000
vn 0.0000000 1.0000000 0.0000000
vn 0.0000000 1.0000000 0.0000000
vn 0.0000000 1.0000000 0.0000000
vn 0.0000000 1.0000000 0.0000000
vn 0.0000000 1.0000000 0.0000000
vn 0.0000000 1.0000000 0.0000000
vn 0.0000000 1.0000000 0.0000000
vn 0.0000000 1.0000000 0.0000000
vn 0.0000000 1.0000000 0.0000000
vn 0.0000000 1.0000000 0.0000000
vn 0.0000000 1.0000000 0.0000000
vn 0.0000000 1.0000000 0.0000000
vn 0.0000000 1.0000000 0.0000000
vn 0.0000000 1.0000000 0.0000000
vn 0.0000000 1.0000000 0.0000000
vn 0.0000000 1.0000000 0.0000000
vn 0.0000000 1.0000000 0.0000000
vn 0.0000000 1.0000000 0.0000000
vn 0.0000000 1.0000000 0.0000000
vn 0.0000000 1.0000000 0.0000000
vn 0.0000000 1.0000000 0.0000000
vn 0.0000000 1.0000000 0.0000000
vn 0.0000000 1.0000000 0.0000000
vn 0.0000000 1.0000000 0.0000000
vn 0.0000000 1.0000000 0.0000000
vn 0.0000000 1.0000000 0.0000000
vn 0.0000000 1.0000000 0.0000000
vn 0.0000000 1.0000000 0.0000000
vn 0.0000000 1.0000000 0.0000000
vn 0.0000000 1.0000000 0.0000000
vn 0.0000000 1.0000000 0.0000000
vn 0.0000000 1.0000000 0.0000000
vn 0.0000000 1.0000000 0.0000000
vn 0.0000000 1.0000000 0.0000000
vn 0.0000000 1.0000000 0.0000000
vn 0.0000000 1.0000000 0.0000000
vn 0.0000000 1.0000000 0.0000000
vn 0.0000000 1.0000000 0.0000000
vn 0.0000000 1.0000000 0.0000000
vn 0.0000000 1.0000000 0.0000000
vn 0.0000000 1.0000000 0.0000000
vn 0.0000000 1.0000000 0.0000000
vn 0.0000000 1.0000000 0.0000000
vn 0.0000000 1.0000000 0.0000000
vn 0.0000000 1.0000000 0.0000000
vn 0.0000000 1.0000000 0.0000000
vn 0.0000000 1.0000000 0.0000000
vn 0.0000000 1.0000000 0.0000000
vn 0.0000000 1.0000000 0.0000000
vn 0.0000000 1.0000000 0.0000000
vn 0.0000000 1.0000000 0.0000000
vn 0.0000000 1.0000000 0.0000000
vn 0.0000000 1.0000000 0.0000000
vn 0.0000000 1.0000000 0.0000000
vn 0.0000000 1.0000000 0.0000000
vn 0.0000000 1.0000000 0.0000000
vn 0.0000000 1.0000000 0.0000000
vn 0.0000000 1.0000000 0.0000000
vn 0.0000000 1.0000000 0.0000000
vn 0.0000000 1.0000000 0.0000000
vn 0.0000000 1.0000000 0.0000000
vn 0.0000000 1.0000000 0.0000000
vn 0.0000000 1.0000000 0.0000000
vn 0.0000000 1.0000000 0.0000000
vn 0.0000000 1.0000000 0.0000000
vn 0.0000000 1.0000000 0.0000000
vn 0.0000000 1.0000000 0.0000000
vn 0.0000000 1.0000000 0.0000000
vn 0.0000000 1.0000000 0.0000000
vn 0.0000000 1.0000000 0.0000000
vn 0.0000000 1.0000000 0.0000000
vn 0.0000000 1.0000000 0.0000000
vn 0.0000000 1.0000000 0.0000000
vn 0.0000000 1.0000000 0.0000000
vn 0.0000000 1.0000000 0.0000000
vn 0.0000000 1.0000000 0.0000000
vn 0.0000000 1.0000000 0.0000000
vn 0.0000000 1.0000000 0.0000000
vn 0.0000000 1.0000000 0.0000000
vn 0.0000000 1.0000000 0.0000000
vn 0.0000000 1.0000000 0.0000000
vn 0.0000000 1.0000000 0.0000000
vn 0.0000000 1.0000000 0.0000000
vn 0.0000000 1.0000000 0.0000000
vn 0.0000000 1.0000000 0.0000000
vn 0.0000000 1.0000000 0.0000000
vn 0.0000000 1.0000000 0.0000000
vn 0.0000000 1.0000000 0.0000000
vn 0.0000000 1.0000000 0.0000000
vn 0.0000000 1.0000000 0.0000000
vn 0.0000000 1.0000000 0.0000000
vn 0.0000000 1.0000000 0.0000000
vn 0.0000000 1.0000000 0.0000000
vn 0.0000000 1.0000000 0.0000000
vn 0.0000000 1.0000000 0.0000000
vn 0.0000000 1.0000000 0.0000000
vn 0.0000000 1.0000000 0.0000000
vn 0.0000000 1.0000000 0.0000000
vn 0.0000000 1.0000000 0.0000000
vn 0.0000000 1.0000000 0.0000000
vn 0.0000000 1.0000000 0.0000000
vn 0.0000000 1.0000000 0.0000000
vn 0.0000000 1.0000000 0.0000000
vn 0.0000000 1.0000000 0.0000000
vn 0.0000000 1.0000000 0.0000000
vn 0.0000000 1.0000000 0.0000000
vn 0.0000000 1.0000000 0.0000000
vn 0.0000000 1.0000000 0.0000000
vn 0.0000000 1.0000000 0.0000000
vn 0.0000000 1.0000000 0.0000000
vn 0.0000000 1.0000000 0.0000000
vn 0.0000000 1.0000000 0.0000000
vn 0.0000000 1.0000000 0.0000000
vn 0.0000000 1.0000000 0.0000000
vn 0.0000000 1.0000000 0.0000000
vn 0.0000000 1.0000000 0.0000000
vn 0.0000000 1.0000000 0.0000000
vn 0.0000000 1.0000000 0.0000000
vn 0.0000000 1.0000000 0.0000000
vn 0.0000000 1.0000000 0.0000000
vn 0.1806088 0.9835549 0.0005521
vn 0.1801408 0.9836201 0.0063845
vn 0.1794442 0.9836927 0.0121838
vn 0.1785208 0.9837726 0.0179408
vn 0.1773731 0.9838596 0.0236464
vn 0.1760046 0.9839534 0.0292919
vn 0.1744197 0.9840538 0.0348689
vn 0.1726236 0.9841603 0.0403693
vn 0.1706221 0.9842722 0.0457858
vn 0.1684220 0.9843890 0.0511114
vn 0.1660305 0.9845099 0.0563400
vn 0.1634554 0.9846341 0.0614662
vn 0.1607051 0.9847607 0.0664852
vn 0.1577882 0.9848888 0.0713933
vn 0.1547138 0.9850173 0.0761875
vn 0.1514910 0.9851453 0.0808656
vn 0.1481289 0.9852716 0.0854263
vn 0.1446366 0.9853952 0.0898693
vn 0.1410231 0.9855150 0.0941949
vn 0.1372971 0.9856298 0.0984043
vn 0.1334667 0.9857386 0.1024994
vn 0.1295397 0.9858402 0.1064826
vn 0.1255234 0.9859337 0.1103570
vn 0.1214242 0.9860180 0.1141260
vn 0.1172479 0.9860921 0.1177937
vn 0.1129996 0.9861551 0.1213639
vn 0.1086835 0.9862062 0.1248409
vn 0.1043029 0.9862445 0.1282288
vn 0.0998604 0.9862694 0.1315317
vn 0.0953576 0.9862801 0.1347533
vn 0.0907954 0.9862762 0.1378969
vn 0.0861739 0.9862570 0.1409653
vn 0.0814925 0.9862222 0.1439608
vn 0.0767500 0.9861715 0.1468848
vn 0.0719446 0.9861047 0.1497378
vn 0.0670741 0.9860217 0.1525195
vn 0.0621359 0.9859225 0.1552287
vn 0.0571273 0.9858072 0.1578629
vn 0.0520453 0.9856759 0.1604189
vn 0.0468873 0.9855292 0.1628920
vn 0.0416507 0.9853673 0.1652768
vn 0.0363331 0.9851910 0.1675665
vn 0.0309327 0.9850010 0.1697535
vn 0.0254484 0.9847980 0.1718293
vn 0.0198797 0.9845831 0.1737842
vn 0.0142269 0.9843574 0.1756080
vn 0.0084913 0.9841221 0.1772898
vn 0.0026753 0.9838785 0.1788180
vn -0.0032179 0.9836283 0.1801807
vn -0.0091835 0.9833728 0.1813659
vn -0.0152157 0.9831139 0.1823610
vn -0.0213077 0.9828533 0.1831541
vn -0.0274510 0.9825928 0.1837329
vn -0.0336363 0.9823344 0.1840860
vn -0.0398528 0.9820801 0.1842022
vn -0.0460888 0.9818318 0.1840712
vn -0.0523314 0.9815915 0.1836834
vn -0.0585668 0.9813612 0.1830304
vn -0.0647803 0.9811429 0.1821048
vn -0.0709565 0.9809384 0.1809005
vn -0.0770792 0.9807496 0.1794128
vn -0.0831320 0.9805782 0.1776383
vn -0.0890980 0.9804258 0.1755754
vn -0.0949603 0.9802939 0.1732237
vn -0.1007019 0.9801836 0.1705848
vn -0.1063059 0.9800962 0.1676616
vn -0.1117558 0.9800326 0.1644589
vn -0.1170359 0.9799934 0.1609828
vn -0.1221307 0.9799793 0.1572411
vn -0.1270258 0.9799903 0.1532431
vn -0.1317079 0.9800266 0.1489994
vn -0.1361645 0.9800881 0.1445220
vn -0.1403846 0.9801742 0.1398240
vn -0.1443584 0.9802843 0.1349196
vn -0.1480777 0.9804176 0.1298239
vn -0.1515356 0.9805731 0.1245526
vn -0.1547271 0.9807494 0.1191223
vn -0.1576484 0.9809452 0.1135498
vn -0.1602978 0.9811588 0.1078522
vn -0.1626750 0.9813885 0.1020467
vn -0.1647812 0.9816324 0.0961503
vn -0.1666195 0.9818888 0.0901800
vn -0.1681942 0.9821554 0.0841521
vn -0.1695112 0.9824302 0.0780824
vn -0.1705777 0.9827112 0.0719860
vn -0.1714022 0.9829962 0.0658772
vn -0.1719941 0.9832831 0.0597690
vn -0.1723638 0.9835700 0.0536737
vn -0.1725226 0.9838547 0.0476021
vn -0.1724823 0.9841353 0.0415640
vn -0.1722551 0.9844100 0.0355677
vn -0.1718535 0.9846771 0.0296202
vn -0.1712901 0.9849349 0.0237273
vn -0.1705773 0.9851818 0.0178932
vn -0.1697274 0.9854165 0.0121212
vn -0.1687522 0.9856376 0.0064129
vn -0.1676627 0.9858441 0.0007691
vn -0.1664693 0.9860349 -0.0048107
vn -0.1651816 0.9862091 -0.0103278
vn -0.1638080 0.9863659 -0.0157844
vn -0.1623561 0.9865048 -0.0211835
vn -0.1608319 0.9866252 -0.0265286
vn -0.1592405 0.9867268 -0.0318236
vn -0.1575857 0.9868092 -0.0370727
vn -0.1558698 0.9868723 -0.0422802
vn -0.1540939 0.9869162 -0.0474502
vn -0.1522580 0.9869408 -0.0525869
vn -0.1503607 0.9869463 -0.0576939
vn -0.1483995 0.9869331 -0.0627742
vn -0.1463708 0.9869015 -0.0678306
vn -0.1442702 0.9868520 -0.0728646
vn -0.1420923 0.9867851 -0.0778774
vn -0.1398309 0.9867016 -0.0828688
vn -0.1374794 0.9866022 -0.0878378
vn -0.1350308 0.9864878 -0.0927825
vn -0.1324776 0.9863592 -0.0976995
vn -0.1298123 0.9862176 -0.1025848
vn -0.1270276 0.9860640 -0.1074329
vn -0.1241161 0.9858996 -0.1122374
vn -0.1210708 0.9857256 -0.1169908
vn -0.1178854 0.9855434 -0.1216848
vn -0.1145540 0.9853543 -0.1263101
vn -0.1110714 0.9851597 -0.1308565
vn -0.1074334 0.9849611 -0.1353134
vn -0.1036367 0.9847598 -0.1396693
vn -0.0996790 0.9845574 -0.1439124
vn -0.0955589 0.9843553 -0.1480308
vn -0.0912765 0.9841549 -0.1520120
vn -0.0868328 0.9839577 -0.1558438
vn -0.0822300 0.9837650 -0.1595140
vn -0.0774715 0.9835780 -0.1630105
vn -0.0725617 0.9833981 -0.1663218
vn -0.0675064 0.9832264 -0.1694367
vn -0.0623122 0.9830638 -0.1723448
vn -0.0569868 0.9829114 -0.1750363
vn -0.0515386 0.9827699 -0.1775023
vn -0.0459771 0.9826401 -0.1797347
vn -0.0403123 0.9825225 -0.1817264
vn -0.0345550 0.9824175 -0.1834715
vn -0.0287162 0.9823254 -0.1849651
vn -0.0228076 0.9822465 -0.1862033
vn -0.0168409 0.9821806 -0.1871835
vn -0.0108281 0.9821277 -0.1879041
vn -0.0047813 0.9820875 -0.1883646
vn 0.0012876 0.9820597 -0.1885657
vn 0.0073669 0.9820438 -0.1885090
vn 0.0134450 0.9820392 -0.1881972
vn 0.0195109 0.9820453 -0.1876338
vn 0.0255537 0.9820612 -0.1868231
vn 0.0315633 0.9820861 -0.1857704
vn 0.0375301 0.9821192 -0.1844814
vn 0.0434449 0.9821595 -0.1829624
vn 0.0492994 0.9822061 -0.1812202
vn 0.0550857 0.9822579 -0.1792621
vn 0.0607966 0.9823141 -0.1770954
vn 0.0664257 0.9823736 -0.1747278
vn 0.0719670 0.9824354 -0.1721668
vn 0.0774152 0.9824987 -0.1694202
vn 0.0827655 0.9825625 -0.1664955
vn 0.0880137 0.9826261 -0.1634001
vn 0.0931558 0.9826886 -0.1601411
vn 0.0981883 0.9827493 -0.1567254
vn 0.1031081 0.9828076 -0.1531596
vn 0.1079122 0.9828630 -0.1494497
vn 0.1125977 0.9829150 -0.1456015
vn 0.1171621 0.9829632 -0.1416206
vn 0.1216024 0.9830073 -0.1375119
vn 0.1259161 0.9830471 -0.1332801
vn 0.1301001 0.9830825 -0.1289295
vn 0.1341516 0.9831134 -0.1244642
vn 0.1380672 0.9831400 -0.1198879
vn 0.1418434 0.9831625 -0.1152044
vn 0.1454765 0.9831809 -0.1104169
vn 0.1489625 0.9831957 -0.1055289
vn 0.1522969 0.9832073 -0.1005437
vn 0.1554753 0.9832161 -0.0954648
vn 0.1584926 0.9832227 -0.0902957
vn 0.1613437 0.9832275 -0.0850401
vn 0.1640233 0.9832314 -0.0797019
vn 0.1665260 0.9832348 -0.0742856
vn 0.1688460 0.9832386 -0.0687957
vn 0.1709779 0.9832434 -0.0632372
vn 0.1729161 0.9832500 -0.0576157
vn 0.1746550 0.9832590 -0.0519369
vn 0.1761896 0.9832711 -0.0462073
vn 0.1775147 0.9832872 -0.0404337
vn 0.1786259 0.9833077 -0.0346234
vn 0.1795189 0.9833333 -0.0287841
vn 0.1801903 0.9833646 -0.0229239
vn 0.1806369 0.9834020 -0.0170513
vn 0.1808564 0.9834460 -0.0111751
vn 0.1808474 0.9834969 -0.0053042
vn 0.5206220 0.8537873 -0.0001921
vn 0.5203876 0.8537664 0.0167204
vn 0.5196058 0.8537445 0.0336168
vn 0.5182768 0.8537217 0.0504810
vn 0.5164015 0.8536982 0.0672971
vn 0.5139807 0.8536742 0.0840490
vn 0.5110160 0.8536498 0.1007207
vn 0.5075090 0.8536254 0.1172960
vn 0.5034618 0.8536011 0.1337588
vn 0.4988768 0.8535772 0.1500929
vn 0.4937569 0.8535540 0.1662818
vn 0.4881055 0.8535317 0.1823091
vn 0.4819264 0.8535106 0.1981582
vn 0.4752238 0.8534908 0.2138125
vn 0.4680026 0.8534728 0.2292550
vn 0.4602682 0.8534566 0.2444690
vn 0.4520267 0.8534425 0.2594375
vn 0.4432848 0.8534307 0.2741434
vn 0.4340498 0.8534215 0.2885697
vn 0.4243300 0.8534150 0.3026994
vn 0.4141342 0.8534113 0.3165155
vn 0.4034721 0.8534105 0.3300011
vn 0.3923540 0.8534129 0.3431395
vn 0.3807913 0.8534185 0.3559142
vn 0.3687960 0.8534272 0.3683089
vn 0.3563811 0.8534393 0.3803077
vn 0.3435603 0.8534546 0.3918949
vn 0.3303481 0.8534731 0.4030556
vn 0.3167600 0.8534948 0.4137751
vn 0.3028119 0.8535196 0.4240393
vn 0.2885208 0.8535473 0.4338349
vn 0.2739042 0.8535779 0.4431493
vn 0.2589803 0.8536112 0.4519703
vn 0.2437679 0.8536469 0.4602870
vn 0.2282865 0.8536850 0.4680890
vn 0.2125557 0.8537250 0.4753668
vn 0.1965959 0.8537669 0.4821122
vn 0.1804277 0.8538103 0.4883174
vn 0.1640720 0.8538549 0.4939760
vn 0.1475497 0.8539004 0.4990823
vn 0.1308822 0.8539465 0.5036320
vn 0.1140906 0.8539930 0.5076212
vn 0.0971962 0.8540394 0.5110476
vn 0.0802200 0.8540854 0.5139094
vn 0.0631829 0.8541307 0.5162060
vn 0.0461056 0.8541750 0.5179376
vn 0.0290086 0.8542179 0.5191053
vn 0.0119117 0.8542591 0.5197110
vn -0.0051655 0.8542983 0.5197574
vn -0.0222037 0.8543351 0.5192480
vn -0.0391844 0.8543693 0.5181869
vn -0.0560896 0.8544006 0.5165787
vn -0.0729015 0.8544287 0.5144287
vn -0.0896034 0.8544534 0.5117427
vn -0.1061787 0.8544745 0.5085267
vn -0.1226117 0.8544917 0.5047874
vn -0.1388871 0.8545048 0.5005316
vn -0.1549901 0.8545139 0.4957662
vn -0.1709066 0.8545186 0.4904986
vn -0.1866228 0.8545189 0.4847363
vn -0.2021256 0.8545149 0.4784867
vn -0.2174022 0.8545064 0.4717575
vn -0.2324400 0.8544935 0.4645562
vn -0.2472272 0.8544762 0.4568907
vn -0.2617517 0.8544546 0.4487687
vn -0.2760022 0.8544289 0.4401977
vn -0.2899673 0.8543992 0.4311856
vn -0.3036358 0.8543656 0.4217401
vn -0.3169967 0.8543285 0.4118689
vn -0.3300388 0.8542880 0.4015800
vn -0.3427514 0.8542444 0.3908811
vn -0.3551233 0.8541981 0.3797803
vn -0.3671435 0.8541494 0.3682859
vn -0.3788011 0.8540986 0.3564062
vn -0.3900849 0.8540461 0.3441498
vn -0.4009837 0.8539923 0.3315256
vn -0.4114862 0.8539376 0.3185430
vn -0.4215811 0.8538824 0.3052116
vn -0.4312571 0.8538272 0.2915415
vn -0.4405027 0.8537723 0.2775433
vn -0.4493065 0.8537181 0.2632282
vn -0.4576571 0.8536650 0.2486080
vn -0.4655433 0.8536135 0.2336950
vn -0.4729539 0.8535639 0.2185022
vn -0.4798779 0.8535166 0.2030434
vn -0.4863045 0.8534719 0.1873330
vn -0.4922235 0.8534300 0.1713862
vn -0.4976245 0.8533914 0.1552189
vn -0.5024982 0.8533562 0.1388476
vn -0.5068354 0.8533247 0.1222899
vn -0.5106274 0.8532971 0.1055636
vn -0.5138666 0.8532735 0.0886877
vn -0.5165456 0.8532540 0.0716813
vn -0.5186582 0.8532388 0.0545647
vn -0.5201987 0.8532278 0.0373583
vn -0.5211625 0.8532211 0.0200831
vn -0.5215460 0.8532187 0.0027608
vn -0.5213462 0.8532206 -0.0145869
vn -0.5205617 0.8532265 -0.0319378
vn -0.5191916 0.8532365 -0.0492694
vn -0.5172365 0.8532504 -0.0665593
vn -0.5146977 0.8532680 -0.0837849
vn -0.5115780 0.8532891 -0.1009235
vn -0.5078810 0.8533135 -0.1179528
vn -0.5036115 0.8533410 -0.1348504
vn -0.4987751 0.8533713 -0.1515944
vn -0.4933789 0.8534040 -0.1681632
vn -0.4874305 0.8534390 -0.1845354
vn -0.4809387 0.8534760 -0.2006905
vn -0.4739133 0.8535146 -0.2166082
vn -0.4663646 0.8535545 -0.2322690
vn -0.4583039 0.8535954 -0.2476540
vn -0.4497433 0.8536369 -0.2627450
vn -0.4406953 0.8536789 -0.2775247
vn -0.4311732 0.8537209 -0.2919765
vn -0.4211906 0.8537627 -0.3060844
vn -0.4107618 0.8538040 -0.3198336
vn -0.3999013 0.8538444 -0.3332097
vn -0.3886239 0.8538837 -0.3461994
vn -0.3769446 0.8539217 -0.3587902
vn -0.3648788 0.8539581 -0.3709703
vn -0.3524418 0.8539927 -0.3827286
vn -0.3396491 0.8540253 -0.3940549
vn -0.3265161 0.8540557 -0.4049396
vn -0.3130583 0.8540837 -0.4153739
vn -0.2992912 0.8541092 -0.4253495
vn -0.2852300 0.8541321 -0.4348588
vn -0.2708901 0.8541523 -0.4438945
vn -0.2562866 0.8541697 -0.4524502
vn -0.2414345 0.8541844 -0.4605198
vn -0.2263488 0.8541961 -0.4680974
vn -0.2110443 0.8542051 -0.4751778
vn -0.1955356 0.8542113 -0.4817560
vn -0.1798376 0.8542148 -0.4878273
vn -0.1639647 0.8542157 -0.4933874
vn -0.1479315 0.8542140 -0.4984322
vn -0.1317525 0.8542100 -0.5029578
vn -0.1154425 0.8542037 -0.5069606
vn -0.0990159 0.8541953 -0.5104372
vn -0.0824875 0.8541851 -0.5133845
vn -0.0658722 0.8541731 -0.5157995
vn -0.0491850 0.8541596 -0.5176796
vn -0.0324410 0.8541449 -0.5190222
vn -0.0156555 0.8541291 -0.5198253
vn 0.0011557 0.8541125 -0.5200871
vn 0.0179769 0.8540952 -0.5198059
vn 0.0347921 0.8540776 -0.5189807
vn 0.0515848 0.8540598 -0.5176108
vn 0.0683384 0.8540420 -0.5156957
vn 0.0850361 0.8540245 -0.5132358
vn 0.1016608 0.8540075 -0.5102316
vn 0.1181950 0.8539910 -0.5066846
vn 0.1346212 0.8539754 -0.5025964
vn 0.1509217 0.8539607 -0.4979697
vn 0.1670785 0.8539470 -0.4928076
vn 0.1830736 0.8539345 -0.4871139
vn 0.1988888 0.8539233 -0.4808932
vn 0.2145060 0.8539134 -0.4741510
vn 0.2299071 0.8539048 -0.4668933
vn 0.2450740 0.8538976 -0.4591270
vn 0.2599888 0.8538919 -0.4508598
vn 0.2746337 0.8538875 -0.4421002
vn 0.2889912 0.8538844 -0.4328575
vn 0.3030441 0.8538826 -0.4231417
vn 0.3167755 0.8538819 -0.4129636
vn 0.3301690 0.8538824 -0.4023348
vn 0.3432086 0.8538838 -0.3912675
vn 0.3558788 0.8538861 -0.3797747
vn 0.3681646 0.8538891 -0.3678698
vn 0.3800517 0.8538927 -0.3555671
vn 0.3915265 0.8538966 -0.3428813
vn 0.4025758 0.8539008 -0.3298274
vn 0.4131873 0.8539051 -0.3164212
vn 0.4233493 0.8539092 -0.3026787
vn 0.4330510 0.8539131 -0.2886163
vn 0.4422820 0.8539165 -0.2742504
vn 0.4510329 0.8539193 -0.2595982
vn 0.4592950 0.8539212 -0.2446765
vn 0.4670602 0.8539223 -0.2295026
vn 0.4743212 0.8539223 -0.2140937
vn 0.4810713 0.8539211 -0.1984671
vn 0.4873046 0.8539185 -0.1826402
vn 0.4930156 0.8539145 -0.1666302
vn 0.4981997 0.8539090 -0.1504542
vn 0.5028526 0.8539019 -0.1341295
vn 0.5069708 0.8538932 -0.1176731
vn 0.5105512 0.8538829 -0.1011017
vn 0.5135911 0.8538708 -0.0844323
vn 0.5160883 0.8538572 -0.0676814
vn 0.5180412 0.8538419 -0.0508656
vn 0.5194483 0.8538251 -0.0340013
vn 0.5203088 0.8538069 -0.0171048
vn 0.0729038 -0.9973389 -0.0003974
vn 0.0729625 -0.9973327 0.0019905
vn 0.0729533 -0.9973257 0.0043825
vn 0.0728761 -0.9973180 0.0067769
vn 0.0727306 -0.9973094 0.0091723
vn 0.0725164 -0.9973001 0.0115670
vn 0.0722330 -0.9972901 0.0139594
vn 0.0718797 -0.9972793 0.0163477
vn 0.0714559 -0.9972679 0.0187300
vn 0.0709607 -0.9972558 0.0211043
vn 0.0703932 -0.9972432 0.0234685
vn 0.0697527 -0.9972301 0.0258203
vn 0.0690380 -0.9972166 0.0281570
vn 0.0682484 -0.9972028 0.0304761
vn 0.0673829 -0.9971887 0.0327746
vn 0.0664406 -0.9971746 0.0350494
vn 0.0654209 -0.9971605 0.0372973
vn 0.0643232 -0.9971465 0.0395146
vn 0.0631470 -0.9971328 0.0416979
vn 0.0618922 -0.9971194 0.0438431
vn 0.0605585 -0.9971066 0.0459463
vn 0.0591464 -0.9970945 0.0480035
vn 0.0576563 -0.9970831 0.0500102
vn 0.0560891 -0.9970727 0.0519624
vn 0.0544457 -0.9970633 0.0538556
vn 0.0527278 -0.9970551 0.0556855
vn 0.0509370 -0.9970482 0.0574478
vn 0.0490756 -0.9970428 0.0591384
vn 0.0471459 -0.9970388 0.0607530
vn 0.0451509 -0.9970364 0.0622878
vn 0.0430937 -0.9970357 0.0637390
vn 0.0409779 -0.9970368 0.0651031
vn 0.0388071 -0.9970397 0.0663768
vn 0.0365856 -0.9970444 0.0675573
vn 0.0343176 -0.9970509 0.0686420
vn 0.0320077 -0.9970594 0.0696286
vn 0.0296606 -0.9970696 0.0705153
vn 0.0272813 -0.9970817 0.0713007
vn 0.0248747 -0.9970956 0.0719840
vn 0.0224460 -0.9971111 0.0725645
vn 0.0200001 -0.9971283 0.0730421
vn 0.0175423 -0.9971470 0.0734174
vn 0.0150774 -0.9971671 0.0736910
vn 0.0126104 -0.9971886 0.0738643
vn 0.0101460 -0.9972112 0.0739390
vn 0.0076887 -0.9972348 0.0739170
vn 0.0052428 -0.9972592 0.0738010
vn 0.0028124 -0.9972844 0.0735935
vn 0.0004011 -0.9973100 0.0732978
vn -0.0019877 -0.9973360 0.0729171
vn -0.0043509 -0.9973622 0.0724550
vn -0.0066858 -0.9973883 0.0719152
vn -0.0089903 -0.9974143 0.0713015
vn -0.0112624 -0.9974399 0.0706179
vn -0.0135006 -0.9974649 0.0698684
vn -0.0157038 -0.9974891 0.0690567
vn -0.0178713 -0.9975125 0.0681867
vn -0.0200026 -0.9975348 0.0672623
vn -0.0220977 -0.9975559 0.0662867
vn -0.0241568 -0.9975756 0.0652636
vn -0.0261804 -0.9975938 0.0641958
vn -0.0281693 -0.9976105 0.0630862
vn -0.0301244 -0.9976253 0.0619373
vn -0.0320467 -0.9976384 0.0607513
vn -0.0339374 -0.9976494 0.0595300
vn -0.0357978 -0.9976585 0.0582749
vn -0.0376291 -0.9976655 0.0569870
vn -0.0394325 -0.9976704 0.0556672
vn -0.0412090 -0.9976731 0.0543157
vn -0.0429597 -0.9976736 0.0529326
vn -0.0446852 -0.9976719 0.0515177
vn -0.0463862 -0.9976679 0.0500703
vn -0.0480630 -0.9976618 0.0485897
vn -0.0497156 -0.9976534 0.0470747
vn -0.0513436 -0.9976429 0.0455241
vn -0.0529463 -0.9976303 0.0439365
vn -0.0545229 -0.9976157 0.0423103
vn -0.0560717 -0.9975991 0.0406440
vn -0.0575912 -0.9975807 0.0389360
vn -0.0590790 -0.9975605 0.0371848
vn -0.0605328 -0.9975387 0.0353889
vn -0.0619495 -0.9975153 0.0335470
vn -0.0633261 -0.9974906 0.0316581
vn -0.0646589 -0.9974647 0.0297212
vn -0.0659441 -0.9974378 0.0277358
vn -0.0671778 -0.9974099 0.0257016
vn -0.0683556 -0.9973814 0.0236187
vn -0.0694731 -0.9973524 0.0214874
vn -0.0705259 -0.9973231 0.0193088
vn -0.0715093 -0.9972936 0.0170839
vn -0.0724188 -0.9972643 0.0148146
vn -0.0732499 -0.9972352 0.0125030
vn -0.0739980 -0.9972067 0.0101516
vn -0.0746590 -0.9971789 0.0077633
vn -0.0752287 -0.9971520 0.0053417
vn -0.0757034 -0.9971262 0.0028905
vn -0.0760794 -0.9971017 0.0004138
vn -0.0763538 -0.9970786 -0.0020838
vn -0.0765236 -0.9970572 -0.0045976
vn -0.0765865 -0.9970375 -0.0071224
vn -0.0765407 -0.9970197 -0.0096532
vn -0.0763846 -0.9970040 -0.0121842
vn -0.0761173 -0.9969904 -0.0147101
vn -0.0757384 -0.9969789 -0.0172252
vn -0.0752480 -0.9969698 -0.0197238
vn -0.0746466 -0.9969629 -0.0222002
vn -0.0739353 -0.9969584 -0.0246489
vn -0.0731157 -0.9969562 -0.0270645
vn -0.0721898 -0.9969563 -0.0294416
vn -0.0711601 -0.9969587 -0.0317754
vn -0.0700296 -0.9969632 -0.0340609
vn -0.0688015 -0.9969700 -0.0362937
vn -0.0674795 -0.9969787 -0.0384695
vn -0.0660675 -0.9969895 -0.0405847
vn -0.0645698 -0.9970020 -0.0426358
vn -0.0629908 -0.9970162 -0.0446197
vn -0.0613352 -0.9970319 -0.0465339
vn -0.0596077 -0.9970490 -0.0483760
vn -0.0578130 -0.9970673 -0.0501442
vn -0.0559561 -0.9970867 -0.0518373
vn -0.0540418 -0.9971069 -0.0534541
vn -0.0520749 -0.9971278 -0.0549940
vn -0.0500601 -0.9971492 -0.0564568
vn -0.0480018 -0.9971710 -0.0578424
vn -0.0459046 -0.9971930 -0.0591514
vn -0.0437725 -0.9972150 -0.0603841
vn -0.0416095 -0.9972368 -0.0615417
vn -0.0394193 -0.9972584 -0.0626250
vn -0.0372054 -0.9972795 -0.0636353
vn -0.0349709 -0.9973000 -0.0645741
vn -0.0327188 -0.9973198 -0.0654425
vn -0.0304516 -0.9973388 -0.0662423
vn -0.0281718 -0.9973569 -0.0669747
vn -0.0258814 -0.9973740 -0.0676414
vn -0.0235823 -0.9973899 -0.0682435
vn -0.0212761 -0.9974048 -0.0687825
vn -0.0189642 -0.9974184 -0.0692594
vn -0.0166479 -0.9974308 -0.0696753
vn -0.0143281 -0.9974419 -0.0700311
vn -0.0120060 -0.9974517 -0.0703274
vn -0.0096823 -0.9974602 -0.0705646
vn -0.0073578 -0.9974674 -0.0707432
vn -0.0050332 -0.9974733 -0.0708631
vn -0.0027094 -0.9974780 -0.0709244
vn -0.0003870 -0.9974815 -0.0709266
vn 0.0019330 -0.9974837 -0.0708693
vn 0.0042498 -0.9974849 -0.0707520
vn 0.0065625 -0.9974850 -0.0705739
vn 0.0088697 -0.9974841 -0.0703340
vn 0.0111703 -0.9974822 -0.0700316
vn 0.0134629 -0.9974796 -0.0696654
vn 0.0157458 -0.9974761 -0.0692346
vn 0.0180172 -0.9974720 -0.0687379
vn 0.0202754 -0.9974674 -0.0681745
vn 0.0225180 -0.9974622 -0.0675433
vn 0.0247430 -0.9974566 -0.0668433
vn 0.0269477 -0.9974508 -0.0660739
vn 0.0291298 -0.9974447 -0.0652344
vn 0.0312865 -0.9974385 -0.0643242
vn 0.0334151 -0.9974322 -0.0633432
vn 0.0355125 -0.9974260 -0.0622911
vn 0.0375760 -0.9974199 -0.0611681
vn 0.0396026 -0.9974140 -0.0599746
vn 0.0415893 -0.9974083 -0.0587110
vn 0.0435331 -0.9974029 -0.0573783
vn 0.0454311 -0.9973979 -0.0559775
vn 0.0472806 -0.9973932 -0.0545098
vn 0.0490788 -0.9973890 -0.0529768
vn 0.0508231 -0.9973851 -0.0513803
vn 0.0525110 -0.9973817 -0.0497222
vn 0.0541403 -0.9973788 -0.0480045
vn 0.0557088 -0.9973762 -0.0462297
vn 0.0572146 -0.9973741 -0.0444001
vn 0.0586559 -0.9973724 -0.0425183
vn 0.0600314 -0.9973710 -0.0405870
vn 0.0613396 -0.9973699 -0.0386089
vn 0.0625796 -0.9973691 -0.0365869
vn 0.0637504 -0.9973685 -0.0345237
vn 0.0648514 -0.9973681 -0.0324221
vn 0.0658821 -0.9973677 -0.0302850
vn 0.0668422 -0.9973674 -0.0281150
vn 0.0677315 -0.9973670 -0.0259150
vn 0.0685502 -0.9973664 -0.0236874
vn 0.0692982 -0.9973657 -0.0214348
vn 0.0699758 -0.9973647 -0.0191596
vn 0.0705834 -0.9973633 -0.0168641
vn 0.0711213 -0.9973615 -0.0145505
vn 0.0715898 -0.9973593 -0.0122209
vn 0.0719893 -0.9973565 -0.0098772
vn 0.0723202 -0.9973531 -0.0075213
vn 0.0725827 -0.9973491 -0.0051549
vn 0.0727772 -0.9973443 -0.0027797
vn 0.0000000 -1.0000000 0.0000000
f 1/1/1 3/3/3 2/2/2
f 1/1/1 4/4/4 3/3/3
f 1/1/1 5/5/5 4/4/4
f 1/1/1 6/6/6 5/5/5
f 1/1/1 7/7/7 6/6/6
f 1/1/1 8/8/8 7/7/7
f 1/1/1 9/9/9 8/8/8
f 1/1/1 10/10/10 9/9/9
f 1/1/1 11/11/11 10/10/10
f 1/1/1 12/12/12 11/11/11
f 1/1/1 13/13/13 12/12/12
f 1/1/1 14/14/14 13/13/13
f 1/1/1 15/15/15 14/14/14
f 1/1/1 16/16/16 15/15/15
f 1/1/1 17/17/17 16/16/16
f 1/1/1 18/18/18 17/17/17
f 1/1/1 19/19/19 18/18/18
f 1/1/1 20/20/20 19/19/19
f 1/1/1 21/21/21 20/20/20
f 1/1/1 22/22/22 21/21/21
f 1/1/1 23/23/23 22/22/22
f 1/1/1 24/24/24 23/23/23
f 1/1/1 25/25/25 24/24/24
f 1/1/1 26/26/26 25/25/25
f 1/1/1 27/27/27 26/26/26
f 1/1/1 28/28/28 27/27/27
f 1/1/1 29/29/29 28/28/28
f 1/1/1 30/30/30 29/29/29
f 1/1/1 31/31/31 30/30/30
f 1/1/1 32/32/32 31/31/31
f 1/1/1 33/33/33 32/32/32
f 1/1/1 34/34/34 33/33/33
f 1/1/1 35/35/35 34/34/34
f 1/1/1 36/36/36 35/35/35
f 1/1/1 37/37/37 36/36/36
f 1/1/1 38/38/38 37/37/37
f 1/1/1 39/39/39 38/38/38
f 1/1/1 40/40/40 39/39/39
f 1/1/1 41/41/41 40/40/40
f 1/1/1 42/42/42 41/41/41
f 1/1/1 43/43/43 42/42/42
f 1/1/1 44/44/44 43/43/43
f 1/1/1 45/45/45 44/44/44
f 1/1/1 46/46/46 45/45/45
f 1/1/1 47/47/47 46/46/46
f 1/1/1 48/48/48 47/47/47
f 1/1/1 49/49/49 48/48/48
f 1/1/1 50/50/50 49/49/49
f 1/1/1 51/51/51 50/50/50
f 1/1/1 52/52/52 51/51/51
f 1/1/1 53/53/53 52/52/52
f 1/1/1 54/54/54 53/53/53
f 1/1/1 55/55/55 54/54/54
f 1/1/1 56/56/56 55/55/55
f 1/1/1 57/57/57 56/56/56
f 1/1/1 58/58/58 57/57/57
f 1/1/1 59/59/59 58/58/58
f 1/1/1 60/60/60 59/59/59
f 1/1/1 61/61/61 60/60/60
f 1/1/1 62/62/62 61/61/61
f 1/1/1 63/63/63 62/62/62
f 1/1/1 64/64/64 63/63/63
f 1/1/1 65/65/65 64/64/64
f 1/1/1 66/66/66 65/65/65
f 1/1/1 67/67/67 66/66/66
f 1/1/1 68/68/68 67/67/67
f 1/1/1 69/69/69 68/68/68
f 1/1/1 70/70/70 69/69/69
f 1/1/1 71/71/71 70/70/70
f 1/1/1 72/72/72 71/71/71
f 1/1/1 73/73/73 72/72/72
f 1/1/1 74/74/74 73/73/73
f 1/1/1 75/75/75 74/74/74
f 1/1/1 76/76/76 75/75/75
f 1/1/1 77/77/77 76/76/76
f 1/1/1 78/78/78 77/77/77
f 1/1/1 79/79/79 78/78/78
f 1/1/1 80/80/80 79/79/79
f 1/1/1 81/81/81 80/80/80
f 1/1/1 82/82/82 81/81/81
f 1/1/1 83/83/83 82/82/82
f 1/1/1 84/84/84 83/83/83
f 1/1/1 85/85/85 84/84/84
f 1/1/1 86/86/86 85/85/85
f 1/1/1 87/87/87 86/86/86
f 1/1/1 88/88/88 87/87/87
f 1/1/1 89/89/89 88/88/88
f 1/1/1 90/90/90 89/89/89
f 1/1/1 91/91/91 90/90/90
f 1/1/1 92/92/92 91/91/91
f 1/1/1 93/93/93 92/92/92
f 1/1/1 94/94/94 93/93/93
f 1/1/1 95/95/95 94/94/94
f 1/1/1 96/96/96 95/95/95
f 1/1/1 97/97/97 96/96/96
f 1/1/1 98/98/98 97/97/97
f 1/1/1 99/99/99 98/98/98
f 1/1/1 100/100/100 99/99/99
f 1/1/1 101/101/101 100/100/100
f 1/1/1 102/102/102 101/101/101
f 1/1/1 103/103/103 102/102/102
f 1/1/1 104/104/104 103/103/103
f 1/1/1 105/105/105 104/104/104
f 1/1/1 106/106/106 105/105/105
f 1/1/1 107/107/107 106/106/106
f 1/1/1 108/108/108 107/107/107
f 1/1/1 109/109/109 108/108/108
f 1/1/1 110/110/110 109/109/109
f 1/1/1 111/111/111 110/110/110
f 1/1/1 112/112/112 111/111/111
f 1/1/1 113/113/113 112/112/112
f 1/1/1 114/114/114 113/113/113
f 1/1/1 115/115/115 114/114/114
f 1/1/1 116/116/116 115/115/115
f 1/1/1 117/117/117 116/116/116
f 1/1/1 118/118/118 117/117/117
f 1/1/1 119/119/119 118/118/118
f 1/1/1 120/120/120 119/119/119
f 1/1/1 121/121/121 120/120/120
f 1/1/1 122/122/122 121/121/121
f 1/1/1 123/123/123 122/122/122
f 1/1/1 124/124/124 123/123/123
f 1/1/1 125/125/125 124/124/124
f 1/1/1 126/126/126 125/125/125
f 1/1/1 127/127/127 126/126/126
f 1/1/1 128/128/128 127/127/127
f 1/1/1 129/129/129 128/128/128
f 1/1/1 130/130/130 129/129/129
f 1/1/1 131/131/131 130/130/130
f 1/1/1 132/132/132 131/131/131
f 1/1/1 133/133/133 132/132/132
f 1/1/1 134/134/134 133/133/133
f 1/1/1 135/135/135 134/134/134
f 1/1/1 136/136/136 135/135/135
f 1/1/1 137/137/137 136/136/136
f 1/1/1 138/138/138 137/137/137
f 1/1/1 139/139/139 138/138/138
f 1/1/1 140/140/140 139/139/139
f 1/1/1 141/141/141 140/140/140
f 1/1/1 142/142/142 141/141/141
f 1/1/1 143/143/143 142/142/142
f 1/1/1 144/144/144 143/143/143
f 1/1/1 145/145/145 144/144/144
f 1/1/1 146/146/146 145/145/145
f 1/1/1 147/147/147 146/146/146
f 1/1/1 148/148/148 147/147/147
f 1/1/1 149/149/149 148/148/148
f 1/1/1 150/150/150 149/149/149
f 1/1/1 151/151/151 150/150/150
f 1/1/1 152/152/152 151/151/151
f 1/1/1 153/153/153 152/152/152
f 1/1/1 154/154/154 153/153/153
f 1/1/1 155/155/155 154/154/154
f 1/1/1 156/156/156 155/155/155
f 1/1/1 157/157/157 156/156/156
f 1/1/1 158/158/158 157/157/157
f 1/1/1 159/159/159 158/158/158
f 1/1/1 160/160/160 159/159/159
f 1/1/1 161/161/161 160/160/160
f 1/1/1 162/162/162 161/161/161
f 1/1/1 163/163/163 162/162/162
f 1/1/1 164/164/164 163/163/163
f 1/1/1 165/165/165 164/164/164
f 1/1/1 166/166/166 165/165/165
f 1/1/1 167/167/167 166/166/166
f 1/1/1 168/168/168 167/167/167
f 1/1/1 169/169/169 168/168/168
f 1/1/1 170/170/170 169/169/169
f 1/1/1 171/171/171 170/170/170
f 1/1/1 172/172/172 171/171/171
f 1/1/1 173/173/173 172/172/172
f 1/1/1 174/174/174 173/173/173
f 1/1/1 175/175/175 174/174/174
f 1/1/1 176/176/176 175/175/175
f 1/1/1 177/177/177 176/176/176
f 1/1/1 178/178/178 177/177/177
f 1/1/1 179/179/179 178/178/178
f 1/1/1 180/180/180 179/179/179
f 1/1/1 181/181/181 180/180/180
f 1/1/1 182/182/182 181/181/181
f 1/1/1 183/183/183 182/182/182
f 1/1/1 184/184/184 183/183/183
f 1/1/1 185/185/185 184/184/184
f 1/1/1 186/186/186 185/185/185
f 1/1/1 187/187/187 186/186/186
f 1/1/1 188/188/188 187/187/187
f 1/1/1 189/189/189 188/188/188
f 1/1/1 190/190/190 189/189/189
f 1/1/1 191/191/191 190/190/190
f 1/1/1 192/192/192 191/191/191
f 1/1/1 193/193/193 192/192/192
f 1/1/1 2/2/2 193/193/193
f 2/2/2 3/3/3 195/195/195
f 2/2/2 195/195/195 194/194/194
f 3/3/3 4/4/4 196/196/196
f 3/3/3 196/196/196 195/195/195
f 4/4/4 5/5/5 197/197/197
f 4/4/4 197/197/197 196/196/196
f 5/5/5 6/6/6 198/198/198
f 5/5/5 198/198/198 197/197/197
f 6/6/6 7/7/7 199/199/199
f 6/6/6 199/199/199 198/198/198
f 7/7/7 8/8/8 200/200/200
f 7/7/7 200/200/200 199/199/199
f 8/8/8 9/9/9 201/201/201
f 8/8/8 201/201/201 200/200/200
f 9/9/9 10/10/10 202/202/202
f 9/9/9 202/202/202 201/201/201
f 10/10/10 11/11/11 203/203/203
f 10/10/10 203/203/203 202/202/202
f 11/11/11 12/12/12 204/204/204
f 11/11/11 204/204/204 203/203/203
f 12/12/12 13/13/13 205/205/205
f 12/12/12 205/205/205 204/204/204
f 13/13/13 14/14/14 206/206/206
f 13/13/13 206/206/206 205/205/205
f 14/14/14 15/15/15 207/207/207
f 14/14/14 207/207/207 206/206/206
f 15/15/15 16/16/16 208/208/208
f 15/15/15 208/208/208 207/207/207
f 16/16/16 17/17/17 209/209/209
f 16/16/16 209/209/209 208/208/208
f 17/17/17 18/18/18 210/210/210
f 17/17/17 210/210/210 209/209/209
f 18/18/18 19/19/19 211/211/211
f 18/18/18 211/211/211 210/210/210
f 19/19/19 20/20/20 212/212/212
f 19/19/19 212/212/212 211/211/211
f 20/20/20 21/21/21 213/213/213
f 20/20/20 213/213/213 212/212/212
f 21/21/21 22/22/22 214/214/214
f 21/21/21 214/214/214 213/213/213
f 22/22/22 23/23/23 215/215/215
f 22/22/22 215/215/215 214/214/214
f 23/23/23 24/24/24 216/216/216
f 23/23/23 216/216/216 215/215/215
f 24/24/24 25/25/25 217/217/217
f 24/24/24 217/217/217 216/216/216
f 25/25/25 26/26/26 218/218/218
f 25/25/25 218/218/218 217/217/217
f 26/26/26 27/27/27 219/219/219
f 26/26/26 219/219/219 218/218/218
f 27/27/27 28/28/28 220/220/220
f 27/27/27 220/220/220 219/219/219
f 28/28/28 29/29/29 221/221/221
f 28/28/28 221/221/221 220/220/220
f 29/29/29 30/30/30 222/222/222
f 29/29/29 222/222/222 221/221/221
f 30/30/30 31/31/31 223/223/223
f 30/30/30 223/223/223 222/222/222
f 31/31/31 32/32/32 224/224/224
f 31/31/31 224/224/224 223/223/223
f 32/32/32 33/33/33 225/225/225
f 32/32/32 225/225/225 224/224/224
f 33/33/33 34/34/34 226/226/226
f 33/33/33 226/226/226 225/225/225
f 34/34/34 35/35/35 227/227/227
f 34/34/34 227/227/227 226/226/226
f 35/35/35 36/36/36 228/228/228
f 35/35/35 228/228/228 227/227/227
f 36/36/36 37/37/37 229/229/229
f 36/36/36 229/229/229 228/228/228
f 37/37/37 38/38/38 230/230/230
f 37/37/37 230/230/230 229/229/229
f 38/38/38 39/39/39 231/231/231
f 38/38/38 231/231/231 230/230/230
f 39/39/39 40/40/40 232/232/232
f 39/39/39 232/232/232 231/231/231
f 40/40/40 41/41/41 233/233/233
f 40/40/40 233/233/233 232/232/232
f 41/41/41 42/42/42 234/234/234
f 41/41/41 234/234/234 233/233/233
f 42/42/42 43/43/43 235/235/235
f 42/42/42 235/235/235 234/234/234
f 43/43/43 44/44/44 236/236/236
f 43/43/43 236/236/236 235/235/235
f 44/44/44 45/45/45 237/237/237
f 44/44/44 237/237/237 236/236/236
f 45/45/45 46/46/46 238/238/238
f 45/45/45 238/238/238 237/237/237
f 46/46/46 47/47/47 239/239/239
f 46/46/46 239/239/239 238/238/238
f 47/47/47 48/48/48 240/240/240
f 47/47/47 240/240/240 239/239/239
f 48/48/48 49/49/49 241/241/241
f 48/48/48 241/241/241 240/240/240
f 49/49/49 50/50/50 242/242/242
f 49/49/49 242/242/242 241/241/241
f 50/50/50 51/51/51 243/243/243
f 50/50/50 243/243/243 242/242/242
f 51/51/51 52/52/52 244/244/244
f 51/51/51 244/244/244 243/243/243
f 52/52/52 53/53/53 245/245/245
f 52/52/52 245/245/245 244/244/244
f 53/53/53 54/54/54 246/246/246
f 53/53/53 246/246/246 245/245/245
f 54/54/54 55/55/55 247/247/247
f 54/54/54 247/247/247 246/246/246
f 55/55/55 56/56/56 248/248/248
f 55/55/55 248/248/248 247/247/247
f 56/56/56 57/57/57 249/249/249
f 56/56/56 249/249/249 248/248/248
f 57/57/57 58/58/58 250/250/250
f 57/57/57 250/250/250 249/249/249
f 58/58/58 59/59/59 251/251/251
f 58/58/58 251/251/251 250/250/250
f 59/59/59 60/60/60 252/252/252
f 59/59/59 252/252/252 251/251/251
f 60/60/60 61/61/61 253/253/253
f 60/60/60 253/253/253 252/252/252
f 61/61/61 62/62/62 254/254/254
f 61/61/61 254/254/254 253/253/253
f 62/62/62 63/63/63 255/255/255
f 62/62/62 255/255/255 254/254/254
f 63/63/63 64/64/64 256/256/256
f 63/63/63 256/256/256 255/255/255
f 64/64/64 65/65/65 257/257/257
f 64/64/64 257/257/257 256/256/256
f 65/65/65 66/66/66 258/258/258
f 65/65/65 258/258/258 257/257/257
f 66/66/66 67/67/67 259/259/259
f 66/66/66 259/259/259 258/258/258
f 67/67/67 68/68/68 260/260/260
f 67/67/67 260/260/260 259/259/259
f 68/68/68 69/69/69 261/261/261
f 68/68/68 261/261/261 260/260/260
f 69/69/69 70/70/70 262/262/262
f 69/69/69 262/262/262 261/261/261
f 70/70/70 71/71/71 263/263/263
f 70/70/70 263/263/263 262/262/262
f 71/71/71 72/72/72 264/264/264
f 71/71/71 264/264/264 263/263/263
f 72/72/72 73/73/73 265/265/265
f 72/72/72 265/265/265 264/264/264
f 73/73/73 74/74/74 266/266/266
f 73/73/73 266/266/266 265/265/265
f 74/74/74 75/75/75 267/267/267
f 74/74/74 267/267/267 266/266/266
f 75/75/75 76/76/76 268/268/268
f 75/75/75 268/268/268 267/267/267
f 76/76/76 77/77/77 269/269/269
f 76/76/76 269/269/269 268/268/268
f 77/77/77 78/78/78 270/270/270
f 77/77/77 270/270/270 269/269/269
f 78/78/78 79/79/79 271/271/271
f 78/78/78 271/271/271 270/270/270
f 79/79/79 80/80/80 272/272/272
f 79/79/79 272/272/272 271/271/271
f 80/80/80 81/81/81 273/273/273
f 80/80/80 273/273/273 272/272/272
f 81/81/81 82/82/82 274/274/274
f 81/81/81 274/274/274 273/273/273
f 82/82/82 83/83/83 275/275/275
f 82/82/82 275/275/275 274/274/274
f 83/83/83 84/84/84 276/276/276
f 83/83/83 276/276/276 275/275/275
f 84/84/84 85/85/85 277/277/277
f 84/84/84 277/277/277 276/276/276
f 85/85/85 86/86/86 278/278/278
f 85/85/85 278/278/278 277/277/277
f 86/86/86 87/87/87 279/279/279
f 86/86/86 279/279/279 278/278/278
f 87/87/87 88/88/88 280/280/280
f 87/87/87 280/280/280 279/279/279
f 88/88/88 89/89/89 281/281/281
f 88/88/88 281/281/281 280/280/280
f 89/89/89 90/90/90 282/282/282
f 89/89/89 282/282/282 281/281/281
f 90/90/90 91/91/91 283/283/283
f 90/90/90 283/283/283 282/282/282
f 91/91/91 92/92/92 284/284/284
f 91/91/91 284/284/284 283/283/283
f 92/92/92 93/93/93 285/285/285
f 92/92/92 285/285/285 284/284/284
f 93/93/93 94/94/94 286/286/286
f 93/93/93 286/286/286 285/285/285
f 94/94/94 95/95/95 287/287/287
f 94/94/94 287/287/287 286/286/286
f 95/95/95 96/96/96 288/288/288
f 95/95/95 288/288/288 287/287/287
f 96/96/96 97/97/97 289/289/289
f 96/96/96 289/289/289 288/288/288
f 97/97/97 98/98/98 290/290/290
f 97/97/97 290/290/290 289/289/289
f 98/98/98 99/99/99 291/291/291
f 98/98/98 291/291/291 290/290/290
f 99/99/99 100/100/100 292/292/292
f 99/99/99 292/292/292 291/291/291
f 100/100/100 101/101/101 293/293/293
f 100/100/100 293/293/293 292/292/292
f 101/101/101 102/102/102 294/294/294
f 101/101/101 294/294/294 293/293/293
f 102/102/102 103/103/103 295/295/295
f 102/102/102 295/295/295 294/294/294
f 103/103/103 104/104/104 296/296/296
f 103/103/103 296/296/296 295/295/295
f 104/104/104 105/105/105 297/297/297
f 104/104/104 297/297/297 296/296/296
f 105/105/105 106/106/106 298/298/298
f 105/105/105 298/298/298 297/297/297
f 106/106/106 107/107/107 299/299/299
f 106/106/106 299/299/299 298/298/298
f 107/107/107 108/108/108 300/300/300
f 107/107/107 300/300/300 299/299/299
f 108/108/108 109/109/109 301/301/301
f 108/108/108 301/301/301 300/300/300
f 109/109/109 110/110/110 302/302/302
f 109/109/109 302/302/302 301/301/301
f 110/110/110 111/111/111 303/303/303
f 110/110/110 303/303/303 302/302/302
f 111/111/111 112/112/112 304/304/304
f 111/111/111 304/304/304 303/303/303
f 112/112/112 113/113/113 305/305/305
f 112/112/112 305/305/305 304/304/304
f 113/113/113 114/114/114 306/306/306
f 113/113/113 306/306/306 305/305/305
f 114/114/114 115/115/115 307/307/307
f 114/114/114 307/307/307 306/306/306
f 115/115/115 116/116/116 308/308/308
f 115/115/115 308/308/308 307/307/307
f 116/116/116 117/117/117 309/309/309
f 116/116/116 309/309/309 308/308/308
f 117/117/117 118/118/118 310/310/310
f 117/117/117 310/310/310 309/309/309
f 118/118/118 119/119/119 311/311/311
f 118/118/118 311/311/311 310/310/310
f 119/119/119 120/120/120 312/312/312
f 119/119/119 312/312/312 311/311/311
f 120/120/120 121/121/121 313/313/313
f 120/120/120 313/313/313 312/312/312
f 121/121/121 122/122/122 314/314/314
f 121/121/121 314/314/314 313/313/313
f 122/122/122 123/123/123 315/315/315
f 122/122/122 315/315/315 314/314/314
f 123/123/123 124/124/124 316/316/316
f 123/123/123 316/316/316 315/315/315
f 124/124/124 125/125/125 317/317/317
f 124/124/124 317/317/317 316/316/316
f 125/125/125 126/126/126 318/318/318
f 125/125/125 318/318/318 317/317/317
f 126/126/126 127/127/127 319/319/319
f 126/126/126 319/319/319 318/318/318
f 127/127/127 128/128/128 320/320/320
f 127/127/127 320/320/320 319/319/319
f 128/128/128 129/129/129 321/321/321
f 128/128/128 321/321/321 320/320/320
f 129/129/129 130/130/130 322/322/322
f 129/129/129 322/322/322 321/321/321
f 130/130/130 131/131/131 323/323/323
f 130/130/130 323/323/323 322/322/322
f 131/131/131 132/132/132 324/324/324
f 131/131/131 324/324/324 323/323/323
f 132/132/132 133/133/133 325/325/325
f 132/132/132 325/325/325 324/324/324
f 133/133/133 134/134/134 326/326/326
f 133/133/133 326/326/326 325/325/325
f 134/134/134 135/135/135 327/327/327
f 134/134/134 327/327/327 326/326/326
f 135/135/135 136/136/136 328/328/328
f 135/135/135 328/328/328 327/327/327
f 136/136/136 137/137/137 329/329/329
f 136/136/136 329/329/329 328/328/328
f 137/137/137 138/138/138 330/330/330
f 137/137/137 330/330/330 329/329/329
f 138/138/138 139/139/139 331/331/331
f 138/138/138 331/331/331 330/330/330
f 139/139/139 140/140/140 332/332/332
f 139/139/139 332/332/332 331/331/331
f 140/140/140 141/141/141 333/333/333
f 140/140/140 333/333/333 332/332/332
f 141/141/141 142/142/142 334/334/334
f 141/141/141 334/334/334 333/333/333
f 142/142/142 143/143/143 335/335/335
f 142/142/142 335/335/335 334/334/334
f 143/143/143 144/144/144 336/336/336
f 143/143/143 336/336/336 335/335/335
f 144/144/144 145/145/145 337/337/337
f 144/144/144 337/337/337 336/336/336
f 145/145/145 146/146/146 338/338/338
f 145/145/145 338/338/338 337/337/337
f 146/146/146 147/147/147 339/339/339
f 146/146/146 339/339/339 338/338/338
f 147/147/147 148/148/148 340/340/340
f 147/147/147 340/340/340 339/339/339
f 148/148/148 149/149/149 341/341/341
f 148/148/148 341/341/341 340/340/340
f 149/149/149 150/150/150 342/342/342
f 149/149/149 342/342/342 341/341/341
f 150/150/150 151/151/151 343/343/343
f 150/150/150 343/343/343 342/342/342
f 151/151/151 152/152/152 344/344/344
f 151/151/151 344/344/344 343/343/343
f 152/152/152 153/153/153 345/345/345
f 152/152/152 345/345/345 344/344/344
f 153/153/153 154/154/154 346/346/346
f 153/153/153 346/346/346 345/345/345
f 154/154/154 155/155/155 347/347/347
f 154/154/154 347/347/347 346/346/346
f 155/155/155 156/156/156 348/348/348
f 155/155/155 348/348/348 347/347/347
f 156/156/156 157/157/157 349/349/349
f 156/156/156 349/349/349 348/348/348
f 157/157/157 158/158/158 350/350/350
f 157/157/157 350/350/350 349/349/349
f 158/158/158 159/159/159 351/351/351
f 158/158/158 351/351/351 350/350/350
f 159/159/159 160/160/160 352/352/352
f 159/159/159 352/352/352 351/351/351
f 160/160/160 161/161/161 353/353/353
f 160/160/160 353/353/353 352/352/352
f 161/161/161 162/162/162 354/354/354
f 161/161/161 354/354/354 353/353/353
f 162/162/162 163/163/163 355/355/355
f 162/162/162 355/355/355 354/354/354
f 163/163/163 164/164/164 356/356/356
f 163/163/163 356/356/356 355/355/355
f 164/164/164 165/165/165 357/357/357
f 164/164/164 357/357/357 356/356/356
f 165/165/165 166/166/166 358/358/358
f 165/165/165 358/358/358 357/357/357
f 166/166/166 167/167/167 359/359/359
f 166/166/166 359/359/359 358/358/358
f 167/167/167 168/168/168 360/360/360
f 167/167/167 360/360/360 359/359/359
f 168/168/168 169/169/169 361/361/361
f 168/168/168 361/361/361 360/360/360
f 169/169/169 170/170/170 362/362/362
f 169/169/169 362/362/362 361/361/361
f 170/170/170 171/171/171 363/363/363
f 170/170/170 363/363/363 362/362/362
f 171/171/171 172/172/172 364/364/364
f 171/171/171 364/364/364 363/363/363
f 172/172/172 173/173/173 365/365/365
f 172/172/172 365/365/365 364/364/364
f 173/173/173 174/174/174 366/366/366
f 173/173/173 366/366/366 365/365/365
f 174/174/174 175/175/175 367/367/367
f 174/174/174 367/367/367 366/366/366
f 175/175/175 176/176/176 368/368/368
f 175/175/175 368/368/368 367/367/367
f 176/176/176 177/177/177 369/369/369
f 176/176/176 369/369/369 368/368/368
f 177/177/177 178/178/178 370/370/370
f 177/177/177 370/370/370 369/369/369
f 178/178/178 179/179/179 371/371/371
f 178/178/178 371/371/371 370/370/370
f 179/179/179 180/180/180 372/372/372
f 179/179/179 372/372/372 371/371/371
f 180/180/180 181/181/181 373/373/373
f 180/180/180 373/373/373 372/372/372
f 181/181/181 182/182/182 374/374/374
f 181/181/181 374/374/374 373/373/373
f 182/182/182 183/183/183 375/375/375
f 182/182/182 375/375/375 374/374/374
f 183/183/183 184/184/184 376/376/376
f 183/183/183 376/376/376 375/375/375
f 184/184/184 185/185/185 377/377/377
f 184/184/184 377/377/377 376/376/376
f 185/185/185 186/186/186 378/378/378
f 185/185/185 378/378/378 377/377/377
f 186/186/186 187/187/187 379/379/379
f 186/186/186 379/379/379 378/378/378
f 187/187/187 188/188/188 380/380/380
f 187/187/187 380/380/380 379/379/379
f 188/188/188 189/189/189 381/381/381
f 188/188/188 381/381/381 380/380/380
f 189/189/189 190/190/190 382/382/382
f 189/189/189 382/382/382 381/381/381
f 190/190/190 191/191/191 383/383/383
f 190/190/190 383/383/383 382/382/382
f 191/191/191 192/192/192 384/384/384
f 191/191/191 384/384/384 383/383/383
f 192/192/192 193/193/193 385/385/385
f 192/192/192 385/385/385 384/384/384
f 193/193/193 2/2/2 194/194/194
f 193/193/193 194/194/194 385/385/385
f 194/194/194 195/195/195 387/387/387
f 194/194/194 387/387/387 386/386/386
f 195/195/195 196/196/196 388/388/388
f 195/195/195 388/388/388 387/387/387
f 196/196/196 197/197/197 389/389/389
f 196/196/196 389/389/389 388/388/388
f 197/197/197 198/198/198 390/390/390
f 197/197/197 390/390/390 389/389/389
f 198/198/198 199/199/199 391/391/391
f 198/198/198 391/391/391 390/390/390
f 199/199/199 200/200/200 392/392/392
f 199/199/199 392/392/392 391/391/391
f 200/200/200 201/201/201 393/393/393
f 200/200/200 393/393/393 392/392/392
f 201/201/201 202/202/202 394/394/394
f 201/201/201 394/394/394 393/393/393
f 202/202/202 203/203/203 395/395/395
f 202/202/202 395/395/395 394/394/394
f 203/203/203 204/204/204 396/396/396
f 203/203/203 396/396/396 395/395/395
f 204/204/204 205/205/205 397/397/397
f 204/204/204 397/397/397 396/396/396
f 205/205/205 206/206/206 398/398/398
f 205/205/205 398/398/398 397/397/397
f 206/206/206 207/207/207 399/399/399
f 206/206/206 399/399/399 398/398/398
f 207/207/207 208/208/208 400/400/400
f 207/207/207 400/400/400 399/399/399
f 208/208/208 209/209/209 401/401/401
f 208/208/208 401/401/401 400/400/400
f 209/209/209 210/210/210 402/402/402
f 209/209/209 402/402/402 401/401/401
f 210/210/210 211/211/211 403/403/403
f 210/210/210 403/403/403 402/402/402
f 211/211/211 212/212/212 404/404/404
f 211/211/211 404/404/404 403/403/403
f 212/212/212 213/213/213 405/405/405
f 212/212/212 405/405/405 404/404/404
f 213/213/213 214/214/214 406/406/406
f 213/213/213 406/406/406 405/405/405
f 214/214/214 215/215/215 407/407/407
f 214/214/214 407/407/407 406/406/406
f 215/215/215 216/216/216 408/408/408
f 215/215/215 408/408/408 407/407/407
f 216/216/216 217/217/217 409/409/409
f 216/216/216 409/409/409 408/408/408
f 217/217/217 218/218/218 410/410/410
f 217/217/217 410/410/410 409/409/409
f 218/218/218 219/219/219 411/411/411
f 218/218/218 411/411/411 410/410/410
f 219/219/219 220/220/220 412/412/412
f 219/219/219 412/412/412 411/411/411
f 220/220/220 221/221/221 413/413/413
f 220/220/220 413/413/413 412/412/412
f 221/221/221 222/222/222 414/414/414
f 221/221/221 414/414/414 413/413/413
f 222/222/222 223/223/223 415/415/415
f 222/222/222 415/415/415 414/414/414
f 223/223/223 224/224/224 416/416/416
f 223/223/223 416/416/416 415/415/415
f 224/224/224 225/225/225 417/417/417
f 224/224/224 417/417/417 416/416/416
f 225/225/225 226/226/226 418/418/418
f 225/225/225 418/418/418 417/417/417
f 226/226/226 227/227/227 419/419/419
f 226/226/226 419/419/419 418/418/418
f 227/227/227 228/228/228 420/420/420
f 227/227/227 420/420/420 419/419/419
f 228/228/228 229/229/229 421/421/421
f 228/228/228 421/421/421 420/420/420
f 229/229/229 230/230/230 422/422/422
f 229/229/229 422/422/422 421/421/421
f 230/230/230 231/231/231 423/423/423
f 230/230/230 423/423/423 422/422/422
f 231/231/231 232/232/232 424/424/424
f 231/231/231 424/424/424 423/423/423
f 232/232/232 233/233/233 425/425/425
f 232/232/232 425/425/425 424/424/424
f 233/233/233 234/234/234 426/426/426
f 233/233/233 426/426/426 425/425/425
f 234/234/234 235/235/235 427/427/427
f 234/234/234 427/427/427 426/426/426
f 235/235/235 236/236/236 428/428/428
f 235/235/235 428/428/428 427/427/427
f 236/236/236 237/237/237 429/429/429
f 236/236/236 429/429/429 428/428/428
f 237/237/237 238/238/238 430/430/430
f 237/237/237 430/430/430 429/429/429
f 238/238/238 239/239/239 431/431/431
f 238/238/238 431/431/431 430/430/430
f 239/239/239 240/240/240 432/432/432
f 239/239/239 432/432/432 431/431/431
f 240/240/240 241/241/241 433/433/433
f 240/240/240 433/433/433 432/432/432
f 241/241/241 242/242/242 434/434/434
f 241/241/241 434/434/434 433/433/433
f 242/242/242 243/243/243 435/435/435
f 242/242/242 435/435/435 434/434/434
f 243/243/243 244/244/244 436/436/436
f 243/243/243 436/436/436 435/435/435
f 244/244/244 245/245/245 437/437/437
f 244/244/244 437/437/437 436/436/436
f 245/245/245 246/246/246 438/438/438
f 245/245/245 438/438/438 437/437/437
f 246/246/246 247/247/247 439/439/439
f 246/246/246 439/439/439 438/438/438
f 247/247/247 248/248/248 440/440/440
f 247/247/247 440/440/440 439/439/439
f 248/248/248 249/249/249 441/441/441
f 248/248/248 441/441/441 440/440/440
f 249/249/249 250/250/250 442/442/442
f 249/249/249 442/442/442 441/441/441
f 250/250/250 251/251/251 443/443/443
f 250/250/250 443/443/443 442/442/442
f 251/251/251 252/252/252 444/444/444
f 251/251/251 444/444/444 443/443/443
f 252/252/252 253/253/253 445/445/445
f 252/252/252 445/445/445 444/444/444
f 253/253/253 254/254/254 446/446/446
f 253/253/253 446/446/446 445/445/445
f 254/254/254 255/255/255 447/447/447
f 254/254/254 447/447/447 446/446/446
f 255/255/255 256/256/256 448/448/448
f 255/255/255 448/448/448 447/447/447
f 256/256/256 257/257/257 449/449/449
f 256/256/256 449/449/449 448/448/448
f 257/257/257 258/258/258 450/450/450
f 257/257/257 450/450/450 449/449/449
f 258/258/258 259/259/259 451/451/451
f 258/258/258 451/451/451 450/450/450
f 259/259/259 260/260/260 452/452/452
f 259/259/259 452/452/452 451/451/451
f 260/260/260 261/261/261 453/453/453
f 260/260/260 453/453/453 452/452/452
f 261/261/261 262/262/262 454/454/454
f 261/261/261 454/454/454 453/453/453
f 262/262/262 263/263/263 455/455/455
f 262/262/262 455/455/455 454/454/454
f 263/263/263 264/264/264 456/456/456
f 263/263/263 456/456/456 455/455/455
f 264/264/264 265/265/265 457/457/457
f 264/264/264 457/457/457 456/456/456
f 265/265/265 266/266/266 458/458/458
f 265/265/265 458/458/458 457/457/457
f 266/266/266 267/267/267 459/459/459
f 266/266/266 459/459/459 458/458/458
f 267/267/267 268/268/268 460/460/460
f 267/267/267 460/460/460 459/459/459
f 268/268/268 269/269/269 461/461/461
f 268/268/268 461/461/461 460/460/460
f 269/269/269 270/270/270 462/462/462
f 269/269/269 462/462/462 461/461/461
f 270/270/270 271/271/271 463/463/463
f 270/270/270 463/463/463 462/462/462
f 271/271/271 272/272/272 464/464/464
f 271/271/271 464/464/464 463/463/463
f 272/272/272 273/273/273 465/465/465
f 272/272/272 465/465/465 464/464/464
f 273/273/273 274/274/274 466/466/466
f 273/273/273 466/466/466 465/465/465
f 274/274/274 275/275/275 467/467/467
f 274/274/274 467/467/467 466/466/466
f 275/275/275 276/276/276 468/468/468
f 275/275/275 468/468/468 467/467/467
f 276/276/276 277/277/277 469/469/469
f 276/276/276 469/469/469 468/468/468
f 277/277/277 278/278/278 470/470/470
f 277/277/277 470/470/470 469/469/469
f 278/278/278 279/279/279 471/471/471
f 278/278/278 471/471/471 470/470/470
f 279/279/279 280/280/280 472/472/472
f 279/279/279 472/472/472 471/471/471
f 280/280/280 281/281/281 473/473/473
f 280/280/280 473/473/473 472/472/472
f 281/281/281 282/282/282 474/474/474
f 281/281/281 474/474/474 473/473/473
f 282/282/282 283/283/283 475/475/475
f 282/282/282 475/475/475 474/474/474
f 283/283/283 284/284/284 476/476/476
f 283/283/283 476/476/476 475/475/475
f 284/284/284 285/285/285 477/477/477
f 284/284/284 477/477/477 476/476/476
f 285/285/285 286/286/286 478/478/478
f 285/285/285 478/478/478 477/477/477
f 286/286/286 287/287/287 479/479/479
f 286/286/286 479/479/479 478/478/478
f 287/287/287 288/288/288 480/480/480
f 287/287/287 480/480/480 479/479/479
f 288/288/288 289/289/289 481/481/481
f 288/288/288 481/481/481 480/480/480
f 289/289/289 290/290/290 482/482/482
f 289/289/289 482/482/482 481/481/481
f 290/290/290 291/291/291 483/483/483
f 290/290/290 483/483/483 482/482/482
f 291/291/291 292/292/292 484/484/484
f 291/291/291 484/484/484 483/483/483
f 292/292/292 293/293/293 485/485/485
f 292/292/292 485/485/485 484/484/484
f 293/293/293 294/294/294 486/486/486
f 293/293/293 486/486/486 485/485/485
f 294/294/294 295/295/295 487/487/487
f 294/294/294 487/487/487 486/486/486
f 295/295/295 296/296/296 488/488/488
f 295/295/295 488/488/488 487/487/487
f 296/296/296 297/297/297 489/489/489
f 296/296/296 489/489/489 488/488/488
f 297/297/297 298/298/298 490/490/490
f 297/297/297 490/490/490 489/489/489
f 298/298/298 299/299/299 491/491/491
f 298/298/298 491/491/491 490/490/490
f 299/299/299 300/300/300 492/492/492
f 299/299/299 492/492/492 491/491/491
f 300/300/300 301/301/301 493/493/493
f 300/300/300 493/493/493 492/492/492
f 301/301/301 302/302/302 494/494/494
f 301/301/301 494/494/494 493/493/493
f 302/302/302 303/303/303 495/495/495
f 302/302/302 495/495/495 494/494/494
f 303/303/303 304/304/304 496/496/496
f 303/303/303 496/496/496 495/495/495
f 304/304/304 305/305/305 497/497/497
f 304/304/304 497/497/497 496/496/496
f 305/305/305 306/306/306 498/498/498
f 305/305/305 498/498/498 497/497/497
f 306/306/306 307/307/307 499/499/499
f 306/306/306 499/499/499 498/498/498
f 307/307/307 308/308/308 500/500/500
f 307/307/307 500/500/500 499/499/499
f 308/308/308 309/309/309 501/501/501
f 308/308/308 501/501/501 500/500/500
f 309/309/309 310/310/310 502/502/502
f 309/309/309 502/502/502 501/501/501
f 310/310/310 311/311/311 503/503/503
f 310/310/310 503/503/503 502/502/502
f 311/311/311 312/312/312 504/504/504
f 311/311/311 504/504/504 503/503/503
f 312/312/312 313/313/313 505/505/505
f 312/312/312 505/505/505 504/504/504
f 313/313/313 314/314/314 506/506/506
f 313/313/313 506/506/506 505/505/505
f 314/314/314 315/315/315 507/507/507
f 314/314/314 507/507/507 506/506/506
f 315/315/315 316/316/316 508/508/508
f 315/315/315 508/508/508 507/507/507
f 316/316/316 317/317/317 509/509/509
f 316/316/316 509/509/509 508/508/508
f 317/317/317 318/318/318 510/510/510
f 317/317/317 510/510/510 509/509/509
f 318/318/318 319/319/319 511/511/511
f 318/318/318 511/511/511 510/510/510
f 319/319/319 320/320/320 512/512/512
f 319/319/319 512/512/512 511/511/511
f 320/320/320 321/321/321 513/513/513
f 320/320/320 513/513/513 512/512/512
f 321/321/321 322/322/322 514/514/514
f 321/321/321 514/514/514 513/513/513
f 322/322/322 323/323/323 515/515/515
f 322/322/322 515/515/515 514/514/514
f 323/323/323 324/324/324 516/516/516
f 323/323/323 516/516/516 515/515/515
f 324/324/324 325/325/325 517/517/517
f 324/324/324 517/517/517 516/516/516
f 325/325/325 326/326/326 518/518/518
f 325/325/325 518/518/518 517/517/517
f 326/326/326 327/327/327 519/519/519
f 326/326/326 519/519/519 518/518/518
f 327/327/327 328/328/328 520/520/520
f 327/327/327 520/520/520 519/519/519
f 328/328/328 329/329/329 521/521/521
f 328/328/328 521/521/521 520/520/520
f 329/329/329 330/330/330 522/522/522
f 329/329/329 522/522/522 521/521/521
f 330/330/330 331/331/331 523/523/523
f 330/330/330 523/523/523 522/522/522
f 331/331/331 332/332/332 524/524/524
f 331/331/331 524/524/524 523/523/523
f 332/332/332 333/333/333 525/525/525
f 332/332/332 525/525/525 524/524/524
f 333/333/333 334/334/334 526/526/526
f 333/333/333 526/526/526 525/525/525
f 334/334/334 335/335/335 527/527/527
f 334/334/334 527/527/527 526/526/526
f 335/335/335 336/336/336 528/528/528
f 335/335/335 528/528/528 527/527/527
f 336/336/336 337/337/337 529/529/529
f 336/336/336 529/529/529 528/528/528
f 337/337/337 338/338/338 530/530/530
f 337/337/337 530/530/530 529/529/529
f 338/338/338 339/339/339 531/531/531
f 338/338/338 531/531/531 530/530/530
f 339/339/339 340/340/340 532/532/532
f 339/339/339 532/532/532 531/531/531
f 340/340/340 341/341/341 533/533/533
f 340/340/340 533/533/533 532/532/532
f 341/341/341 342/342/342 534/534/534
f 341/341/341 534/534/534 533/533/533
f 342/342/342 343/343/343 535/535/535
f 342/342/342 535/535/535 534/534/534
f 343/343/343 344/344/344 536/536/536
f 343/343/343 536/536/536 535/535/535
f 344/344/344 345/345/345 537/537/537
f 344/344/344 537/537/537 536/536/536
f 345/345/345 346/346/346 538/538/538
f 345/345/345 538/538/538 537/537/537
f 346/346/346 347/347/347 539/539/539
f 346/346/346 539/539/539 538/538/538
f 347/347/347 348/348/348 540/540/540
f 347/347/347 540/540/540 539/539/539
f 348/348/348 349/349/349 541/541/541
f 348/348/348 541/541/541 540/540/540
f 349/349/349 350/350/350 542/542/542
f 349/349/349 542/542/542 541/541/541
f 350/350/350 351/351/351 543/543/543
f 350/350/350 543/543/543 542/542/542
f 351/351/351 352/352/352 544/544/544
f 351/351/351 544/544/544 543/543/543
f 352/352/352 353/353/353 545/545/545
f 352/352/352 545/545/545 544/544/544
f 353/353/353 354/354/354 546/546/546
f 353/353/353 546/546/546 545/545/545
f 354/354/354 355/355/355 547/547/547
f 354/354/354 547/547/547 546/546/546
f 355/355/355 356/356/356 548/548/548
f 355/355/355 548/548/548 547/547/547
f 356/356/356 357/357/357 549/549/549
f 356/356/356 549/549/549 548/548/548
f 357/357/357 358/358/358 550/550/550
f 357/357/357 550/550/550 549/549/549
f 358/358/358 359/359/359 551/551/551
f 358/358/358 551/551/551 550/550/550
f 359/359/359 360/360/360 552/552/552
f 359/359/359 552/552/552 551/551/551
f 360/360/360 361/361/361 553/553/553
f 360/360/360 553/553/553 552/552/552
f 361/361/361 362/362/362 554/554/554
f 361/361/361 554/554/554 553/553/553
f 362/362/362 363/363/363 555/555/555
f 362/362/362 555/555/555 554/554/554
f 363/363/363 364/364/364 556/556/556
f 363/363/363 556/556/556 555/555/555
f 364/364/364 365/365/365 557/557/557
f 364/364/364 557/557/557 556/556/556
f 365/365/365 366/366/366 558/558/558
f 365/365/365 558/558/558 557/557/557
f 366/366/366 367/367/367 559/559/559
f 366/366/366 559/559/559 558/558/558
f 367/367/367 368/368/368 560/560/560
f 367/367/367 560/560/560 559/559/559
f 368/368/368 369/369/369 561/561/561
f 368/368/368 561/561/561 560/560/560
f 369/369/369 370/370/370 562/562/562
f 369/369/369 562/562/562 561/561/561
f 370/370/370 371/371/371 563/563/563
f 370/370/370 563/563/563 562/562/562
f 371/371/371 372/372/372 564/564/564
f 371/371/371 564/564/564 563/563/563
f 372/372/372 373/373/373 565/565/565
f 372/372/372 565/565/565 564/564/564
f 373/373/373 374/374/374 566/566/566
f 373/373/373 566/566/566 565/565/565
f 374/374/374 375/375/375 567/567/567
f 374/374/374 567/567/567 566/566/566
f 375/375/375 376/376/376 568/568/568
f 375/375/375 568/568/568 567/567/567
f 376/376/376 377/377/377 569/569/569
f 376/376/376 569/569/569 568/568/568
f 377/377/377 378/378/378 570/570/570
f 377/377/377 570/570/570 569/569/569
f 378/378/378 379/379/379 571/571/571
f 378/378/378 571/571/571 570/570/570
f 379/379/379 380/380/380 572/572/572
f 379/379/379 572/572/572 571/571/571
f 380/380/380 381/381/381 573/573/573
f 380/380/380 573/573/573 572/572/572
f 381/381/381 382/382/382 574/574/574
f 381/381/381 574/574/574 573/573/573
f 382/382/382 383/383/383 575/575/575
f 382/382/382 575/575/575 574/574/574
f 383/383/383 384/384/384 576/576/576
f 383/383/383 576/576/576 575/575/575
f 384/384/384 385/385/385 577/577/577
f 384/384/384 577/577/577 576/576/576
f 385/385/385 194/194/194 386/386/386
f 385/385/385 386/386/386 577/577/577
f 386/386/386 387/387/387 579/579/579
f 386/386/386 579/579/579 578/578/578
f 387/387/387 388/388/388 580/580/580
f 387/387/387 580/580/580 579/579/579
f 388/388/388 389/389/389 581/581/581
f 388/388/388 581/581/581 580/580/580
f 389/389/389 390/390/390 582/582/582
f 389/389/389 582/582/582 581/581/581
f 390/390/390 391/391/391 583/583/583
f 390/390/390 583/583/583 582/582/582
f 391/391/391 392/392/392 584/584/584
f 391/391/391 584/584/584 583/583/583
f 392/392/392 393/393/393 585/585/585
f 392/392/392 585/585/585 584/584/584
f 393/393/393 394/394/394 586/586/586
f 393/393/393 586/586/586 585/585/585
f 394/394/394 395/395/395 587/587/587
f 394/394/394 587/587/587 586/586/586
f 395/395/395 396/396/396 588/588/588
f 395/395/395 588/588/588 587/587/587
f 396/396/396 397/397/397 589/589/589
f 396/396/396 589/589/589 588/588/588
f 397/397/397 398/398/398 590/590/590
f 397/397/397 590/590/590 589/589/589
f 398/398/398 399/399/399 591/591/591
f 398/398/398 591/591/591 590/590/590
f 399/399/399 400/400/400 592/592/592
f 399/399/399 592/592/592 591/591/591
f 400/400/400 401/401/401 593/593/593
f 400/400/400 593/593/593 592/592/592
f 401/401/401 402/402/402 594/594/594
f 401/401/401 594/594/594 593/593/593
f 402/402/402 403/403/403 595/595/595
f 402/402/402 595/595/595 594/594/594
f 403/403/403 404/404/404 596/596/596
f 403/403/403 596/596/596 595/595/595
f 404/404/404 405/405/405 597/597/597
f 404/404/404 597/597/597 596/596/596
f 405/405/405 406/406/406 598/598/598
f 405/405/405 598/598/598 597/597/597
f 406/406/406 407/407/407 599/599/599
f 406/406/406 599/599/599 598/598/598
f 407/407/407 408/408/408 600/600/600
f 407/407/407 600/600/600 599/599/599
f 408/408/408 409/409/409 601/601/601
f 408/408/408 601/601/601 600/600/600
f 409/409/409 410/410/410 602/602/602
f 409/409/409 602/602/602 601/601/601
f 410/410/410 411/411/411 603/603/603
f 410/410/410 603/603/603 602/602/602
f 411/411/411 412/412/412 604/604/604
f 411/411/411 604/604/604 603/603/603
f 412/412/412 413/413/413 605/605/605
f 412/412/412 605/605/605 604/604/604
f 413/413/413 414/414/414 606/606/606
f 413/413/413 606/606/606 605/605/605
f 414/414/414 415/415/415 607/607/607
f 414/414/414 607/607/607 606/606/606
f 415/415/415 416/416/416 608/608/608
f 415/415/415 608/608/608 607/607/607
f 416/416/416 417/417/417 609/609/609
f 416/416/416 609/609/609 608/608/608
f 417/417/417 418/418/418 610/610/610
f 417/417/417 610/610/610 609/609/609
f 418/418/418 419/419/419 611/611/611
f 418/418/418 611/611/611 610/610/610
f 419/419/419 420/420/420 612/612/612
f 419/419/419 612/612/612 611/611/611
f 420/420/420 421/421/421 613/613/613
f 420/420/420 613/613/613 612/612/612
f 421/421/421 422/422/422 614/614/614
f 421/421/421 614/614/614 613/613/613
f 422/422/422 423/423/423 615/615/615
f 422/422/422 615/615/615 614/614/614
f 423/423/423 424/424/424 616/616/616
f 423/423/423 616/616/616 615/615/615
f 424/424/424 425/425/425 617/617/617
f 424/424/424 617/617/617 616/616/616
f 425/425/425 426/426/426 618/618/618
f 425/425/425 618/618/618 617/617/617
f 426/426/426 427/427/427 619/619/619
f 426/426/426 619/619/619 618/618/618
f 427/427/427 428/428/428 620/620/620
f 427/427/427 620/620/620 619/619/619
f 428/428/428 429/429/429 621/621/621
f 428/428/428 621/621/621 620/620/620
f 429/429/429 430/430/430 622/622/622
f 429/429/429 622/622/622 621/621/621
f 430/430/430 431/431/431 623/623/623
f 430/430/430 623/623/623 622/622/622
f 431/431/431 432/432/432 624/624/624
f 431/431/431 624/624/624 623/623/623
f 432/432/432 433/433/433 625/625/625
f 432/432/432 625/625/625 624/624/624
f 433/433/433 434/434/434 626/626/626
f 433/433/433 626/626/626 625/625/625
f 434/434/434 435/435/435 627/627/627
f 434/434/434 627/627/627 626/626/626
f 435/435/435 436/436/436 628/628/628
f 435/435/435 628/628/628 627/627/627
f 436/436/436 437/437/437 629/629/629
f 436/436/436 629/629/629 628/628/628
f 437/437/437 438/438/438 630/630/630
f 437/437/437 630/630/630 629/629/629
f 438/438/438 439/439/439 631/631/631
f 438/438/438 631/631/631 630/630/630
f 439/439/439 440/440/440 632/632/632
f 439/439/439 632/632/632 631/631/631
f 440/440/440 441/441/441 633/633/633
f 440/440/440 633/633/633 632/632/632
f 441/441/441 442/442/442 634/634/634
f 441/441/441 634/634/634 633/633/633
f 442/442/442 443/443/443 635/635/635
f 442/442/442 635/635/635 634/634/634
f 443/443/443 444/444/444 636/636/636
f 443/443/443 636/636/636 635/635/635
f 444/444/444 445/445/445 637/637/637
f 444/444/444 637/637/637 636/636/636
f 445/445/445 446/446/446 638/638/638
f 445/445/445 638/638/638 637/637/637
f 446/446/446 447/447/447 639/639/639
f 446/446/446 639/639/639 638/638/638
f 447/447/447 448/448/448 640/640/640
f 447/447/447 640/640/640 639/639/639
f 448/448/448 449/449/449 641/641/641
f 448/448/448 641/641/641 640/640/640
f 449/449/449 450/450/450 642/642/642
f 449/449/449 642/642/642 641/641/641
f 450/450/450 451/451/451 643/643/643
f 450/450/450 643/643/643 642/642/642
f 451/451/451 452/452/452 644/644/644
f 451/451/451 644/644/644 643/643/643
f 452/452/452 453/453/453 645/645/645
f 452/452/452 645/645/645 644/644/644
f 453/453/453 454/454/454 646/646/646
f 453/453/453 646/646/646 645/645/645
f 454/454/454 455/455/455 647/647/647
f 454/454/454 647/647/647 646/646/646
f 455/455/455 456/456/456 648/648/648
f 455/455/455 648/648/648 647/647/647
f 456/456/456 457/457/457 649/649/649
f 456/456/456 649/649/649 648/648/648
f 457/457/457 458/458/458 650/650/650
f 457/457/457 650/650/650 649/649/649
f 458/458/458 459/459/459 651/651/651
f 458/458/458 651/651/651 650/650/650
f 459/459/459 460/460/460 652/652/652
f 459/459/459 652/652/652 651/651/651
f 460/460/460 461/461/461 653/653/653
f 460/460/460 653/653/653 652/652/652
f 461/461/461 462/462/462 654/654/654
f 461/461/461 654/654/654 653/653/653
f 462/462/462 463/463/463 655/655/655
f 462/462/462 655/655/655 654/654/654
f 463/463/463 464/464/464 656/656/656
f 463/463/463 656/656/656 655/655/655
f 464/464/464 465/465/465 657/657/657
f 464/464/464 657/657/657 656/656/656
f 465/465/465 466/466/466 658/658/658
f 465/465/465 658/658/658 657/657/657
f 466/466/466 467/467/467 659/659/659
f 466/466/466 659/659/659 658/658/658
f 467/467/467 468/468/468 660/660/660
f 467/467/467 660/660/660 659/659/659
f 468/468/468 469/469/469 661/661/661
f 468/468/468 661/661/661 660/660/660
f 469/469/469 470/470/470 662/662/662
f 469/469/469 662/662/662 661/661/661
f 470/470/470 471/471/471 663/663/663
f 470/470/470 663/663/663 662/662/662
f 471/471/471 472/472/472 664/664/664
f 471/471/471 664/664/664 663/663/663
f 472/472/472 473/473/473 665/665/665
f 472/472/472 665/665/665 664/664/664
f 473/473/473 474/474/474 666/666/666
f 473/473/473 666/666/666 665/665/665
f 474/474/474 475/475/475 667/667/667
f 474/474/474 667/667/667 666/666/666
f 475/475/475 476/476/476 668/668/668
f 475/475/475 668/668/668 667/667/667
f 476/476/476 477/477/477 669/669/669
f 476/476/476 669/669/669 668/668/668
f 477/477/477 478/478/478 670/670/670
f 477/477/477 670/670/670 669/669/669
f 478/478/478 479/479/479 671/671/671
f 478/478/478 671/671/671 670/670/670
f 479/479/479 480/480/480 672/672/672
f 479/479/479 672/672/672 671/671/671
f 480/480/480 481/481/481 673/673/673
f 480/480/480 673/673/673 672/672/672
f 481/481/481 482/482/482 674/674/674
f 481/481/481 674/674/674 673/673/673
f 482/482/482 483/483/483 675/675/675
f 482/482/482 675/675/675 674/674/674
f 483/483/483 484/484/484 676/676/676
f 483/483/483 676/676/676 675/675/675
f 484/484/484 485/485/485 677/677/677
f 484/484/484 677/677/677 676/676/676
f 485/485/485 486/486/486 678/678/678
f 485/485/485 678/678/678 677/677/677
f 486/486/486 487/487/487 679/679/679
f 486/486/486 679/679/679 678/678/678
f 487/487/487 488/488/488 680/680/680
f 487/487/487 680/680/680 679/679/679
f 488/488/488 489/489/489 681/681/681
f 488/488/488 681/681/681 680/680/680
f 489/489/489 490/490/490 682/682/682
f 489/489/489 682/682/682 681/681/681
f 490/490/490 491/491/491 683/683/683
f 490/490/490 683/683/683 682/682/682
f 491/491/491 492/492/492 684/684/684
f 491/491/491 684/684/684 683/683/683
f 492/492/492 493/493/493 685/685/685
f 492/492/492 685/685/685 684/684/684
f 493/493/493 494/494/494 686/686/686
f 493/493/493 686/686/686 685/685/685
f 494/494/494 495/495/495 687/687/687
f 494/494/494 687/687/687 686/686/686
f 495/495/495 496/496/496 688/688/688
f 495/495/495 688/688/688 687/687/687
f 496/496/496 497/497/497 689/689/689
f 496/496/496 689/689/689 688/688/688
f 497/497/497 498/498/498 690/690/690
f 497/497/497 690/690/690 689/689/689
f 498/498/498 499/499/499 691/691/691
f 498/498/498 691/691/691 690/690/690
f 499/499/499 500/500/500 692/692/692
f 499/499/499 692/692/692 691/691/691
f 500/500/500 501/501/501 693/693/693
f 500/500/500 693/693/693 692/692/692
f 501/501/501 502/502/502 694/694/694
f 501/501/501 694/694/694 693/693/693
f 502/502/502 503/503/503 695/695/695
f 502/502/502 695/695/695 694/694/694
f 503/503/503 504/504/504 696/696/696
f 503/503/503 696/696/696 695/695/695
f 504/504/504 505/505/505 697/697/697
f 504/504/504 697/697/697 696/696/696
f 505/505/505 506/506/506 698/698/698
f 505/505/505 698/698/698 697/697/697
f 506/506/506 507/507/507 699/699/699
f 506/506/506 699/699/699 698/698/698
f 507/507/507 508/508/508 700/700/700
f 507/507/507 700/700/700 699/699/699
f 508/508/508 509/509/509 701/701/701
f 508/508/508 701/701/701 700/700/700
f 509/509/509 510/510/510 702/702/702
f 509/509/509 702/702/702 701/701/701
f 510/510/510 511/511/511 703/703/703
f 510/510/510 703/703/703 702/702/702
f 511/511/511 512/512/512 704/704/704
f 511/511/511 704/704/704 703/703/703
f 512/512/512 513/513/513 705/705/705
f 512/512/512 705/705/705 704/704/704
f 513/513/513 514/514/514 706/706/706
f 513/513/513 706/706/706 705/705/705
f 514/514/514 515/515/515 707/707/707
f 514/514/514 707/707/707 706/706/706
f 515/515/515 516/516/516 708/708/708
f 515/515/515 708/708/708 707/707/707
f 516/516/516 517/517/517 709/709/709
f 516/516/516 709/709/709 708/708/708
f 517/517/517 518/518/518 710/710/710
f 517/517/517 710/710/710 709/709/709
f 518/518/518 519/519/519 711/711/711
f 518/518/518 711/711/711 710/710/710
f 519/519/519 520/520/520 712/712/712
f 519/519/519 712/712/712 711/711/711
f 520/520/520 521/521/521 713/713/713
f 520/520/520 713/713/713 712/712/712
f 521/521/521 522/522/522 714/714/714
f 521/521/521 714/714/714 713/713/713
f 522/522/522 523/523/523 715/715/715
f 522/522/522 715/715/715 714/714/714
f 523/523/523 524/524/524 716/716/716
f 523/523/523 716/716/716 715/715/715
f 524/524/524 525/525/525 717/717/717
f 524/524/524 717/717/717 716/716/716
f 525/525/525 526/526/526 718/718/718
f 525/525/525 718/718/718 717/717/717
f 526/526/526 527/527/527 719/719/719
f 526/526/526 719/719/719 718/718/718
f 527/527/527 528/528/528 720/720/720
f 527/527/527 720/720/720 719/719/719
f 528/528/528 529/529/529 721/721/721
f 528/528/528 721/721/721 720/720/720
f 529/529/529 530/530/530 722/722/722
f 529/529/529 722/722/722 721/721/721
f 530/530/530 531/531/531 723/723/723
f 530/530/530 723/723/723 722/722/722
f 531/531/531 532/532/532 724/724/724
f 531/531/531 724/724/724 723/723/723
f 532/532/532 533/533/533 725/725/725
f 532/532/532 725/725/725 724/724/724
f 533/533/533 534/534/534 726/726/726
f 533/533/533 726/726/726 725/725/725
f 534/534/534 535/535/535 727/727/727
f 534/534/534 727/727/727 726/726/726
f 535/535/535 536/536/536 728/728/728
f 535/535/535 728/728/728 727/727/727
f 536/536/536 537/537/537 729/729/729
f 536/536/536 729/729/729 728/728/728
f 537/537/537 538/538/538 730/730/730
f 537/537/537 730/730/730 729/729/729
f 538/538/538 539/539/539 731/731/731
f 538/538/538 731/731/731 730/730/730
f 539/539/539 540/540/540 732/732/732
f 539/539/539 732/732/732 731/731/731
f 540/540/540 541/541/541 733/733/733
f 540/540/540 733/733/733 732/732/732
f 541/541/541 542/542/542 734/734/734
f 541/541/541 734/734/734 733/733/733
f 542/542/542 543/543/543 735/735/735
f 542/542/542 735/735/735 734/734/734
f 543/543/543 544/544/544 736/736/736
f 543/543/543 736/736/736 735/735/735
f 544/544/544 545/545/545 737/737/737
f 544/544/544 737/737/737 736/736/736
f 545/545/545 546/546/546 738/738/738
f 545/545/545 738/738/738 737/737/737
f 546/546/546 547/547/547 739/739/739
f 546/546/546 739/739/739 738/738/738
f 547/547/547 548/548/548 740/740/740
f 547/547/547 740/740/740 739/739/739
f 548/548/548 549/549/549 741/741/741
f 548/548/548 741/741/741 740/740/740
f 549/549/549 550/550/550 742/742/742
f 549/549/549 742/742/742 741/741/741
f 550/550/550 551/551/551 743/743/743
f 550/550/550 743/743/743 742/742/742
f 551/551/551 552/552/552 744/744/744
f 551/551/551 744/744/744 743/743/743
f 552/552/552 553/553/553 745/745/745
f 552/552/552 745/745/745 744/744/744
f 553/553/553 554/554/554 746/746/746
f 553/553/553 746/746/746 745/745/745
f 554/554/554 555/555/555 747/747/747
f 554/554/554 747/747/747 746/746/746
f 555/555/555 556/556/556 748/748/748
f 555/555/555 748/748/748 747/747/747
f 556/556/556 557/557/557 749/749/749
f 556/556/556 749/749/749 748/748/748
f 557/557/557 558/558/558 750/750/750
f 557/557/557 750/750/750 749/749/749
f 558/558/558 559/559/559 751/751/751
f 558/558/558 751/751/751 750/750/750
f 559/559/559 560/560/560 752/752/752
f 559/559/559 752/752/752 751/751/751
f 560/560/560 561/561/561 753/753/753
f 560/560/560 753/753/753 752/752/752
f 561/561/561 562/562/562 754/754/754
f 561/561/561 754/754/754 753/753/753
f 562/562/562 563/563/563 755/755/755
f 562/562/562 755/755/755 754/754/754
f 563/563/563 564/564/564 756/756/756
f 563/563/563 756/756/756 755/755/755
f 564/564/564 565/565/565 757/757/757
f 564/564/564 757/757/757 756/756/756
f 565/565/565 566/566/566 758/758/758
f 565/565/565 758/758/758 757/757/757
f 566/566/566 567/567/567 759/759/759
f 566/566/566 759/759/759 758/758/758
f 567/567/567 568/568/568 760/760/760
f 567/567/567 760/760/760 759/759/759
f 568/568/568 569/569/569 761/761/761
f 568/568/568 761/761/761 760/760/760
f 569/569/569 570/570/570 762/762/762
f 569/569/569 762/762/762 761/761/761
f 570/570/570 571/571/571 763/763/763
f 570/570/570 763/763/763 762/762/762
f 571/571/571 572/572/572 764/764/764
f 571/571/571 764/764/764 763/763/763
f 572/572/572 573/573/573 765/765/765
f 572/572/572 765/765/765 764/764/764
f 573/573/573 574/574/574 766/766/766
f 573/573/573 766/766/766 765/765/765
f 574/574/574 575/575/575 767/767/767
f 574/574/574 767/767/767 766/766/766
f 575/575/575 576/576/576 768/768/768
f 575/575/575 768/768/768 767/767/767
f 576/576/576 577/577/577 769/769/769
f 576/576/576 769/769/769 768/768/768
f 577/577/577 386/386/386 578/578/578
f 577/577/577 578/578/578 769/769/769
f 578/578/578 579/579/579 771/771/771
f 578/578/578 771/771/771 770/770/770
f 579/579/579 580/580/580 772/772/772
f 579/579/579 772/772/772 771/771/771
f 580/580/580 581/581/581 773/773/773
f 580/580/580 773/773/773 772/772/772
f 581/581/581 582/582/582 774/774/774
f 581/581/581 774/774/774 773/773/773
f 582/582/582 583/583/583 775/775/775
f 582/582/582 775/775/775 774/774/774
f 583/583/583 584/584/584 776/776/776
f 583/583/583 776/776/776 775/775/775
f 584/584/584 585/585/585 777/777/777
f 584/584/584 777/777/777 776/776/776
f 585/585/585 586/586/586 778/778/778
f 585/585/585 778/778/778 777/777/777
f 586/586/586 587/587/587 779/779/779
f 586/586/586 779/779/779 778/778/778
f 587/587/587 588/588/588 780/780/780
f 587/587/587 780/780/780 779/779/779
f 588/588/588 589/589/589 781/781/781
f 588/588/588 781/781/781 780/780/780
f 589/589/589 590/590/590 782/782/782
f 589/589/589 782/782/782 781/781/781
f 590/590/590 591/591/591 783/783/783
f 590/590/590 783/783/783 782/782/782
f 591/591/591 592/592/592 784/784/784
f 591/591/591 784/784/784 783/783/783
f 592/592/592 593/593/593 785/785/785
f 592/592/592 785/785/785 784/784/784
f 593/593/593 594/594/594 786/786/786
f 593/593/593 786/786/786 785/785/785
f 594/594/594 595/595/595 787/787/787
f 594/594/594 787/787/787 786/786/786
f 595/595/595 596/596/596 788/788/788
f 595/595/595 788/788/788 787/787/787
f 596/596/596 597/597/597 789/789/789
f 596/596/596 789/789/789 788/788/788
f 597/597/597 598/598/598 790/790/790
f 597/597/597 790/790/790 789/789/789
f 598/598/598 599/599/599 791/791/791
f 598/598/598 791/791/791 790/790/790
f 599/599/599 600/600/600 792/792/792
f 599/599/599 792/792/792 791/791/791
f 600/600/600 601/601/601 793/793/793
f 600/600/600 793/793/793 792/792/792
f 601/601/601 602/602/602 794/794/794
f 601/601/601 794/794/794 793/793/793
f 602/602/602 603/603/603 795/795/795
f 602/602/602 795/795/795 794/794/794
f 603/603/603 604/604/604 796/796/796
f 603/603/603 796/796/796 795/795/795
f 604/604/604 605/605/605 797/797/797
f 604/604/604 797/797/797 796/796/796
f 605/605/605 606/606/606 798/798/798
f 605/605/605 798/798/798 797/797/797
f 606/606/606 607/607/607 799/799/799
f 606/606/606 799/799/799 798/798/798
f 607/607/607 608/608/608 800/800/800
f 607/607/607 800/800/800 799/799/799
f 608/608/608 609/609/609 801/801/801
f 608/608/608 801/801/801 800/800/800
f 609/609/609 610/610/610 802/802/802
f 609/609/609 802/802/802 801/801/801
f 610/610/610 611/611/611 803/803/803
f 610/610/610 803/803/803 802/802/802
f 611/611/611 612/612/612 804/804/804
f 611/611/611 804/804/804 803/803/803
f 612/612/612 613/613/613 805/805/805
f 612/612/612 805/805/805 804/804/804
f 613/613/613 614/614/614 806/806/806
f 613/613/613 806/806/806 805/805/805
f 614/614/614 615/615/615 807/807/807
f 614/614/614 807/807/807 806/806/806
f 615/615/615 616/616/616 808/808/808
f 615/615/615 808/808/808 807/807/807
f 616/616/616 617/617/617 809/809/809
f 616/616/616 809/809/809 808/808/808
f 617/617/617 618/618/618 810/810/810
f 617/617/617 810/810/810 809/809/809
f 618/618/618 619/619/619 811/811/811
f 618/618/618 811/811/811 810/810/810
f 619/619/619 620/620/620 812/812/812
f 619/619/619 812/812/812 811/811/811
f 620/620/620 621/621/621 813/813/813
f 620/620/620 813/813/813 812/812/812
f 621/621/621 622/622/622 814/814/814
f 621/621/621 814/814/814 813/813/813
f 622/622/622 623/623/623 815/815/815
f 622/622/622 815/815/815 814/814/814
f 623/623/623 624/624/624 816/816/816
f 623/623/623 816/816/816 815/815/815
f 624/624/624 625/625/625 817/817/817
f 624/624/624 817/817/817 816/816/816
f 625/625/625 626/626/626 818/818/818
f 625/625/625 818/818/818 817/817/817
f 626/626/626 627/627/627 819/819/819
f 626/626/626 819/819/819 818/818/818
f 627/627/627 628/628/628 820/820/820
f 627/627/627 820/820/820 819/819/819
f 628/628/628 629/629/629 821/821/821
f 628/628/628 821/821/821 820/820/820
f 629/629/629 630/630/630 822/822/822
f 629/629/629 822/822/822 821/821/821
f 630/630/630 631/631/631 823/823/823
f 630/630/630 823/823/823 822/822/822
f 631/631/631 632/632/632 824/824/824
f 631/631/631 824/824/824 823/823/823
f 632/632/632 633/633/633 825/825/825
f 632/632/632 825/825/825 824/824/824
f 633/633/633 634/634/634 826/826/826
f 633/633/633 826/826/826 825/825/825
f 634/634/634 635/635/635 827/827/827
f 634/634/634 827/827/827 826/826/826
f 635/635/635 636/636/636 828/828/828
f 635/635/635 828/828/828 827/827/827
f 636/636/636 637/637/637 829/829/829
f 636/636/636 829/829/829 828/828/828
f 637/637/637 638/638/638 830/830/830
f 637/637/637 830/830/830 829/829/829
f 638/638/638 639/639/639 831/831/831
f 638/638/638 831/831/831 830/830/830
f 639/639/639 640/640/640 832/832/832
f 639/639/639 832/832/832 831/831/831
f 640/640/640 641/641/641 833/833/833
f 640/640/640 833/833/833 832/832/832
f 641/641/641 642/642/642 834/834/834
f 641/641/641 834/834/834 833/833/833
f 642/642/642 643/643/643 835/835/835
f 642/642/642 835/835/835 834/834/834
f 643/643/643 644/644/644 836/836/836
f 643/643/643 836/836/836 835/835/835
f 644/644/644 645/645/645 837/837/837
f 644/644/644 837/837/837 836/836/836
f 645/645/645 646/646/646 838/838/838
f 645/645/645 838/838/838 837/837/837
f 646/646/646 647/647/647 839/839/839
f 646/646/646 839/839/839 838/838/838
f 647/647/647 648/648/648 840/840/840
f 647/647/647 840/840/840 839/839/839
f 648/648/648 649/649/649 841/841/841
f 648/648/648 841/841/841 840/840/840
f 649/649/649 650/650/650 842/842/842
f 649/649/649 842/842/842 841/841/841
f 650/650/650 651/651/651 843/843/843
f 650/650/650 843/843/843 842/842/842
f 651/651/651 652/652/652 844/844/844
f 651/651/651 844/844/844 843/843/843
f 652/652/652 653/653/653 845/845/845
f 652/652/652 845/845/845 844/844/844
f 653/653/653 654/654/654 846/846/846
f 653/653/653 846/846/846 845/845/845
f 654/654/654 655/655/655 847/847/847
f 654/654/654 847/847/847 846/846/846
f 655/655/655 656/656/656 848/848/848
f 655/655/655 848/848/848 847/847/847
f 656/656/656 657/657/657 849/849/849
f 656/656/656 849/849/849 848/848/848
f 657/657/657 658/658/658 850/850/850
f 657/657/657 850/850/850 849/849/849
f 658/658/658 659/659/659 851/851/851
f 658/658/658 851/851/851 850/850/850
f 659/659/659 660/660/660 852/852/852
f 659/659/659 852/852/852 851/851/851
f 660/660/660 661/661/661 853/853/853
f 660/660/660 853/853/853 852/852/852
f 661/661/661 662/662/662 854/854/854
f 661/661/661 854/854/854 853/853/853
f 662/662/662 663/663/663 855/855/855
f 662/662/662 855/855/855 854/854/854
f 663/663/663 664/664/664 856/856/856
f 663/663/663 856/856/856 855/855/855
f 664/664/664 665/665/665 857/857/857
f 664/664/664 857/857/857 856/856/856
f 665/665/665 666/666/666 858/858/858
f 665/665/665 858/858/858 857/857/857
f 666/666/666 667/667/667 859/859/859
f 666/666/666 859/859/859 858/858/858
f 667/667/667 668/668/668 860/860/860
f 667/667/667 860/860/860 859/859/859
f 668/668/668 669/669/669 861/861/861
f 668/668/668 861/861/861 860/860/860
f 669/669/669 670/670/670 862/862/862
f 669/669/669 862/862/862 861/861/861
f 670/670/670 671/671/671 863/863/863
f 670/670/670 863/863/863 862/862/862
f 671/671/671 672/672/672 864/864/864
f 671/671/671 864/864/864 863/863/863
f 672/672/672 673/673/673 865/865/865
f 672/672/672 865/865/865 864/864/864
f 673/673/673 674/674/674 866/866/866
f 673/673/673 866/866/866 865/865/865
f 674/674/674 675/675/675 867/867/867
f 674/674/674 867/867/867 866/866/866
f 675/675/675 676/676/676 868/868/868
f 675/675/675 868/868/868 867/867/867
f 676/676/676 677/677/677 869/869/869
f 676/676/676 869/869/869 868/868/868
f 677/677/677 678/678/678 870/870/870
f 677/677/677 870/870/870 869/869/869
f 678/678/678 679/679/679 871/871/871
f 678/678/678 871/871/871 870/870/870
f 679/679/679 680/680/680 872/872/872
f 679/679/679 872/872/872 871/871/871
f 680/680/680 681/681/681 873/873/873
f 680/680/680 873/873/873 872/872/872
f 681/681/681 682/682/682 874/874/874
f 681/681/681 874/874/874 873/873/873
f 682/682/682 683/683/683 875/875/875
f 682/682/682 875/875/875 874/874/874
f 683/683/683 684/684/684 876/876/876
f 683/683/683 876/876/876 875/875/875
f 684/684/684 685/685/685 877/877/877
f 684/684/684 877/877/877 876/876/876
f 685/685/685 686/686/686 878/878/878
f 685/685/685 878/878/878 877/877/877
f 686/686/686 687/687/687 879/879/879
f 686/686/686 879/879/879 878/878/878
f 687/687/687 688/688/688 880/880/880
f 687/687/687 880/880/880 879/879/879
f 688/688/688 689/689/689 881/881/881
f 688/688/688 881/881/881 880/880/880
f 689/689/689 690/690/690 882/882/882
f 689/689/689 882/882/882 881/881/881
f 690/690/690 691/691/691 883/883/883
f 690/690/690 883/883/883 882/882/882
f 691/691/691 692/692/692 884/884/884
f 691/691/691 884/884/884 883/883/883
f 692/692/692 693/693/693 885/885/885
f 692/692/692 885/885/885 884/884/884
f 693/693/693 694/694/694 886/886/886
f 693/693/693 886/886/886 885/885/885
f 694/694/694 695/695/695 887/887/887
f 694/694/694 887/887/887 886/886/886
f 695/695/695 696/696/696 888/888/888
f 695/695/695 888/888/888 887/887/887
f 696/696/696 697/697/697 889/889/889
f 696/696/696 889/889/889 888/888/888
f 697/697/697 698/698/698 890/890/890
f 697/697/697 890/890/890 889/889/889
f 698/698/698 699/699/699 891/891/891
f 698/698/698 891/891/891 890/890/890
f 699/699/699 700/700/700 892/892/892
f 699/699/699 892/892/892 891/891/891
f 700/700/700 701/701/701 893/893/893
f 700/700/700 893/893/893 892/892/892
f 701/701/701 702/702/702 894/894/894
f 701/701/701 894/894/894 893/893/893
f 702/702/702 703/703/703 895/895/895
f 702/702/702 895/895/895 894/894/894
f 703/703/703 704/704/704 896/896/896
f 703/703/703 896/896/896 895/895/895
f 704/704/704 705/705/705 897/897/897
f 704/704/704 897/897/897 896/896/896
f 705/705/705 706/706/706 898/898/898
f 705/705/705 898/898/898 897/897/897
f 706/706/706 707/707/707 899/899/899
f 706/706/706 899/899/899 898/898/898
f 707/707/707 708/708/708 900/900/900
f 707/707/707 900/900/900 899/899/899
f 708/708/708 709/709/709 901/901/901
f 708/708/708 901/901/901 900/900/900
f 709/709/709 710/710/710 902/902/902
f 709/709/709 902/902/902 901/901/901
f 710/710/710 711/711/711 903/903/903
f 710/710/710 903/903/903 902/902/902
f 711/711/711 712/712/712 904/904/904
f 711/711/711 904/904/904 903/903/903
f 712/712/712 713/713/713 905/905/905
f 712/712/712 905/905/905 904/904/904
f 713/713/713 714/714/714 906/906/906
f 713/713/713 906/906/906 905/905/905
f 714/714/714 715/715/715 907/907/907
f 714/714/714 907/907/907 906/906/906
f 715/715/715 716/716/716 908/908/908
f 715/715/715 908/908/908 907/907/907
f 716/716/716 717/717/717 909/909/909
f 716/716/716 909/909/909 908/908/908
f 717/717/717 718/718/718 910/910/910
f 717/717/717 910/910/910 909/909/909
f 718/718/718 719/719/719 911/911/911
f 718/718/718 911/911/911 910/910/910
f 719/719/719 720/720/720 912/912/912
f 719/719/719 912/912/912 911/911/911
f 720/720/720 721/721/721 913/913/913
f 720/720/720 913/913/913 912/912/912
f 721/721/721 722/722/722 914/914/914
f 721/721/721 914/914/914 913/913/913
f 722/722/722 723/723/723 915/915/915
f 722/722/722 915/915/915 914/914/914
f 723/723/723 724/724/724 916/916/916
f 723/723/723 916/916/916 915/915/915
f 724/724/724 725/725/725 917/917/917
f 724/724/724 917/917/917 916/916/916
f 725/725/725 726/726/726 918/918/918
f 725/725/725 918/918/918 917/917/917
f 726/726/726 727/727/727 919/919/919
f 726/726/726 919/919/919 918/918/918
f 727/727/727 728/728/728 920/920/920
f 727/727/727 920/920/920 919/919/919
f 728/728/728 729/729/729 921/921/921
f 728/728/728 921/921/921 920/920/920
f 729/729/729 730/730/730 922/922/922
f 729/729/729 922/922/922 921/921/921
f 730/730/730 731/731/731 923/923/923
f 730/730/730 923/923/923 922/922/922
f 731/731/731 732/732/732 924/924/924
f 731/731/731 924/924/924 923/923/923
f 732/732/732 733/733/733 925/925/925
f 732/732/732 925/925/925 924/924/924
f 733/733/733 734/734/734 926/926/926
f 733/733/733 926/926/926 925/925/925
f 734/734/734 735/735/735 927/927/927
f 734/734/734 927/927/927 926/926/926
f 735/735/735 736/736/736 928/928/928
f 735/735/735 928/928/928 927/927/927
f 736/736/736 737/737/737 929/929/929
f 736/736/736 929/929/929 928/928/928
f 737/737/737 738/738/738 930/930/930
f 737/737/737 930/930/930 929/929/929
f 738/738/738 739/739/739 931/931/931
f 738/738/738 931/931/931 930/930/930
f 739/739/739 740/740/740 932/932/932
f 739/739/739 932/932/932 931/931/931
f 740/740/740 741/741/741 933/933/933
f 740/740/740 933/933/933 932/932/932
f 741/741/741 742/742/742 934/934/934
f 741/741/741 934/934/934 933/933/933
f 742/742/742 743/743/743 935/935/935
f 742/742/742 935/935/935 934/934/934
f 743/743/743 744/744/744 936/936/936
f 743/743/743 936/936/936 935/935/935
f 744/744/744 745/745/745 937/937/937
f 744/744/744 937/937/937 936/936/936
f 745/745/745 746/746/746 938/938/938
f 745/745/745 938/938/938 937/937/937
f 746/746/746 747/747/747 939/939/939
f 746/746/746 939/939/939 938/938/938
f 747/747/747 748/748/748 940/940/940
f 747/747/747 940/940/940 939/939/939
f 748/748/748 749/749/749 941/941/941
f 748/748/748 941/941/941 940/940/940
f 749/749/749 750/750/750 942/942/942
f 749/749/749 942/942/942 941/941/941
f 750/750/750 751/751/751 943/943/943
f 750/750/750 943/943/943 942/942/942
f 751/751/751 752/752/752 944/944/944
f 751/751/751 944/944/944 943/943/943
f 752/752/752 753/753/753 945/945/945
f 752/752/752 945/945/945 944/944/944
f 753/753/753 754/754/754 946/946/946
f 753/753/753 946/946/946 945/945/945
f 754/754/754 755/755/755 947/947/947
f 754/754/754 947/947/947 946/946/946
f 755/755/755 756/756/756 948/948/948
f 755/755/755 948/948/948 947/947/947
f 756/756/756 757/757/757 949/949/949
f 756/756/756 949/949/949 948/948/948
f 757/757/757 758/758/758 950/950/950
f 757/757/757 950/950/950 949/949/949
f 758/758/758 759/759/759 951/951/951
f 758/758/758 951/951/951 950/950/950
f 759/759/759 760/760/760 952/952/952
f 759/759/759 952/952/952 951/951/951
f 760/760/760 761/761/761 953/953/953
f 760/760/760 953/953/953 952/952/952
f 761/761/761 762/762/762 954/954/954
f 761/761/761 954/954/954 953/953/953
f 762/762/762 763/763/763 955/955/955
f 762/762/762 955/955/955 954/954/954
f 763/763/763 764/764/764 956/956/956
f 763/763/763 956/956/956 955/955/955
f 764/764/764 765/765/765 957/957/957
f 764/764/764 957/957/957 956/956/956
f 765/765/765 766/766/766 958/958/958
f 765/765/765 958/958/958 957/957/957
f 766/766/766 767/767/767 959/959/959
f 766/766/766 959/959/959 958/958/958
f 767/767/767 768/768/768 960/960/960
f 767/767/767 960/960/960 959/959/959
f 768/768/768 769/769/769 961/961/961
f 768/768/768 961/961/961 960/960/960
f 769/769/769 578/578/578 770/770/770
f 769/769/769 770/770/770 961/961/961
f 770/770/770 771/771/771 963/963/963
f 770/770/770 963/963/963 962/962/962
f 771/771/771 772/772/772 964/964/964
f 771/771/771 964/964/964 963/963/963
f 772/772/772 773/773/773 965/965/965
f 772/772/772 965/965/965 964/964/964
f 773/773/773 774/774/774 966/966/966
f 773/773/773 966/966/966 965/965/965
f 774/774/774 775/775/775 967/967/967
f 774/774/774 967/967/967 966/966/966
f 775/775/775 776/776/776 968/968/968
f 775/775/775 968/968/968 967/967/967
f 776/776/776 777/777/777 969/969/969
f 776/776/776 969/969/969 968/968/968
f 777/777/777 778/778/778 970/970/970
f 777/777/777 970/970/970 969/969/969
f 778/778/778 779/779/779 971/971/971
f 778/778/778 971/971/971 970/970/970
f 779/779/779 780/780/780 972/972/972
f 779/779/779 972/972/972 971/971/971
f 780/780/780 781/781/781 973/973/973
f 780/780/780 973/973/973 972/972/972
f 781/781/781 782/782/782 974/974/974
f 781/781/781 974/974/974 973/973/973
f 782/782/782 783/783/783 975/975/975
f 782/782/782 975/975/975 974/974/974
f 783/783/783 784/784/784 976/976/976
f 783/783/783 976/976/976 975/975/975
f 784/784/784 785/785/785 977/977/977
f 784/784/784 977/977/977 976/976/976
f 785/785/785 786/786/786 978/978/978
f 785/785/785 978/978/978 977/977/977
f 786/786/786 787/787/787 979/979/979
f 786/786/786 979/979/979 978/978/978
f 787/787/787 788/788/788 980/980/980
f 787/787/787 980/980/980 979/979/979
f 788/788/788 789/789/789 981/981/981
f 788/788/788 981/981/981 980/980/980
f 789/789/789 790/790/790 982/982/982
f 789/789/789 982/982/982 981/981/981
f 790/790/790 791/791/791 983/983/983
f 790/790/790 983/983/983 982/982/982
f 791/791/791 792/792/792 984/984/984
f 791/791/791 984/984/984 983/983/983
f 792/792/792 793/793/793 985/985/985
f 792/792/792 985/985/985 984/984/984
f 793/793/793 794/794/794 986/986/986
f 793/793/793 986/986/986 985/985/985
f 794/794/794 795/795/795 987/987/987
f 794/794/794 987/987/987 986/986/986
f 795/795/795 796/796/796 988/988/988
f 795/795/795 988/988/988 987/987/987
f 796/796/796 797/797/797 989/989/989
f 796/796/796 989/989/989 988/988/988
f 797/797/797 798/798/798 990/990/990
f 797/797/797 990/990/990 989/989/989
f 798/798/798 799/799/799 991/991/991
f 798/798/798 991/991/991 990/990/990
f 799/799/799 800/800/800 992/992/992
f 799/799/799 992/992/992 991/991/991
f 800/800/800 801/801/801 993/993/993
f 800/800/800 993/993/993 992/992/992
f 801/801/801 802/802/802 994/994/994
f 801/801/801 994/994/994 993/993/993
f 802/802/802 803/803/803 995/995/995
f 802/802/802 995/995/995 994/994/994
f 803/803/803 804/804/804 996/996/996
f 803/803/803 996/996/996 995/995/995
f 804/804/804 805/805/805 997/997/997
f 804/804/804 997/997/997 996/996/996
f 805/805/805 806/806/806 998/998/998
f 805/805/805 998/998/998 997/997/997
f 806/806/806 807/807/807 999/999/999
f 806/806/806 999/999/999 998/998/998
f 807/807/807 808/808/808 1000/1000/1000
f 807/807/807 1000/1000/1000 999/999/999
f 808/808/808 809/809/809 1001/1001/1001
f 808/808/808 1001/1001/1001 1000/1000/1000
f 809/809/809 810/810/810 1002/1002/1002
f 809/809/809 1002/1002/1002 1001/1001/1001
f 810/810/810 811/811/811 1003/1003/1003
f 810/810/810 1003/1003/1003 1002/1002/1002
f 811/811/811 812/812/812 1004/1004/1004
f 811/811/811 1004/1004/1004 1003/1003/1003
f 812/812/812 813/813/813 1005/1005/1005
f 812/812/812 1005/1005/1005 1004/1004/1004
f 813/813/813 814/814/814 1006/1006/1006
f 813/813/813 1006/1006/1006 1005/1005/1005
f 814/814/814 815/815/815 1007/1007/1007
f 814/814/814 1007/1007/1007 1006/1006/1006
f 815/815/815 816/816/816 1008/1008/1008
f 815/815/815 1008/1008/1008 1007/1007/1007
f 816/816/816 817/817/817 1009/1009/1009
f 816/816/816 1009/1009/1009 1008/1008/1008
f 817/817/817 818/818/818 1010/1010/1010
f 817/817/817 1010/1010/1010 1009/1009/1009
f 818/818/818 819/819/819 1011/1011/1011
f 818/818/818 1011/1011/1011 1010/1010/1010
f 819/819/819 820/820/820 1012/1012/1012
f 819/819/819 1012/1012/1012 1011/1011/1011
f 820/820/820 821/821/821 1013/1013/1013
f 820/820/820 1013/1013/1013 1012/1012/1012
f 821/821/821 822/822/822 1014/1014/1014
f 821/821/821 1014/1014/1014 1013/1013/1013
f 822/822/822 823/823/823 1015/1015/1015
f 822/822/822 1015/1015/1015 1014/1014/1014
f 823/823/823 824/824/824 1016/1016/1016
f 823/823/823 1016/1016/1016 1015/1015/1015
f 824/824/824 825/825/825 1017/1017/1017
f 824/824/824 1017/1017/1017 1016/1016/1016
f 825/825/825 826/826/826 1018/1018/1018
f 825/825/825 1018/1018/1018 1017/1017/1017
f 826/826/826 827/827/827 1019/1019/1019
f 826/826/826 1019/1019/1019 1018/1018/1018
f 827/827/827 828/828/828 1020/1020/1020
f 827/827/827 1020/1020/1020 1019/1019/1019
f 828/828/828 829/829/829 1021/1021/1021
f 828/828/828 1021/1021/1021 1020/1020/1020
f 829/829/829 830/830/830 1022/1022/1022
f 829/829/829 1022/1022/1022 1021/1021/1021
f 830/830/830 831/831/831 1023/1023/1023
f 830/830/830 1023/1023/1023 1022/1022/1022
f 831/831/831 832/832/832 1024/1024/1024
f 831/831/831 1024/1024/1024 1023/1023/1023
f 832/832/832 833/833/833 1025/1025/1025
f 832/832/832 1025/1025/1025 1024/1024/1024
f 833/833/833 834/834/834 1026/1026/1026
f 833/833/833 1026/1026/1026 1025/1025/1025
f 834/834/834 835/835/835 1027/1027/1027
f 834/834/834 1027/1027/1027 1026/1026/1026
f 835/835/835 836/836/836 1028/1028/1028
f 835/835/835 1028/1028/1028 1027/1027/1027
f 836/836/836 837/837/837 1029/1029/1029
f 836/836/836 1029/1029/1029 1028/1028/1028
f 837/837/837 838/838/838 1030/1030/1030
f 837/837/837 1030/1030/1030 1029/1029/1029
f 838/838/838 839/839/839 1031/1031/1031
f 838/838/838 1031/1031/1031 1030/1030/1030
f 839/839/839 840/840/840 1032/1032/1032
f 839/839/839 1032/1032/1032 1031/1031/1031
f 840/840/840 841/841/841 1033/1033/1033
f 840/840/840 1033/1033/1033 1032/1032/1032
f 841/841/841 842/842/842 1034/1034/1034
f 841/841/841 1034/1034/1034 1033/1033/1033
f 842/842/842 843/843/843 1035/1035/1035
f 842/842/842 1035/1035/1035 1034/1034/1034
f 843/843/843 844/844/844 1036/1036/1036
f 843/843/843 1036/1036/1036 1035/1035/1035
f 844/844/844 845/845/845 1037/1037/1037
f 844/844/844 1037/1037/1037 1036/1036/1036
f 845/845/845 846/846/846 1038/1038/1038
f 845/845/845 1038/1038/1038 1037/1037/1037
f 846/846/846 847/847/847 1039/1039/1039
f 846/846/846 1039/1039/1039 1038/1038/1038
f 847/847/847 848/848/848 1040/1040/1040
f 847/847/847 1040/1040/1040 1039/1039/1039
f 848/848/848 849/849/849 1041/1041/1041
f 848/848/848 1041/1041/1041 1040/1040/1040
f 849/849/849 850/850/850 1042/1042/1042
f 849/849/849 1042/1042/1042 1041/1041/1041
f 850/850/850 851/851/851 1043/1043/1043
f 850/850/850 1043/1043/1043 1042/1042/1042
f 851/851/851 852/852/852 1044/1044/1044
f 851/851/851 1044/1044/1044 1043/1043/1043
f 852/852/852 853/853/853 1045/1045/1045
f 852/852/852 1045/1045/1045 1044/1044/1044
f 853/853/853 854/854/854 1046/1046/1046
f 853/853/853 1046/1046/1046 1045/1045/1045
f 854/854/854 855/855/855 1047/1047/1047
f 854/854/854 1047/1047/1047 1046/1046/1046
f 855/855/855 856/856/856 1048/1048/1048
f 855/855/855 1048/1048/1048 1047/1047/1047
f 856/856/856 857/857/857 1049/1049/1049
f 856/856/856 1049/1049/1049 1048/1048/1048
f 857/857/857 858/858/858 1050/1050/1050
f 857/857/857 1050/1050/1050 1049/1049/1049
f 858/858/858 859/859/859 1051/1051/1051
f 858/858/858 1051/1051/1051 1050/1050/1050
f 859/859/859 860/860/860 1052/1052/1052
f 859/859/859 1052/1052/1052 1051/1051/1051
f 860/860/860 861/861/861 1053/1053/1053
f 860/860/860 1053/1053/1053 1052/1052/1052
f 861/861/861 862/862/862 1054/1054/1054
f 861/861/861 1054/1054/1054 1053/1053/1053
f 862/862/862 863/863/863 1055/1055/1055
f 862/862/862 1055/1055/1055 1054/1054/1054
f 863/863/863 864/864/864 1056/1056/1056
f 863/863/863 1056/1056/1056 1055/1055/1055
f 864/864/864 865/865/865 1057/1057/1057
f 864/864/864 1057/1057/1057 1056/1056/1056
f 865/865/865 866/866/866 1058/1058/1058
f 865/865/865 1058/1058/1058 1057/1057/1057
f 866/866/866 867/867/867 1059/1059/1059
f 866/866/866 1059/1059/1059 1058/1058/1058
f 867/867/867 868/868/868 1060/1060/1060
f 867/867/867 1060/1060/1060 1059/1059/1059
f 868/868/868 869/869/869 1061/1061/1061
f 868/868/868 1061/1061/1061 1060/1060/1060
f 869/869/869 870/870/870 1062/1062/1062
f 869/869/869 1062/1062/1062 1061/1061/1061
f 870/870/870 871/871/871 1063/1063/1063
f 870/870/870 1063/1063/1063 1062/1062/1062
f 871/871/871 872/872/872 1064/1064/1064
f 871/871/871 1064/1064/1064 1063/1063/1063
f 872/872/872 873/873/873 1065/1065/1065
f 872/872/872 1065/1065/1065 1064/1064/1064
f 873/873/873 874/874/874 1066/1066/1066
f 873/873/873 1066/1066/1066 1065/1065/1065
f 874/874/874 875/875/875 1067/1067/1067
f 874/874/874 1067/1067/1067 1066/1066/1066
f 875/875/875 876/876/876 1068/1068/1068
f 875/875/875 1068/1068/1068 1067/1067/1067
f 876/876/876 877/877/877 1069/1069/1069
f 876/876/876 1069/1069/1069 1068/1068/1068
f 877/877/877 878/878/878 1070/1070/1070
f 877/877/877 1070/1070/1070 1069/1069/1069
f 878/878/878 879/879/879 1071/1071/1071
f 878/878/878 1071/1071/1071 1070/1070/1070
f 879/879/879 880/880/880 1072/1072/1072
f 879/879/879 1072/1072/1072 1071/1071/1071
f 880/880/880 881/881/881 1073/1073/1073
f 880/880/880 1073/1073/1073 1072/1072/1072
f 881/881/881 882/882/882 1074/1074/1074
f 881/881/881 1074/1074/1074 1073/1073/1073
f 882/882/882 883/883/883 1075/1075/1075
f 882/882/882 1075/1075/1075 1074/1074/1074
f 883/883/883 884/884/884 1076/1076/1076
f 883/883/883 1076/1076/1076 1075/1075/1075
f 884/884/884 885/885/885 1077/1077/1077
f 884/884/884 1077/1077/1077 1076/1076/1076
f 885/885/885 886/886/886 1078/1078/1078
f 885/885/885 1078/1078/1078 1077/1077/1077
f 886/886/886 887/887/887 1079/1079/1079
f 886/886/886 1079/1079/1079 1078/1078/1078
f 887/887/887 888/888/888 1080/1080/1080
f 887/887/887 1080/1080/1080 1079/1079/1079
f 888/888/888 889/889/889 1081/1081/1081
f 888/888/888 1081/1081/1081 1080/1080/1080
f 889/889/889 890/890/890 1082/1082/1082
f 889/889/889 1082/1082/1082 1081/1081/1081
f 890/890/890 891/891/891 1083/1083/1083
f 890/890/890 1083/1083/1083 1082/1082/1082
f 891/891/891 892/892/892 1084/1084/1084
f 891/891/891 1084/1084/1084 1083/1083/1083
f 892/892/892 893/893/893 1085/1085/1085
f 892/892/892 1085/1085/1085 1084/1084/1084
f 893/893/893 894/894/894 1086/1086/1086
f 893/893/893 1086/1086/1086 1085/1085/1085
f 894/894/894 895/895/895 1087/1087/1087
f 894/894/894 1087/1087/1087 1086/1086/1086
f 895/895/895 896/896/896 1088/1088/1088
f 895/895/895 1088/1088/1088 1087/1087/1087
f 896/896/896 897/897/897 1089/1089/1089
f 896/896/896 1089/1089/1089 1088/1088/1088
f 897/897/897 898/898/898 1090/1090/1090
f 897/897/897 1090/1090/1090 1089/1089/1089
f 898/898/898 899/899/899 1091/1091/1091
f 898/898/898 1091/1091/1091 1090/1090/1090
f 899/899/899 900/900/900 1092/1092/1092
f 899/899/899 1092/1092/1092 1091/1091/1091
f 900/900/900 901/901/901 1093/1093/1093
f 900/900/900 1093/1093/1093 1092/1092/1092
f 901/901/901 902/902/902 1094/1094/1094
f 901/901/901 1094/1094/1094 1093/1093/1093
f 902/902/902 903/903/903 1095/1095/1095
f 902/902/902 1095/1095/1095 1094/1094/1094
f 903/903/903 904/904/904 1096/1096/1096
f 903/903/903 1096/1096/1096 1095/1095/1095
f 904/904/904 905/905/905 1097/1097/1097
f 904/904/904 1097/1097/1097 1096/1096/1096
f 905/905/905 906/906/906 1098/1098/1098
f 905/905/905 1098/1098/1098 1097/1097/1097
f 906/906/906 907/907/907 1099/1099/1099
f 906/906/906 1099/1099/1099 1098/1098/1098
f 907/907/907 908/908/908 1100/1100/1100
f 907/907/907 1100/1100/1100 1099/1099/1099
f 908/908/908 909/909/909 1101/1101/1101
f 908/908/908 1101/1101/1101 1100/1100/1100
f 909/909/909 910/910/910 1102/1102/1102
f 909/909/909 1102/1102/1102 1101/1101/1101
f 910/910/910 911/911/911 1103/1103/1103
f 910/910/910 1103/1103/1103 1102/1102/1102
f 911/911/911 912/912/912 1104/1104/1104
f 911/911/911 1104/1104/1104 1103/1103/1103
f 912/912/912 913/913/913 1105/1105/1105
f 912/912/912 1105/1105/1105 1104/1104/1104
f 913/913/913 914/914/914 1106/1106/1106
f 913/913/913 1106/1106/1106 1105/1105/1105
f 914/914/914 915/915/915 1107/1107/1107
f 914/914/914 1107/1107/1107 1106/1106/1106
f 915/915/915 916/916/916 1108/1108/1108
f 915/915/915 1108/1108/1108 1107/1107/1107
f 916/916/916 917/917/917 1109/1109/1109
f 916/916/916 1109/1109/1109 1108/1108/1108
f 917/917/917 918/918/918 1110/1110/1110
f 917/917/917 1110/1110/1110 1109/1109/1109
f 918/918/918 919/919/919 1111/1111/1111
f 918/918/918 1111/1111/1111 1110/1110/1110
f 919/919/919 920/920/920 1112/1112/1112
f 919/919/919 1112/1112/1112 1111/1111/1111
f 920/920/920 921/921/921 1113/1113/1113
f 920/920/920 1113/1113/1113 1112/1112/1112
f 921/921/921 922/922/922 1114/1114/1114
f 921/921/921 1114/1114/1114 1113/1113/1113
f 922/922/922 923/923/923 1115/1115/1115
f 922/922/922 1115/1115/1115 1114/1114/1114
f 923/923/923 924/924/924 1116/1116/1116
f 923/923/923 1116/1116/1116 1115/1115/1115
f 924/924/924 925/925/925 1117/1117/1117
f 924/924/924 1117/1117/1117 1116/1116/1116
f 925/925/925 926/926/926 1118/1118/1118
f 925/925/925 1118/1118/1118 1117/1117/1117
f 926/926/926 927/927/927 1119/1119/1119
f 926/926/926 1119/1119/1119 1118/1118/1118
f 927/927/927 928/928/928 1120/1120/1120
f 927/927/927 1120/1120/1120 1119/1119/1119
f 928/928/928 929/929/929 1121/1121/1121
f 928/928/928 1121/1121/1121 1120/1120/1120
f 929/929/929 930/930/930 1122/1122/1122
f 929/929/929 1122/1122/1122 1121/1121/1121
f 930/930/930 931/931/931 1123/1123/1123
f 930/930/930 1123/1123/1123 1122/1122/1122
f 931/931/931 932/932/932 1124/1124/1124
f 931/931/931 1124/1124/1124 1123/1123/1123
f 932/932/932 933/933/933 1125/1125/1125
f 932/932/932 1125/1125/1125 1124/1124/1124
f 933/933/933 934/934/934 1126/1126/1126
f 933/933/933 1126/1126/1126 1125/1125/1125
f 934/934/934 935/935/935 1127/1127/1127
f 934/934/934 1127/1127/1127 1126/1126/1126
f 935/935/935 936/936/936 1128/1128/1128
f 935/935/935 1128/1128/1128 1127/1127/1127
f 936/936/936 937/937/937 1129/1129/1129
f 936/936/936 1129/1129/1129 1128/1128/1128
f 937/937/937 938/938/938 1130/1130/1130
f 937/937/937 1130/1130/1130 1129/1129/1129
f 938/938/938 939/939/939 1131/1131/1131
f 938/938/938 1131/1131/1131 1130/1130/1130
f 939/939/939 940/940/940 1132/1132/1132
f 939/939/939 1132/1132/1132 1131/1131/1131
f 940/940/940 941/941/941 1133/1133/1133
f 940/940/940 1133/1133/1133 1132/1132/1132
f 941/941/941 942/942/942 1134/1134/1134
f 941/941/941 1134/1134/1134 1133/1133/1133
f 942/942/942 943/943/943 1135/1135/1135
f 942/942/942 1135/1135/1135 1134/1134/1134
f 943/943/943 944/944/944 1136/1136/1136
f 943/943/943 1136/1136/1136 1135/1135/1135
f 944/944/944 945/945/945 1137/1137/1137
f 944/944/944 1137/1137/1137 1136/1136/1136
f 945/945/945 946/946/946 1138/1138/1138
f 945/945/945 1138/1138/1138 1137/1137/1137
f 946/946/946 947/947/947 1139/1139/1139
f 946/946/946 1139/1139/1139 1138/1138/1138
f 947/947/947 948/948/948 1140/1140/1140
f 947/947/947 1140/1140/1140 1139/1139/1139
f 948/948/948 949/949/949 1141/1141/1141
f 948/948/948 1141/1141/1141 1140/1140/1140
f 949/949/949 950/950/950 1142/1142/1142
f 949/949/949 1142/1142/1142 1141/1141/1141
f 950/950/950 951/951/951 1143/1143/1143
f 950/950/950 1143/1143/1143 1142/1142/1142
f 951/951/951 952/952/952 1144/1144/1144
f 951/951/951 1144/1144/1144 1143/1143/1143
f 952/952/952 953/953/953 1145/1145/1145
f 952/952/952 1145/1145/1145 1144/1144/1144
f 953/953/953 954/954/954 1146/1146/1146
f 953/953/953 1146/1146/1146 1145/1145/1145
f 954/954/954 955/955/955 1147/1147/1147
f 954/954/954 1147/1147/1147 1146/1146/1146
f 955/955/955 956/956/956 1148/1148/1148
f 955/955/955 1148/1148/1148 1147/1147/1147
f 956/956/956 957/957/957 1149/1149/1149
f 956/956/956 1149/1149/1149 1148/1148/1148
f 957/957/957 958/958/958 1150/1150/1150
f 957/957/957 1150/1150/1150 1149/1149/1149
f 958/958/958 959/959/959 1151/1151/1151
f 958/958/958 1151/1151/1151 1150/1150/1150
f 959/959/959 960/960/960 1152/1152/1152
f 959/959/959 1152/1152/1152 1151/1151/1151
f 960/960/960 961/961/961 1153/1153/1153
f 960/960/960 1153/1153/1153 1152/1152/1152
f 961/961/961 770/770/770 962/962/962
f 961/961/961 962/962/962 1153/1153/1153
f 962/962/962 963/963/963 1155/1155/1155
f 962/962/962 1155/1155/1155 1154/1154/1154
f 963/963/963 964/964/964 1156/1156/1156
f 963/963/963 1156/1156/1156 1155/1155/1155
f 964/964/964 965/965/965 1157/1157/1157
f 964/964/964 1157/1157/1157 1156/1156/1156
f 965/965/965 966/966/966 1158/1158/1158
f 965/965/965 1158/1158/1158 1157/1157/1157
f 966/966/966 967/967/967 1159/1159/1159
f 966/966/966 1159/1159/1159 1158/1158/1158
f 967/967/967 968/968/968 1160/1160/1160
f 967/967/967 1160/1160/1160 1159/1159/1159
f 968/968/968 969/969/969 1161/1161/1161
f 968/968/968 1161/1161/1161 1160/1160/1160
f 969/969/969 970/970/970 1162/1162/1162
f 969/969/969 1162/1162/1162 1161/1161/1161
f 970/970/970 971/971/971 1163/1163/1163
f 970/970/970 1163/1163/1163 1162/1162/1162
f 971/971/971 972/972/972 1164/1164/1164
f 971/971/971 1164/1164/1164 1163/1163/1163
f 972/972/972 973/973/973 1165/1165/1165
f 972/972/972 1165/1165/1165 1164/1164/1164
f 973/973/973 974/974/974 1166/1166/1166
f 973/973/973 1166/1166/1166 1165/1165/1165
f 974/974/974 975/975/975 1167/1167/1167
f 974/974/974 1167/1167/1167 1166/1166/1166
f 975/975/975 976/976/976 1168/1168/1168
f 975/975/975 1168/1168/1168 1167/1167/1167
f 976/976/976 977/977/977 1169/1169/1169
f 976/976/976 1169/1169/1169 1168/1168/1168
f 977/977/977 978/978/978 1170/1170/1170
f 977/977/977 1170/1170/1170 1169/1169/1169
f 978/978/978 979/979/979 1171/1171/1171
f 978/978/978 1171/1171/1171 1170/1170/1170
f 979/979/979 980/980/980 1172/1172/1172
f 979/979/979 1172/1172/1172 1171/1171/1171
f 980/980/980 981/981/981 1173/1173/1173
f 980/980/980 1173/1173/1173 1172/1172/1172
f 981/981/981 982/982/982 1174/1174/1174
f 981/981/981 1174/1174/1174 1173/1173/1173
f 982/982/982 983/983/983 1175/1175/1175
f 982/982/982 1175/1175/1175 1174/1174/1174
f 983/983/983 984/984/984 1176/1176/1176
f 983/983/983 1176/1176/1176 1175/1175/1175
f 984/984/984 985/985/985 1177/1177/1177
f 984/984/984 1177/1177/1177 1176/1176/1176
f 985/985/985 986/986/986 1178/1178/1178
f 985/985/985 1178/1178/1178 1177/1177/1177
f 986/986/986 987/987/987 1179/1179/1179
f 986/986/986 1179/1179/1179 1178/1178/1178
f 987/987/987 988/988/988 1180/1180/1180
f 987/987/987 1180/1180/1180 1179/1179/1179
f 988/988/988 989/989/989 1181/1181/1181
f 988/988/988 1181/1181/1181 1180/1180/1180
f 989/989/989 990/990/990 1182/1182/1182
f 989/989/989 1182/1182/1182 1181/1181/1181
f 990/990/990 991/991/991 1183/1183/1183
f 990/990/990 1183/1183/1183 1182/1182/1182
f 991/991/991 992/992/992 1184/1184/1184
f 991/991/991 1184/1184/1184 1183/1183/1183
f 992/992/992 993/993/993 1185/1185/1185
f 992/992/992 1185/1185/1185 1184/1184/1184
f 993/993/993 994/994/994 1186/1186/1186
f 993/993/993 1186/1186/1186 1185/1185/1185
f 994/994/994 995/995/995 1187/1187/1187
f 994/994/994 1187/1187/1187 1186/1186/1186
f 995/995/995 996/996/996 1188/1188/1188
f 995/995/995 1188/1188/1188 1187/1187/1187
f 996/996/996 997/997/997 1189/1189/1189
f 996/996/996 1189/1189/1189 1188/1188/1188
f 997/997/997 998/998/998 1190/1190/1190
f 997/997/997 1190/1190/1190 1189/1189/1189
f 998/998/998 999/999/999 1191/1191/1191
f 998/998/998 1191/1191/1191 1190/1190/1190
f 999/999/999 1000/1000/1000 1192/1192/1192
f 999/999/999 1192/1192/1192 1191/1191/1191
f 1000/1000/1000 1001/1001/1001 1193/1193/1193
f 1000/1000/1000 1193/1193/1193 1192/1192/1192
f 1001/1001/1001 1002/1002/1002 1194/1194/1194
f 1001/1001/1001 1194/1194/1194 1193/1193/1193
f 1002/1002/1002 1003/1003/1003 1195/1195/1195
f 1002/1002/1002 1195/1195/1195 1194/1194/1194
f 1003/1003/1003 1004/1004/1004 1196/1196/1196
f 1003/1003/1003 1196/1196/1196 1195/1195/1195
f 1004/1004/1004 1005/1005/1005 1197/1197/1197
f 1004/1004/1004 1197/1197/1197 1196/1196/1196
f 1005/1005/1005 1006/1006/1006 1198/1198/1198
f 1005/1005/1005 1198/1198/1198 1197/1197/1197
f 1006/1006/1006 1007/1007/1007 1199/1199/1199
f 1006/1006/1006 1199/1199/1199 1198/1198/1198
f 1007/1007/1007 1008/1008/1008 1200/1200/1200
f 1007/1007/1007 1200/1200/1200 1199/1199/1199
f 1008/1008/1008 1009/1009/1009 1201/1201/1201
f 1008/1008/1008 1201/1201/1201 1200/1200/1200
f 1009/1009/1009 1010/1010/1010 1202/1202/1202
f 1009/1009/1009 1202/1202/1202 1201/1201/1201
f 1010/1010/1010 1011/1011/1011 1203/1203/1203
f 1010/1010/1010 1203/1203/1203 1202/1202/1202
f 1011/1011/1011 1012/1012/1012 1204/1204/1204
f 1011/1011/1011 1204/1204/1204 1203/1203/1203
f 1012/1012/1012 1013/1013/1013 1205/1205/1205
f 1012/1012/1012 1205/1205/1205 1204/1204/1204
f 1013/1013/1013 1014/1014/1014 1206/1206/1206
f 1013/1013/1013 1206/1206/1206 1205/1205/1205
f 1014/1014/1014 1015/1015/1015 1207/1207/1207
f 1014/1014/1014 1207/1207/1207 1206/1206/1206
f 1015/1015/1015 1016/1016/1016 1208/1208/1208
f 1015/1015/1015 1208/1208/1208 1207/1207/1207
f 1016/1016/1016 1017/1017/1017 1209/1209/1209
f 1016/1016/1016 1209/1209/1209 1208/1208/1208
f 1017/1017/1017 1018/1018/1018 1210/1210/1210
f 1017/1017/1017 1210/1210/1210 1209/1209/1209
f 1018/1018/1018 1019/1019/1019 1211/1211/1211
f 1018/1018/1018 1211/1211/1211 1210/1210/1210
f 1019/1019/1019 1020/1020/1020 1212/1212/1212
f 1019/1019/1019 1212/1212/1212 1211/1211/1211
f 1020/1020/1020 1021/1021/1021 1213/1213/1213
f 1020/1020/1020 1213/1213/1213 1212/1212/1212
f 1021/1021/1021 1022/1022/1022 1214/1214/1214
f 1021/1021/1021 1214/1214/1214 1213/1213/1213
f 1022/1022/1022 1023/1023/1023 1215/1215/1215
f 1022/1022/1022 1215/1215/1215 1214/1214/1214
f 1023/1023/1023 1024/1024/1024 1216/1216/1216
f 1023/1023/1023 1216/1216/1216 1215/1215/1215
f 1024/1024/1024 1025/1025/1025 1217/1217/1217
f 1024/1024/1024 1217/1217/1217 1216/1216/1216
f 1025/1025/1025 1026/1026/1026 1218/1218/1218
f 1025/1025/1025 1218/1218/1218 1217/1217/1217
f 1026/1026/1026 1027/1027/1027 1219/1219/1219
f 1026/1026/1026 1219/1219/1219 1218/1218/1218
f 1027/1027/1027 1028/1028/1028 1220/1220/1220
f 1027/1027/1027 1220/1220/1220 1219/1219/1219
f 1028/1028/1028 1029/1029/1029 1221/1221/1221
f 1028/1028/1028 1221/1221/1221 1220/1220/1220
f 1029/1029/1029 1030/1030/1030 1222/1222/1222
f 1029/1029/1029 1222/1222/1222 1221/1221/1221
f 1030/1030/1030 1031/1031/1031 1223/1223/1223
f 1030/1030/1030 1223/1223/1223 1222/1222/1222
f 1031/1031/1031 1032/1032/1032 1224/1224/1224
f 1031/1031/1031 1224/1224/1224 1223/1223/1223
f 1032/1032/1032 1033/1033/1033 1225/1225/1225
f 1032/1032/1032 1225/1225/1225 1224/1224/1224
f 1033/1033/1033 1034/1034/1034 1226/1226/1226
f 1033/1033/1033 1226/1226/1226 1225/1225/1225
f 1034/1034/1034 1035/1035/1035 1227/1227/1227
f 1034/1034/1034 1227/1227/1227 1226/1226/1226
f 1035/1035/1035 1036/1036/1036 1228/1228/1228
f 1035/1035/1035 1228/1228/1228 1227/1227/1227
f 1036/1036/1036 1037/1037/1037 1229/1229/1229
f 1036/1036/1036 1229/1229/1229 1228/1228/1228
f 1037/1037/1037 1038/1038/1038 1230/1230/1230
f 1037/1037/1037 1230/1230/1230 1229/1229/1229
f 1038/1038/1038 1039/1039/1039 1231/1231/1231
f 1038/1038/1038 1231/1231/1231 1230/1230/1230
f 1039/1039/1039 1040/1040/1040 1232/1232/1232
f 1039/1039/1039 1232/1232/1232 1231/1231/1231
f 1040/1040/1040 1041/1041/1041 1233/1233/1233
f 1040/1040/1040 1233/1233/1233 1232/1232/1232
f 1041/1041/1041 1042/1042/1042 1234/1234/1234
f 1041/1041/1041 1234/1234/1234 1233/1233/1233
f 1042/1042/1042 1043/1043/1043 1235/1235/1235
f 1042/1042/1042 1235/1235/1235 1234/1234/1234
f 1043/1043/1043 1044/1044/1044 1236/1236/1236
f 1043/1043/1043 1236/1236/1236 1235/1235/1235
f 1044/1044/1044 1045/1045/1045 1237/1237/1237
f 1044/1044/1044 1237/1237/1237 1236/1236/1236
f 1045/1045/1045 1046/1046/1046 1238/1238/1238
f 1045/1045/1045 1238/1238/1238 1237/1237/1237
f 1046/1046/1046 1047/1047/1047 1239/1239/1239
f 1046/1046/1046 1239/1239/1239 1238/1238/1238
f 1047/1047/1047 1048/1048/1048 1240/1240/1240
f 1047/1047/1047 1240/1240/1240 1239/1239/1239
f 1048/1048/1048 1049/1049/1049 1241/1241/1241
f 1048/1048/1048 1241/1241/1241 1240/1240/1240
f 1049/1049/1049 1050/1050/1050 1242/1242/1242
f 1049/1049/1049 1242/1242/1242 1241/1241/1241
f 1050/1050/1050 1051/1051/1051 1243/1243/1243
f 1050/1050/1050 1243/1243/1243 1242/1242/1242
f 1051/1051/1051 1052/1052/1052 1244/1244/1244
f 1051/1051/1051 1244/1244/1244 1243/1243/1243
f 1052/1052/1052 1053/1053/1053 1245/1245/1245
f 1052/1052/1052 1245/1245/1245 1244/1244/1244
f 1053/1053/1053 1054/1054/1054 1246/1246/1246
f 1053/1053/1053 1246/1246/1246 1245/1245/1245
f 1054/1054/1054 1055/1055/1055 1247/1247/1247
f 1054/1054/1054 1247/1247/1247 1246/1246/1246
f 1055/1055/1055 1056/1056/1056 1248/1248/1248
f 1055/1055/1055 1248/1248/1248 1247/1247/1247
f 1056/1056/1056 1057/1057/1057 1249/1249/1249
f 1056/1056/1056 1249/1249/1249 1248/1248/1248
f 1057/1057/1057 1058/1058/1058 1250/1250/1250
f 1057/1057/1057 1250/1250/1250 1249/1249/1249
f 1058/1058/1058 1059/1059/1059 1251/1251/1251
f 1058/1058/1058 1251/1251/1251 1250/1250/1250
f 1059/1059/1059 1060/1060/1060 1252/1252/1252
f 1059/1059/1059 1252/1252/1252 1251/1251/1251
f 1060/1060/1060 1061/1061/1061 1253/1253/1253
f 1060/1060/1060 1253/1253/1253 1252/1252/1252
f 1061/1061/1061 1062/1062/1062 1254/1254/1254
f 1061/1061/1061 1254/1254/1254 1253/1253/1253
f 1062/1062/1062 1063/1063/1063 1255/1255/1255
f 1062/1062/1062 1255/1255/1255 1254/1254/1254
f 1063/1063/1063 1064/1064/1064 1256/1256/1256
f 1063/1063/1063 1256/1256/1256 1255/1255/1255
f 1064/1064/1064 1065/1065/1065 1257/1257/1257
f 1064/1064/1064 1257/1257/1257 1256/1256/1256
f 1065/1065/1065 1066/1066/1066 1258/1258/1258
f 1065/1065/1065 1258/1258/1258 1257/1257/1257
f 1066/1066/1066 1067/1067/1067 1259/1259/1259
f 1066/1066/1066 1259/1259/1259 1258/1258/1258
f 1067/1067/1067 1068/1068/1068 1260/1260/1260
f 1067/1067/1067 1260/1260/1260 1259/1259/1259
f 1068/1068/1068 1069/1069/1069 1261/1261/1261
f 1068/1068/1068 1261/1261/1261 1260/1260/1260
f 1069/1069/1069 1070/1070/1070 1262/1262/1262
f 1069/1069/1069 1262/1262/1262 1261/1261/1261
f 1070/1070/1070 1071/1071/1071 1263/1263/1263
f 1070/1070/1070 1263/1263/1263 1262/1262/1262
f 1071/1071/1071 1072/1072/1072 1264/1264/1264
f 1071/1071/1071 1264/1264/1264 1263/1263/1263
f 1072/1072/1072 1073/1073/1073 1265/1265/1265
f 1072/1072/1072 1265/1265/1265 1264/1264/1264
f 1073/1073/1073 1074/1074/1074 1266/1266/1266
f 1073/1073/1073 1266/1266/1266 1265/1265/1265
f 1074/1074/1074 1075/1075/1075 1267/1267/1267
f 1074/1074/1074 1267/1267/1267 1266/1266/1266
f 1075/1075/1075 1076/1076/1076 1268/1268/1268
f 1075/1075/1075 1268/1268/1268 1267/1267/1267
f 1076/1076/1076 1077/1077/1077 1269/1269/1269
f 1076/1076/1076 1269/1269/1269 1268/1268/1268
f 1077/1077/1077 1078/1078/1078 1270/1270/1270
f 1077/1077/1077 1270/1270/1270 1269/1269/1269
f 1078/1078/1078 1079/1079/1079 1271/1271/1271
f 1078/1078/1078 1271/1271/1271 1270/1270/1270
f 1079/1079/1079 1080/1080/1080 1272/1272/1272
f 1079/1079/1079 1272/1272/1272 1271/1271/1271
f 1080/1080/1080 1081/1081/1081 1273/1273/1273
f 1080/1080/1080 1273/1273/1273 1272/1272/1272
f 1081/1081/1081 1082/1082/1082 1274/1274/1274
f 1081/1081/1081 1274/1274/1274 1273/1273/1273
f 1082/1082/1082 1083/1083/1083 1275/1275/1275
f 1082/1082/1082 1275/1275/1275 1274/1274/1274
f 1083/1083/1083 1084/1084/1084 1276/1276/1276
f 1083/1083/1083 1276/1276/1276 1275/1275/1275
f 1084/1084/1084 1085/1085/1085 1277/1277/1277
f 1084/1084/1084 1277/1277/1277 1276/1276/1276
f 1085/1085/1085 1086/1086/1086 1278/1278/1278
f 1085/1085/1085 1278/1278/1278 1277/1277/1277
f 1086/1086/1086 1087/1087/1087 1279/1279/1279
f 1086/1086/1086 1279/1279/1279 1278/1278/1278
f 1087/1087/1087 1088/1088/1088 1280/1280/1280
f 1087/1087/1087 1280/1280/1280 1279/1279/1279
f 1088/1088/1088 1089/1089/1089 1281/1281/1281
f 1088/1088/1088 1281/1281/1281 1280/1280/1280
f 1089/1089/1089 1090/1090/1090 1282/1282/1282
f 1089/1089/1089 1282/1282/1282 1281/1281/1281
f 1090/1090/1090 1091/1091/1091 1283/1283/1283
f 1090/1090/1090 1283/1283/1283 1282/1282/1282
f 1091/1091/1091 1092/1092/1092 1284/1284/1284
f 1091/1091/1091 1284/1284/1284 1283/1283/1283
f 1092/1092/1092 1093/1093/1093 1285/1285/1285
f 1092/1092/1092 1285/1285/1285 1284/1284/1284
f 1093/1093/1093 1094/1094/1094 1286/1286/1286
f 1093/1093/1093 1286/1286/1286 1285/1285/1285
f 1094/1094/1094 1095/1095/1095 1287/1287/1287
f 1094/1094/1094 1287/1287/1287 1286/1286/1286
f 1095/1095/1095 1096/1096/1096 1288/1288/1288
f 1095/1095/1095 1288/1288/1288 1287/1287/1287
f 1096/1096/1096 1097/1097/1097 1289/1289/1289
f 1096/1096/1096 1289/1289/1289 1288/1288/1288
f 1097/1097/1097 1098/1098/1098 1290/1290/1290
f 1097/1097/1097 1290/1290/1290 1289/1289/1289
f 1098/1098/1098 1099/1099/1099 1291/1291/1291
f 1098/1098/1098 1291/1291/1291 1290/1290/1290
f 1099/1099/1099 1100/1100/1100 1292/1292/1292
f 1099/1099/1099 1292/1292/1292 1291/1291/1291
f 1100/1100/1100 1101/1101/1101 1293/1293/1293
f 1100/1100/1100 1293/1293/1293 1292/1292/1292
f 1101/1101/1101 1102/1102/1102 1294/1294/1294
f 1101/1101/1101 1294/1294/1294 1293/1293/1293
f 1102/1102/1102 1103/1103/1103 1295/1295/1295
f 1102/1102/1102 1295/1295/1295 1294/1294/1294
f 1103/1103/1103 1104/1104/1104 1296/1296/1296
f 1103/1103/1103 1296/1296/1296 1295/1295/1295
f 1104/1104/1104 1105/1105/1105 1297/1297/1297
f 1104/1104/1104 1297/1297/1297 1296/1296/1296
f 1105/1105/1105 1106/1106/1106 1298/1298/1298
f 1105/1105/1105 1298/1298/1298 1297/1297/1297
f 1106/1106/1106 1107/1107/1107 1299/1299/1299
f 1106/1106/1106 1299/1299/1299 1298/1298/1298
f 1107/1107/1107 1108/1108/1108 1300/1300/1300
f 1107/1107/1107 1300/1300/1300 1299/1299/1299
f 1108/1108/1108 1109/1109/1109 1301/1301/1301
f 1108/1108/1108 1301/1301/1301 1300/1300/1300
f 1109/1109/1109 1110/1110/1110 1302/1302/1302
f 1109/1109/1109 1302/1302/1302 1301/1301/1301
f 1110/1110/1110 1111/1111/1111 1303/1303/1303
f 1110/1110/1110 1303/1303/1303 1302/1302/1302
f 1111/1111/1111 1112/1112/1112 1304/1304/1304
f 1111/1111/1111 1304/1304/1304 1303/1303/1303
f 1112/1112/1112 1113/1113/1113 1305/1305/1305
f 1112/1112/1112 1305/1305/1305 1304/1304/1304
f 1113/1113/1113 1114/1114/1114 1306/1306/1306
f 1113/1113/1113 1306/1306/1306 1305/1305/1305
f 1114/1114/1114 1115/1115/1115 1307/1307/1307
f 1114/1114/1114 1307/1307/1307 1306/1306/1306
f 1115/1115/1115 1116/1116/1116 1308/1308/1308
f 1115/1115/1115 1308/1308/1308 1307/1307/1307
f 1116/1116/1116 1117/1117/1117 1309/1309/1309
f 1116/1116/1116 1309/1309/1309 1308/1308/1308
f 1117/1117/1117 1118/1118/1118 1310/1310/1310
f 1117/1117/1117 1310/1310/1310 1309/1309/1309
f 1118/1118/1118 1119/1119/1119 1311/1311/1311
f 1118/1118/1118 1311/1311/1311 1310/1310/1310
f 1119/1119/1119 1120/1120/1120 1312/1312/1312
f 1119/1119/1119 1312/1312/1312 1311/1311/1311
f 1120/1120/1120 1121/1121/1121 1313/1313/1313
f 1120/1120/1120 1313/1313/1313 1312/1312/1312
f 1121/1121/1121 1122/1122/1122 1314/1314/1314
f 1121/1121/1121 1314/1314/1314 1313/1313/1313
f 1122/1122/1122 1123/1123/1123 1315/1315/1315
f 1122/1122/1122 1315/1315/1315 1314/1314/1314
f 1123/1123/1123 1124/1124/1124 1316/1316/1316
f 1123/1123/1123 1316/1316/1316 1315/1315/1315
f 1124/1124/1124 1125/1125/1125 1317/1317/1317
f 1124/1124/1124 1317/1317/1317 1316/1316/1316
f 1125/1125/1125 1126/1126/1126 1318/1318/1318
f 1125/1125/1125 1318/1318/1318 1317/1317/1317
f 1126/1126/1126 1127/1127/1127 1319/1319/1319
f 1126/1126/1126 1319/1319/1319 1318/1318/1318
f 1127/1127/1127 1128/1128/1128 1320/1320/1320
f 1127/1127/1127 1320/1320/1320 1319/1319/1319
f 1128/1128/1128 1129/1129/1129 1321/1321/1321
f 1128/1128/1128 1321/1321/1321 1320/1320/1320
f 1129/1129/1129 1130/1130/1130 1322/1322/1322
f 1129/1129/1129 1322/1322/1322 1321/1321/1321
f 1130/1130/1130 1131/1131/1131 1323/1323/1323
f 1130/1130/1130 1323/1323/1323 1322/1322/1322
f 1131/1131/1131 1132/1132/1132 1324/1324/1324
f 1131/1131/1131 1324/1324/1324 1323/1323/1323
f 1132/1132/1132 1133/1133/1133 1325/1325/1325
f 1132/1132/1132 1325/1325/1325 1324/1324/1324
f 1133/1133/1133 1134/1134/1134 1326/1326/1326
f 1133/1133/1133 1326/1326/1326 1325/1325/1325
f 1134/1134/1134 1135/1135/1135 1327/1327/1327
f 1134/1134/1134 1327/1327/1327 1326/1326/1326
f 1135/1135/1135 1136/1136/1136 1328/1328/1328
f 1135/1135/1135 1328/1328/1328 1327/1327/1327
f 1136/1136/1136 1137/1137/1137 1329/1329/1329
f 1136/1136/1136 1329/1329/1329 1328/1328/1328
f 1137/1137/1137 1138/1138/1138 1330/1330/1330
f 1137/1137/1137 1330/1330/1330 1329/1329/1329
f 1138/1138/1138 1139/1139/1139 1331/1331/1331
f 1138/1138/1138 1331/1331/1331 1330/1330/1330
f 1139/1139/1139 1140/1140/1140 1332/1332/1332
f 1139/1139/1139 1332/1332/1332 1331/1331/1331
f 1140/1140/1140 1141/1141/1141 1333/1333/1333
f 1140/1140/1140 1333/1333/1333 1332/1332/1332
f 1141/1141/1141 1142/1142/1142 1334/1334/1334
f 1141/1141/1141 1334/1334/1334 1333/1333/1333
f 1142/1142/1142 1143/1143/1143 1335/1335/1335
f 1142/1142/1142 1335/1335/1335 1334/1334/1334
f 1143/1143/1143 1144/1144/1144 1336/1336/1336
f 1143/1143/1143 1336/1336/1336 1335/1335/1335
f 1144/1144/1144 1145/1145/1145 1337/1337/1337
f 1144/1144/1144 1337/1337/1337 1336/1336/1336
f 1145/1145/1145 1146/1146/1146 1338/1338/1338
f 1145/1145/1145 1338/1338/1338 1337/1337/1337
f 1146/1146/1146 1147/1147/1147 1339/1339/1339
f 1146/1146/1146 1339/1339/1339 1338/1338/1338
f 1147/1147/1147 1148/1148/1148 1340/1340/1340
f 1147/1147/1147 1340/1340/1340 1339/1339/1339
f 1148/1148/1148 1149/1149/1149 1341/1341/1341
f 1148/1148/1148 1341/1341/1341 1340/1340/1340
f 1149/1149/1149 1150/1150/1150 1342/1342/1342
f 1149/1149/1149 1342/1342/1342 1341/1341/1341
f 1150/1150/1150 1151/1151/1151 1343/1343/1343
f 1150/1150/1150 1343/1343/1343 1342/1342/1342
f 1151/1151/1151 1152/1152/1152 1344/1344/1344
f 1151/1151/1151 1344/1344/1344 1343/1343/1343
f 1152/1152/1152 1153/1153/1153 1345/1345/1345
f 1152/1152/1152 1345/1345/1345 1344/1344/1344
f 1153/1153/1153 962/962/962 1154/1154/1154
f 1153/1153/1153 1154/1154/1154 1345/1345/1345
f 1154/1154/1154 1155/1155/1155 1347/1347/1347
f 1154/1154/1154 1347/1347/1347 1346/1346/1346
f 1155/1155/1155 1156/1156/1156 1348/1348/1348
f 1155/1155/1155 1348/1348/1348 1347/1347/1347
f 1156/1156/1156 1157/1157/1157 1349/1349/1349
f 1156/1156/1156 1349/1349/1349 1348/1348/1348
f 1157/1157/1157 1158/1158/1158 1350/1350/1350
f 1157/1157/1157 1350/1350/1350 1349/1349/1349
f 1158/1158/1158 1159/1159/1159 1351/1351/1351
f 1158/1158/1158 1351/1351/1351 1350/1350/1350
f 1159/1159/1159 1160/1160/1160 1352/1352/1352
f 1159/1159/1159 1352/1352/1352 1351/1351/1351
f 1160/1160/1160 1161/1161/1161 1353/1353/1353
f 1160/1160/1160 1353/1353/1353 1352/1352/1352
f 1161/1161/1161 1162/1162/1162 1354/1354/1354
f 1161/1161/1161 1354/1354/1354 1353/1353/1353
f 1162/1162/1162 1163/1163/1163 1355/1355/1355
f 1162/1162/1162 1355/1355/1355 1354/1354/1354
f 1163/1163/1163 1164/1164/1164 1356/1356/1356
f 1163/1163/1163 1356/1356/1356 1355/1355/1355
f 1164/1164/1164 1165/1165/1165 1357/1357/1357
f 1164/1164/1164 1357/1357/1357 1356/1356/1356
f 1165/1165/1165 1166/1166/1166 1358/1358/1358
f 1165/1165/1165 1358/1358/1358 1357/1357/1357
f 1166/1166/1166 1167/1167/1167 1359/1359/1359
f 1166/1166/1166 1359/1359/1359 1358/1358/1358
f 1167/1167/1167 1168/1168/1168 1360/1360/1360
f 1167/1167/1167 1360/1360/1360 1359/1359/1359
f 1168/1168/1168 1169/1169/1169 1361/1361/1361
f 1168/1168/1168 1361/1361/1361 1360/1360/1360
f 1169/1169/1169 1170/1170/1170 1362/1362/1362
f 1169/1169/1169 1362/1362/1362 1361/1361/1361
f 1170/1170/1170 1171/1171/1171 1363/1363/1363
f 1170/1170/1170 1363/1363/1363 1362/1362/1362
f 1171/1171/1171 1172/1172/1172 1364/1364/1364
f 1171/1171/1171 1364/1364/1364 1363/1363/1363
f 1172/1172/1172 1173/1173/1173 1365/1365/1365
f 1172/1172/1172 1365/1365/1365 1364/1364/1364
f 1173/1173/1173 1174/1174/1174 1366/1366/1366
f 1173/1173/1173 1366/1366/1366 1365/1365/1365
f 1174/1174/1174 1175/1175/1175 1367/1367/1367
f 1174/1174/1174 1367/1367/1367 1366/1366/1366
f 1175/1175/1175 1176/1176/1176 1368/1368/1368
f 1175/1175/1175 1368/1368/1368 1367/1367/1367
f 1176/1176/1176 1177/1177/1177 1369/1369/1369
f 1176/1176/1176 1369/1369/1369 1368/1368/1368
f 1177/1177/1177 1178/1178/1178 1370/1370/1370
f 1177/1177/1177 1370/1370/1370 1369/1369/1369
f 1178/1178/1178 1179/1179/1179 1371/1371/1371
f 1178/1178/1178 1371/1371/1371 1370/1370/1370
f 1179/1179/1179 1180/1180/1180 1372/1372/1372
f 1179/1179/1179 1372/1372/1372 1371/1371/1371
f 1180/1180/1180 1181/1181/1181 1373/1373/1373
f 1180/1180/1180 1373/1373/1373 1372/1372/1372
f 1181/1181/1181 1182/1182/1182 1374/1374/1374
f 1181/1181/1181 1374/1374/1374 1373/1373/1373
f 1182/1182/1182 1183/1183/1183 1375/1375/1375
f 1182/1182/1182 1375/1375/1375 1374/1374/1374
f 1183/1183/1183 1184/1184/1184 1376/1376/1376
f 1183/1183/1183 1376/1376/1376 1375/1375/1375
f 1184/1184/1184 1185/1185/1185 1377/1377/1377
f 1184/1184/1184 1377/1377/1377 1376/1376/1376
f 1185/1185/1185 1186/1186/1186 1378/1378/1378
f 1185/1185/1185 1378/1378/1378 1377/1377/1377
f 1186/1186/1186 1187/1187/1187 1379/1379/1379
f 1186/1186/1186 1379/1379/1379 1378/1378/1378
f 1187/1187/1187 1188/1188/1188 1380/1380/1380
f 1187/1187/1187 1380/1380/1380 1379/1379/1379
f 1188/1188/1188 1189/1189/1189 1381/1381/1381
f 1188/1188/1188 1381/1381/1381 1380/1380/1380
f 1189/1189/1189 1190/1190/1190 1382/1382/1382
f 1189/1189/1189 1382/1382/1382 1381/1381/1381
f 1190/1190/1190 1191/1191/1191 1383/1383/1383
f 1190/1190/1190 1383/1383/1383 1382/1382/1382
f 1191/1191/1191 1192/1192/1192 1384/1384/1384
f 1191/1191/1191 1384/1384/1384 1383/1383/1383
f 1192/1192/1192 1193/1193/1193 1385/1385/1385
f 1192/1192/1192 1385/1385/1385 1384/1384/1384
f 1193/1193/1193 1194/1194/1194 1386/1386/1386
f 1193/1193/1193 1386/1386/1386 1385/1385/1385
f 1194/1194/1194 1195/1195/1195 1387/1387/1387
f 1194/1194/1194 1387/1387/1387 1386/1386/1386
f 1195/1195/1195 1196/1196/1196 1388/1388/1388
f 1195/1195/1195 1388/1388/1388 1387/1387/1387
f 1196/1196/1196 1197/1197/1197 1389/1389/1389
f 1196/1196/1196 1389/1389/1389 1388/1388/1388
f 1197/1197/1197 1198/1198/1198 1390/1390/1390
f 1197/1197/1197 1390/1390/1390 1389/1389/1389
f 1198/1198/1198 1199/1199/1199 1391/1391/1391
f 1198/1198/1198 1391/1391/1391 1390/1390/1390
f 1199/1199/1199 1200/1200/1200 1392/1392/1392
f 1199/1199/1199 1392/1392/1392 1391/1391/1391
f 1200/1200/1200 1201/1201/1201 1393/1393/1393
f 1200/1200/1200 1393/1393/1393 1392/1392/1392
f 1201/1201/1201 1202/1202/1202 1394/1394/1394
f 1201/1201/1201 1394/1394/1394 1393/1393/1393
f 1202/1202/1202 1203/1203/1203 1395/1395/1395
f 1202/1202/1202 1395/1395/1395 1394/1394/1394
f 1203/1203/1203 1204/1204/1204 1396/1396/1396
f 1203/1203/1203 1396/1396/1396 1395/1395/1395
f 1204/1204/1204 1205/1205/1205 1397/1397/1397
f 1204/1204/1204 1397/1397/1397 1396/1396/1396
f 1205/1205/1205 1206/1206/1206 1398/1398/1398
f 1205/1205/1205 1398/1398/1398 1397/1397/1397
f 1206/1206/1206 1207/1207/1207 1399/1399/1399
f 1206/1206/1206 1399/1399/1399 1398/1398/1398
f 1207/1207/1207 1208/1208/1208 1400/1400/1400
f 1207/1207/1207 1400/1400/1400 1399/1399/1399
f 1208/1208/1208 1209/1209/1209 1401/1401/1401
f 1208/1208/1208 1401/1401/1401 1400/1400/1400
f 1209/1209/1209 1210/1210/1210 1402/1402/1402
f 1209/1209/1209 1402/1402/1402 1401/1401/1401
f 1210/1210/1210 1211/1211/1211 1403/1403/1403
f 1210/1210/1210 1403/1403/1403 1402/1402/1402
f 1211/1211/1211 1212/1212/1212 1404/1404/1404
f 1211/1211/1211 1404/1404/1404 1403/1403/1403
f 1212/1212/1212 1213/1213/1213 1405/1405/1405
f 1212/1212/1212 1405/1405/1405 1404/1404/1404
f 1213/1213/1213 1214/1214/1214 1406/1406/1406
f 1213/1213/1213 1406/1406/1406 1405/1405/1405
f 1214/1214/1214 1215/1215/1215 1407/1407/1407
f 1214/1214/1214 1407/1407/1407 1406/1406/1406
f 1215/1215/1215 1216/1216/1216 1408/1408/1408
f 1215/1215/1215 1408/1408/1408 1407/1407/1407
f 1216/1216/1216 1217/1217/1217 1409/1409/1409
f 1216/1216/1216 1409/1409/1409 1408/1408/1408
f 1217/1217/1217 1218/1218/1218 1410/1410/1410
f 1217/1217/1217 1410/1410/1410 1409/1409/1409
f 1218/1218/1218 1219/1219/1219 1411/1411/1411
f 1218/1218/1218 1411/1411/1411 1410/1410/1410
f 1219/1219/1219 1220/1220/1220 1412/1412/1412
f 1219/1219/1219 1412/1412/1412 1411/1411/1411
f 1220/1220/1220 1221/1221/1221 1413/1413/1413
f 1220/1220/1220 1413/1413/1413 1412/1412/1412
f 1221/1221/1221 1222/1222/1222 1414/1414/1414
f 1221/1221/1221 1414/1414/1414 1413/1413/1413
f 1222/1222/1222 1223/1223/1223 1415/1415/1415
f 1222/1222/1222 1415/1415/1415 1414/1414/1414
f 1223/1223/1223 1224/1224/1224 1416/1416/1416
f 1223/1223/1223 1416/1416/1416 1415/1415/1415
f 1224/1224/1224 1225/1225/1225 1417/1417/1417
f 1224/1224/1224 1417/1417/1417 1416/1416/1416
f 1225/1225/1225 1226/1226/1226 1418/1418/1418
f 1225/1225/1225 1418/1418/1418 1417/1417/1417
f 1226/1226/1226 1227/1227/1227 1419/1419/1419
f 1226/1226/1226 1419/1419/1419 1418/1418/1418
f 1227/1227/1227 1228/1228/1228 1420/1420/1420
f 1227/1227/1227 1420/1420/1420 1419/1419/1419
f 1228/1228/1228 1229/1229/1229 1421/1421/1421
f 1228/1228/1228 1421/1421/1421 1420/1420/1420
f 1229/1229/1229 1230/1230/1230 1422/1422/1422
f 1229/1229/1229 1422/1422/1422 1421/1421/1421
f 1230/1230/1230 1231/1231/1231 1423/1423/1423
f 1230/1230/1230 1423/1423/1423 1422/1422/1422
f 1231/1231/1231 1232/1232/1232 1424/1424/1424
f 1231/1231/1231 1424/1424/1424 1423/1423/1423
f 1232/1232/1232 1233/1233/1233 1425/1425/1425
f 1232/1232/1232 1425/1425/1425 1424/1424/1424
f 1233/1233/1233 1234/1234/1234 1426/1426/1426
f 1233/1233/1233 1426/1426/1426 1425/1425/1425
f 1234/1234/1234 1235/1235/1235 1427/1427/1427
f 1234/1234/1234 1427/1427/1427 1426/1426/1426
f 1235/1235/1235 1236/1236/1236 1428/1428/1428
f 1235/1235/1235 1428/1428/1428 1427/1427/1427
f 1236/1236/1236 1237/1237/1237 1429/1429/1429
f 1236/1236/1236 1429/1429/1429 1428/1428/1428
f 1237/1237/1237 1238/1238/1238 1430/1430/1430
f 1237/1237/1237 1430/1430/1430 1429/1429/1429
f 1238/1238/1238 1239/1239/1239 1431/1431/1431
f 1238/1238/1238 1431/1431/1431 1430/1430/1430
f 1239/1239/1239 1240/1240/1240 1432/1432/1432
f 1239/1239/1239 1432/1432/1432 1431/1431/1431
f 1240/1240/1240 1241/1241/1241 1433/1433/1433
f 1240/1240/1240 1433/1433/1433 1432/1432/1432
f 1241/1241/1241 1242/1242/1242 1434/1434/1434
f 1241/1241/1241 1434/1434/1434 1433/1433/1433
f 1242/1242/1242 1243/1243/1243 1435/1435/1435
f 1242/1242/1242 1435/1435/1435 1434/1434/1434
f 1243/1243/1243 1244/1244/1244 1436/1436/1436
f 1243/1243/1243 1436/1436/1436 1435/1435/1435
f 1244/1244/1244 1245/1245/1245 1437/1437/1437
f 1244/1244/1244 1437/1437/1437 1436/1436/1436
f 1245/1245/1245 1246/1246/1246 1438/1438/1438
f 1245/1245/1245 1438/1438/1438 1437/1437/1437
f 1246/1246/1246 1247/1247/1247 1439/1439/1439
f 1246/1246/1246 1439/1439/1439 1438/1438/1438
f 1247/1247/1247 1248/1248/1248 1440/1440/1440
f 1247/1247/1247 1440/1440/1440 1439/1439/1439
f 1248/1248/1248 1249/1249/1249 1441/1441/1441
f 1248/1248/1248 1441/1441/1441 1440/1440/1440
f 1249/1249/1249 1250/1250/1250 1442/1442/1442
f 1249/1249/1249 1442/1442/1442 1441/1441/1441
f 1250/1250/1250 1251/1251/1251 1443/1443/1443
f 1250/1250/1250 1443/1443/1443 1442/1442/1442
f 1251/1251/1251 1252/1252/1252 1444/1444/1444
f 1251/1251/1251 1444/1444/1444 1443/1443/1443
f 1252/1252/1252 1253/1253/1253 1445/1445/1445
f 1252/1252/1252 1445/1445/1445 1444/1444/1444
f 1253/1253/1253 1254/1254/1254 1446/1446/1446
f 1253/1253/1253 1446/1446/1446 1445/1445/1445
f 1254/1254/1254 1255/1255/1255 1447/1447/1447
f 1254/1254/1254 1447/1447/1447 1446/1446/1446
f 1255/1255/1255 1256/1256/1256 1448/1448/1448
f 1255/1255/1255 1448/1448/1448 1447/1447/1447
f 1256/1256/1256 1257/1257/1257 1449/1449/1449
f 1256/1256/1256 1449/1449/1449 1448/1448/1448
f 1257/1257/1257 1258/1258/1258 1450/1450/1450
f 1257/1257/1257 1450/1450/1450 1449/1449/1449
f 1258/1258/1258 1259/1259/1259 1451/1451/1451
f 1258/1258/1258 1451/1451/1451 1450/1450/1450
f 1259/1259/1259 1260/1260/1260 1452/1452/1452
f 1259/1259/1259 1452/1452/1452 1451/1451/1451
f 1260/1260/1260 1261/1261/1261 1453/1453/1453
f 1260/1260/1260 1453/1453/1453 1452/1452/1452
f 1261/1261/1261 1262/1262/1262 1454/1454/1454
f 1261/1261/1261 1454/1454/1454 1453/1453/1453
f 1262/1262/1262 1263/1263/1263 1455/1455/1455
f 1262/1262/1262 1455/1455/1455 1454/1454/1454
f 1263/1263/1263 1264/1264/1264 1456/1456/1456
f 1263/1263/1263 1456/1456/1456 1455/1455/1455
f 1264/1264/1264 1265/1265/1265 1457/1457/1457
f 1264/1264/1264 1457/1457/1457 1456/1456/1456
f 1265/1265/1265 1266/1266/1266 1458/1458/1458
f 1265/1265/1265 1458/1458/1458 1457/1457/1457
f 1266/1266/1266 1267/1267/1267 1459/1459/1459
f 1266/1266/1266 1459/1459/1459 1458/1458/1458
f 1267/1267/1267 1268/1268/1268 1460/1460/1460
f 1267/1267/1267 1460/1460/1460 1459/1459/1459
f 1268/1268/1268 1269/1269/1269 1461/1461/1461
f 1268/1268/1268 1461/1461/1461 1460/1460/1460
f 1269/1269/1269 1270/1270/1270 1462/1462/1462
f 1269/1269/1269 1462/1462/1462 1461/1461/1461
f 1270/1270/1270 1271/1271/1271 1463/1463/1463
f 1270/1270/1270 1463/1463/1463 1462/1462/1462
f 1271/1271/1271 1272/1272/1272 1464/1464/1464
f 1271/1271/1271 1464/1464/1464 1463/1463/1463
f 1272/1272/1272 1273/1273/1273 1465/1465/1465
f 1272/1272/1272 1465/1465/1465 1464/1464/1464
f 1273/1273/1273 1274/1274/1274 1466/1466/1466
f 1273/1273/1273 1466/1466/1466 1465/1465/1465
f 1274/1274/1274 1275/1275/1275 1467/1467/1467
f 1274/1274/1274 1467/1467/1467 1466/1466/1466
f 1275/1275/1275 1276/1276/1276 1468/1468/1468
f 1275/1275/1275 1468/1468/1468 1467/1467/1467
f 1276/1276/1276 1277/1277/1277 1469/1469/1469
f 1276/1276/1276 1469/1469/1469 1468/1468/1468
f 1277/1277/1277 1278/1278/1278 1470/1470/1470
f 1277/1277/1277 1470/1470/1470 1469/1469/1469
f 1278/1278/1278 1279/1279/1279 1471/1471/1471
f 1278/1278/1278 1471/1471/1471 1470/1470/1470
f 1279/1279/1279 1280/1280/1280 1472/1472/1472
f 1279/1279/1279 1472/1472/1472 1471/1471/1471
f 1280/1280/1280 1281/1281/1281 1473/1473/1473
f 1280/1280/1280 1473/1473/1473 1472/1472/1472
f 1281/1281/1281 1282/1282/1282 1474/1474/1474
f 1281/1281/1281 1474/1474/1474 1473/1473/1473
f 1282/1282/1282 1283/1283/1283 1475/1475/1475
f 1282/1282/1282 1475/1475/1475 1474/1474/1474
f 1283/1283/1283 1284/1284/1284 1476/1476/1476
f 1283/1283/1283 1476/1476/1476 1475/1475/1475
f 1284/1284/1284 1285/1285/1285 1477/1477/1477
f 1284/1284/1284 1477/1477/1477 1476/1476/1476
f 1285/1285/1285 1286/1286/1286 1478/1478/1478
f 1285/1285/1285 1478/1478/1478 1477/1477/1477
f 1286/1286/1286 1287/1287/1287 1479/1479/1479
f 1286/1286/1286 1479/1479/1479 1478/1478/1478
f 1287/1287/1287 1288/1288/1288 1480/1480/1480
f 1287/1287/1287 1480/1480/1480 1479/1479/1479
f 1288/1288/1288 1289/1289/1289 1481/1481/1481
f 1288/1288/1288 1481/1481/1481 1480/1480/1480
f 1289/1289/1289 1290/1290/1290 1482/1482/1482
f 1289/1289/1289 1482/1482/1482 1481/1481/1481
f 1290/1290/1290 1291/1291/1291 1483/1483/1483
f 1290/1290/1290 1483/1483/1483 1482/1482/1482
f 1291/1291/1291 1292/1292/1292 1484/1484/1484
f 1291/1291/1291 1484/1484/1484 1483/1483/1483
f 1292/1292/1292 1293/1293/1293 1485/1485/1485
f 1292/1292/1292 1485/1485/1485 1484/1484/1484
f 1293/1293/1293 1294/1294/1294 1486/1486/1486
f 1293/1293/1293 1486/1486/1486 1485/1485/1485
f 1294/1294/1294 1295/1295/1295 1487/1487/1487
f 1294/1294/1294 1487/1487/1487 1486/1486/1486
f 1295/1295/1295 1296/1296/1296 1488/1488/1488
f 1295/1295/1295 1488/1488/1488 1487/1487/1487
f 1296/1296/1296 1297/1297/1297 1489/1489/1489
f 1296/1296/1296 1489/1489/1489 1488/1488/1488
f 1297/1297/1297 1298/1298/1298 1490/1490/1490
f 1297/1297/1297 1490/1490/1490 1489/1489/1489
f 1298/1298/1298 1299/1299/1299 1491/1491/1491
f 1298/1298/1298 1491/1491/1491 1490/1490/1490
f 1299/1299/1299 1300/1300/1300 1492/1492/1492
f 1299/1299/1299 1492/1492/1492 1491/1491/1491
f 1300/1300/1300 1301/1301/1301 1493/1493/1493
f 1300/1300/1300 1493/1493/1493 1492/1492/1492
f 1301/1301/1301 1302/1302/1302 1494/1494/1494
f 1301/1301/1301 1494/1494/1494 1493/1493/1493
f 1302/1302/1302 1303/1303/1303 1495/1495/1495
f 1302/1302/1302 1495/1495/1495 1494/1494/1494
f 1303/1303/1303 1304/1304/1304 1496/1496/1496
f 1303/1303/1303 1496/1496/1496 1495/1495/1495
f 1304/1304/1304 1305/1305/1305 1497/1497/1497
f 1304/1304/1304 1497/1497/1497 1496/1496/1496
f 1305/1305/1305 1306/1306/1306 1498/1498/1498
f 1305/1305/1305 1498/1498/1498 1497/1497/1497
f 1306/1306/1306 1307/1307/1307 1499/1499/1499
f 1306/1306/1306 1499/1499/1499 1498/1498/1498
f 1307/1307/1307 1308/1308/1308 1500/1500/1500
f 1307/1307/1307 1500/1500/1500 1499/1499/1499
f 1308/1308/1308 1309/1309/1309 1501/1501/1501
f 1308/1308/1308 1501/1501/1501 1500/1500/1500
f 1309/1309/1309 1310/1310/1310 1502/1502/1502
f 1309/1309/1309 1502/1502/1502 1501/1501/1501
f 1310/1310/1310 1311/1311/1311 1503/1503/1503
f 1310/1310/1310 1503/1503/1503 1502/1502/1502
f 1311/1311/1311 1312/1312/1312 1504/1504/1504
f 1311/1311/1311 1504/1504/1504 1503/1503/1503
f 1312/1312/1312 1313/1313/1313 1505/1505/1505
f 1312/1312/1312 1505/1505/1505 1504/1504/1504
f 1313/1313/1313 1314/1314/1314 1506/1506/1506
f 1313/1313/1313 1506/1506/1506 1505/1505/1505
f 1314/1314/1314 1315/1315/1315 1507/1507/1507
f 1314/1314/1314 1507/1507/1507 1506/1506/1506
f 1315/1315/1315 1316/1316/1316 1508/1508/1508
f 1315/1315/1315 1508/1508/1508 1507/1507/1507
f 1316/1316/1316 1317/1317/1317 1509/1509/1509
f 1316/1316/1316 1509/1509/1509 1508/1508/1508
f 1317/1317/1317 1318/1318/1318 1510/1510/1510
f 1317/1317/1317 1510/1510/1510 1509/1509/1509
f 1318/1318/1318 1319/1319/1319 1511/1511/1511
f 1318/1318/1318 1511/1511/1511 1510/1510/1510
f 1319/1319/1319 1320/1320/1320 1512/1512/1512
f 1319/1319/1319 1512/1512/1512 1511/1511/1511
f 1320/1320/1320 1321/1321/1321 1513/1513/1513
f 1320/1320/1320 1513/1513/1513 1512/1512/1512
f 1321/1321/1321 1322/1322/1322 1514/1514/1514
f 1321/1321/1321 1514/1514/1514 1513/1513/1513
f 1322/1322/1322 1323/1323/1323 1515/1515/1515
f 1322/1322/1322 1515/1515/1515 1514/1514/1514
f 1323/1323/1323 1324/1324/1324 1516/1516/1516
f 1323/1323/1323 1516/1516/1516 1515/1515/1515
f 1324/1324/1324 1325/1325/1325 1517/1517/1517
f 1324/1324/1324 1517/1517/1517 1516/1516/1516
f 1325/1325/1325 1326/1326/1326 1518/1518/1518
f 1325/1325/1325 1518/1518/1518 1517/1517/1517
f 1326/1326/1326 1327/1327/1327 1519/1519/1519
f 1326/1326/1326 1519/1519/1519 1518/1518/1518
f 1327/1327/1327 1328/1328/1328 1520/1520/1520
f 1327/1327/1327 1520/1520/1520 1519/1519/1519
f 1328/1328/1328 1329/1329/1329 1521/1521/1521
f 1328/1328/1328 1521/1521/1521 1520/1520/1520
f 1329/1329/1329 1330/1330/1330 1522/1522/1522
f 1329/1329/1329 1522/1522/1522 1521/1521/1521
f 1330/1330/1330 1331/1331/1331 1523/1523/1523
f 1330/1330/1330 1523/1523/1523 1522/1522/1522
f 1331/1331/1331 1332/1332/1332 1524/1524/1524
f 1331/1331/1331 1524/1524/1524 1523/1523/1523
f 1332/1332/1332 1333/1333/1333 1525/1525/1525
f 1332/1332/1332 1525/1525/1525 1524/1524/1524
f 1333/1333/1333 1334/1334/1334 1526/1526/1526
f 1333/1333/1333 1526/1526/1526 1525/1525/1525
f 1334/1334/1334 1335/1335/1335 1527/1527/1527
f 1334/1334/1334 1527/1527/1527 1526/1526/1526
f 1335/1335/1335 1336/1336/1336 1528/1528/1528
f 1335/1335/1335 1528/1528/1528 1527/1527/1527
f 1336/1336/1336 1337/1337/1337 1529/1529/1529
f 1336/1336/1336 1529/1529/1529 1528/1528/1528
f 1337/1337/1337 1338/1338/1338 1530/1530/1530
f 1337/1337/1337 1530/1530/1530 1529/1529/1529
f 1338/1338/1338 1339/1339/1339 1531/1531/1531
f 1338/1338/1338 1531/1531/1531 1530/1530/1530
f 1339/1339/1339 1340/1340/1340 1532/1532/1532
f 1339/1339/1339 1532/1532/1532 1531/1531/1531
f 1340/1340/1340 1341/1341/1341 1533/1533/1533
f 1340/1340/1340 1533/1533/1533 1532/1532/1532
f 1341/1341/1341 1342/1342/1342 1534/1534/1534
f 1341/1341/1341 1534/1534/1534 1533/1533/1533
f 1342/1342/1342 1343/1343/1343 1535/1535/1535
f 1342/1342/1342 1535/1535/1535 1534/1534/1534
f 1343/1343/1343 1344/1344/1344 1536/1536/1536
f 1343/1343/1343 1536/1536/1536 1535/1535/1535
f 1344/1344/1344 1345/1345/1345 1537/1537/1537
f 1344/1344/1344 1537/1537/1537 1536/1536/1536
f 1345/1345/1345 1154/1154/1154 1346/1346/1346
f 1345/1345/1345 1346/1346/1346 1537/1537/1537
f 1346/1346/1346 1347/1347/1347 1539/1539/1539
f 1346/1346/1346 1539/1539/1539 1538/1538/1538
f 1347/1347/1347 1348/1348/1348 1540/1540/1540
f 1347/1347/1347 1540/1540/1540 1539/1539/1539
f 1348/1348/1348 1349/1349/1349 1541/1541/1541
f 1348/1348/1348 1541/1541/1541 1540/1540/1540
f 1349/1349/1349 1350/1350/1350 1542/1542/1542
f 1349/1349/1349 1542/1542/1542 1541/1541/1541
f 1350/1350/1350 1351/1351/1351 1543/1543/1543
f 1350/1350/1350 1543/1543/1543 1542/1542/1542
f 1351/1351/1351 1352/1352/1352 1544/1544/1544
f 1351/1351/1351 1544/1544/1544 1543/1543/1543
f 1352/1352/1352 1353/1353/1353 1545/1545/1545
f 1352/1352/1352 1545/1545/1545 1544/1544/1544
f 1353/1353/1353 1354/1354/1354 1546/1546/1546
f 1353/1353/1353 1546/1546/1546 1545/1545/1545
f 1354/1354/1354 1355/1355/1355 1547/1547/1547
f 1354/1354/1354 1547/1547/1547 1546/1546/1546
f 1355/1355/1355 1356/1356/1356 1548/1548/1548
f 1355/1355/1355 1548/1548/1548 1547/1547/1547
f 1356/1356/1356 1357/1357/1357 1549/1549/1549
f 1356/1356/1356 1549/1549/1549 1548/1548/1548
f 1357/1357/1357 1358/1358/1358 1550/1550/1550
f 1357/1357/1357 1550/1550/1550 1549/1549/1549
f 1358/1358/1358 1359/1359/1359 1551/1551/1551
f 1358/1358/1358 1551/1551/1551 1550/1550/1550
f 1359/1359/1359 1360/1360/1360 1552/1552/1552
f 1359/1359/1359 1552/1552/1552 1551/1551/1551
f 1360/1360/1360 1361/1361/1361 1553/1553/1553
f 1360/1360/1360 1553/1553/1553 1552/1552/1552
f 1361/1361/1361 1362/1362/1362 1554/1554/1554
f 1361/1361/1361 1554/1554/1554 1553/1553/1553
f 1362/1362/1362 1363/1363/1363 1555/1555/1555
f 1362/1362/1362 1555/1555/1555 1554/1554/1554
f 1363/1363/1363 1364/1364/1364 1556/1556/1556
f 1363/1363/1363 1556/1556/1556 1555/1555/1555
f 1364/1364/1364 1365/1365/1365 1557/1557/1557
f 1364/1364/1364 1557/1557/1557 1556/1556/1556
f 1365/1365/1365 1366/1366/1366 1558/1558/1558
f 1365/1365/1365 1558/1558/1558 1557/1557/1557
f 1366/1366/1366 1367/1367/1367 1559/1559/1559
f 1366/1366/1366 1559/1559/1559 1558/1558/1558
f 1367/1367/1367 1368/1368/1368 1560/1560/1560
f 1367/1367/1367 1560/1560/1560 1559/1559/1559
f 1368/1368/1368 1369/1369/1369 1561/1561/1561
f 1368/1368/1368 1561/1561/1561 1560/1560/1560
f 1369/1369/1369 1370/1370/1370 1562/1562/1562
f 1369/1369/1369 1562/1562/1562 1561/1561/1561
f 1370/1370/1370 1371/1371/1371 1563/1563/1563
f 1370/1370/1370 1563/1563/1563 1562/1562/1562
f 1371/1371/1371 1372/1372/1372 1564/1564/1564
f 1371/1371/1371 1564/1564/1564 1563/1563/1563
f 1372/1372/1372 1373/1373/1373 1565/1565/1565
f 1372/1372/1372 1565/1565/1565 1564/1564/1564
f 1373/1373/1373 1374/1374/1374 1566/1566/1566
f 1373/1373/1373 1566/1566/1566 1565/1565/1565
f 1374/1374/1374 1375/1375/1375 1567/1567/1567
f 1374/1374/1374 1567/1567/1567 1566/1566/1566
f 1375/1375/1375 1376/1376/1376 1568/1568/1568
f 1375/1375/1375 1568/1568/1568 1567/1567/1567
f 1376/1376/1376 1377/1377/1377 1569/1569/1569
f 1376/1376/1376 1569/1569/1569 1568/1568/1568
f 1377/1377/1377 1378/1378/1378 1570/1570/1570
f 1377/1377/1377 1570/1570/1570 1569/1569/1569
f 1378/1378/1378 1379/1379/1379 1571/1571/1571
f 1378/1378/1378 1571/1571/1571 1570/1570/1570
f 1379/1379/1379 1380/1380/1380 1572/1572/1572
f 1379/1379/1379 1572/1572/1572 1571/1571/1571
f 1380/1380/1380 1381/1381/1381 1573/1573/1573
f 1380/1380/1380 1573/1573/1573 1572/1572/1572
f 1381/1381/1381 1382/1382/1382 1574/1574/1574
f 1381/1381/1381 1574/1574/1574 1573/1573/1573
f 1382/1382/1382 1383/1383/1383 1575/1575/1575
f 1382/1382/1382 1575/1575/1575 1574/1574/1574
f 1383/1383/1383 1384/1384/1384 1576/1576/1576
f 1383/1383/1383 1576/1576/1576 1575/1575/1575
f 1384/1384/1384 1385/1385/1385 1577/1577/1577
f 1384/1384/1384 1577/1577/1577 1576/1576/1576
f 1385/1385/1385 1386/1386/1386 1578/1578/1578
f 1385/1385/1385 1578/1578/1578 1577/1577/1577
f 1386/1386/1386 1387/1387/1387 1579/1579/1579
f 1386/1386/1386 1579/1579/1579 1578/1578/1578
f 1387/1387/1387 1388/1388/1388 1580/1580/1580
f 1387/1387/1387 1580/1580/1580 1579/1579/1579
f 1388/1388/1388 1389/1389/1389 1581/1581/1581
f 1388/1388/1388 1581/1581/1581 1580/1580/1580
f 1389/1389/1389 1390/1390/1390 1582/1582/1582
f 1389/1389/1389 1582/1582/1582 1581/1581/1581
f 1390/1390/1390 1391/1391/1391 1583/1583/1583
f 1390/1390/1390 1583/1583/1583 1582/1582/1582
f 1391/1391/1391 1392/1392/1392 1584/1584/1584
f 1391/1391/1391 1584/1584/1584 1583/1583/1583
f 1392/1392/1392 1393/1393/1393 1585/1585/1585
f 1392/1392/1392 1585/1585/1585 1584/1584/1584
f 1393/1393/1393 1394/1394/1394 1586/1586/1586
f 1393/1393/1393 1586/1586/1586 1585/1585/1585
f 1394/1394/1394 1395/1395/1395 1587/1587/1587
f 1394/1394/1394 1587/1587/1587 1586/1586/1586
f 1395/1395/1395 1396/1396/1396 1588/1588/1588
f 1395/1395/1395 1588/1588/1588 1587/1587/1587
f 1396/1396/1396 1397/1397/1397 1589/1589/1589
f 1396/1396/1396 1589/1589/1589 1588/1588/1588
f 1397/1397/1397 1398/1398/1398 1590/1590/1590
f 1397/1397/1397 1590/1590/1590 1589/1589/1589
f 1398/1398/1398 1399/1399/1399 1591/1591/1591
f 1398/1398/1398 1591/1591/1591 1590/1590/1590
f 1399/1399/1399 1400/1400/1400 1592/1592/1592
f 1399/1399/1399 1592/1592/1592 1591/1591/1591
f 1400/1400/1400 1401/1401/1401 1593/1593/1593
f 1400/1400/1400 1593/1593/1593 1592/1592/1592
f 1401/1401/1401 1402/1402/1402 1594/1594/1594
f 1401/1401/1401 1594/1594/1594 1593/1593/1593
f 1402/1402/1402 1403/1403/1403 1595/1595/1595
f 1402/1402/1402 1595/1595/1595 1594/1594/1594
f 1403/1403/1403 1404/1404/1404 1596/1596/1596
f 1403/1403/1403 1596/1596/1596 1595/1595/1595
f 1404/1404/1404 1405/1405/1405 1597/1597/1597
f 1404/1404/1404 1597/1597/1597 1596/1596/1596
f 1405/1405/1405 1406/1406/1406 1598/1598/1598
f 1405/1405/1405 1598/1598/1598 1597/1597/1597
f 1406/1406/1406 1407/1407/1407 1599/1599/1599
f 1406/1406/1406 1599/1599/1599 1598/1598/1598
f 1407/1407/1407 1408/1408/1408 1600/1600/1600
f 1407/1407/1407 1600/1600/1600 1599/1599/1599
f 1408/1408/1408 1409/1409/1409 1601/1601/1601
f 1408/1408/1408 1601/1601/1601 1600/1600/1600
f 1409/1409/1409 1410/1410/1410 1602/1602/1602
f 1409/1409/1409 1602/1602/1602 1601/1601/1601
f 1410/1410/1410 1411/1411/1411 1603/1603/1603
f 1410/1410/1410 1603/1603/1603 1602/1602/1602
f 1411/1411/1411 1412/1412/1412 1604/1604/1604
f 1411/1411/1411 1604/1604/1604 1603/1603/1603
f 1412/1412/1412 1413/1413/1413 1605/1605/1605
f 1412/1412/1412 1605/1605/1605 1604/1604/1604
f 1413/1413/1413 1414/1414/1414 1606/1606/1606
f 1413/1413/1413 1606/1606/1606 1605/1605/1605
f 1414/1414/1414 1415/1415/1415 1607/1607/1607
f 1414/1414/1414 1607/1607/1607 1606/1606/1606
f 1415/1415/1415 1416/1416/1416 1608/1608/1608
f 1415/1415/1415 1608/1608/1608 1607/1607/1607
f 1416/1416/1416 1417/1417/1417 1609/1609/1609
f 1416/1416/1416 1609/1609/1609 1608/1608/1608
f 1417/1417/1417 1418/1418/1418 1610/1610/1610
f 1417/1417/1417 1610/1610/1610 1609/1609/1609
f 1418/1418/1418 1419/1419/1419 1611/1611/1611
f 1418/1418/1418 1611/1611/1611 1610/1610/1610
f 1419/1419/1419 1420/1420/1420 1612/1612/1612
f 1419/1419/1419 1612/1612/1612 1611/1611/1611
f 1420/1420/1420 1421/1421/1421 1613/1613/1613
f 1420/1420/1420 1613/1613/1613 1612/1612/1612
f 1421/1421/1421 1422/1422/1422 1614/1614/1614
f 1421/1421/1421 1614/1614/1614 1613/1613/1613
f 1422/1422/1422 1423/1423/1423 1615/1615/1615
f 1422/1422/1422 1615/1615/1615 1614/1614/1614
f 1423/1423/1423 1424/1424/1424 1616/1616/1616
f 1423/1423/1423 1616/1616/1616 1615/1615/1615
f 1424/1424/1424 1425/1425/1425 1617/1617/1617
f 1424/1424/1424 1617/1617/1617 1616/1616/1616
f 1425/1425/1425 1426/1426/1426 1618/1618/1618
f 1425/1425/1425 1618/1618/1618 1617/1617/1617
f 1426/1426/1426 1427/1427/1427 1619/1619/1619
f 1426/1426/1426 1619/1619/1619 1618/1618/1618
f 1427/1427/1427 1428/1428/1428 1620/1620/1620
f 1427/1427/1427 1620/1620/1620 1619/1619/1619
f 1428/1428/1428 1429/1429/1429 1621/1621/1621
f 1428/1428/1428 1621/1621/1621 1620/1620/1620
f 1429/1429/1429 1430/1430/1430 1622/1622/1622
f 1429/1429/1429 1622/1622/1622 1621/1621/1621
f 1430/1430/1430 1431/1431/1431 1623/1623/1623
f 1430/1430/1430 1623/1623/1623 1622/1622/1622
f 1431/1431/1431 1432/1432/1432 1624/1624/1624
f 1431/1431/1431 1624/1624/1624 1623/1623/1623
f 1432/1432/1432 1433/1433/1433 1625/1625/1625
f 1432/1432/1432 1625/1625/1625 1624/1624/1624
f 1433/1433/1433 1434/1434/1434 1626/1626/1626
f 1433/1433/1433 1626/1626/1626 1625/1625/1625
f 1434/1434/1434 1435/1435/1435 1627/1627/1627
f 1434/1434/1434 1627/1627/1627 1626/1626/1626
f 1435/1435/1435 1436/1436/1436 1628/1628/1628
f 1435/1435/1435 1628/1628/1628 1627/1627/1627
f 1436/1436/1436 1437/1437/1437 1629/1629/1629
f 1436/1436/1436 1629/1629/1629 1628/1628/1628
f 1437/1437/1437 1438/1438/1438 1630/1630/1630
f 1437/1437/1437 1630/1630/1630 1629/1629/1629
f 1438/1438/1438 1439/1439/1439 1631/1631/1631
f 1438/1438/1438 1631/1631/1631 1630/1630/1630
f 1439/1439/1439 1440/1440/1440 1632/1632/1632
f 1439/1439/1439 1632/1632/1632 1631/1631/1631
f 1440/1440/1440 1441/1441/1441 1633/1633/1633
f 1440/1440/1440 1633/1633/1633 1632/1632/1632
f 1441/1441/1441 1442/1442/1442 1634/1634/1634
f 1441/1441/1441 1634/1634/1634 1633/1633/1633
f 1442/1442/1442 1443/1443/1443 1635/1635/1635
f 1442/1442/1442 1635/1635/1635 1634/1634/1634
f 1443/1443/1443 1444/1444/1444 1636/1636/1636
f 1443/1443/1443 1636/1636/1636 1635/1635/1635
f 1444/1444/1444 1445/1445/1445 1637/1637/1637
f 1444/1444/1444 1637/1637/1637 1636/1636/1636
f 1445/1445/1445 1446/1446/1446 1638/1638/1638
f 1445/1445/1445 1638/1638/1638 1637/1637/1637
f 1446/1446/1446 1447/1447/1447 1639/1639/1639
f 1446/1446/1446 1639/1639/1639 1638/1638/1638
f 1447/1447/1447 1448/1448/1448 1640/1640/1640
f 1447/1447/1447 1640/1640/1640 1639/1639/1639
f 1448/1448/1448 1449/1449/1449 1641/1641/1641
f 1448/1448/1448 1641/1641/1641 1640/1640/1640
f 1449/1449/1449 1450/1450/1450 1642/1642/1642
f 1449/1449/1449 1642/1642/1642 1641/1641/1641
f 1450/1450/1450 1451/1451/1451 1643/1643/1643
f 1450/1450/1450 1643/1643/1643 1642/1642/1642
f 1451/1451/1451 1452/1452/1452 1644/1644/1644
f 1451/1451/1451 1644/1644/1644 1643/1643/1643
f 1452/1452/1452 1453/1453/1453 1645/1645/1645
f 1452/1452/1452 1645/1645/1645 1644/1644/1644
f 1453/1453/1453 1454/1454/1454 1646/1646/1646
f 1453/1453/1453 1646/1646/1646 1645/1645/1645
f 1454/1454/1454 1455/1455/1455 1647/1647/1647
f 1454/1454/1454 1647/1647/1647 1646/1646/1646
f 1455/1455/1455 1456/1456/1456 1648/1648/1648
f 1455/1455/1455 1648/1648/1648 1647/1647/1647
f 1456/1456/1456 1457/1457/1457 1649/1649/1649
f 1456/1456/1456 1649/1649/1649 1648/1648/1648
f 1457/1457/1457 1458/1458/1458 1650/1650/1650
f 1457/1457/1457 1650/1650/1650 1649/1649/1649
f 1458/1458/1458 1459/1459/1459 1651/1651/1651
f 1458/1458/1458 1651/1651/1651 1650/1650/1650
f 1459/1459/1459 1460/1460/1460 1652/1652/1652
f 1459/1459/1459 1652/1652/1652 1651/1651/1651
f 1460/1460/1460 1461/1461/1461 1653/1653/1653
f 1460/1460/1460 1653/1653/1653 1652/1652/1652
f 1461/1461/1461 1462/1462/1462 1654/1654/1654
f 1461/1461/1461 1654/1654/1654 1653/1653/1653
f 1462/1462/1462 1463/1463/1463 1655/1655/1655
f 1462/1462/1462 1655/1655/1655 1654/1654/1654
f 1463/1463/1463 1464/1464/1464 1656/1656/1656
f 1463/1463/1463 1656/1656/1656 1655/1655/1655
f 1464/1464/1464 1465/1465/1465 1657/1657/1657
f 1464/1464/1464 1657/1657/1657 1656/1656/1656
f 1465/1465/1465 1466/1466/1466 1658/1658/1658
f 1465/1465/1465 1658/1658/1658 1657/1657/1657
f 1466/1466/1466 1467/1467/1467 1659/1659/1659
f 1466/1466/1466 1659/1659/1659 1658/1658/1658
f 1467/1467/1467 1468/1468/1468 1660/1660/1660
f 1467/1467/1467 1660/1660/1660 1659/1659/1659
f 1468/1468/1468 1469/1469/1469 1661/1661/1661
f 1468/1468/1468 1661/1661/1661 1660/1660/1660
f 1469/1469/1469 1470/1470/1470 1662/1662/1662
f 1469/1469/1469 1662/1662/1662 1661/1661/1661
f 1470/1470/1470 1471/1471/1471 1663/1663/1663
f 1470/1470/1470 1663/1663/1663 1662/1662/1662
f 1471/1471/1471 1472/1472/1472 1664/1664/1664
f 1471/1471/1471 1664/1664/1664 1663/1663/1663
f 1472/1472/1472 1473/1473/1473 1665/1665/1665
f 1472/1472/1472 1665/1665/1665 1664/1664/1664
f 1473/1473/1473 1474/1474/1474 1666/1666/1666
f 1473/1473/1473 1666/1666/1666 1665/1665/1665
f 1474/1474/1474 1475/1475/1475 1667/1667/1667
f 1474/1474/1474 1667/1667/1667 1666/1666/1666
f 1475/1475/1475 1476/1476/1476 1668/1668/1668
f 1475/1475/1475 1668/1668/1668 1667/1667/1667
f 1476/1476/1476 1477/1477/1477 1669/1669/1669
f 1476/1476/1476 1669/1669/1669 1668/1668/1668
f 1477/1477/1477 1478/1478/1478 1670/1670/1670
f 1477/1477/1477 1670/1670/1670 1669/1669/1669
f 1478/1478/1478 1479/1479/1479 1671/1671/1671
f 1478/1478/1478 1671/1671/1671 1670/1670/1670
f 1479/1479/1479 1480/1480/1480 1672/1672/1672
f 1479/1479/1479 1672/1672/1672 1671/1671/1671
f 1480/1480/1480 1481/1481/1481 1673/1673/1673
f 1480/1480/1480 1673/1673/1673 1672/1672/1672
f 1481/1481/1481 1482/1482/1482 1674/1674/1674
f 1481/1481/1481 1674/1674/1674 1673/1673/1673
f 1482/1482/1482 1483/1483/1483 1675/1675/1675
f 1482/1482/1482 1675/1675/1675 1674/1674/1674
f 1483/1483/1483 1484/1484/1484 1676/1676/1676
f 1483/1483/1483 1676/1676/1676 1675/1675/1675
f 1484/1484/1484 1485/1485/1485 1677/1677/1677
f 1484/1484/1484 1677/1677/1677 1676/1676/1676
f 1485/1485/1485 1486/1486/1486 1678/1678/1678
f 1485/1485/1485 1678/1678/1678 1677/1677/1677
f 1486/1486/1486 1487/1487/1487 1679/1679/1679
f 1486/1486/1486 1679/1679/1679 1678/1678/1678
f 1487/1487/1487 1488/1488/1488 1680/1680/1680
f 1487/1487/1487 1680/1680/1680 1679/1679/1679
f 1488/1488/1488 1489/1489/1489 1681/1681/1681
f 1488/1488/1488 1681/1681/1681 1680/1680/1680
f 1489/1489/1489 1490/1490/1490 1682/1682/1682
f 1489/1489/1489 1682/1682/1682 1681/1681/1681
f 1490/1490/1490 1491/1491/1491 1683/1683/1683
f 1490/1490/1490 1683/1683/1683 1682/1682/1682
f 1491/1491/1491 1492/1492/1492 1684/1684/1684
f 1491/1491/1491 1684/1684/1684 1683/1683/1683
f 1492/1492/1492 1493/1493/1493 1685/1685/1685
f 1492/1492/1492 1685/1685/1685 1684/1684/1684
f 1493/1493/1493 1494/1494/1494 1686/1686/1686
f 1493/1493/1493 1686/1686/1686 1685/1685/1685
f 1494/1494/1494 1495/1495/1495 1687/1687/1687
f 1494/1494/1494 1687/1687/1687 1686/1686/1686
f 1495/1495/1495 1496/1496/1496 1688/1688/1688
f 1495/1495/1495 1688/1688/1688 1687/1687/1687
f 1496/1496/1496 1497/1497/1497 1689/1689/1689
f 1496/1496/1496 1689/1689/1689 1688/1688/1688
f 1497/1497/1497 1498/1498/1498 1690/1690/1690
f 1497/1497/1497 1690/1690/1690 1689/1689/1689
f 1498/1498/1498 1499/1499/1499 1691/1691/1691
f 1498/1498/1498 1691/1691/1691 1690/1690/1690
f 1499/1499/1499 1500/1500/1500 1692/1692/1692
f 1499/1499/1499 1692/1692/1692 1691/1691/1691
f 1500/1500/1500 1501/1501/1501 1693/1693/1693
f 1500/1500/1500 1693/1693/1693 1692/1692/1692
f 1501/1501/1501 1502/1502/1502 1694/1694/1694
f 1501/1501/1501 1694/1694/1694 1693/1693/1693
f 1502/1502/1502 1503/1503/1503 1695/1695/1695
f 1502/1502/1502 1695/1695/1695 1694/1694/1694
f 1503/1503/1503 1504/1504/1504 1696/1696/1696
f 1503/1503/1503 1696/1696/1696 1695/1695/1695
f 1504/1504/1504 1505/1505/1505 1697/1697/1697
f 1504/1504/1504 1697/1697/1697 1696/1696/1696
f 1505/1505/1505 1506/1506/1506 1698/1698/1698
f 1505/1505/1505 1698/1698/1698 1697/1697/1697
f 1506/1506/1506 1507/1507/1507 1699/1699/1699
f 1506/1506/1506 1699/1699/1699 1698/1698/1698
f 1507/1507/1507 1508/1508/1508 1700/1700/1700
f 1507/1507/1507 1700/1700/1700 1699/1699/1699
f 1508/1508/1508 1509/1509/1509 1701/1701/1701
f 1508/1508/1508 1701/1701/1701 1700/1700/1700
f 1509/1509/1509 1510/1510/1510 1702/1702/1702
f 1509/1509/1509 1702/1702/1702 1701/1701/1701
f 1510/1510/1510 1511/1511/1511 1703/1703/1703
f 1510/1510/1510 1703/1703/1703 1702/1702/1702
f 1511/1511/1511 1512/1512/1512 1704/1704/1704
f 1511/1511/1511 1704/1704/1704 1703/1703/1703
f 1512/1512/1512 1513/1513/1513 1705/1705/1705
f 1512/1512/1512 1705/1705/1705 1704/1704/1704
f 1513/1513/1513 1514/1514/1514 1706/1706/1706
f 1513/1513/1513 1706/1706/1706 1705/1705/1705
f 1514/1514/1514 1515/1515/1515 1707/1707/1707
f 1514/1514/1514 1707/1707/1707 1706/1706/1706
f 1515/1515/1515 1516/1516/1516 1708/1708/1708
f 1515/1515/1515 1708/1708/1708 1707/1707/1707
f 1516/1516/1516 1517/1517/1517 1709/1709/1709
f 1516/1516/1516 1709/1709/1709 1708/1708/1708
f 1517/1517/1517 1518/1518/1518 1710/1710/1710
f 1517/1517/1517 1710/1710/1710 1709/1709/1709
f 1518/1518/1518 1519/1519/1519 1711/1711/1711
f 1518/1518/1518 1711/1711/1711 1710/1710/1710
f 1519/1519/1519 1520/1520/1520 1712/1712/1712
f 1519/1519/1519 1712/1712/1712 1711/1711/1711
f 1520/1520/1520 1521/1521/1521 1713/1713/1713
f 1520/1520/1520 1713/1713/1713 1712/1712/1712
f 1521/1521/1521 1522/1522/1522 1714/1714/1714
f 1521/1521/1521 1714/1714/1714 1713/1713/1713
f 1522/1522/1522 1523/1523/1523 1715/1715/1715
f 1522/1522/1522 1715/1715/1715 1714/1714/1714
f 1523/1523/1523 1524/1524/1524 1716/1716/1716
f 1523/1523/1523 1716/1716/1716 1715/1715/1715
f 1524/1524/1524 1525/1525/1525 1717/1717/1717
f 1524/1524/1524 1717/1717/1717 1716/1716/1716
f 1525/1525/1525 1526/1526/1526 1718/1718/1718
f 1525/1525/1525 1718/1718/1718 1717/1717/1717
f 1526/1526/1526 1527/1527/1527 1719/1719/1719
f 1526/1526/1526 1719/1719/1719 1718/1718/1718
f 1527/1527/1527 1528/1528/1528 1720/1720/1720
f 1527/1527/1527 1720/1720/1720 1719/1719/1719
f 1528/1528/1528 1529/1529/1529 1721/1721/1721
f 1528/1528/1528 1721/1721/1721 1720/1720/1720
f 1529/1529/1529 1530/1530/1530 1722/1722/1722
f 1529/1529/1529 1722/1722/1722 1721/1721/1721
f 1530/1530/1530 1531/1531/1531 1723/1723/1723
f 1530/1530/1530 1723/1723/1723 1722/1722/1722
f 1531/1531/1531 1532/1532/1532 1724/1724/1724
f 1531/1531/1531 1724/1724/1724 1723/1723/1723
f 1532/1532/1532 1533/1533/1533 1725/1725/1725
f 1532/1532/1532 1725/1725/1725 1724/1724/1724
f 1533/1533/1533 1534/1534/1534 1726/1726/1726
f 1533/1533/1533 1726/1726/1726 1725/1725/1725
f 1534/1534/1534 1535/1535/1535 1727/1727/1727
f 1534/1534/1534 1727/1727/1727 1726/1726/1726
f 1535/1535/1535 1536/1536/1536 1728/1728/1728
f 1535/1535/1535 1728/1728/1728 1727/1727/1727
f 1536/1536/1536 1537/1537/1537 1729/1729/1729
f 1536/1536/1536 1729/1729/1729 1728/1728/1728
f 1537/1537/1537 1346/1346/1346 1538/1538/1538
f 1537/1537/1537 1538/1538/1538 1729/1729/1729
f 1538/1538/1538 1539/1539/1539 1731/1731/1731
f 1538/1538/1538 1731/1731/1731 1730/1730/1730
f 1539/1539/1539 1540/1540/1540 1732/1732/1732
f 1539/1539/1539 1732/1732/1732 1731/1731/1731
f 1540/1540/1540 1541/1541/1541 1733/1733/1733
f 1540/1540/1540 1733/1733/1733 1732/1732/1732
f 1541/1541/1541 1542/1542/1542 1734/1734/1734
f 1541/1541/1541 1734/1734/1734 1733/1733/1733
f 1542/1542/1542 1543/1543/1543 1735/1735/1735
f 1542/1542/1542 1735/1735/1735 1734/1734/1734
f 1543/1543/1543 1544/1544/1544 1736/1736/1736
f 1543/1543/1543 1736/1736/1736 1735/1735/1735
f 1544/1544/1544 1545/1545/1545 1737/1737/1737
f 1544/1544/1544 1737/1737/1737 1736/1736/1736
f 1545/1545/1545 1546/1546/1546 1738/1738/1738
f 1545/1545/1545 1738/1738/1738 1737/1737/1737
f 1546/1546/1546 1547/1547/1547 1739/1739/1739
f 1546/1546/1546 1739/1739/1739 1738/1738/1738
f 1547/1547/1547 1548/1548/1548 1740/1740/1740
f 1547/1547/1547 1740/1740/1740 1739/1739/1739
f 1548/1548/1548 1549/1549/1549 1741/1741/1741
f 1548/1548/1548 1741/1741/1741 1740/1740/1740
f 1549/1549/1549 1550/1550/1550 1742/1742/1742
f 1549/1549/1549 1742/1742/1742 1741/1741/1741
f 1550/1550/1550 1551/1551/1551 1743/1743/1743
f 1550/1550/1550 1743/1743/1743 1742/1742/1742
f 1551/1551/1551 1552/1552/1552 1744/1744/1744
f 1551/1551/1551 1744/1744/1744 1743/1743/1743
f 1552/1552/1552 1553/1553/1553 1745/1745/1745
f 1552/1552/1552 1745/1745/1745 1744/1744/1744
f 1553/1553/1553 1554/1554/1554 1746/1746/1746
f 1553/1553/1553 1746/1746/1746 1745/1745/1745
f 1554/1554/1554 1555/1555/1555 1747/1747/1747
f 1554/1554/1554 1747/1747/1747 1746/1746/1746
f 1555/1555/1555 1556/1556/1556 1748/1748/1748
f 1555/1555/1555 1748/1748/1748 1747/1747/1747
f 1556/1556/1556 1557/1557/1557 1749/1749/1749
f 1556/1556/1556 1749/1749/1749 1748/1748/1748
f 1557/1557/1557 1558/1558/1558 1750/1750/1750
f 1557/1557/1557 1750/1750/1750 1749/1749/1749
f 1558/1558/1558 1559/1559/1559 1751/1751/1751
f 1558/1558/1558 1751/1751/1751 1750/1750/1750
f 1559/1559/1559 1560/1560/1560 1752/1752/1752
f 1559/1559/1559 1752/1752/1752 1751/1751/1751
f 1560/1560/1560 1561/1561/1561 1753/1753/1753
f 1560/1560/1560 1753/1753/1753 1752/1752/1752
f 1561/1561/1561 1562/1562/1562 1754/1754/1754
f 1561/1561/1561 1754/1754/1754 1753/1753/1753
f 1562/1562/1562 1563/1563/1563 1755/1755/1755
f 1562/1562/1562 1755/1755/1755 1754/1754/1754
f 1563/1563/1563 1564/1564/1564 1756/1756/1756
f 1563/1563/1563 1756/1756/1756 1755/1755/1755
f 1564/1564/1564 1565/1565/1565 1757/1757/1757
f 1564/1564/1564 1757/1757/1757 1756/1756/1756
f 1565/1565/1565 1566/1566/1566 1758/1758/1758
f 1565/1565/1565 1758/1758/1758 1757/1757/1757
f 1566/1566/1566 1567/1567/1567 1759/1759/1759
f 1566/1566/1566 1759/1759/1759 1758/1758/1758
f 1567/1567/1567 1568/1568/1568 1760/1760/1760
f 1567/1567/1567 1760/1760/1760 1759/1759/1759
f 1568/1568/1568 1569/1569/1569 1761/1761/1761
f 1568/1568/1568 1761/1761/1761 1760/1760/1760
f 1569/1569/1569 1570/1570/1570 1762/1762/1762
f 1569/1569/1569 1762/1762/1762 1761/1761/1761
f 1570/1570/1570 1571/1571/1571 1763/1763/1763
f 1570/1570/1570 1763/1763/1763 1762/1762/1762
f 1571/1571/1571 1572/1572/1572 1764/1764/1764
f 1571/1571/1571 1764/1764/1764 1763/1763/1763
f 1572/1572/1572 1573/1573/1573 1765/1765/1765
f 1572/1572/1572 1765/1765/1765 1764/1764/1764
f 1573/1573/1573 1574/1574/1574 1766/1766/1766
f 1573/1573/1573 1766/1766/1766 1765/1765/1765
f 1574/1574/1574 1575/1575/1575 1767/1767/1767
f 1574/1574/1574 1767/1767/1767 1766/1766/1766
f 1575/1575/1575 1576/1576/1576 1768/1768/1768
f 1575/1575/1575 1768/1768/1768 1767/1767/1767
f 1576/1576/1576 1577/1577/1577 1769/1769/1769
f 1576/1576/1576 1769/1769/1769 1768/1768/1768
f 1577/1577/1577 1578/1578/1578 1770/1770/1770
f 1577/1577/1577 1770/1770/1770 1769/1769/1769
f 1578/1578/1578 1579/1579/1579 1771/1771/1771
f 1578/1578/1578 1771/1771/1771 1770/1770/1770
f 1579/1579/1579 1580/1580/1580 1772/1772/1772
f 1579/1579/1579 1772/1772/1772 1771/1771/1771
f 1580/1580/1580 1581/1581/1581 1773/1773/1773
f 1580/1580/1580 1773/1773/1773 1772/1772/1772
f 1581/1581/1581 1582/1582/1582 1774/1774/1774
f 1581/1581/1581 1774/1774/1774 1773/1773/1773
f 1582/1582/1582 1583/1583/1583 1775/1775/1775
f 1582/1582/1582 1775/1775/1775 1774/1774/1774
f 1583/1583/1583 1584/1584/1584 1776/1776/1776
f 1583/1583/1583 1776/1776/1776 1775/1775/1775
f 1584/1584/1584 1585/1585/1585 1777/1777/1777
f 1584/1584/1584 1777/1777/1777 1776/1776/1776
f 1585/1585/1585 1586/1586/1586 1778/1778/1778
f 1585/1585/1585 1778/1778/1778 1777/1777/1777
f 1586/1586/1586 1587/1587/1587 1779/1779/1779
f 1586/1586/1586 1779/1779/1779 1778/1778/1778
f 1587/1587/1587 1588/1588/1588 1780/1780/1780
f 1587/1587/1587 1780/1780/1780 1779/1779/1779
f 1588/1588/1588 1589/1589/1589 1781/1781/1781
f 1588/1588/1588 1781/1781/1781 1780/1780/1780
f 1589/1589/1589 1590/1590/1590 1782/1782/1782
f 1589/1589/1589 1782/1782/1782 1781/1781/1781
f 1590/1590/1590 1591/1591/1591 1783/1783/1783
f 1590/1590/1590 1783/1783/1783 1782/1782/1782
f 1591/1591/1591 1592/1592/1592 1784/1784/1784
f 1591/1591/1591 1784/1784/1784 1783/1783/1783
f 1592/1592/1592 1593/1593/1593 1785/1785/1785
f 1592/1592/1592 1785/1785/1785 1784/1784/1784
f 1593/1593/1593 1594/1594/1594 1786/1786/1786
f 1593/1593/1593 1786/1786/1786 1785/1785/1785
f 1594/1594/1594 1595/1595/1595 1787/1787/1787
f 1594/1594/1594 1787/1787/1787 1786/1786/1786
f 1595/1595/1595 1596/1596/1596 1788/1788/1788
f 1595/1595/1595 1788/1788/1788 1787/1787/1787
f 1596/1596/1596 1597/1597/1597 1789/1789/1789
f 1596/1596/1596 1789/1789/1789 1788/1788/1788
f 1597/1597/1597 1598/1598/1598 1790/1790/1790
f 1597/1597/1597 1790/1790/1790 1789/1789/1789
f 1598/1598/1598 1599/1599/1599 1791/1791/1791
f 1598/1598/1598 1791/1791/1791 1790/1790/1790
f 1599/1599/1599 1600/1600/1600 1792/1792/1792
f 1599/1599/1599 1792/1792/1792 1791/1791/1791
f 1600/1600/1600 1601/1601/1601 1793/1793/1793
f 1600/1600/1600 1793/1793/1793 1792/1792/1792
f 1601/1601/1601 1602/1602/1602 1794/1794/1794
f 1601/1601/1601 1794/1794/1794 1793/1793/1793
f 1602/1602/1602 1603/1603/1603 1795/1795/1795
f 1602/1602/1602 1795/1795/1795 1794/1794/1794
f 1603/1603/1603 1604/1604/1604 1796/1796/1796
f 1603/1603/1603 1796/1796/1796 1795/1795/1795
f 1604/1604/1604 1605/1605/1605 1797/1797/1797
f 1604/1604/1604 1797/1797/1797 1796/1796/1796
f 1605/1605/1605 1606/1606/1606 1798/1798/1798
f 1605/1605/1605 1798/1798/1798 1797/1797/1797
f 1606/1606/1606 1607/1607/1607 1799/1799/1799
f 1606/1606/1606 1799/1799/1799 1798/1798/1798
f 1607/1607/1607 1608/1608/1608 1800/1800/1800
f 1607/1607/1607 1800/1800/1800 1799/1799/1799
f 1608/1608/1608 1609/1609/1609 1801/1801/1801
f 1608/1608/1608 1801/1801/1801 1800/1800/1800
f 1609/1609/1609 1610/1610/1610 1802/1802/1802
f 1609/1609/1609 1802/1802/1802 1801/1801/1801
f 1610/1610/1610 1611/1611/1611 1803/1803/1803
f 1610/1610/1610 1803/1803/1803 1802/1802/1802
f 1611/1611/1611 1612/1612/1612 1804/1804/1804
f 1611/1611/1611 1804/1804/1804 1803/1803/1803
f 1612/1612/1612 1613/1613/1613 1805/1805/1805
f 1612/1612/1612 1805/1805/1805 1804/1804/1804
f 1613/1613/1613 1614/1614/1614 1806/1806/1806
f 1613/1613/1613 1806/1806/1806 1805/1805/1805
f 1614/1614/1614 1615/1615/1615 1807/1807/1807
f 1614/1614/1614 1807/1807/1807 1806/1806/1806
f 1615/1615/1615 1616/1616/1616 1808/1808/1808
f 1615/1615/1615 1808/1808/1808 1807/1807/1807
f 1616/1616/1616 1617/1617/1617 1809/1809/1809
f 1616/1616/1616 1809/1809/1809 1808/1808/1808
f 1617/1617/1617 1618/1618/1618 1810/1810/1810
f 1617/1617/1617 1810/1810/1810 1809/1809/1809
f 1618/1618/1618 1619/1619/1619 1811/1811/1811
f 1618/1618/1618 1811/1811/1811 1810/1810/1810
f 1619/1619/1619 1620/1620/1620 1812/1812/1812
f 1619/1619/1619 1812/1812/1812 1811/1811/1811
f 1620/1620/1620 1621/1621/1621 1813/1813/1813
f 1620/1620/1620 1813/1813/1813 1812/1812/1812
f 1621/1621/1621 1622/1622/1622 1814/1814/1814
f 1621/1621/1621 1814/1814/1814 1813/1813/1813
f 1622/1622/1622 1623/1623/1623 1815/1815/1815
f 1622/1622/1622 1815/1815/1815 1814/1814/1814
f 1623/1623/1623 1624/1624/1624 1816/1816/1816
f 1623/1623/1623 1816/1816/1816 1815/1815/1815
f 1624/1624/1624 1625/1625/1625 1817/1817/1817
f 1624/1624/1624 1817/1817/1817 1816/1816/1816
f 1625/1625/1625 1626/1626/1626 1818/1818/1818
f 1625/1625/1625 1818/1818/1818 1817/1817/1817
f 1626/1626/1626 1627/1627/1627 1819/1819/1819
f 1626/1626/1626 1819/1819/1819 1818/1818/1818
f 1627/1627/1627 1628/1628/1628 1820/1820/1820
f 1627/1627/1627 1820/1820/1820 1819/1819/1819
f 1628/1628/1628 1629/1629/1629 1821/1821/1821
f 1628/1628/1628 1821/1821/1821 1820/1820/1820
f 1629/1629/1629 1630/1630/1630 1822/1822/1822
f 1629/1629/1629 1822/1822/1822 1821/1821/1821
f 1630/1630/1630 1631/1631/1631 1823/1823/1823
f 1630/1630/1630 1823/1823/1823 1822/1822/1822
f 1631/1631/1631 1632/1632/1632 1824/1824/1824
f 1631/1631/1631 1824/1824/1824 1823/1823/1823
f 1632/1632/1632 1633/1633/1633 1825/1825/1825
f 1632/1632/1632 1825/1825/1825 1824/1824/1824
f 1633/1633/1633 1634/1634/1634 1826/1826/1826
f 1633/1633/1633 1826/1826/1826 1825/1825/1825
f 1634/1634/1634 1635/1635/1635 1827/1827/1827
f 1634/1634/1634 1827/1827/1827 1826/1826/1826
f 1635/1635/1635 1636/1636/1636 1828/1828/1828
f 1635/1635/1635 1828/1828/1828 1827/1827/1827
f 1636/1636/1636 1637/1637/1637 1829/1829/1829
f 1636/1636/1636 1829/1829/1829 1828/1828/1828
f 1637/1637/1637 1638/1638/1638 1830/1830/1830
f 1637/1637/1637 1830/1830/1830 1829/1829/1829
f 1638/1638/1638 1639/1639/1639 1831/1831/1831
f 1638/1638/1638 1831/1831/1831 1830/1830/1830
f 1639/1639/1639 1640/1640/1640 1832/1832/1832
f 1639/1639/1639 1832/1832/1832 1831/1831/1831
f 1640/1640/1640 1641/1641/1641 1833/1833/1833
f 1640/1640/1640 1833/1833/1833 1832/1832/1832
f 1641/1641/1641 1642/1642/1642 1834/1834/1834
f 1641/1641/1641 1834/1834/1834 1833/1833/1833
f 1642/1642/1642 1643/1643/1643 1835/1835/1835
f 1642/1642/1642 1835/1835/1835 1834/1834/1834
f 1643/1643/1643 1644/1644/1644 1836/1836/1836
f 1643/1643/1643 1836/1836/1836 1835/1835/1835
f 1644/1644/1644 1645/1645/1645 1837/1837/1837
f 1644/1644/1644 1837/1837/1837 1836/1836/1836
f 1645/1645/1645 1646/1646/1646 1838/1838/1838
f 1645/1645/1645 1838/1838/1838 1837/1837/1837
f 1646/1646/1646 1647/1647/1647 1839/1839/1839
f 1646/1646/1646 1839/1839/1839 1838/1838/1838
f 1647/1647/1647 1648/1648/1648 1840/1840/1840
f 1647/1647/1647 1840/1840/1840 1839/1839/1839
f 1648/1648/1648 1649/1649/1649 1841/1841/1841
f 1648/1648/1648 1841/1841/1841 1840/1840/1840
f 1649/1649/1649 1650/1650/1650 1842/1842/1842
f 1649/1649/1649 1842/1842/1842 1841/1841/1841
f 1650/1650/1650 1651/1651/1651 1843/1843/1843
f 1650/1650/1650 1843/1843/1843 1842/1842/1842
f 1651/1651/1651 1652/1652/1652 1844/1844/1844
f 1651/1651/1651 1844/1844/1844 1843/1843/1843
f 1652/1652/1652 1653/1653/1653 1845/1845/1845
f 1652/1652/1652 1845/1845/1845 1844/1844/1844
f 1653/1653/1653 1654/1654/1654 1846/1846/1846
f 1653/1653/1653 1846/1846/1846 1845/1845/1845
f 1654/1654/1654 1655/1655/1655 1847/1847/1847
f 1654/1654/1654 1847/1847/1847 1846/1846/1846
f 1655/1655/1655 1656/1656/1656 1848/1848/1848
f 1655/1655/1655 1848/1848/1848 1847/1847/1847
f 1656/1656/1656 1657/1657/1657 1849/1849/1849
f 1656/1656/1656 1849/1849/1849 1848/1848/1848
f 1657/1657/1657 1658/1658/1658 1850/1850/1850
f 1657/1657/1657 1850/1850/1850 1849/1849/1849
f 1658/1658/1658 1659/1659/1659 1851/1851/1851
f 1658/1658/1658 1851/1851/1851 1850/1850/1850
f 1659/1659/1659 1660/1660/1660 1852/1852/1852
f 1659/1659/1659 1852/1852/1852 1851/1851/1851
f 1660/1660/1660 1661/1661/1661 1853/1853/1853
f 1660/1660/1660 1853/1853/1853 1852/1852/1852
f 1661/1661/1661 1662/1662/1662 1854/1854/1854
f 1661/1661/1661 1854/1854/1854 1853/1853/1853
f 1662/1662/1662 1663/1663/1663 1855/1855/1855
f 1662/1662/1662 1855/1855/1855 1854/1854/1854
f 1663/1663/1663 1664/1664/1664 1856/1856/1856
f 1663/1663/1663 1856/1856/1856 1855/1855/1855
f 1664/1664/1664 1665/1665/1665 1857/1857/1857
f 1664/1664/1664 1857/1857/1857 1856/1856/1856
f 1665/1665/1665 1666/1666/1666 1858/1858/1858
f 1665/1665/1665 1858/1858/1858 1857/1857/1857
f 1666/1666/1666 1667/1667/1667 1859/1859/1859
f 1666/1666/1666 1859/1859/1859 1858/1858/1858
f 1667/1667/1667 1668/1668/1668 1860/1860/1860
f 1667/1667/1667 1860/1860/1860 1859/1859/1859
f 1668/1668/1668 1669/1669/1669 1861/1861/1861
f 1668/1668/1668 1861/1861/1861 1860/1860/1860
f 1669/1669/1669 1670/1670/1670 1862/1862/1862
f 1669/1669/1669 1862/1862/1862 1861/1861/1861
f 1670/1670/1670 1671/1671/1671 1863/1863/1863
f 1670/1670/1670 1863/1863/1863 1862/1862/1862
f 1671/1671/1671 1672/1672/1672 1864/1864/1864
f 1671/1671/1671 1864/1864/1864 1863/1863/1863
f 1672/1672/1672 1673/1673/1673 1865/1865/1865
f 1672/1672/1672 1865/1865/1865 1864/1864/1864
f 1673/1673/1673 1674/1674/1674 1866/1866/1866
f 1673/1673/1673 1866/1866/1866 1865/1865/1865
f 1674/1674/1674 1675/1675/1675 1867/1867/1867
f 1674/1674/1674 1867/1867/1867 1866/1866/1866
f 1675/1675/1675 1676/1676/1676 1868/1868/1868
f 1675/1675/1675 1868/1868/1868 1867/1867/1867
f 1676/1676/1676 1677/1677/1677 1869/1869/1869
f 1676/1676/1676 1869/1869/1869 1868/1868/1868
f 1677/1677/1677 1678/1678/1678 1870/1870/1870
f 1677/1677/1677 1870/1870/1870 1869/1869/1869
f 1678/1678/1678 1679/1679/1679 1871/1871/1871
f 1678/1678/1678 1871/1871/1871 1870/1870/1870
f 1679/1679/1679 1680/1680/1680 1872/1872/1872
f 1679/1679/1679 1872/1872/1872 1871/1871/1871
f 1680/1680/1680 1681/1681/1681 1873/1873/1873
f 1680/1680/1680 1873/1873/1873 1872/1872/1872
f 1681/1681/1681 1682/1682/1682 1874/1874/1874
f 1681/1681/1681 1874/1874/1874 1873/1873/1873
f 1682/1682/1682 1683/1683/1683 1875/1875/1875
f 1682/1682/1682 1875/1875/1875 1874/1874/1874
f 1683/1683/1683 1684/1684/1684 1876/1876/1876
f 1683/1683/1683 1876/1876/1876 1875/1875/1875
f 1684/1684/1684 1685/1685/1685 1877/1877/1877
f 1684/1684/1684 1877/1877/1877 1876/1876/1876
f 1685/1685/1685 1686/1686/1686 1878/1878/1878
f 1685/1685/1685 1878/1878/1878 1877/1877/1877
f 1686/1686/1686 1687/1687/1687 1879/1879/1879
f 1686/1686/1686 1879/1879/1879 1878/1878/1878
f 1687/1687/1687 1688/1688/1688 1880/1880/1880
f 1687/1687/1687 1880/1880/1880 1879/1879/1879
f 1688/1688/1688 1689/1689/1689 1881/1881/1881
f 1688/1688/1688 1881/1881/1881 1880/1880/1880
f 1689/1689/1689 1690/1690/1690 1882/1882/1882
f 1689/1689/1689 1882/1882/1882 1881/1881/1881
f 1690/1690/1690 1691/1691/1691 1883/1883/1883
f 1690/1690/1690 1883/1883/1883 1882/1882/1882
f 1691/1691/1691 1692/1692/1692 1884/1884/1884
f 1691/1691/1691 1884/1884/1884 1883/1883/1883
f 1692/1692/1692 1693/1693/1693 1885/1885/1885
f 1692/1692/1692 1885/1885/1885 1884/1884/1884
f 1693/1693/1693 1694/1694/1694 1886/1886/1886
f 1693/1693/1693 1886/1886/1886 1885/1885/1885
f 1694/1694/1694 1695/1695/1695 1887/1887/1887
f 1694/1694/1694 1887/1887/1887 1886/1886/1886
f 1695/1695/1695 1696/1696/1696 1888/1888/1888
f 1695/1695/1695 1888/1888/1888 1887/1887/1887
f 1696/1696/1696 1697/1697/1697 1889/1889/1889
f 1696/1696/1696 1889/1889/1889 1888/1888/1888
f 1697/1697/1697 1698/1698/1698 1890/1890/1890
f 1697/1697/1697 1890/1890/1890 1889/1889/1889
f 1698/1698/1698 1699/1699/1699 1891/1891/1891
f 1698/1698/1698 1891/1891/1891 1890/1890/1890
f 1699/1699/1699 1700/1700/1700 1892/1892/1892
f 1699/1699/1699 1892/1892/1892 1891/1891/1891
f 1700/1700/1700 1701/1701/1701 1893/1893/1893
f 1700/1700/1700 1893/1893/1893 1892/1892/1892
f 1701/1701/1701 1702/1702/1702 1894/1894/1894
f 1701/1701/1701 1894/1894/1894 1893/1893/1893
f 1702/1702/1702 1703/1703/1703 1895/1895/1895
f 1702/1702/1702 1895/1895/1895 1894/1894/1894
f 1703/1703/1703 1704/1704/1704 1896/1896/1896
f 1703/1703/1703 1896/1896/1896 1895/1895/1895
f 1704/1704/1704 1705/1705/1705 1897/1897/1897
f 1704/1704/1704 1897/1897/1897 1896/1896/1896
f 1705/1705/1705 1706/1706/1706 1898/1898/1898
f 1705/1705/1705 1898/1898/1898 1897/1897/1897
f 1706/1706/1706 1707/1707/1707 1899/1899/1899
f 1706/1706/1706 1899/1899/1899 1898/1898/1898
f 1707/1707/1707 1708/1708/1708 1900/1900/1900
f 1707/1707/1707 1900/1900/1900 1899/1899/1899
f 1708/1708/1708 1709/1709/1709 1901/1901/1901
f 1708/1708/1708 1901/1901/1901 1900/1900/1900
f 1709/1709/1709 1710/1710/1710 1902/1902/1902
f 1709/1709/1709 1902/1902/1902 1901/1901/1901
f 1710/1710/1710 1711/1711/1711 1903/1903/1903
f 1710/1710/1710 1903/1903/1903 1902/1902/1902
f 1711/1711/1711 1712/1712/1712 1904/1904/1904
f 1711/1711/1711 1904/1904/1904 1903/1903/1903
f 1712/1712/1712 1713/1713/1713 1905/1905/1905
f 1712/1712/1712 1905/1905/1905 1904/1904/1904
f 1713/1713/1713 1714/1714/1714 1906/1906/1906
f 1713/1713/1713 1906/1906/1906 1905/1905/1905
f 1714/1714/1714 1715/1715/1715 1907/1907/1907
f 1714/1714/1714 1907/1907/1907 1906/1906/1906
f 1715/1715/1715 1716/1716/1716 1908/1908/1908
f 1715/1715/1715 1908/1908/1908 1907/1907/1907
f 1716/1716/1716 1717/1717/1717 1909/1909/1909
f 1716/1716/1716 1909/1909/1909 1908/1908/1908
f 1717/1717/1717 1718/1718/1718 1910/1910/1910
f 1717/1717/1717 1910/1910/1910 1909/1909/1909
f 1718/1718/1718 1719/1719/1719 1911/1911/1911
f 1718/1718/1718 1911/1911/1911 1910/1910/1910
f 1719/1719/1719 1720/1720/1720 1912/1912/1912
f 1719/1719/1719 1912/1912/1912 1911/1911/1911
f 1720/1720/1720 1721/1721/1721 1913/1913/1913
f 1720/1720/1720 1913/1913/1913 1912/1912/1912
f 1721/1721/1721 1722/1722/1722 1914/1914/1914
f 1721/1721/1721 1914/1914/1914 1913/1913/1913
f 1722/1722/1722 1723/1723/1723 1915/1915/1915
f 1722/1722/1722 1915/1915/1915 1914/1914/1914
f 1723/1723/1723 1724/1724/1724 1916/1916/1916
f 1723/1723/1723 1916/1916/1916 1915/1915/1915
f 1724/1724/1724 1725/1725/1725 1917/1917/1917
f 1724/1724/1724 1917/1917/1917 1916/1916/1916
f 1725/1725/1725 1726/1726/1726 1918/1918/1918
f 1725/1725/1725 1918/1918/1918 1917/1917/1917
f 1726/1726/1726 1727/1727/1727 1919/1919/1919
f 1726/1726/1726 1919/1919/1919 1918/1918/1918
f 1727/1727/1727 1728/1728/1728 1920/1920/1920
f 1727/1727/1727 1920/1920/1920 1919/1919/1919
f 1728/1728/1728 1729/1729/1729 1921/1921/1921
f 1728/1728/1728 1921/1921/1921 1920/1920/1920
f 1729/1729/1729 1538/1538/1538 1730/1730/1730
f 1729/1729/1729 1730/1730/1730 1921/1921/1921
f 1730/1730/1730 1731/1731/1731 1923/1923/1923
f 1730/1730/1730 1923/1923/1923 1922/1922/1922
f 1731/1731/1731 1732/1732/1732 1924/1924/1924
f 1731/1731/1731 1924/1924/1924 1923/1923/1923
f 1732/1732/1732 1733/1733/1733 1925/1925/1925
f 1732/1732/1732 1925/1925/1925 1924/1924/1924
f 1733/1733/1733 1734/1734/1734 1926/1926/1926
f 1733/1733/1733 1926/1926/1926 1925/1925/1925
f 1734/1734/1734 1735/1735/1735 1927/1927/1927
f 1734/1734/1734 1927/1927/1927 1926/1926/1926
f 1735/1735/1735 1736/1736/1736 1928/1928/1928
f 1735/1735/1735 1928/1928/1928 1927/1927/1927
f 1736/1736/1736 1737/1737/1737 1929/1929/1929
f 1736/1736/1736 1929/1929/1929 1928/1928/1928
f 1737/1737/1737 1738/1738/1738 1930/1930/1930
f 1737/1737/1737 1930/1930/1930 1929/1929/1929
f 1738/1738/1738 1739/1739/1739 1931/1931/1931
f 1738/1738/1738 1931/1931/1931 1930/1930/1930
f 1739/1739/1739 1740/1740/1740 1932/1932/1932
f 1739/1739/1739 1932/1932/1932 1931/1931/1931
f 1740/1740/1740 1741/1741/1741 1933/1933/1933
f 1740/1740/1740 1933/1933/1933 1932/1932/1932
f 1741/1741/1741 1742/1742/1742 1934/1934/1934
f 1741/1741/1741 1934/1934/1934 1933/1933/1933
f 1742/1742/1742 1743/1743/1743 1935/1935/1935
f 1742/1742/1742 1935/1935/1935 1934/1934/1934
f 1743/1743/1743 1744/1744/1744 1936/1936/1936
f 1743/1743/1743 1936/1936/1936 1935/1935/1935
f 1744/1744/1744 1745/1745/1745 1937/1937/1937
f 1744/1744/1744 1937/1937/1937 1936/1936/1936
f 1745/1745/1745 1746/1746/1746 1938/1938/1938
f 1745/1745/1745 1938/1938/1938 1937/1937/1937
f 1746/1746/1746 1747/1747/1747 1939/1939/1939
f 1746/1746/1746 1939/1939/1939 1938/1938/1938
f 1747/1747/1747 1748/1748/1748 1940/1940/1940
f 1747/1747/1747 1940/1940/1940 1939/1939/1939
f 1748/1748/1748 1749/1749/1749 1941/1941/1941
f 1748/1748/1748 1941/1941/1941 1940/1940/1940
f 1749/1749/1749 1750/1750/1750 1942/1942/1942
f 1749/1749/1749 1942/1942/1942 1941/1941/1941
f 1750/1750/1750 1751/1751/1751 1943/1943/1943
f 1750/1750/1750 1943/1943/1943 1942/1942/1942
f 1751/1751/1751 1752/1752/1752 1944/1944/1944
f 1751/1751/1751 1944/1944/1944 1943/1943/1943
f 1752/1752/1752 1753/1753/1753 1945/1945/1945
f 1752/1752/1752 1945/1945/1945 1944/1944/1944
f 1753/1753/1753 1754/1754/1754 1946/1946/1946
f 1753/1753/1753 1946/1946/1946 1945/1945/1945
f 1754/1754/1754 1755/1755/1755 1947/1947/1947
f 1754/1754/1754 1947/1947/1947 1946/1946/1946
f 1755/1755/1755 1756/1756/1756 1948/1948/1948
f 1755/1755/1755 1948/1948/1948 1947/1947/1947
f 1756/1756/1756 1757/1757/1757 1949/1949/1949
f 1756/1756/1756 1949/1949/1949 1948/1948/1948
f 1757/1757/1757 1758/1758/1758 1950/1950/1950
f 1757/1757/1757 1950/1950/1950 1949/1949/1949
f 1758/1758/1758 1759/1759/1759 1951/1951/1951
f 1758/1758/1758 1951/1951/1951 1950/1950/1950
f 1759/1759/1759 1760/1760/1760 1952/1952/1952
f 1759/1759/1759 1952/1952/1952 1951/1951/1951
f 1760/1760/1760 1761/1761/1761 1953/1953/1953
f 1760/1760/1760 1953/1953/1953 1952/1952/1952
f 1761/1761/1761 1762/1762/1762 1954/1954/1954
f 1761/1761/1761 1954/1954/1954 1953/1953/1953
f 1762/1762/1762 1763/1763/1763 1955/1955/1955
f 1762/1762/1762 1955/1955/1955 1954/1954/1954
f 1763/1763/1763 1764/1764/1764 1956/1956/1956
f 1763/1763/1763 1956/1956/1956 1955/1955/1955
f 1764/1764/1764 1765/1765/1765 1957/1957/1957
f 1764/1764/1764 1957/1957/1957 1956/1956/1956
f 1765/1765/1765 1766/1766/1766 1958/1958/1958
f 1765/1765/1765 1958/1958/1958 1957/1957/1957
f 1766/1766/1766 1767/1767/1767 1959/1959/1959
f 1766/1766/1766 1959/1959/1959 1958/1958/1958
f 1767/1767/1767 1768/1768/1768 1960/1960/1960
f 1767/1767/1767 1960/1960/1960 1959/1959/1959
f 1768/1768/1768 1769/1769/1769 1961/1961/1961
f 1768/1768/1768 1961/1961/1961 1960/1960/1960
f 1769/1769/1769 1770/1770/1770 1962/1962/1962
f 1769/1769/1769 1962/1962/1962 1961/1961/1961
f 1770/1770/1770 1771/1771/1771 1963/1963/1963
f 1770/1770/1770 1963/1963/1963 1962/1962/1962
f 1771/1771/1771 1772/1772/1772 1964/1964/1964
f 1771/1771/1771 1964/1964/1964 1963/1963/1963
f 1772/1772/1772 1773/1773/1773 1965/1965/1965
f 1772/1772/1772 1965/1965/1965 1964/1964/1964
f 1773/1773/1773 1774/1774/1774 1966/1966/1966
f 1773/1773/1773 1966/1966/1966 1965/1965/1965
f 1774/1774/1774 1775/1775/1775 1967/1967/1967
f 1774/1774/1774 1967/1967/1967 1966/1966/1966
f 1775/1775/1775 1776/1776/1776 1968/1968/1968
f 1775/1775/1775 1968/1968/1968 1967/1967/1967
f 1776/1776/1776 1777/1777/1777 1969/1969/1969
f 1776/1776/1776 1969/1969/1969 1968/1968/1968
f 1777/1777/1777 1778/1778/1778 1970/1970/1970
f 1777/1777/1777 1970/1970/1970 1969/1969/1969
f 1778/1778/1778 1779/1779/1779 1971/1971/1971
f 1778/1778/1778 1971/1971/1971 1970/1970/1970
f 1779/1779/1779 1780/1780/1780 1972/1972/1972
f 1779/1779/1779 1972/1972/1972 1971/1971/1971
f 1780/1780/1780 1781/1781/1781 1973/1973/1973
f 1780/1780/1780 1973/1973/1973 1972/1972/1972
f 1781/1781/1781 1782/1782/1782 1974/1974/1974
f 1781/1781/1781 1974/1974/1974 1973/1973/1973
f 1782/1782/1782 1783/1783/1783 1975/1975/1975
f 1782/1782/1782 1975/1975/1975 1974/1974/1974
f 1783/1783/1783 1784/1784/1784 1976/1976/1976
f 1783/1783/1783 1976/1976/1976 1975/1975/1975
f 1784/1784/1784 1785/1785/1785 1977/1977/1977
f 1784/1784/1784 1977/1977/1977 1976/1976/1976
f 1785/1785/1785 1786/1786/1786 1978/1978/1978
f 1785/1785/1785 1978/1978/1978 1977/1977/1977
f 1786/1786/1786 1787/1787/1787 1979/1979/1979
f 1786/1786/1786 1979/1979/1979 1978/1978/1978
f 1787/1787/1787 1788/1788/1788 1980/1980/1980
f 1787/1787/1787 1980/1980/1980 1979/1979/1979
f 1788/1788/1788 1789/1789/1789 1981/1981/1981
f 1788/1788/1788 1981/1981/1981 1980/1980/1980
f 1789/1789/1789 1790/1790/1790 1982/1982/1982
f 1789/1789/1789 1982/1982/1982 1981/1981/1981
f 1790/1790/1790 1791/1791/1791 1983/1983/1983
f 1790/1790/1790 1983/1983/1983 1982/1982/1982
f 1791/1791/1791 1792/1792/1792 1984/1984/1984
f 1791/1791/1791 1984/1984/1984 1983/1983/1983
f 1792/1792/1792 1793/1793/1793 1985/1985/1985
f 1792/1792/1792 1985/1985/1985 1984/1984/1984
f 1793/1793/1793 1794/1794/1794 1986/1986/1986
f 1793/1793/1793 1986/1986/1986 1985/1985/1985
f 1794/1794/1794 1795/1795/1795 1987/1987/1987
f 1794/1794/1794 1987/1987/1987 1986/1986/1986
f 1795/1795/1795 1796/1796/1796 1988/1988/1988
f 1795/1795/1795 1988/1988/1988 1987/1987/1987
f 1796/1796/1796 1797/1797/1797 1989/1989/1989
f 1796/1796/1796 1989/1989/1989 1988/1988/1988
f 1797/1797/1797 1798/1798/1798 1990/1990/1990
f 1797/1797/1797 1990/1990/1990 1989/1989/1989
f 1798/1798/1798 1799/1799/1799 1991/1991/1991
f 1798/1798/1798 1991/1991/1991 1990/1990/1990
f 1799/1799/1799 1800/1800/1800 1992/1992/1992
f 1799/1799/1799 1992/1992/1992 1991/1991/1991
f 1800/1800/1800 1801/1801/1801 1993/1993/1993
f 1800/1800/1800 1993/1993/1993 1992/1992/1992
f 1801/1801/1801 1802/1802/1802 1994/1994/1994
f 1801/1801/1801 1994/1994/1994 1993/1993/1993
f 1802/1802/1802 1803/1803/1803 1995/1995/1995
f 1802/1802/1802 1995/1995/1995 1994/1994/1994
f 1803/1803/1803 1804/1804/1804 1996/1996/1996
f 1803/1803/1803 1996/1996/1996 1995/1995/1995
f 1804/1804/1804 1805/1805/1805 1997/1997/1997
f 1804/1804/1804 1997/1997/1997 1996/1996/1996
f 1805/1805/1805 1806/1806/1806 1998/1998/1998
f 1805/1805/1805 1998/1998/1998 1997/1997/1997
f 1806/1806/1806 1807/1807/1807 1999/1999/1999
f 1806/1806/1806 1999/1999/1999 1998/1998/1998
f 1807/1807/1807 1808/1808/1808 2000/2000/2000
f 1807/1807/1807 2000/2000/2000 1999/1999/1999
f 1808/1808/1808 1809/1809/1809 2001/2001/2001
f 1808/1808/1808 2001/2001/2001 2000/2000/2000
f 1809/1809/1809 1810/1810/1810 2002/2002/2002
f 1809/1809/1809 2002/2002/2002 2001/2001/2001
f 1810/1810/1810 1811/1811/1811 2003/2003/2003
f 1810/1810/1810 2003/2003/2003 2002/2002/2002
f 1811/1811/1811 1812/1812/1812 2004/2004/2004
f 1811/1811/1811 2004/2004/2004 2003/2003/2003
f 1812/1812/1812 1813/1813/1813 2005/2005/2005
f 1812/1812/1812 2005/2005/2005 2004/2004/2004
f 1813/1813/1813 1814/1814/1814 2006/2006/2006
f 1813/1813/1813 2006/2006/2006 2005/2005/2005
f 1814/1814/1814 1815/1815/1815 2007/2007/2007
f 1814/1814/1814 2007/2007/2007 2006/2006/2006
f 1815/1815/1815 1816/1816/1816 2008/2008/2008
f 1815/1815/1815 2008/2008/2008 2007/2007/2007
f 1816/1816/1816 1817/1817/1817 2009/2009/2009
f 1816/1816/1816 2009/2009/2009 2008/2008/2008
f 1817/1817/1817 1818/1818/1818 2010/2010/2010
f 1817/1817/1817 2010/2010/2010 2009/2009/2009
f 1818/1818/1818 1819/1819/1819 2011/2011/2011
f 1818/1818/1818 2011/2011/2011 2010/2010/2010
f 1819/1819/1819 1820/1820/1820 2012/2012/2012
f 1819/1819/1819 2012/2012/2012 2011/2011/2011
f 1820/1820/1820 1821/1821/1821 2013/2013/2013
f 1820/1820/1820 2013/2013/2013 2012/2012/2012
f 1821/1821/1821 1822/1822/1822 2014/2014/2014
f 1821/1821/1821 2014/2014/2014 2013/2013/2013
f 1822/1822/1822 1823/1823/1823 2015/2015/2015
f 1822/1822/1822 2015/2015/2015 2014/2014/2014
f 1823/1823/1823 1824/1824/1824 2016/2016/2016
f 1823/1823/1823 2016/2016/2016 2015/2015/2015
f 1824/1824/1824 1825/1825/1825 2017/2017/2017
f 1824/1824/1824 2017/2017/2017 2016/2016/2016
f 1825/1825/1825 1826/1826/1826 2018/2018/2018
f 1825/1825/1825 2018/2018/2018 2017/2017/2017
f 1826/1826/1826 1827/1827/1827 2019/2019/2019
f 1826/1826/1826 2019/2019/2019 2018/2018/2018
f 1827/1827/1827 1828/1828/1828 2020/2020/2020
f 1827/1827/1827 2020/2020/2020 2019/2019/2019
f 1828/1828/1828 1829/1829/1829 2021/2021/2021
f 1828/1828/1828 2021/2021/2021 2020/2020/2020
f 1829/1829/1829 1830/1830/1830 2022/2022/2022
f 1829/1829/1829 2022/2022/2022 2021/2021/2021
f 1830/1830/1830 1831/1831/1831 2023/2023/2023
f 1830/1830/1830 2023/2023/2023 2022/2022/2022
f 1831/1831/1831 1832/1832/1832 2024/2024/2024
f 1831/1831/1831 2024/2024/2024 2023/2023/2023
f 1832/1832/1832 1833/1833/1833 2025/2025/2025
f 1832/1832/1832 2025/2025/2025 2024/2024/2024
f 1833/1833/1833 1834/1834/1834 2026/2026/2026
f 1833/1833/1833 2026/2026/2026 2025/2025/2025
f 1834/1834/1834 1835/1835/1835 2027/2027/2027
f 1834/1834/1834 2027/2027/2027 2026/2026/2026
f 1835/1835/1835 1836/1836/1836 2028/2028/2028
f 1835/1835/1835 2028/2028/2028 2027/2027/2027
f 1836/1836/1836 1837/1837/1837 2029/2029/2029
f 1836/1836/1836 2029/2029/2029 2028/2028/2028
f 1837/1837/1837 1838/1838/1838 2030/2030/2030
f 1837/1837/1837 2030/2030/2030 2029/2029/2029
f 1838/1838/1838 1839/1839/1839 2031/2031/2031
f 1838/1838/1838 2031/2031/2031 2030/2030/2030
f 1839/1839/1839 1840/1840/1840 2032/2032/2032
f 1839/1839/1839 2032/2032/2032 2031/2031/2031
f 1840/1840/1840 1841/1841/1841 2033/2033/2033
f 1840/1840/1840 2033/2033/2033 2032/2032/2032
f 1841/1841/1841 1842/1842/1842 2034/2034/2034
f 1841/1841/1841 2034/2034/2034 2033/2033/2033
f 1842/1842/1842 1843/1843/1843 2035/2035/2035
f 1842/1842/1842 2035/2035/2035 2034/2034/2034
f 1843/1843/1843 1844/1844/1844 2036/2036/2036
f 1843/1843/1843 2036/2036/2036 2035/2035/2035
f 1844/1844/1844 1845/1845/1845 2037/2037/2037
f 1844/1844/1844 2037/2037/2037 2036/2036/2036
f 1845/1845/1845 1846/1846/1846 2038/2038/2038
f 1845/1845/1845 2038/2038/2038 2037/2037/2037
f 1846/1846/1846 1847/1847/1847 2039/2039/2039
f 1846/1846/1846 2039/2039/2039 2038/2038/2038
f 1847/1847/1847 1848/1848/1848 2040/2040/2040
f 1847/1847/1847 2040/2040/2040 2039/2039/2039
f 1848/1848/1848 1849/1849/1849 2041/2041/2041
f 1848/1848/1848 2041/2041/2041 2040/2040/2040
f 1849/1849/1849 1850/1850/1850 2042/2042/2042
f 1849/1849/1849 2042/2042/2042 2041/2041/2041
f 1850/1850/1850 1851/1851/1851 2043/2043/2043
f 1850/1850/1850 2043/2043/2043 2042/2042/2042
f 1851/1851/1851 1852/1852/1852 2044/2044/2044
f 1851/1851/1851 2044/2044/2044 2043/2043/2043
f 1852/1852/1852 1853/1853/1853 2045/2045/2045
f 1852/1852/1852 2045/2045/2045 2044/2044/2044
f 1853/1853/1853 1854/1854/1854 2046/2046/2046
f 1853/1853/1853 2046/2046/2046 2045/2045/2045
f 1854/1854/1854 1855/1855/1855 2047/2047/2047
f 1854/1854/1854 2047/2047/2047 2046/2046/2046
f 1855/1855/1855 1856/1856/1856 2048/2048/2048
f 1855/1855/1855 2048/2048/2048 2047/2047/2047
f 1856/1856/1856 1857/1857/1857 2049/2049/2049
f 1856/1856/1856 2049/2049/2049 2048/2048/2048
f 1857/1857/1857 1858/1858/1858 2050/2050/2050
f 1857/1857/1857 2050/2050/2050 2049/2049/2049
f 1858/1858/1858 1859/1859/1859 2051/2051/2051
f 1858/1858/1858 2051/2051/2051 2050/2050/2050
f 1859/1859/1859 1860/1860/1860 2052/2052/2052
f 1859/1859/1859 2052/2052/2052 2051/2051/2051
f 1860/1860/1860 1861/1861/1861 2053/2053/2053
f 1860/1860/1860 2053/2053/2053 2052/2052/2052
f 1861/1861/1861 1862/1862/1862 2054/2054/2054
f 1861/1861/1861 2054/2054/2054 2053/2053/2053
f 1862/1862/1862 1863/1863/1863 2055/2055/2055
f 1862/1862/1862 2055/2055/2055 2054/2054/2054
f 1863/1863/1863 1864/1864/1864 2056/2056/2056
f 1863/1863/1863 2056/2056/2056 2055/2055/2055
f 1864/1864/1864 1865/1865/1865 2057/2057/2057
f 1864/1864/1864 2057/2057/2057 2056/2056/2056
f 1865/1865/1865 1866/1866/1866 2058/2058/2058
f 1865/1865/1865 2058/2058/2058 2057/2057/2057
f 1866/1866/1866 1867/1867/1867 2059/2059/2059
f 1866/1866/1866 2059/2059/2059 2058/2058/2058
f 1867/1867/1867 1868/1868/1868 2060/2060/2060
f 1867/1867/1867 2060/2060/2060 2059/2059/2059
f 1868/1868/1868 1869/1869/1869 2061/2061/2061
f 1868/1868/1868 2061/2061/2061 2060/2060/2060
f 1869/1869/1869 1870/1870/1870 2062/2062/2062
f 1869/1869/1869 2062/2062/2062 2061/2061/2061
f 1870/1870/1870 1871/1871/1871 2063/2063/2063
f 1870/1870/1870 2063/2063/2063 2062/2062/2062
f 1871/1871/1871 1872/1872/1872 2064/2064/2064
f 1871/1871/1871 2064/2064/2064 2063/2063/2063
f 1872/1872/1872 1873/1873/1873 2065/2065/2065
f 1872/1872/1872 2065/2065/2065 2064/2064/2064
f 1873/1873/1873 1874/1874/1874 2066/2066/2066
f 1873/1873/1873 2066/2066/2066 2065/2065/2065
f 1874/1874/1874 1875/1875/1875 2067/2067/2067
f 1874/1874/1874 2067/2067/2067 2066/2066/2066
f 1875/1875/1875 1876/1876/1876 2068/2068/2068
f 1875/1875/1875 2068/2068/2068 2067/2067/2067
f 1876/1876/1876 1877/1877/1877 2069/2069/2069
f 1876/1876/1876 2069/2069/2069 2068/2068/2068
f 1877/1877/1877 1878/1878/1878 2070/2070/2070
f 1877/1877/1877 2070/2070/2070 2069/2069/2069
f 1878/1878/1878 1879/1879/1879 2071/2071/2071
f 1878/1878/1878 2071/2071/2071 2070/2070/2070
f 1879/1879/1879 1880/1880/1880 2072/2072/2072
f 1879/1879/1879 2072/2072/2072 2071/2071/2071
f 1880/1880/1880 1881/1881/1881 2073/2073/2073
f 1880/1880/1880 2073/2073/2073 2072/2072/2072
f 1881/1881/1881 1882/1882/1882 2074/2074/2074
f 1881/1881/1881 2074/2074/2074 2073/2073/2073
f 1882/1882/1882 1883/1883/1883 2075/2075/2075
f 1882/1882/1882 2075/2075/2075 2074/2074/2074
f 1883/1883/1883 1884/1884/1884 2076/2076/2076
f 1883/1883/1883 2076/2076/2076 2075/2075/2075
f 1884/1884/1884 1885/1885/1885 2077/2077/2077
f 1884/1884/1884 2077/2077/2077 2076/2076/2076
f 1885/1885/1885 1886/1886/1886 2078/2078/2078
f 1885/1885/1885 2078/2078/2078 2077/2077/2077
f 1886/1886/1886 1887/1887/1887 2079/2079/2079
f 1886/1886/1886 2079/2079/2079 2078/2078/2078
f 1887/1887/1887 1888/1888/1888 2080/2080/2080
f 1887/1887/1887 2080/2080/2080 2079/2079/2079
f 1888/1888/1888 1889/1889/1889 2081/2081/2081
f 1888/1888/1888 2081/2081/2081 2080/2080/2080
f 1889/1889/1889 1890/1890/1890 2082/2082/2082
f 1889/1889/1889 2082/2082/2082 2081/2081/2081
f 1890/1890/1890 1891/1891/1891 2083/2083/2083
f 1890/1890/1890 2083/2083/2083 2082/2082/2082
f 1891/1891/1891 1892/1892/1892 2084/2084/2084
f 1891/1891/1891 2084/2084/2084 2083/2083/2083
f 1892/1892/1892 1893/1893/1893 2085/2085/2085
f 1892/1892/1892 2085/2085/2085 2084/2084/2084
f 1893/1893/1893 1894/1894/1894 2086/2086/2086
f 1893/1893/1893 2086/2086/2086 2085/2085/2085
f 1894/1894/1894 1895/1895/1895 2087/2087/2087
f 1894/1894/1894 2087/2087/2087 2086/2086/2086
f 1895/1895/1895 1896/1896/1896 2088/2088/2088
f 1895/1895/1895 2088/2088/2088 2087/2087/2087
f 1896/1896/1896 1897/1897/1897 2089/2089/2089
f 1896/1896/1896 2089/2089/2089 2088/2088/2088
f 1897/1897/1897 1898/1898/1898 2090/2090/2090
f 1897/1897/1897 2090/2090/2090 2089/2089/2089
f 1898/1898/1898 1899/1899/1899 2091/2091/2091
f 1898/1898/1898 2091/2091/2091 2090/2090/2090
f 1899/1899/1899 1900/1900/1900 2092/2092/2092
f 1899/1899/1899 2092/2092/2092 2091/2091/2091
f 1900/1900/1900 1901/1901/1901 2093/2093/2093
f 1900/1900/1900 2093/2093/2093 2092/2092/2092
f 1901/1901/1901 1902/1902/1902 2094/2094/2094
f 1901/1901/1901 2094/2094/2094 2093/2093/2093
f 1902/1902/1902 1903/1903/1903 2095/2095/2095
f 1902/1902/1902 2095/2095/2095 2094/2094/2094
f 1903/1903/1903 1904/1904/1904 2096/2096/2096
f 1903/1903/1903 2096/2096/2096 2095/2095/2095
f 1904/1904/1904 1905/1905/1905 2097/2097/2097
f 1904/1904/1904 2097/2097/2097 2096/2096/2096
f 1905/1905/1905 1906/1906/1906 2098/2098/2098
f 1905/1905/1905 2098/2098/2098 2097/2097/2097
f 1906/1906/1906 1907/1907/1907 2099/2099/2099
f 1906/1906/1906 2099/2099/2099 2098/2098/2098
f 1907/1907/1907 1908/1908/1908 2100/2100/2100
f 1907/1907/1907 2100/2100/2100 2099/2099/2099
f 1908/1908/1908 1909/1909/1909 2101/2101/2101
f 1908/1908/1908 2101/2101/2101 2100/2100/2100
f 1909/1909/1909 1910/1910/1910 2102/2102/2102
f 1909/1909/1909 2102/2102/2102 2101/2101/2101
f 1910/1910/1910 1911/1911/1911 2103/2103/2103
f 1910/1910/1910 2103/2103/2103 2102/2102/2102
f 1911/1911/1911 1912/1912/1912 2104/2104/2104
f 1911/1911/1911 2104/2104/2104 2103/2103/2103
f 1912/1912/1912 1913/1913/1913 2105/2105/2105
f 1912/1912/1912 2105/2105/2105 2104/2104/2104
f 1913/1913/1913 1914/1914/1914 2106/2106/2106
f 1913/1913/1913 2106/2106/2106 2105/2105/2105
f 1914/1914/1914 1915/1915/1915 2107/2107/2107
f 1914/1914/1914 2107/2107/2107 2106/2106/2106
f 1915/1915/1915 1916/1916/1916 2108/2108/2108
f 1915/1915/1915 2108/2108/2108 2107/2107/2107
f 1916/1916/1916 1917/1917/1917 2109/2109/2109
f 1916/1916/1916 2109/2109/2109 2108/2108/2108
f 1917/1917/1917 1918/1918/1918 2110/2110/2110
f 1917/1917/1917 2110/2110/2110 2109/2109/2109
f 1918/1918/1918 1919/1919/1919 2111/2111/2111
f 1918/1918/1918 2111/2111/2111 2110/2110/2110
f 1919/1919/1919 1920/1920/1920 2112/2112/2112
f 1919/1919/1919 2112/2112/2112 2111/2111/2111
f 1920/1920/1920 1921/1921/1921 2113/2113/2113
f 1920/1920/1920 2113/2113/2113 2112/2112/2112
f 1921/1921/1921 1730/1730/1730 1922/1922/1922
f 1921/1921/1921 1922/1922/1922 2113/2113/2113
f 1922/1922/1922 1923/1923/1923 2115/2115/2115
f 1922/1922/1922 2115/2115/2115 2114/2114/2114
f 1923/1923/1923 1924/1924/1924 2116/2116/2116
f 1923/1923/1923 2116/2116/2116 2115/2115/2115
f 1924/1924/1924 1925/1925/1925 2117/2117/2117
f 1924/1924/1924 2117/2117/2117 2116/2116/2116
f 1925/1925/1925 1926/1926/1926 2118/2118/2118
f 1925/1925/1925 2118/2118/2118 2117/2117/2117
f 1926/1926/1926 1927/1927/1927 2119/2119/2119
f 1926/1926/1926 2119/2119/2119 2118/2118/2118
f 1927/1927/1927 1928/1928/1928 2120/2120/2120
f 1927/1927/1927 2120/2120/2120 2119/2119/2119
f 1928/1928/1928 1929/1929/1929 2121/2121/2121
f 1928/1928/1928 2121/2121/2121 2120/2120/2120
f 1929/1929/1929 1930/1930/1930 2122/2122/2122
f 1929/1929/1929 2122/2122/2122 2121/2121/2121
f 1930/1930/1930 1931/1931/1931 2123/2123/2123
f 1930/1930/1930 2123/2123/2123 2122/2122/2122
f 1931/1931/1931 1932/1932/1932 2124/2124/2124
f 1931/1931/1931 2124/2124/2124 2123/2123/2123
f 1932/1932/1932 1933/1933/1933 2125/2125/2125
f 1932/1932/1932 2125/2125/2125 2124/2124/2124
f 1933/1933/1933 1934/1934/1934 2126/2126/2126
f 1933/1933/1933 2126/2126/2126 2125/2125/2125
f 1934/1934/1934 1935/1935/1935 2127/2127/2127
f 1934/1934/1934 2127/2127/2127 2126/2126/2126
f 1935/1935/1935 1936/1936/1936 2128/2128/2128
f 1935/1935/1935 2128/2128/2128 2127/2127/2127
f 1936/1936/1936 1937/1937/1937 2129/2129/2129
f 1936/1936/1936 2129/2129/2129 2128/2128/2128
f 1937/1937/1937 1938/1938/1938 2130/2130/2130
f 1937/1937/1937 2130/2130/2130 2129/2129/2129
f 1938/1938/1938 1939/1939/1939 2131/2131/2131
f 1938/1938/1938 2131/2131/2131 2130/2130/2130
f 1939/1939/1939 1940/1940/1940 2132/2132/2132
f 1939/1939/1939 2132/2132/2132 2131/2131/2131
f 1940/1940/1940 1941/1941/1941 2133/2133/2133
f 1940/1940/1940 2133/2133/2133 2132/2132/2132
f 1941/1941/1941 1942/1942/1942 2134/2134/2134
f 1941/1941/1941 2134/2134/2134 2133/2133/2133
f 1942/1942/1942 1943/1943/1943 2135/2135/2135
f 1942/1942/1942 2135/2135/2135 2134/2134/2134
f 1943/1943/1943 1944/1944/1944 2136/2136/2136
f 1943/1943/1943 2136/2136/2136 2135/2135/2135
f 1944/1944/1944 1945/1945/1945 2137/2137/2137
f 1944/1944/1944 2137/2137/2137 2136/2136/2136
f 1945/1945/1945 1946/1946/1946 2138/2138/2138
f 1945/1945/1945 2138/2138/2138 2137/2137/2137
f 1946/1946/1946 1947/1947/1947 2139/2139/2139
f 1946/1946/1946 2139/2139/2139 2138/2138/2138
f 1947/1947/1947 1948/1948/1948 2140/2140/2140
f 1947/1947/1947 2140/2140/2140 2139/2139/2139
f 1948/1948/1948 1949/1949/1949 2141/2141/2141
f 1948/1948/1948 2141/2141/2141 2140/2140/2140
f 1949/1949/1949 1950/1950/1950 2142/2142/2142
f 1949/1949/1949 2142/2142/2142 2141/2141/2141
f 1950/1950/1950 1951/1951/1951 2143/2143/2143
f 1950/1950/1950 2143/2143/2143 2142/2142/2142
f 1951/1951/1951 1952/1952/1952 2144/2144/2144
f 1951/1951/1951 2144/2144/2144 2143/2143/2143
f 1952/1952/1952 1953/1953/1953 2145/2145/2145
f 1952/1952/1952 2145/2145/2145 2144/2144/2144
f 1953/1953/1953 1954/1954/1954 2146/2146/2146
f 1953/1953/1953 2146/2146/2146 2145/2145/2145
f 1954/1954/1954 1955/1955/1955 2147/2147/2147
f 1954/1954/1954 2147/2147/2147 2146/2146/2146
f 1955/1955/1955 1956/1956/1956 2148/2148/2148
f 1955/1955/1955 2148/2148/2148 2147/2147/2147
f 1956/1956/1956 1957/1957/1957 2149/2149/2149
f 1956/1956/1956 2149/2149/2149 2148/2148/2148
f 1957/1957/1957 1958/1958/1958 2150/2150/2150
f 1957/1957/1957 2150/2150/2150 2149/2149/2149
f 1958/1958/1958 1959/1959/1959 2151/2151/2151
f 1958/1958/1958 2151/2151/2151 2150/2150/2150
f 1959/1959/1959 1960/1960/1960 2152/2152/2152
f 1959/1959/1959 2152/2152/2152 2151/2151/2151
f 1960/1960/1960 1961/1961/1961 2153/2153/2153
f 1960/1960/1960 2153/2153/2153 2152/2152/2152
f 1961/1961/1961 1962/1962/1962 2154/2154/2154
f 1961/1961/1961 2154/2154/2154 2153/2153/2153
f 1962/1962/1962 1963/1963/1963 2155/2155/2155
f 1962/1962/1962 2155/2155/2155 2154/2154/2154
f 1963/1963/1963 1964/1964/1964 2156/2156/2156
f 1963/1963/1963 2156/2156/2156 2155/2155/2155
f 1964/1964/1964 1965/1965/1965 2157/2157/2157
f 1964/1964/1964 2157/2157/2157 2156/2156/2156
f 1965/1965/1965 1966/1966/1966 2158/2158/2158
f 1965/1965/1965 2158/2158/2158 2157/2157/2157
f 1966/1966/1966 1967/1967/1967 2159/2159/2159
f 1966/1966/1966 2159/2159/2159 2158/2158/2158
f 1967/1967/1967 1968/1968/1968 2160/2160/2160
f 1967/1967/1967 2160/2160/2160 2159/2159/2159
f 1968/1968/1968 1969/1969/1969 2161/2161/2161
f 1968/1968/1968 2161/2161/2161 2160/2160/2160
f 1969/1969/1969 1970/1970/1970 2162/2162/2162
f 1969/1969/1969 2162/2162/2162 2161/2161/2161
f 1970/1970/1970 1971/1971/1971 2163/2163/2163
f 1970/1970/1970 2163/2163/2163 2162/2162/2162
f 1971/1971/1971 1972/1972/1972 2164/2164/2164
f 1971/1971/1971 2164/2164/2164 2163/2163/2163
f 1972/1972/1972 1973/1973/1973 2165/2165/2165
f 1972/1972/1972 2165/2165/2165 2164/2164/2164
f 1973/1973/1973 1974/1974/1974 2166/2166/2166
f 1973/1973/1973 2166/2166/2166 2165/2165/2165
f 1974/1974/1974 1975/1975/1975 2167/2167/2167
f 1974/1974/1974 2167/2167/2167 2166/2166/2166
f 1975/1975/1975 1976/1976/1976 2168/2168/2168
f 1975/1975/1975 2168/2168/2168 2167/2167/2167
f 1976/1976/1976 1977/1977/1977 2169/2169/2169
f 1976/1976/1976 2169/2169/2169 2168/2168/2168
f 1977/1977/1977 1978/1978/1978 2170/2170/2170
f 1977/1977/1977 2170/2170/2170 2169/2169/2169
f 1978/1978/1978 1979/1979/1979 2171/2171/2171
f 1978/1978/1978 2171/2171/2171 2170/2170/2170
f 1979/1979/1979 1980/1980/1980 2172/2172/2172
f 1979/1979/1979 2172/2172/2172 2171/2171/2171
f 1980/1980/1980 1981/1981/1981 2173/2173/2173
f 1980/1980/1980 2173/2173/2173 2172/2172/2172
f 1981/1981/1981 1982/1982/1982 2174/2174/2174
f 1981/1981/1981 2174/2174/2174 2173/2173/2173
f 1982/1982/1982 1983/1983/1983 2175/2175/2175
f 1982/1982/1982 2175/2175/2175 2174/2174/2174
f 1983/1983/1983 1984/1984/1984 2176/2176/2176
f 1983/1983/1983 2176/2176/2176 2175/2175/2175
f 1984/1984/1984 1985/1985/1985 2177/2177/2177
f 1984/1984/1984 2177/2177/2177 2176/2176/2176
f 1985/1985/1985 1986/1986/1986 2178/2178/2178
f 1985/1985/1985 2178/2178/2178 2177/2177/2177
f 1986/1986/1986 1987/1987/1987 2179/2179/2179
f 1986/1986/1986 2179/2179/2179 2178/2178/2178
f 1987/1987/1987 1988/1988/1988 2180/2180/2180
f 1987/1987/1987 2180/2180/2180 2179/2179/2179
f 1988/1988/1988 1989/1989/1989 2181/2181/2181
f 1988/1988/1988 2181/2181/2181 2180/2180/2180
f 1989/1989/1989 1990/1990/1990 2182/2182/2182
f 1989/1989/1989 2182/2182/2182 2181/2181/2181
f 1990/1990/1990 1991/1991/1991 2183/2183/2183
f 1990/1990/1990 2183/2183/2183 2182/2182/2182
f 1991/1991/1991 1992/1992/1992 2184/2184/2184
f 1991/1991/1991 2184/2184/2184 2183/2183/2183
f 1992/1992/1992 1993/1993/1993 2185/2185/2185
f 1992/1992/1992 2185/2185/2185 2184/2184/2184
f 1993/1993/1993 1994/1994/1994 2186/2186/2186
f 1993/1993/1993 2186/2186/2186 2185/2185/2185
f 1994/1994/1994 1995/1995/1995 2187/2187/2187
f 1994/1994/1994 2187/2187/2187 2186/2186/2186
f 1995/1995/1995 1996/1996/1996 2188/2188/2188
f 1995/1995/1995 2188/2188/2188 2187/2187/2187
f 1996/1996/1996 1997/1997/1997 2189/2189/2189
f 1996/1996/1996 2189/2189/2189 2188/2188/2188
f 1997/1997/1997 1998/1998/1998 2190/2190/2190
f 1997/1997/1997 2190/2190/2190 2189/2189/2189
f 1998/1998/1998 1999/1999/1999 2191/2191/2191
f 1998/1998/1998 2191/2191/2191 2190/2190/2190
f 1999/1999/1999 2000/2000/2000 2192/2192/2192
f 1999/1999/1999 2192/2192/2192 2191/2191/2191
f 2000/2000/2000 2001/2001/2001 2193/2193/2193
f 2000/2000/2000 2193/2193/2193 2192/2192/2192
f 2001/2001/2001 2002/2002/2002 2194/2194/2194
f 2001/2001/2001 2194/2194/2194 2193/2193/2193
f 2002/2002/2002 2003/2003/2003 2195/2195/2195
f 2002/2002/2002 2195/2195/2195 2194/2194/2194
f 2003/2003/2003 2004/2004/2004 2196/2196/2196
f 2003/2003/2003 2196/2196/2196 2195/2195/2195
f 2004/2004/2004 2005/2005/2005 2197/2197/2197
f 2004/2004/2004 2197/2197/2197 2196/2196/2196
f 2005/2005/2005 2006/2006/2006 2198/2198/2198
f 2005/2005/2005 2198/2198/2198 2197/2197/2197
f 2006/2006/2006 2007/2007/2007 2199/2199/2199
f 2006/2006/2006 2199/2199/2199 2198/2198/2198
f 2007/2007/2007 2008/2008/2008 2200/2200/2200
f 2007/2007/2007 2200/2200/2200 2199/2199/2199
f 2008/2008/2008 2009/2009/2009 2201/2201/2201
f 2008/2008/2008 2201/2201/2201 2200/2200/2200
f 2009/2009/2009 2010/2010/2010 2202/2202/2202
f 2009/2009/2009 2202/2202/2202 2201/2201/2201
f 2010/2010/2010 2011/2011/2011 2203/2203/2203
f 2010/2010/2010 2203/2203/2203 2202/2202/2202
f 2011/2011/2011 2012/2012/2012 2204/2204/2204
f 2011/2011/2011 2204/2204/2204 2203/2203/2203
f 2012/2012/2012 2013/2013/2013 2205/2205/2205
f 2012/2012/2012 2205/2205/2205 2204/2204/2204
f 2013/2013/2013 2014/2014/2014 2206/2206/2206
f 2013/2013/2013 2206/2206/2206 2205/2205/2205
f 2014/2014/2014 2015/2015/2015 2207/2207/2207
f 2014/2014/2014 2207/2207/2207 2206/2206/2206
f 2015/2015/2015 2016/2016/2016 2208/2208/2208
f 2015/2015/2015 2208/2208/2208 2207/2207/2207
f 2016/2016/2016 2017/2017/2017 2209/2209/2209
f 2016/2016/2016 2209/2209/2209 2208/2208/2208
f 2017/2017/2017 2018/2018/2018 2210/2210/2210
f 2017/2017/2017 2210/2210/2210 2209/2209/2209
f 2018/2018/2018 2019/2019/2019 2211/2211/2211
f 2018/2018/2018 2211/2211/2211 2210/2210/2210
f 2019/2019/2019 2020/2020/2020 2212/2212/2212
f 2019/2019/2019 2212/2212/2212 2211/2211/2211
f 2020/2020/2020 2021/2021/2021 2213/2213/2213
f 2020/2020/2020 2213/2213/2213 2212/2212/2212
f 2021/2021/2021 2022/2022/2022 2214/2214/2214
f 2021/2021/2021 2214/2214/2214 2213/2213/2213
f 2022/2022/2022 2023/2023/2023 2215/2215/2215
f 2022/2022/2022 2215/2215/2215 2214/2214/2214
f 2023/2023/2023 2024/2024/2024 2216/2216/2216
f 2023/2023/2023 2216/2216/2216 2215/2215/2215
f 2024/2024/2024 2025/2025/2025 2217/2217/2217
f 2024/2024/2024 2217/2217/2217 2216/2216/2216
f 2025/2025/2025 2026/2026/2026 2218/2218/2218
f 2025/2025/2025 2218/2218/2218 2217/2217/2217
f 2026/2026/2026 2027/2027/2027 2219/2219/2219
f 2026/2026/2026 2219/2219/2219 2218/2218/2218
f 2027/2027/2027 2028/2028/2028 2220/2220/2220
f 2027/2027/2027 2220/2220/2220 2219/2219/2219
f 2028/2028/2028 2029/2029/2029 2221/2221/2221
f 2028/2028/2028 2221/2221/2221 2220/2220/2220
f 2029/2029/2029 2030/2030/2030 2222/2222/2222
f 2029/2029/2029 2222/2222/2222 2221/2221/2221
f 2030/2030/2030 2031/2031/2031 2223/2223/2223
f 2030/2030/2030 2223/2223/2223 2222/2222/2222
f 2031/2031/2031 2032/2032/2032 2224/2224/2224
f 2031/2031/2031 2224/2224/2224 2223/2223/2223
f 2032/2032/2032 2033/2033/2033 2225/2225/2225
f 2032/2032/2032 2225/2225/2225 2224/2224/2224
f 2033/2033/2033 2034/2034/2034 2226/2226/2226
f 2033/2033/2033 2226/2226/2226 2225/2225/2225
f 2034/2034/2034 2035/2035/2035 2227/2227/2227
f 2034/2034/2034 2227/2227/2227 2226/2226/2226
f 2035/2035/2035 2036/2036/2036 2228/2228/2228
f 2035/2035/2035 2228/2228/2228 2227/2227/2227
f 2036/2036/2036 2037/2037/2037 2229/2229/2229
f 2036/2036/2036 2229/2229/2229 2228/2228/2228
f 2037/2037/2037 2038/2038/2038 2230/2230/2230
f 2037/2037/2037 2230/2230/2230 2229/2229/2229
f 2038/2038/2038 2039/2039/2039 2231/2231/2231
f 2038/2038/2038 2231/2231/2231 2230/2230/2230
f 2039/2039/2039 2040/2040/2040 2232/2232/2232
f 2039/2039/2039 2232/2232/2232 2231/2231/2231
f 2040/2040/2040 2041/2041/2041 2233/2233/2233
f 2040/2040/2040 2233/2233/2233 2232/2232/2232
f 2041/2041/2041 2042/2042/2042 2234/2234/2234
f 2041/2041/2041 2234/2234/2234 2233/2233/2233
f 2042/2042/2042 2043/2043/2043 2235/2235/2235
f 2042/2042/2042 2235/2235/2235 2234/2234/2234
f 2043/2043/2043 2044/2044/2044 2236/2236/2236
f 2043/2043/2043 2236/2236/2236 2235/2235/2235
f 2044/2044/2044 2045/2045/2045 2237/2237/2237
f 2044/2044/2044 2237/2237/2237 2236/2236/2236
f 2045/2045/2045 2046/2046/2046 2238/2238/2238
f 2045/2045/2045 2238/2238/2238 2237/2237/2237
f 2046/2046/2046 2047/2047/2047 2239/2239/2239
f 2046/2046/2046 2239/2239/2239 2238/2238/2238
f 2047/2047/2047 2048/2048/2048 2240/2240/2240
f 2047/2047/2047 2240/2240/2240 2239/2239/2239
f 2048/2048/2048 2049/2049/2049 2241/2241/2241
f 2048/2048/2048 2241/2241/2241 2240/2240/2240
f 2049/2049/2049 2050/2050/2050 2242/2242/2242
f 2049/2049/2049 2242/2242/2242 2241/2241/2241
f 2050/2050/2050 2051/2051/2051 2243/2243/2243
f 2050/2050/2050 2243/2243/2243 2242/2242/2242
f 2051/2051/2051 2052/2052/2052 2244/2244/2244
f 2051/2051/2051 2244/2244/2244 2243/2243/2243
f 2052/2052/2052 2053/2053/2053 2245/2245/2245
f 2052/2052/2052 2245/2245/2245 2244/2244/2244
f 2053/2053/2053 2054/2054/2054 2246/2246/2246
f 2053/2053/2053 2246/2246/2246 2245/2245/2245
f 2054/2054/2054 2055/2055/2055 2247/2247/2247
f 2054/2054/2054 2247/2247/2247 2246/2246/2246
f 2055/2055/2055 2056/2056/2056 2248/2248/2248
f 2055/2055/2055 2248/2248/2248 2247/2247/2247
f 2056/2056/2056 2057/2057/2057 2249/2249/2249
f 2056/2056/2056 2249/2249/2249 2248/2248/2248
f 2057/2057/2057 2058/2058/2058 2250/2250/2250
f 2057/2057/2057 2250/2250/2250 2249/2249/2249
f 2058/2058/2058 2059/2059/2059 2251/2251/2251
f 2058/2058/2058 2251/2251/2251 2250/2250/2250
f 2059/2059/2059 2060/2060/2060 2252/2252/2252
f 2059/2059/2059 2252/2252/2252 2251/2251/2251
f 2060/2060/2060 2061/2061/2061 2253/2253/2253
f 2060/2060/2060 2253/2253/2253 2252/2252/2252
f 2061/2061/2061 2062/2062/2062 2254/2254/2254
f 2061/2061/2061 2254/2254/2254 2253/2253/2253
f 2062/2062/2062 2063/2063/2063 2255/2255/2255
f 2062/2062/2062 2255/2255/2255 2254/2254/2254
f 2063/2063/2063 2064/2064/2064 2256/2256/2256
f 2063/2063/2063 2256/2256/2256 2255/2255/2255
f 2064/2064/2064 2065/2065/2065 2257/2257/2257
f 2064/2064/2064 2257/2257/2257 2256/2256/2256
f 2065/2065/2065 2066/2066/2066 2258/2258/2258
f 2065/2065/2065 2258/2258/2258 2257/2257/2257
f 2066/2066/2066 2067/2067/2067 2259/2259/2259
f 2066/2066/2066 2259/2259/2259 2258/2258/2258
f 2067/2067/2067 2068/2068/2068 2260/2260/2260
f 2067/2067/2067 2260/2260/2260 2259/2259/2259
f 2068/2068/2068 2069/2069/2069 2261/2261/2261
f 2068/2068/2068 2261/2261/2261 2260/2260/2260
f 2069/2069/2069 2070/2070/2070 2262/2262/2262
f 2069/2069/2069 2262/2262/2262 2261/2261/2261
f 2070/2070/2070 2071/2071/2071 2263/2263/2263
f 2070/2070/2070 2263/2263/2263 2262/2262/2262
f 2071/2071/2071 2072/2072/2072 2264/2264/2264
f 2071/2071/2071 2264/2264/2264 2263/2263/2263
f 2072/2072/2072 2073/2073/2073 2265/2265/2265
f 2072/2072/2072 2265/2265/2265 2264/2264/2264
f 2073/2073/2073 2074/2074/2074 2266/2266/2266
f 2073/2073/2073 2266/2266/2266 2265/2265/2265
f 2074/2074/2074 2075/2075/2075 2267/2267/2267
f 2074/2074/2074 2267/2267/2267 2266/2266/2266
f 2075/2075/2075 2076/2076/2076 2268/2268/2268
f 2075/2075/2075 2268/2268/2268 2267/2267/2267
f 2076/2076/2076 2077/2077/2077 2269/2269/2269
f 2076/2076/2076 2269/2269/2269 2268/2268/2268
f 2077/2077/2077 2078/2078/2078 2270/2270/2270
f 2077/2077/2077 2270/2270/2270 2269/2269/2269
f 2078/2078/2078 2079/2079/2079 2271/2271/2271
f 2078/2078/2078 2271/2271/2271 2270/2270/2270
f 2079/2079/2079 2080/2080/2080 2272/2272/2272
f 2079/2079/2079 2272/2272/2272 2271/2271/2271
f 2080/2080/2080 2081/2081/2081 2273/2273/2273
f 2080/2080/2080 2273/2273/2273 2272/2272/2272
f 2081/2081/2081 2082/2082/2082 2274/2274/2274
f 2081/2081/2081 2274/2274/2274 2273/2273/2273
f 2082/2082/2082 2083/2083/2083 2275/2275/2275
f 2082/2082/2082 2275/2275/2275 2274/2274/2274
f 2083/2083/2083 2084/2084/2084 2276/2276/2276
f 2083/2083/2083 2276/2276/2276 2275/2275/2275
f 2084/2084/2084 2085/2085/2085 2277/2277/2277
f 2084/2084/2084 2277/2277/2277 2276/2276/2276
f 2085/2085/2085 2086/2086/2086 2278/2278/2278
f 2085/2085/2085 2278/2278/2278 2277/2277/2277
f 2086/2086/2086 2087/2087/2087 2279/2279/2279
f 2086/2086/2086 2279/2279/2279 2278/2278/2278
f 2087/2087/2087 2088/2088/2088 2280/2280/2280
f 2087/2087/2087 2280/2280/2280 2279/2279/2279
f 2088/2088/2088 2089/2089/2089 2281/2281/2281
f 2088/2088/2088 2281/2281/2281 2280/2280/2280
f 2089/2089/2089 2090/2090/2090 2282/2282/2282
f 2089/2089/2089 2282/2282/2282 2281/2281/2281
f 2090/2090/2090 2091/2091/2091 2283/2283/2283
f 2090/2090/2090 2283/2283/2283 2282/2282/2282
f 2091/2091/2091 2092/2092/2092 2284/2284/2284
f 2091/2091/2091 2284/2284/2284 2283/2283/2283
f 2092/2092/2092 2093/2093/2093 2285/2285/2285
f 2092/2092/2092 2285/2285/2285 2284/2284/2284
f 2093/2093/2093 2094/2094/2094 2286/2286/2286
f 2093/2093/2093 2286/2286/2286 2285/2285/2285
f 2094/2094/2094 2095/2095/2095 2287/2287/2287
f 2094/2094/2094 2287/2287/2287 2286/2286/2286
f 2095/2095/2095 2096/2096/2096 2288/2288/2288
f 2095/2095/2095 2288/2288/2288 2287/2287/2287
f 2096/2096/2096 2097/2097/2097 2289/2289/2289
f 2096/2096/2096 2289/2289/2289 2288/2288/2288
f 2097/2097/2097 2098/2098/2098 2290/2290/2290
f 2097/2097/2097 2290/2290/2290 2289/2289/2289
f 2098/2098/2098 2099/2099/2099 2291/2291/2291
f 2098/2098/2098 2291/2291/2291 2290/2290/2290
f 2099/2099/2099 2100/2100/2100 2292/2292/2292
f 2099/2099/2099 2292/2292/2292 2291/2291/2291
f 2100/2100/2100 2101/2101/2101 2293/2293/2293
f 2100/2100/2100 2293/2293/2293 2292/2292/2292
f 2101/2101/2101 2102/2102/2102 2294/2294/2294
f 2101/2101/2101 2294/2294/2294 2293/2293/2293
f 2102/2102/2102 2103/2103/2103 2295/2295/2295
f 2102/2102/2102 2295/2295/2295 2294/2294/2294
f 2103/2103/2103 2104/2104/2104 2296/2296/2296
f 2103/2103/2103 2296/2296/2296 2295/2295/2295
f 2104/2104/2104 2105/2105/2105 2297/2297/2297
f 2104/2104/2104 2297/2297/2297 2296/2296/2296
f 2105/2105/2105 2106/2106/2106 2298/2298/2298
f 2105/2105/2105 2298/2298/2298 2297/2297/2297
f 2106/2106/2106 2107/2107/2107 2299/2299/2299
f 2106/2106/2106 2299/2299/2299 2298/2298/2298
f 2107/2107/2107 2108/2108/2108 2300/2300/2300
f 2107/2107/2107 2300/2300/2300 2299/2299/2299
f 2108/2108/2108 2109/2109/2109 2301/2301/2301
f 2108/2108/2108 2301/2301/2301 2300/2300/2300
f 2109/2109/2109 2110/2110/2110 2302/2302/2302
f 2109/2109/2109 2302/2302/2302 2301/2301/2301
f 2110/2110/2110 2111/2111/2111 2303/2303/2303
f 2110/2110/2110 2303/2303/2303 2302/2302/2302
f 2111/2111/2111 2112/2112/2112 2304/2304/2304
f 2111/2111/2111 2304/2304/2304 2303/2303/2303
f 2112/2112/2112 2113/2113/2113 2305/2305/2305
f 2112/2112/2112 2305/2305/2305 2304/2304/2304
f 2113/2113/2113 1922/1922/1922 2114/2114/2114
f 2113/2113/2113 2114/2114/2114 2305/2305/2305
f 2114/2114/2114 2115/2115/2115 2307/2307/2307
f 2114/2114/2114 2307/2307/2307 2306/2306/2306
f 2115/2115/2115 2116/2116/2116 2308/2308/2308
f 2115/2115/2115 2308/2308/2308 2307/2307/2307
f 2116/2116/2116 2117/2117/2117 2309/2309/2309
f 2116/2116/2116 2309/2309/2309 2308/2308/2308
f 2117/2117/2117 2118/2118/2118 2310/2310/2310
f 2117/2117/2117 2310/2310/2310 2309/2309/2309
f 2118/2118/2118 2119/2119/2119 2311/2311/2311
f 2118/2118/2118 2311/2311/2311 2310/2310/2310
f 2119/2119/2119 2120/2120/2120 2312/2312/2312
f 2119/2119/2119 2312/2312/2312 2311/2311/2311
f 2120/2120/2120 2121/2121/2121 2313/2313/2313
f 2120/2120/2120 2313/2313/2313 2312/2312/2312
f 2121/2121/2121 2122/2122/2122 2314/2314/2314
f 2121/2121/2121 2314/2314/2314 2313/2313/2313
f 2122/2122/2122 2123/2123/2123 2315/2315/2315
f 2122/2122/2122 2315/2315/2315 2314/2314/2314
f 2123/2123/2123 2124/2124/2124 2316/2316/2316
f 2123/2123/2123 2316/2316/2316 2315/2315/2315
f 2124/2124/2124 2125/2125/2125 2317/2317/2317
f 2124/2124/2124 2317/2317/2317 2316/2316/2316
f 2125/2125/2125 2126/2126/2126 2318/2318/2318
f 2125/2125/2125 2318/2318/2318 2317/2317/2317
f 2126/2126/2126 2127/2127/2127 2319/2319/2319
f 2126/2126/2126 2319/2319/2319 2318/2318/2318
f 2127/2127/2127 2128/2128/2128 2320/2320/2320
f 2127/2127/2127 2320/2320/2320 2319/2319/2319
f 2128/2128/2128 2129/2129/2129 2321/2321/2321
f 2128/2128/2128 2321/2321/2321 2320/2320/2320
f 2129/2129/2129 2130/2130/2130 2322/2322/2322
f 2129/2129/2129 2322/2322/2322 2321/2321/2321
f 2130/2130/2130 2131/2131/2131 2323/2323/2323
f 2130/2130/2130 2323/2323/2323 2322/2322/2322
f 2131/2131/2131 2132/2132/2132 2324/2324/2324
f 2131/2131/2131 2324/2324/2324 2323/2323/2323
f 2132/2132/2132 2133/2133/2133 2325/2325/2325
f 2132/2132/2132 2325/2325/2325 2324/2324/2324
f 2133/2133/2133 2134/2134/2134 2326/2326/2326
f 2133/2133/2133 2326/2326/2326 2325/2325/2325
f 2134/2134/2134 2135/2135/2135 2327/2327/2327
f 2134/2134/2134 2327/2327/2327 2326/2326/2326
f 2135/2135/2135 2136/2136/2136 2328/2328/2328
f 2135/2135/2135 2328/2328/2328 2327/2327/2327
f 2136/2136/2136 2137/2137/2137 2329/2329/2329
f 2136/2136/2136 2329/2329/2329 2328/2328/2328
f 2137/2137/2137 2138/2138/2138 2330/2330/2330
f 2137/2137/2137 2330/2330/2330 2329/2329/2329
f 2138/2138/2138 2139/2139/2139 2331/2331/2331
f 2138/2138/2138 2331/2331/2331 2330/2330/2330
f 2139/2139/2139 2140/2140/2140 2332/2332/2332
f 2139/2139/2139 2332/2332/2332 2331/2331/2331
f 2140/2140/2140 2141/2141/2141 2333/2333/2333
f 2140/2140/2140 2333/2333/2333 2332/2332/2332
f 2141/2141/2141 2142/2142/2142 2334/2334/2334
f 2141/2141/2141 2334/2334/2334 2333/2333/2333
f 2142/2142/2142 2143/2143/2143 2335/2335/2335
f 2142/2142/2142 2335/2335/2335 2334/2334/2334
f 2143/2143/2143 2144/2144/2144 2336/2336/2336
f 2143/2143/2143 2336/2336/2336 2335/2335/2335
f 2144/2144/2144 2145/2145/2145 2337/2337/2337
f 2144/2144/2144 2337/2337/2337 2336/2336/2336
f 2145/2145/2145 2146/2146/2146 2338/2338/2338
f 2145/2145/2145 2338/2338/2338 2337/2337/2337
f 2146/2146/2146 2147/2147/2147 2339/2339/2339
f 2146/2146/2146 2339/2339/2339 2338/2338/2338
f 2147/2147/2147 2148/2148/2148 2340/2340/2340
f 2147/2147/2147 2340/2340/2340 2339/2339/2339
f 2148/2148/2148 2149/2149/2149 2341/2341/2341
f 2148/2148/2148 2341/2341/2341 2340/2340/2340
f 2149/2149/2149 2150/2150/2150 2342/2342/2342
f 2149/2149/2149 2342/2342/2342 2341/2341/2341
f 2150/2150/2150 2151/2151/2151 2343/2343/2343
f 2150/2150/2150 2343/2343/2343 2342/2342/2342
f 2151/2151/2151 2152/2152/2152 2344/2344/2344
f 2151/2151/2151 2344/2344/2344 2343/2343/2343
f 2152/2152/2152 2153/2153/2153 2345/2345/2345
f 2152/2152/2152 2345/2345/2345 2344/2344/2344
f 2153/2153/2153 2154/2154/2154 2346/2346/2346
f 2153/2153/2153 2346/2346/2346 2345/2345/2345
f 2154/2154/2154 2155/2155/2155 2347/2347/2347
f 2154/2154/2154 2347/2347/2347 2346/2346/2346
f 2155/2155/2155 2156/2156/2156 2348/2348/2348
f 2155/2155/2155 2348/2348/2348 2347/2347/2347
f 2156/2156/2156 2157/2157/2157 2349/2349/2349
f 2156/2156/2156 2349/2349/2349 2348/2348/2348
f 2157/2157/2157 2158/2158/2158 2350/2350/2350
f 2157/2157/2157 2350/2350/2350 2349/2349/2349
f 2158/2158/2158 2159/2159/2159 2351/2351/2351
f 2158/2158/2158 2351/2351/2351 2350/2350/2350
f 2159/2159/2159 2160/2160/2160 2352/2352/2352
f 2159/2159/2159 2352/2352/2352 2351/2351/2351
f 2160/2160/2160 2161/2161/2161 2353/2353/2353
f 2160/2160/2160 2353/2353/2353 2352/2352/2352
f 2161/2161/2161 2162/2162/2162 2354/2354/2354
f 2161/2161/2161 2354/2354/2354 2353/2353/2353
f 2162/2162/2162 2163/2163/2163 2355/2355/2355
f 2162/2162/2162 2355/2355/2355 2354/2354/2354
f 2163/2163/2163 2164/2164/2164 2356/2356/2356
f 2163/2163/2163 2356/2356/2356 2355/2355/2355
f 2164/2164/2164 2165/2165/2165 2357/2357/2357
f 2164/2164/2164 2357/2357/2357 2356/2356/2356
f 2165/2165/2165 2166/2166/2166 2358/2358/2358
f 2165/2165/2165 2358/2358/2358 2357/2357/2357
f 2166/2166/2166 2167/2167/2167 2359/2359/2359
f 2166/2166/2166 2359/2359/2359 2358/2358/2358
f 2167/2167/2167 2168/2168/2168 2360/2360/2360
f 2167/2167/2167 2360/2360/2360 2359/2359/2359
f 2168/2168/2168 2169/2169/2169 2361/2361/2361
f 2168/2168/2168 2361/2361/2361 2360/2360/2360
f 2169/2169/2169 2170/2170/2170 2362/2362/2362
f 2169/2169/2169 2362/2362/2362 2361/2361/2361
f 2170/2170/2170 2171/2171/2171 2363/2363/2363
f 2170/2170/2170 2363/2363/2363 2362/2362/2362
f 2171/2171/2171 2172/2172/2172 2364/2364/2364
f 2171/2171/2171 2364/2364/2364 2363/2363/2363
f 2172/2172/2172 2173/2173/2173 2365/2365/2365
f 2172/2172/2172 2365/2365/2365 2364/2364/2364
f 2173/2173/2173 2174/2174/2174 2366/2366/2366
f 2173/2173/2173 2366/2366/2366 2365/2365/2365
f 2174/2174/2174 2175/2175/2175 2367/2367/2367
f 2174/2174/2174 2367/2367/2367 2366/2366/2366
f 2175/2175/2175 2176/2176/2176 2368/2368/2368
f 2175/2175/2175 2368/2368/2368 2367/2367/2367
f 2176/2176/2176 2177/2177/2177 2369/2369/2369
f 2176/2176/2176 2369/2369/2369 2368/2368/2368
f 2177/2177/2177 2178/2178/2178 2370/2370/2370
f 2177/2177/2177 2370/2370/2370 2369/2369/2369
f 2178/2178/2178 2179/2179/2179 2371/2371/2371
f 2178/2178/2178 2371/2371/2371 2370/2370/2370
f 2179/2179/2179 2180/2180/2180 2372/2372/2372
f 2179/2179/2179 2372/2372/2372 2371/2371/2371
f 2180/2180/2180 2181/2181/2181 2373/2373/2373
f 2180/2180/2180 2373/2373/2373 2372/2372/2372
f 2181/2181/2181 2182/2182/2182 2374/2374/2374
f 2181/2181/2181 2374/2374/2374 2373/2373/2373
f 2182/2182/2182 2183/2183/2183 2375/2375/2375
f 2182/2182/2182 2375/2375/2375 2374/2374/2374
f 2183/2183/2183 2184/2184/2184 2376/2376/2376
f 2183/2183/2183 2376/2376/2376 2375/2375/2375
f 2184/2184/2184 2185/2185/2185 2377/2377/2377
f 2184/2184/2184 2377/2377/2377 2376/2376/2376
f 2185/2185/2185 2186/2186/2186 2378/2378/2378
f 2185/2185/2185 2378/2378/2378 2377/2377/2377
f 2186/2186/2186 2187/2187/2187 2379/2379/2379
f 2186/2186/2186 2379/2379/2379 2378/2378/2378
f 2187/2187/2187 2188/2188/2188 2380/2380/2380
f 2187/2187/2187 2380/2380/2380 2379/2379/2379
f 2188/2188/2188 2189/2189/2189 2381/2381/2381
f 2188/2188/2188 2381/2381/2381 2380/2380/2380
f 2189/2189/2189 2190/2190/2190 2382/2382/2382
f 2189/2189/2189 2382/2382/2382 2381/2381/2381
f 2190/2190/2190 2191/2191/2191 2383/2383/2383
f 2190/2190/2190 2383/2383/2383 2382/2382/2382
f 2191/2191/2191 2192/2192/2192 2384/2384/2384
f 2191/2191/2191 2384/2384/2384 2383/2383/2383
f 2192/2192/2192 2193/2193/2193 2385/2385/2385
f 2192/2192/2192 2385/2385/2385 2384/2384/2384
f 2193/2193/2193 2194/2194/2194 2386/2386/2386
f 2193/2193/2193 2386/2386/2386 2385/2385/2385
f 2194/2194/2194 2195/2195/2195 2387/2387/2387
f 2194/2194/2194 2387/2387/2387 2386/2386/2386
f 2195/2195/2195 2196/2196/2196 2388/2388/2388
f 2195/2195/2195 2388/2388/2388 2387/2387/2387
f 2196/2196/2196 2197/2197/2197 2389/2389/2389
f 2196/2196/2196 2389/2389/2389 2388/2388/2388
f 2197/2197/2197 2198/2198/2198 2390/2390/2390
f 2197/2197/2197 2390/2390/2390 2389/2389/2389
f 2198/2198/2198 2199/2199/2199 2391/2391/2391
f 2198/2198/2198 2391/2391/2391 2390/2390/2390
f 2199/2199/2199 2200/2200/2200 2392/2392/2392
f 2199/2199/2199 2392/2392/2392 2391/2391/2391
f 2200/2200/2200 2201/2201/2201 2393/2393/2393
f 2200/2200/2200 2393/2393/2393 2392/2392/2392
f 2201/2201/2201 2202/2202/2202 2394/2394/2394
f 2201/2201/2201 2394/2394/2394 2393/2393/2393
f 2202/2202/2202 2203/2203/2203 2395/2395/2395
f 2202/2202/2202 2395/2395/2395 2394/2394/2394
f 2203/2203/2203 2204/2204/2204 2396/2396/2396
f 2203/2203/2203 2396/2396/2396 2395/2395/2395
f 2204/2204/2204 2205/2205/2205 2397/2397/2397
f 2204/2204/2204 2397/2397/2397 2396/2396/2396
f 2205/2205/2205 2206/2206/2206 2398/2398/2398
f 2205/2205/2205 2398/2398/2398 2397/2397/2397
f 2206/2206/2206 2207/2207/2207 2399/2399/2399
f 2206/2206/2206 2399/2399/2399 2398/2398/2398
f 2207/2207/2207 2208/2208/2208 2400/2400/2400
f 2207/2207/2207 2400/2400/2400 2399/2399/2399
f 2208/2208/2208 2209/2209/2209 2401/2401/2401
f 2208/2208/2208 2401/2401/2401 2400/2400/2400
f 2209/2209/2209 2210/2210/2210 2402/2402/2402
f 2209/2209/2209 2402/2402/2402 2401/2401/2401
f 2210/2210/2210 2211/2211/2211 2403/2403/2403
f 2210/2210/2210 2403/2403/2403 2402/2402/2402
f 2211/2211/2211 2212/2212/2212 2404/2404/2404
f 2211/2211/2211 2404/2404/2404 2403/2403/2403
f 2212/2212/2212 2213/2213/2213 2405/2405/2405
f 2212/2212/2212 2405/2405/2405 2404/2404/2404
f 2213/2213/2213 2214/2214/2214 2406/2406/2406
f 2213/2213/2213 2406/2406/2406 2405/2405/2405
f 2214/2214/2214 2215/2215/2215 2407/2407/2407
f 2214/2214/2214 2407/2407/2407 2406/2406/2406
f 2215/2215/2215 2216/2216/2216 2408/2408/2408
f 2215/2215/2215 2408/2408/2408 2407/2407/2407
f 2216/2216/2216 2217/2217/2217 2409/2409/2409
f 2216/2216/2216 2409/2409/2409 2408/2408/2408
f 2217/2217/2217 2218/2218/2218 2410/2410/2410
f 2217/2217/2217 2410/2410/2410 2409/2409/2409
f 2218/2218/2218 2219/2219/2219 2411/2411/2411
f 2218/2218/2218 2411/2411/2411 2410/2410/2410
f 2219/2219/2219 2220/2220/2220 2412/2412/2412
f 2219/2219/2219 2412/2412/2412 2411/2411/2411
f 2220/2220/2220 2221/2221/2221 2413/2413/2413
f 2220/2220/2220 2413/2413/2413 2412/2412/2412
f 2221/2221/2221 2222/2222/2222 2414/2414/2414
f 2221/2221/2221 2414/2414/2414 2413/2413/2413
f 2222/2222/2222 2223/2223/2223 2415/2415/2415
f 2222/2222/2222 2415/2415/2415 2414/2414/2414
f 2223/2223/2223 2224/2224/2224 2416/2416/2416
f 2223/2223/2223 2416/2416/2416 2415/2415/2415
f 2224/2224/2224 2225/2225/2225 2417/2417/2417
f 2224/2224/2224 2417/2417/2417 2416/2416/2416
f 2225/2225/2225 2226/2226/2226 2418/2418/2418
f 2225/2225/2225 2418/2418/2418 2417/2417/2417
f 2226/2226/2226 2227/2227/2227 2419/2419/2419
f 2226/2226/2226 2419/2419/2419 2418/2418/2418
f 2227/2227/2227 2228/2228/2228 2420/2420/2420
f 2227/2227/2227 2420/2420/2420 2419/2419/2419
f 2228/2228/2228 2229/2229/2229 2421/2421/2421
f 2228/2228/2228 2421/2421/2421 2420/2420/2420
f 2229/2229/2229 2230/2230/2230 2422/2422/2422
f 2229/2229/2229 2422/2422/2422 2421/2421/2421
f 2230/2230/2230 2231/2231/2231 2423/2423/2423
f 2230/2230/2230 2423/2423/2423 2422/2422/2422
f 2231/2231/2231 2232/2232/2232 2424/2424/2424
f 2231/2231/2231 2424/2424/2424 2423/2423/2423
f 2232/2232/2232 2233/2233/2233 2425/2425/2425
f 2232/2232/2232 2425/2425/2425 2424/2424/2424
f 2233/2233/2233 2234/2234/2234 2426/2426/2426
f 2233/2233/2233 2426/2426/2426 2425/2425/2425
f 2234/2234/2234 2235/2235/2235 2427/2427/2427
f 2234/2234/2234 2427/2427/2427 2426/2426/2426
f 2235/2235/2235 2236/2236/2236 2428/2428/2428
f 2235/2235/2235 2428/2428/2428 2427/2427/2427
f 2236/2236/2236 2237/2237/2237 2429/2429/2429
f 2236/2236/2236 2429/2429/2429 2428/2428/2428
f 2237/2237/2237 2238/2238/2238 2430/2430/2430
f 2237/2237/2237 2430/2430/2430 2429/2429/2429
f 2238/2238/2238 2239/2239/2239 2431/2431/2431
f 2238/2238/2238 2431/2431/2431 2430/2430/2430
f 2239/2239/2239 2240/2240/2240 2432/2432/2432
f 2239/2239/2239 2432/2432/2432 2431/2431/2431
f 2240/2240/2240 2241/2241/2241 2433/2433/2433
f 2240/2240/2240 2433/2433/2433 2432/2432/2432
f 2241/2241/2241 2242/2242/2242 2434/2434/2434
f 2241/2241/2241 2434/2434/2434 2433/2433/2433
f 2242/2242/2242 2243/2243/2243 2435/2435/2435
f 2242/2242/2242 2435/2435/2435 2434/2434/2434
f 2243/2243/2243 2244/2244/2244 2436/2436/2436
f 2243/2243/2243 2436/2436/2436 2435/2435/2435
f 2244/2244/2244 2245/2245/2245 2437/2437/2437
f 2244/2244/2244 2437/2437/2437 2436/2436/2436
f 2245/2245/2245 2246/2246/2246 2438/2438/2438
f 2245/2245/2245 2438/2438/2438 2437/2437/2437
f 2246/2246/2246 2247/2247/2247 2439/2439/2439
f 2246/2246/2246 2439/2439/2439 2438/2438/2438
f 2247/2247/2247 2248/2248/2248 2440/2440/2440
f 2247/2247/2247 2440/2440/2440 2439/2439/2439
f 2248/2248/2248 2249/2249/2249 2441/2441/2441
f 2248/2248/2248 2441/2441/2441 2440/2440/2440
f 2249/2249/2249 2250/2250/2250 2442/2442/2442
f 2249/2249/2249 2442/2442/2442 2441/2441/2441
f 2250/2250/2250 2251/2251/2251 2443/2443/2443
f 2250/2250/2250 2443/2443/2443 2442/2442/2442
f 2251/2251/2251 2252/2252/2252 2444/2444/2444
f 2251/2251/2251 2444/2444/2444 2443/2443/2443
f 2252/2252/2252 2253/2253/2253 2445/2445/2445
f 2252/2252/2252 2445/2445/2445 2444/2444/2444
f 2253/2253/2253 2254/2254/2254 2446/2446/2446
f 2253/2253/2253 2446/2446/2446 2445/2445/2445
f 2254/2254/2254 2255/2255/2255 2447/2447/2447
f 2254/2254/2254 2447/2447/2447 2446/2446/2446
f 2255/2255/2255 2256/2256/2256 2448/2448/2448
f 2255/2255/2255 2448/2448/2448 2447/2447/2447
f 2256/2256/2256 2257/2257/2257 2449/2449/2449
f 2256/2256/2256 2449/2449/2449 2448/2448/2448
f 2257/2257/2257 2258/2258/2258 2450/2450/2450
f 2257/2257/2257 2450/2450/2450 2449/2449/2449
f 2258/2258/2258 2259/2259/2259 2451/2451/2451
f 2258/2258/2258 2451/2451/2451 2450/2450/2450
f 2259/2259/2259 2260/2260/2260 2452/2452/2452
f 2259/2259/2259 2452/2452/2452 2451/2451/2451
f 2260/2260/2260 2261/2261/2261 2453/2453/2453
f 2260/2260/2260 2453/2453/2453 2452/2452/2452
f 2261/2261/2261 2262/2262/2262 2454/2454/2454
f 2261/2261/2261 2454/2454/2454 2453/2453/2453
f 2262/2262/2262 2263/2263/2263 2455/2455/2455
f 2262/2262/2262 2455/2455/2455 2454/2454/2454
f 2263/2263/2263 2264/2264/2264 2456/2456/2456
f 2263/2263/2263 2456/2456/2456 2455/2455/2455
f 2264/2264/2264 2265/2265/2265 2457/2457/2457
f 2264/2264/2264 2457/2457/2457 2456/2456/2456
f 2265/2265/2265 2266/2266/2266 2458/2458/2458
f 2265/2265/2265 2458/2458/2458 2457/2457/2457
f 2266/2266/2266 2267/2267/2267 2459/2459/2459
f 2266/2266/2266 2459/2459/2459 2458/2458/2458
f 2267/2267/2267 2268/2268/2268 2460/2460/2460
f 2267/2267/2267 2460/2460/2460 2459/2459/2459
f 2268/2268/2268 2269/2269/2269 2461/2461/2461
f 2268/2268/2268 2461/2461/2461 2460/2460/2460
f 2269/2269/2269 2270/2270/2270 2462/2462/2462
f 2269/2269/2269 2462/2462/2462 2461/2461/2461
f 2270/2270/2270 2271/2271/2271 2463/2463/2463
f 2270/2270/2270 2463/2463/2463 2462/2462/2462
f 2271/2271/2271 2272/2272/2272 2464/2464/2464
f 2271/2271/2271 2464/2464/2464 2463/2463/2463
f 2272/2272/2272 2273/2273/2273 2465/2465/2465
f 2272/2272/2272 2465/2465/2465 2464/2464/2464
f 2273/2273/2273 2274/2274/2274 2466/2466/2466
f 2273/2273/2273 2466/2466/2466 2465/2465/2465
f 2274/2274/2274 2275/2275/2275 2467/2467/2467
f 2274/2274/2274 2467/2467/2467 2466/2466/2466
f 2275/2275/2275 2276/2276/2276 2468/2468/2468
f 2275/2275/2275 2468/2468/2468 2467/2467/2467
f 2276/2276/2276 2277/2277/2277 2469/2469/2469
f 2276/2276/2276 2469/2469/2469 2468/2468/2468
f 2277/2277/2277 2278/2278/2278 2470/2470/2470
f 2277/2277/2277 2470/2470/2470 2469/2469/2469
f 2278/2278/2278 2279/2279/2279 2471/2471/2471
f 2278/2278/2278 2471/2471/2471 2470/2470/2470
f 2279/2279/2279 2280/2280/2280 2472/2472/2472
f 2279/2279/2279 2472/2472/2472 2471/2471/2471
f 2280/2280/2280 2281/2281/2281 2473/2473/2473
f 2280/2280/2280 2473/2473/2473 2472/2472/2472
f 2281/2281/2281 2282/2282/2282 2474/2474/2474
f 2281/2281/2281 2474/2474/2474 2473/2473/2473
f 2282/2282/2282 2283/2283/2283 2475/2475/2475
f 2282/2282/2282 2475/2475/2475 2474/2474/2474
f 2283/2283/2283 2284/2284/2284 2476/2476/2476
f 2283/2283/2283 2476/2476/2476 2475/2475/2475
f 2284/2284/2284 2285/2285/2285 2477/2477/2477
f 2284/2284/2284 2477/2477/2477 2476/2476/2476
f 2285/2285/2285 2286/2286/2286 2478/2478/2478
f 2285/2285/2285 2478/2478/2478 2477/2477/2477
f 2286/2286/2286 2287/2287/2287 2479/2479/2479
f 2286/2286/2286 2479/2479/2479 2478/2478/2478
f 2287/2287/2287 2288/2288/2288 2480/2480/2480
f 2287/2287/2287 2480/2480/2480 2479/2479/2479
f 2288/2288/2288 2289/2289/2289 2481/2481/2481
f 2288/2288/2288 2481/2481/2481 2480/2480/2480
f 2289/2289/2289 2290/2290/2290 2482/2482/2482
f 2289/2289/2289 2482/2482/2482 2481/2481/2481
f 2290/2290/2290 2291/2291/2291 2483/2483/2483
f 2290/2290/2290 2483/2483/2483 2482/2482/2482
f 2291/2291/2291 2292/2292/2292 2484/2484/2484
f 2291/2291/2291 2484/2484/2484 2483/2483/2483
f 2292/2292/2292 2293/2293/2293 2485/2485/2485
f 2292/2292/2292 2485/2485/2485 2484/2484/2484
f 2293/2293/2293 2294/2294/2294 2486/2486/2486
f 2293/2293/2293 2486/2486/2486 2485/2485/2485
f 2294/2294/2294 2295/2295/2295 2487/2487/2487
f 2294/2294/2294 2487/2487/2487 2486/2486/2486
f 2295/2295/2295 2296/2296/2296 2488/2488/2488
f 2295/2295/2295 2488/2488/2488 2487/2487/2487
f 2296/2296/2296 2297/2297/2297 2489/2489/2489
f 2296/2296/2296 2489/2489/2489 2488/2488/2488
f 2297/2297/2297 2298/2298/2298 2490/2490/2490
f 2297/2297/2297 2490/2490/2490 2489/2489/2489
f 2298/2298/2298 2299/2299/2299 2491/2491/2491
f 2298/2298/2298 2491/2491/2491 2490/2490/2490
f 2299/2299/2299 2300/2300/2300 2492/2492/2492
f 2299/2299/2299 2492/2492/2492 2491/2491/2491
f 2300/2300/2300 2301/2301/2301 2493/2493/2493
f 2300/2300/2300 2493/2493/2493 2492/2492/2492
f 2301/2301/2301 2302/2302/2302 2494/2494/2494
f 2301/2301/2301 2494/2494/2494 2493/2493/2493
f 2302/2302/2302 2303/2303/2303 2495/2495/2495
f 2302/2302/2302 2495/2495/2495 2494/2494/2494
f 2303/2303/2303 2304/2304/2304 2496/2496/2496
f 2303/2303/2303 2496/2496/2496 2495/2495/2495
f 2304/2304/2304 2305/2305/2305 2497/2497/2497
f 2304/2304/2304 2497/2497/2497 2496/2496/2496
f 2305/2305/2305 2114/2114/2114 2306/2306/2306
f 2305/2305/2305 2306/2306/2306 2497/2497/2497
f 2306/2306/2306 2307/2307/2307 2499/2499/2499
f 2306/2306/2306 2499/2499/2499 2498/2498/2498
f 2307/2307/2307 2308/2308/2308 2500/2500/2500
f 2307/2307/2307 2500/2500/2500 2499/2499/2499
f 2308/2308/2308 2309/2309/2309 2501/2501/2501
f 2308/2308/2308 2501/2501/2501 2500/2500/2500
f 2309/2309/2309 2310/2310/2310 2502/2502/2502
f 2309/2309/2309 2502/2502/2502 2501/2501/2501
f 2310/2310/2310 2311/2311/2311 2503/2503/2503
f 2310/2310/2310 2503/2503/2503 2502/2502/2502
f 2311/2311/2311 2312/2312/2312 2504/2504/2504
f 2311/2311/2311 2504/2504/2504 2503/2503/2503
f 2312/2312/2312 2313/2313/2313 2505/2505/2505
f 2312/2312/2312 2505/2505/2505 2504/2504/2504
f 2313/2313/2313 2314/2314/2314 2506/2506/2506
f 2313/2313/2313 2506/2506/2506 2505/2505/2505
f 2314/2314/2314 2315/2315/2315 2507/2507/2507
f 2314/2314/2314 2507/2507/2507 2506/2506/2506
f 2315/2315/2315 2316/2316/2316 2508/2508/2508
f 2315/2315/2315 2508/2508/2508 2507/2507/2507
f 2316/2316/2316 2317/2317/2317 2509/2509/2509
f 2316/2316/2316 2509/2509/2509 2508/2508/2508
f 2317/2317/2317 2318/2318/2318 2510/2510/2510
f 2317/2317/2317 2510/2510/2510 2509/2509/2509
f 2318/2318/2318 2319/2319/2319 2511/2511/2511
f 2318/2318/2318 2511/2511/2511 2510/2510/2510
f 2319/2319/2319 2320/2320/2320 2512/2512/2512
f 2319/2319/2319 2512/2512/2512 2511/2511/2511
f 2320/2320/2320 2321/2321/2321 2513/2513/2513
f 2320/2320/2320 2513/2513/2513 2512/2512/2512
f 2321/2321/2321 2322/2322/2322 2514/2514/2514
f 2321/2321/2321 2514/2514/2514 2513/2513/2513
f 2322/2322/2322 2323/2323/2323 2515/2515/2515
f 2322/2322/2322 2515/2515/2515 2514/2514/2514
f 2323/2323/2323 2324/2324/2324 2516/2516/2516
f 2323/2323/2323 2516/2516/2516 2515/2515/2515
f 2324/2324/2324 2325/2325/2325 2517/2517/2517
f 2324/2324/2324 2517/2517/2517 2516/2516/2516
f 2325/2325/2325 2326/2326/2326 2518/2518/2518
f 2325/2325/2325 2518/2518/2518 2517/2517/2517
f 2326/2326/2326 2327/2327/2327 2519/2519/2519
f 2326/2326/2326 2519/2519/2519 2518/2518/2518
f 2327/2327/2327 2328/2328/2328 2520/2520/2520
f 2327/2327/2327 2520/2520/2520 2519/2519/2519
f 2328/2328/2328 2329/2329/2329 2521/2521/2521
f 2328/2328/2328 2521/2521/2521 2520/2520/2520
f 2329/2329/2329 2330/2330/2330 2522/2522/2522
f 2329/2329/2329 2522/2522/2522 2521/2521/2521
f 2330/2330/2330 2331/2331/2331 2523/2523/2523
f 2330/2330/2330 2523/2523/2523 2522/2522/2522
f 2331/2331/2331 2332/2332/2332 2524/2524/2524
f 2331/2331/2331 2524/2524/2524 2523/2523/2523
f 2332/2332/2332 2333/2333/2333 2525/2525/2525
f 2332/2332/2332 2525/2525/2525 2524/2524/2524
f 2333/2333/2333 2334/2334/2334 2526/2526/2526
f 2333/2333/2333 2526/2526/2526 2525/2525/2525
f 2334/2334/2334 2335/2335/2335 2527/2527/2527
f 2334/2334/2334 2527/2527/2527 2526/2526/2526
f 2335/2335/2335 2336/2336/2336 2528/2528/2528
f 2335/2335/2335 2528/2528/2528 2527/2527/2527
f 2336/2336/2336 2337/2337/2337 2529/2529/2529
f 2336/2336/2336 2529/2529/2529 2528/2528/2528
f 2337/2337/2337 2338/2338/2338 2530/2530/2530
f 2337/2337/2337 2530/2530/2530 2529/2529/2529
f 2338/2338/2338 2339/2339/2339 2531/2531/2531
f 2338/2338/2338 2531/2531/2531 2530/2530/2530
f 2339/2339/2339 2340/2340/2340 2532/2532/2532
f 2339/2339/2339 2532/2532/2532 2531/2531/2531
f 2340/2340/2340 2341/2341/2341 2533/2533/2533
f 2340/2340/2340 2533/2533/2533 2532/2532/2532
f 2341/2341/2341 2342/2342/2342 2534/2534/2534
f 2341/2341/2341 2534/2534/2534 2533/2533/2533
f 2342/2342/2342 2343/2343/2343 2535/2535/2535
f 2342/2342/2342 2535/2535/2535 2534/2534/2534
f 2343/2343/2343 2344/2344/2344 2536/2536/2536
f 2343/2343/2343 2536/2536/2536 2535/2535/2535
f 2344/2344/2344 2345/2345/2345 2537/2537/2537
f 2344/2344/2344 2537/2537/2537 2536/2536/2536
f 2345/2345/2345 2346/2346/2346 2538/2538/2538
f 2345/2345/2345 2538/2538/2538 2537/2537/2537
f 2346/2346/2346 2347/2347/2347 2539/2539/2539
f 2346/2346/2346 2539/2539/2539 2538/2538/2538
f 2347/2347/2347 2348/2348/2348 2540/2540/2540
f 2347/2347/2347 2540/2540/2540 2539/2539/2539
f 2348/2348/2348 2349/2349/2349 2541/2541/2541
f 2348/2348/2348 2541/2541/2541 2540/2540/2540
f 2349/2349/2349 2350/2350/2350 2542/2542/2542
f 2349/2349/2349 2542/2542/2542 2541/2541/2541
f 2350/2350/2350 2351/2351/2351 2543/2543/2543
f 2350/2350/2350 2543/2543/2543 2542/2542/2542
f 2351/2351/2351 2352/2352/2352 2544/2544/2544
f 2351/2351/2351 2544/2544/2544 2543/2543/2543
f 2352/2352/2352 2353/2353/2353 2545/2545/2545
f 2352/2352/2352 2545/2545/2545 2544/2544/2544
f 2353/2353/2353 2354/2354/2354 2546/2546/2546
f 2353/2353/2353 2546/2546/2546 2545/2545/2545
f 2354/2354/2354 2355/2355/2355 2547/2547/2547
f 2354/2354/2354 2547/2547/2547 2546/2546/2546
f 2355/2355/2355 2356/2356/2356 2548/2548/2548
f 2355/2355/2355 2548/2548/2548 2547/2547/2547
f 2356/2356/2356 2357/2357/2357 2549/2549/2549
f 2356/2356/2356 2549/2549/2549 2548/2548/2548
f 2357/2357/2357 2358/2358/2358 2550/2550/2550
f 2357/2357/2357 2550/2550/2550 2549/2549/2549
f 2358/2358/2358 2359/2359/2359 2551/2551/2551
f 2358/2358/2358 2551/2551/2551 2550/2550/2550
f 2359/2359/2359 2360/2360/2360 2552/2552/2552
f 2359/2359/2359 2552/2552/2552 2551/2551/2551
f 2360/2360/2360 2361/2361/2361 2553/2553/2553
f 2360/2360/2360 2553/2553/2553 2552/2552/2552
f 2361/2361/2361 2362/2362/2362 2554/2554/2554
f 2361/2361/2361 2554/2554/2554 2553/2553/2553
f 2362/2362/2362 2363/2363/2363 2555/2555/2555
f 2362/2362/2362 2555/2555/2555 2554/2554/2554
f 2363/2363/2363 2364/2364/2364 2556/2556/2556
f 2363/2363/2363 2556/2556/2556 2555/2555/2555
f 2364/2364/2364 2365/2365/2365 2557/2557/2557
f 2364/2364/2364 2557/2557/2557 2556/2556/2556
f 2365/2365/2365 2366/2366/2366 2558/2558/2558
f 2365/2365/2365 2558/2558/2558 2557/2557/2557
f 2366/2366/2366 2367/2367/2367 2559/2559/2559
f 2366/2366/2366 2559/2559/2559 2558/2558/2558
f 2367/2367/2367 2368/2368/2368 2560/2560/2560
f 2367/2367/2367 2560/2560/2560 2559/2559/2559
f 2368/2368/2368 2369/2369/2369 2561/2561/2561
f 2368/2368/2368 2561/2561/2561 2560/2560/2560
f 2369/2369/2369 2370/2370/2370 2562/2562/2562
f 2369/2369/2369 2562/2562/2562 2561/2561/2561
f 2370/2370/2370 2371/2371/2371 2563/2563/2563
f 2370/2370/2370 2563/2563/2563 2562/2562/2562
f 2371/2371/2371 2372/2372/2372 2564/2564/2564
f 2371/2371/2371 2564/2564/2564 2563/2563/2563
f 2372/2372/2372 2373/2373/2373 2565/2565/2565
f 2372/2372/2372 2565/2565/2565 2564/2564/2564
f 2373/2373/2373 2374/2374/2374 2566/2566/2566
f 2373/2373/2373 2566/2566/2566 2565/2565/2565
f 2374/2374/2374 2375/2375/2375 2567/2567/2567
f 2374/2374/2374 2567/2567/2567 2566/2566/2566
f 2375/2375/2375 2376/2376/2376 2568/2568/2568
f 2375/2375/2375 2568/2568/2568 2567/2567/2567
f 2376/2376/2376 2377/2377/2377 2569/2569/2569
f 2376/2376/2376 2569/2569/2569 2568/2568/2568
f 2377/2377/2377 2378/2378/2378 2570/2570/2570
f 2377/2377/2377 2570/2570/2570 2569/2569/2569
f 2378/2378/2378 2379/2379/2379 2571/2571/2571
f 2378/2378/2378 2571/2571/2571 2570/2570/2570
f 2379/2379/2379 2380/2380/2380 2572/2572/2572
f 2379/2379/2379 2572/2572/2572 2571/2571/2571
f 2380/2380/2380 2381/2381/2381 2573/2573/2573
f 2380/2380/2380 2573/2573/2573 2572/2572/2572
f 2381/2381/2381 2382/2382/2382 2574/2574/2574
f 2381/2381/2381 2574/2574/2574 2573/2573/2573
f 2382/2382/2382 2383/2383/2383 2575/2575/2575
f 2382/2382/2382 2575/2575/2575 2574/2574/2574
f 2383/2383/2383 2384/2384/2384 2576/2576/2576
f 2383/2383/2383 2576/2576/2576 2575/2575/2575
f 2384/2384/2384 2385/2385/2385 2577/2577/2577
f 2384/2384/2384 2577/2577/2577 2576/2576/2576
f 2385/2385/2385 2386/2386/2386 2578/2578/2578
f 2385/2385/2385 2578/2578/2578 2577/2577/2577
f 2386/2386/2386 2387/2387/2387 2579/2579/2579
f 2386/2386/2386 2579/2579/2579 2578/2578/2578
f 2387/2387/2387 2388/2388/2388 2580/2580/2580
f 2387/2387/2387 2580/2580/2580 2579/2579/2579
f 2388/2388/2388 2389/2389/2389 2581/2581/2581
f 2388/2388/2388 2581/2581/2581 2580/2580/2580
f 2389/2389/2389 2390/2390/2390 2582/2582/2582
f 2389/2389/2389 2582/2582/2582 2581/2581/2581
f 2390/2390/2390 2391/2391/2391 2583/2583/2583
f 2390/2390/2390 2583/2583/2583 2582/2582/2582
f 2391/2391/2391 2392/2392/2392 2584/2584/2584
f 2391/2391/2391 2584/2584/2584 2583/2583/2583
f 2392/2392/2392 2393/2393/2393 2585/2585/2585
f 2392/2392/2392 2585/2585/2585 2584/2584/2584
f 2393/2393/2393 2394/2394/2394 2586/2586/2586
f 2393/2393/2393 2586/2586/2586 2585/2585/2585
f 2394/2394/2394 2395/2395/2395 2587/2587/2587
f 2394/2394/2394 2587/2587/2587 2586/2586/2586
f 2395/2395/2395 2396/2396/2396 2588/2588/2588
f 2395/2395/2395 2588/2588/2588 2587/2587/2587
f 2396/2396/2396 2397/2397/2397 2589/2589/2589
f 2396/2396/2396 2589/2589/2589 2588/2588/2588
f 2397/2397/2397 2398/2398/2398 2590/2590/2590
f 2397/2397/2397 2590/2590/2590 2589/2589/2589
f 2398/2398/2398 2399/2399/2399 2591/2591/2591
f 2398/2398/2398 2591/2591/2591 2590/2590/2590
f 2399/2399/2399 2400/2400/2400 2592/2592/2592
f 2399/2399/2399 2592/2592/2592 2591/2591/2591
f 2400/2400/2400 2401/2401/2401 2593/2593/2593
f 2400/2400/2400 2593/2593/2593 2592/2592/2592
f 2401/2401/2401 2402/2402/2402 2594/2594/2594
f 2401/2401/2401 2594/2594/2594 2593/2593/2593
f 2402/2402/2402 2403/2403/2403 2595/2595/2595
f 2402/2402/2402 2595/2595/2595 2594/2594/2594
f 2403/2403/2403 2404/2404/2404 2596/2596/2596
f 2403/2403/2403 2596/2596/2596 2595/2595/2595
f 2404/2404/2404 2405/2405/2405 2597/2597/2597
f 2404/2404/2404 2597/2597/2597 2596/2596/2596
f 2405/2405/2405 2406/2406/2406 2598/2598/2598
f 2405/2405/2405 2598/2598/2598 2597/2597/2597
f 2406/2406/2406 2407/2407/2407 2599/2599/2599
f 2406/2406/2406 2599/2599/2599 2598/2598/2598
f 2407/2407/2407 2408/2408/2408 2600/2600/2600
f 2407/2407/2407 2600/2600/2600 2599/2599/2599
f 2408/2408/2408 2409/2409/2409 2601/2601/2601
f 2408/2408/2408 2601/2601/2601 2600/2600/2600
f 2409/2409/2409 2410/2410/2410 2602/2602/2602
f 2409/2409/2409 2602/2602/2602 2601/2601/2601
f 2410/2410/2410 2411/2411/2411 2603/2603/2603
f 2410/2410/2410 2603/2603/2603 2602/2602/2602
f 2411/2411/2411 2412/2412/2412 2604/2604/2604
f 2411/2411/2411 2604/2604/2604 2603/2603/2603
f 2412/2412/2412 2413/2413/2413 2605/2605/2605
f 2412/2412/2412 2605/2605/2605 2604/2604/2604
f 2413/2413/2413 2414/2414/2414 2606/2606/2606
f 2413/2413/2413 2606/2606/2606 2605/2605/2605
f 2414/2414/2414 2415/2415/2415 2607/2607/2607
f 2414/2414/2414 2607/2607/2607 2606/2606/2606
f 2415/2415/2415 2416/2416/2416 2608/2608/2608
f 2415/2415/2415 2608/2608/2608 2607/2607/2607
f 2416/2416/2416 2417/2417/2417 2609/2609/2609
f 2416/2416/2416 2609/2609/2609 2608/2608/2608
f 2417/2417/2417 2418/2418/2418 2610/2610/2610
f 2417/2417/2417 2610/2610/2610 2609/2609/2609
f 2418/2418/2418 2419/2419/2419 2611/2611/2611
f 2418/2418/2418 2611/2611/2611 2610/2610/2610
f 2419/2419/2419 2420/2420/2420 2612/2612/2612
f 2419/2419/2419 2612/2612/2612 2611/2611/2611
f 2420/2420/2420 2421/2421/2421 2613/2613/2613
f 2420/2420/2420 2613/2613/2613 2612/2612/2612
f 2421/2421/2421 2422/2422/2422 2614/2614/2614
f 2421/2421/2421 2614/2614/2614 2613/2613/2613
f 2422/2422/2422 2423/2423/2423 2615/2615/2615
f 2422/2422/2422 2615/2615/2615 2614/2614/2614
f 2423/2423/2423 2424/2424/2424 2616/2616/2616
f 2423/2423/2423 2616/2616/2616 2615/2615/2615
f 2424/2424/2424 2425/2425/2425 2617/2617/2617
f 2424/2424/2424 2617/2617/2617 2616/2616/2616
f 2425/2425/2425 2426/2426/2426 2618/2618/2618
f 2425/2425/2425 2618/2618/2618 2617/2617/2617
f 2426/2426/2426 2427/2427/2427 2619/2619/2619
f 2426/2426/2426 2619/2619/2619 2618/2618/2618
f 2427/2427/2427 2428/2428/2428 2620/2620/2620
f 2427/2427/2427 2620/2620/2620 2619/2619/2619
f 2428/2428/2428 2429/2429/2429 2621/2621/2621
f 2428/2428/2428 2621/2621/2621 2620/2620/2620
f 2429/2429/2429 2430/2430/2430 2622/2622/2622
f 2429/2429/2429 2622/2622/2622 2621/2621/2621
f 2430/2430/2430 2431/2431/2431 2623/2623/2623
f 2430/2430/2430 2623/2623/2623 2622/2622/2622
f 2431/2431/2431 2432/2432/2432 2624/2624/2624
f 2431/2431/2431 2624/2624/2624 2623/2623/2623
f 2432/2432/2432 2433/2433/2433 2625/2625/2625
f 2432/2432/2432 2625/2625/2625 2624/2624/2624
f 2433/2433/2433 2434/2434/2434 2626/2626/2626
f 2433/2433/2433 2626/2626/2626 2625/2625/2625
f 2434/2434/2434 2435/2435/2435 2627/2627/2627
f 2434/2434/2434 2627/2627/2627 2626/2626/2626
f 2435/2435/2435 2436/2436/2436 2628/2628/2628
f 2435/2435/2435 2628/2628/2628 2627/2627/2627
f 2436/2436/2436 2437/2437/2437 2629/2629/2629
f 2436/2436/2436 2629/2629/2629 2628/2628/2628
f 2437/2437/2437 2438/2438/2438 2630/2630/2630
f 2437/2437/2437 2630/2630/2630 2629/2629/2629
f 2438/2438/2438 2439/2439/2439 2631/2631/2631
f 2438/2438/2438 2631/2631/2631 2630/2630/2630
f 2439/2439/2439 2440/2440/2440 2632/2632/2632
f 2439/2439/2439 2632/2632/2632 2631/2631/2631
f 2440/2440/2440 2441/2441/2441 2633/2633/2633
f 2440/2440/2440 2633/2633/2633 2632/2632/2632
f 2441/2441/2441 2442/2442/2442 2634/2634/2634
f 2441/2441/2441 2634/2634/2634 2633/2633/2633
f 2442/2442/2442 2443/2443/2443 2635/2635/2635
f 2442/2442/2442 2635/2635/2635 2634/2634/2634
f 2443/2443/2443 2444/2444/2444 2636/2636/2636
f 2443/2443/2443 2636/2636/2636 2635/2635/2635
f 2444/2444/2444 2445/2445/2445 2637/2637/2637
f 2444/2444/2444 2637/2637/2637 2636/2636/2636
f 2445/2445/2445 2446/2446/2446 2638/2638/2638
f 2445/2445/2445 2638/2638/2638 2637/2637/2637
f 2446/2446/2446 2447/2447/2447 2639/2639/2639
f 2446/2446/2446 2639/2639/2639 2638/2638/2638
f 2447/2447/2447 2448/2448/2448 2640/2640/2640
f 2447/2447/2447 2640/2640/2640 2639/2639/2639
f 2448/2448/2448 2449/2449/2449 2641/2641/2641
f 2448/2448/2448 2641/2641/2641 2640/2640/2640
f 2449/2449/2449 2450/2450/2450 2642/2642/2642
f 2449/2449/2449 2642/2642/2642 2641/2641/2641
f 2450/2450/2450 2451/2451/2451 2643/2643/2643
f 2450/2450/2450 2643/2643/2643 2642/2642/2642
f 2451/2451/2451 2452/2452/2452 2644/2644/2644
f 2451/2451/2451 2644/2644/2644 2643/2643/2643
f 2452/2452/2452 2453/2453/2453 2645/2645/2645
f 2452/2452/2452 2645/2645/2645 2644/2644/2644
f 2453/2453/2453 2454/2454/2454 2646/2646/2646
f 2453/2453/2453 2646/2646/2646 2645/2645/2645
f 2454/2454/2454 2455/2455/2455 2647/2647/2647
f 2454/2454/2454 2647/2647/2647 2646/2646/2646
f 2455/2455/2455 2456/2456/2456 2648/2648/2648
f 2455/2455/2455 2648/2648/2648 2647/2647/2647
f 2456/2456/2456 2457/2457/2457 2649/2649/2649
f 2456/2456/2456 2649/2649/2649 2648/2648/2648
f 2457/2457/2457 2458/2458/2458 2650/2650/2650
f 2457/2457/2457 2650/2650/2650 2649/2649/2649
f 2458/2458/2458 2459/2459/2459 2651/2651/2651
f 2458/2458/2458 2651/2651/2651 2650/2650/2650
f 2459/2459/2459 2460/2460/2460 2652/2652/2652
f 2459/2459/2459 2652/2652/2652 2651/2651/2651
f 2460/2460/2460 2461/2461/2461 2653/2653/2653
f 2460/2460/2460 2653/2653/2653 2652/2652/2652
f 2461/2461/2461 2462/2462/2462 2654/2654/2654
f 2461/2461/2461 2654/2654/2654 2653/2653/2653
f 2462/2462/2462 2463/2463/2463 2655/2655/2655
f 2462/2462/2462 2655/2655/2655 2654/2654/2654
f 2463/2463/2463 2464/2464/2464 2656/2656/2656
f 2463/2463/2463 2656/2656/2656 2655/2655/2655
f 2464/2464/2464 2465/2465/2465 2657/2657/2657
f 2464/2464/2464 2657/2657/2657 2656/2656/2656
f 2465/2465/2465 2466/2466/2466 2658/2658/2658
f 2465/2465/2465 2658/2658/2658 2657/2657/2657
f 2466/2466/2466 2467/2467/2467 2659/2659/2659
f 2466/2466/2466 2659/2659/2659 2658/2658/2658
f 2467/2467/2467 2468/2468/2468 2660/2660/2660
f 2467/2467/2467 2660/2660/2660 2659/2659/2659
f 2468/2468/2468 2469/2469/2469 2661/2661/2661
f 2468/2468/2468 2661/2661/2661 2660/2660/2660
f 2469/2469/2469 2470/2470/2470 2662/2662/2662
f 2469/2469/2469 2662/2662/2662 2661/2661/2661
f 2470/2470/2470 2471/2471/2471 2663/2663/2663
f 2470/2470/2470 2663/2663/2663 2662/2662/2662
f 2471/2471/2471 2472/2472/2472 2664/2664/2664
f 2471/2471/2471 2664/2664/2664 2663/2663/2663
f 2472/2472/2472 2473/2473/2473 2665/2665/2665
f 2472/2472/2472 2665/2665/2665 2664/2664/2664
f 2473/2473/2473 2474/2474/2474 2666/2666/2666
f 2473/2473/2473 2666/2666/2666 2665/2665/2665
f 2474/2474/2474 2475/2475/2475 2667/2667/2667
f 2474/2474/2474 2667/2667/2667 2666/2666/2666
f 2475/2475/2475 2476/2476/2476 2668/2668/2668
f 2475/2475/2475 2668/2668/2668 2667/2667/2667
f 2476/2476/2476 2477/2477/2477 2669/2669/2669
f 2476/2476/2476 2669/2669/2669 2668/2668/2668
f 2477/2477/2477 2478/2478/2478 2670/2670/2670
f 2477/2477/2477 2670/2670/2670 2669/2669/2669
f 2478/2478/2478 2479/2479/2479 2671/2671/2671
f 2478/2478/2478 2671/2671/2671 2670/2670/2670
f 2479/2479/2479 2480/2480/2480 2672/2672/2672
f 2479/2479/2479 2672/2672/2672 2671/2671/2671
f 2480/2480/2480 2481/2481/2481 2673/2673/2673
f 2480/2480/2480 2673/2673/2673 2672/2672/2672
f 2481/2481/2481 2482/2482/2482 2674/2674/2674
f 2481/2481/2481 2674/2674/2674 2673/2673/2673
f 2482/2482/2482 2483/2483/2483 2675/2675/2675
f 2482/2482/2482 2675/2675/2675 2674/2674/2674
f 2483/2483/2483 2484/2484/2484 2676/2676/2676
f 2483/2483/2483 2676/2676/2676 2675/2675/2675
f 2484/2484/2484 2485/2485/2485 2677/2677/2677
f 2484/2484/2484 2677/2677/2677 2676/2676/2676
f 2485/2485/2485 2486/2486/2486 2678/2678/2678
f 2485/2485/2485 2678/2678/2678 2677/2677/2677
f 2486/2486/2486 2487/2487/2487 2679/2679/2679
f 2486/2486/2486 2679/2679/2679 2678/2678/2678
f 2487/2487/2487 2488/2488/2488 2680/2680/2680
f 2487/2487/2487 2680/2680/2680 2679/2679/2679
f 2488/2488/2488 2489/2489/2489 2681/2681/2681
f 2488/2488/2488 2681/2681/2681 2680/2680/2680
f 2489/2489/2489 2490/2490/2490 2682/2682/2682
f 2489/2489/2489 2682/2682/2682 2681/2681/2681
f 2490/2490/2490 2491/2491/2491 2683/2683/2683
f 2490/2490/2490 2683/2683/2683 2682/2682/2682
f 2491/2491/2491 2492/2492/2492 2684/2684/2684
f 2491/2491/2491 2684/2684/2684 2683/2683/2683
f 2492/2492/2492 2493/2493/2493 2685/2685/2685
f 2492/2492/2492 2685/2685/2685 2684/2684/2684
f 2493/2493/2493 2494/2494/2494 2686/2686/2686
f 2493/2493/2493 2686/2686/2686 2685/2685/2685
f 2494/2494/2494 2495/2495/2495 2687/2687/2687
f 2494/2494/2494 2687/2687/2687 2686/2686/2686
f 2495/2495/2495 2496/2496/2496 2688/2688/2688
f 2495/2495/2495 2688/2688/2688 2687/2687/2687
f 2496/2496/2496 2497/2497/2497 2689/2689/2689
f 2496/2496/2496 2689/2689/2689 2688/2688/2688
f 2497/2497/2497 2306/2306/2306 2498/2498/2498
f 2497/2497/2497 2498/2498/2498 2689/2689/2689
f 2498/2498/2498 2499/2499/2499 2691/2691/2691
f 2498/2498/2498 2691/2691/2691 2690/2690/2690
f 2499/2499/2499 2500/2500/2500 2692/2692/2692
f 2499/2499/2499 2692/2692/2692 2691/2691/2691
f 2500/2500/2500 2501/2501/2501 2693/2693/2693
f 2500/2500/2500 2693/2693/2693 2692/2692/2692
f 2501/2501/2501 2502/2502/2502 2694/2694/2694
f 2501/2501/2501 2694/2694/2694 2693/2693/2693
f 2502/2502/2502 2503/2503/2503 2695/2695/2695
f 2502/2502/2502 2695/2695/2695 2694/2694/2694
f 2503/2503/2503 2504/2504/2504 2696/2696/2696
f 2503/2503/2503 2696/2696/2696 2695/2695/2695
f 2504/2504/2504 2505/2505/2505 2697/2697/2697
f 2504/2504/2504 2697/2697/2697 2696/2696/2696
f 2505/2505/2505 2506/2506/2506 2698/2698/2698
f 2505/2505/2505 2698/2698/2698 2697/2697/2697
f 2506/2506/2506 2507/2507/2507 2699/2699/2699
f 2506/2506/2506 2699/2699/2699 2698/2698/2698
f 2507/2507/2507 2508/2508/2508 2700/2700/2700
f 2507/2507/2507 2700/2700/2700 2699/2699/2699
f 2508/2508/2508 2509/2509/2509 2701/2701/2701
f 2508/2508/2508 2701/2701/2701 2700/2700/2700
f 2509/2509/2509 2510/2510/2510 2702/2702/2702
f 2509/2509/2509 2702/2702/2702 2701/2701/2701
f 2510/2510/2510 2511/2511/2511 2703/2703/2703
f 2510/2510/2510 2703/2703/2703 2702/2702/2702
f 2511/2511/2511 2512/2512/2512 2704/2704/2704
f 2511/2511/2511 2704/2704/2704 2703/2703/2703
f 2512/2512/2512 2513/2513/2513 2705/2705/2705
f 2512/2512/2512 2705/2705/2705 2704/2704/2704
f 2513/2513/2513 2514/2514/2514 2706/2706/2706
f 2513/2513/2513 2706/2706/2706 2705/2705/2705
f 2514/2514/2514 2515/2515/2515 2707/2707/2707
f 2514/2514/2514 2707/2707/2707 2706/2706/2706
f 2515/2515/2515 2516/2516/2516 2708/2708/2708
f 2515/2515/2515 2708/2708/2708 2707/2707/2707
f 2516/2516/2516 2517/2517/2517 2709/2709/2709
f 2516/2516/2516 2709/2709/2709 2708/2708/2708
f 2517/2517/2517 2518/2518/2518 2710/2710/2710
f 2517/2517/2517 2710/2710/2710 2709/2709/2709
f 2518/2518/2518 2519/2519/2519 2711/2711/2711
f 2518/2518/2518 2711/2711/2711 2710/2710/2710
f 2519/2519/2519 2520/2520/2520 2712/2712/2712
f 2519/2519/2519 2712/2712/2712 2711/2711/2711
f 2520/2520/2520 2521/2521/2521 2713/2713/2713
f 2520/2520/2520 2713/2713/2713 2712/2712/2712
f 2521/2521/2521 2522/2522/2522 2714/2714/2714
f 2521/2521/2521 2714/2714/2714 2713/2713/2713
f 2522/2522/2522 2523/2523/2523 2715/2715/2715
f 2522/2522/2522 2715/2715/2715 2714/2714/2714
f 2523/2523/2523 2524/2524/2524 2716/2716/2716
f 2523/2523/2523 2716/2716/2716 2715/2715/2715
f 2524/2524/2524 2525/2525/2525 2717/2717/2717
f 2524/2524/2524 2717/2717/2717 2716/2716/2716
f 2525/2525/2525 2526/2526/2526 2718/2718/2718
f 2525/2525/2525 2718/2718/2718 2717/2717/2717
f 2526/2526/2526 2527/2527/2527 2719/2719/2719
f 2526/2526/2526 2719/2719/2719 2718/2718/2718
f 2527/2527/2527 2528/2528/2528 2720/2720/2720
f 2527/2527/2527 2720/2720/2720 2719/2719/2719
f 2528/2528/2528 2529/2529/2529 2721/2721/2721
f 2528/2528/2528 2721/2721/2721 2720/2720/2720
f 2529/2529/2529 2530/2530/2530 2722/2722/2722
f 2529/2529/2529 2722/2722/2722 2721/2721/2721
f 2530/2530/2530 2531/2531/2531 2723/2723/2723
f 2530/2530/2530 2723/2723/2723 2722/2722/2722
f 2531/2531/2531 2532/2532/2532 2724/2724/2724
f 2531/2531/2531 2724/2724/2724 2723/2723/2723
f 2532/2532/2532 2533/2533/2533 2725/2725/2725
f 2532/2532/2532 2725/2725/2725 2724/2724/2724
f 2533/2533/2533 2534/2534/2534 2726/2726/2726
f 2533/2533/2533 2726/2726/2726 2725/2725/2725
f 2534/2534/2534 2535/2535/2535 2727/2727/2727
f 2534/2534/2534 2727/2727/2727 2726/2726/2726
f 2535/2535/2535 2536/2536/2536 2728/2728/2728
f 2535/2535/2535 2728/2728/2728 2727/2727/2727
f 2536/2536/2536 2537/2537/2537 2729/2729/2729
f 2536/2536/2536 2729/2729/2729 2728/2728/2728
f 2537/2537/2537 2538/2538/2538 2730/2730/2730
f 2537/2537/2537 2730/2730/2730 2729/2729/2729
f 2538/2538/2538 2539/2539/2539 2731/2731/2731
f 2538/2538/2538 2731/2731/2731 2730/2730/2730
f 2539/2539/2539 2540/2540/2540 2732/2732/2732
f 2539/2539/2539 2732/2732/2732 2731/2731/2731
f 2540/2540/2540 2541/2541/2541 2733/2733/2733
f 2540/2540/2540 2733/2733/2733 2732/2732/2732
f 2541/2541/2541 2542/2542/2542 2734/2734/2734
f 2541/2541/2541 2734/2734/2734 2733/2733/2733
f 2542/2542/2542 2543/2543/2543 2735/2735/2735
f 2542/2542/2542 2735/2735/2735 2734/2734/2734
f 2543/2543/2543 2544/2544/2544 2736/2736/2736
f 2543/2543/2543 2736/2736/2736 2735/2735/2735
f 2544/2544/2544 2545/2545/2545 2737/2737/2737
f 2544/2544/2544 2737/2737/2737 2736/2736/2736
f 2545/2545/2545 2546/2546/2546 2738/2738/2738
f 2545/2545/2545 2738/2738/2738 2737/2737/2737
f 2546/2546/2546 2547/2547/2547 2739/2739/2739
f 2546/2546/2546 2739/2739/2739 2738/2738/2738
f 2547/2547/2547 2548/2548/2548 2740/2740/2740
f 2547/2547/2547 2740/2740/2740 2739/2739/2739
f 2548/2548/2548 2549/2549/2549 2741/2741/2741
f 2548/2548/2548 2741/2741/2741 2740/2740/2740
f 2549/2549/2549 2550/2550/2550 2742/2742/2742
f 2549/2549/2549 2742/2742/2742 2741/2741/2741
f 2550/2550/2550 2551/2551/2551 2743/2743/2743
f 2550/2550/2550 2743/2743/2743 2742/2742/2742
f 2551/2551/2551 2552/2552/2552 2744/2744/2744
f 2551/2551/2551 2744/2744/2744 2743/2743/2743
f 2552/2552/2552 2553/2553/2553 2745/2745/2745
f 2552/2552/2552 2745/2745/2745 2744/2744/2744
f 2553/2553/2553 2554/2554/2554 2746/2746/2746
f 2553/2553/2553 2746/2746/2746 2745/2745/2745
f 2554/2554/2554 2555/2555/2555 2747/2747/2747
f 2554/2554/2554 2747/2747/2747 2746/2746/2746
f 2555/2555/2555 2556/2556/2556 2748/2748/2748
f 2555/2555/2555 2748/2748/2748 2747/2747/2747
f 2556/2556/2556 2557/2557/2557 2749/2749/2749
f 2556/2556/2556 2749/2749/2749 2748/2748/2748
f 2557/2557/2557 2558/2558/2558 2750/2750/2750
f 2557/2557/2557 2750/2750/2750 2749/2749/2749
f 2558/2558/2558 2559/2559/2559 2751/2751/2751
f 2558/2558/2558 2751/2751/2751 2750/2750/2750
f 2559/2559/2559 2560/2560/2560 2752/2752/2752
f 2559/2559/2559 2752/2752/2752 2751/2751/2751
f 2560/2560/2560 2561/2561/2561 2753/2753/2753
f 2560/2560/2560 2753/2753/2753 2752/2752/2752
f 2561/2561/2561 2562/2562/2562 2754/2754/2754
f 2561/2561/2561 2754/2754/2754 2753/2753/2753
f 2562/2562/2562 2563/2563/2563 2755/2755/2755
f 2562/2562/2562 2755/2755/2755 2754/2754/2754
f 2563/2563/2563 2564/2564/2564 2756/2756/2756
f 2563/2563/2563 2756/2756/2756 2755/2755/2755
f 2564/2564/2564 2565/2565/2565 2757/2757/2757
f 2564/2564/2564 2757/2757/2757 2756/2756/2756
f 2565/2565/2565 2566/2566/2566 2758/2758/2758
f 2565/2565/2565 2758/2758/2758 2757/2757/2757
f 2566/2566/2566 2567/2567/2567 2759/2759/2759
f 2566/2566/2566 2759/2759/2759 2758/2758/2758
f 2567/2567/2567 2568/2568/2568 2760/2760/2760
f 2567/2567/2567 2760/2760/2760 2759/2759/2759
f 2568/2568/2568 2569/2569/2569 2761/2761/2761
f 2568/2568/2568 2761/2761/2761 2760/2760/2760
f 2569/2569/2569 2570/2570/2570 2762/2762/2762
f 2569/2569/2569 2762/2762/2762 2761/2761/2761
f 2570/2570/2570 2571/2571/2571 2763/2763/2763
f 2570/2570/2570 2763/2763/2763 2762/2762/2762
f 2571/2571/2571 2572/2572/2572 2764/2764/2764
f 2571/2571/2571 2764/2764/2764 2763/2763/2763
f 2572/2572/2572 2573/2573/2573 2765/2765/2765
f 2572/2572/2572 2765/2765/2765 2764/2764/2764
f 2573/2573/2573 2574/2574/2574 2766/2766/2766
f 2573/2573/2573 2766/2766/2766 2765/2765/2765
f 2574/2574/2574 2575/2575/2575 2767/2767/2767
f 2574/2574/2574 2767/2767/2767 2766/2766/2766
f 2575/2575/2575 2576/2576/2576 2768/2768/2768
f 2575/2575/2575 2768/2768/2768 2767/2767/2767
f 2576/2576/2576 2577/2577/2577 2769/2769/2769
f 2576/2576/2576 2769/2769/2769 2768/2768/2768
f 2577/2577/2577 2578/2578/2578 2770/2770/2770
f 2577/2577/2577 2770/2770/2770 2769/2769/2769
f 2578/2578/2578 2579/2579/2579 2771/2771/2771
f 2578/2578/2578 2771/2771/2771 2770/2770/2770
f 2579/2579/2579 2580/2580/2580 2772/2772/2772
f 2579/2579/2579 2772/2772/2772 2771/2771/2771
f 2580/2580/2580 2581/2581/2581 2773/2773/2773
f 2580/2580/2580 2773/2773/2773 2772/2772/2772
f 2581/2581/2581 2582/2582/2582 2774/2774/2774
f 2581/2581/2581 2774/2774/2774 2773/2773/2773
f 2582/2582/2582 2583/2583/2583 2775/2775/2775
f 2582/2582/2582 2775/2775/2775 2774/2774/2774
f 2583/2583/2583 2584/2584/2584 2776/2776/2776
f 2583/2583/2583 2776/2776/2776 2775/2775/2775
f 2584/2584/2584 2585/2585/2585 2777/2777/2777
f 2584/2584/2584 2777/2777/2777 2776/2776/2776
f 2585/2585/2585 2586/2586/2586 2778/2778/2778
f 2585/2585/2585 2778/2778/2778 2777/2777/2777
f 2586/2586/2586 2587/2587/2587 2779/2779/2779
f 2586/2586/2586 2779/2779/2779 2778/2778/2778
f 2587/2587/2587 2588/2588/2588 2780/2780/2780
f 2587/2587/2587 2780/2780/2780 2779/2779/2779
f 2588/2588/2588 2589/2589/2589 2781/2781/2781
f 2588/2588/2588 2781/2781/2781 2780/2780/2780
f 2589/2589/2589 2590/2590/2590 2782/2782/2782
f 2589/2589/2589 2782/2782/2782 2781/2781/2781
f 2590/2590/2590 2591/2591/2591 2783/2783/2783
f 2590/2590/2590 2783/2783/2783 2782/2782/2782
f 2591/2591/2591 2592/2592/2592 2784/2784/2784
f 2591/2591/2591 2784/2784/2784 2783/2783/2783
f 2592/2592/2592 2593/2593/2593 2785/2785/2785
f 2592/2592/2592 2785/2785/2785 2784/2784/2784
f 2593/2593/2593 2594/2594/2594 2786/2786/2786
f 2593/2593/2593 2786/2786/2786 2785/2785/2785
f 2594/2594/2594 2595/2595/2595 2787/2787/2787
f 2594/2594/2594 2787/2787/2787 2786/2786/2786
f 2595/2595/2595 2596/2596/2596 2788/2788/2788
f 2595/2595/2595 2788/2788/2788 2787/2787/2787
f 2596/2596/2596 2597/2597/2597 2789/2789/2789
f 2596/2596/2596 2789/2789/2789 2788/2788/2788
f 2597/2597/2597 2598/2598/2598 2790/2790/2790
f 2597/2597/2597 2790/2790/2790 2789/2789/2789
f 2598/2598/2598 2599/2599/2599 2791/2791/2791
f 2598/2598/2598 2791/2791/2791 2790/2790/2790
f 2599/2599/2599 2600/2600/2600 2792/2792/2792
f 2599/2599/2599 2792/2792/2792 2791/2791/2791
f 2600/2600/2600 2601/2601/2601 2793/2793/2793
f 2600/2600/2600 2793/2793/2793 2792/2792/2792
f 2601/2601/2601 2602/2602/2602 2794/2794/2794
f 2601/2601/2601 2794/2794/2794 2793/2793/2793
f 2602/2602/2602 2603/2603/2603 2795/2795/2795
f 2602/2602/2602 2795/2795/2795 2794/2794/2794
f 2603/2603/2603 2604/2604/2604 2796/2796/2796
f 2603/2603/2603 2796/2796/2796 2795/2795/2795
f 2604/2604/2604 2605/2605/2605 2797/2797/2797
f 2604/2604/2604 2797/2797/2797 2796/2796/2796
f 2605/2605/2605 2606/2606/2606 2798/2798/2798
f 2605/2605/2605 2798/2798/2798 2797/2797/2797
f 2606/2606/2606 2607/2607/2607 2799/2799/2799
f 2606/2606/2606 2799/2799/2799 2798/2798/2798
f 2607/2607/2607 2608/2608/2608 2800/2800/2800
f 2607/2607/2607 2800/2800/2800 2799/2799/2799
f 2608/2608/2608 2609/2609/2609 2801/2801/2801
f 2608/2608/2608 2801/2801/2801 2800/2800/2800
f 2609/2609/2609 2610/2610/2610 2802/2802/2802
f 2609/2609/2609 2802/2802/2802 2801/2801/2801
f 2610/2610/2610 2611/2611/2611 2803/2803/2803
f 2610/2610/2610 2803/2803/2803 2802/2802/2802
f 2611/2611/2611 2612/2612/2612 2804/2804/2804
f 2611/2611/2611 2804/2804/2804 2803/2803/2803
f 2612/2612/2612 2613/2613/2613 2805/2805/2805
f 2612/2612/2612 2805/2805/2805 2804/2804/2804
f 2613/2613/2613 2614/2614/2614 2806/2806/2806
f 2613/2613/2613 2806/2806/2806 2805/2805/2805
f 2614/2614/2614 2615/2615/2615 2807/2807/2807
f 2614/2614/2614 2807/2807/2807 2806/2806/2806
f 2615/2615/2615 2616/2616/2616 2808/2808/2808
f 2615/2615/2615 2808/2808/2808 2807/2807/2807
f 2616/2616/2616 2617/2617/2617 2809/2809/2809
f 2616/2616/2616 2809/2809/2809 2808/2808/2808
f 2617/2617/2617 2618/2618/2618 2810/2810/2810
f 2617/2617/2617 2810/2810/2810 2809/2809/2809
f 2618/2618/2618 2619/2619/2619 2811/2811/2811
f 2618/2618/2618 2811/2811/2811 2810/2810/2810
f 2619/2619/2619 2620/2620/2620 2812/2812/2812
f 2619/2619/2619 2812/2812/2812 2811/2811/2811
f 2620/2620/2620 2621/2621/2621 2813/2813/2813
f 2620/2620/2620 2813/2813/2813 2812/2812/2812
f 2621/2621/2621 2622/2622/2622 2814/2814/2814
f 2621/2621/2621 2814/2814/2814 2813/2813/2813
f 2622/2622/2622 2623/2623/2623 2815/2815/2815
f 2622/2622/2622 2815/2815/2815 2814/2814/2814
f 2623/2623/2623 2624/2624/2624 2816/2816/2816
f 2623/2623/2623 2816/2816/2816 2815/2815/2815
f 2624/2624/2624 2625/2625/2625 2817/2817/2817
f 2624/2624/2624 2817/2817/2817 2816/2816/2816
f 2625/2625/2625 2626/2626/2626 2818/2818/2818
f 2625/2625/2625 2818/2818/2818 2817/2817/2817
f 2626/2626/2626 2627/2627/2627 2819/2819/2819
f 2626/2626/2626 2819/2819/2819 2818/2818/2818
f 2627/2627/2627 2628/2628/2628 2820/2820/2820
f 2627/2627/2627 2820/2820/2820 2819/2819/2819
f 2628/2628/2628 2629/2629/2629 2821/2821/2821
f 2628/2628/2628 2821/2821/2821 2820/2820/2820
f 2629/2629/2629 2630/2630/2630 2822/2822/2822
f 2629/2629/2629 2822/2822/2822 2821/2821/2821
f 2630/2630/2630 2631/2631/2631 2823/2823/2823
f 2630/2630/2630 2823/2823/2823 2822/2822/2822
f 2631/2631/2631 2632/2632/2632 2824/2824/2824
f 2631/2631/2631 2824/2824/2824 2823/2823/2823
f 2632/2632/2632 2633/2633/2633 2825/2825/2825
f 2632/2632/2632 2825/2825/2825 2824/2824/2824
f 2633/2633/2633 2634/2634/2634 2826/2826/2826
f 2633/2633/2633 2826/2826/2826 2825/2825/2825
f 2634/2634/2634 2635/2635/2635 2827/2827/2827
f 2634/2634/2634 2827/2827/2827 2826/2826/2826
f 2635/2635/2635 2636/2636/2636 2828/2828/2828
f 2635/2635/2635 2828/2828/2828 2827/2827/2827
f 2636/2636/2636 2637/2637/2637 2829/2829/2829
f 2636/2636/2636 2829/2829/2829 2828/2828/2828
f 2637/2637/2637 2638/2638/2638 2830/2830/2830
f 2637/2637/2637 2830/2830/2830 2829/2829/2829
f 2638/2638/2638 2639/2639/2639 2831/2831/2831
f 2638/2638/2638 2831/2831/2831 2830/2830/2830
f 2639/2639/2639 2640/2640/2640 2832/2832/2832
f 2639/2639/2639 2832/2832/2832 2831/2831/2831
f 2640/2640/2640 2641/2641/2641 2833/2833/2833
f 2640/2640/2640 2833/2833/2833 2832/2832/2832
f 2641/2641/2641 2642/2642/2642 2834/2834/2834
f 2641/2641/2641 2834/2834/2834 2833/2833/2833
f 2642/2642/2642 2643/2643/2643 2835/2835/2835
f 2642/2642/2642 2835/2835/2835 2834/2834/2834
f 2643/2643/2643 2644/2644/2644 2836/2836/2836
f 2643/2643/2643 2836/2836/2836 2835/2835/2835
f 2644/2644/2644 2645/2645/2645 2837/2837/2837
f 2644/2644/2644 2837/2837/2837 2836/2836/2836
f 2645/2645/2645 2646/2646/2646 2838/2838/2838
f 2645/2645/2645 2838/2838/2838 2837/2837/2837
f 2646/2646/2646 2647/2647/2647 2839/2839/2839
f 2646/2646/2646 2839/2839/2839 2838/2838/2838
f 2647/2647/2647 2648/2648/2648 2840/2840/2840
f 2647/2647/2647 2840/2840/2840 2839/2839/2839
f 2648/2648/2648 2649/2649/2649 2841/2841/2841
f 2648/2648/2648 2841/2841/2841 2840/2840/2840
f 2649/2649/2649 2650/2650/2650 2842/2842/2842
f 2649/2649/2649 2842/2842/2842 2841/2841/2841
f 2650/2650/2650 2651/2651/2651 2843/2843/2843
f 2650/2650/2650 2843/2843/2843 2842/2842/2842
f 2651/2651/2651 2652/2652/2652 2844/2844/2844
f 2651/2651/2651 2844/2844/2844 2843/2843/2843
f 2652/2652/2652 2653/2653/2653 2845/2845/2845
f 2652/2652/2652 2845/2845/2845 2844/2844/2844
f 2653/2653/2653 2654/2654/2654 2846/2846/2846
f 2653/2653/2653 2846/2846/2846 2845/2845/2845
f 2654/2654/2654 2655/2655/2655 2847/2847/2847
f 2654/2654/2654 2847/2847/2847 2846/2846/2846
f 2655/2655/2655 2656/2656/2656 2848/2848/2848
f 2655/2655/2655 2848/2848/2848 2847/2847/2847
f 2656/2656/2656 2657/2657/2657 2849/2849/2849
f 2656/2656/2656 2849/2849/2849 2848/2848/2848
f 2657/2657/2657 2658/2658/2658 2850/2850/2850
f 2657/2657/2657 2850/2850/2850 2849/2849/2849
f 2658/2658/2658 2659/2659/2659 2851/2851/2851
f 2658/2658/2658 2851/2851/2851 2850/2850/2850
f 2659/2659/2659 2660/2660/2660 2852/2852/2852
f 2659/2659/2659 2852/2852/2852 2851/2851/2851
f 2660/2660/2660 2661/2661/2661 2853/2853/2853
f 2660/2660/2660 2853/2853/2853 2852/2852/2852
f 2661/2661/2661 2662/2662/2662 2854/2854/2854
f 2661/2661/2661 2854/2854/2854 2853/2853/2853
f 2662/2662/2662 2663/2663/2663 2855/2855/2855
f 2662/2662/2662 2855/2855/2855 2854/2854/2854
f 2663/2663/2663 2664/2664/2664 2856/2856/2856
f 2663/2663/2663 2856/2856/2856 2855/2855/2855
f 2664/2664/2664 2665/2665/2665 2857/2857/2857
f 2664/2664/2664 2857/2857/2857 2856/2856/2856
f 2665/2665/2665 2666/2666/2666 2858/2858/2858
f 2665/2665/2665 2858/2858/2858 2857/2857/2857
f 2666/2666/2666 2667/2667/2667 2859/2859/2859
f 2666/2666/2666 2859/2859/2859 2858/2858/2858
f 2667/2667/2667 2668/2668/2668 2860/2860/2860
f 2667/2667/2667 2860/2860/2860 2859/2859/2859
f 2668/2668/2668 2669/2669/2669 2861/2861/2861
f 2668/2668/2668 2861/2861/2861 2860/2860/2860
f 2669/2669/2669 2670/2670/2670 2862/2862/2862
f 2669/2669/2669 2862/2862/2862 2861/2861/2861
f 2670/2670/2670 2671/2671/2671 2863/2863/2863
f 2670/2670/2670 2863/2863/2863 2862/2862/2862
f 2671/2671/2671 2672/2672/2672 2864/2864/2864
f 2671/2671/2671 2864/2864/2864 2863/2863/2863
f 2672/2672/2672 2673/2673/2673 2865/2865/2865
f 2672/2672/2672 2865/2865/2865 2864/2864/2864
f 2673/2673/2673 2674/2674/2674 2866/2866/2866
f 2673/2673/2673 2866/2866/2866 2865/2865/2865
f 2674/2674/2674 2675/2675/2675 2867/2867/2867
f 2674/2674/2674 2867/2867/2867 2866/2866/2866
f 2675/2675/2675 2676/2676/2676 2868/2868/2868
f 2675/2675/2675 2868/2868/2868 2867/2867/2867
f 2676/2676/2676 2677/2677/2677 2869/2869/2869
f 2676/2676/2676 2869/2869/2869 2868/2868/2868
f 2677/2677/2677 2678/2678/2678 2870/2870/2870
f 2677/2677/2677 2870/2870/2870 2869/2869/2869
f 2678/2678/2678 2679/2679/2679 2871/2871/2871
f 2678/2678/2678 2871/2871/2871 2870/2870/2870
f 2679/2679/2679 2680/2680/2680 2872/2872/2872
f 2679/2679/2679 2872/2872/2872 2871/2871/2871
f 2680/2680/2680 2681/2681/2681 2873/2873/2873
f 2680/2680/2680 2873/2873/2873 2872/2872/2872
f 2681/2681/2681 2682/2682/2682 2874/2874/2874
f 2681/2681/2681 2874/2874/2874 2873/2873/2873
f 2682/2682/2682 2683/2683/2683 2875/2875/2875
f 2682/2682/2682 2875/2875/2875 2874/2874/2874
f 2683/2683/2683 2684/2684/2684 2876/2876/2876
f 2683/2683/2683 2876/2876/2876 2875/2875/2875
f 2684/2684/2684 2685/2685/2685 2877/2877/2877
f 2684/2684/2684 2877/2877/2877 2876/2876/2876
f 2685/2685/2685 2686/2686/2686 2878/2878/2878
f 2685/2685/2685 2878/2878/2878 2877/2877/2877
f 2686/2686/2686 2687/2687/2687 2879/2879/2879
f 2686/2686/2686 2879/2879/2879 2878/2878/2878
f 2687/2687/2687 2688/2688/2688 2880/2880/2880
f 2687/2687/2687 2880/2880/2880 2879/2879/2879
f 2688/2688/2688 2689/2689/2689 2881/2881/2881
f 2688/2688/2688 2881/2881/2881 2880/2880/2880
f 2689/2689/2689 2498/2498/2498 2690/2690/2690
f 2689/2689/2689 2690/2690/2690 2881/2881/2881
f 2690/2690/2690 2691/2691/2691 2883/2883/2883
f 2690/2690/2690 2883/2883/2883 2882/2882/2882
f 2691/2691/2691 2692/2692/2692 2884/2884/2884
f 2691/2691/2691 2884/2884/2884 2883/2883/2883
f 2692/2692/2692 2693/2693/2693 2885/2885/2885
f 2692/2692/2692 2885/2885/2885 2884/2884/2884
f 2693/2693/2693 2694/2694/2694 2886/2886/2886
f 2693/2693/2693 2886/2886/2886 2885/2885/2885
f 2694/2694/2694 2695/2695/2695 2887/2887/2887
f 2694/2694/2694 2887/2887/2887 2886/2886/2886
f 2695/2695/2695 2696/2696/2696 2888/2888/2888
f 2695/2695/2695 2888/2888/2888 2887/2887/2887
f 2696/2696/2696 2697/2697/2697 2889/2889/2889
f 2696/2696/2696 2889/2889/2889 2888/2888/2888
f 2697/2697/2697 2698/2698/2698 2890/2890/2890
f 2697/2697/2697 2890/2890/2890 2889/2889/2889
f 2698/2698/2698 2699/2699/2699 2891/2891/2891
f 2698/2698/2698 2891/2891/2891 2890/2890/2890
f 2699/2699/2699 2700/2700/2700 2892/2892/2892
f 2699/2699/2699 2892/2892/2892 2891/2891/2891
f 2700/2700/2700 2701/2701/2701 2893/2893/2893
f 2700/2700/2700 2893/2893/2893 2892/2892/2892
f 2701/2701/2701 2702/2702/2702 2894/2894/2894
f 2701/2701/2701 2894/2894/2894 2893/2893/2893
f 2702/2702/2702 2703/2703/2703 2895/2895/2895
f 2702/2702/2702 2895/2895/2895 2894/2894/2894
f 2703/2703/2703 2704/2704/2704 2896/2896/2896
f 2703/2703/2703 2896/2896/2896 2895/2895/2895
f 2704/2704/2704 2705/2705/2705 2897/2897/2897
f 2704/2704/2704 2897/2897/2897 2896/2896/2896
f 2705/2705/2705 2706/2706/2706 2898/2898/2898
f 2705/2705/2705 2898/2898/2898 2897/2897/2897
f 2706/2706/2706 2707/2707/2707 2899/2899/2899
f 2706/2706/2706 2899/2899/2899 2898/2898/2898
f 2707/2707/2707 2708/2708/2708 2900/2900/2900
f 2707/2707/2707 2900/2900/2900 2899/2899/2899
f 2708/2708/2708 2709/2709/2709 2901/2901/2901
f 2708/2708/2708 2901/2901/2901 2900/2900/2900
f 2709/2709/2709 2710/2710/2710 2902/2902/2902
f 2709/2709/2709 2902/2902/2902 2901/2901/2901
f 2710/2710/2710 2711/2711/2711 2903/2903/2903
f 2710/2710/2710 2903/2903/2903 2902/2902/2902
f 2711/2711/2711 2712/2712/2712 2904/2904/2904
f 2711/2711/2711 2904/2904/2904 2903/2903/2903
f 2712/2712/2712 2713/2713/2713 2905/2905/2905
f 2712/2712/2712 2905/2905/2905 2904/2904/2904
f 2713/2713/2713 2714/2714/2714 2906/2906/2906
f 2713/2713/2713 2906/2906/2906 2905/2905/2905
f 2714/2714/2714 2715/2715/2715 2907/2907/2907
f 2714/2714/2714 2907/2907/2907 2906/2906/2906
f 2715/2715/2715 2716/2716/2716 2908/2908/2908
f 2715/2715/2715 2908/2908/2908 2907/2907/2907
f 2716/2716/2716 2717/2717/2717 2909/2909/2909
f 2716/2716/2716 2909/2909/2909 2908/2908/2908
f 2717/2717/2717 2718/2718/2718 2910/2910/2910
f 2717/2717/2717 2910/2910/2910 2909/2909/2909
f 2718/2718/2718 2719/2719/2719 2911/2911/2911
f 2718/2718/2718 2911/2911/2911 2910/2910/2910
f 2719/2719/2719 2720/2720/2720 2912/2912/2912
f 2719/2719/2719 2912/2912/2912 2911/2911/2911
f 2720/2720/2720 2721/2721/2721 2913/2913/2913
f 2720/2720/2720 2913/2913/2913 2912/2912/2912
f 2721/2721/2721 2722/2722/2722 2914/2914/2914
f 2721/2721/2721 2914/2914/2914 2913/2913/2913
f 2722/2722/2722 2723/2723/2723 2915/2915/2915
f 2722/2722/2722 2915/2915/2915 2914/2914/2914
f 2723/2723/2723 2724/2724/2724 2916/2916/2916
f 2723/2723/2723 2916/2916/2916 2915/2915/2915
f 2724/2724/2724 2725/2725/2725 2917/2917/2917
f 2724/2724/2724 2917/2917/2917 2916/2916/2916
f 2725/2725/2725 2726/2726/2726 2918/2918/2918
f 2725/2725/2725 2918/2918/2918 2917/2917/2917
f 2726/2726/2726 2727/2727/2727 2919/2919/2919
f 2726/2726/2726 2919/2919/2919 2918/2918/2918
f 2727/2727/2727 2728/2728/2728 2920/2920/2920
f 2727/2727/2727 2920/2920/2920 2919/2919/2919
f 2728/2728/2728 2729/2729/2729 2921/2921/2921
f 2728/2728/2728 2921/2921/2921 2920/2920/2920
f 2729/2729/2729 2730/2730/2730 2922/2922/2922
f 2729/2729/2729 2922/2922/2922 2921/2921/2921
f 2730/2730/2730 2731/2731/2731 2923/2923/2923
f 2730/2730/2730 2923/2923/2923 2922/2922/2922
f 2731/2731/2731 2732/2732/2732 2924/2924/2924
f 2731/2731/2731 2924/2924/2924 2923/2923/2923
f 2732/2732/2732 2733/2733/2733 2925/2925/2925
f 2732/2732/2732 2925/2925/2925 2924/2924/2924
f 2733/2733/2733 2734/2734/2734 2926/2926/2926
f 2733/2733/2733 2926/2926/2926 2925/2925/2925
f 2734/2734/2734 2735/2735/2735 2927/2927/2927
f 2734/2734/2734 2927/2927/2927 2926/2926/2926
f 2735/2735/2735 2736/2736/2736 2928/2928/2928
f 2735/2735/2735 2928/2928/2928 2927/2927/2927
f 2736/2736/2736 2737/2737/2737 2929/2929/2929
f 2736/2736/2736 2929/2929/2929 2928/2928/2928
f 2737/2737/2737 2738/2738/2738 2930/2930/2930
f 2737/2737/2737 2930/2930/2930 2929/2929/2929
f 2738/2738/2738 2739/2739/2739 2931/2931/2931
f 2738/2738/2738 2931/2931/2931 2930/2930/2930
f 2739/2739/2739 2740/2740/2740 2932/2932/2932
f 2739/2739/2739 2932/2932/2932 2931/2931/2931
f 2740/2740/2740 2741/2741/2741 2933/2933/2933
f 2740/2740/2740 2933/2933/2933 2932/2932/2932
f 2741/2741/2741 2742/2742/2742 2934/2934/2934
f 2741/2741/2741 2934/2934/2934 2933/2933/2933
f 2742/2742/2742 2743/2743/2743 2935/2935/2935
f 2742/2742/2742 2935/2935/2935 2934/2934/2934
f 2743/2743/2743 2744/2744/2744 2936/2936/2936
f 2743/2743/2743 2936/2936/2936 2935/2935/2935
f 2744/2744/2744 2745/2745/2745 2937/2937/2937
f 2744/2744/2744 2937/2937/2937 2936/2936/2936
f 2745/2745/2745 2746/2746/2746 2938/2938/2938
f 2745/2745/2745 2938/2938/2938 2937/2937/2937
f 2746/2746/2746 2747/2747/2747 2939/2939/2939
f 2746/2746/2746 2939/2939/2939 2938/2938/2938
f 2747/2747/2747 2748/2748/2748 2940/2940/2940
f 2747/2747/2747 2940/2940/2940 2939/2939/2939
f 2748/2748/2748 2749/2749/2749 2941/2941/2941
f 2748/2748/2748 2941/2941/2941 2940/2940/2940
f 2749/2749/2749 2750/2750/2750 2942/2942/2942
f 2749/2749/2749 2942/2942/2942 2941/2941/2941
f 2750/2750/2750 2751/2751/2751 2943/2943/2943
f 2750/2750/2750 2943/2943/2943 2942/2942/2942
f 2751/2751/2751 2752/2752/2752 2944/2944/2944
f 2751/2751/2751 2944/2944/2944 2943/2943/2943
f 2752/2752/2752 2753/2753/2753 2945/2945/2945
f 2752/2752/2752 2945/2945/2945 2944/2944/2944
f 2753/2753/2753 2754/2754/2754 2946/2946/2946
f 2753/2753/2753 2946/2946/2946 2945/2945/2945
f 2754/2754/2754 2755/2755/2755 2947/2947/2947
f 2754/2754/2754 2947/2947/2947 2946/2946/2946
f 2755/2755/2755 2756/2756/2756 2948/2948/2948
f 2755/2755/2755 2948/2948/2948 2947/2947/2947
f 2756/2756/2756 2757/2757/2757 2949/2949/2949
f 2756/2756/2756 2949/2949/2949 2948/2948/2948
f 2757/2757/2757 2758/2758/2758 2950/2950/2950
f 2757/2757/2757 2950/2950/2950 2949/2949/2949
f 2758/2758/2758 2759/2759/2759 2951/2951/2951
f 2758/2758/2758 2951/2951/2951 2950/2950/2950
f 2759/2759/2759 2760/2760/2760 2952/2952/2952
f 2759/2759/2759 2952/2952/2952 2951/2951/2951
f 2760/2760/2760 2761/2761/2761 2953/2953/2953
f 2760/2760/2760 2953/2953/2953 2952/2952/2952
f 2761/2761/2761 2762/2762/2762 2954/2954/2954
f 2761/2761/2761 2954/2954/2954 2953/2953/2953
f 2762/2762/2762 2763/2763/2763 2955/2955/2955
f 2762/2762/2762 2955/2955/2955 2954/2954/2954
f 2763/2763/2763 2764/2764/2764 2956/2956/2956
f 2763/2763/2763 2956/2956/2956 2955/2955/2955
f 2764/2764/2764 2765/2765/2765 2957/2957/2957
f 2764/2764/2764 2957/2957/2957 2956/2956/2956
f 2765/2765/2765 2766/2766/2766 2958/2958/2958
f 2765/2765/2765 2958/2958/2958 2957/2957/2957
f 2766/2766/2766 2767/2767/2767 2959/2959/2959
f 2766/2766/2766 2959/2959/2959 2958/2958/2958
f 2767/2767/2767 2768/2768/2768 2960/2960/2960
f 2767/2767/2767 2960/2960/2960 2959/2959/2959
f 2768/2768/2768 2769/2769/2769 2961/2961/2961
f 2768/2768/2768 2961/2961/2961 2960/2960/2960
f 2769/2769/2769 2770/2770/2770 2962/2962/2962
f 2769/2769/2769 2962/2962/2962 2961/2961/2961
f 2770/2770/2770 2771/2771/2771 2963/2963/2963
f 2770/2770/2770 2963/2963/2963 2962/2962/2962
f 2771/2771/2771 2772/2772/2772 2964/2964/2964
f 2771/2771/2771 2964/2964/2964 2963/2963/2963
f 2772/2772/2772 2773/2773/2773 2965/2965/2965
f 2772/2772/2772 2965/2965/2965 2964/2964/2964
f 2773/2773/2773 2774/2774/2774 2966/2966/2966
f 2773/2773/2773 2966/2966/2966 2965/2965/2965
f 2774/2774/2774 2775/2775/2775 2967/2967/2967
f 2774/2774/2774 2967/2967/2967 2966/2966/2966
f 2775/2775/2775 2776/2776/2776 2968/2968/2968
f 2775/2775/2775 2968/2968/2968 2967/2967/2967
f 2776/2776/2776 2777/2777/2777 2969/2969/2969
f 2776/2776/2776 2969/2969/2969 2968/2968/2968
f 2777/2777/2777 2778/2778/2778 2970/2970/2970
f 2777/2777/2777 2970/2970/2970 2969/2969/2969
f 2778/2778/2778 2779/2779/2779 2971/2971/2971
f 2778/2778/2778 2971/2971/2971 2970/2970/2970
f 2779/2779/2779 2780/2780/2780 2972/2972/2972
f 2779/2779/2779 2972/2972/2972 2971/2971/2971
f 2780/2780/2780 2781/2781/2781 2973/2973/2973
f 2780/2780/2780 2973/2973/2973 2972/2972/2972
f 2781/2781/2781 2782/2782/2782 2974/2974/2974
f 2781/2781/2781 2974/2974/2974 2973/2973/2973
f 2782/2782/2782 2783/2783/2783 2975/2975/2975
f 2782/2782/2782 2975/2975/2975 2974/2974/2974
f 2783/2783/2783 2784/2784/2784 2976/2976/2976
f 2783/2783/2783 2976/2976/2976 2975/2975/2975
f 2784/2784/2784 2785/2785/2785 2977/2977/2977
f 2784/2784/2784 2977/2977/2977 2976/2976/2976
f 2785/2785/2785 2786/2786/2786 2978/2978/2978
f 2785/2785/2785 2978/2978/2978 2977/2977/2977
f 2786/2786/2786 2787/2787/2787 2979/2979/2979
f 2786/2786/2786 2979/2979/2979 2978/2978/2978
f 2787/2787/2787 2788/2788/2788 2980/2980/2980
f 2787/2787/2787 2980/2980/2980 2979/2979/2979
f 2788/2788/2788 2789/2789/2789 2981/2981/2981
f 2788/2788/2788 2981/2981/2981 2980/2980/2980
f 2789/2789/2789 2790/2790/2790 2982/2982/2982
f 2789/2789/2789 2982/2982/2982 2981/2981/2981
f 2790/2790/2790 2791/2791/2791 2983/2983/2983
f 2790/2790/2790 2983/2983/2983 2982/2982/2982
f 2791/2791/2791 2792/2792/2792 2984/2984/2984
f 2791/2791/2791 2984/2984/2984 2983/2983/2983
f 2792/2792/2792 2793/2793/2793 2985/2985/2985
f 2792/2792/2792 2985/2985/2985 2984/2984/2984
f 2793/2793/2793 2794/2794/2794 2986/2986/2986
f 2793/2793/2793 2986/2986/2986 2985/2985/2985
f 2794/2794/2794 2795/2795/2795 2987/2987/2987
f 2794/2794/2794 2987/2987/2987 2986/2986/2986
f 2795/2795/2795 2796/2796/2796 2988/2988/2988
f 2795/2795/2795 2988/2988/2988 2987/2987/2987
f 2796/2796/2796 2797/2797/2797 2989/2989/2989
f 2796/2796/2796 2989/2989/2989 2988/2988/2988
f 2797/2797/2797 2798/2798/2798 2990/2990/2990
f 2797/2797/2797 2990/2990/2990 2989/2989/2989
f 2798/2798/2798 2799/2799/2799 2991/2991/2991
f 2798/2798/2798 2991/2991/2991 2990/2990/2990
f 2799/2799/2799 2800/2800/2800 2992/2992/2992
f 2799/2799/2799 2992/2992/2992 2991/2991/2991
f 2800/2800/2800 2801/2801/2801 2993/2993/2993
f 2800/2800/2800 2993/2993/2993 2992/2992/2992
f 2801/2801/2801 2802/2802/2802 2994/2994/2994
f 2801/2801/2801 2994/2994/2994 2993/2993/2993
f 2802/2802/2802 2803/2803/2803 2995/2995/2995
f 2802/2802/2802 2995/2995/2995 2994/2994/2994
f 2803/2803/2803 2804/2804/2804 2996/2996/2996
f 2803/2803/2803 2996/2996/2996 2995/2995/2995
f 2804/2804/2804 2805/2805/2805 2997/2997/2997
f 2804/2804/2804 2997/2997/2997 2996/2996/2996
f 2805/2805/2805 2806/2806/2806 2998/2998/2998
f 2805/2805/2805 2998/2998/2998 2997/2997/2997
f 2806/2806/2806 2807/2807/2807 2999/2999/2999
f 2806/2806/2806 2999/2999/2999 2998/2998/2998
f 2807/2807/2807 2808/2808/2808 3000/3000/3000
f 2807/2807/2807 3000/3000/3000 2999/2999/2999
f 2808/2808/2808 2809/2809/2809 3001/3001/3001
f 2808/2808/2808 3001/3001/3001 3000/3000/3000
f 2809/2809/2809 2810/2810/2810 3002/3002/3002
f 2809/2809/2809 3002/3002/3002 3001/3001/3001
f 2810/2810/2810 2811/2811/2811 3003/3003/3003
f 2810/2810/2810 3003/3003/3003 3002/3002/3002
f 2811/2811/2811 2812/2812/2812 3004/3004/3004
f 2811/2811/2811 3004/3004/3004 3003/3003/3003
f 2812/2812/2812 2813/2813/2813 3005/3005/3005
f 2812/2812/2812 3005/3005/3005 3004/3004/3004
f 2813/2813/2813 2814/2814/2814 3006/3006/3006
f 2813/2813/2813 3006/3006/3006 3005/3005/3005
f 2814/2814/2814 2815/2815/2815 3007/3007/3007
f 2814/2814/2814 3007/3007/3007 3006/3006/3006
f 2815/2815/2815 2816/2816/2816 3008/3008/3008
f 2815/2815/2815 3008/3008/3008 3007/3007/3007
f 2816/2816/2816 2817/2817/2817 3009/3009/3009
f 2816/2816/2816 3009/3009/3009 3008/3008/3008
f 2817/2817/2817 2818/2818/2818 3010/3010/3010
f 2817/2817/2817 3010/3010/3010 3009/3009/3009
f 2818/2818/2818 2819/2819/2819 3011/3011/3011
f 2818/2818/2818 3011/3011/3011 3010/3010/3010
f 2819/2819/2819 2820/2820/2820 3012/3012/3012
f 2819/2819/2819 3012/3012/3012 3011/3011/3011
f 2820/2820/2820 2821/2821/2821 3013/3013/3013
f 2820/2820/2820 3013/3013/3013 3012/3012/3012
f 2821/2821/2821 2822/2822/2822 3014/3014/3014
f 2821/2821/2821 3014/3014/3014 3013/3013/3013
f 2822/2822/2822 2823/2823/2823 3015/3015/3015
f 2822/2822/2822 3015/3015/3015 3014/3014/3014
f 2823/2823/2823 2824/2824/2824 3016/3016/3016
f 2823/2823/2823 3016/3016/3016 3015/3015/3015
f 2824/2824/2824 2825/2825/2825 3017/3017/3017
f 2824/2824/2824 3017/3017/3017 3016/3016/3016
f 2825/2825/2825 2826/2826/2826 3018/3018/3018
f 2825/2825/2825 3018/3018/3018 3017/3017/3017
f 2826/2826/2826 2827/2827/2827 3019/3019/3019
f 2826/2826/2826 3019/3019/3019 3018/3018/3018
f 2827/2827/2827 2828/2828/2828 3020/3020/3020
f 2827/2827/2827 3020/3020/3020 3019/3019/3019
f 2828/2828/2828 2829/2829/2829 3021/3021/3021
f 2828/2828/2828 3021/3021/3021 3020/3020/3020
f 2829/2829/2829 2830/2830/2830 3022/3022/3022
f 2829/2829/2829 3022/3022/3022 3021/3021/3021
f 2830/2830/2830 2831/2831/2831 3023/3023/3023
f 2830/2830/2830 3023/3023/3023 3022/3022/3022
f 2831/2831/2831 2832/2832/2832 3024/3024/3024
f 2831/2831/2831 3024/3024/3024 3023/3023/3023
f 2832/2832/2832 2833/2833/2833 3025/3025/3025
f 2832/2832/2832 3025/3025/3025 3024/3024/3024
f 2833/2833/2833 2834/2834/2834 3026/3026/3026
f 2833/2833/2833 3026/3026/3026 3025/3025/3025
f 2834/2834/2834 2835/2835/2835 3027/3027/3027
f 2834/2834/2834 3027/3027/3027 3026/3026/3026
f 2835/2835/2835 2836/2836/2836 3028/3028/3028
f 2835/2835/2835 3028/3028/3028 3027/3027/3027
f 2836/2836/2836 2837/2837/2837 3029/3029/3029
f 2836/2836/2836 3029/3029/3029 3028/3028/3028
f 2837/2837/2837 2838/2838/2838 3030/3030/3030
f 2837/2837/2837 3030/3030/3030 3029/3029/3029
f 2838/2838/2838 2839/2839/2839 3031/3031/3031
f 2838/2838/2838 3031/3031/3031 3030/3030/3030
f 2839/2839/2839 2840/2840/2840 3032/3032/3032
f 2839/2839/2839 3032/3032/3032 3031/3031/3031
f 2840/2840/2840 2841/2841/2841 3033/3033/3033
f 2840/2840/2840 3033/3033/3033 3032/3032/3032
f 2841/2841/2841 2842/2842/2842 3034/3034/3034
f 2841/2841/2841 3034/3034/3034 3033/3033/3033
f 2842/2842/2842 2843/2843/2843 3035/3035/3035
f 2842/2842/2842 3035/3035/3035 3034/3034/3034
f 2843/2843/2843 2844/2844/2844 3036/3036/3036
f 2843/2843/2843 3036/3036/3036 3035/3035/3035
f 2844/2844/2844 2845/2845/2845 3037/3037/3037
f 2844/2844/2844 3037/3037/3037 3036/3036/3036
f 2845/2845/2845 2846/2846/2846 3038/3038/3038
f 2845/2845/2845 3038/3038/3038 3037/3037/3037
f 2846/2846/2846 2847/2847/2847 3039/3039/3039
f 2846/2846/2846 3039/3039/3039 3038/3038/3038
f 2847/2847/2847 2848/2848/2848 3040/3040/3040
f 2847/2847/2847 3040/3040/3040 3039/3039/3039
f 2848/2848/2848 2849/2849/2849 3041/3041/3041
f 2848/2848/2848 3041/3041/3041 3040/3040/3040
f 2849/2849/2849 2850/2850/2850 3042/3042/3042
f 2849/2849/2849 3042/3042/3042 3041/3041/3041
f 2850/2850/2850 2851/2851/2851 3043/3043/3043
f 2850/2850/2850 3043/3043/3043 3042/3042/3042
f 2851/2851/2851 2852/2852/2852 3044/3044/3044
f 2851/2851/2851 3044/3044/3044 3043/3043/3043
f 2852/2852/2852 2853/2853/2853 3045/3045/3045
f 2852/2852/2852 3045/3045/3045 3044/3044/3044
f 2853/2853/2853 2854/2854/2854 3046/3046/3046
f 2853/2853/2853 3046/3046/3046 3045/3045/3045
f 2854/2854/2854 2855/2855/2855 3047/3047/3047
f 2854/2854/2854 3047/3047/3047 3046/3046/3046
f 2855/2855/2855 2856/2856/2856 3048/3048/3048
f 2855/2855/2855 3048/3048/3048 3047/3047/3047
f 2856/2856/2856 2857/2857/2857 3049/3049/3049
f 2856/2856/2856 3049/3049/3049 3048/3048/3048
f 2857/2857/2857 2858/2858/2858 3050/3050/3050
f 2857/2857/2857 3050/3050/3050 3049/3049/3049
f 2858/2858/2858 2859/2859/2859 3051/3051/3051
f 2858/2858/2858 3051/3051/3051 3050/3050/3050
f 2859/2859/2859 2860/2860/2860 3052/3052/3052
f 2859/2859/2859 3052/3052/3052 3051/3051/3051
f 2860/2860/2860 2861/2861/2861 3053/3053/3053
f 2860/2860/2860 3053/3053/3053 3052/3052/3052
f 2861/2861/2861 2862/2862/2862 3054/3054/3054
f 2861/2861/2861 3054/3054/3054 3053/3053/3053
f 2862/2862/2862 2863/2863/2863 3055/3055/3055
f 2862/2862/2862 3055/3055/3055 3054/3054/3054
f 2863/2863/2863 2864/2864/2864 3056/3056/3056
f 2863/2863/2863 3056/3056/3056 3055/3055/3055
f 2864/2864/2864 2865/2865/2865 3057/3057/3057
f 2864/2864/2864 3057/3057/3057 3056/3056/3056
f 2865/2865/2865 2866/2866/2866 3058/3058/3058
f 2865/2865/2865 3058/3058/3058 3057/3057/3057
f 2866/2866/2866 2867/2867/2867 3059/3059/3059
f 2866/2866/2866 3059/3059/3059 3058/3058/3058
f 2867/2867/2867 2868/2868/2868 3060/3060/3060
f 2867/2867/2867 3060/3060/3060 3059/3059/3059
f 2868/2868/2868 2869/2869/2869 3061/3061/3061
f 2868/2868/2868 3061/3061/3061 3060/3060/3060
f 2869/2869/2869 2870/2870/2870 3062/3062/3062
f 2869/2869/2869 3062/3062/3062 3061/3061/3061
f 2870/2870/2870 2871/2871/2871 3063/3063/3063
f 2870/2870/2870 3063/3063/3063 3062/3062/3062
f 2871/2871/2871 2872/2872/2872 3064/3064/3064
f 2871/2871/2871 3064/3064/3064 3063/3063/3063
f 2872/2872/2872 2873/2873/2873 3065/3065/3065
f 2872/2872/2872 3065/3065/3065 3064/3064/3064
f 2873/2873/2873 2874/2874/2874 3066/3066/3066
f 2873/2873/2873 3066/3066/3066 3065/3065/3065
f 2874/2874/2874 2875/2875/2875 3067/3067/3067
f 2874/2874/2874 3067/3067/3067 3066/3066/3066
f 2875/2875/2875 2876/2876/2876 3068/3068/3068
f 2875/2875/2875 3068/3068/3068 3067/3067/3067
f 2876/2876/2876 2877/2877/2877 3069/3069/3069
f 2876/2876/2876 3069/3069/3069 3068/3068/3068
f 2877/2877/2877 2878/2878/2878 3070/3070/3070
f 2877/2877/2877 3070/3070/3070 3069/3069/3069
f 2878/2878/2878 2879/2879/2879 3071/3071/3071
f 2878/2878/2878 3071/3071/3071 3070/3070/3070
f 2879/2879/2879 2880/2880/2880 3072/3072/3072
f 2879/2879/2879 3072/3072/3072 3071/3071/3071
f 2880/2880/2880 2881/2881/2881 3073/3073/3073
f 2880/2880/2880 3073/3073/3073 3072/3072/3072
f 2881/2881/2881 2690/2690/2690 2882/2882/2882
f 2881/2881/2881 2882/2882/2882 3073/3073/3073
f 2882/2882/2882 2883/2883/2883 3075/3075/3075
f 2882/2882/2882 3075/3075/3075 3074/3074/3074
f 2883/2883/2883 2884/2884/2884 3076/3076/3076
f 2883/2883/2883 3076/3076/3076 3075/3075/3075
f 2884/2884/2884 2885/2885/2885 3077/3077/3077
f 2884/2884/2884 3077/3077/3077 3076/3076/3076
f 2885/2885/2885 2886/2886/2886 3078/3078/3078
f 2885/2885/2885 3078/3078/3078 3077/3077/3077
f 2886/2886/2886 2887/2887/2887 3079/3079/3079
f 2886/2886/2886 3079/3079/3079 3078/3078/3078
f 2887/2887/2887 2888/2888/2888 3080/3080/3080
f 2887/2887/2887 3080/3080/3080 3079/3079/3079
f 2888/2888/2888 2889/2889/2889 3081/3081/3081
f 2888/2888/2888 3081/3081/3081 3080/3080/3080
f 2889/2889/2889 2890/2890/2890 3082/3082/3082
f 2889/2889/2889 3082/3082/3082 3081/3081/3081
f 2890/2890/2890 2891/2891/2891 3083/3083/3083
f 2890/2890/2890 3083/3083/3083 3082/3082/3082
f 2891/2891/2891 2892/2892/2892 3084/3084/3084
f 2891/2891/2891 3084/3084/3084 3083/3083/3083
f 2892/2892/2892 2893/2893/2893 3085/3085/3085
f 2892/2892/2892 3085/3085/3085 3084/3084/3084
f 2893/2893/2893 2894/2894/2894 3086/3086/3086
f 2893/2893/2893 3086/3086/3086 3085/3085/3085
f 2894/2894/2894 2895/2895/2895 3087/3087/3087
f 2894/2894/2894 3087/3087/3087 3086/3086/3086
f 2895/2895/2895 2896/2896/2896 3088/3088/3088
f 2895/2895/2895 3088/3088/3088 3087/3087/3087
f 2896/2896/2896 2897/2897/2897 3089/3089/3089
f 2896/2896/2896 3089/3089/3089 3088/3088/3088
f 2897/2897/2897 2898/2898/2898 3090/3090/3090
f 2897/2897/2897 3090/3090/3090 3089/3089/3089
f 2898/2898/2898 2899/2899/2899 3091/3091/3091
f 2898/2898/2898 3091/3091/3091 3090/3090/3090
f 2899/2899/2899 2900/2900/2900 3092/3092/3092
f 2899/2899/2899 3092/3092/3092 3091/3091/3091
f 2900/2900/2900 2901/2901/2901 3093/3093/3093
f 2900/2900/2900 3093/3093/3093 3092/3092/3092
f 2901/2901/2901 2902/2902/2902 3094/3094/3094
f 2901/2901/2901 3094/3094/3094 3093/3093/3093
f 2902/2902/2902 2903/2903/2903 3095/3095/3095
f 2902/2902/2902 3095/3095/3095 3094/3094/3094
f 2903/2903/2903 2904/2904/2904 3096/3096/3096
f 2903/2903/2903 3096/3096/3096 3095/3095/3095
f 2904/2904/2904 2905/2905/2905 3097/3097/3097
f 2904/2904/2904 3097/3097/3097 3096/3096/3096
f 2905/2905/2905 2906/2906/2906 3098/3098/3098
f 2905/2905/2905 3098/3098/3098 3097/3097/3097
f 2906/2906/2906 2907/2907/2907 3099/3099/3099
f 2906/2906/2906 3099/3099/3099 3098/3098/3098
f 2907/2907/2907 2908/2908/2908 3100/3100/3100
f 2907/2907/2907 3100/3100/3100 3099/3099/3099
f 2908/2908/2908 2909/2909/2909 3101/3101/3101
f 2908/2908/2908 3101/3101/3101 3100/3100/3100
f 2909/2909/2909 2910/2910/2910 3102/3102/3102
f 2909/2909/2909 3102/3102/3102 3101/3101/3101
f 2910/2910/2910 2911/2911/2911 3103/3103/3103
f 2910/2910/2910 3103/3103/3103 3102/3102/3102
f 2911/2911/2911 2912/2912/2912 3104/3104/3104
f 2911/2911/2911 3104/3104/3104 3103/3103/3103
f 2912/2912/2912 2913/2913/2913 3105/3105/3105
f 2912/2912/2912 3105/3105/3105 3104/3104/3104
f 2913/2913/2913 2914/2914/2914 3106/3106/3106
f 2913/2913/2913 3106/3106/3106 3105/3105/3105
f 2914/2914/2914 2915/2915/2915 3107/3107/3107
f 2914/2914/2914 3107/3107/3107 3106/3106/3106
f 2915/2915/2915 2916/2916/2916 3108/3108/3108
f 2915/2915/2915 3108/3108/3108 3107/3107/3107
f 2916/2916/2916 2917/2917/2917 3109/3109/3109
f 2916/2916/2916 3109/3109/3109 3108/3108/3108
f 2917/2917/2917 2918/2918/2918 3110/3110/3110
f 2917/2917/2917 3110/3110/3110 3109/3109/3109
f 2918/2918/2918 2919/2919/2919 3111/3111/3111
f 2918/2918/2918 3111/3111/3111 3110/3110/3110
f 2919/2919/2919 2920/2920/2920 3112/3112/3112
f 2919/2919/2919 3112/3112/3112 3111/3111/3111
f 2920/2920/2920 2921/2921/2921 3113/3113/3113
f 2920/2920/2920 3113/3113/3113 3112/3112/3112
f 2921/2921/2921 2922/2922/2922 3114/3114/3114
f 2921/2921/2921 3114/3114/3114 3113/3113/3113
f 2922/2922/2922 2923/2923/2923 3115/3115/3115
f 2922/2922/2922 3115/3115/3115 3114/3114/3114
f 2923/2923/2923 2924/2924/2924 3116/3116/3116
f 2923/2923/2923 3116/3116/3116 3115/3115/3115
f 2924/2924/2924 2925/2925/2925 3117/3117/3117
f 2924/2924/2924 3117/3117/3117 3116/3116/3116
f 2925/2925/2925 2926/2926/2926 3118/3118/3118
f 2925/2925/2925 3118/3118/3118 3117/3117/3117
f 2926/2926/2926 2927/2927/2927 3119/3119/3119
f 2926/2926/2926 3119/3119/3119 3118/3118/3118
f 2927/2927/2927 2928/2928/2928 3120/3120/3120
f 2927/2927/2927 3120/3120/3120 3119/3119/3119
f 2928/2928/2928 2929/2929/2929 3121/3121/3121
f 2928/2928/2928 3121/3121/3121 3120/3120/3120
f 2929/2929/2929 2930/2930/2930 3122/3122/3122
f 2929/2929/2929 3122/3122/3122 3121/3121/3121
f 2930/2930/2930 2931/2931/2931 3123/3123/3123
f 2930/2930/2930 3123/3123/3123 3122/3122/3122
f 2931/2931/2931 2932/2932/2932 3124/3124/3124
f 2931/2931/2931 3124/3124/3124 3123/3123/3123
f 2932/2932/2932 2933/2933/2933 3125/3125/3125
f 2932/2932/2932 3125/3125/3125 3124/3124/3124
f 2933/2933/2933 2934/2934/2934 3126/3126/3126
f 2933/2933/2933 3126/3126/3126 3125/3125/3125
f 2934/2934/2934 2935/2935/2935 3127/3127/3127
f 2934/2934/2934 3127/3127/3127 3126/3126/3126
f 2935/2935/2935 2936/2936/2936 3128/3128/3128
f 2935/2935/2935 3128/3128/3128 3127/3127/3127
f 2936/2936/2936 2937/2937/2937 3129/3129/3129
f 2936/2936/2936 3129/3129/3129 3128/3128/3128
f 2937/2937/2937 2938/2938/2938 3130/3130/3130
f 2937/2937/2937 3130/3130/3130 3129/3129/3129
f 2938/2938/2938 2939/2939/2939 3131/3131/3131
f 2938/2938/2938 3131/3131/3131 3130/3130/3130
f 2939/2939/2939 2940/2940/2940 3132/3132/3132
f 2939/2939/2939 3132/3132/3132 3131/3131/3131
f 2940/2940/2940 2941/2941/2941 3133/3133/3133
f 2940/2940/2940 3133/3133/3133 3132/3132/3132
f 2941/2941/2941 2942/2942/2942 3134/3134/3134
f 2941/2941/2941 3134/3134/3134 3133/3133/3133
f 2942/2942/2942 2943/2943/2943 3135/3135/3135
f 2942/2942/2942 3135/3135/3135 3134/3134/3134
f 2943/2943/2943 2944/2944/2944 3136/3136/3136
f 2943/2943/2943 3136/3136/3136 3135/3135/3135
f 2944/2944/2944 2945/2945/2945 3137/3137/3137
f 2944/2944/2944 3137/3137/3137 3136/3136/3136
f 2945/2945/2945 2946/2946/2946 3138/3138/3138
f 2945/2945/2945 3138/3138/3138 3137/3137/3137
f 2946/2946/2946 2947/2947/2947 3139/3139/3139
f 2946/2946/2946 3139/3139/3139 3138/3138/3138
f 2947/2947/2947 2948/2948/2948 3140/3140/3140
f 2947/2947/2947 3140/3140/3140 3139/3139/3139
f 2948/2948/2948 2949/2949/2949 3141/3141/3141
f 2948/2948/2948 3141/3141/3141 3140/3140/3140
f 2949/2949/2949 2950/2950/2950 3142/3142/3142
f 2949/2949/2949 3142/3142/3142 3141/3141/3141
f 2950/2950/2950 2951/2951/2951 3143/3143/3143
f 2950/2950/2950 3143/3143/3143 3142/3142/3142
f 2951/2951/2951 2952/2952/2952 3144/3144/3144
f 2951/2951/2951 3144/3144/3144 3143/3143/3143
f 2952/2952/2952 2953/2953/2953 3145/3145/3145
f 2952/2952/2952 3145/3145/3145 3144/3144/3144
f 2953/2953/2953 2954/2954/2954 3146/3146/3146
f 2953/2953/2953 3146/3146/3146 3145/3145/3145
f 2954/2954/2954 2955/2955/2955 3147/3147/3147
f 2954/2954/2954 3147/3147/3147 3146/3146/3146
f 2955/2955/2955 2956/2956/2956 3148/3148/3148
f 2955/2955/2955 3148/3148/3148 3147/3147/3147
f 2956/2956/2956 2957/2957/2957 3149/3149/3149
f 2956/2956/2956 3149/3149/3149 3148/3148/3148
f 2957/2957/2957 2958/2958/2958 3150/3150/3150
f 2957/2957/2957 3150/3150/3150 3149/3149/3149
f 2958/2958/2958 2959/2959/2959 3151/3151/3151
f 2958/2958/2958 3151/3151/3151 3150/3150/3150
f 2959/2959/2959 2960/2960/2960 3152/3152/3152
f 2959/2959/2959 3152/3152/3152 3151/3151/3151
f 2960/2960/2960 2961/2961/2961 3153/3153/3153
f 2960/2960/2960 3153/3153/3153 3152/3152/3152
f 2961/2961/2961 2962/2962/2962 3154/3154/3154
f 2961/2961/2961 3154/3154/3154 3153/3153/3153
f 2962/2962/2962 2963/2963/2963 3155/3155/3155
f 2962/2962/2962 3155/3155/3155 3154/3154/3154
f 2963/2963/2963 2964/2964/2964 3156/3156/3156
f 2963/2963/2963 3156/3156/3156 3155/3155/3155
f 2964/2964/2964 2965/2965/2965 3157/3157/3157
f 2964/2964/2964 3157/3157/3157 3156/3156/3156
f 2965/2965/2965 2966/2966/2966 3158/3158/3158
f 2965/2965/2965 3158/3158/3158 3157/3157/3157
f 2966/2966/2966 2967/2967/2967 3159/3159/3159
f 2966/2966/2966 3159/3159/3159 3158/3158/3158
f 2967/2967/2967 2968/2968/2968 3160/3160/3160
f 2967/2967/2967 3160/3160/3160 3159/3159/3159
f 2968/2968/2968 2969/2969/2969 3161/3161/3161
f 2968/2968/2968 3161/3161/3161 3160/3160/3160
f 2969/2969/2969 2970/2970/2970 3162/3162/3162
f 2969/2969/2969 3162/3162/3162 3161/3161/3161
f 2970/2970/2970 2971/2971/2971 3163/3163/3163
f 2970/2970/2970 3163/3163/3163 3162/3162/3162
f 2971/2971/2971 2972/2972/2972 3164/3164/3164
f 2971/2971/2971 3164/3164/3164 3163/3163/3163
f 2972/2972/2972 2973/2973/2973 3165/3165/3165
f 2972/2972/2972 3165/3165/3165 3164/3164/3164
f 2973/2973/2973 2974/2974/2974 3166/3166/3166
f 2973/2973/2973 3166/3166/3166 3165/3165/3165
f 2974/2974/2974 2975/2975/2975 3167/3167/3167
f 2974/2974/2974 3167/3167/3167 3166/3166/3166
f 2975/2975/2975 2976/2976/2976 3168/3168/3168
f 2975/2975/2975 3168/3168/3168 3167/3167/3167
f 2976/2976/2976 2977/2977/2977 3169/3169/3169
f 2976/2976/2976 3169/3169/3169 3168/3168/3168
f 2977/2977/2977 2978/2978/2978 3170/3170/3170
f 2977/2977/2977 3170/3170/3170 3169/3169/3169
f 2978/2978/2978 2979/2979/2979 3171/3171/3171
f 2978/2978/2978 3171/3171/3171 3170/3170/3170
f 2979/2979/2979 2980/2980/2980 3172/3172/3172
f 2979/2979/2979 3172/3172/3172 3171/3171/3171
f 2980/2980/2980 2981/2981/2981 3173/3173/3173
f 2980/2980/2980 3173/3173/3173 3172/3172/3172
f 2981/2981/2981 2982/2982/2982 3174/3174/3174
f 2981/2981/2981 3174/3174/3174 3173/3173/3173
f 2982/2982/2982 2983/2983/2983 3175/3175/3175
f 2982/2982/2982 3175/3175/3175 3174/3174/3174
f 2983/2983/2983 2984/2984/2984 3176/3176/3176
f 2983/2983/2983 3176/3176/3176 3175/3175/3175
f 2984/2984/2984 2985/2985/2985 3177/3177/3177
f 2984/2984/2984 3177/3177/3177 3176/3176/3176
f 2985/2985/2985 2986/2986/2986 3178/3178/3178
f 2985/2985/2985 3178/3178/3178 3177/3177/3177
f 2986/2986/2986 2987/2987/2987 3179/3179/3179
f 2986/2986/2986 3179/3179/3179 3178/3178/3178
f 2987/2987/2987 2988/2988/2988 3180/3180/3180
f 2987/2987/2987 3180/3180/3180 3179/3179/3179
f 2988/2988/2988 2989/2989/2989 3181/3181/3181
f 2988/2988/2988 3181/3181/3181 3180/3180/3180
f 2989/2989/2989 2990/2990/2990 3182/3182/3182
f 2989/2989/2989 3182/3182/3182 3181/3181/3181
f 2990/2990/2990 2991/2991/2991 3183/3183/3183
f 2990/2990/2990 3183/3183/3183 3182/3182/3182
f 2991/2991/2991 2992/2992/2992 3184/3184/3184
f 2991/2991/2991 3184/3184/3184 3183/3183/3183
f 2992/2992/2992 2993/2993/2993 3185/3185/3185
f 2992/2992/2992 3185/3185/3185 3184/3184/3184
f 2993/2993/2993 2994/2994/2994 3186/3186/3186
f 2993/2993/2993 3186/3186/3186 3185/3185/3185
f 2994/2994/2994 2995/2995/2995 3187/3187/3187
f 2994/2994/2994 3187/3187/3187 3186/3186/3186
f 2995/2995/2995 2996/2996/2996 3188/3188/3188
f 2995/2995/2995 3188/3188/3188 3187/3187/3187
f 2996/2996/2996 2997/2997/2997 3189/3189/3189
f 2996/2996/2996 3189/3189/3189 3188/3188/3188
f 2997/2997/2997 2998/2998/2998 3190/3190/3190
f 2997/2997/2997 3190/3190/3190 3189/3189/3189
f 2998/2998/2998 2999/2999/2999 3191/3191/3191
f 2998/2998/2998 3191/3191/3191 3190/3190/3190
f 2999/2999/2999 3000/3000/3000 3192/3192/3192
f 2999/2999/2999 3192/3192/3192 3191/3191/3191
f 3000/3000/3000 3001/3001/3001 3193/3193/3193
f 3000/3000/3000 3193/3193/3193 3192/3192/3192
f 3001/3001/3001 3002/3002/3002 3194/3194/3194
f 3001/3001/3001 3194/3194/3194 3193/3193/3193
f 3002/3002/3002 3003/3003/3003 3195/3195/3195
f 3002/3002/3002 3195/3195/3195 3194/3194/3194
f 3003/3003/3003 3004/3004/3004 3196/3196/3196
f 3003/3003/3003 3196/3196/3196 3195/3195/3195
f 3004/3004/3004 3005/3005/3005 3197/3197/3197
f 3004/3004/3004 3197/3197/3197 3196/3196/3196
f 3005/3005/3005 3006/3006/3006 3198/3198/3198
f 3005/3005/3005 3198/3198/3198 3197/3197/3197
f 3006/3006/3006 3007/3007/3007 3199/3199/3199
f 3006/3006/3006 3199/3199/3199 3198/3198/3198
f 3007/3007/3007 3008/3008/3008 3200/3200/3200
f 3007/3007/3007 3200/3200/3200 3199/3199/3199
f 3008/3008/3008 3009/3009/3009 3201/3201/3201
f 3008/3008/3008 3201/3201/3201 3200/3200/3200
f 3009/3009/3009 3010/3010/3010 3202/3202/3202
f 3009/3009/3009 3202/3202/3202 3201/3201/3201
f 3010/3010/3010 3011/3011/3011 3203/3203/3203
f 3010/3010/3010 3203/3203/3203 3202/3202/3202
f 3011/3011/3011 3012/3012/3012 3204/3204/3204
f 3011/3011/3011 3204/3204/3204 3203/3203/3203
f 3012/3012/3012 3013/3013/3013 3205/3205/3205
f 3012/3012/3012 3205/3205/3205 3204/3204/3204
f 3013/3013/3013 3014/3014/3014 3206/3206/3206
f 3013/3013/3013 3206/3206/3206 3205/3205/3205
f 3014/3014/3014 3015/3015/3015 3207/3207/3207
f 3014/3014/3014 3207/3207/3207 3206/3206/3206
f 3015/3015/3015 3016/3016/3016 3208/3208/3208
f 3015/3015/3015 3208/3208/3208 3207/3207/3207
f 3016/3016/3016 3017/3017/3017 3209/3209/3209
f 3016/3016/3016 3209/3209/3209 3208/3208/3208
f 3017/3017/3017 3018/3018/3018 3210/3210/3210
f 3017/3017/3017 3210/3210/3210 3209/3209/3209
f 3018/3018/3018 3019/3019/3019 3211/3211/3211
f 3018/3018/3018 3211/3211/3211 3210/3210/3210
f 3019/3019/3019 3020/3020/3020 3212/3212/3212
f 3019/3019/3019 3212/3212/3212 3211/3211/3211
f 3020/3020/3020 3021/3021/3021 3213/3213/3213
f 3020/3020/3020 3213/3213/3213 3212/3212/3212
f 3021/3021/3021 3022/3022/3022 3214/3214/3214
f 3021/3021/3021 3214/3214/3214 3213/3213/3213
f 3022/3022/3022 3023/3023/3023 3215/3215/3215
f 3022/3022/3022 3215/3215/3215 3214/3214/3214
f 3023/3023/3023 3024/3024/3024 3216/3216/3216
f 3023/3023/3023 3216/3216/3216 3215/3215/3215
f 3024/3024/3024 3025/3025/3025 3217/3217/3217
f 3024/3024/3024 3217/3217/3217 3216/3216/3216
f 3025/3025/3025 3026/3026/3026 3218/3218/3218
f 3025/3025/3025 3218/3218/3218 3217/3217/3217
f 3026/3026/3026 3027/3027/3027 3219/3219/3219
f 3026/3026/3026 3219/3219/3219 3218/3218/3218
f 3027/3027/3027 3028/3028/3028 3220/3220/3220
f 3027/3027/3027 3220/3220/3220 3219/3219/3219
f 3028/3028/3028 3029/3029/3029 3221/3221/3221
f 3028/3028/3028 3221/3221/3221 3220/3220/3220
f 3029/3029/3029 3030/3030/3030 3222/3222/3222
f 3029/3029/3029 3222/3222/3222 3221/3221/3221
f 3030/3030/3030 3031/3031/3031 3223/3223/3223
f 3030/3030/3030 3223/3223/3223 3222/3222/3222
f 3031/3031/3031 3032/3032/3032 3224/3224/3224
f 3031/3031/3031 3224/3224/3224 3223/3223/3223
f 3032/3032/3032 3033/3033/3033 3225/3225/3225
f 3032/3032/3032 3225/3225/3225 3224/3224/3224
f 3033/3033/3033 3034/3034/3034 3226/3226/3226
f 3033/3033/3033 3226/3226/3226 3225/3225/3225
f 3034/3034/3034 3035/3035/3035 3227/3227/3227
f 3034/3034/3034 3227/3227/3227 3226/3226/3226
f 3035/3035/3035 3036/3036/3036 3228/3228/3228
f 3035/3035/3035 3228/3228/3228 3227/3227/3227
f 3036/3036/3036 3037/3037/3037 3229/3229/3229
f 3036/3036/3036 3229/3229/3229 3228/3228/3228
f 3037/3037/3037 3038/3038/3038 3230/3230/3230
f 3037/3037/3037 3230/3230/3230 3229/3229/3229
f 3038/3038/3038 3039/3039/3039 3231/3231/3231
f 3038/3038/3038 3231/3231/3231 3230/3230/3230
f 3039/3039/3039 3040/3040/3040 3232/3232/3232
f 3039/3039/3039 3232/3232/3232 3231/3231/3231
f 3040/3040/3040 3041/3041/3041 3233/3233/3233
f 3040/3040/3040 3233/3233/3233 3232/3232/3232
f 3041/3041/3041 3042/3042/3042 3234/3234/3234
f 3041/3041/3041 3234/3234/3234 3233/3233/3233
f 3042/3042/3042 3043/3043/3043 3235/3235/3235
f 3042/3042/3042 3235/3235/3235 3234/3234/3234
f 3043/3043/3043 3044/3044/3044 3236/3236/3236
f 3043/3043/3043 3236/3236/3236 3235/3235/3235
f 3044/3044/3044 3045/3045/3045 3237/3237/3237
f 3044/3044/3044 3237/3237/3237 3236/3236/3236
f 3045/3045/3045 3046/3046/3046 3238/3238/3238
f 3045/3045/3045 3238/3238/3238 3237/3237/3237
f 3046/3046/3046 3047/3047/3047 3239/3239/3239
f 3046/3046/3046 3239/3239/3239 3238/3238/3238
f 3047/3047/3047 3048/3048/3048 3240/3240/3240
f 3047/3047/3047 3240/3240/3240 3239/3239/3239
f 3048/3048/3048 3049/3049/3049 3241/3241/3241
f 3048/3048/3048 3241/3241/3241 3240/3240/3240
f 3049/3049/3049 3050/3050/3050 3242/3242/3242
f 3049/3049/3049 3242/3242/3242 3241/3241/3241
f 3050/3050/3050 3051/3051/3051 3243/3243/3243
f 3050/3050/3050 3243/3243/3243 3242/3242/3242
f 3051/3051/3051 3052/3052/3052 3244/3244/3244
f 3051/3051/3051 3244/3244/3244 3243/3243/3243
f 3052/3052/3052 3053/3053/3053 3245/3245/3245
f 3052/3052/3052 3245/3245/3245 3244/3244/3244
f 3053/3053/3053 3054/3054/3054 3246/3246/3246
f 3053/3053/3053 3246/3246/3246 3245/3245/3245
f 3054/3054/3054 3055/3055/3055 3247/3247/3247
f 3054/3054/3054 3247/3247/3247 3246/3246/3246
f 3055/3055/3055 3056/3056/3056 3248/3248/3248
f 3055/3055/3055 3248/3248/3248 3247/3247/3247
f 3056/3056/3056 3057/3057/3057 3249/3249/3249
f 3056/3056/3056 3249/3249/3249 3248/3248/3248
f 3057/3057/3057 3058/3058/3058 3250/3250/3250
f 3057/3057/3057 3250/3250/3250 3249/3249/3249
f 3058/3058/3058 3059/3059/3059 3251/3251/3251
f 3058/3058/3058 3251/3251/3251 3250/3250/3250
f 3059/3059/3059 3060/3060/3060 3252/3252/3252
f 3059/3059/3059 3252/3252/3252 3251/3251/3251
f 3060/3060/3060 3061/3061/3061 3253/3253/3253
f 3060/3060/3060 3253/3253/3253 3252/3252/3252
f 3061/3061/3061 3062/3062/3062 3254/3254/3254
f 3061/3061/3061 3254/3254/3254 3253/3253/3253
f 3062/3062/3062 3063/3063/3063 3255/3255/3255
f 3062/3062/3062 3255/3255/3255 3254/3254/3254
f 3063/3063/3063 3064/3064/3064 3256/3256/3256
f 3063/3063/3063 3256/3256/3256 3255/3255/3255
f 3064/3064/3064 3065/3065/3065 3257/3257/3257
f 3064/3064/3064 3257/3257/3257 3256/3256/3256
f 3065/3065/3065 3066/3066/3066 3258/3258/3258
f 3065/3065/3065 3258/3258/3258 3257/3257/3257
f 3066/3066/3066 3067/3067/3067 3259/3259/3259
f 3066/3066/3066 3259/3259/3259 3258/3258/3258
f 3067/3067/3067 3068/3068/3068 3260/3260/3260
f 3067/3067/3067 3260/3260/3260 3259/3259/3259
f 3068/3068/3068 3069/3069/3069 3261/3261/3261
f 3068/3068/3068 3261/3261/3261 3260/3260/3260
f 3069/3069/3069 3070/3070/3070 3262/3262/3262
f 3069/3069/3069 3262/3262/3262 3261/3261/3261
f 3070/3070/3070 3071/3071/3071 3263/3263/3263
f 3070/3070/3070 3263/3263/3263 3262/3262/3262
f 3071/3071/3071 3072/3072/3072 3264/3264/3264
f 3071/3071/3071 3264/3264/3264 3263/3263/3263
f 3072/3072/3072 3073/3073/3073 3265/3265/3265
f 3072/3072/3072 3265/3265/3265 3264/3264/3264
f 3073/3073/3073 2882/2882/2882 3074/3074/3074
f 3073/3073/3073 3074/3074/3074 3265/3265/3265
f 3074/3074/3074 3075/3075/3075 3267/3267/3267
f 3074/3074/3074 3267/3267/3267 3266/3266/3266
f 3075/3075/3075 3076/3076/3076 3268/3268/3268
f 3075/3075/3075 3268/3268/3268 3267/3267/3267
f 3076/3076/3076 3077/3077/3077 3269/3269/3269
f 3076/3076/3076 3269/3269/3269 3268/3268/3268
f 3077/3077/3077 3078/3078/3078 3270/3270/3270
f 3077/3077/3077 3270/3270/3270 3269/3269/3269
f 3078/3078/3078 3079/3079/3079 3271/3271/3271
f 3078/3078/3078 3271/3271/3271 3270/3270/3270
f 3079/3079/3079 3080/3080/3080 3272/3272/3272
f 3079/3079/3079 3272/3272/3272 3271/3271/3271
f 3080/3080/3080 3081/3081/3081 3273/3273/3273
f 3080/3080/3080 3273/3273/3273 3272/3272/3272
f 3081/3081/3081 3082/3082/3082 3274/3274/3274
f 3081/3081/3081 3274/3274/3274 3273/3273/3273
f 3082/3082/3082 3083/3083/3083 3275/3275/3275
f 3082/3082/3082 3275/3275/3275 3274/3274/3274
f 3083/3083/3083 3084/3084/3084 3276/3276/3276
f 3083/3083/3083 3276/3276/3276 3275/3275/3275
f 3084/3084/3084 3085/3085/3085 3277/3277/3277
f 3084/3084/3084 3277/3277/3277 3276/3276/3276
f 3085/3085/3085 3086/3086/3086 3278/3278/3278
f 3085/3085/3085 3278/3278/3278 3277/3277/3277
f 3086/3086/3086 3087/3087/3087 3279/3279/3279
f 3086/3086/3086 3279/3279/3279 3278/3278/3278
f 3087/3087/3087 3088/3088/3088 3280/3280/3280
f 3087/3087/3087 3280/3280/3280 3279/3279/3279
f 3088/3088/3088 3089/3089/3089 3281/3281/3281
f 3088/3088/3088 3281/3281/3281 3280/3280/3280
f 3089/3089/3089 3090/3090/3090 3282/3282/3282
f 3089/3089/3089 3282/3282/3282 3281/3281/3281
f 3090/3090/3090 3091/3091/3091 3283/3283/3283
f 3090/3090/3090 3283/3283/3283 3282/3282/3282
f 3091/3091/3091 3092/3092/3092 3284/3284/3284
f 3091/3091/3091 3284/3284/3284 3283/3283/3283
f 3092/3092/3092 3093/3093/3093 3285/3285/3285
f 3092/3092/3092 3285/3285/3285 3284/3284/3284
f 3093/3093/3093 3094/3094/3094 3286/3286/3286
f 3093/3093/3093 3286/3286/3286 3285/3285/3285
f 3094/3094/3094 3095/3095/3095 3287/3287/3287
f 3094/3094/3094 3287/3287/3287 3286/3286/3286
f 3095/3095/3095 3096/3096/3096 3288/3288/3288
f 3095/3095/3095 3288/3288/3288 3287/3287/3287
f 3096/3096/3096 3097/3097/3097 3289/3289/3289
f 3096/3096/3096 3289/3289/3289 3288/3288/3288
f 3097/3097/3097 3098/3098/3098 3290/3290/3290
f 3097/3097/3097 3290/3290/3290 3289/3289/3289
f 3098/3098/3098 3099/3099/3099 3291/3291/3291
f 3098/3098/3098 3291/3291/3291 3290/3290/3290
f 3099/3099/3099 3100/3100/3100 3292/3292/3292
f 3099/3099/3099 3292/3292/3292 3291/3291/3291
f 3100/3100/3100 3101/3101/3101 3293/3293/3293
f 3100/3100/3100 3293/3293/3293 3292/3292/3292
f 3101/3101/3101 3102/3102/3102 3294/3294/3294
f 3101/3101/3101 3294/3294/3294 3293/3293/3293
f 3102/3102/3102 3103/3103/3103 3295/3295/3295
f 3102/3102/3102 3295/3295/3295 3294/3294/3294
f 3103/3103/3103 3104/3104/3104 3296/3296/3296
f 3103/3103/3103 3296/3296/3296 3295/3295/3295
f 3104/3104/3104 3105/3105/3105 3297/3297/3297
f 3104/3104/3104 3297/3297/3297 3296/3296/3296
f 3105/3105/3105 3106/3106/3106 3298/3298/3298
f 3105/3105/3105 3298/3298/3298 3297/3297/3297
f 3106/3106/3106 3107/3107/3107 3299/3299/3299
f 3106/3106/3106 3299/3299/3299 3298/3298/3298
f 3107/3107/3107 3108/3108/3108 3300/3300/3300
f 3107/3107/3107 3300/3300/3300 3299/3299/3299
f 3108/3108/3108 3109/3109/3109 3301/3301/3301
f 3108/3108/3108 3301/3301/3301 3300/3300/3300
f 3109/3109/3109 3110/3110/3110 3302/3302/3302
f 3109/3109/3109 3302/3302/3302 3301/3301/3301
f 3110/3110/3110 3111/3111/3111 3303/3303/3303
f 3110/3110/3110 3303/3303/3303 3302/3302/3302
f 3111/3111/3111 3112/3112/3112 3304/3304/3304
f 3111/3111/3111 3304/3304/3304 3303/3303/3303
f 3112/3112/3112 3113/3113/3113 3305/3305/3305
f 3112/3112/3112 3305/3305/3305 3304/3304/3304
f 3113/3113/3113 3114/3114/3114 3306/3306/3306
f 3113/3113/3113 3306/3306/3306 3305/3305/3305
f 3114/3114/3114 3115/3115/3115 3307/3307/3307
f 3114/3114/3114 3307/3307/3307 3306/3306/3306
f 3115/3115/3115 3116/3116/3116 3308/3308/3308
f 3115/3115/3115 3308/3308/3308 3307/3307/3307
f 3116/3116/3116 3117/3117/3117 3309/3309/3309
f 3116/3116/3116 3309/3309/3309 3308/3308/3308
f 3117/3117/3117 3118/3118/3118 3310/3310/3310
f 3117/3117/3117 3310/3310/3310 3309/3309/3309
f 3118/3118/3118 3119/3119/3119 3311/3311/3311
f 3118/3118/3118 3311/3311/3311 3310/3310/3310
f 3119/3119/3119 3120/3120/3120 3312/3312/3312
f 3119/3119/3119 3312/3312/3312 3311/3311/3311
f 3120/3120/3120 3121/3121/3121 3313/3313/3313
f 3120/3120/3120 3313/3313/3313 3312/3312/3312
f 3121/3121/3121 3122/3122/3122 3314/3314/3314
f 3121/3121/3121 3314/3314/3314 3313/3313/3313
f 3122/3122/3122 3123/3123/3123 3315/3315/3315
f 3122/3122/3122 3315/3315/3315 3314/3314/3314
f 3123/3123/3123 3124/3124/3124 3316/3316/3316
f 3123/3123/3123 3316/3316/3316 3315/3315/3315
f 3124/3124/3124 3125/3125/3125 3317/3317/3317
f 3124/3124/3124 3317/3317/3317 3316/3316/3316
f 3125/3125/3125 3126/3126/3126 3318/3318/3318
f 3125/3125/3125 3318/3318/3318 3317/3317/3317
f 3126/3126/3126 3127/3127/3127 3319/3319/3319
f 3126/3126/3126 3319/3319/3319 3318/3318/3318
f 3127/3127/3127 3128/3128/3128 3320/3320/3320
f 3127/3127/3127 3320/3320/3320 3319/3319/3319
f 3128/3128/3128 3129/3129/3129 3321/3321/3321
f 3128/3128/3128 3321/3321/3321 3320/3320/3320
f 3129/3129/3129 3130/3130/3130 3322/3322/3322
f 3129/3129/3129 3322/3322/3322 3321/3321/3321
f 3130/3130/3130 3131/3131/3131 3323/3323/3323
f 3130/3130/3130 3323/3323/3323 3322/3322/3322
f 3131/3131/3131 3132/3132/3132 3324/3324/3324
f 3131/3131/3131 3324/3324/3324 3323/3323/3323
f 3132/3132/3132 3133/3133/3133 3325/3325/3325
f 3132/3132/3132 3325/3325/3325 3324/3324/3324
f 3133/3133/3133 3134/3134/3134 3326/3326/3326
f 3133/3133/3133 3326/3326/3326 3325/3325/3325
f 3134/3134/3134 3135/3135/3135 3327/3327/3327
f 3134/3134/3134 3327/3327/3327 3326/3326/3326
f 3135/3135/3135 3136/3136/3136 3328/3328/3328
f 3135/3135/3135 3328/3328/3328 3327/3327/3327
f 3136/3136/3136 3137/3137/3137 3329/3329/3329
f 3136/3136/3136 3329/3329/3329 3328/3328/3328
f 3137/3137/3137 3138/3138/3138 3330/3330/3330
f 3137/3137/3137 3330/3330/3330 3329/3329/3329
f 3138/3138/3138 3139/3139/3139 3331/3331/3331
f 3138/3138/3138 3331/3331/3331 3330/3330/3330
f 3139/3139/3139 3140/3140/3140 3332/3332/3332
f 3139/3139/3139 3332/3332/3332 3331/3331/3331
f 3140/3140/3140 3141/3141/3141 3333/3333/3333
f 3140/3140/3140 3333/3333/3333 3332/3332/3332
f 3141/3141/3141 3142/3142/3142 3334/3334/3334
f 3141/3141/3141 3334/3334/3334 3333/3333/3333
f 3142/3142/3142 3143/3143/3143 3335/3335/3335
f 3142/3142/3142 3335/3335/3335 3334/3334/3334
f 3143/3143/3143 3144/3144/3144 3336/3336/3336
f 3143/3143/3143 3336/3336/3336 3335/3335/3335
f 3144/3144/3144 3145/3145/3145 3337/3337/3337
f 3144/3144/3144 3337/3337/3337 3336/3336/3336
f 3145/3145/3145 3146/3146/3146 3338/3338/3338
f 3145/3145/3145 3338/3338/3338 3337/3337/3337
f 3146/3146/3146 3147/3147/3147 3339/3339/3339
f 3146/3146/3146 3339/3339/3339 3338/3338/3338
f 3147/3147/3147 3148/3148/3148 3340/3340/3340
f 3147/3147/3147 3340/3340/3340 3339/3339/3339
f 3148/3148/3148 3149/3149/3149 3341/3341/3341
f 3148/3148/3148 3341/3341/3341 3340/3340/3340
f 3149/3149/3149 3150/3150/3150 3342/3342/3342
f 3149/3149/3149 3342/3342/3342 3341/3341/3341
f 3150/3150/3150 3151/3151/3151 3343/3343/3343
f 3150/3150/3150 3343/3343/3343 3342/3342/3342
f 3151/3151/3151 3152/3152/3152 3344/3344/3344
f 3151/3151/3151 3344/3344/3344 3343/3343/3343
f 3152/3152/3152 3153/3153/3153 3345/3345/3345
f 3152/3152/3152 3345/3345/3345 3344/3344/3344
f 3153/3153/3153 3154/3154/3154 3346/3346/3346
f 3153/3153/3153 3346/3346/3346 3345/3345/3345
f 3154/3154/3154 3155/3155/3155 3347/3347/3347
f 3154/3154/3154 3347/3347/3347 3346/3346/3346
f 3155/3155/3155 3156/3156/3156 3348/3348/3348
f 3155/3155/3155 3348/3348/3348 3347/3347/3347
f 3156/3156/3156 3157/3157/3157 3349/3349/3349
f 3156/3156/3156 3349/3349/3349 3348/3348/3348
f 3157/3157/3157 3158/3158/3158 3350/3350/3350
f 3157/3157/3157 3350/3350/3350 3349/3349/3349
f 3158/3158/3158 3159/3159/3159 3351/3351/3351
f 3158/3158/3158 3351/3351/3351 3350/3350/3350
f 3159/3159/3159 3160/3160/3160 3352/3352/3352
f 3159/3159/3159 3352/3352/3352 3351/3351/3351
f 3160/3160/3160 3161/3161/3161 3353/3353/3353
f 3160/3160/3160 3353/3353/3353 3352/3352/3352
f 3161/3161/3161 3162/3162/3162 3354/3354/3354
f 3161/3161/3161 3354/3354/3354 3353/3353/3353
f 3162/3162/3162 3163/3163/3163 3355/3355/3355
f 3162/3162/3162 3355/3355/3355 3354/3354/3354
f 3163/3163/3163 3164/3164/3164 3356/3356/3356
f 3163/3163/3163 3356/3356/3356 3355/3355/3355
f 3164/3164/3164 3165/3165/3165 3357/3357/3357
f 3164/3164/3164 3357/3357/3357 3356/3356/3356
f 3165/3165/3165 3166/3166/3166 3358/3358/3358
f 3165/3165/3165 3358/3358/3358 3357/3357/3357
f 3166/3166/3166 3167/3167/3167 3359/3359/3359
f 3166/3166/3166 3359/3359/3359 3358/3358/3358
f 3167/3167/3167 3168/3168/3168 3360/3360/3360
f 3167/3167/3167 3360/3360/3360 3359/3359/3359
f 3168/3168/3168 3169/3169/3169 3361/3361/3361
f 3168/3168/3168 3361/3361/3361 3360/3360/3360
f 3169/3169/3169 3170/3170/3170 3362/3362/3362
f 3169/3169/3169 3362/3362/3362 3361/3361/3361
f 3170/3170/3170 3171/3171/3171 3363/3363/3363
f 3170/3170/3170 3363/3363/3363 3362/3362/3362
f 3171/3171/3171 3172/3172/3172 3364/3364/3364
f 3171/3171/3171 3364/3364/3364 3363/3363/3363
f 3172/3172/3172 3173/3173/3173 3365/3365/3365
f 3172/3172/3172 3365/3365/3365 3364/3364/3364
f 3173/3173/3173 3174/3174/3174 3366/3366/3366
f 3173/3173/3173 3366/3366/3366 3365/3365/3365
f 3174/3174/3174 3175/3175/3175 3367/3367/3367
f 3174/3174/3174 3367/3367/3367 3366/3366/3366
f 3175/3175/3175 3176/3176/3176 3368/3368/3368
f 3175/3175/3175 3368/3368/3368 3367/3367/3367
f 3176/3176/3176 3177/3177/3177 3369/3369/3369
f 3176/3176/3176 3369/3369/3369 3368/3368/3368
f 3177/3177/3177 3178/3178/3178 3370/3370/3370
f 3177/3177/3177 3370/3370/3370 3369/3369/3369
f 3178/3178/3178 3179/3179/3179 3371/3371/3371
f 3178/3178/3178 3371/3371/3371 3370/3370/3370
f 3179/3179/3179 3180/3180/3180 3372/3372/3372
f 3179/3179/3179 3372/3372/3372 3371/3371/3371
f 3180/3180/3180 3181/3181/3181 3373/3373/3373
f 3180/3180/3180 3373/3373/3373 3372/3372/3372
f 3181/3181/3181 3182/3182/3182 3374/3374/3374
f 3181/3181/3181 3374/3374/3374 3373/3373/3373
f 3182/3182/3182 3183/3183/3183 3375/3375/3375
f 3182/3182/3182 3375/3375/3375 3374/3374/3374
f 3183/3183/3183 3184/3184/3184 3376/3376/3376
f 3183/3183/3183 3376/3376/3376 3375/3375/3375
f 3184/3184/3184 3185/3185/3185 3377/3377/3377
f 3184/3184/3184 3377/3377/3377 3376/3376/3376
f 3185/3185/3185 3186/3186/3186 3378/3378/3378
f 3185/3185/3185 3378/3378/3378 3377/3377/3377
f 3186/3186/3186 3187/3187/3187 3379/3379/3379
f 3186/3186/3186 3379/3379/3379 3378/3378/3378
f 3187/3187/3187 3188/3188/3188 3380/3380/3380
f 3187/3187/3187 3380/3380/3380 3379/3379/3379
f 3188/3188/3188 3189/3189/3189 3381/3381/3381
f 3188/3188/3188 3381/3381/3381 3380/3380/3380
f 3189/3189/3189 3190/3190/3190 3382/3382/3382
f 3189/3189/3189 3382/3382/3382 3381/3381/3381
f 3190/3190/3190 3191/3191/3191 3383/3383/3383
f 3190/3190/3190 3383/3383/3383 3382/3382/3382
f 3191/3191/3191 3192/3192/3192 3384/3384/3384
f 3191/3191/3191 3384/3384/3384 3383/3383/3383
f 3192/3192/3192 3193/3193/3193 3385/3385/3385
f 3192/3192/3192 3385/3385/3385 3384/3384/3384
f 3193/3193/3193 3194/3194/3194 3386/3386/3386
f 3193/3193/3193 3386/3386/3386 3385/3385/3385
f 3194/3194/3194 3195/3195/3195 3387/3387/3387
f 3194/3194/3194 3387/3387/3387 3386/3386/3386
f 3195/3195/3195 3196/3196/3196 3388/3388/3388
f 3195/3195/3195 3388/3388/3388 3387/3387/3387
f 3196/3196/3196 3197/3197/3197 3389/3389/3389
f 3196/3196/3196 3389/3389/3389 3388/3388/3388
f 3197/3197/3197 3198/3198/3198 3390/3390/3390
f 3197/3197/3197 3390/3390/3390 3389/3389/3389
f 3198/3198/3198 3199/3199/3199 3391/3391/3391
f 3198/3198/3198 3391/3391/3391 3390/3390/3390
f 3199/3199/3199 3200/3200/3200 3392/3392/3392
f 3199/3199/3199 3392/3392/3392 3391/3391/3391
f 3200/3200/3200 3201/3201/3201 3393/3393/3393
f 3200/3200/3200 3393/3393/3393 3392/3392/3392
f 3201/3201/3201 3202/3202/3202 3394/3394/3394
f 3201/3201/3201 3394/3394/3394 3393/3393/3393
f 3202/3202/3202 3203/3203/3203 3395/3395/3395
f 3202/3202/3202 3395/3395/3395 3394/3394/3394
f 3203/3203/3203 3204/3204/3204 3396/3396/3396
f 3203/3203/3203 3396/3396/3396 3395/3395/3395
f 3204/3204/3204 3205/3205/3205 3397/3397/3397
f 3204/3204/3204 3397/3397/3397 3396/3396/3396
f 3205/3205/3205 3206/3206/3206 3398/3398/3398
f 3205/3205/3205 3398/3398/3398 3397/3397/3397
f 3206/3206/3206 3207/3207/3207 3399/3399/3399
f 3206/3206/3206 3399/3399/3399 3398/3398/3398
f 3207/3207/3207 3208/3208/3208 3400/3400/3400
f 3207/3207/3207 3400/3400/3400 3399/3399/3399
f 3208/3208/3208 3209/3209/3209 3401/3401/3401
f 3208/3208/3208 3401/3401/3401 3400/3400/3400
f 3209/3209/3209 3210/3210/3210 3402/3402/3402
f 3209/3209/3209 3402/3402/3402 3401/3401/3401
f 3210/3210/3210 3211/3211/3211 3403/3403/3403
f 3210/3210/3210 3403/3403/3403 3402/3402/3402
f 3211/3211/3211 3212/3212/3212 3404/3404/3404
f 3211/3211/3211 3404/3404/3404 3403/3403/3403
f 3212/3212/3212 3213/3213/3213 3405/3405/3405
f 3212/3212/3212 3405/3405/3405 3404/3404/3404
f 3213/3213/3213 3214/3214/3214 3406/3406/3406
f 3213/3213/3213 3406/3406/3406 3405/3405/3405
f 3214/3214/3214 3215/3215/3215 3407/3407/3407
f 3214/3214/3214 3407/3407/3407 3406/3406/3406
f 3215/3215/3215 3216/3216/3216 3408/3408/3408
f 3215/3215/3215 3408/3408/3408 3407/3407/3407
f 3216/3216/3216 3217/3217/3217 3409/3409/3409
f 3216/3216/3216 3409/3409/3409 3408/3408/3408
f 3217/3217/3217 3218/3218/3218 3410/3410/3410
f 3217/3217/3217 3410/3410/3410 3409/3409/3409
f 3218/3218/3218 3219/3219/3219 3411/3411/3411
f 3218/3218/3218 3411/3411/3411 3410/3410/3410
f 3219/3219/3219 3220/3220/3220 3412/3412/3412
f 3219/3219/3219 3412/3412/3412 3411/3411/3411
f 3220/3220/3220 3221/3221/3221 3413/3413/3413
f 3220/3220/3220 3413/3413/3413 3412/3412/3412
f 3221/3221/3221 3222/3222/3222 3414/3414/3414
f 3221/3221/3221 3414/3414/3414 3413/3413/3413
f 3222/3222/3222 3223/3223/3223 3415/3415/3415
f 3222/3222/3222 3415/3415/3415 3414/3414/3414
f 3223/3223/3223 3224/3224/3224 3416/3416/3416
f 3223/3223/3223 3416/3416/3416 3415/3415/3415
f 3224/3224/3224 3225/3225/3225 3417/3417/3417
f 3224/3224/3224 3417/3417/3417 3416/3416/3416
f 3225/3225/3225 3226/3226/3226 3418/3418/3418
f 3225/3225/3225 3418/3418/3418 3417/3417/3417
f 3226/3226/3226 3227/3227/3227 3419/3419/3419
f 3226/3226/3226 3419/3419/3419 3418/3418/3418
f 3227/3227/3227 3228/3228/3228 3420/3420/3420
f 3227/3227/3227 3420/3420/3420 3419/3419/3419
f 3228/3228/3228 3229/3229/3229 3421/3421/3421
f 3228/3228/3228 3421/3421/3421 3420/3420/3420
f 3229/3229/3229 3230/3230/3230 3422/3422/3422
f 3229/3229/3229 3422/3422/3422 3421/3421/3421
f 3230/3230/3230 3231/3231/3231 3423/3423/3423
f 3230/3230/3230 3423/3423/3423 3422/3422/3422
f 3231/3231/3231 3232/3232/3232 3424/3424/3424
f 3231/3231/3231 3424/3424/3424 3423/3423/3423
f 3232/3232/3232 3233/3233/3233 3425/3425/3425
f 3232/3232/3232 3425/3425/3425 3424/3424/3424
f 3233/3233/3233 3234/3234/3234 3426/3426/3426
f 3233/3233/3233 3426/3426/3426 3425/3425/3425
f 3234/3234/3234 3235/3235/3235 3427/3427/3427
f 3234/3234/3234 3427/3427/3427 3426/3426/3426
f 3235/3235/3235 3236/3236/3236 3428/3428/3428
f 3235/3235/3235 3428/3428/3428 3427/3427/3427
f 3236/3236/3236 3237/3237/3237 3429/3429/3429
f 3236/3236/3236 3429/3429/3429 3428/3428/3428
f 3237/3237/3237 3238/3238/3238 3430/3430/3430
f 3237/3237/3237 3430/3430/3430 3429/3429/3429
f 3238/3238/3238 3239/3239/3239 3431/3431/3431
f 3238/3238/3238 3431/3431/3431 3430/3430/3430
f 3239/3239/3239 3240/3240/3240 3432/3432/3432
f 3239/3239/3239 3432/3432/3432 3431/3431/3431
f 3240/3240/3240 3241/3241/3241 3433/3433/3433
f 3240/3240/3240 3433/3433/3433 3432/3432/3432
f 3241/3241/3241 3242/3242/3242 3434/3434/3434
f 3241/3241/3241 3434/3434/3434 3433/3433/3433
f 3242/3242/3242 3243/3243/3243 3435/3435/3435
f 3242/3242/3242 3435/3435/3435 3434/3434/3434
f 3243/3243/3243 3244/3244/3244 3436/3436/3436
f 3243/3243/3243 3436/3436/3436 3435/3435/3435
f 3244/3244/3244 3245/3245/3245 3437/3437/3437
f 3244/3244/3244 3437/3437/3437 3436/3436/3436
f 3245/3245/3245 3246/3246/3246 3438/3438/3438
f 3245/3245/3245 3438/3438/3438 3437/3437/3437
f 3246/3246/3246 3247/3247/3247 3439/3439/3439
f 3246/3246/3246 3439/3439/3439 3438/3438/3438
f 3247/3247/3247 3248/3248/3248 3440/3440/3440
f 3247/3247/3247 3440/3440/3440 3439/3439/3439
f 3248/3248/3248 3249/3249/3249 3441/3441/3441
f 3248/3248/3248 3441/3441/3441 3440/3440/3440
f 3249/3249/3249 3250/3250/3250 3442/3442/3442
f 3249/3249/3249 3442/3442/3442 3441/3441/3441
f 3250/3250/3250 3251/3251/3251 3443/3443/3443
f 3250/3250/3250 3443/3443/3443 3442/3442/3442
f 3251/3251/3251 3252/3252/3252 3444/3444/3444
f 3251/3251/3251 3444/3444/3444 3443/3443/3443
f 3252/3252/3252 3253/3253/3253 3445/3445/3445
f 3252/3252/3252 3445/3445/3445 3444/3444/3444
f 3253/3253/3253 3254/3254/3254 3446/3446/3446
f 3253/3253/3253 3446/3446/3446 3445/3445/3445
f 3254/3254/3254 3255/3255/3255 3447/3447/3447
f 3254/3254/3254 3447/3447/3447 3446/3446/3446
f 3255/3255/3255 3256/3256/3256 3448/3448/3448
f 3255/3255/3255 3448/3448/3448 3447/3447/3447
f 3256/3256/3256 3257/3257/3257 3449/3449/3449
f 3256/3256/3256 3449/3449/3449 3448/3448/3448
f 3257/3257/3257 3258/3258/3258 3450/3450/3450
f 3257/3257/3257 3450/3450/3450 3449/3449/3449
f 3258/3258/3258 3259/3259/3259 3451/3451/3451
f 3258/3258/3258 3451/3451/3451 3450/3450/3450
f 3259/3259/3259 3260/3260/3260 3452/3452/3452
f 3259/3259/3259 3452/3452/3452 3451/3451/3451
f 3260/3260/3260 3261/3261/3261 3453/3453/3453
f 3260/3260/3260 3453/3453/3453 3452/3452/3452
f 3261/3261/3261 3262/3262/3262 3454/3454/3454
f 3261/3261/3261 3454/3454/3454 3453/3453/3453
f 3262/3262/3262 3263/3263/3263 3455/3455/3455
f 3262/3262/3262 3455/3455/3455 3454/3454/3454
f 3263/3263/3263 3264/3264/3264 3456/3456/3456
f 3263/3263/3263 3456/3456/3456 3455/3455/3455
f 3264/3264/3264 3265/3265/3265 3457/3457/3457
f 3264/3264/3264 3457/3457/3457 3456/3456/3456
f 3265/3265/3265 3074/3074/3074 3266/3266/3266
f 3265/3265/3265 3266/3266/3266 3457/3457/3457
f 3266/3266/3266 3267/3267/3267 3459/3459/3459
f 3266/3266/3266 3459/3459/3459 3458/3458/3458
f 3267/3267/3267 3268/3268/3268 3460/3460/3460
f 3267/3267/3267 3460/3460/3460 3459/3459/3459
f 3268/3268/3268 3269/3269/3269 3461/3461/3461
f 3268/3268/3268 3461/3461/3461 3460/3460/3460
f 3269/3269/3269 3270/3270/3270 3462/3462/3462
f 3269/3269/3269 3462/3462/3462 3461/3461/3461
f 3270/3270/3270 3271/3271/3271 3463/3463/3463
f 3270/3270/3270 3463/3463/3463 3462/3462/3462
f 3271/3271/3271 3272/3272/3272 3464/3464/3464
f 3271/3271/3271 3464/3464/3464 3463/3463/3463
f 3272/3272/3272 3273/3273/3273 3465/3465/3465
f 3272/3272/3272 3465/3465/3465 3464/3464/3464
f 3273/3273/3273 3274/3274/3274 3466/3466/3466
f 3273/3273/3273 3466/3466/3466 3465/3465/3465
f 3274/3274/3274 3275/3275/3275 3467/3467/3467
f 3274/3274/3274 3467/3467/3467 3466/3466/3466
f 3275/3275/3275 3276/3276/3276 3468/3468/3468
f 3275/3275/3275 3468/3468/3468 3467/3467/3467
f 3276/3276/3276 3277/3277/3277 3469/3469/3469
f 3276/3276/3276 3469/3469/3469 3468/3468/3468
f 3277/3277/3277 3278/3278/3278 3470/3470/3470
f 3277/3277/3277 3470/3470/3470 3469/3469/3469
f 3278/3278/3278 3279/3279/3279 3471/3471/3471
f 3278/3278/3278 3471/3471/3471 3470/3470/3470
f 3279/3279/3279 3280/3280/3280 3472/3472/3472
f 3279/3279/3279 3472/3472/3472 3471/3471/3471
f 3280/3280/3280 3281/3281/3281 3473/3473/3473
f 3280/3280/3280 3473/3473/3473 3472/3472/3472
f 3281/3281/3281 3282/3282/3282 3474/3474/3474
f 3281/3281/3281 3474/3474/3474 3473/3473/3473
f 3282/3282/3282 3283/3283/3283 3475/3475/3475
f 3282/3282/3282 3475/3475/3475 3474/3474/3474
f 3283/3283/3283 3284/3284/3284 3476/3476/3476
f 3283/3283/3283 3476/3476/3476 3475/3475/3475
f 3284/3284/3284 3285/3285/3285 3477/3477/3477
f 3284/3284/3284 3477/3477/3477 3476/3476/3476
f 3285/3285/3285 3286/3286/3286 3478/3478/3478
f 3285/3285/3285 3478/3478/3478 3477/3477/3477
f 3286/3286/3286 3287/3287/3287 3479/3479/3479
f 3286/3286/3286 3479/3479/3479 3478/3478/3478
f 3287/3287/3287 3288/3288/3288 3480/3480/3480
f 3287/3287/3287 3480/3480/3480 3479/3479/3479
f 3288/3288/3288 3289/3289/3289 3481/3481/3481
f 3288/3288/3288 3481/3481/3481 3480/3480/3480
f 3289/3289/3289 3290/3290/3290 3482/3482/3482
f 3289/3289/3289 3482/3482/3482 3481/3481/3481
f 3290/3290/3290 3291/3291/3291 3483/3483/3483
f 3290/3290/3290 3483/3483/3483 3482/3482/3482
f 3291/3291/3291 3292/3292/3292 3484/3484/3484
f 3291/3291/3291 3484/3484/3484 3483/3483/3483
f 3292/3292/3292 3293/3293/3293 3485/3485/3485
f 3292/3292/3292 3485/3485/3485 3484/3484/3484
f 3293/3293/3293 3294/3294/3294 3486/3486/3486
f 3293/3293/3293 3486/3486/3486 3485/3485/3485
f 3294/3294/3294 3295/3295/3295 3487/3487/3487
f 3294/3294/3294 3487/3487/3487 3486/3486/3486
f 3295/3295/3295 3296/3296/3296 3488/3488/3488
f 3295/3295/3295 3488/3488/3488 3487/3487/3487
f 3296/3296/3296 3297/3297/3297 3489/3489/3489
f 3296/3296/3296 3489/3489/3489 3488/3488/3488
f 3297/3297/3297 3298/3298/3298 3490/3490/3490
f 3297/3297/3297 3490/3490/3490 3489/3489/3489
f 3298/3298/3298 3299/3299/3299 3491/3491/3491
f 3298/3298/3298 3491/3491/3491 3490/3490/3490
f 3299/3299/3299 3300/3300/3300 3492/3492/3492
f 3299/3299/3299 3492/3492/3492 3491/3491/3491
f 3300/3300/3300 3301/3301/3301 3493/3493/3493
f 3300/3300/3300 3493/3493/3493 3492/3492/3492
f 3301/3301/3301 3302/3302/3302 3494/3494/3494
f 3301/3301/3301 3494/3494/3494 3493/3493/3493
f 3302/3302/3302 3303/3303/3303 3495/3495/3495
f 3302/3302/3302 3495/3495/3495 3494/3494/3494
f 3303/3303/3303 3304/3304/3304 3496/3496/3496
f 3303/3303/3303 3496/3496/3496 3495/3495/3495
f 3304/3304/3304 3305/3305/3305 3497/3497/3497
f 3304/3304/3304 3497/3497/3497 3496/3496/3496
f 3305/3305/3305 3306/3306/3306 3498/3498/3498
f 3305/3305/3305 3498/3498/3498 3497/3497/3497
f 3306/3306/3306 3307/3307/3307 3499/3499/3499
f 3306/3306/3306 3499/3499/3499 3498/3498/3498
f 3307/3307/3307 3308/3308/3308 3500/3500/3500
f 3307/3307/3307 3500/3500/3500 3499/3499/3499
f 3308/3308/3308 3309/3309/3309 3501/3501/3501
f 3308/3308/3308 3501/3501/3501 3500/3500/3500
f 3309/3309/3309 3310/3310/3310 3502/3502/3502
f 3309/3309/3309 3502/3502/3502 3501/3501/3501
f 3310/3310/3310 3311/3311/3311 3503/3503/3503
f 3310/3310/3310 3503/3503/3503 3502/3502/3502
f 3311/3311/3311 3312/3312/3312 3504/3504/3504
f 3311/3311/3311 3504/3504/3504 3503/3503/3503
f 3312/3312/3312 3313/3313/3313 3505/3505/3505
f 3312/3312/3312 3505/3505/3505 3504/3504/3504
f 3313/3313/3313 3314/3314/3314 3506/3506/3506
f 3313/3313/3313 3506/3506/3506 3505/3505/3505
f 3314/3314/3314 3315/3315/3315 3507/3507/3507
f 3314/3314/3314 3507/3507/3507 3506/3506/3506
f 3315/3315/3315 3316/3316/3316 3508/3508/3508
f 3315/3315/3315 3508/3508/3508 3507/3507/3507
f 3316/3316/3316 3317/3317/3317 3509/3509/3509
f 3316/3316/3316 3509/3509/3509 3508/3508/3508
f 3317/3317/3317 3318/3318/3318 3510/3510/3510
f 3317/3317/3317 3510/3510/3510 3509/3509/3509
f 3318/3318/3318 3319/3319/3319 3511/3511/3511
f 3318/3318/3318 3511/3511/3511 3510/3510/3510
f 3319/3319/3319 3320/3320/3320 3512/3512/3512
f 3319/3319/3319 3512/3512/3512 3511/3511/3511
f 3320/3320/3320 3321/3321/3321 3513/3513/3513
f 3320/3320/3320 3513/3513/3513 3512/3512/3512
f 3321/3321/3321 3322/3322/3322 3514/3514/3514
f 3321/3321/3321 3514/3514/3514 3513/3513/3513
f 3322/3322/3322 3323/3323/3323 3515/3515/3515
f 3322/3322/3322 3515/3515/3515 3514/3514/3514
f 3323/3323/3323 3324/3324/3324 3516/3516/3516
f 3323/3323/3323 3516/3516/3516 3515/3515/3515
f 3324/3324/3324 3325/3325/3325 3517/3517/3517
f 3324/3324/3324 3517/3517/3517 3516/3516/3516
f 3325/3325/3325 3326/3326/3326 3518/3518/3518
f 3325/3325/3325 3518/3518/3518 3517/3517/3517
f 3326/3326/3326 3327/3327/3327 3519/3519/3519
f 3326/3326/3326 3519/3519/3519 3518/3518/3518
f 3327/3327/3327 3328/3328/3328 3520/3520/3520
f 3327/3327/3327 3520/3520/3520 3519/3519/3519
f 3328/3328/3328 3329/3329/3329 3521/3521/3521
f 3328/3328/3328 3521/3521/3521 3520/3520/3520
f 3329/3329/3329 3330/3330/3330 3522/3522/3522
f 3329/3329/3329 3522/3522/3522 3521/3521/3521
f 3330/3330/3330 3331/3331/3331 3523/3523/3523
f 3330/3330/3330 3523/3523/3523 3522/3522/3522
f 3331/3331/3331 3332/3332/3332 3524/3524/3524
f 3331/3331/3331 3524/3524/3524 3523/3523/3523
f 3332/3332/3332 3333/3333/3333 3525/3525/3525
f 3332/3332/3332 3525/3525/3525 3524/3524/3524
f 3333/3333/3333 3334/3334/3334 3526/3526/3526
f 3333/3333/3333 3526/3526/3526 3525/3525/3525
f 3334/3334/3334 3335/3335/3335 3527/3527/3527
f 3334/3334/3334 3527/3527/3527 3526/3526/3526
f 3335/3335/3335 3336/3336/3336 3528/3528/3528
f 3335/3335/3335 3528/3528/3528 3527/3527/3527
f 3336/3336/3336 3337/3337/3337 3529/3529/3529
f 3336/3336/3336 3529/3529/3529 3528/3528/3528
f 3337/3337/3337 3338/3338/3338 3530/3530/3530
f 3337/3337/3337 3530/3530/3530 3529/3529/3529
f 3338/3338/3338 3339/3339/3339 3531/3531/3531
f 3338/3338/3338 3531/3531/3531 3530/3530/3530
f 3339/3339/3339 3340/3340/3340 3532/3532/3532
f 3339/3339/3339 3532/3532/3532 3531/3531/3531
f 3340/3340/3340 3341/3341/3341 3533/3533/3533
f 3340/3340/3340 3533/3533/3533 3532/3532/3532
f 3341/3341/3341 3342/3342/3342 3534/3534/3534
f 3341/3341/3341 3534/3534/3534 3533/3533/3533
f 3342/3342/3342 3343/3343/3343 3535/3535/3535
f 3342/3342/3342 3535/3535/3535 3534/3534/3534
f 3343/3343/3343 3344/3344/3344 3536/3536/3536
f 3343/3343/3343 3536/3536/3536 3535/3535/3535
f 3344/3344/3344 3345/3345/3345 3537/3537/3537
f 3344/3344/3344 3537/3537/3537 3536/3536/3536
f 3345/3345/3345 3346/3346/3346 3538/3538/3538
f 3345/3345/3345 3538/3538/3538 3537/3537/3537
f 3346/3346/3346 3347/3347/3347 3539/3539/3539
f 3346/3346/3346 3539/3539/3539 3538/3538/3538
f 3347/3347/3347 3348/3348/3348 3540/3540/3540
f 3347/3347/3347 3540/3540/3540 3539/3539/3539
f 3348/3348/3348 3349/3349/3349 3541/3541/3541
f 3348/3348/3348 3541/3541/3541 3540/3540/3540
f 3349/3349/3349 3350/3350/3350 3542/3542/3542
f 3349/3349/3349 3542/3542/3542 3541/3541/3541
f 3350/3350/3350 3351/3351/3351 3543/3543/3543
f 3350/3350/3350 3543/3543/3543 3542/3542/3542
f 3351/3351/3351 3352/3352/3352 3544/3544/3544
f 3351/3351/3351 3544/3544/3544 3543/3543/3543
f 3352/3352/3352 3353/3353/3353 3545/3545/3545
f 3352/3352/3352 3545/3545/3545 3544/3544/3544
f 3353/3353/3353 3354/3354/3354 3546/3546/3546
f 3353/3353/3353 3546/3546/3546 3545/3545/3545
f 3354/3354/3354 3355/3355/3355 3547/3547/3547
f 3354/3354/3354 3547/3547/3547 3546/3546/3546
f 3355/3355/3355 3356/3356/3356 3548/3548/3548
f 3355/3355/3355 3548/3548/3548 3547/3547/3547
f 3356/3356/3356 3357/3357/3357 3549/3549/3549
f 3356/3356/3356 3549/3549/3549 3548/3548/3548
f 3357/3357/3357 3358/3358/3358 3550/3550/3550
f 3357/3357/3357 3550/3550/3550 3549/3549/3549
f 3358/3358/3358 3359/3359/3359 3551/3551/3551
f 3358/3358/3358 3551/3551/3551 3550/3550/3550
f 3359/3359/3359 3360/3360/3360 3552/3552/3552
f 3359/3359/3359 3552/3552/3552 3551/3551/3551
f 3360/3360/3360 3361/3361/3361 3553/3553/3553
f 3360/3360/3360 3553/3553/3553 3552/3552/3552
f 3361/3361/3361 3362/3362/3362 3554/3554/3554
f 3361/3361/3361 3554/3554/3554 3553/3553/3553
f 3362/3362/3362 3363/3363/3363 3555/3555/3555
f 3362/3362/3362 3555/3555/3555 3554/3554/3554
f 3363/3363/3363 3364/3364/3364 3556/3556/3556
f 3363/3363/3363 3556/3556/3556 3555/3555/3555
f 3364/3364/3364 3365/3365/3365 3557/3557/3557
f 3364/3364/3364 3557/3557/3557 3556/3556/3556
f 3365/3365/3365 3366/3366/3366 3558/3558/3558
f 3365/3365/3365 3558/3558/3558 3557/3557/3557
f 3366/3366/3366 3367/3367/3367 3559/3559/3559
f 3366/3366/3366 3559/3559/3559 3558/3558/3558
f 3367/3367/3367 3368/3368/3368 3560/3560/3560
f 3367/3367/3367 3560/3560/3560 3559/3559/3559
f 3368/3368/3368 3369/3369/3369 3561/3561/3561
f 3368/3368/3368 3561/3561/3561 3560/3560/3560
f 3369/3369/3369 3370/3370/3370 3562/3562/3562
f 3369/3369/3369 3562/3562/3562 3561/3561/3561
f 3370/3370/3370 3371/3371/3371 3563/3563/3563
f 3370/3370/3370 3563/3563/3563 3562/3562/3562
f 3371/3371/3371 3372/3372/3372 3564/3564/3564
f 3371/3371/3371 3564/3564/3564 3563/3563/3563
f 3372/3372/3372 3373/3373/3373 3565/3565/3565
f 3372/3372/3372 3565/3565/3565 3564/3564/3564
f 3373/3373/3373 3374/3374/3374 3566/3566/3566
f 3373/3373/3373 3566/3566/3566 3565/3565/3565
f 3374/3374/3374 3375/3375/3375 3567/3567/3567
f 3374/3374/3374 3567/3567/3567 3566/3566/3566
f 3375/3375/3375 3376/3376/3376 3568/3568/3568
f 3375/3375/3375 3568/3568/3568 3567/3567/3567
f 3376/3376/3376 3377/3377/3377 3569/3569/3569
f 3376/3376/3376 3569/3569/3569 3568/3568/3568
f 3377/3377/3377 3378/3378/3378 3570/3570/3570
f 3377/3377/3377 3570/3570/3570 3569/3569/3569
f 3378/3378/3378 3379/3379/3379 3571/3571/3571
f 3378/3378/3378 3571/3571/3571 3570/3570/3570
f 3379/3379/3379 3380/3380/3380 3572/3572/3572
f 3379/3379/3379 3572/3572/3572 3571/3571/3571
f 3380/3380/3380 3381/3381/3381 3573/3573/3573
f 3380/3380/3380 3573/3573/3573 3572/3572/3572
f 3381/3381/3381 3382/3382/3382 3574/3574/3574
f 3381/3381/3381 3574/3574/3574 3573/3573/3573
f 3382/3382/3382 3383/3383/3383 3575/3575/3575
f 3382/3382/3382 3575/3575/3575 3574/3574/3574
f 3383/3383/3383 3384/3384/3384 3576/3576/3576
f 3383/3383/3383 3576/3576/3576 3575/3575/3575
f 3384/3384/3384 3385/3385/3385 3577/3577/3577
f 3384/3384/3384 3577/3577/3577 3576/3576/3576
f 3385/3385/3385 3386/3386/3386 3578/3578/3578
f 3385/3385/3385 3578/3578/3578 3577/3577/3577
f 3386/3386/3386 3387/3387/3387 3579/3579/3579
f 3386/3386/3386 3579/3579/3579 3578/3578/3578
f 3387/3387/3387 3388/3388/3388 3580/3580/3580
f 3387/3387/3387 3580/3580/3580 3579/3579/3579
f 3388/3388/3388 3389/3389/3389 3581/3581/3581
f 3388/3388/3388 3581/3581/3581 3580/3580/3580
f 3389/3389/3389 3390/3390/3390 3582/3582/3582
f 3389/3389/3389 3582/3582/3582 3581/3581/3581
f 3390/3390/3390 3391/3391/3391 3583/3583/3583
f 3390/3390/3390 3583/3583/3583 3582/3582/3582
f 3391/3391/3391 3392/3392/3392 3584/3584/3584
f 3391/3391/3391 3584/3584/3584 3583/3583/3583
f 3392/3392/3392 3393/3393/3393 3585/3585/3585
f 3392/3392/3392 3585/3585/3585 3584/3584/3584
f 3393/3393/3393 3394/3394/3394 3586/3586/3586
f 3393/3393/3393 3586/3586/3586 3585/3585/3585
f 3394/3394/3394 3395/3395/3395 3587/3587/3587
f 3394/3394/3394 3587/3587/3587 3586/3586/3586
f 3395/3395/3395 3396/3396/3396 3588/3588/3588
f 3395/3395/3395 3588/3588/3588 3587/3587/3587
f 3396/3396/3396 3397/3397/3397 3589/3589/3589
f 3396/3396/3396 3589/3589/3589 3588/3588/3588
f 3397/3397/3397 3398/3398/3398 3590/3590/3590
f 3397/3397/3397 3590/3590/3590 3589/3589/3589
f 3398/3398/3398 3399/3399/3399 3591/3591/3591
f 3398/3398/3398 3591/3591/3591 3590/3590/3590
f 3399/3399/3399 3400/3400/3400 3592/3592/3592
f 3399/3399/3399 3592/3592/3592 3591/3591/3591
f 3400/3400/3400 3401/3401/3401 3593/3593/3593
f 3400/3400/3400 3593/3593/3593 3592/3592/3592
f 3401/3401/3401 3402/3402/3402 3594/3594/3594
f 3401/3401/3401 3594/3594/3594 3593/3593/3593
f 3402/3402/3402 3403/3403/3403 3595/3595/3595
f 3402/3402/3402 3595/3595/3595 3594/3594/3594
f 3403/3403/3403 3404/3404/3404 3596/3596/3596
f 3403/3403/3403 3596/3596/3596 3595/3595/3595
f 3404/3404/3404 3405/3405/3405 3597/3597/3597
f 3404/3404/3404 3597/3597/3597 3596/3596/3596
f 3405/3405/3405 3406/3406/3406 3598/3598/3598
f 3405/3405/3405 3598/3598/3598 3597/3597/3597
f 3406/3406/3406 3407/3407/3407 3599/3599/3599
f 3406/3406/3406 3599/3599/3599 3598/3598/3598
f 3407/3407/3407 3408/3408/3408 3600/3600/3600
f 3407/3407/3407 3600/3600/3600 3599/3599/3599
f 3408/3408/3408 3409/3409/3409 3601/3601/3601
f 3408/3408/3408 3601/3601/3601 3600/3600/3600
f 3409/3409/3409 3410/3410/3410 3602/3602/3602
f 3409/3409/3409 3602/3602/3602 3601/3601/3601
f 3410/3410/3410 3411/3411/3411 3603/3603/3603
f 3410/3410/3410 3603/3603/3603 3602/3602/3602
f 3411/3411/3411 3412/3412/3412 3604/3604/3604
f 3411/3411/3411 3604/3604/3604 3603/3603/3603
f 3412/3412/3412 3413/3413/3413 3605/3605/3605
f 3412/3412/3412 3605/3605/3605 3604/3604/3604
f 3413/3413/3413 3414/3414/3414 3606/3606/3606
f 3413/3413/3413 3606/3606/3606 3605/3605/3605
f 3414/3414/3414 3415/3415/3415 3607/3607/3607
f 3414/3414/3414 3607/3607/3607 3606/3606/3606
f 3415/3415/3415 3416/3416/3416 3608/3608/3608
f 3415/3415/3415 3608/3608/3608 3607/3607/3607
f 3416/3416/3416 3417/3417/3417 3609/3609/3609
f 3416/3416/3416 3609/3609/3609 3608/3608/3608
f 3417/3417/3417 3418/3418/3418 3610/3610/3610
f 3417/3417/3417 3610/3610/3610 3609/3609/3609
f 3418/3418/3418 3419/3419/3419 3611/3611/3611
f 3418/3418/3418 3611/3611/3611 3610/3610/3610
f 3419/3419/3419 3420/3420/3420 3612/3612/3612
f 3419/3419/3419 3612/3612/3612 3611/3611/3611
f 3420/3420/3420 3421/3421/3421 3613/3613/3613
f 3420/3420/3420 3613/3613/3613 3612/3612/3612
f 3421/3421/3421 3422/3422/3422 3614/3614/3614
f 3421/3421/3421 3614/3614/3614 3613/3613/3613
f 3422/3422/3422 3423/3423/3423 3615/3615/3615
f 3422/3422/3422 3615/3615/3615 3614/3614/3614
f 3423/3423/3423 3424/3424/3424 3616/3616/3616
f 3423/3423/3423 3616/3616/3616 3615/3615/3615
f 3424/3424/3424 3425/3425/3425 3617/3617/3617
f 3424/3424/3424 3617/3617/3617 3616/3616/3616
f 3425/3425/3425 3426/3426/3426 3618/3618/3618
f 3425/3425/3425 3618/3618/3618 3617/3617/3617
f 3426/3426/3426 3427/3427/3427 3619/3619/3619
f 3426/3426/3426 3619/3619/3619 3618/3618/3618
f 3427/3427/3427 3428/3428/3428 3620/3620/3620
f 3427/3427/3427 3620/3620/3620 3619/3619/3619
f 3428/3428/3428 3429/3429/3429 3621/3621/3621
f 3428/3428/3428 3621/3621/3621 3620/3620/3620
f 3429/3429/3429 3430/3430/3430 3622/3622/3622
f 3429/3429/3429 3622/3622/3622 3621/3621/3621
f 3430/3430/3430 3431/3431/3431 3623/3623/3623
f 3430/3430/3430 3623/3623/3623 3622/3622/3622
f 3431/3431/3431 3432/3432/3432 3624/3624/3624
f 3431/3431/3431 3624/3624/3624 3623/3623/3623
f 3432/3432/3432 3433/3433/3433 3625/3625/3625
f 3432/3432/3432 3625/3625/3625 3624/3624/3624
f 3433/3433/3433 3434/3434/3434 3626/3626/3626
f 3433/3433/3433 3626/3626/3626 3625/3625/3625
f 3434/3434/3434 3435/3435/3435 3627/3627/3627
f 3434/3434/3434 3627/3627/3627 3626/3626/3626
f 3435/3435/3435 3436/3436/3436 3628/3628/3628
f 3435/3435/3435 3628/3628/3628 3627/3627/3627
f 3436/3436/3436 3437/3437/3437 3629/3629/3629
f 3436/3436/3436 3629/3629/3629 3628/3628/3628
f 3437/3437/3437 3438/3438/3438 3630/3630/3630
f 3437/3437/3437 3630/3630/3630 3629/3629/3629
f 3438/3438/3438 3439/3439/3439 3631/3631/3631
f 3438/3438/3438 3631/3631/3631 3630/3630/3630
f 3439/3439/3439 3440/3440/3440 3632/3632/3632
f 3439/3439/3439 3632/3632/3632 3631/3631/3631
f 3440/3440/3440 3441/3441/3441 3633/3633/3633
f 3440/3440/3440 3633/3633/3633 3632/3632/3632
f 3441/3441/3441 3442/3442/3442 3634/3634/3634
f 3441/3441/3441 3634/3634/3634 3633/3633/3633
f 3442/3442/3442 3443/3443/3443 3635/3635/3635
f 3442/3442/3442 3635/3635/3635 3634/3634/3634
f 3443/3443/3443 3444/3444/3444 3636/3636/3636
f 3443/3443/3443 3636/3636/3636 3635/3635/3635
f 3444/3444/3444 3445/3445/3445 3637/3637/3637
f 3444/3444/3444 3637/3637/3637 3636/3636/3636
f 3445/3445/3445 3446/3446/3446 3638/3638/3638
f 3445/3445/3445 3638/3638/3638 3637/3637/3637
f 3446/3446/3446 3447/3447/3447 3639/3639/3639
f 3446/3446/3446 3639/3639/3639 3638/3638/3638
f 3447/3447/3447 3448/3448/3448 3640/3640/3640
f 3447/3447/3447 3640/3640/3640 3639/3639/3639
f 3448/3448/3448 3449/3449/3449 3641/3641/3641
f 3448/3448/3448 3641/3641/3641 3640/3640/3640
f 3449/3449/3449 3450/3450/3450 3642/3642/3642
f 3449/3449/3449 3642/3642/3642 3641/3641/3641
f 3450/3450/3450 3451/3451/3451 3643/3643/3643
f 3450/3450/3450 3643/3643/3643 3642/3642/3642
f 3451/3451/3451 3452/3452/3452 3644/3644/3644
f 3451/3451/3451 3644/3644/3644 3643/3643/3643
f 3452/3452/3452 3453/3453/3453 3645/3645/3645
f 3452/3452/3452 3645/3645/3645 3644/3644/3644
f 3453/3453/3453 3454/3454/3454 3646/3646/3646
f 3453/3453/3453 3646/3646/3646 3645/3645/3645
f 3454/3454/3454 3455/3455/3455 3647/3647/3647
f 3454/3454/3454 3647/3647/3647 3646/3646/3646
f 3455/3455/3455 3456/3456/3456 3648/3648/3648
f 3455/3455/3455 3648/3648/3648 3647/3647/3647
f 3456/3456/3456 3457/3457/3457 3649/3649/3649
f 3456/3456/3456 3649/3649/3649 3648/3648/3648
f 3457/3457/3457 3266/3266/3266 3458/3458/3458
f 3457/3457/3457 3458/3458/3458 3649/3649/3649
f 3458/3458/3458 3459/3459/3459 3651/3651/3651
f 3458/3458/3458 3651/3651/3651 3650/3650/3650
f 3459/3459/3459 3460/3460/3460 3652/3652/3652
f 3459/3459/3459 3652/3652/3652 3651/3651/3651
f 3460/3460/3460 3461/3461/3461 3653/3653/3653
f 3460/3460/3460 3653/3653/3653 3652/3652/3652
f 3461/3461/3461 3462/3462/3462 3654/3654/3654
f 3461/3461/3461 3654/3654/3654 3653/3653/3653
f 3462/3462/3462 3463/3463/3463 3655/3655/3655
f 3462/3462/3462 3655/3655/3655 3654/3654/3654
f 3463/3463/3463 3464/3464/3464 3656/3656/3656
f 3463/3463/3463 3656/3656/3656 3655/3655/3655
f 3464/3464/3464 3465/3465/3465 3657/3657/3657
f 3464/3464/3464 3657/3657/3657 3656/3656/3656
f 3465/3465/3465 3466/3466/3466 3658/3658/3658
f 3465/3465/3465 3658/3658/3658 3657/3657/3657
f 3466/3466/3466 3467/3467/3467 3659/3659/3659
f 3466/3466/3466 3659/3659/3659 3658/3658/3658
f 3467/3467/3467 3468/3468/3468 3660/3660/3660
f 3467/3467/3467 3660/3660/3660 3659/3659/3659
f 3468/3468/3468 3469/3469/3469 3661/3661/3661
f 3468/3468/3468 3661/3661/3661 3660/3660/3660
f 3469/3469/3469 3470/3470/3470 3662/3662/3662
f 3469/3469/3469 3662/3662/3662 3661/3661/3661
f 3470/3470/3470 3471/3471/3471 3663/3663/3663
f 3470/3470/3470 3663/3663/3663 3662/3662/3662
f 3471/3471/3471 3472/3472/3472 3664/3664/3664
f 3471/3471/3471 3664/3664/3664 3663/3663/3663
f 3472/3472/3472 3473/3473/3473 3665/3665/3665
f 3472/3472/3472 3665/3665/3665 3664/3664/3664
f 3473/3473/3473 3474/3474/3474 3666/3666/3666
f 3473/3473/3473 3666/3666/3666 3665/3665/3665
f 3474/3474/3474 3475/3475/3475 3667/3667/3667
f 3474/3474/3474 3667/3667/3667 3666/3666/3666
f 3475/3475/3475 3476/3476/3476 3668/3668/3668
f 3475/3475/3475 3668/3668/3668 3667/3667/3667
f 3476/3476/3476 3477/3477/3477 3669/3669/3669
f 3476/3476/3476 3669/3669/3669 3668/3668/3668
f 3477/3477/3477 3478/3478/3478 3670/3670/3670
f 3477/3477/3477 3670/3670/3670 3669/3669/3669
f 3478/3478/3478 3479/3479/3479 3671/3671/3671
f 3478/3478/3478 3671/3671/3671 3670/3670/3670
f 3479/3479/3479 3480/3480/3480 3672/3672/3672
f 3479/3479/3479 3672/3672/3672 3671/3671/3671
f 3480/3480/3480 3481/3481/3481 3673/3673/3673
f 3480/3480/3480 3673/3673/3673 3672/3672/3672
f 3481/3481/3481 3482/3482/3482 3674/3674/3674
f 3481/3481/3481 3674/3674/3674 3673/3673/3673
f 3482/3482/3482 3483/3483/3483 3675/3675/3675
f 3482/3482/3482 3675/3675/3675 3674/3674/3674
f 3483/3483/3483 3484/3484/3484 3676/3676/3676
f 3483/3483/3483 3676/3676/3676 3675/3675/3675
f 3484/3484/3484 3485/3485/3485 3677/3677/3677
f 3484/3484/3484 3677/3677/3677 3676/3676/3676
f 3485/3485/3485 3486/3486/3486 3678/3678/3678
f 3485/3485/3485 3678/3678/3678 3677/3677/3677
f 3486/3486/3486 3487/3487/3487 3679/3679/3679
f 3486/3486/3486 3679/3679/3679 3678/3678/3678
f 3487/3487/3487 3488/3488/3488 3680/3680/3680
f 3487/3487/3487 3680/3680/3680 3679/3679/3679
f 3488/3488/3488 3489/3489/3489 3681/3681/3681
f 3488/3488/3488 3681/3681/3681 3680/3680/3680
f 3489/3489/3489 3490/3490/3490 3682/3682/3682
f 3489/3489/3489 3682/3682/3682 3681/3681/3681
f 3490/3490/3490 3491/3491/3491 3683/3683/3683
f 3490/3490/3490 3683/3683/3683 3682/3682/3682
f 3491/3491/3491 3492/3492/3492 3684/3684/3684
f 3491/3491/3491 3684/3684/3684 3683/3683/3683
f 3492/3492/3492 3493/3493/3493 3685/3685/3685
f 3492/3492/3492 3685/3685/3685 3684/3684/3684
f 3493/3493/3493 3494/3494/3494 3686/3686/3686
f 3493/3493/3493 3686/3686/3686 3685/3685/3685
f 3494/3494/3494 3495/3495/3495 3687/3687/3687
f 3494/3494/3494 3687/3687/3687 3686/3686/3686
f 3495/3495/3495 3496/3496/3496 3688/3688/3688
f 3495/3495/3495 3688/3688/3688 3687/3687/3687
f 3496/3496/3496 3497/3497/3497 3689/3689/3689
f 3496/3496/3496 3689/3689/3689 3688/3688/3688
f 3497/3497/3497 3498/3498/3498 3690/3690/3690
f 3497/3497/3497 3690/3690/3690 3689/3689/3689
f 3498/3498/3498 3499/3499/3499 3691/3691/3691
f 3498/3498/3498 3691/3691/3691 3690/3690/3690
f 3499/3499/3499 3500/3500/3500 3692/3692/3692
f 3499/3499/3499 3692/3692/3692 3691/3691/3691
f 3500/3500/3500 3501/3501/3501 3693/3693/3693
f 3500/3500/3500 3693/3693/3693 3692/3692/3692
f 3501/3501/3501 3502/3502/3502 3694/3694/3694
f 3501/3501/3501 3694/3694/3694 3693/3693/3693
f 3502/3502/3502 3503/3503/3503 3695/3695/3695
f 3502/3502/3502 3695/3695/3695 3694/3694/3694
f 3503/3503/3503 3504/3504/3504 3696/3696/3696
f 3503/3503/3503 3696/3696/3696 3695/3695/3695
f 3504/3504/3504 3505/3505/3505 3697/3697/3697
f 3504/3504/3504 3697/3697/3697 3696/3696/3696
f 3505/3505/3505 3506/3506/3506 3698/3698/3698
f 3505/3505/3505 3698/3698/3698 3697/3697/3697
f 3506/3506/3506 3507/3507/3507 3699/3699/3699
f 3506/3506/3506 3699/3699/3699 3698/3698/3698
f 3507/3507/3507 3508/3508/3508 3700/3700/3700
f 3507/3507/3507 3700/3700/3700 3699/3699/3699
f 3508/3508/3508 3509/3509/3509 3701/3701/3701
f 3508/3508/3508 3701/3701/3701 3700/3700/3700
f 3509/3509/3509 3510/3510/3510 3702/3702/3702
f 3509/3509/3509 3702/3702/3702 3701/3701/3701
f 3510/3510/3510 3511/3511/3511 3703/3703/3703
f 3510/3510/3510 3703/3703/3703 3702/3702/3702
f 3511/3511/3511 3512/3512/3512 3704/3704/3704
f 3511/3511/3511 3704/3704/3704 3703/3703/3703
f 3512/3512/3512 3513/3513/3513 3705/3705/3705
f 3512/3512/3512 3705/3705/3705 3704/3704/3704
f 3513/3513/3513 3514/3514/3514 3706/3706/3706
f 3513/3513/3513 3706/3706/3706 3705/3705/3705
f 3514/3514/3514 3515/3515/3515 3707/3707/3707
f 3514/3514/3514 3707/3707/3707 3706/3706/3706
f 3515/3515/3515 3516/3516/3516 3708/3708/3708
f 3515/3515/3515 3708/3708/3708 3707/3707/3707
f 3516/3516/3516 3517/3517/3517 3709/3709/3709
f 3516/3516/3516 3709/3709/3709 3708/3708/3708
f 3517/3517/3517 3518/3518/3518 3710/3710/3710
f 3517/3517/3517 3710/3710/3710 3709/3709/3709
f 3518/3518/3518 3519/3519/3519 3711/3711/3711
f 3518/3518/3518 3711/3711/3711 3710/3710/3710
f 3519/3519/3519 3520/3520/3520 3712/3712/3712
f 3519/3519/3519 3712/3712/3712 3711/3711/3711
f 3520/3520/3520 3521/3521/3521 3713/3713/3713
f 3520/3520/3520 3713/3713/3713 3712/3712/3712
f 3521/3521/3521 3522/3522/3522 3714/3714/3714
f 3521/3521/3521 3714/3714/3714 3713/3713/3713
f 3522/3522/3522 3523/3523/3523 3715/3715/3715
f 3522/3522/3522 3715/3715/3715 3714/3714/3714
f 3523/3523/3523 3524/3524/3524 3716/3716/3716
f 3523/3523/3523 3716/3716/3716 3715/3715/3715
f 3524/3524/3524 3525/3525/3525 3717/3717/3717
f 3524/3524/3524 3717/3717/3717 3716/3716/3716
f 3525/3525/3525 3526/3526/3526 3718/3718/3718
f 3525/3525/3525 3718/3718/3718 3717/3717/3717
f 3526/3526/3526 3527/3527/3527 3719/3719/3719
f 3526/3526/3526 3719/3719/3719 3718/3718/3718
f 3527/3527/3527 3528/3528/3528 3720/3720/3720
f 3527/3527/3527 3720/3720/3720 3719/3719/3719
f 3528/3528/3528 3529/3529/3529 3721/3721/3721
f 3528/3528/3528 3721/3721/3721 3720/3720/3720
f 3529/3529/3529 3530/3530/3530 3722/3722/3722
f 3529/3529/3529 3722/3722/3722 3721/3721/3721
f 3530/3530/3530 3531/3531/3531 3723/3723/3723
f 3530/3530/3530 3723/3723/3723 3722/3722/3722
f 3531/3531/3531 3532/3532/3532 3724/3724/3724
f 3531/3531/3531 3724/3724/3724 3723/3723/3723
f 3532/3532/3532 3533/3533/3533 3725/3725/3725
f 3532/3532/3532 3725/3725/3725 3724/3724/3724
f 3533/3533/3533 3534/3534/3534 3726/3726/3726
f 3533/3533/3533 3726/3726/3726 3725/3725/3725
f 3534/3534/3534 3535/3535/3535 3727/3727/3727
f 3534/3534/3534 3727/3727/3727 3726/3726/3726
f 3535/3535/3535 3536/3536/3536 3728/3728/3728
f 3535/3535/3535 3728/3728/3728 3727/3727/3727
f 3536/3536/3536 3537/3537/3537 3729/3729/3729
f 3536/3536/3536 3729/3729/3729 3728/3728/3728
f 3537/3537/3537 3538/3538/3538 3730/3730/3730
f 3537/3537/3537 3730/3730/3730 3729/3729/3729
f 3538/3538/3538 3539/3539/3539 3731/3731/3731
f 3538/3538/3538 3731/3731/3731 3730/3730/3730
f 3539/3539/3539 3540/3540/3540 3732/3732/3732
f 3539/3539/3539 3732/3732/3732 3731/3731/3731
f 3540/3540/3540 3541/3541/3541 3733/3733/3733
f 3540/3540/3540 3733/3733/3733 3732/3732/3732
f 3541/3541/3541 3542/3542/3542 3734/3734/3734
f 3541/3541/3541 3734/3734/3734 3733/3733/3733
f 3542/3542/3542 3543/3543/3543 3735/3735/3735
f 3542/3542/3542 3735/3735/3735 3734/3734/3734
f 3543/3543/3543 3544/3544/3544 3736/3736/3736
f 3543/3543/3543 3736/3736/3736 3735/3735/3735
f 3544/3544/3544 3545/3545/3545 3737/3737/3737
f 3544/3544/3544 3737/3737/3737 3736/3736/3736
f 3545/3545/3545 3546/3546/3546 3738/3738/3738
f 3545/3545/3545 3738/3738/3738 3737/3737/3737
f 3546/3546/3546 3547/3547/3547 3739/3739/3739
f 3546/3546/3546 3739/3739/3739 3738/3738/3738
f 3547/3547/3547 3548/3548/3548 3740/3740/3740
f 3547/3547/3547 3740/3740/3740 3739/3739/3739
f 3548/3548/3548 3549/3549/3549 3741/3741/3741
f 3548/3548/3548 3741/3741/3741 3740/3740/3740
f 3549/3549/3549 3550/3550/3550 3742/3742/3742
f 3549/3549/3549 3742/3742/3742 3741/3741/3741
f 3550/3550/3550 3551/3551/3551 3743/3743/3743
f 3550/3550/3550 3743/3743/3743 3742/3742/3742
f 3551/3551/3551 3552/3552/3552 3744/3744/3744
f 3551/3551/3551 3744/3744/3744 3743/3743/3743
f 3552/3552/3552 3553/3553/3553 3745/3745/3745
f 3552/3552/3552 3745/3745/3745 3744/3744/3744
f 3553/3553/3553 3554/3554/3554 3746/3746/3746
f 3553/3553/3553 3746/3746/3746 3745/3745/3745
f 3554/3554/3554 3555/3555/3555 3747/3747/3747
f 3554/3554/3554 3747/3747/3747 3746/3746/3746
f 3555/3555/3555 3556/3556/3556 3748/3748/3748
f 3555/3555/3555 3748/3748/3748 3747/3747/3747
f 3556/3556/3556 3557/3557/3557 3749/3749/3749
f 3556/3556/3556 3749/3749/3749 3748/3748/3748
f 3557/3557/3557 3558/3558/3558 3750/3750/3750
f 3557/3557/3557 3750/3750/3750 3749/3749/3749
f 3558/3558/3558 3559/3559/3559 3751/3751/3751
f 3558/3558/3558 3751/3751/3751 3750/3750/3750
f 3559/3559/3559 3560/3560/3560 3752/3752/3752
f 3559/3559/3559 3752/3752/3752 3751/3751/3751
f 3560/3560/3560 3561/3561/3561 3753/3753/3753
f 3560/3560/3560 3753/3753/3753 3752/3752/3752
f 3561/3561/3561 3562/3562/3562 3754/3754/3754
f 3561/3561/3561 3754/3754/3754 3753/3753/3753
f 3562/3562/3562 3563/3563/3563 3755/3755/3755
f 3562/3562/3562 3755/3755/3755 3754/3754/3754
f 3563/3563/3563 3564/3564/3564 3756/3756/3756
f 3563/3563/3563 3756/3756/3756 3755/3755/3755
f 3564/3564/3564 3565/3565/3565 3757/3757/3757
f 3564/3564/3564 3757/3757/3757 3756/3756/3756
f 3565/3565/3565 3566/3566/3566 3758/3758/3758
f 3565/3565/3565 3758/3758/3758 3757/3757/3757
f 3566/3566/3566 3567/3567/3567 3759/3759/3759
f 3566/3566/3566 3759/3759/3759 3758/3758/3758
f 3567/3567/3567 3568/3568/3568 3760/3760/3760
f 3567/3567/3567 3760/3760/3760 3759/3759/3759
f 3568/3568/3568 3569/3569/3569 3761/3761/3761
f 3568/3568/3568 3761/3761/3761 3760/3760/3760
f 3569/3569/3569 3570/3570/3570 3762/3762/3762
f 3569/3569/3569 3762/3762/3762 3761/3761/3761
f 3570/3570/3570 3571/3571/3571 3763/3763/3763
f 3570/3570/3570 3763/3763/3763 3762/3762/3762
f 3571/3571/3571 3572/3572/3572 3764/3764/3764
f 3571/3571/3571 3764/3764/3764 3763/3763/3763
f 3572/3572/3572 3573/3573/3573 3765/3765/3765
f 3572/3572/3572 3765/3765/3765 3764/3764/3764
f 3573/3573/3573 3574/3574/3574 3766/3766/3766
f 3573/3573/3573 3766/3766/3766 3765/3765/3765
f 3574/3574/3574 3575/3575/3575 3767/3767/3767
f 3574/3574/3574 3767/3767/3767 3766/3766/3766
f 3575/3575/3575 3576/3576/3576 3768/3768/3768
f 3575/3575/3575 3768/3768/3768 3767/3767/3767
f 3576/3576/3576 3577/3577/3577 3769/3769/3769
f 3576/3576/3576 3769/3769/3769 3768/3768/3768
f 3577/3577/3577 3578/3578/3578 3770/3770/3770
f 3577/3577/3577 3770/3770/3770 3769/3769/3769
f 3578/3578/3578 3579/3579/3579 3771/3771/3771
f 3578/3578/3578 3771/3771/3771 3770/3770/3770
f 3579/3579/3579 3580/3580/3580 3772/3772/3772
f 3579/3579/3579 3772/3772/3772 3771/3771/3771
f 3580/3580/3580 3581/3581/3581 3773/3773/3773
f 3580/3580/3580 3773/3773/3773 3772/3772/3772
f 3581/3581/3581 3582/3582/3582 3774/3774/3774
f 3581/3581/3581 3774/3774/3774 3773/3773/3773
f 3582/3582/3582 3583/3583/3583 3775/3775/3775
f 3582/3582/3582 3775/3775/3775 3774/3774/3774
f 3583/3583/3583 3584/3584/3584 3776/3776/3776
f 3583/3583/3583 3776/3776/3776 3775/3775/3775
f 3584/3584/3584 3585/3585/3585 3777/3777/3777
f 3584/3584/3584 3777/3777/3777 3776/3776/3776
f 3585/3585/3585 3586/3586/3586 3778/3778/3778
f 3585/3585/3585 3778/3778/3778 3777/3777/3777
f 3586/3586/3586 3587/3587/3587 3779/3779/3779
f 3586/3586/3586 3779/3779/3779 3778/3778/3778
f 3587/3587/3587 3588/3588/3588 3780/3780/3780
f 3587/3587/3587 3780/3780/3780 3779/3779/3779
f 3588/3588/3588 3589/3589/3589 3781/3781/3781
f 3588/3588/3588 3781/3781/3781 3780/3780/3780
f 3589/3589/3589 3590/3590/3590 3782/3782/3782
f 3589/3589/3589 3782/3782/3782 3781/3781/3781
f 3590/3590/3590 3591/3591/3591 3783/3783/3783
f 3590/3590/3590 3783/3783/3783 3782/3782/3782
f 3591/3591/3591 3592/3592/3592 3784/3784/3784
f 3591/3591/3591 3784/3784/3784 3783/3783/3783
f 3592/3592/3592 3593/3593/3593 3785/3785/3785
f 3592/3592/3592 3785/3785/3785 3784/3784/3784
f 3593/3593/3593 3594/3594/3594 3786/3786/3786
f 3593/3593/3593 3786/3786/3786 3785/3785/3785
f 3594/3594/3594 3595/3595/3595 3787/3787/3787
f 3594/3594/3594 3787/3787/3787 3786/3786/3786
f 3595/3595/3595 3596/3596/3596 3788/3788/3788
f 3595/3595/3595 3788/3788/3788 3787/3787/3787
f 3596/3596/3596 3597/3597/3597 3789/3789/3789
f 3596/3596/3596 3789/3789/3789 3788/3788/3788
f 3597/3597/3597 3598/3598/3598 3790/3790/3790
f 3597/3597/3597 3790/3790/3790 3789/3789/3789
f 3598/3598/3598 3599/3599/3599 3791/3791/3791
f 3598/3598/3598 3791/3791/3791 3790/3790/3790
f 3599/3599/3599 3600/3600/3600 3792/3792/3792
f 3599/3599/3599 3792/3792/3792 3791/3791/3791
f 3600/3600/3600 3601/3601/3601 3793/3793/3793
f 3600/3600/3600 3793/3793/3793 3792/3792/3792
f 3601/3601/3601 3602/3602/3602 3794/3794/3794
f 3601/3601/3601 3794/3794/3794 3793/3793/3793
f 3602/3602/3602 3603/3603/3603 3795/3795/3795
f 3602/3602/3602 3795/3795/3795 3794/3794/3794
f 3603/3603/3603 3604/3604/3604 3796/3796/3796
f 3603/3603/3603 3796/3796/3796 3795/3795/3795
f 3604/3604/3604 3605/3605/3605 3797/3797/3797
f 3604/3604/3604 3797/3797/3797 3796/3796/3796
f 3605/3605/3605 3606/3606/3606 3798/3798/3798
f 3605/3605/3605 3798/3798/3798 3797/3797/3797
f 3606/3606/3606 3607/3607/3607 3799/3799/3799
f 3606/3606/3606 3799/3799/3799 3798/3798/3798
f 3607/3607/3607 3608/3608/3608 3800/3800/3800
f 3607/3607/3607 3800/3800/3800 3799/3799/3799
f 3608/3608/3608 3609/3609/3609 3801/3801/3801
f 3608/3608/3608 3801/3801/3801 3800/3800/3800
f 3609/3609/3609 3610/3610/3610 3802/3802/3802
f 3609/3609/3609 3802/3802/3802 3801/3801/3801
f 3610/3610/3610 3611/3611/3611 3803/3803/3803
f 3610/3610/3610 3803/3803/3803 3802/3802/3802
f 3611/3611/3611 3612/3612/3612 3804/3804/3804
f 3611/3611/3611 3804/3804/3804 3803/3803/3803
f 3612/3612/3612 3613/3613/3613 3805/3805/3805
f 3612/3612/3612 3805/3805/3805 3804/3804/3804
f 3613/3613/3613 3614/3614/3614 3806/3806/3806
f 3613/3613/3613 3806/3806/3806 3805/3805/3805
f 3614/3614/3614 3615/3615/3615 3807/3807/3807
f 3614/3614/3614 3807/3807/3807 3806/3806/3806
f 3615/3615/3615 3616/3616/3616 3808/3808/3808
f 3615/3615/3615 3808/3808/3808 3807/3807/3807
f 3616/3616/3616 3617/3617/3617 3809/3809/3809
f 3616/3616/3616 3809/3809/3809 3808/3808/3808
f 3617/3617/3617 3618/3618/3618 3810/3810/3810
f 3617/3617/3617 3810/3810/3810 3809/3809/3809
f 3618/3618/3618 3619/3619/3619 3811/3811/3811
f 3618/3618/3618 3811/3811/3811 3810/3810/3810
f 3619/3619/3619 3620/3620/3620 3812/3812/3812
f 3619/3619/3619 3812/3812/3812 3811/3811/3811
f 3620/3620/3620 3621/3621/3621 3813/3813/3813
f 3620/3620/3620 3813/3813/3813 3812/3812/3812
f 3621/3621/3621 3622/3622/3622 3814/3814/3814
f 3621/3621/3621 3814/3814/3814 3813/3813/3813
f 3622/3622/3622 3623/3623/3623 3815/3815/3815
f 3622/3622/3622 3815/3815/3815 3814/3814/3814
f 3623/3623/3623 3624/3624/3624 3816/3816/3816
f 3623/3623/3623 3816/3816/3816 3815/3815/3815
f 3624/3624/3624 3625/3625/3625 3817/3817/3817
f 3624/3624/3624 3817/3817/3817 3816/3816/3816
f 3625/3625/3625 3626/3626/3626 3818/3818/3818
f 3625/3625/3625 3818/3818/3818 3817/3817/3817
f 3626/3626/3626 3627/3627/3627 3819/3819/3819
f 3626/3626/3626 3819/3819/3819 3818/3818/3818
f 3627/3627/3627 3628/3628/3628 3820/3820/3820
f 3627/3627/3627 3820/3820/3820 3819/3819/3819
f 3628/3628/3628 3629/3629/3629 3821/3821/3821
f 3628/3628/3628 3821/3821/3821 3820/3820/3820
f 3629/3629/3629 3630/3630/3630 3822/3822/3822
f 3629/3629/3629 3822/3822/3822 3821/3821/3821
f 3630/3630/3630 3631/3631/3631 3823/3823/3823
f 3630/3630/3630 3823/3823/3823 3822/3822/3822
f 3631/3631/3631 3632/3632/3632 3824/3824/3824
f 3631/3631/3631 3824/3824/3824 3823/3823/3823
f 3632/3632/3632 3633/3633/3633 3825/3825/3825
f 3632/3632/3632 3825/3825/3825 3824/3824/3824
f 3633/3633/3633 3634/3634/3634 3826/3826/3826
f 3633/3633/3633 3826/3826/3826 3825/3825/3825
f 3634/3634/3634 3635/3635/3635 3827/3827/3827
f 3634/3634/3634 3827/3827/3827 3826/3826/3826
f 3635/3635/3635 3636/3636/3636 3828/3828/3828
f 3635/3635/3635 3828/3828/3828 3827/3827/3827
f 3636/3636/3636 3637/3637/3637 3829/3829/3829
f 3636/3636/3636 3829/3829/3829 3828/3828/3828
f 3637/3637/3637 3638/3638/3638 3830/3830/3830
f 3637/3637/3637 3830/3830/3830 3829/3829/3829
f 3638/3638/3638 3639/3639/3639 3831/3831/3831
f 3638/3638/3638 3831/3831/3831 3830/3830/3830
f 3639/3639/3639 3640/3640/3640 3832/3832/3832
f 3639/3639/3639 3832/3832/3832 3831/3831/3831
f 3640/3640/3640 3641/3641/3641 3833/3833/3833
f 3640/3640/3640 3833/3833/3833 3832/3832/3832
f 3641/3641/3641 3642/3642/3642 3834/3834/3834
f 3641/3641/3641 3834/3834/3834 3833/3833/3833
f 3642/3642/3642 3643/3643/3643 3835/3835/3835
f 3642/3642/3642 3835/3835/3835 3834/3834/3834
f 3643/3643/3643 3644/3644/3644 3836/3836/3836
f 3643/3643/3643 3836/3836/3836 3835/3835/3835
f 3644/3644/3644 3645/3645/3645 3837/3837/3837
f 3644/3644/3644 3837/3837/3837 3836/3836/3836
f 3645/3645/3645 3646/3646/3646 3838/3838/3838
f 3645/3645/3645 3838/3838/3838 3837/3837/3837
f 3646/3646/3646 3647/3647/3647 3839/3839/3839
f 3646/3646/3646 3839/3839/3839 3838/3838/3838
f 3647/3647/3647 3648/3648/3648 3840/3840/3840
f 3647/3647/3647 3840/3840/3840 3839/3839/3839
f 3648/3648/3648 3649/3649/3649 3841/3841/3841
f 3648/3648/3648 3841/3841/3841 3840/3840/3840
f 3649/3649/3649 3458/3458/3458 3650/3650/3650
f 3649/3649/3649 3650/3650/3650 3841/3841/3841
f 3650/3650/3650 3651/3651/3651 3843/3843/3843
f 3650/3650/3650 3843/3843/3843 3842/3842/3842
f 4034/4034/4034 3842/3842/3842 3843/3843/3843
f 3651/3651/3651 3652/3652/3652 3844/3844/3844
f 3651/3651/3651 3844/3844/3844 3843/3843/3843
f 4034/4034/4034 3843/3843/3843 3844/3844/3844
f 3652/3652/3652 3653/3653/3653 3845/3845/3845
f 3652/3652/3652 3845/3845/3845 3844/3844/3844
f 4034/4034/4034 3844/3844/3844 3845/3845/3845
f 3653/3653/3653 3654/3654/3654 3846/3846/3846
f 3653/3653/3653 3846/3846/3846 3845/3845/3845
f 4034/4034/4034 3845/3845/3845 3846/3846/3846
f 3654/3654/3654 3655/3655/3655 3847/3847/3847
f 3654/3654/3654 3847/3847/3847 3846/3846/3846
f 4034/4034/4034 3846/3846/3846 3847/3847/3847
f 3655/3655/3655 3656/3656/3656 3848/3848/3848
f 3655/3655/3655 3848/3848/3848 3847/3847/3847
f 4034/4034/4034 3847/3847/3847 3848/3848/3848
f 3656/3656/3656 3657/3657/3657 3849/3849/3849
f 3656/3656/3656 3849/3849/3849 3848/3848/3848
f 4034/4034/4034 3848/3848/3848 3849/3849/3849
f 3657/3657/3657 3658/3658/3658 3850/3850/3850
f 3657/3657/3657 3850/3850/3850 3849/3849/3849
f 4034/4034/4034 3849/3849/3849 3850/3850/3850
f 3658/3658/3658 3659/3659/3659 3851/3851/3851
f 3658/3658/3658 3851/3851/3851 3850/3850/3850
f 4034/4034/4034 3850/3850/3850 3851/3851/3851
f 3659/3659/3659 3660/3660/3660 3852/3852/3852
f 3659/3659/3659 3852/3852/3852 3851/3851/3851
f 4034/4034/4034 3851/3851/3851 3852/3852/3852
f 3660/3660/3660 3661/3661/3661 3853/3853/3853
f 3660/3660/3660 3853/3853/3853 3852/3852/3852
f 4034/4034/4034 3852/3852/3852 3853/3853/3853
f 3661/3661/3661 3662/3662/3662 3854/3854/3854
f 3661/3661/3661 3854/3854/3854 3853/3853/3853
f 4034/4034/4034 3853/3853/3853 3854/3854/3854
f 3662/3662/3662 3663/3663/3663 3855/3855/3855
f 3662/3662/3662 3855/3855/3855 3854/3854/3854
f 4034/4034/4034 3854/3854/3854 3855/3855/3855
f 3663/3663/3663 3664/3664/3664 3856/3856/3856
f 3663/3663/3663 3856/3856/3856 3855/3855/3855
f 4034/4034/4034 3855/3855/3855 3856/3856/3856
f 3664/3664/3664 3665/3665/3665 3857/3857/3857
f 3664/3664/3664 3857/3857/3857 3856/3856/3856
f 4034/4034/4034 3856/3856/3856 3857/3857/3857
f 3665/3665/3665 3666/3666/3666 3858/3858/3858
f 3665/3665/3665 3858/3858/3858 3857/3857/3857
f 4034/4034/4034 3857/3857/3857 3858/3858/3858
f 3666/3666/3666 3667/3667/3667 3859/3859/3859
f 3666/3666/3666 3859/3859/3859 3858/3858/3858
f 4034/4034/4034 3858/3858/3858 3859/3859/3859
f 3667/3667/3667 3668/3668/3668 3860/3860/3860
f 3667/3667/3667 3860/3860/3860 3859/3859/3859
f 4034/4034/4034 3859/3859/3859 3860/3860/3860
f 3668/3668/3668 3669/3669/3669 3861/3861/3861
f 3668/3668/3668 3861/3861/3861 3860/3860/3860
f 4034/4034/4034 3860/3860/3860 3861/3861/3861
f 3669/3669/3669 3670/3670/3670 3862/3862/3862
f 3669/3669/3669 3862/3862/3862 3861/3861/3861
f 4034/4034/4034 3861/3861/3861 3862/3862/3862
f 3670/3670/3670 3671/3671/3671 3863/3863/3863
f 3670/3670/3670 3863/3863/3863 3862/3862/3862
f 4034/4034/4034 3862/3862/3862 3863/3863/3863
f 3671/3671/3671 3672/3672/3672 3864/3864/3864
f 3671/3671/3671 3864/3864/3864 3863/3863/3863
f 4034/4034/4034 3863/3863/3863 3864/3864/3864
f 3672/3672/3672 3673/3673/3673 3865/3865/3865
f 3672/3672/3672 3865/3865/3865 3864/3864/3864
f 4034/4034/4034 3864/3864/3864 3865/3865/3865
f 3673/3673/3673 3674/3674/3674 3866/3866/3866
f 3673/3673/3673 3866/3866/3866 3865/3865/3865
f 4034/4034/4034 3865/3865/3865 3866/3866/3866
f 3674/3674/3674 3675/3675/3675 3867/3867/3867
f 3674/3674/3674 3867/3867/3867 3866/3866/3866
f 4034/4034/4034 3866/3866/3866 3867/3867/3867
f 3675/3675/3675 3676/3676/3676 3868/3868/3868
f 3675/3675/3675 3868/3868/3868 3867/3867/3867
f 4034/4034/4034 3867/3867/3867 3868/3868/3868
f 3676/3676/3676 3677/3677/3677 3869/3869/3869
f 3676/3676/3676 3869/3869/3869 3868/3868/3868
f 4034/4034/4034 3868/3868/3868 3869/3869/3869
f 3677/3677/3677 3678/3678/3678 3870/3870/3870
f 3677/3677/3677 3870/3870/3870 3869/3869/3869
f 4034/4034/4034 3869/3869/3869 3870/3870/3870
f 3678/3678/3678 3679/3679/3679 3871/3871/3871
f 3678/3678/3678 3871/3871/3871 3870/3870/3870
f 4034/4034/4034 3870/3870/3870 3871/3871/3871
f 3679/3679/3679 3680/3680/3680 3872/3872/3872
f 3679/3679/3679 3872/3872/3872 3871/3871/3871
f 4034/4034/4034 3871/3871/3871 3872/3872/3872
f 3680/3680/3680 3681/3681/3681 3873/3873/3873
f 3680/3680/3680 3873/3873/3873 3872/3872/3872
f 4034/4034/4034 3872/3872/3872 3873/3873/3873
f 3681/3681/3681 3682/3682/3682 3874/3874/3874
f 3681/3681/3681 3874/3874/3874 3873/3873/3873
f 4034/4034/4034 3873/3873/3873 3874/3874/3874
f 3682/3682/3682 3683/3683/3683 3875/3875/3875
f 3682/3682/3682 3875/3875/3875 3874/3874/3874
f 4034/4034/4034 3874/3874/3874 3875/3875/3875
f 3683/3683/3683 3684/3684/3684 3876/3876/3876
f 3683/3683/3683 3876/3876/3876 3875/3875/3875
f 4034/4034/4034 3875/3875/3875 3876/3876/3876
f 3684/3684/3684 3685/3685/3685 3877/3877/3877
f 3684/3684/3684 3877/3877/3877 3876/3876/3876
f 4034/4034/4034 3876/3876/3876 3877/3877/3877
f 3685/3685/3685 3686/3686/3686 3878/3878/3878
f 3685/3685/3685 3878/3878/3878 3877/3877/3877
f 4034/4034/4034 3877/3877/3877 3878/3878/3878
f 3686/3686/3686 3687/3687/3687 3879/3879/3879
f 3686/3686/3686 3879/3879/3879 3878/3878/3878
f 4034/4034/4034 3878/3878/3878 3879/3879/3879
f 3687/3687/3687 3688/3688/3688 3880/3880/3880
f 3687/3687/3687 3880/3880/3880 3879/3879/3879
f 4034/4034/4034 3879/3879/3879 3880/3880/3880
f 3688/3688/3688 3689/3689/3689 3881/3881/3881
f 3688/3688/3688 3881/3881/3881 3880/3880/3880
f 4034/4034/4034 3880/3880/3880 3881/3881/3881
f 3689/3689/3689 3690/3690/3690 3882/3882/3882
f 3689/3689/3689 3882/3882/3882 3881/3881/3881
f 4034/4034/4034 3881/3881/3881 3882/3882/3882
f 3690/3690/3690 3691/3691/3691 3883/3883/3883
f 3690/3690/3690 3883/3883/3883 3882/3882/3882
f 4034/4034/4034 3882/3882/3882 3883/3883/3883
f 3691/3691/3691 3692/3692/3692 3884/3884/3884
f 3691/3691/3691 3884/3884/3884 3883/3883/3883
f 4034/4034/4034 3883/3883/3883 3884/3884/3884
f 3692/3692/3692 3693/3693/3693 3885/3885/3885
f 3692/3692/3692 3885/3885/3885 3884/3884/3884
f 4034/4034/4034 3884/3884/3884 3885/3885/3885
f 3693/3693/3693 3694/3694/3694 3886/3886/3886
f 3693/3693/3693 3886/3886/3886 3885/3885/3885
f 4034/4034/4034 3885/3885/3885 3886/3886/3886
f 3694/3694/3694 3695/3695/3695 3887/3887/3887
f 3694/3694/3694 3887/3887/3887 3886/3886/3886
f 4034/4034/4034 3886/3886/3886 3887/3887/3887
f 3695/3695/3695 3696/3696/3696 3888/3888/3888
f 3695/3695/3695 3888/3888/3888 3887/3887/3887
f 4034/4034/4034 3887/3887/3887 3888/3888/3888
f 3696/3696/3696 3697/3697/3697 3889/3889/3889
f 3696/3696/3696 3889/3889/3889 3888/3888/3888
f 4034/4034/4034 3888/3888/3888 3889/3889/3889
f 3697/3697/3697 3698/3698/3698 3890/3890/3890
f 3697/3697/3697 3890/3890/3890 3889/3889/3889
f 4034/4034/4034 3889/3889/3889 3890/3890/3890
f 3698/3698/3698 3699/3699/3699 3891/3891/3891
f 3698/3698/3698 3891/3891/3891 3890/3890/3890
f 4034/4034/4034 3890/3890/3890 3891/3891/3891
f 3699/3699/3699 3700/3700/3700 3892/3892/3892
f 3699/3699/3699 3892/3892/3892 3891/3891/3891
f 4034/4034/4034 3891/3891/3891 3892/3892/3892
f 3700/3700/3700 3701/3701/3701 3893/3893/3893
f 3700/3700/3700 3893/3893/3893 3892/3892/3892
f 4034/4034/4034 3892/3892/3892 3893/3893/3893
f 3701/3701/3701 3702/3702/3702 3894/3894/3894
f 3701/3701/3701 3894/3894/3894 3893/3893/3893
f 4034/4034/4034 3893/3893/3893 3894/3894/3894
f 3702/3702/3702 3703/3703/3703 3895/3895/3895
f 3702/3702/3702 3895/3895/3895 3894/3894/3894
f 4034/4034/4034 3894/3894/3894 3895/3895/3895
f 3703/3703/3703 3704/3704/3704 3896/3896/3896
f 3703/3703/3703 3896/3896/3896 3895/3895/3895
f 4034/4034/4034 3895/3895/3895 3896/3896/3896
f 3704/3704/3704 3705/3705/3705 3897/3897/3897
f 3704/3704/3704 3897/3897/3897 3896/3896/3896
f 4034/4034/4034 3896/3896/3896 3897/3897/3897
f 3705/3705/3705 3706/3706/3706 3898/3898/3898
f 3705/3705/3705 3898/3898/3898 3897/3897/3897
f 4034/4034/4034 3897/3897/3897 3898/3898/3898
f 3706/3706/3706 3707/3707/3707 3899/3899/3899
f 3706/3706/3706 3899/3899/3899 3898/3898/3898
f 4034/4034/4034 3898/3898/3898 3899/3899/3899
f 3707/3707/3707 3708/3708/3708 3900/3900/3900
f 3707/3707/3707 3900/3900/3900 3899/3899/3899
f 4034/4034/4034 3899/3899/3899 3900/3900/3900
f 3708/3708/3708 3709/3709/3709 3901/3901/3901
f 3708/3708/3708 3901/3901/3901 3900/3900/3900
f 4034/4034/4034 3900/3900/3900 3901/3901/3901
f 3709/3709/3709 3710/3710/3710 3902/3902/3902
f 3709/3709/3709 3902/3902/3902 3901/3901/3901
f 4034/4034/4034 3901/3901/3901 3902/3902/3902
f 3710/3710/3710 3711/3711/3711 3903/3903/3903
f 3710/3710/3710 3903/3903/3903 3902/3902/3902
f 4034/4034/4034 3902/3902/3902 3903/3903/3903
f 3711/3711/3711 3712/3712/3712 3904/3904/3904
f 3711/3711/3711 3904/3904/3904 3903/3903/3903
f 4034/4034/4034 3903/3903/3903 3904/3904/3904
f 3712/3712/3712 3713/3713/3713 3905/3905/3905
f 3712/3712/3712 3905/3905/3905 3904/3904/3904
f 4034/4034/4034 3904/3904/3904 3905/3905/3905
f 3713/3713/3713 3714/3714/3714 3906/3906/3906
f 3713/3713/3713 3906/3906/3906 3905/3905/3905
f 4034/4034/4034 3905/3905/3905 3906/3906/3906
f 3714/3714/3714 3715/3715/3715 3907/3907/3907
f 3714/3714/3714 3907/3907/3907 3906/3906/3906
f 4034/4034/4034 3906/3906/3906 3907/3907/3907
f 3715/3715/3715 3716/3716/3716 3908/3908/3908
f 3715/3715/3715 3908/3908/3908 3907/3907/3907
f 4034/4034/4034 3907/3907/3907 3908/3908/3908
f 3716/3716/3716 3717/3717/3717 3909/3909/3909
f 3716/3716/3716 3909/3909/3909 3908/3908/3908
f 4034/4034/4034 3908/3908/3908 3909/3909/3909
f 3717/3717/3717 3718/3718/3718 3910/3910/3910
f 3717/3717/3717 3910/3910/3910 3909/3909/3909
f 4034/4034/4034 3909/3909/3909 3910/3910/3910
f 3718/3718/3718 3719/3719/3719 3911/3911/3911
f 3718/3718/3718 3911/3911/3911 3910/3910/3910
f 4034/4034/4034 3910/3910/3910 3911/3911/3911
f 3719/3719/3719 3720/3720/3720 3912/3912/3912
f 3719/3719/3719 3912/3912/3912 3911/3911/3911
f 4034/4034/4034 3911/3911/3911 3912/3912/3912
f 3720/3720/3720 3721/3721/3721 3913/3913/3913
f 3720/3720/3720 3913/3913/3913 3912/3912/3912
f 4034/4034/4034 3912/3912/3912 3913/3913/3913
f 3721/3721/3721 3722/3722/3722 3914/3914/3914
f 3721/3721/3721 3914/3914/3914 3913/3913/3913
f 4034/4034/4034 3913/3913/3913 3914/3914/3914
f 3722/3722/3722 3723/3723/3723 3915/3915/3915
f 3722/3722/3722 3915/3915/3915 3914/3914/3914
f 4034/4034/4034 3914/3914/3914 3915/3915/3915
f 3723/3723/3723 3724/3724/3724 3916/3916/3916
f 3723/3723/3723 3916/3916/3916 3915/3915/3915
f 4034/4034/4034 3915/3915/3915 3916/3916/3916
f 3724/3724/3724 3725/3725/3725 3917/3917/3917
f 3724/3724/3724 3917/3917/3917 3916/3916/3916
f 4034/4034/4034 3916/3916/3916 3917/3917/3917
f 3725/3725/3725 3726/3726/3726 3918/3918/3918
f 3725/3725/3725 3918/3918/3918 3917/3917/3917
f 4034/4034/4034 3917/3917/3917 3918/3918/3918
f 3726/3726/3726 3727/3727/3727 3919/3919/3919
f 3726/3726/3726 3919/3919/3919 3918/3918/3918
f 4034/4034/4034 3918/3918/3918 3919/3919/3919
f 3727/3727/3727 3728/3728/3728 3920/3920/3920
f 3727/3727/3727 3920/3920/3920 3919/3919/3919
f 4034/4034/4034 3919/3919/3919 3920/3920/3920
f 3728/3728/3728 3729/3729/3729 3921/3921/3921
f 3728/3728/3728 3921/3921/3921 3920/3920/3920
f 4034/4034/4034 3920/3920/3920 3921/3921/3921
f 3729/3729/3729 3730/3730/3730 3922/3922/3922
f 3729/3729/3729 3922/3922/3922 3921/3921/3921
f 4034/4034/4034 3921/3921/3921 3922/3922/3922
f 3730/3730/3730 3731/3731/3731 3923/3923/3923
f 3730/3730/3730 3923/3923/3923 3922/3922/3922
f 4034/4034/4034 3922/3922/3922 3923/3923/3923
f 3731/3731/3731 3732/3732/3732 3924/3924/3924
f 3731/3731/3731 3924/3924/3924 3923/3923/3923
f 4034/4034/4034 3923/3923/3923 3924/3924/3924
f 3732/3732/3732 3733/3733/3733 3925/3925/3925
f 3732/3732/3732 3925/3925/3925 3924/3924/3924
f 4034/4034/4034 3924/3924/3924 3925/3925/3925
f 3733/3733/3733 3734/3734/3734 3926/3926/3926
f 3733/3733/3733 3926/3926/3926 3925/3925/3925
f 4034/4034/4034 3925/3925/3925 3926/3926/3926
f 3734/3734/3734 3735/3735/3735 3927/3927/3927
f 3734/3734/3734 3927/3927/3927 3926/3926/3926
f 4034/4034/4034 3926/3926/3926 3927/3927/3927
f 3735/3735/3735 3736/3736/3736 3928/3928/3928
f 3735/3735/3735 3928/3928/3928 3927/3927/3927
f 4034/4034/4034 3927/3927/3927 3928/3928/3928
f 3736/3736/3736 3737/3737/3737 3929/3929/3929
f 3736/3736/3736 3929/3929/3929 3928/3928/3928
f 4034/4034/4034 3928/3928/3928 3929/3929/3929
f 3737/3737/3737 3738/3738/3738 3930/3930/3930
f 3737/3737/3737 3930/3930/3930 3929/3929/3929
f 4034/4034/4034 3929/3929/3929 3930/3930/3930
f 3738/3738/3738 3739/3739/3739 3931/3931/3931
f 3738/3738/3738 3931/3931/3931 3930/3930/3930
f 4034/4034/4034 3930/3930/3930 3931/3931/3931
f 3739/3739/3739 3740/3740/3740 3932/3932/3932
f 3739/3739/3739 3932/3932/3932 3931/3931/3931
f 4034/4034/4034 3931/3931/3931 3932/3932/3932
f 3740/3740/3740 3741/3741/3741 3933/3933/3933
f 3740/3740/3740 3933/3933/3933 3932/3932/3932
f 4034/4034/4034 3932/3932/3932 3933/3933/3933
f 3741/3741/3741 3742/3742/3742 3934/3934/3934
f 3741/3741/3741 3934/3934/3934 3933/3933/3933
f 4034/4034/4034 3933/3933/3933 3934/3934/3934
f 3742/3742/3742 3743/3743/3743 3935/3935/3935
f 3742/3742/3742 3935/3935/3935 3934/3934/3934
f 4034/4034/4034 3934/3934/3934 3935/3935/3935
f 3743/3743/3743 3744/3744/3744 3936/3936/3936
f 3743/3743/3743 3936/3936/3936 3935/3935/3935
f 4034/4034/4034 3935/3935/3935 3936/3936/3936
f 3744/3744/3744 3745/3745/3745 3937/3937/3937
f 3744/3744/3744 3937/3937/3937 3936/3936/3936
f 4034/4034/4034 3936/3936/3936 3937/3937/3937
f 3745/3745/3745 3746/3746/3746 3938/3938/3938
f 3745/3745/3745 3938/3938/3938 3937/3937/3937
f 4034/4034/4034 3937/3937/3937 3938/3938/3938
f 3746/3746/3746 3747/3747/3747 3939/3939/3939
f 3746/3746/3746 3939/3939/3939 3938/3938/3938
f 4034/4034/4034 3938/3938/3938 3939/3939/3939
f 3747/3747/3747 3748/3748/3748 3940/3940/3940
f 3747/3747/3747 3940/3940/3940 3939/3939/3939
f 4034/4034/4034 3939/3939/3939 3940/3940/3940
f 3748/3748/3748 3749/3749/3749 3941/3941/3941
f 3748/3748/3748 3941/3941/3941 3940/3940/3940
f 4034/4034/4034 3940/3940/3940 3941/3941/3941
f 3749/3749/3749 3750/3750/3750 3942/3942/3942
f 3749/3749/3749 3942/3942/3942 3941/3941/3941
f 4034/4034/4034 3941/3941/3941 3942/3942/3942
f 3750/3750/3750 3751/3751/3751 3943/3943/3943
f 3750/3750/3750 3943/3943/3943 3942/3942/3942
f 4034/4034/4034 3942/3942/3942 3943/3943/3943
f 3751/3751/3751 3752/3752/3752 3944/3944/3944
f 3751/3751/3751 3944/3944/3944 3943/3943/3943
f 4034/4034/4034 3943/3943/3943 3944/3944/3944
f 3752/3752/3752 3753/3753/3753 3945/3945/3945
f 3752/3752/3752 3945/3945/3945 3944/3944/3944
f 4034/4034/4034 3944/3944/3944 3945/3945/3945
f 3753/3753/3753 3754/3754/3754 3946/3946/3946
f 3753/3753/3753 3946/3946/3946 3945/3945/3945
f 4034/4034/4034 3945/3945/3945 3946/3946/3946
f 3754/3754/3754 3755/3755/3755 3947/3947/3947
f 3754/3754/3754 3947/3947/3947 3946/3946/3946
f 4034/4034/4034 3946/3946/3946 3947/3947/3947
f 3755/3755/3755 3756/3756/3756 3948/3948/3948
f 3755/3755/3755 3948/3948/3948 3947/3947/3947
f 4034/4034/4034 3947/3947/3947 3948/3948/3948
f 3756/3756/3756 3757/3757/3757 3949/3949/3949
f 3756/3756/3756 3949/3949/3949 3948/3948/3948
f 4034/4034/4034 3948/3948/3948 3949/3949/3949
f 3757/3757/3757 3758/3758/3758 3950/3950/3950
f 3757/3757/3757 3950/3950/3950 3949/3949/3949
f 4034/4034/4034 3949/3949/3949 3950/3950/3950
f 3758/3758/3758 3759/3759/3759 3951/3951/3951
f 3758/3758/3758 3951/3951/3951 3950/3950/3950
f 4034/4034/4034 3950/3950/3950 3951/3951/3951
f 3759/3759/3759 3760/3760/3760 3952/3952/3952
f 3759/3759/3759 3952/3952/3952 3951/3951/3951
f 4034/4034/4034 3951/3951/3951 3952/3952/3952
f 3760/3760/3760 3761/3761/3761 3953/3953/3953
f 3760/3760/3760 3953/3953/3953 3952/3952/3952
f 4034/4034/4034 3952/3952/3952 3953/3953/3953
f 3761/3761/3761 3762/3762/3762 3954/3954/3954
f 3761/3761/3761 3954/3954/3954 3953/3953/3953
f 4034/4034/4034 3953/3953/3953 3954/3954/3954
f 3762/3762/3762 3763/3763/3763 3955/3955/3955
f 3762/3762/3762 3955/3955/3955 3954/3954/3954
f 4034/4034/4034 3954/3954/3954 3955/3955/3955
f 3763/3763/3763 3764/3764/3764 3956/3956/3956
f 3763/3763/3763 3956/3956/3956 3955/3955/3955
f 4034/4034/4034 3955/3955/3955 3956/3956/3956
f 3764/3764/3764 3765/3765/3765 3957/3957/3957
f 3764/3764/3764 3957/3957/3957 3956/3956/3956
f 4034/4034/4034 3956/3956/3956 3957/3957/3957
f 3765/3765/3765 3766/3766/3766 3958/3958/3958
f 3765/3765/3765 3958/3958/3958 3957/3957/3957
f 4034/4034/4034 3957/3957/3957 3958/3958/3958
f 3766/3766/3766 3767/3767/3767 3959/3959/3959
f 3766/3766/3766 3959/3959/3959 3958/3958/3958
f 4034/4034/4034 3958/3958/3958 3959/3959/3959
f 3767/3767/3767 3768/3768/3768 3960/3960/3960
f 3767/3767/3767 3960/3960/3960 3959/3959/3959
f 4034/4034/4034 3959/3959/3959 3960/3960/3960
f 3768/3768/3768 3769/3769/3769 3961/3961/3961
f 3768/3768/3768 3961/3961/3961 3960/3960/3960
f 4034/4034/4034 3960/3960/3960 3961/3961/3961
f 3769/3769/3769 3770/3770/3770 3962/3962/3962
f 3769/3769/3769 3962/3962/3962 3961/3961/3961
f 4034/4034/4034 3961/3961/3961 3962/3962/3962
f 3770/3770/3770 3771/3771/3771 3963/3963/3963
f 3770/3770/3770 3963/3963/3963 3962/3962/3962
f 4034/4034/4034 3962/3962/3962 3963/3963/3963
f 3771/3771/3771 3772/3772/3772 3964/3964/3964
f 3771/3771/3771 3964/3964/3964 3963/3963/3963
f 4034/4034/4034 3963/3963/3963 3964/3964/3964
f 3772/3772/3772 3773/3773/3773 3965/3965/3965
f 3772/3772/3772 3965/3965/3965 3964/3964/3964
f 4034/4034/4034 3964/3964/3964 3965/3965/3965
f 3773/3773/3773 3774/3774/3774 3966/3966/3966
f 3773/3773/3773 3966/3966/3966 3965/3965/3965
f 4034/4034/4034 3965/3965/3965 3966/3966/3966
f 3774/3774/3774 3775/3775/3775 3967/3967/3967
f 3774/3774/3774 3967/3967/3967 3966/3966/3966
f 4034/4034/4034 3966/3966/3966 3967/3967/3967
f 3775/3775/3775 3776/3776/3776 3968/3968/3968
f 3775/3775/3775 3968/3968/3968 3967/3967/3967
f 4034/4034/4034 3967/3967/3967 3968/3968/3968
f 3776/3776/3776 3777/3777/3777 3969/3969/3969
f 3776/3776/3776 3969/3969/3969 3968/3968/3968
f 4034/4034/4034 3968/3968/3968 3969/3969/3969
f 3777/3777/3777 3778/3778/3778 3970/3970/3970
f 3777/3777/3777 3970/3970/3970 3969/3969/3969
f 4034/4034/4034 3969/3969/3969 3970/3970/3970
f 3778/3778/3778 3779/3779/3779 3971/3971/3971
f 3778/3778/3778 3971/3971/3971 3970/3970/3970
f 4034/4034/4034 3970/3970/3970 3971/3971/3971
f 3779/3779/3779 3780/3780/3780 3972/3972/3972
f 3779/3779/3779 3972/3972/3972 3971/3971/3971
f 4034/4034/4034 3971/3971/3971 3972/3972/3972
f 3780/3780/3780 3781/3781/3781 3973/3973/3973
f 3780/3780/3780 3973/3973/3973 3972/3972/3972
f 4034/4034/4034 3972/3972/3972 3973/3973/3973
f 3781/3781/3781 3782/3782/3782 3974/3974/3974
f 3781/3781/3781 3974/3974/3974 3973/3973/3973
f 4034/4034/4034 3973/3973/3973 3974/3974/3974
f 3782/3782/3782 3783/3783/3783 3975/3975/3975
f 3782/3782/3782 3975/3975/3975 3974/3974/3974
f 4034/4034/4034 3974/3974/3974 3975/3975/3975
f 3783/3783/3783 3784/3784/3784 3976/3976/3976
f 3783/3783/3783 3976/3976/3976 3975/3975/3975
f 4034/4034/4034 3975/3975/3975 3976/3976/3976
f 3784/3784/3784 3785/3785/3785 3977/3977/3977
f 3784/3784/3784 3977/3977/3977 3976/3976/3976
f 4034/4034/4034 3976/3976/3976 3977/3977/3977
f 3785/3785/3785 3786/3786/3786 3978/3978/3978
f 3785/3785/3785 3978/3978/3978 3977/3977/3977
f 4034/4034/4034 3977/3977/3977 3978/3978/3978
f 3786/3786/3786 3787/3787/3787 3979/3979/3979
f 3786/3786/3786 3979/3979/3979 3978/3978/3978
f 4034/4034/4034 3978/3978/3978 3979/3979/3979
f 3787/3787/3787 3788/3788/3788 3980/3980/3980
f 3787/3787/3787 3980/3980/3980 3979/3979/3979
f 4034/4034/4034 3979/3979/3979 3980/3980/3980
f 3788/3788/3788 3789/3789/3789 3981/3981/3981
f 3788/3788/3788 3981/3981/3981 3980/3980/3980
f 4034/4034/4034 3980/3980/3980 3981/3981/3981
f 3789/3789/3789 3790/3790/3790 3982/3982/3982
f 3789/3789/3789 3982/3982/3982 3981/3981/3981
f 4034/4034/4034 3981/3981/3981 3982/3982/3982
f 3790/3790/3790 3791/3791/3791 3983/3983/3983
f 3790/3790/3790 3983/3983/3983 3982/3982/3982
f 4034/4034/4034 3982/3982/3982 3983/3983/3983
f 3791/3791/3791 3792/3792/3792 3984/3984/3984
f 3791/3791/3791 3984/3984/3984 3983/3983/3983
f 4034/4034/4034 3983/3983/3983 3984/3984/3984
f 3792/3792/3792 3793/3793/3793 3985/3985/3985
f 3792/3792/3792 3985/3985/3985 3984/3984/3984
f 4034/4034/4034 3984/3984/3984 3985/3985/3985
f 3793/3793/3793 3794/3794/3794 3986/3986/3986
f 3793/3793/3793 3986/3986/3986 3985/3985/3985
f 4034/4034/4034 3985/3985/3985 3986/3986/3986
f 3794/3794/3794 3795/3795/3795 3987/3987/3987
f 3794/3794/3794 3987/3987/3987 3986/3986/3986
f 4034/4034/4034 3986/3986/3986 3987/3987/3987
f 3795/3795/3795 3796/3796/3796 3988/3988/3988
f 3795/3795/3795 3988/3988/3988 3987/3987/3987
f 4034/4034/4034 3987/3987/3987 3988/3988/3988
f 3796/3796/3796 3797/3797/3797 3989/3989/3989
f 3796/3796/3796 3989/3989/3989 3988/3988/3988
f 4034/4034/4034 3988/3988/3988 3989/3989/3989
f 3797/3797/3797 3798/3798/3798 3990/3990/3990
f 3797/3797/3797 3990/3990/3990 3989/3989/3989
f 4034/4034/4034 3989/3989/3989 3990/3990/3990
f 3798/3798/3798 3799/3799/3799 3991/3991/3991
f 3798/3798/3798 3991/3991/3991 3990/3990/3990
f 4034/4034/4034 3990/3990/3990 3991/3991/3991
f 3799/3799/3799 3800/3800/3800 3992/3992/3992
f 3799/3799/3799 3992/3992/3992 3991/3991/3991
f 4034/4034/4034 3991/3991/3991 3992/3992/3992
f 3800/3800/3800 3801/3801/3801 3993/3993/3993
f 3800/3800/3800 3993/3993/3993 3992/3992/3992
f 4034/4034/4034 3992/3992/3992 3993/3993/3993
f 3801/3801/3801 3802/3802/3802 3994/3994/3994
f 3801/3801/3801 3994/3994/3994 3993/3993/3993
f 4034/4034/4034 3993/3993/3993 3994/3994/3994
f 3802/3802/3802 3803/3803/3803 3995/3995/3995
f 3802/3802/3802 3995/3995/3995 3994/3994/3994
f 4034/4034/4034 3994/3994/3994 3995/3995/3995
f 3803/3803/3803 3804/3804/3804 3996/3996/3996
f 3803/3803/3803 3996/3996/3996 3995/3995/3995
f 4034/4034/4034 3995/3995/3995 3996/3996/3996
f 3804/3804/3804 3805/3805/3805 3997/3997/3997
f 3804/3804/3804 3997/3997/3997 3996/3996/3996
f 4034/4034/4034 3996/3996/3996 3997/3997/3997
f 3805/3805/3805 3806/3806/3806 3998/3998/3998
f 3805/3805/3805 3998/3998/3998 3997/3997/3997
f 4034/4034/4034 3997/3997/3997 3998/3998/3998
f 3806/3806/3806 3807/3807/3807 3999/3999/3999
f 3806/3806/3806 3999/3999/3999 3998/3998/3998
f 4034/4034/4034 3998/3998/3998 3999/3999/3999
f 3807/3807/3807 3808/3808/3808 4000/4000/4000
f 3807/3807/3807 4000/4000/4000 3999/3999/3999
f 4034/4034/4034 3999/3999/3999 4000/4000/4000
f 3808/3808/3808 3809/3809/3809 4001/4001/4001
f 3808/3808/3808 4001/4001/4001 4000/4000/4000
f 4034/4034/4034 4000/4000/4000 4001/4001/4001
f 3809/3809/3809 3810/3810/3810 4002/4002/4002
f 3809/3809/3809 4002/4002/4002 4001/4001/4001
f 4034/4034/4034 4001/4001/4001 4002/4002/4002
f 3810/3810/3810 3811/3811/3811 4003/4003/4003
f 3810/3810/3810 4003/4003/4003 4002/4002/4002
f 4034/4034/4034 4002/4002/4002 4003/4003/4003
f 3811/3811/3811 3812/3812/3812 4004/4004/4004
f 3811/3811/3811 4004/4004/4004 4003/4003/4003
f 4034/4034/4034 4003/4003/4003 4004/4004/4004
f 3812/3812/3812 3813/3813/3813 4005/4005/4005
f 3812/3812/3812 4005/4005/4005 4004/4004/4004
f 4034/4034/4034 4004/4004/4004 4005/4005/4005
f 3813/3813/3813 3814/3814/3814 4006/4006/4006
f 3813/3813/3813 4006/4006/4006 4005/4005/4005
f 4034/4034/4034 4005/4005/4005 4006/4006/4006
f 3814/3814/3814 3815/3815/3815 4007/4007/4007
f 3814/3814/3814 4007/4007/4007 4006/4006/4006
f 4034/4034/4034 4006/4006/4006 4007/4007/4007
f 3815/3815/3815 3816/3816/3816 4008/4008/4008
f 3815/3815/3815 4008/4008/4008 4007/4007/4007
f 4034/4034/4034 4007/4007/4007 4008/4008/4008
f 3816/3816/3816 3817/3817/3817 4009/4009/4009
f 3816/3816/3816 4009/4009/4009 4008/4008/4008
f 4034/4034/4034 4008/4008/4008 4009/4009/4009
f 3817/3817/3817 3818/3818/3818 4010/4010/4010
f 3817/3817/3817 4010/4010/4010 4009/4009/4009
f 4034/4034/4034 4009/4009/4009 4010/4010/4010
f 3818/3818/3818 3819/3819/3819 4011/4011/4011
f 3818/3818/3818 4011/4011/4011 4010/4010/4010
f 4034/4034/4034 4010/4010/4010 4011/4011/4011
f 3819/3819/3819 3820/3820/3820 4012/4012/4012
f 3819/3819/3819 4012/4012/4012 4011/4011/4011
f 4034/4034/4034 4011/4011/4011 4012/4012/4012
f 3820/3820/3820 3821/3821/3821 4013/4013/4013
f 3820/3820/3820 4013/4013/4013 4012/4012/4012
f 4034/4034/4034 4012/4012/4012 4013/4013/4013
f 3821/3821/3821 3822/3822/3822 4014/4014/4014
f 3821/3821/3821 4014/4014/4014 4013/4013/4013
f 4034/4034/4034 4013/4013/4013 4014/4014/4014
f 3822/3822/3822 3823/3823/3823 4015/4015/4015
f 3822/3822/3822 4015/4015/4015 4014/4014/4014
f 4034/4034/4034 4014/4014/4014 4015/4015/4015
f 3823/3823/3823 3824/3824/3824 4016/4016/4016
f 3823/3823/3823 4016/4016/4016 4015/4015/4015
f 4034/4034/4034 4015/4015/4015 4016/4016/4016
f 3824/3824/3824 3825/3825/3825 4017/4017/4017
f 3824/3824/3824 4017/4017/4017 4016/4016/4016
f 4034/4034/4034 4016/4016/4016 4017/4017/4017
f 3825/3825/3825 3826/3826/3826 4018/4018/4018
f 3825/3825/3825 4018/4018/4018 4017/4017/4017
f 4034/4034/4034 4017/4017/4017 4018/4018/4018
f 3826/3826/3826 3827/3827/3827 4019/4019/4019
f 3826/3826/3826 4019/4019/4019 4018/4018/4018
f 4034/4034/4034 4018/4018/4018 4019/4019/4019
f 3827/3827/3827 3828/3828/3828 4020/4020/4020
f 3827/3827/3827 4020/4020/4020 4019/4019/4019
f 4034/4034/4034 4019/4019/4019 4020/4020/4020
f 3828/3828/3828 3829/3829/3829 4021/4021/4021
f 3828/3828/3828 4021/4021/4021 4020/4020/4020
f 4034/4034/4034 4020/4020/4020 4021/4021/4021
f 3829/3829/3829 3830/3830/3830 4022/4022/4022
f 3829/3829/3829 4022/4022/4022 4021/4021/4021
f 4034/4034/4034 4021/4021/4021 4022/4022/4022
f 3830/3830/3830 3831/3831/3831 4023/4023/4023
f 3830/3830/3830 4023/4023/4023 4022/4022/4022
f 4034/4034/4034 4022/4022/4022 4023/4023/4023
f 3831/3831/3831 3832/3832/3832 4024/4024/4024
f 3831/3831/3831 4024/4024/4024 4023/4023/4023
f 4034/4034/4034 4023/4023/4023 4024/4024/4024
f 3832/3832/3832 3833/3833/3833 4025/4025/4025
f 3832/3832/3832 4025/4025/4025 4024/4024/4024
f 4034/4034/4034 4024/4024/4024 4025/4025/4025
f 3833/3833/3833 3834/3834/3834 4026/4026/4026
f 3833/3833/3833 4026/4026/4026 4025/4025/4025
f 4034/4034/4034 4025/4025/4025 4026/4026/4026
f 3834/3834/3834 3835/3835/3835 4027/4027/4027
f 3834/3834/3834 4027/4027/4027 4026/4026/4026
f 4034/4034/4034 4026/4026/4026 4027/4027/4027
f 3835/3835/3835 3836/3836/3836 4028/4028/4028
f 3835/3835/3835 4028/4028/4028 4027/4027/4027
f 4034/4034/4034 4027/4027/4027 4028/4028/4028
f 3836/3836/3836 3837/3837/3837 4029/4029/4029
f 3836/3836/3836 4029/4029/4029 4028/4028/4028
f 4034/4034/4034 4028/4028/4028 4029/4029/4029
f 3837/3837/3837 3838/3838/3838 4030/4030/4030
f 3837/3837/3837 4030/4030/4030 4029/4029/4029
f 4034/4034/4034 4029/4029/4029 4030/4030/4030
f 3838/3838/3838 3839/3839/3839 4031/4031/4031
f 3838/3838/3838 4031/4031/4031 4030/4030/4030
f 4034/4034/4034 4030/4030/4030 4031/4031/4031
f 3839/3839/3839 3840/3840/3840 4032/4032/4032
f 3839/3839/3839 4032/4032/4032 4031/4031/4031
f 4034/4034/4034 4031/4031/4031 4032/4032/4032
f 3840/3840/3840 3841/3841/3841 4033/4033/4033
f 3840/3840/3840 4033/4033/4033 4032/4032/4032
f 4034/4034/4034 4032/4032/4032 4033/4033/4033
f 3841/3841/3841 3650/3650/3650 3842/3842/3842
f 3841/3841/3841 3842/3842/3842 4033/4033/4033
f 4034/4034/4034 4033/4033/4033 3842/3842/3842
